Rank,EntryId,EntryName,TimeRemaining,Points,Lineup,,Player,Roster Position,%Drafted,FPTS
1,5214543690,AaronCosta,0,175.6,1B Josh Bell 2B Royce Lewis 3B Bryson Stott C Ryan Jeffers OF Wilyer Abreu OF Luke Keaschall OF Austin Martin P Tarik Skubal P Dean Kremer SS Francisco Lindor,,Tarik Skubal,P,59.79%,13.05
2,5214456960,supremexjp,0,162.6,1B Yandy Diaz 2B Jeff McNeil 3B Junior Caminero C Hunter Feduccia OF Jonny DeLuca OF Chandler Simpson OF Lawrence Butler P Tarik Skubal P Dean Kremer SS Taylor Walls,,Ivan Herrera,C,24.63%,14
3,5214497595,berzaj23,0,152.45,1B Yandy Diaz 2B Royce Lewis 3B Brooks Lee C Ryan Jeffers OF Ryan Vilade OF Luke Keaschall OF Austin Martin P Tarik Skubal P MacKenzie Gore SS Carson Williams,,Junior Caminero,3B,24.42%,18
4,5214580489,opbabored,0,150.85,1B Alec Burleson 2B Jackson Holliday 3B Bo Bichette C Ivan Herrera OF Carson Benge OF Jose Fermin OF Brett Baty P Logan Henderson P Trevor Rogers SS Francisco Lindor,,Reid Detmers,P,23.16%,19.3
5,5214533516,mackman1995,0,148.85,1B Yandy Diaz 2B Ketel Marte 3B Junior Caminero C Elias Diaz OF Corbin Carroll OF Chandler Simpson OF Ryan Vilade P Freddy Peralta P Dean Kremer SS Geraldo Perdomo,,Wilyer Abreu,OF,22.53%,2
6,5214493248,philjay82,0,148.5,1B Jared Young 2B Ozzie Albies 3B Nolan Arenado C Gabriel Moreno OF Shohei Ohtani OF Michael Harris II OF A.J. Ewing P Trevor Rogers P Freddy Peralta SS Francisco Lindor,,Tyler O'Neill,OF,20.21%,0
7,5214568214,bhess777,0,148.35,1B Jared Young 2B Marcus Semien 3B Yandy Diaz C Francisco Alvarez OF A.J. Ewing OF Ryan Vilade OF Austin Martin P Tarik Skubal P Casey Mize SS Francisco Lindor,,MacKenzie Gore,P,18.95%,24.4
8,5214482854,Daddy-Dango,0,144,1B Yandy Diaz 2B Jackson Holliday 3B Junior Caminero C Gabriel Moreno OF Chandler Simpson OF Max Kepler OF Ryan Waldschmidt P MacKenzie Gore P Christian Scott SS Taylor Walls,,Jackson Holliday,2B,17.26%,8
9,5214526107,frquis,0,143.6,1B Yandy Diaz 2B Ketel Marte 3B Nolan Arenado C Gabriel Moreno OF Lawrence Butler OF Carlos Cortes OF Lars Nootbaar P MacKenzie Gore P Trevor Rogers SS Jacob Wilson,,Yandy Diaz,1B,16.21%,26
10,5214597136,ryanjagnew19761,0,142.7,1B Jeff McNeil 2B Ketel Marte 3B Nolan Arenado C Gabriel Moreno OF Corbin Carroll OF Jake McCarthy OF Brett Bateman P Reid Detmers P MacKenzie Gore SS Geraldo Perdomo,,Caleb Durbin,3B,16.00%,0
11,5214598614,NYGFan56,0,141.6,1B Yandy Diaz 2B Jeff McNeil 3B Junior Caminero C Jonah Heim OF Chandler Simpson OF Lawrence Butler OF Ryan Vilade P Tarik Skubal P Dean Kremer SS Taylor Walls,,Logan Henderson,P,15.16%,18.65
12,5214551681,az350z,0,140.6,1B Jared Young 2B Jose Altuve 3B Bo Bichette C Francisco Alvarez OF Yordan Alvarez OF Carson Benge OF Cam Smith P Tarik Skubal P Dean Kremer SS Francisco Lindor,,Masataka Yoshida,OF,15.16%,4
13,5214460755,gilbertformvp,0,137.7,1B Yandy Diaz 2B Carson Williams 3B Junior Caminero C Ivan Herrera OF Jonny DeLuca OF Lawrence Butler OF Ryan Vilade P Reid Detmers P MacKenzie Gore SS Jackson Holliday,,Jackson Holliday,SS,14.32%,8
14,5214493871,one-eyedBelle,0,136.85,1B Yandy Diaz 2B Carson Williams 3B Junior Caminero C Drake Baldwin OF Tyler Soderstrom OF Lawrence Butler OF Ryan Vilade P Reid Detmers P Dean Kremer SS Jacob Wilson,,Trevor Rogers,P,14.11%,8.2
15,5214517422,MoneyCometh2MeNow,0,136.1,1B Jonathan Aranda 2B Carson Williams 3B Yandy Diaz C Nick Fortes OF Chandler Simpson OF Carlos Cortes OF Zack Gelof P Sonny Gray P MacKenzie Gore SS Jacob Wilson,,Sonny Gray,P,13.68%,12.7
16,5214463449,jst2408,0,134.85,1B Yandy Diaz 2B Carson Williams 3B Junior Caminero C Ivan Herrera OF Shohei Ohtani OF Andy Pages OF Ryan Vilade P Reid Detmers P Dean Kremer SS Kaelen Culpepper,,Kaelen Culpepper,SS,13.26%,2
17,5214509220,sasmallen,0,134.35,1B Yandy Diaz 2B Jeff McNeil 3B Junior Caminero C Carlos Narvaez OF Tyler Soderstrom OF Tyler O'Neill OF Brett Bateman P Tarik Skubal P Reid Detmers SS Francisco Lindor,,Ryan Vilade,OF,13.26%,4
18,5214435479,nickmoran,0,133.85,1B Jonathan Aranda 2B Bryson Stott 3B Junior Caminero C Ivan Herrera OF Jonny DeLuca OF Ceddanne Rafaela OF Masataka Yoshida P Reid Detmers P Dean Kremer SS Willy Adames,,Geraldo Perdomo,SS,13.05%,4
19,5214571834,R-E-L-A-X,0,133.45,1B Yandy Diaz 2B Bryson Stott 3B Junior Caminero C Garrett Stubbs OF Chandler Simpson OF Ryan Vilade OF Edmundo Sosa P Tarik Skubal P MacKenzie Gore SS Carson Williams,,Bryson Stott,2B,11.79%,8
20,5214574347,dublinking,0,133.35,1B Alec Burleson 2B Jackson Holliday 3B Junior Caminero C Ivan Herrera OF Chandler Simpson OF Jose Fermin OF Colton Cowser P Tarik Skubal P Freddy Peralta SS Masyn Winn,,Ceddanne Rafaela,OF,11.58%,8
21,5214527055,JacefamouSS,0,131.35,1B Yandy Diaz 2B Carson Williams 3B Junior Caminero C Ivan Herrera OF Jonny DeLuca OF Ryan Vilade OF Brett Bateman P Tarik Skubal P Reid Detmers SS Edmundo Sosa,,Bryson Stott,3B,11.37%,8
21,5214567141,echad252,0,131.35,1B Yandy Diaz 2B Carson Williams 3B Junior Caminero C Ivan Herrera OF Jonny DeLuca OF Ryan Vilade OF Brett Bateman P Tarik Skubal P Reid Detmers SS Edmundo Sosa,,Jarren Duran,OF,10.74%,5
21,5214591750,JWLewis1989,0,131.35,1B Yandy Diaz 2B Carson Williams 3B Junior Caminero C Ivan Herrera OF Jonny DeLuca OF Ryan Vilade OF Brett Bateman P Tarik Skubal P Reid Detmers SS Edmundo Sosa,,Corbin Carroll,OF,10.32%,11
21,5214599072,smiley1969,0,131.35,1B Yandy Diaz 2B Carson Williams 3B Junior Caminero C Ivan Herrera OF Jonny DeLuca OF Ryan Vilade OF Brett Bateman P Tarik Skubal P Reid Detmers SS Edmundo Sosa,,Nick Sogard,2B,10.32%,5
25,5214546671,jswitz44,0,131,1B Jonathan Aranda 2B Brice Turang 3B Yandy Diaz C Jonah Heim OF Ronald Acuna Jr. OF A.J. Ewing OF Lawrence Butler P Hunter Dobbins P Dean Kremer SS Francisco Lindor,,Brett Bateman,OF,9.89%,3
26,5214518908,FakeNickG,0,130.6,1B Yandy Diaz 2B Jorge Polanco 3B Junior Caminero C Drake Baldwin OF Jonny DeLuca OF Ryan Vilade OF Derek Hill P Tarik Skubal P Dean Kremer SS Willy Adames,,Yandy Diaz,3B,9.47%,26
27,5214466045,FHUSlater2000,0,130,1B Alec Burleson 2B Ketel Marte 3B Jose Fermin C Ryan Jeffers OF Bryce Harper OF Jordan Walker OF Nathan Church P MacKenzie Gore P Jameson Taillon SS Andres Gimenez,,Gunnar Henderson,SS,9.47%,4
28,5214485386,jeremyCD,0,129.85,1B Yandy Diaz 2B Carson Williams 3B Junior Caminero C Connor Wong OF Wilyer Abreu OF Tyler Soderstrom OF Ceddanne Rafaela P Reid Detmers P Dean Kremer SS Taylor Walls,,Gabriel Moreno,C,9.26%,19
29,5214571893,jmbarrera19,0,128.35,1B Tim Tawa 2B Carson Williams 3B Yandy Diaz C Ivan Herrera OF Jonny DeLuca OF Chandler Simpson OF Lars Nootbaar P Tarik Skubal P Reid Detmers SS Taylor Walls,,Matt Olson,1B,9.26%,5
30,5214583470,thoseunknown,0,128.2,1B Nick Sogard 2B Bryson Stott 3B Willi Castro C Ivan Herrera OF Jake McCarthy OF Jackson Merrill OF Chandler Simpson P Tarik Skubal P Jacob Lopez SS Francisco Lindor,,Bryce Harper,OF,9.05%,4
31,5214472182,T2012,0,128.15,1B Yandy Diaz 2B Bryson Stott 3B Junior Caminero C Ivan Herrera OF Jonny DeLuca OF Chandler Simpson OF Ryan Vilade P Trevor Rogers P Noah Cameron SS Jackson Holliday,,Alec Burleson,1B,8.84%,18
32,5214499322,xxhustlexx,0,127.6,1B Jonathan Aranda 2B Jorge Polanco 3B Junior Caminero C Francisco Alvarez OF A.J. Ewing OF Carson Benge OF Ryan Vilade P Tarik Skubal P Dean Kremer SS Francisco Lindor,,Carson Benge,OF,8.84%,6
33,5214496283,scottrdix,0,127.45,1B Alec Burleson 2B Jackson Holliday 3B Yandy Diaz C Ivan Herrera OF Jake McCarthy OF Jung Hoo Lee OF Tyler O'Neill P Tarik Skubal P MacKenzie Gore SS Kaelen Culpepper,,Drake Baldwin,C,8.84%,12
34,5214457548,getloose,0,126.75,1B Kyle Schwarber 2B Jeff McNeil 3B Zack Gelof C Garrett Stubbs OF Tyler Soderstrom OF Lawrence Butler OF Carlos Cortes P Tarik Skubal P Sonny Gray SS Edmundo Sosa,,Tyler Soderstrom,OF,8.63%,14
35,5214589987,eamuscatuli15,0,126.45,1B Matt Olson 2B Jeff McNeil 3B Zack Gelof C Drake Baldwin OF Ronald Acuna Jr. OF Tyler Soderstrom OF Lawrence Butler P Reid Detmers P Jacob Lopez SS Jacob Wilson,,Lawrence Butler,OF,8.42%,6
36,5214580491,youngbandzzz,0,126.35,1B Yandy Diaz 2B Jackson Holliday 3B Nolan Arenado C Gabriel Moreno OF Jake McCarthy OF Carson Benge OF Tyler O'Neill P Tarik Skubal P Reid Detmers SS Kaelen Culpepper,,Kyle Schwarber,1B,8.42%,16
37,5214545607,Krex408,0,125.35,1B Yandy Diaz 2B Jeff McNeil 3B Junior Caminero C Ivan Herrera OF Corbin Carroll OF Wyatt Langford OF Jarren Duran P MacKenzie Gore P Noah Cameron SS Carson Williams,,Jimmy Crooks,C,8.21%,0
38,5214540899,cvig87,0,125,1B Royce Lewis 2B Jackson Holliday 3B Yandy Diaz C Salvador Perez OF Jake McCarthy OF George Springer OF Carson Benge P MacKenzie Gore P Christian Scott SS Francisco Lindor,,JJ Wetherholt,2B,8.21%,4
39,5214593409,ihave6rolls,0,124.35,1B Yandy Diaz 2B Bryson Stott 3B Junior Caminero C Ivan Herrera OF Ryan Vilade OF Tyler O'Neill OF Derek Hill P Tarik Skubal P Freddy Peralta SS Francisco Lindor,,Michael Harris II,OF,8.21%,10
40,5214536331,KingDean59,0,123.6,1B Yandy Diaz 2B Jeff McNeil 3B Junior Caminero C Ivan Herrera OF Jordan Walker OF Ryan Vilade OF Nathan Church P Logan Henderson P Noah Cameron SS Edmundo Sosa,,Hayden Wesneski,P,8.21%,13.55
41,5214513441,JKadlitz,0,122.5,1B Josh Bell 2B Osleivis Basabe 3B Coby Mayo C Ivan Herrera OF Jake McCarthy OF Michael Harris II OF Jung Hoo Lee P Tarik Skubal P Bryce Elder SS Francisco Lindor,,Francisco Lindor,SS,8.21%,26
42,5214487098,bjpintar,0,122.25,1B Yandy Diaz 2B Jeff McNeil 3B Junior Caminero C Jonah Heim OF Chandler Simpson OF Lawrence Butler OF Carlos Cortes P Reid Detmers P Noah Cameron SS Jacob Wilson,,Jake McCarthy,OF,8.00%,5
43,5214557112,unhwildcats1993,0,122.2,1B Yandy Diaz 2B Bryson Stott 3B Junior Caminero C Garrett Stubbs OF Ceddanne Rafaela OF Jarren Duran OF Ryan Waldschmidt P Logan Henderson P Hayden Wesneski SS Taylor Walls,,Willson Contreras,1B,8.00%,2
44,5214534382,oneteezy,0,121.6,1B Kyle Schwarber 2B Jeff McNeil 3B Junior Caminero C Garrett Stubbs OF Wilyer Abreu OF Jonny DeLuca OF Justin Crawford P MacKenzie Gore P Trevor Rogers SS Taylor Walls,,Carson Williams,2B,7.58%,0
44,5214566751,xXxPLOSIVE,0,121.6,1B Yandy Diaz 2B Bryson Stott 3B Junior Caminero C Ivan Herrera OF Lars Nootbaar OF Ryan Vilade OF Tyler O'Neill P Tarik Skubal P Dean Kremer SS Geraldo Perdomo,,Pete Alonso,1B,7.58%,5
46,5214605756,and1jsheng,0,121.45,1B Jonathan Aranda 2B Nick Sogard 3B Yandy Diaz C Connor Wong OF Chandler Simpson OF Jarren Duran OF Ryan Vilade P Tarik Skubal P MacKenzie Gore SS Taylor Walls,,Jordan Walker,OF,7.58%,5
47,5214541720,Tarheels3,0,121,1B Yandy Diaz 2B Carson Williams 3B Junior Caminero C Ivan Herrera OF Jonny DeLuca OF Jarren Duran OF Ryan Vilade P MacKenzie Gore P Christian Scott SS Geraldo Perdomo,,Yordan Alvarez,OF,7.37%,10
48,5214504625,wrabl,0,120.35,1B Yandy Diaz 2B Bryson Stott 3B Junior Caminero C Ivan Herrera OF Ryan Vilade OF Tyler O'Neill OF Derek Hill P Tarik Skubal P Reid Detmers SS Edmundo Sosa,,Noah Cameron,P,7.37%,3.95
49,5214440115,KenyanDrake,0,119.7,1B Kyle Schwarber 2B Luis Arraez 3B Bryson Stott C Gabriel Moreno OF Corbin Carroll OF Lars Nootbaar OF Derek Hill P Reid Detmers P MacKenzie Gore SS Edmundo Sosa,,Bryce Elder,P,7.16%,-2.55
49,5214591842,justinl8688,0,119.7,1B Kyle Schwarber 2B Bryson Stott 3B Junior Caminero C Garrett Stubbs OF Shohei Ohtani OF Tyler O'Neill OF Brett Bateman P Reid Detmers P MacKenzie Gore SS Jackson Holliday,,Bo Bichette,3B,6.95%,11
51,5214548869,Trumpuall4547,0,119.65,1B Yandy Diaz 2B Jeff McNeil 3B Junior Caminero C Jimmy Crooks OF Yordan Alvarez OF Ryan Vilade OF Cam Smith P Tarik Skubal P Christian Scott SS Kaelen Culpepper,,Chandler Simpson,OF,6.53%,20
52,5214563808,mcooper2300,0,118.45,1B Yandy Diaz 2B Jeff McNeil 3B Junior Caminero C Nick Fortes OF Henry Bolte OF Lawrence Butler OF Ryan Vilade P Tarik Skubal P MacKenzie Gore SS Carson Williams,,Connor Wong,C,6.53%,3
53,5214446224,sportsfanatic89,0,118.35,1B Yandy Diaz 2B Carson Williams 3B Junior Caminero C Carlos Narvaez OF Tyler Soderstrom OF Tyler O'Neill OF Derek Hill P Tarik Skubal P Reid Detmers SS Francisco Lindor,,Freddy Peralta,P,6.32%,13.3
53,5214452269,MillionDollarPoker,0,118.35,1B Jonathan Aranda 2B Luis Arraez 3B Yandy Diaz C Ivan Herrera OF Brandon Marsh OF Justin Crawford OF Derek Hill P Tarik Skubal P Reid Detmers SS Edmundo Sosa,,Jonny DeLuca,OF,6.11%,18
53,5214551667,peew2132,0,118.35,1B Bryce Harper 2B Bryson Stott 3B Jose Fermin C Ivan Herrera OF Jordan Walker OF Austin Martin OF Tyler O'Neill P Tarik Skubal P Reid Detmers SS Kaelen Culpepper,,Carlos Narvaez,C,6.11%,0
53,5214599835,frogwall35,0,118.35,1B Yandy Diaz 2B Jackson Holliday 3B Coby Mayo C Gabriel Moreno OF Wilyer Abreu OF Henry Bolte OF Tyler O'Neill P Tarik Skubal P Reid Detmers SS Mauricio Dubon,,Lars Nootbaar,OF,5.89%,4
57,5214606071,jsjs8,0,118,1B Jared Young 2B Jeff McNeil 3B Bo Bichette C Ivan Herrera OF Michael Harris II OF A.J. Ewing OF Carson Benge P Tarik Skubal P Noah Cameron SS Francisco Lindor,,Jeff McNeil,2B,5.89%,15
58,5214470692,Kramsta21,0,117.6,1B Vladimir Guerrero Jr. 2B Royce Lewis 3B Bo Bichette C Gabriel Moreno OF Michael Harris II OF A.J. Ewing OF Brett Bateman P Tarik Skubal P Hayden Wesneski SS Francisco Lindor,,Derek Hill,OF,5.47%,2
58,5214578586,Raoulw86,0,117.6,1B Josh Bell 2B Bryson Stott 3B Nolan Arenado C Francisco Alvarez OF Jordan Walker OF Wilyer Abreu OF Teoscar Hernandez P Tarik Skubal P Dean Kremer SS Geraldo Perdomo,,Dean Kremer,P,5.47%,30.55
60,5214606758,vogasutra,0,117.45,1B Jeff McNeil 2B Jackson Holliday 3B Junior Caminero C Jimmy Crooks OF Corbin Carroll OF Chandler Simpson OF Lawrence Butler P Tarik Skubal P MacKenzie Gore SS Kaelen Culpepper,,Dylan Beavers,OF,5.26%,0
61,5214544997,JoeyFootball22,0,117.2,1B Alec Burleson 2B Miguel Rojas 3B Zack Gelof C Jonah Heim OF Tyler Soderstrom OF A.J. Ewing OF Carlos Cortes P Logan Henderson P Hayden Wesneski SS Jacob Wilson,,Ronald Acuna Jr.,OF,5.26%,7
62,5214599848,PappyFuller81,0,116.85,1B Tim Tawa 2B Royce Lewis 3B Nolan Arenado C Ivan Herrera OF Bryce Harper OF Wilyer Abreu OF Tyler Soderstrom P Sonny Gray P Jacob Lopez SS Masyn Winn,,Francisco Alvarez,C,5.26%,6
63,5214581074,impeccablycomingup,0,116.6,1B Yandy Diaz 2B Jeff McNeil 3B Junior Caminero C Nick Fortes OF Tyler Soderstrom OF Lawrence Butler OF Carlos Cortes P Tarik Skubal P Hayden Wesneski SS Carson Williams,,Jonah Heim,C,5.26%,0
63,5214588722,steven313,0,116.6,1B Matt Olson 2B Nick Sogard 3B Bo Bichette C Gabriel Moreno OF Ceddanne Rafaela OF Luke Keaschall OF Mauricio Dubon P Tarik Skubal P Hayden Wesneski SS Francisco Lindor,,A.J. Ewing,OF,5.05%,7
65,5214536177,firstandted,0,115.7,1B Jeff McNeil 2B Marcus Semien 3B Yandy Diaz C Garrett Stubbs OF Jonny DeLuca OF Carlos Cortes OF Ryan Vilade P Tarik Skubal P Logan Henderson SS Jacob Wilson,,Luis Arraez,2B,5.05%,0
65,5214593791,Vikes41,0,115.7,1B Yandy Diaz 2B Carson Williams 3B Kyle Karros C Ivan Herrera OF Wilyer Abreu OF Tyler Soderstrom OF Ceddanne Rafaela P Reid Detmers P MacKenzie Gore SS Jackson Holliday,,Jacob Wilson,SS,5.05%,7
67,5214590106,Bye_product,0,115.45,1B Jared Young 2B Jackson Holliday 3B Yandy Diaz C Ivan Herrera OF Corbin Carroll OF Jake McCarthy OF Tyler O'Neill P Tarik Skubal P MacKenzie Gore SS Kaelen Culpepper,,Brandon Marsh,OF,5.05%,9
68,5214449515,thundrenterprises,0,115.35,1B Kyle Schwarber 2B Carson Williams 3B Junior Caminero C Garrett Stubbs OF Jonny DeLuca OF Brandon Marsh OF Derek Hill P Tarik Skubal P Reid Detmers SS Edmundo Sosa,,Masyn Winn,SS,5.05%,7
68,5214463286,CashLineCriminal,0,115.35,1B Yandy Diaz 2B Jeff McNeil 3B Junior Caminero C Ivan Herrera OF Lawrence Butler OF Ryan Vilade OF Tyler O'Neill P Tarik Skubal P Reid Detmers SS Carson Williams,,Carson Williams,SS,4.84%,0
68,5214487583,mjatam77,0,115.35,1B Jeff McNeil 2B Vaughn Grissom 3B Junior Caminero C Victor Caratini OF Chandler Simpson OF Lawrence Butler OF Carlos Cortes P Tarik Skubal P Reid Detmers SS Taylor Walls,,Jonathan Aranda,1B,4.84%,12
68,5214529547,mlief,0,115.35,1B Jeff McNeil 2B Jackson Holliday 3B Nolan Arenado C Jonah Heim OF Tyler Soderstrom OF Carlos Cortes OF Lars Nootbaar P Tarik Skubal P Reid Detmers SS Jacob Wilson,,Christian Scott,P,4.84%,7.6
68,5214585669,NFerraro11,0,115.35,1B Yandy Diaz 2B Carson Williams 3B Junior Caminero C Gabriel Moreno OF Lars Nootbaar OF Ryan Vilade OF Brett Bateman P Tarik Skubal P Reid Detmers SS Taylor Walls,,Jacob Lopez,P,4.63%,18.15
73,5214591420,blinddarts,0,115.25,1B Jonathan Aranda 2B Miguel Rojas 3B Junior Caminero C Gabriel Moreno OF Chandler Simpson OF Ryan Vilade OF Brett Bateman P Tarik Skubal P Trevor Rogers SS Taylor Walls,,Teoscar Hernandez,OF,4.42%,0
74,5214567188,kingdomin8tor,0,115.1,1B TJ Rumfield 2B Willi Castro 3B Junior Caminero C Hunter Goodman OF Jake McCarthy OF Jonny DeLuca OF Chandler Simpson P Hayden Wesneski P Dean Kremer SS Kaelen Culpepper,,Wyatt Langford,OF,4.21%,8
75,5214574835,Dudeoflife,0,115.05,1B Jeff McNeil 2B Jackson Holliday 3B Ezequiel Duran C Drew Cavanaugh OF Shohei Ohtani OF Tyler Soderstrom OF Masataka Yoshida P Logan Henderson P MacKenzie Gore SS Jacob Wilson,,Jeremy Pena,SS,4.21%,7
76,5214486353,chensley72,0,114.45,1B Yandy Diaz 2B Jackson Holliday 3B Bo Bichette C Ivan Herrera OF Michael Harris II OF Masataka Yoshida OF Tyler O'Neill P Tarik Skubal P MacKenzie Gore SS Geraldo Perdomo,,Nathan Church,OF,4.21%,3
76,5214569381,bullroa,0,114.45,1B Yandy Diaz 2B Jackson Holliday 3B Bo Bichette C Ivan Herrera OF Michael Harris II OF Masataka Yoshida OF Tyler O'Neill P Tarik Skubal P MacKenzie Gore SS Geraldo Perdomo,,Coby Mayo,3B,4.21%,16
78,5214571053,creel.patrick,0,114.35,1B Ryan Vilade 2B Miguel Rojas 3B Junior Caminero C Jimmy Crooks OF Jonny DeLuca OF Chandler Simpson OF Lars Nootbaar P Tarik Skubal P Reid Detmers SS Taylor Walls,,Nick Fortes,C,4.00%,4
78,5214576093,cluc81,0,114.35,1B Alec Burleson 2B Bryson Stott 3B Yandy Diaz C Ivan Herrera OF Lars Nootbaar OF Ryan Vilade OF Tyler O'Neill P Tarik Skubal P Reid Detmers SS Jackson Holliday,,Ozzie Albies,2B,4.00%,6
80,5214555995,golfballer44,0,113.95,1B Josh Bell 2B Nick Sogard 3B Junior Caminero C Elias Diaz OF Yordan Alvarez OF Wilyer Abreu OF Michael Harris II P MacKenzie Gore P Hayden Wesneski SS Kaelen Culpepper,,Ketel Marte,2B,3.79%,14
81,5214573195,jonjirvin,0,113.6,1B Freddie Freeman 2B Nick Sogard 3B Caleb Durbin C Connor Wong OF Shohei Ohtani OF Ceddanne Rafaela OF Austin Martin P Tarik Skubal P Hayden Wesneski SS Ryan Kreidler,,Colton Cowser,OF,3.79%,3
82,5214596428,zerowolfe,0,113.45,1B Yandy Diaz 2B Jackson Holliday 3B Bo Bichette C Jonah Heim OF Jackson Merrill OF A.J. Ewing OF Lawrence Butler P Tarik Skubal P MacKenzie Gore SS Kaelen Culpepper,,Taylor Walls,SS,3.79%,9
83,5214495992,RAYVENZ52,0,113.35,1B Alec Burleson 2B JJ Wetherholt 3B Yandy Diaz C Ivan Herrera OF Lars Nootbaar OF Masataka Yoshida OF Derek Hill P Tarik Skubal P Reid Detmers SS Miguel Rojas,,Garrett Stubbs,C,3.79%,4
83,5214524780,SKYHUNTER,0,113.35,1B Jared Young 2B Jorge Polanco 3B Yandy Diaz C Gabriel Moreno OF Corbin Carroll OF George Springer OF Teoscar Hernandez P Tarik Skubal P Freddy Peralta SS Geraldo Perdomo,,Nolan Arenado,3B,3.79%,28
85,5214596073,emokilla13,0,113.2,1B Kyle Schwarber 2B Bryson Stott 3B Josh Smith C Brandon Valenzuela OF Bryce Harper OF Michael Harris II OF George Springer P Tarik Skubal P Jacob Lopez SS Francisco Lindor,,Nick Sogard,1B,3.79%,5
85,5214608763,bluesox51,0,113.2,1B Josh Bell 2B JJ Wetherholt 3B Bo Bichette C Garrett Stubbs OF Yordan Alvarez OF Tyler Soderstrom OF Michael Harris II P Tarik Skubal P Jacob Lopez SS Jackson Holliday,,Jared Young,1B,3.79%,12
87,5214596117,manofbizz,0,112.75,1B Rafael Devers 2B Brice Turang 3B Yandy Diaz C Francisco Alvarez OF Jackson Chourio OF Brandon Nimmo OF Mauricio Dubon P Michael Soroka P Christian Scott SS Francisco Lindor,,Mauricio Dubon,SS,3.58%,7
88,5214546654,tbone0136,0,112.55,1B Kyle Schwarber 2B Ketel Marte 3B Coby Mayo C Victor Caratini OF Bryce Harper OF Corbin Carroll OF Brett Bateman P MacKenzie Gore P Michael Soroka SS Jackson Holliday,,Edmundo Sosa,SS,3.58%,16
89,5214484625,jrutoskey,0,112.45,1B Jeff McNeil 2B Carson Williams 3B Yandy Diaz C Ivan Herrera OF Corbin Carroll OF Jarren Duran OF Tyler O'Neill P Tarik Skubal P MacKenzie Gore SS Geraldo Perdomo,,Jeff McNeil,1B,3.58%,15
89,5214594505,wersel,0,112.45,1B Yandy Diaz 2B Nick Sogard 3B Junior Caminero C Jimmy Crooks OF Jonny DeLuca OF Lars Nootbaar OF Ryan Vilade P Tarik Skubal P MacKenzie Gore SS Carson Williams,,Royce Lewis,2B,3.16%,12
91,5214522043,kevinreider4,0,112.35,1B Yandy Diaz 2B Carson Williams 3B Junior Caminero C Carlos Narvaez OF Jonny DeLuca OF Lawrence Butler OF Ryan Vilade P Tarik Skubal P Reid Detmers SS Jackson Holliday,,Osleivis Basabe,2B,3.16%,3
91,5214591994,Tokyobill,0,112.35,1B Alec Burleson 2B Bryson Stott 3B Nolan Arenado C Ivan Herrera OF Wilyer Abreu OF Tyler O'Neill OF Derek Hill P Tarik Skubal P Reid Detmers SS Jackson Holliday,,Taylor Trammell,OF,3.16%,4
91,5214592566,Firedog50,0,112.35,1B Yandy Diaz 2B Carson Williams 3B Junior Caminero C Nick Fortes OF Ryan Vilade OF Tyler O'Neill OF Derek Hill P Tarik Skubal P Reid Detmers SS Francisco Lindor,,Shohei Ohtani,OF,3.16%,19
94,5214466778,j-wolf05,0,112.25,1B Matt Olson 2B JJ Wetherholt 3B Yandy Diaz C Drake Baldwin OF Jonny DeLuca OF Chandler Simpson OF Ryan Vilade P Reid Detmers P Noah Cameron SS Carson Williams,,Andy Pages,OF,3.16%,2
95,5214463083,hellosimalex,0,111.85,1B Jonathan Aranda 2B Brice Turang 3B Junior Caminero C Jonah Heim OF Luis Robert Jr. OF Lawrence Butler OF Everson Pereira P Reid Detmers P Dean Kremer SS Francisco Lindor,,Michael Soroka,P,3.16%,14.15
96,5214533173,mmddyyyy,0,111.8,1B Yandy Diaz 2B Carson Williams 3B Junior Caminero C Jonah Heim OF Jonny DeLuca OF Lawrence Butler OF Ryan Vilade P Tarik Skubal P Blade Tidwell SS Jacob Wilson,,Anthony Seigler,2B,3.16%,5
97,5214555555,jvenable52,0,111.7,1B Jared Young 2B Osleivis Basabe 3B Yandy Diaz C Drake Baldwin OF Corbin Carroll OF Andy Pages OF Taylor Trammell P MacKenzie Gore P Freddy Peralta SS Geraldo Perdomo,,Ezequiel Duran,3B,2.95%,5
97,5214593774,smol7815,0,111.7,1B Royce Lewis 2B Luis Arraez 3B Bryson Stott C Francisco Alvarez OF Brandon Marsh OF Luke Keaschall OF Austin Martin P Tarik Skubal P Logan Henderson SS Kaelen Culpepper,,Jung Hoo Lee,OF,2.95%,17
99,5214537212,Gronkowski69,0,111.35,1B Bryce Harper 2B Bryson Stott 3B Yandy Diaz C Ivan Herrera OF Brandon Marsh OF Tyler O'Neill OF Derek Hill P Tarik Skubal P Reid Detmers SS Edmundo Sosa,,Victor Caratini,C,2.95%,2
99,5214556387,ydoja2,0,111.35,1B Jonathan Aranda 2B Carson Williams 3B Yandy Diaz C Gabriel Moreno OF Lars Nootbaar OF Ryan Vilade OF Tim Tawa P Tarik Skubal P Reid Detmers SS Taylor Walls,,Brandon Nimmo,OF,2.95%,10
101,5214591711,Manila,0,111.25,1B Alec Burleson 2B Jackson Holliday 3B Yandy Diaz C Drake Baldwin OF Jackson Merrill OF Dylan Beavers OF Colton Cowser P Tarik Skubal P Trevor Rogers SS Mauricio Dubon,,Jorge Polanco,3B,2.74%,5
102,5214574755,Chip4980,0,111.2,1B Jeff McNeil 2B Bryson Stott 3B Zack Gelof C Jonah Heim OF Bryce Harper OF Tyler Soderstrom OF Brandon Marsh P Tarik Skubal P Jacob Lopez SS Jacob Wilson,,Carlos Cortes,OF,2.74%,7
103,5214580431,goboys18,0,110.75,1B Yandy Diaz 2B Carson Williams 3B Junior Caminero C Ivan Herrera OF Jonny DeLuca OF Ryan Vilade OF Brett Bateman P Tarik Skubal P Sonny Gray SS Kaelen Culpepper,,Jackson Chourio,OF,2.74%,14
104,5214564008,wayneb1835,0,110.7,1B Alec Burleson 2B Donovan Walton 3B Yandy Diaz C Drake Baldwin OF Ryan Vilade OF Derek Hill OF Brett Bateman P Tarik Skubal P Logan Henderson SS Jackson Holliday,,Hunter Goodman,C,2.74%,2
105,5214534261,PersuAsians,0,110.45,1B Jonathan Aranda 2B Carson Williams 3B Yandy Diaz C Gabriel Moreno OF Lars Nootbaar OF Ryan Vilade OF Masataka Yoshida P Tarik Skubal P MacKenzie Gore SS Geraldo Perdomo,,Andres Gimenez,SS,2.53%,10
106,5214570879,seabie123,0,110.35,1B Alec Burleson 2B Jeff McNeil 3B Junior Caminero C Ivan Herrera OF Lawrence Butler OF Ryan Vilade OF Nathan Church P Tarik Skubal P Reid Detmers SS Carson Williams,,Isaac Paredes,3B,2.53%,14
107,5214529328,Trndkll101,0,109.7,1B Josh Bell 2B Jackson Holliday 3B Kazuma Okamoto C Ivan Herrera OF Ronald Acuna Jr. OF Wilyer Abreu OF A.J. Ewing P Reid Detmers P MacKenzie Gore SS Mauricio Dubon,,Ryan Vilade,1B,2.53%,4
107,5214591997,matelius2007,0,109.7,1B Jonathan Aranda 2B JJ Wetherholt 3B Junior Caminero C Jonah Heim OF Jonny DeLuca OF Jesus Sanchez OF Brett Bateman P Reid Detmers P MacKenzie Gore SS Taylor Walls,,Bryce Harper,1B,2.53%,4
109,5214595519,mzubs11,0,109.65,1B Yandy Diaz 2B Nick Sogard 3B Junior Caminero C Carlos Narvaez OF Tyler Soderstrom OF Dylan Beavers OF Tyler O'Neill P Tarik Skubal P Christian Scott SS Francisco Lindor,,Josh Bell,1B,2.53%,21
110,5214463281,jgulli10,0,109.6,1B Jake Burger 2B Bryson Stott 3B Nolan Arenado C Ivan Herrera OF Wilyer Abreu OF Wyatt Langford OF Carson Benge P MacKenzie Gore P Trevor Rogers SS Geraldo Perdomo,,Luke Keaschall,OF,2.32%,9
111,5214518357,07springer,0,109.35,1B Shohei Ohtani 2B Jackson Holliday 3B Coby Mayo C Francisco Alvarez OF Carson Benge OF Jarren Duran OF Luke Keaschall P Tarik Skubal P Casey Mize SS Andres Gimenez,,Christian Walker,1B,2.32%,2
111,5214569352,shamrocks28,0,109.35,1B Ryan Vilade 2B Tommy Edman 3B Nolan Arenado C Gabriel Moreno OF Teoscar Hernandez OF Ryan Waldschmidt OF Tim Tawa P Tarik Skubal P Reid Detmers SS Geraldo Perdomo,,Jake Burger,1B,2.11%,7
111,5214589130,saints_fan3209,0,109.35,1B Ryan Vilade 2B Jeff McNeil 3B Nick Loftin C Jonah Heim OF Yordan Alvarez OF Jordan Walker OF Kyle Isbel P Tarik Skubal P Reid Detmers SS Jackson Holliday,,Jose Altuve,2B,2.11%,2
111,5214592748,WCW111,0,109.35,1B Alec Burleson 2B Jackson Holliday 3B Bryson Stott C Ivan Herrera OF Carson Benge OF Jung Hoo Lee OF Derek Hill P Tarik Skubal P Reid Detmers SS Geraldo Perdomo,,George Springer,OF,2.11%,10
111,5214606902,ericksonnat,0,109.35,1B Yandy Diaz 2B Nick Sogard 3B Junior Caminero C Jimmy Crooks OF Chandler Simpson OF Lars Nootbaar OF Ryan Vilade P Tarik Skubal P Reid Detmers SS Carson Williams,,Austin Riley,3B,2.11%,7
116,5214546111,Thatrglw789,0,109.25,1B Alec Burleson 2B JJ Wetherholt 3B Jose Fermin C J.T. Realmuto OF Jonny DeLuca OF Ceddanne Rafaela OF Edmundo Sosa P Sonny Gray P Hayden Wesneski SS Trea Turner,,Rafael Devers,1B,1.89%,2
117,5214569774,track472,0,109.05,1B Kyle Schwarber 2B Royce Lewis 3B Yandy Diaz C Sean Murphy OF Wilyer Abreu OF George Springer OF Gavin Sheets P Tarik Skubal P Andrew Painter SS Kaelen Culpepper,,Daulton Varsho,OF,1.89%,0
118,5214606396,Troysinger,0,108.95,1B Jake Burger 2B Ketel Marte 3B Junior Caminero C Connor Wong OF Ronald Acuna Jr. OF Tyler Soderstrom OF Lawrence Butler P MacKenzie Gore P Hayden Wesneski SS Kaelen Culpepper,,Royce Lewis,1B,1.89%,12
119,5214573056,timothe1967,0,108.85,1B Matt Olson 2B Jeff McNeil 3B Junior Caminero C Drake Baldwin OF Ceddanne Rafaela OF Michael Harris II OF Dylan Beavers P Reid Detmers P Hayden Wesneski SS Jackson Holliday,,Tommy Edman,2B,1.89%,5
120,5214517064,Lord007,0,108.7,1B Yandy Diaz 2B Carson Williams 3B Bo Bichette C Jimmy Crooks OF Wilyer Abreu OF Tyler Soderstrom OF Ceddanne Rafaela P Reid Detmers P MacKenzie Gore SS Geraldo Perdomo,,Brice Turang,2B,1.89%,0
121,5214468782,cw1tt,0,108.6,1B Jonathan Aranda 2B Carson Williams 3B Junior Caminero C Nick Fortes OF Jonny DeLuca OF Jarren Duran OF Lars Nootbaar P Tarik Skubal P Dean Kremer SS Geraldo Perdomo,,Vladimir Guerrero Jr.,1B,1.89%,3
121,5214536842,abran874,0,108.6,1B Victor Caratini 2B Anthony Seigler 3B Nolan Arenado C Gabriel Moreno OF Corbin Carroll OF Wilyer Abreu OF Jarren Duran P Tarik Skubal P Hayden Wesneski SS Andres Gimenez,,Jorge Polanco,2B,1.89%,5
121,5214595983,scombs,0,108.6,1B Ryan Vilade 2B Jackson Holliday 3B Junior Caminero C Carlos Narvaez OF Jonny DeLuca OF Ceddanne Rafaela OF Jarren Duran P Tarik Skubal P Dean Kremer SS Gunnar Henderson,,Henry Bolte,OF,1.89%,8
124,5214441209,pete0six,0,108.45,1B Jonathan Aranda 2B Carson Williams 3B Junior Caminero C Connor Wong OF Chandler Simpson OF Jarren Duran OF Masataka Yoshida P Tarik Skubal P MacKenzie Gore SS Taylor Walls,,Corey Seager,SS,1.68%,5
125,5214529621,atrupar,0,108.35,1B Yandy Diaz 2B Royce Lewis 3B Bryson Stott C Ryan Jeffers OF Teoscar Hernandez OF Tyler O'Neill OF Derek Hill P Tarik Skubal P Reid Detmers SS Jackson Holliday,,Sean Murphy,C,1.68%,5
125,5214558166,garchos,0,108.35,1B Yandy Diaz 2B Jackson Holliday 3B Bryson Stott C Ivan Herrera OF Corbin Carroll OF Derek Hill OF Brett Bateman P Tarik Skubal P Reid Detmers SS Geraldo Perdomo,,Brooks Lee,3B,1.68%,10
127,5214582296,Scottypar,0,108.1,1B Alec Burleson 2B JJ Wetherholt 3B Bryson Stott C Ivan Herrera OF Ronald Acuna Jr. OF Brandon Nimmo OF Brett Bateman P Sonny Gray P MacKenzie Gore SS Mauricio Dubon,,Salvador Perez,C,1.68%,0
128,5214591380,92yukongt,0,107.7,1B Nick Sogard 2B Luis Arraez 3B Austin Riley C Ivan Herrera OF Yordan Alvarez OF Shohei Ohtani OF Ceddanne Rafaela P Michael Soroka P Dean Kremer SS Carson Williams,,Austin Martin,OF,1.68%,34
129,5214571286,MFP1,0,107.6,1B Royce Lewis 2B JJ Wetherholt 3B Brooks Lee C Ivan Herrera OF Ronald Acuna Jr. OF Jordan Walker OF Jackson Chourio P Hunter Dobbins P Jacob Lopez SS Masyn Winn,,Marcus Semien,2B,1.68%,3
130,5214459264,05Fatboy,0,107.35,1B Yandy Diaz 2B Carson Williams 3B Junior Caminero C Jimmy Crooks OF Chandler Simpson OF Justin Crawford OF Tyler O'Neill P Tarik Skubal P Reid Detmers SS Geraldo Perdomo,,Cesar Prieto,3B,1.68%,0
130,5214518164,Simon_Katz,0,107.35,1B Vladimir Guerrero Jr. 2B Jeff McNeil 3B Zack Gelof C Jonah Heim OF Tyler Soderstrom OF George Springer OF Brett Bateman P Tarik Skubal P Reid Detmers SS Jacob Wilson,,Jackson Merrill,OF,1.68%,16
132,5214530377,bthran,0,107.25,1B Jeff McNeil 2B Jackson Holliday 3B Junior Caminero C Francisco Alvarez OF Jake McCarthy OF Masataka Yoshida OF Zack Gelof P Tarik Skubal P Trevor Rogers SS Masyn Winn,,Zack Gelof,3B,1.47%,23
133,5214515598,crawdaddy_11,0,106.95,1B Yandy Diaz 2B Jackson Holliday 3B Junior Caminero C Jimmy Crooks OF Lawrence Butler OF Masataka Yoshida OF Tyler O'Neill P Logan Henderson P Reid Detmers SS Jacob Wilson,,Blade Tidwell,P,1.47%,19.75
134,5214433778,nickenyon6,0,106.35,1B Yandy Diaz 2B Bryson Stott 3B Junior Caminero C Ivan Herrera OF Lawrence Butler OF Tyler O'Neill OF Derek Hill P Tarik Skubal P Reid Detmers SS Carson Williams,,Cam Smith,OF,1.47%,24
134,5214541783,Casey0504,0,106.35,1B Yandy Diaz 2B Jackson Holliday 3B Junior Caminero C Ivan Herrera OF Lars Nootbaar OF Ryan Vilade OF Tyler O'Neill P Tarik Skubal P Reid Detmers SS Carson Williams,,Ryan Waldschmidt,OF,1.47%,12
134,5214575759,harrissmith,0,106.35,1B Nick Sogard 2B Jeff McNeil 3B Bryson Stott C Ivan Herrera OF Jake McCarthy OF Chandler Simpson OF Nathan Church P Tarik Skubal P Reid Detmers SS Geraldo Perdomo,,Mookie Betts,SS,1.47%,5
137,5214444436,weise2717,0,106.2,1B Jonathan Aranda 2B Bryson Stott 3B Junior Caminero C Gabriel Moreno OF Corbin Carroll OF Eddys Leonard OF Lucas Spence P Tarik Skubal P Jacob Lopez SS Jacob Wilson,,Tim Tawa,OF,1.47%,5
138,5214512990,srken,0,105.95,1B Willson Contreras 2B Bryson Stott 3B Caleb Durbin C Gabriel Moreno OF Wyatt Langford OF A.J. Ewing OF Brett Baty P Logan Henderson P Reid Detmers SS Kaelen Culpepper,,Mauricio Dubon,OF,1.47%,7
139,5214562379,Yesbabi,0,105.9,1B Kyle Schwarber 2B Royce Lewis 3B Jose Fermin C Sean Murphy OF Yordan Alvarez OF Jac Caglianone OF Derek Hill P Bryce Elder P Hunter Dobbins SS Jeremy Pena,,Elias Diaz,C,1.47%,8
140,5214573079,babymaker47,0,105.75,1B Matt Olson 2B Nick Sogard 3B Austin Riley C Drake Baldwin OF Mike Trout OF Jackson Merrill OF Jung Hoo Lee P Reid Detmers P Bryce Elder SS Masyn Winn,,Nathan Lukes,OF,1.47%,0
141,5214481494,bshadoan,0,105.7,1B Jake Burger 2B Tommy Edman 3B Ezequiel Duran C Salvador Perez OF Wyatt Langford OF A.J. Ewing OF Carson Benge P Casey Mize P MacKenzie Gore SS Francisco Lindor,,Hunter Dobbins,P,1.47%,16.45
141,5214542766,dudju,0,105.7,1B Yandy Diaz 2B Jackson Holliday 3B Junior Caminero C Carlos Narvaez OF Wilyer Abreu OF Ryan Vilade OF Dylan Beavers P Reid Detmers P MacKenzie Gore SS Gunnar Henderson,,Kyle Karros,3B,1.47%,0
141,5214606436,kermyroxy,0,105.7,1B Josh Bell 2B Nick Sogard 3B Jose Fermin C Jimmy Crooks OF Michael Harris II OF A.J. Ewing OF Brandon Nimmo P Tarik Skubal P Logan Henderson SS Willy Adames,,Willy Adames,SS,1.26%,2
144,5214554414,BigJack80,0,105.45,1B Pete Alonso 2B Jackson Holliday 3B Nolan Arenado C Gabriel Moreno OF Lars Nootbaar OF Dylan Beavers OF Tyler O'Neill P Tarik Skubal P MacKenzie Gore SS Gunnar Henderson,,Ryan Jeffers,C,1.26%,20
144,5214584794,Jimbobwae42,0,105.45,1B Jonathan Aranda 2B Jackson Holliday 3B Yandy Diaz C Carlos Narvaez OF Tyler Soderstrom OF Ryan Vilade OF Tyler O'Neill P Tarik Skubal P MacKenzie Gore SS Gunnar Henderson,,Mike Trout,OF,1.26%,20
144,5214608686,yuyeling,0,105.45,1B Pete Alonso 2B Jackson Holliday 3B Nolan Arenado C Gabriel Moreno OF Lars Nootbaar OF Dylan Beavers OF Tyler O'Neill P Tarik Skubal P MacKenzie Gore SS Gunnar Henderson,,Drew Cavanaugh,C,1.26%,0
147,5214510638,coachp17,0,105.35,1B Yandy Diaz 2B Bryson Stott 3B Bo Bichette C Ivan Herrera OF Lawrence Butler OF Masataka Yoshida OF Tyler O'Neill P Tarik Skubal P Reid Detmers SS Geraldo Perdomo,,Jesus Sanchez,OF,1.26%,2
147,5214539063,asian6000,0,105.35,1B Yandy Diaz 2B Bryson Stott 3B Bo Bichette C Ivan Herrera OF Lawrence Butler OF Masataka Yoshida OF Tyler O'Neill P Tarik Skubal P Reid Detmers SS Geraldo Perdomo,,Gabriel Hughes,P,1.26%,-4.4
147,5214590137,nicaragua69,0,105.35,1B Yandy Diaz 2B Bryson Stott 3B Bo Bichette C Ivan Herrera OF Lawrence Butler OF Masataka Yoshida OF Tyler O'Neill P Tarik Skubal P Reid Detmers SS Geraldo Perdomo,,Josh Smith,3B,1.26%,3
150,5214436785,Yankeeblue1315,0,105.05,1B Ryan Vilade 2B Carson Williams 3B Yandy Diaz C Nick Fortes OF Yordan Alvarez OF Chandler Simpson OF Dylan Beavers P Tarik Skubal P Andrew Painter SS Jeremy Pena,,Zach Neto,SS,1.05%,0
150,5214438634,j5brooks,0,105.05,1B Pete Alonso 2B Jackson Holliday 3B Bo Bichette C Ryan Jeffers OF Ronald Acuna Jr. OF Michael Harris II OF Colton Cowser P Tarik Skubal P Andrew Painter SS Mauricio Dubon,,Hunter Feduccia,C,1.05%,7
152,5214606078,dallas4050,0,105,1B TJ Rumfield 2B Jorge Polanco 3B Junior Caminero C Garrett Stubbs OF Tyler Soderstrom OF Jake Bauers OF Jung Hoo Lee P Sonny Gray P Reid Detmers SS Masyn Winn,,Jose Siri,OF,1.05%,0
153,5214581592,callahanm328,0,104.6,1B Vladimir Guerrero Jr. 2B Jackson Holliday 3B Bo Bichette C Ivan Herrera OF Bryce Harper OF Wilyer Abreu OF Masataka Yoshida P MacKenzie Gore P Trevor Rogers SS Francisco Lindor,,Freddie Freeman,1B,1.05%,13
154,5214584465,bronto12345,0,104.45,1B Yandy Diaz 2B Carson Williams 3B Bryson Stott C Ivan Herrera OF Corbin Carroll OF Masataka Yoshida OF Tyler O'Neill P Tarik Skubal P MacKenzie Gore SS Geraldo Perdomo,,Jose Fermin,3B,1.05%,19
155,5214516424,fritzruby1,0,104.35,1B Yandy Diaz 2B Bryson Stott 3B Junior Caminero C Ivan Herrera OF Ryan Vilade OF Tyler O'Neill OF Derek Hill P Tarik Skubal P Reid Detmers SS Carson Williams,,Cole Carrigg,OF,1.05%,0
156,5214499172,mrrnine,0,104.3,1B Willson Contreras 2B Ketel Marte 3B Josh Smith C Ivan Herrera OF Mike Trout OF Ceddanne Rafaela OF Luke Keaschall P Sonny Gray P Gabriel Hughes SS Francisco Lindor,,Josh Smith,2B,1.05%,3
157,5214591346,thugnamewater,0,104.1,1B Alec Burleson 2B Ozzie Albies 3B Caleb Durbin C Freddy Fermin OF Wilyer Abreu OF Jake McCarthy OF Cam Smith P Sonny Gray P MacKenzie Gore SS Masyn Winn,,Brandon Valenzuela,C,1.05%,5
158,5214460762,BMcCoy03,0,103.8,1B Jonah Bride 2B Charles McAdoo 3B Manny Machado C Carlos Narvaez OF Yordan Alvarez OF Shohei Ohtani OF Mike Trout P Tarik Skubal P Blade Tidwell SS Gunnar Henderson,,Jim Jarvis,SS,1.05%,4
159,5214493886,chadrock78,0,103.7,1B Alec Burleson 2B JJ Wetherholt 3B Caleb Durbin C Drake Baldwin OF Carson Benge OF Jung Hoo Lee OF Tyler O'Neill P MacKenzie Gore P Freddy Peralta SS Bobby Witt Jr.,,Mickey Moniak,OF,1.05%,4
159,5214552447,dougiefreshinthehous,0,103.7,1B Nick Sogard 2B Royce Lewis 3B Caleb Durbin C Victor Caratini OF Ronald Acuna Jr. OF Masataka Yoshida OF Austin Martin P Tarik Skubal P Logan Henderson SS Jackson Holliday,,Willi Castro,3B,1.05%,3
161,5214563075,6ringslater,0,103.5,1B Alec Burleson 2B Bryson Stott 3B Caleb Durbin C Gabriel Moreno OF Jonny DeLuca OF Chandler Simpson OF Tyler O'Neill P Tarik Skubal P Bryce Elder SS Andres Gimenez,,Travis d'Arnaud,C,0.84%,2
162,5214542387,bg1481,0,103.45,1B Jonathan Aranda 2B Jackson Holliday 3B Junior Caminero C Nick Fortes OF Jonny DeLuca OF Ryan Vilade OF Dylan Beavers P Tarik Skubal P MacKenzie Gore SS Kaelen Culpepper,,Andrew Painter,P,0.84%,21
163,5214529948,avery98z,0,103.25,1B Christian Walker 2B Jackson Holliday 3B Bryson Stott C Ivan Herrera OF Yordan Alvarez OF Taylor Trammell OF Cam Smith P Sonny Gray P Hayden Wesneski SS Jeremy Pena,,Casey Mize,P,0.84%,17.3
164,5214503715,tuckersparks12,0,102.8,1B Kyle Schwarber 2B Luis Arraez 3B Bryson Stott C Connor Wong OF Bryce Harper OF Brandon Marsh OF Masataka Yoshida P Tarik Skubal P Blade Tidwell SS Francisco Lindor,,Justin Crawford,OF,0.84%,7
164,5214538543,Pnats34,0,102.8,1B Yandy Diaz 2B Jose Altuve 3B Junior Caminero C Jimmy Crooks OF Corbin Carroll OF Ryan Vilade OF Tim Tawa P Tarik Skubal P Blade Tidwell SS Geraldo Perdomo,,Charles McAdoo,2B,0.84%,16
166,5214591972,OVO_KIRKO,0,102.6,1B Royce Lewis 2B Nick Sogard 3B Yandy Diaz C Ivan Herrera OF Wilyer Abreu OF Jarren Duran OF Masataka Yoshida P Tarik Skubal P Hayden Wesneski SS Jackson Holliday,,Victor Caratini,1B,0.84%,2
167,5214568386,bjkubist4842,0,102.45,1B Jeff McNeil 2B Brice Turang 3B Coby Mayo C Carlos Narvaez OF Tyler Soderstrom OF Leody Taveras OF Colton Cowser P Tarik Skubal P MacKenzie Gore SS Jacob Wilson,,Shohei Ohtani,1B,0.84%,19
167,5214580425,robbieb0717,0,102.45,1B Pete Alonso 2B Jeff McNeil 3B Yandy Diaz C Drake Baldwin OF Dylan Beavers OF Tyler O'Neill OF Colton Cowser P Tarik Skubal P MacKenzie Gore SS Gunnar Henderson,,Miguel Rojas,SS,0.84%,9
169,5214492444,LOKIMAN,0,102.35,1B Yandy Diaz 2B Nick Sogard 3B Junior Caminero C Garrett Stubbs OF Corbin Carroll OF Ryan Vilade OF Derek Hill P Tarik Skubal P Reid Detmers SS Carson Williams,,Donovan Walton,2B,0.84%,6
169,5214600547,phlow999,0,102.35,1B Yandy Diaz 2B Nick Sogard 3B Junior Caminero C Garrett Stubbs OF Corbin Carroll OF Ryan Vilade OF Derek Hill P Tarik Skubal P Reid Detmers SS Carson Williams,,Gavin Sheets,OF,0.84%,2
171,5214574164,TIMBO1680,0,102,1B Nick Sogard 2B Luis Arraez 3B Nolan Arenado C Nick Fortes OF Mickey Moniak OF Michael Harris II OF Ryan Waldschmidt P Sonny Gray P Reid Detmers SS Masyn Winn,,Edmundo Sosa,OF,0.84%,16
172,5214423111,Grnder_786,0,101.95,1B Jake Burger 2B Ketel Marte 3B Jonah Bride C Gabriel Moreno OF Corbin Carroll OF Wyatt Langford OF Lars Nootbaar P Logan Henderson P Freddy Peralta SS Corey Seager,,Leody Taveras,OF,0.84%,10
173,5214572390,italianmamba24,0,101.8,1B Kyle Schwarber 2B Anthony Seigler 3B Junior Caminero C Jonah Heim OF Tyler Soderstrom OF Henry Bolte OF Lawrence Butler P Tarik Skubal P Blade Tidwell SS Kaelen Culpepper,,TJ Rumfield,1B,0.84%,3
174,5214473963,ryanland,0,101.45,1B Ryan Vilade 2B Carson Williams 3B Junior Caminero C Carlos Narvaez OF Jonny DeLuca OF Chandler Simpson OF Tyler O'Neill P Tarik Skubal P MacKenzie Gore SS Gunnar Henderson,,Jonah Bride,3B,0.63%,2
174,5214564923,LesterNygaard,0,101.45,1B Christian Walker 2B Jose Altuve 3B Ezequiel Duran C Elias Diaz OF Wyatt Langford OF Brandon Nimmo OF Cam Smith P Tarik Skubal P MacKenzie Gore SS Corey Seager,,Bryce Eldridge,1B,0.63%,7
176,5214527437,TheHyperCritic,0,101.25,1B Yandy Diaz 2B Jackson Holliday 3B Junior Caminero C Hunter Feduccia OF Andy Pages OF Brandon Nimmo OF Tyler O'Neill P Tarik Skubal P Trevor Rogers SS Miguel Rojas,,Liam Hicks,1B,0.63%,0
177,5214544113,lindbergh2,0,100.35,1B Ryan Vilade 2B Jackson Holliday 3B Yandy Diaz C Ivan Herrera OF Jake McCarthy OF Mauricio Dubon OF Tyler O'Neill P Tarik Skubal P Reid Detmers SS Geraldo Perdomo,,Vaughn Grissom,2B,0.63%,6
177,5214606027,Jonny5566,0,100.35,1B Jared Young 2B Osleivis Basabe 3B Yandy Diaz C Ivan Herrera OF Corbin Carroll OF Teoscar Hernandez OF Taylor Trammell P Tarik Skubal P Freddy Peralta SS Geraldo Perdomo,,Jake Cronenworth,2B,0.63%,3
179,5214563270,markandrewbray,0,100.25,1B Matt Olson 2B Bryson Stott 3B Yandy Diaz C Ivan Herrera OF Bryce Harper OF Jackson Merrill OF Carson Benge P Noah Cameron P Freddy Peralta SS Geraldo Perdomo,,Fernando Tatis Jr.,OF,0.63%,0
180,5214580095,jhojacker,0,99.9,1B Yandy Diaz 2B Jackson Holliday 3B Junior Caminero C Connor Wong OF Wilyer Abreu OF Ceddanne Rafaela OF Masataka Yoshida P Sonny Gray P Trevor Rogers SS Andres Gimenez,,Max Kepler,OF,0.63%,0
181,5214571836,cashceddy77,0,99.8,1B Alec Burleson 2B JJ Wetherholt 3B Bo Bichette C Ivan Herrera OF Jordan Walker OF Nathan Church OF Masataka Yoshida P Logan Henderson P Jacob Lopez SS Gunnar Henderson,,Bobby Witt Jr.,SS,0.63%,9
182,5214480209,dhw900,0,99.6,1B Jeff McNeil 2B Nick Sogard 3B Caleb Durbin C Gabriel Moreno OF Tyler Soderstrom OF Ceddanne Rafaela OF Jarren Duran P Tarik Skubal P Hayden Wesneski SS Jacob Wilson,,Justin Foscue,2B,0.63%,5
182,5214521857,jbabs47,0,99.6,1B Willson Contreras 2B Ketel Marte 3B Caleb Durbin C Gabriel Moreno OF Chandler Simpson OF Ryan Vilade OF Masataka Yoshida P MacKenzie Gore P Trevor Rogers SS Geraldo Perdomo,,Cam Cauley,2B,0.63%,0
184,5214504242,robertdej,0,99.45,1B Yandy Diaz 2B Jackson Holliday 3B Junior Caminero C Jimmy Crooks OF Ryan Vilade OF Jesus Sanchez OF Tyler O'Neill P Tarik Skubal P MacKenzie Gore SS Gunnar Henderson,,Zack Gelof,OF,0.63%,23
185,5214436714,kwax1,0,99.35,1B Yandy Diaz 2B Osleivis Basabe 3B Jorge Polanco C Gabriel Moreno OF Corbin Carroll OF Jarren Duran OF Teoscar Hernandez P Tarik Skubal P Freddy Peralta SS Geraldo Perdomo,,Miguel Rojas,2B,0.63%,9
185,5214522886,easton136,0,99.35,1B Jared Young 2B Marcus Semien 3B Bo Bichette C Connor Wong OF Wilyer Abreu OF Carson Benge OF Jarren Duran P Logan Henderson P Sonny Gray SS Francisco Lindor,,Jake Bauers,OF,0.63%,5
185,5214553755,DefenseWins,0,99.35,1B Yandy Diaz 2B Jackson Holliday 3B Cesar Prieto C Ivan Herrera OF Jake McCarthy OF Michael Harris II OF Tyler O'Neill P Tarik Skubal P Reid Detmers SS Geraldo Perdomo,,Willi Castro,2B,0.63%,3
188,5214583672,swaggybees,0,99.25,1B Jeff McNeil 2B Ketel Marte 3B Jorge Polanco C Gabriel Moreno OF Corbin Carroll OF Lawrence Butler OF Lars Nootbaar P Tarik Skubal P Trevor Rogers SS Geraldo Perdomo,,Cam Cauley,OF,0.42%,0
188,5214594273,lenn221,0,99.25,1B Yandy Diaz 2B Justin Foscue 3B Isaac Paredes C Connor Wong OF Yordan Alvarez OF Taylor Trammell OF Ryan Vilade P Sonny Gray P Hayden Wesneski SS Jeremy Pena,,Wade Meckler,OF,0.42%,3
190,5214582253,GK33411,0,98.8,1B Jonathan Aranda 2B Carson Williams 3B Junior Caminero C Jonah Heim OF Wilyer Abreu OF Chandler Simpson OF Jarren Duran P Tarik Skubal P Blade Tidwell SS Taylor Walls,,Manny Machado,3B,0.42%,0
191,5214517416,Goodfellas97,0,98.25,1B Jared Young 2B Bryson Stott 3B Junior Caminero C Nick Fortes OF Carson Benge OF Nathan Church OF Tyler O'Neill P Tarik Skubal P Trevor Rogers SS Francisco Lindor,,Jordan Beck,OF,0.42%,2
192,5214505799,dmiller6405,0,98,1B Willson Contreras 2B Nick Sogard 3B Bo Bichette C Francisco Alvarez OF Wilyer Abreu OF Ceddanne Rafaela OF Carson Benge P MacKenzie Gore P Christian Scott SS Francisco Lindor,,William Contreras,C,0.42%,6
193,5214574137,Bcman2,0,97.7,1B Matt Olson 2B Vaughn Grissom 3B Junior Caminero C Drake Baldwin OF Mike Trout OF Tyler Soderstrom OF Brett Bateman P Sonny Gray P Dylan Lee SS Jacob Wilson,,Jameson Taillon,P,0.42%,12.6
193,5214599652,avg_gam_tre,0,97.7,1B Pete Alonso 2B Jeff McNeil 3B Coby Mayo C Ivan Herrera OF Jordan Walker OF Tyler O'Neill OF Colton Cowser P Tarik Skubal P Logan Henderson SS Jackson Holliday,,Andruw Monasterio,SS,0.42%,0
193,5214600420,timtimtim0130,0,97.7,1B Alec Burleson 2B JJ Wetherholt 3B Nolan Arenado C Jimmy Crooks OF Lars Nootbaar OF Nathan Church OF Derek Hill P Tarik Skubal P Logan Henderson SS Masyn Winn,,Grant McCray,OF,0.42%,0
196,5214510222,Marsharks,0,97.6,1B Ryan Vilade 2B Justin Foscue 3B Junior Caminero C Salvador Perez OF Tyler Soderstrom OF Carson Benge OF Gavin Sheets P Tarik Skubal P Dean Kremer SS Corey Seager,,Christian Koss,3B,0.42%,3
197,5214573230,chindeeznuts,0,97.55,1B Matt Olson 2B Ozzie Albies 3B Bryson Stott C Drake Baldwin OF Ronald Acuna Jr. OF Bryce Harper OF Brandon Marsh P MacKenzie Gore P Jacob Lopez SS Jim Jarvis,,Kazuma Okamoto,3B,0.42%,0
198,5214557244,pirate87,0,97.45,1B Matt Olson 2B Marcus Semien 3B Jorge Polanco C Drake Baldwin OF Jackson Chourio OF Michael Harris II OF Mauricio Dubon P Tarik Skubal P MacKenzie Gore SS Jim Jarvis,,Christian Yelich,OF,0.42%,16
199,5214584381,Oceanimage,0,97.35,1B Pete Alonso 2B Jackson Holliday 3B Coby Mayo C Nick Fortes OF Yordan Alvarez OF Leody Taveras OF Colton Cowser P Tarik Skubal P Reid Detmers SS Taylor Walls,,Brett Baty,OF,0.42%,22
200,5214483110,twobeasts,0,97.2,1B Yandy Diaz 2B Josh Smith 3B Junior Caminero C Jimmy Crooks OF Bryce Harper OF Tyler Soderstrom OF Brett Bateman P Tarik Skubal P Michael Soroka SS Kaelen Culpepper,,Max Muncy,3B,0.42%,11
201,5214584923,biggene6,0,97.1,1B Pete Alonso 2B Nick Sogard 3B Bryson Stott C Gabriel Moreno OF Jake McCarthy OF Michael Harris II OF Carson Benge P Sonny Gray P MacKenzie Gore SS Kaelen Culpepper,,Freddy Fermin,C,0.42%,5
202,5214564823,enyce44,0,96.85,1B Alec Burleson 2B JJ Wetherholt 3B Junior Caminero C Jimmy Crooks OF Jordan Walker OF Henry Bolte OF Nathan Church P Reid Detmers P Hayden Wesneski SS Jackson Holliday,,Jake Bauers,1B,0.42%,5
203,5214568422,redredrubies,0,96.75,1B Alec Burleson 2B Ozzie Albies 3B Kyle Karros C Drake Baldwin OF Jordan Walker OF Mickey Moniak OF Tyler Soderstrom P Hunter Dobbins P Freddy Peralta SS Jackson Holliday,,Jac Caglianone,OF,0.42%,21
203,5214576426,EErNation,0,96.75,1B Yandy Diaz 2B Bryson Stott 3B Junior Caminero C Victor Caratini OF Ryan Vilade OF Justin Crawford OF Masataka Yoshida P Tarik Skubal P Sonny Gray SS Kaelen Culpepper,,David Hamilton,3B,0.42%,0
205,5214607240,Storm5,0,96.7,1B TJ Rumfield 2B Osleivis Basabe 3B Bo Bichette C Ryan Jeffers OF Carson Benge OF Jung Hoo Lee OF Brett Bateman P Tarik Skubal P Logan Henderson SS Kaelen Culpepper,,Kyle Isbel,OF,0.42%,16
206,5214538181,andrewp332,0,96.25,1B Jake Burger 2B Brett Baty 3B Willi Castro C Ivan Herrera OF Corbin Carroll OF Jackson Chourio OF Grant McCray P Tarik Skubal P Trevor Rogers SS Jim Jarvis,,Christian Vazquez,C,0.42%,0
207,5214511099,redbrick22,0,96.2,1B Yandy Diaz 2B Jackson Holliday 3B Junior Caminero C Carlos Narvaez OF Carson Benge OF Masataka Yoshida OF Colton Cowser P Tarik Skubal P Michael Soroka SS Gunnar Henderson,,Sung-Mun Song,3B,0.42%,0
208,5214564899,FlashThatUUU,0,96,1B Alec Burleson 2B Nick Sogard 3B Yandy Diaz C Ivan Herrera OF Jordan Walker OF Carson Benge OF Nathan Church P Tarik Skubal P Noah Cameron SS Kaelen Culpepper,,Luis Rengifo,OF,0.21%,2
209,5214488728,option.mercer,0,95.85,1B Jeff McNeil 2B Jose Altuve 3B Isaac Paredes C Hunter Goodman OF Yordan Alvarez OF George Springer OF Brett Bateman P Reid Detmers P Hayden Wesneski SS Jeremy Pena,,Eddys Leonard,OF,0.21%,0
210,5214507947,crice23,0,95.8,1B Tim Tawa 2B Ketel Marte 3B Caleb Durbin C Gabriel Moreno OF Corbin Carroll OF Wilyer Abreu OF Masataka Yoshida P Logan Henderson P Jacob Lopez SS Geraldo Perdomo,,Lucas Spence,OF,0.21%,0
211,5214482864,BlueCrew65,0,95.75,1B Nick Sogard 2B Tommy Edman 3B Nolan Arenado C Victor Caratini OF Carson Benge OF Teoscar Hernandez OF Jose Fermin P Tarik Skubal P Sonny Gray SS Mookie Betts,,Oswald Peraza,2B,0.21%,3
211,5214499413,sh-13,0,95.75,1B Pete Alonso 2B Jeff McNeil 3B Zack Gelof C Carlos Narvaez OF Tyler Soderstrom OF Lawrence Butler OF Tyler O'Neill P Tarik Skubal P Sonny Gray SS Jacob Wilson,,Jonah Bride,1B,0.21%,2
213,5214585448,bohicabuddy,0,95.7,1B Jared Young 2B Anthony Seigler 3B Caleb Durbin C Francisco Alvarez OF Carson Benge OF Jarren Duran OF Masataka Yoshida P Tarik Skubal P Logan Henderson SS Francisco Lindor,,Luis Robert Jr.,OF,0.21%,0
213,5214605670,mavs71391,0,95.7,1B Josh Bell 2B Royce Lewis 3B Cesar Prieto C Ivan Herrera OF Wilyer Abreu OF A.J. Ewing OF Tyler O'Neill P Tarik Skubal P Logan Henderson SS Jackson Holliday,,Everson Pereira,OF,0.21%,0
213,5214608534,davebla,0,95.7,1B Pete Alonso 2B Nick Sogard 3B Caleb Durbin C Gabriel Moreno OF Corbin Carroll OF Jake McCarthy OF Tyler O'Neill P Reid Detmers P MacKenzie Gore SS Mauricio Dubon,,Yainer Diaz,C,0.21%,0
216,5214573261,st.louisal,0,95.65,1B Kyle Schwarber 2B Donovan Walton 3B Cesar Prieto C Salvador Perez OF Ronald Acuna Jr. OF Bryce Harper OF Austin Martin P Tarik Skubal P Christian Scott SS Jackson Holliday,,Garrett Mitchell,OF,0.21%,2
217,5214477681,Lukevall24,0,95.35,1B Alec Burleson 2B JJ Wetherholt 3B Junior Caminero C Ivan Herrera OF Jordan Walker OF Dylan Beavers OF Tyler O'Neill P MacKenzie Gore P Noah Cameron SS Jackson Holliday,,Justin Wrobleski,P,0.21%,0
217,5214558834,dogyballs,0,95.35,1B Jonathan Aranda 2B Carson Williams 3B Yandy Diaz C Nick Fortes OF Jackson Chourio OF Jake Bauers OF Tyler O'Neill P Tarik Skubal P Reid Detmers SS Kaelen Culpepper,,Logan Webb,P,0.21%,0
217,5214564798,groovecityhacksaw,0,95.35,1B Jonathan Aranda 2B Bryson Stott 3B Junior Caminero C Ivan Herrera OF Carson Benge OF Jose Siri OF Brett Bateman P Tarik Skubal P Reid Detmers SS Kaelen Culpepper,,Brett Baty,2B,0.21%,22
220,5214554144,ahtnap,0,95.25,1B Matt Olson 2B Ozzie Albies 3B Jorge Polanco C Drake Baldwin OF Ronald Acuna Jr. OF Michael Harris II OF Gavin Sheets P Sonny Gray P Dean Kremer SS Mookie Betts,,Trea Turner,SS,0.21%,0
221,5214583243,gls7508,0,95.05,1B Alec Burleson 2B Jackson Holliday 3B Bryson Stott C Garrett Stubbs OF Wilyer Abreu OF Jarren Duran OF Teoscar Hernandez P Logan Henderson P MacKenzie Gore SS Jacob Wilson,,J.T. Realmuto,C,0.21%,0
222,5214591911,tcarv4,0,95,1B Yandy Diaz 2B Nick Sogard 3B Junior Caminero C Connor Wong OF Wilyer Abreu OF Chandler Simpson OF Ryan Vilade P Tarik Skubal P Noah Cameron SS Carson Williams,,Victor Mesa Jr.,OF,0.21%,0
223,5214551890,flatliners2134,0,94.7,1B Kyle Schwarber 2B Jackson Holliday 3B Coby Mayo C Hunter Goodman OF Wilyer Abreu OF Tyler O'Neill OF Colton Cowser P Reid Detmers P MacKenzie Gore SS Gunnar Henderson,,Ryan Kreidler,SS,0.21%,5
223,5214607661,pbg007,0,94.7,1B Yandy Diaz 2B Carson Williams 3B Junior Caminero C Connor Wong OF Max Kepler OF Ryan Vilade OF Brett Bateman P Tarik Skubal P Logan Henderson SS Taylor Walls,,Dylan Lee,P,0.21%,0
225,5214562219,himmy1738,0,94.6,1B Jeff McNeil 2B Jackson Holliday 3B Junior Caminero C Jonah Heim OF Tyler Soderstrom OF Lawrence Butler OF Tyler O'Neill P Tarik Skubal P Hayden Wesneski SS Jacob Wilson,,Troy Johnston,OF,0.21%,6
225,5214606820,k.wisneski,0,94.6,1B Rafael Devers 2B Anthony Seigler 3B Sung-Mun Song C Francisco Alvarez OF Fernando Tatis Jr. OF Andy Pages OF Michael Harris II P Tarik Skubal P Dean Kremer SS Francisco Lindor,,Kyle Tucker,OF,0.21%,4
227,5214598617,dbsuperman2110,0,94.4,1B Christian Walker 2B Ketel Marte 3B Isaac Paredes C Gabriel Moreno OF Yordan Alvarez OF Taylor Trammell OF Lars Nootbaar P Noah Cameron P Hunter Dobbins SS Jeremy Pena,,Jose Fernandez,1B,0.21%,0
228,5214533515,jaj555,0,94.35,1B Matt Olson 2B Bryson Stott 3B Caleb Durbin C Drake Baldwin OF Tyler Soderstrom OF Michael Harris II OF Brandon Marsh P MacKenzie Gore P Noah Cameron SS Jackson Holliday,,Yoshinobu Yamamoto,P,0.21%,0
228,5214579016,dcjet,0,94.35,1B Matt Olson 2B Jackson Holliday 3B Yandy Diaz C Jonah Heim OF Tyler Soderstrom OF Carson Benge OF Lawrence Butler P Michael Soroka P Trevor Rogers SS Masyn Winn,,Peter Lambert,P,0.21%,0
230,5214527065,happygoasian22,0,94,1B Jonathan Aranda 2B Marcus Semien 3B Bo Bichette C Drake Baldwin OF A.J. Ewing OF Carson Benge OF Tyler O'Neill P Tarik Skubal P Noah Cameron SS Francisco Lindor,,Andrew Vaughn,1B,0.21%,0
231,5214573715,gschmidt82,0,93.75,1B Christian Walker 2B Jose Altuve 3B Isaac Paredes C Drake Baldwin OF Yordan Alvarez OF Jake McCarthy OF Brett Bateman P Trevor Rogers P Dean Kremer SS Jeremy Pena,,Nick Loftin,3B,0.21%,19
232,5214483366,TySchwy,0,93.7,1B Matt Olson 2B Royce Lewis 3B Ezequiel Duran C Sean Murphy OF Yordan Alvarez OF Ronald Acuna Jr. OF Michael Harris II P MacKenzie Gore P Freddy Peralta SS Kaelen Culpepper,,Ernie Clement,3B,0.21%,0
233,5214473548,kenny7575,0,93.6,1B Bryce Harper 2B Bryson Stott 3B Yandy Diaz C Ivan Herrera OF Fernando Tatis Jr. OF Chandler Simpson OF Carson Benge P Bryce Elder P Jacob Lopez SS Andruw Monasterio,,Evan Carter,OF,0.21%,0
233,5214575091,khards91,0,93.6,1B Vladimir Guerrero Jr. 2B JJ Wetherholt 3B Yandy Diaz C Gabriel Moreno OF Henry Bolte OF Nathan Lukes OF Brett Bateman P Tarik Skubal P Hayden Wesneski SS Gunnar Henderson,,Michael King,P,0.21%,0
233,5214605707,needlunchmoney,0,93.6,1B Willson Contreras 2B Charles McAdoo 3B Junior Caminero C Connor Wong OF Wilyer Abreu OF Jarren Duran OF Masataka Yoshida P Tarik Skubal P Dean Kremer SS Zach Neto,,Liam Hicks,C,0.21%,0
236,5214595961,joejoe1983,0,93.45,1B Vladimir Guerrero Jr. 2B Josh Smith 3B Ezequiel Duran C Ivan Herrera OF Jackson Chourio OF George Springer OF Jarren Duran P Tarik Skubal P MacKenzie Gore SS Kaelen Culpepper,,Kike Hernandez,OF,0.21%,0
237,5214535041,mickevcarter,0,93.35,1B Yandy Diaz 2B Nick Sogard 3B Junior Caminero C Nick Fortes OF Teoscar Hernandez OF Ryan Vilade OF Masataka Yoshida P Tarik Skubal P Reid Detmers SS Carson Williams,,Brandon Lockridge,OF,0.21%,0
237,5214567471,tharris2023,0,93.35,1B Ryan Vilade 2B Jackson Holliday 3B Yandy Diaz C Carlos Narvaez OF Shohei Ohtani OF Dylan Beavers OF Tyler O'Neill P Tarik Skubal P Reid Detmers SS Gunnar Henderson,,Salvador Perez,1B,0.21%,0
237,5214581673,joey6868,0,93.35,1B Rafael Devers 2B JJ Wetherholt 3B Austin Riley C Jimmy Crooks OF Ronald Acuna Jr. OF Jackson Merrill OF Tim Tawa P Tarik Skubal P Freddy Peralta SS Francisco Lindor,,Charles McAdoo,1B,0.21%,16
240,5214584408,Iceman501,0,93.2,1B Alec Burleson 2B JJ Wetherholt 3B Cesar Prieto C Ivan Herrera OF Mike Trout OF Jose Siri OF Wade Meckler P Tarik Skubal P Michael Soroka SS Masyn Winn,,,
241,5214608535,bigferg0442,0,92.75,1B Charles McAdoo 2B Brice Turang 3B Kyle Karros C Connor Wong OF Michael Harris II OF A.J. Ewing OF Jarren Duran P Tarik Skubal P Sonny Gray SS Francisco Lindor,,,
242,5214502900,cubbie57,0,92.7,1B Josh Bell 2B Anthony Seigler 3B Caleb Durbin C Sean Murphy OF Ceddanne Rafaela OF Michael Harris II OF Jarren Duran P Tarik Skubal P Logan Henderson SS Mauricio Dubon,,,
242,5214575536,Joenello,0,92.7,1B Pete Alonso 2B JJ Wetherholt 3B Coby Mayo C Ivan Herrera OF Ronald Acuna Jr. OF Jake McCarthy OF Tyler O'Neill P MacKenzie Gore P Freddy Peralta SS Geraldo Perdomo,,,
244,5214569573,zjb76,0,92.65,1B Josh Bell 2B Jackson Holliday 3B Junior Caminero C Connor Wong OF Jackson Chourio OF Wilyer Abreu OF Jackson Merrill P Tarik Skubal P Gabriel Hughes SS Kaelen Culpepper,,,
245,5214446458,SaintsClair,0,92.35,1B Yandy Diaz 2B Jackson Holliday 3B Junior Caminero C Carlos Narvaez OF Ryan Vilade OF Dylan Beavers OF Tyler O'Neill P Tarik Skubal P Reid Detmers SS Gunnar Henderson,,,
246,5214526180,loigwine,0,92.25,1B Kyle Schwarber 2B Charles McAdoo 3B Bryson Stott C Jonah Heim OF Bryce Harper OF Tyler Soderstrom OF Lawrence Butler P Logan Henderson P Christian Scott SS Kaelen Culpepper,,,
247,5214584906,allmil,0,92.15,1B Yandy Diaz 2B Jeff McNeil 3B Junior Caminero C Hunter Goodman OF Wilyer Abreu OF Jarren Duran OF Ryan Vilade P Trevor Rogers P Noah Cameron SS Jackson Holliday,,,
248,5214518583,BraytonDFS,0,91.7,1B Josh Bell 2B Ozzie Albies 3B Caleb Durbin C Ivan Herrera OF Michael Harris II OF A.J. Ewing OF Tyler O'Neill P Tarik Skubal P Logan Henderson SS Kaelen Culpepper,,,
249,5214533570,nwalters912,0,91.45,1B Jake Burger 2B Jackson Holliday 3B Ezequiel Duran C Carlos Narvaez OF Corbin Carroll OF Wyatt Langford OF Brandon Nimmo P Tarik Skubal P MacKenzie Gore SS Corey Seager,,,
250,5214569594,bthel,0,91.25,1B Nick Sogard 2B Ozzie Albies 3B Coby Mayo C Elias Diaz OF Shohei Ohtani OF Brandon Marsh OF Tyler O'Neill P Tarik Skubal P Trevor Rogers SS Masyn Winn,,,
251,5214487164,kennym80,0,91.2,1B Matt Olson 2B Bryson Stott 3B Bo Bichette C Drake Baldwin OF Bryce Harper OF Carson Benge OF Masataka Yoshida P Tarik Skubal P Jacob Lopez SS Andres Gimenez,,,
251,5214596058,beenjammin98,0,91.2,1B Alec Burleson 2B JJ Wetherholt 3B Caleb Durbin C Ivan Herrera OF Mike Trout OF Jose Siri OF Masataka Yoshida P Tarik Skubal P Jacob Lopez SS Zach Neto,,,
253,5214509615,jonjonlegend,0,90.9,1B Bryce Harper 2B Donovan Walton 3B Yandy Diaz C Jonah Heim OF Tyler Soderstrom OF Henry Bolte OF Masataka Yoshida P Sonny Gray P Trevor Rogers SS Jackson Holliday,,,
254,5214571881,Wesleyboyd1,0,90.5,1B Freddie Freeman 2B Ozzie Albies 3B Kyle Karros C Nick Fortes OF Jackson Chourio OF Jose Fermin OF Edmundo Sosa P Tarik Skubal P Bryce Elder SS Jackson Holliday,,,
255,5214558387,phuff12,0,90.35,1B Nick Sogard 2B Jackson Holliday 3B Bo Bichette C Ivan Herrera OF Wilyer Abreu OF Leody Taveras OF Masataka Yoshida P Tarik Skubal P Reid Detmers SS Gunnar Henderson,,,
256,5214580531,dtrain71,0,90.1,1B Willson Contreras 2B Royce Lewis 3B Caleb Durbin C Ivan Herrera OF Ceddanne Rafaela OF Jarren Duran OF Masataka Yoshida P Sonny Gray P MacKenzie Gore SS Jackson Holliday,,,
257,5214589219,Optimo_Wizard,0,90.05,1B Kyle Schwarber 2B Anthony Seigler 3B Caleb Durbin C Connor Wong OF Wilyer Abreu OF Michael Harris II OF Masataka Yoshida P Logan Henderson P MacKenzie Gore SS Mauricio Dubon,,,
258,5214554383,StayintheFray2026,0,89.85,1B Jake Bauers 2B Jackson Holliday 3B Bryson Stott C Gabriel Moreno OF Jackson Chourio OF Tim Tawa OF Tyler O'Neill P Logan Henderson P Trevor Rogers SS Geraldo Perdomo,,,
258,5214591080,Scooter5843,0,89.85,1B Willson Contreras 2B Bryson Stott 3B Austin Riley C Gabriel Moreno OF Ronald Acuna Jr. OF Andy Pages OF Carson Benge P Sonny Gray P Jacob Lopez SS Jackson Holliday,,,
260,5214574400,redzone408,0,89.8,1B Freddie Freeman 2B Josh Smith 3B Caleb Durbin C Hunter Feduccia OF Shohei Ohtani OF Andy Pages OF Ceddanne Rafaela P Tarik Skubal P Blade Tidwell SS Mookie Betts,,,
261,5214462593,tjames3221,0,89.5,1B Bryce Harper 2B Bryson Stott 3B Junior Caminero C Garrett Stubbs OF Yordan Alvarez OF Daulton Varsho OF Derek Hill P Reid Detmers P Trevor Rogers SS Edmundo Sosa,,,
261,5214608913,iKilledGusFring,0,89.5,1B Liam Hicks 2B Willi Castro 3B Zack Gelof C Jonah Heim OF Shohei Ohtani OF Corbin Carroll OF Luke Keaschall P Hayden Wesneski P Noah Cameron SS Masyn Winn,,,
263,5214575978,JoeDPhilly,0,89.35,1B Alec Burleson 2B JJ Wetherholt 3B Bryson Stott C Ivan Herrera OF Jordan Walker OF Nathan Church OF Brett Bateman P Tarik Skubal P Reid Detmers SS Kaelen Culpepper,,,
264,5214580255,mattyp233,0,89.1,1B Kyle Schwarber 2B Nick Sogard 3B Junior Caminero C Jimmy Crooks OF Shohei Ohtani OF Wilyer Abreu OF Brett Bateman P Michael Soroka P Noah Cameron SS Jackson Holliday,,,
264,5214596435,klokworked,0,89.1,1B Kyle Schwarber 2B Jackson Holliday 3B Jorge Polanco C Carlos Narvaez OF Bryce Harper OF Corbin Carroll OF Masataka Yoshida P Sonny Gray P MacKenzie Gore SS Geraldo Perdomo,,,
266,5214564049,jonathanbuttrill,0,88.9,1B Royce Lewis 2B Luis Arraez 3B Brooks Lee C Ivan Herrera OF Bryce Harper OF Jake McCarthy OF Luke Keaschall P Reid Detmers P Christian Scott SS Jackson Holliday,,,
267,5214584503,GrinkleberryGronk,0,88.8,1B Pete Alonso 2B Jackson Holliday 3B Coby Mayo C Connor Wong OF Wilyer Abreu OF Ceddanne Rafaela OF Leody Taveras P Logan Henderson P Michael Soroka SS Gunnar Henderson,,,
268,5214592942,austinsteve24,0,88.7,1B Nick Sogard 2B Charles McAdoo 3B Caleb Durbin C Francisco Alvarez OF Wilyer Abreu OF Ceddanne Rafaela OF George Springer P Tarik Skubal P Logan Henderson SS Andres Gimenez,,,
269,5214542819,Jflash29x,0,88.65,1B Kyle Schwarber 2B Luis Arraez 3B Bryson Stott C Victor Caratini OF A.J. Ewing OF Carson Benge OF Brett Bateman P Tarik Skubal P Christian Scott SS Francisco Lindor,,,
270,5214438601,msisback,0,88.45,1B Matt Olson 2B JJ Wetherholt 3B Isaac Paredes C Drake Baldwin OF Ronald Acuna Jr. OF Lars Nootbaar OF Tyler O'Neill P Casey Mize P Jacob Lopez SS Jeremy Pena,,,
270,5214594511,tux8385,0,88.45,1B Jonathan Aranda 2B Carson Williams 3B Junior Caminero C Liam Hicks OF Shohei Ohtani OF Teoscar Hernandez OF Ryan Vilade P Michael Soroka P Freddy Peralta SS Jackson Holliday,,,
270,5214607332,Nikko2004,0,88.45,1B Salvador Perez 2B Cam Cauley 3B Sung-Mun Song C Hunter Goodman OF Yordan Alvarez OF Jackson Chourio OF Kyle Isbel P Tarik Skubal P MacKenzie Gore SS Miguel Rojas,,,
273,5214459428,da1uh8,0,88.25,1B Freddie Freeman 2B Tommy Edman 3B Bryson Stott C Hunter Feduccia OF Shohei Ohtani OF Masataka Yoshida OF Brett Bateman P Tarik Skubal P Trevor Rogers SS Jackson Holliday,,,
273,5214605570,World_Domination67,0,88.25,1B Jared Young 2B Jackson Holliday 3B Nolan Arenado C Francisco Alvarez OF Bryce Harper OF Wilyer Abreu OF Jake McCarthy P Tarik Skubal P Trevor Rogers SS Kaelen Culpepper,,,
275,5214503285,hunt2422,0,88.2,1B Tim Tawa 2B Bryson Stott 3B Jonah Bride C Gabriel Moreno OF Corbin Carroll OF Wyatt Langford OF Lars Nootbaar P Tarik Skubal P Michael Soroka SS Geraldo Perdomo,,,
276,5214545784,Andybennett_18,0,87.75,1B Shohei Ohtani 2B Marcus Semien 3B Coby Mayo C Freddy Fermin OF Jordan Walker OF Masataka Yoshida OF Dylan Beavers P Tarik Skubal P Sonny Gray SS Andres Gimenez,,,
277,5214462358,Fougerapm,0,87.7,1B Bryce Eldridge 2B Jeff McNeil 3B Junior Caminero C Drew Cavanaugh OF Taylor Trammell OF Lawrence Butler OF Jordan Beck P Tarik Skubal P Logan Henderson SS Geraldo Perdomo,,,
277,5214571048,CalledK3,0,87.7,1B Kyle Schwarber 2B Bryson Stott 3B Cesar Prieto C Jimmy Crooks OF Bryce Harper OF Brandon Marsh OF Colton Cowser P Tarik Skubal P Logan Henderson SS Edmundo Sosa,,,
279,5214561824,cngwafon,0,87.6,1B Alec Burleson 2B Nick Sogard 3B Junior Caminero C Jimmy Crooks OF Jordan Walker OF Nathan Church OF Masataka Yoshida P Tarik Skubal P Hayden Wesneski SS Jackson Holliday,,,
279,5214599829,mtwurth,0,87.6,1B Alec Burleson 2B Nick Sogard 3B Bryson Stott C Ivan Herrera OF Bryce Harper OF Jake McCarthy OF Nathan Church P Logan Henderson P Noah Cameron SS Jackson Holliday,,,
281,5214511404,AlmightyGabe,0,87.35,1B Alec Burleson 2B JJ Wetherholt 3B Christian Koss C Ivan Herrera OF Jordan Walker OF Nathan Church OF Tyler O'Neill P Tarik Skubal P Reid Detmers SS Jackson Holliday,,,
282,5214600144,caporelli,0,87.2,1B Jake Bauers 2B Nick Sogard 3B Caleb Durbin C Jonah Heim OF Wilyer Abreu OF Tyler Soderstrom OF Jarren Duran P Logan Henderson P Dean Kremer SS Masyn Winn,,,
283,5214516461,mikeyt-68,0,86.7,1B Jeff McNeil 2B Nick Sogard 3B Caleb Durbin C Jonah Heim OF Tyler Soderstrom OF Lawrence Butler OF Carlos Cortes P Tarik Skubal P Logan Henderson SS Jackson Holliday,,,
284,5214528247,bpaletta,0,86.6,1B Pete Alonso 2B Carson Williams 3B Junior Caminero C Gabriel Moreno OF Mickey Moniak OF Lars Nootbaar OF Tyler O'Neill P Reid Detmers P Freddy Peralta SS Gunnar Henderson,,,
285,5214472637,AverageTuesday,0,86.35,1B Bryce Harper 2B Bryson Stott 3B Caleb Durbin C Garrett Stubbs OF Ceddanne Rafaela OF Brandon Marsh OF Jarren Duran P Tarik Skubal P Reid Detmers SS Edmundo Sosa,,,
285,5214607559,micahosie,0,86.35,1B Jeff McNeil 2B Jackson Holliday 3B Junior Caminero C Nick Fortes OF Andy Pages OF Tyler O'Neill OF Brett Bateman P Tarik Skubal P Reid Detmers SS Gunnar Henderson,,,
287,5214588582,CRoss57312,0,86.25,1B Pete Alonso 2B Jackson Holliday 3B Coby Mayo C Jonah Heim OF Brandon Marsh OF Tyler O'Neill OF Zack Gelof P Tarik Skubal P Trevor Rogers SS Gunnar Henderson,,,
288,5214467546,1914Joshcam03,0,86.2,1B Matt Olson 2B Ketel Marte 3B Brooks Lee C Victor Caratini OF Ronald Acuna Jr. OF Corbin Carroll OF Lars Nootbaar P Tarik Skubal P Jacob Lopez SS Kaelen Culpepper,,,
288,5214563641,danlauch,0,86.2,1B Willson Contreras 2B Marcus Semien 3B Bo Bichette C Connor Wong OF Ceddanne Rafaela OF Chandler Simpson OF Lars Nootbaar P Tarik Skubal P Michael Soroka SS Jackson Holliday,,,
290,5214608764,cheeseisgood,0,85.95,1B Kyle Schwarber 2B Jackson Holliday 3B Coby Mayo C Jimmy Crooks OF Bryce Harper OF Dylan Beavers OF Tyler O'Neill P Logan Henderson P Reid Detmers SS Gunnar Henderson,,,
291,5214571598,kamiro,0,85.7,1B Alec Burleson 2B Jorge Polanco 3B Josh Smith C Drake Baldwin OF Jordan Walker OF Teoscar Hernandez OF Luke Keaschall P Tarik Skubal P Logan Henderson SS Kaelen Culpepper,,,
292,5214577367,ocdobv,0,85.6,1B Willson Contreras 2B Nick Sogard 3B Junior Caminero C Connor Wong OF Wilyer Abreu OF Ceddanne Rafaela OF Ryan Vilade P Tarik Skubal P Dean Kremer SS Carson Williams,,,
293,5214550072,dillmaak2022,0,85.45,1B Pete Alonso 2B Jackson Holliday 3B Isaac Paredes C Garrett Stubbs OF Yordan Alvarez OF Tyler O'Neill OF Colton Cowser P Tarik Skubal P MacKenzie Gore SS Gunnar Henderson,,,
294,5214599821,tmarotta1102,0,85.35,1B Josh Bell 2B Osleivis Basabe 3B Bryson Stott C Carlos Narvaez OF Ronald Acuna Jr. OF Jordan Walker OF Ceddanne Rafaela P Logan Henderson P Sonny Gray SS Kaelen Culpepper,,,
295,5214470773,Ponta01,0,85.3,1B Victor Caratini 2B Royce Lewis 3B Brooks Lee C Yainer Diaz OF Yordan Alvarez OF Daulton Varsho OF Cam Smith P Sonny Gray P Christian Scott SS Jeremy Pena,,,
296,5214599744,officialkid2kold,0,85.25,1B Matt Olson 2B Luis Arraez 3B Yandy Diaz C Elias Diaz OF Carson Benge OF Carlos Cortes OF Masataka Yoshida P Tarik Skubal P Trevor Rogers SS Jackson Holliday,,,
297,5214593999,jalewis11,0,85.2,1B Kyle Schwarber 2B Luis Arraez 3B Bryson Stott C Ivan Herrera OF Wilyer Abreu OF Carson Benge OF Nathan Lukes P Tarik Skubal P Jacob Lopez SS Jackson Holliday,,,
298,5214442685,gav3rd,0,84.85,1B Royce Lewis 2B Bryson Stott 3B Caleb Durbin C Gabriel Moreno OF Wilyer Abreu OF Jake McCarthy OF Luis Rengifo P Reid Detmers P Hayden Wesneski SS Geraldo Perdomo,,,
299,5214588871,Spartan0118,0,84.75,1B Willson Contreras 2B Jackson Holliday 3B Isaac Paredes C Ivan Herrera OF Yordan Alvarez OF Wilyer Abreu OF Jarren Duran P Christian Scott P Jacob Lopez SS Gunnar Henderson,,,
300,5214572165,Lora1008,0,84.7,1B Jared Young 2B Jackson Holliday 3B Bryson Stott C Ivan Herrera OF Bryce Harper OF Wilyer Abreu OF Brett Bateman P Tarik Skubal P Logan Henderson SS Kaelen Culpepper,,,
301,5214542157,thebattler33,0,84.6,1B Alec Burleson 2B Jackson Holliday 3B Bryson Stott C Brandon Valenzuela OF Bryce Harper OF Jordan Walker OF Dylan Beavers P MacKenzie Gore P Trevor Rogers SS Gunnar Henderson,,,
302,5214576017,fanofme,0,84.45,1B Nick Sogard 2B Willi Castro 3B Cesar Prieto C Ivan Herrera OF Jordan Walker OF Michael Harris II OF Henry Bolte P Tarik Skubal P MacKenzie Gore SS Kaelen Culpepper,,,
303,5214425066,bluester111,0,84.35,1B Matt Olson 2B Royce Lewis 3B Bryson Stott C Ivan Herrera OF Wilyer Abreu OF Carson Benge OF Brett Bateman P Tarik Skubal P Reid Detmers SS Kaelen Culpepper,,,
303,5214440161,trybicki,0,84.35,1B Matt Olson 2B Ozzie Albies 3B Isaac Paredes C Drake Baldwin OF Michael Harris II OF Taylor Trammell OF Daulton Varsho P Tarik Skubal P Freddy Peralta SS Mauricio Dubon,,,
303,5214492987,mitchellmorse30,0,84.35,1B Bryce Eldridge 2B JJ Wetherholt 3B Christian Koss C Ivan Herrera OF Jordan Walker OF Jung Hoo Lee OF Grant McCray P Tarik Skubal P Reid Detmers SS Willy Adames,,,
303,5214510372,mgiord15,0,84.35,1B Jeff McNeil 2B Luis Arraez 3B Bryson Stott C Jonah Heim OF Tyler Soderstrom OF Lawrence Butler OF Derek Hill P Tarik Skubal P Reid Detmers SS Jacob Wilson,,,
303,5214544846,greatko,0,84.35,1B Matt Olson 2B Ozzie Albies 3B Jorge Polanco C Sean Murphy OF Corbin Carroll OF Lars Nootbaar OF Ryan Waldschmidt P Tarik Skubal P Reid Detmers SS Geraldo Perdomo,,,
308,5214599654,firstdownpirates,0,84.25,1B Alec Burleson 2B Jackson Holliday 3B Bryson Stott C Ivan Herrera OF Bryce Harper OF Masataka Yoshida OF Tyler O'Neill P Tarik Skubal P Trevor Rogers SS Masyn Winn,,,
308,5214606139,krisnegus,0,84.25,1B Pete Alonso 2B Jackson Holliday 3B Coby Mayo C Gabriel Moreno OF Corbin Carroll OF Dylan Beavers OF Tyler O'Neill P Tarik Skubal P Trevor Rogers SS Geraldo Perdomo,,,
310,5214497594,amoore7925,0,84.1,1B Alec Burleson 2B JJ Wetherholt 3B Bryson Stott C Ivan Herrera OF Bryce Harper OF Jordan Walker OF Wilyer Abreu P Noah Cameron P Jacob Lopez SS Masyn Winn,,,
311,5214537400,dlbell5848,0,84.05,1B Nick Sogard 2B Anthony Seigler 3B Ezequiel Duran C Connor Wong OF Wilyer Abreu OF Ceddanne Rafaela OF Wyatt Langford P Logan Henderson P MacKenzie Gore SS Corey Seager,,,
312,5214581873,iowahawks40,0,83.95,1B Matt Olson 2B Ozzie Albies 3B Austin Riley C Sean Murphy OF Ronald Acuna Jr. OF Jarren Duran OF Gavin Sheets P MacKenzie Gore P Hayden Wesneski SS Bobby Witt Jr.,,,
313,5214490543,sconyers09,0,83.75,1B Pete Alonso 2B Jackson Holliday 3B Coby Mayo C Garrett Stubbs OF Ronald Acuna Jr. OF Bryce Harper OF Tyler Soderstrom P Trevor Rogers P Hayden Wesneski SS Gunnar Henderson,,,
314,5214579831,StevieFranchise,0,83.65,1B Pete Alonso 2B Jorge Polanco 3B Junior Caminero C Hunter Feduccia OF Andy Pages OF Wilyer Abreu OF Jose Siri P Logan Henderson P Andrew Painter SS Mookie Betts,,,
315,5214550135,jdkbld,0,83.5,1B Matt Olson 2B Royce Lewis 3B Austin Riley C Ivan Herrera OF Corbin Carroll OF Jordan Walker OF Jake McCarthy P Hayden Wesneski P Noah Cameron SS Mauricio Dubon,,,
316,5214512584,ShaidyAdvice,0,83.45,1B Jake Burger 2B Cam Cauley 3B Ezequiel Duran C Elias Diaz OF Ceddanne Rafaela OF Wyatt Langford OF Lawrence Butler P Tarik Skubal P MacKenzie Gore SS Gunnar Henderson,,,
317,5214573846,rwarren88,0,83.4,1B Yandy Diaz 2B Nick Sogard 3B Junior Caminero C Ivan Herrera OF Jordan Walker OF Wilyer Abreu OF Masataka Yoshida P Bryce Elder P Noah Cameron SS Jackson Holliday,,,
318,5214458842,theblackhand666,0,83.35,1B Yandy Diaz 2B Oswald Peraza 3B Junior Caminero C Travis d'Arnaud OF Jose Siri OF Wade Meckler OF Tyler O'Neill P Logan Henderson P Sonny Gray SS Zach Neto,,,
318,5214571251,dirtygreek3838,0,83.35,1B Jared Young 2B Osleivis Basabe 3B Jorge Polanco C Drake Baldwin OF Corbin Carroll OF Andy Pages OF Wyatt Langford P Tarik Skubal P Freddy Peralta SS Geraldo Perdomo,,,
318,5214575744,Ravens1,0,83.35,1B Pete Alonso 2B Ozzie Albies 3B Bo Bichette C Victor Caratini OF Michael Harris II OF Brandon Nimmo OF Tyler O'Neill P Logan Henderson P Sonny Gray SS Jackson Holliday,,,
318,5214591747,bwhalen22,0,83.35,1B Ryan Vilade 2B Tommy Edman 3B Junior Caminero C Travis d'Arnaud OF Jake McCarthy OF Carson Benge OF Brett Bateman P Tarik Skubal P Reid Detmers SS Jackson Holliday,,,
318,5214599463,Gntsfn1,0,83.35,1B Tim Tawa 2B Marcus Semien 3B Bo Bichette C Sean Murphy OF Wilyer Abreu OF Michael Harris II OF Brandon Nimmo P Tarik Skubal P Reid Detmers SS Corey Seager,,,
318,5214600114,TonyD29,0,83.35,1B Jared Young 2B Osleivis Basabe 3B Jorge Polanco C Drake Baldwin OF Corbin Carroll OF Andy Pages OF Wyatt Langford P Tarik Skubal P Freddy Peralta SS Geraldo Perdomo,,,
324,5214553286,jcuzzupe,0,83.1,1B Matt Olson 2B Ozzie Albies 3B Caleb Durbin C Drake Baldwin OF Brandon Marsh OF Jose Fermin OF Luke Keaschall P Logan Henderson P Bryce Elder SS Masyn Winn,,,
325,5214538895,FosterMel86,0,83,1B Ryan Vilade 2B Jose Altuve 3B Isaac Paredes C Victor Caratini OF Yordan Alvarez OF Cam Smith OF Colton Cowser P Tarik Skubal P Noah Cameron SS Jeremy Pena,,,
326,5214539645,fladman,0,82.85,1B Pete Alonso 2B Jackson Holliday 3B Junior Caminero C Jimmy Crooks OF Jung Hoo Lee OF Ryan Vilade OF Tyler O'Neill P Logan Henderson P Trevor Rogers SS Gunnar Henderson,,,
327,5214516703,chitwood111,0,82.75,1B Kyle Schwarber 2B Bryson Stott 3B Junior Caminero C Jimmy Crooks OF Carlos Cortes OF Nathan Church OF Colton Cowser P Tarik Skubal P Sonny Gray SS Kaelen Culpepper,,,
328,5214580168,byrdjt24,0,82.65,1B Jake Burger 2B Cam Cauley 3B Junior Caminero C Ivan Herrera OF Wyatt Langford OF Brandon Nimmo OF Tyler O'Neill P Tarik Skubal P Christian Scott SS Corey Seager,,,
329,5214581624,theoneandonly99,0,82.2,1B Nick Sogard 2B JJ Wetherholt 3B Yandy Diaz C Hunter Goodman OF Wilyer Abreu OF Jarren Duran OF Masataka Yoshida P Logan Henderson P Hayden Wesneski SS Kaelen Culpepper,,,
330,5214480427,sixers1212,0,82,1B Kyle Schwarber 2B Luis Arraez 3B Bryson Stott C Carlos Narvaez OF Bryce Harper OF Jake McCarthy OF Brandon Marsh P MacKenzie Gore P Christian Scott SS Jackson Holliday,,,
331,5214583284,csfalcon02,0,81.9,1B Alec Burleson 2B Bryson Stott 3B Caleb Durbin C Ivan Herrera OF Wilyer Abreu OF Ceddanne Rafaela OF Masataka Yoshida P Sonny Gray P Trevor Rogers SS Masyn Winn,,,
332,5214583839,chargesfanx,0,81.7,1B Bryce Harper 2B Bryson Stott 3B Coby Mayo C Drake Baldwin OF Jake McCarthy OF Tyler O'Neill OF Brett Bateman P Tarik Skubal P Logan Henderson SS Kaelen Culpepper,,,
333,5214591848,leopard1,0,81.6,1B Matt Olson 2B Jackson Holliday 3B Caleb Durbin C Hunter Goodman OF A.J. Ewing OF Carson Benge OF Jung Hoo Lee P MacKenzie Gore P Trevor Rogers SS Geraldo Perdomo,,,
334,5214564818,eckenrode123,0,81.25,1B Alec Burleson 2B Carson Williams 3B Yandy Diaz C Jonah Heim OF Jordan Walker OF Nathan Church OF Dylan Beavers P Tarik Skubal P Trevor Rogers SS Jackson Holliday,,,
335,5214488254,soonerbernie2002,0,81.1,1B Bryce Harper 2B Bryson Stott 3B Caleb Durbin C Salvador Perez OF Wilyer Abreu OF Brandon Marsh OF Jarren Duran P Sonny Gray P MacKenzie Gore SS Edmundo Sosa,,,
335,5214581552,Racing88,0,81.1,1B Willson Contreras 2B Nick Sogard 3B Isaac Paredes C Ivan Herrera OF Yordan Alvarez OF Wilyer Abreu OF Jarren Duran P Noah Cameron P Jacob Lopez SS Jeremy Pena,,,
337,5214590401,frankobones,0,80.8,1B Willson Contreras 2B Nick Sogard 3B Bo Bichette C Francisco Alvarez OF Wilyer Abreu OF A.J. Ewing OF Carson Benge P Trevor Rogers P Christian Scott SS Francisco Lindor,,,
338,5214555813,preeves4,0,80.7,1B Pete Alonso 2B Jackson Holliday 3B Yandy Diaz C Jimmy Crooks OF Nathan Church OF Tyler O'Neill OF Colton Cowser P Tarik Skubal P Logan Henderson SS Gunnar Henderson,,,
339,5214442397,reefahmadness,0,80.35,1B Pete Alonso 2B Jeff McNeil 3B Junior Caminero C Carlos Narvaez OF Lawrence Butler OF Dylan Beavers OF Tyler O'Neill P Tarik Skubal P Reid Detmers SS Gunnar Henderson,,,
339,5214607652,Bearsfan17,0,80.35,1B Willson Contreras 2B Nick Sogard 3B Jorge Polanco C Gabriel Moreno OF Wilyer Abreu OF Ceddanne Rafaela OF Jarren Duran P Tarik Skubal P Freddy Peralta SS Jackson Holliday,,,
341,5214599469,nugnugnug,0,80.1,1B Rafael Devers 2B Bryson Stott 3B Willi Castro C Ivan Herrera OF Carson Benge OF Brandon Nimmo OF Jung Hoo Lee P Logan Henderson P Bryce Elder SS Geraldo Perdomo,,,
342,5214591399,RileyMeyers,0,79.95,1B Kyle Schwarber 2B Luis Arraez 3B Bryson Stott C Jimmy Crooks OF Bryce Harper OF Brandon Marsh OF Teoscar Hernandez P MacKenzie Gore P Hayden Wesneski SS Mookie Betts,,,
343,5214474897,mankind1954,0,79.7,1B Kyle Schwarber 2B Osleivis Basabe 3B Brooks Lee C Hunter Goodman OF Jesus Sanchez OF Jordan Beck OF Brett Bateman P Tarik Skubal P Logan Henderson SS Andres Gimenez,,,
343,5214595491,Sully42386,0,79.7,1B Matt Olson 2B Jackson Holliday 3B Kyle Karros C Francisco Alvarez OF Ronald Acuna Jr. OF Wilyer Abreu OF Michael Harris II P MacKenzie Gore P Freddy Peralta SS Gunnar Henderson,,,
345,5214580705,bpadia,0,79.6,1B Willson Contreras 2B Jorge Polanco 3B Caleb Durbin C Francisco Alvarez OF Wilyer Abreu OF Ceddanne Rafaela OF Masataka Yoshida P Tarik Skubal P Hayden Wesneski SS Francisco Lindor,,,
346,5214573233,scooter186,0,79.35,1B Christian Walker 2B Carson Williams 3B Yandy Diaz C Nick Fortes OF Taylor Trammell OF Daulton Varsho OF Ryan Vilade P Tarik Skubal P Reid Detmers SS Jeremy Pena,,,
346,5214589724,beilke33,0,79.35,1B Kyle Schwarber 2B Bryson Stott 3B Caleb Durbin C Connor Wong OF Bryce Harper OF Wilyer Abreu OF Masataka Yoshida P Tarik Skubal P Freddy Peralta SS Edmundo Sosa,,,
348,5214579937,ChuckJ7174,0,79.15,1B Nick Sogard 2B Royce Lewis 3B Caleb Durbin C Drake Baldwin OF Wilyer Abreu OF Ceddanne Rafaela OF Masataka Yoshida P Sonny Gray P Bryce Elder SS Francisco Lindor,,,
349,5214597812,splashgp,0,78.85,1B Willson Contreras 2B Jackson Holliday 3B Bryson Stott C Jimmy Crooks OF Bryce Harper OF Corbin Carroll OF Brandon Marsh P Reid Detmers P Hayden Wesneski SS Geraldo Perdomo,,,
350,5214540907,mcnallytm,0,78.75,1B Pete Alonso 2B Ketel Marte 3B Bryson Stott C Jimmy Crooks OF Wilyer Abreu OF Jarren Duran OF Brett Bateman P Tarik Skubal P Sonny Gray SS Edmundo Sosa,,,
351,5214471092,Dreak01,0,78.7,1B Shohei Ohtani 2B Jake Cronenworth 3B Bryson Stott C Victor Caratini OF Cole Carrigg OF George Springer OF Brett Bateman P Tarik Skubal P Logan Henderson SS Kaelen Culpepper,,,
352,5214582291,Easton1022,0,78.6,1B Willson Contreras 2B Nick Sogard 3B Caleb Durbin C Drake Baldwin OF Wilyer Abreu OF Ceddanne Rafaela OF Michael Harris II P Reid Detmers P Freddy Peralta SS Mauricio Dubon,,,
353,5214554137,Drew571,0,78.5,1B Willson Contreras 2B Luis Arraez 3B Bryson Stott C Gabriel Moreno OF Wilyer Abreu OF Tyler Soderstrom OF Ceddanne Rafaela P Hayden Wesneski P Noah Cameron SS Jackson Holliday,,,
354,5214553385,Puckett,0,78.3,1B Alec Burleson 2B JJ Wetherholt 3B Caleb Durbin C Ivan Herrera OF Wilyer Abreu OF Ceddanne Rafaela OF Masataka Yoshida P Sonny Gray P Christian Scott SS Jackson Holliday,,,
355,5214424690,Prantzer28,0,78.25,1B Alec Burleson 2B Nick Sogard 3B Caleb Durbin C Ivan Herrera OF Wilyer Abreu OF Carson Benge OF Masataka Yoshida P Tarik Skubal P Trevor Rogers SS Jackson Holliday,,,
356,5214573136,Harry1962,0,78.15,1B Bryce Harper 2B Bryson Stott 3B Yandy Diaz C Ivan Herrera OF Yordan Alvarez OF Masataka Yoshida OF Tyler O'Neill P Sonny Gray P Bryce Elder SS Kaelen Culpepper,,,
357,5214566686,sgibson619,0,77.65,1B Pete Alonso 2B Jackson Holliday 3B Bryson Stott C Ivan Herrera OF Jake McCarthy OF Jackson Merrill OF Carson Benge P Tarik Skubal P Gabriel Hughes SS Mauricio Dubon,,,
358,5214500235,tyredaddy,0,77.2,1B Jake Burger 2B Jackson Holliday 3B Ezequiel Duran C Drake Baldwin OF Wyatt Langford OF Tyler O'Neill OF Colton Cowser P Tarik Skubal P Michael Soroka SS Jeremy Pena,,,
359,5214425272,MYSTERIO10,0,77.05,1B Rafael Devers 2B Jose Altuve 3B Isaac Paredes C Travis d'Arnaud OF Yordan Alvarez OF Ryan Vilade OF Cam Cauley P Logan Henderson P MacKenzie Gore SS Zach Neto,,,
360,5214500537,OSUbucknut614,0,77,1B Matt Olson 2B Ketel Marte 3B Bryson Stott C Ivan Herrera OF Bryce Harper OF Michael Harris II OF Mauricio Dubon P Bryce Elder P Hayden Wesneski SS Geraldo Perdomo,,,
361,5214597138,crookedzebra,0,76.7,1B Alec Burleson 2B JJ Wetherholt 3B Jonah Bride C Ivan Herrera OF Jordan Walker OF Dylan Beavers OF Tyler O'Neill P Tarik Skubal P Logan Henderson SS Kaelen Culpepper,,,
362,5214591808,ryanbeck,0,76.45,1B Tim Tawa 2B Nick Sogard 3B Bryson Stott C Jimmy Crooks OF Corbin Carroll OF Wilyer Abreu OF Cole Carrigg P Tarik Skubal P MacKenzie Gore SS Jackson Holliday,,,
363,5214495961,CeedeezNuts_88,0,76.35,1B Ryan Vilade 2B Nick Sogard 3B Junior Caminero C Nick Fortes OF Wilyer Abreu OF Ceddanne Rafaela OF Brett Bateman P Tarik Skubal P Reid Detmers SS Carson Williams,,,
363,5214579832,sal-tee-17,0,76.35,1B Matt Olson 2B Osleivis Basabe 3B Jorge Polanco C Ivan Herrera OF Corbin Carroll OF Wyatt Langford OF Teoscar Hernandez P Tarik Skubal P Freddy Peralta SS Geraldo Perdomo,,,
365,5214533274,cliftonsr67,0,76,1B Matt Olson 2B JJ Wetherholt 3B Yandy Diaz C Drake Baldwin OF Jesus Sanchez OF Tyler O'Neill OF Brett Bateman P Tarik Skubal P Noah Cameron SS Jeremy Pena,,,
366,5214519445,aco821,0,75.75,1B Royce Lewis 2B Luis Arraez 3B Caleb Durbin C Ivan Herrera OF Corbin Carroll OF Jackson Chourio OF Nathan Lukes P Reid Detmers P Bryce Elder SS Jackson Holliday,,,
367,5214597169,Powell80,0,75.65,1B Alec Burleson 2B Nick Sogard 3B Coby Mayo C Ivan Herrera OF Jordan Walker OF Andy Pages OF Wilyer Abreu P Trevor Rogers P Bryce Elder SS Jackson Holliday,,,
368,5214584988,sambob2,0,75.45,1B Willson Contreras 2B JJ Wetherholt 3B Caleb Durbin C Ivan Herrera OF Ceddanne Rafaela OF Jarren Duran OF Brett Bateman P Tarik Skubal P MacKenzie Gore SS Kaelen Culpepper,,,
368,5214596952,UndisputablE,0,75.45,1B Willson Contreras 2B Nick Sogard 3B Caleb Durbin C Drake Baldwin OF Michael Harris II OF Jarren Duran OF Masataka Yoshida P Tarik Skubal P MacKenzie Gore SS Carson Williams,,,
370,5214585408,kfrye0219,0,75.35,1B Matt Olson 2B Luis Arraez 3B Caleb Durbin C Francisco Alvarez OF Yordan Alvarez OF Tyler Soderstrom OF Masataka Yoshida P MacKenzie Gore P Noah Cameron SS Jackson Holliday,,,
371,5214586829,mfps22,0,75.25,1B Kyle Schwarber 2B Bryson Stott 3B Cesar Prieto C Jimmy Crooks OF Bryce Harper OF Ceddanne Rafaela OF Brandon Marsh P Sonny Gray P Hayden Wesneski SS Gunnar Henderson,,,
372,5214511882,rsnow15,0,75.05,1B Pete Alonso 2B Jackson Holliday 3B Bo Bichette C Ivan Herrera OF Jordan Walker OF Wilyer Abreu OF Christian Yelich P Bryce Elder P Jameson Taillon SS Gunnar Henderson,,,
373,5214593072,chippy33,0,74.85,1B Rafael Devers 2B Bryson Stott 3B Bo Bichette C Connor Wong OF Wilyer Abreu OF Jake McCarthy OF Brandon Nimmo P Logan Henderson P Trevor Rogers SS Masyn Winn,,,
374,5214480325,dsloc8,0,74.6,1B Christian Walker 2B Anthony Seigler 3B Brooks Lee C Gabriel Moreno OF Yordan Alvarez OF Wyatt Langford OF Garrett Mitchell P Michael Soroka P Bryce Elder SS Mauricio Dubon,,,
374,5214564560,BolasViejas,0,74.6,1B Matt Olson 2B Josh Smith 3B Bryson Stott C Drake Baldwin OF Andy Pages OF Michael Harris II OF Daulton Varsho P Tarik Skubal P Hayden Wesneski SS Jackson Holliday,,,
376,5214560717,kensauer,0,74.5,1B Matt Olson 2B Jake Cronenworth 3B Coby Mayo C Carlos Narvaez OF Shohei Ohtani OF Jake McCarthy OF Brandon Marsh P Tarik Skubal P Bryce Elder SS Mauricio Dubon,,,
376,5214597186,bwhshs,0,74.5,1B Alec Burleson 2B JJ Wetherholt 3B Austin Riley C Francisco Alvarez OF Michael Harris II OF Henry Bolte OF Masataka Yoshida P Tarik Skubal P Bryce Elder SS Masyn Winn,,,
378,5214495549,darrellsaxton,0,74.35,1B Christian Walker 2B Osleivis Basabe 3B Ezequiel Duran C Gabriel Moreno OF Wilyer Abreu OF Ceddanne Rafaela OF Tim Tawa P Tarik Skubal P Freddy Peralta SS Geraldo Perdomo,,,
378,5214543404,DaWiddys,0,74.35,1B Jared Young 2B Brice Turang 3B Jorge Polanco C Drake Baldwin OF Corbin Carroll OF Teoscar Hernandez OF Taylor Trammell P Tarik Skubal P Freddy Peralta SS Geraldo Perdomo,,,
380,5214568345,takenoprisonersak,0,74.25,1B Pete Alonso 2B Jackson Holliday 3B Bryson Stott C Ivan Herrera OF Michael Harris II OF Ryan Vilade OF Tyler O'Neill P Tarik Skubal P Trevor Rogers SS Geraldo Perdomo,,,
381,5214523268,colonelforbin22,0,74.15,1B Willson Contreras 2B Jeff McNeil 3B Caleb Durbin C Connor Wong OF Corbin Carroll OF Wilyer Abreu OF Ceddanne Rafaela P Sonny Gray P Hunter Dobbins SS Geraldo Perdomo,,,
382,5214581526,DakotaSkye44,0,74.1,1B Matt Olson 2B Anthony Seigler 3B Bo Bichette C Connor Wong OF Bryce Harper OF Wilyer Abreu OF Jake McCarthy P Sonny Gray P MacKenzie Gore SS Kaelen Culpepper,,,
383,5214582235,tightenUPson,0,74,1B Jonathan Aranda 2B Ketel Marte 3B Caleb Durbin C Ivan Herrera OF Wilyer Abreu OF Michael Harris II OF A.J. Ewing P Bryce Elder P Hayden Wesneski SS Geraldo Perdomo,,,
384,5214606210,anniefitz,0,73.9,1B Matt Olson 2B Bryson Stott 3B Austin Riley C Carlos Narvaez OF Yordan Alvarez OF Michael Harris II OF Carson Benge P Sonny Gray P Trevor Rogers SS Mauricio Dubon,,,
385,5214525482,Dscheyder,0,73.85,1B Nick Sogard 2B Jackson Holliday 3B Junior Caminero C Connor Wong OF Wilyer Abreu OF Nathan Church OF Masataka Yoshida P Logan Henderson P Trevor Rogers SS Gunnar Henderson,,,
386,5214554632,Heatmizer316,0,73.75,1B Jared Young 2B Jackson Holliday 3B Ezequiel Duran C Drew Cavanaugh OF Corbin Carroll OF Wyatt Langford OF Daulton Varsho P Tarik Skubal P Sonny Gray SS Geraldo Perdomo,,,
387,5214526220,bookem5,0,73.65,1B Kyle Schwarber 2B Ozzie Albies 3B Caleb Durbin C Drake Baldwin OF Jake McCarthy OF Jarren Duran OF Tim Tawa P Sonny Gray P Noah Cameron SS Jackson Holliday,,,
388,5214591653,legreat19,0,73,1B Pete Alonso 2B Jackson Holliday 3B Isaac Paredes C Christian Vazquez OF Yordan Alvarez OF Dylan Beavers OF Tyler O'Neill P Sonny Gray P Reid Detmers SS Gunnar Henderson,,,
389,5214523782,cgage,0,72.6,1B Vladimir Guerrero Jr. 2B Tommy Edman 3B Max Muncy C Drake Baldwin OF Andy Pages OF Nathan Lukes OF Jesus Sanchez P MacKenzie Gore P Trevor Rogers SS Mookie Betts,,,
390,5214579374,jaw67,0,71.7,1B Matt Olson 2B Jackson Holliday 3B Bryson Stott C Drake Baldwin OF Wilyer Abreu OF Nathan Lukes OF Brett Bateman P Tarik Skubal P Logan Henderson SS Kaelen Culpepper,,,
391,5214574366,obcase,0,71.6,1B Bryce Harper 2B Bryson Stott 3B Caleb Durbin C Ivan Herrera OF Yordan Alvarez OF Jake McCarthy OF Ceddanne Rafaela P Bryce Elder P Jacob Lopez SS Masyn Winn,,,
391,5214583034,skillet300,0,71.6,1B Kyle Schwarber 2B Bryson Stott 3B Caleb Durbin C Ivan Herrera OF Corbin Carroll OF Jordan Walker OF Ryan Vilade P Michael Soroka P Bryce Elder SS Kaelen Culpepper,,,
393,5214582724,theefootballguru,0,71.5,1B Kyle Schwarber 2B Osleivis Basabe 3B Bryson Stott C Victor Caratini OF Corbin Carroll OF Jung Hoo Lee OF Derek Hill P Tarik Skubal P Bryce Elder SS Willy Adames,,,
394,5214575340,bigjohnson1964,0,71.25,1B Andrew Vaughn 2B Tommy Edman 3B Nolan Arenado C Garrett Stubbs OF Bryce Harper OF Wilyer Abreu OF Brett Bateman P Tarik Skubal P Trevor Rogers SS Gunnar Henderson,,,
395,5214599477,curtiss1,0,71,1B Nick Sogard 2B Ketel Marte 3B Josh Smith C Salvador Perez OF Wilyer Abreu OF Jake McCarthy OF Carson Benge P Sonny Gray P Reid Detmers SS Geraldo Perdomo,,,
396,5214527687,eharig09,0,70.95,1B Willson Contreras 2B Jeff McNeil 3B Caleb Durbin C Jonah Heim OF Wilyer Abreu OF Ceddanne Rafaela OF Masataka Yoshida P Logan Henderson P Reid Detmers SS Kaelen Culpepper,,,
397,5214606875,swright71,0,70.85,1B Tim Tawa 2B Luis Arraez 3B Bryson Stott C Christian Vazquez OF Jackson Chourio OF Jake McCarthy OF Jake Bauers P Logan Henderson P Trevor Rogers SS Mauricio Dubon,,,
398,5214594865,rcarena,0,70.75,1B Rafael Devers 2B Donovan Walton 3B Kyle Karros C Victor Caratini OF Tyler Soderstrom OF Henry Bolte OF Lawrence Butler P Tarik Skubal P Sonny Gray SS Jacob Wilson,,,
399,5214549092,kwwagner1142,0,70.7,1B Alec Burleson 2B Nick Sogard 3B Caleb Durbin C Jimmy Crooks OF Wilyer Abreu OF Ceddanne Rafaela OF Masataka Yoshida P Tarik Skubal P Logan Henderson SS Kaelen Culpepper,,,
400,5214571247,bpiksta,0,70.35,1B Matt Olson 2B Osleivis Basabe 3B Jorge Polanco C Drake Baldwin OF Corbin Carroll OF Teoscar Hernandez OF Taylor Trammell P Tarik Skubal P Freddy Peralta SS Geraldo Perdomo,,,
400,5214598241,ttibbs18,0,70.35,1B Matt Olson 2B Bryson Stott 3B Caleb Durbin C Francisco Alvarez OF Wilyer Abreu OF Brandon Nimmo OF Tyler O'Neill P Logan Henderson P Sonny Gray SS Jackson Holliday,,,
402,5214525085,DreamchaserJC,0,70.25,1B Willson Contreras 2B Jeff McNeil 3B Junior Caminero C Connor Wong OF Wilyer Abreu OF Jarren Duran OF Masataka Yoshida P Tarik Skubal P Trevor Rogers SS Carson Williams,,,
403,5214599127,Shatty51,0,69.9,1B Christian Walker 2B JJ Wetherholt 3B Willi Castro C Salvador Perez OF Ronald Acuna Jr. OF A.J. Ewing OF Lawrence Butler P Reid Detmers P Gabriel Hughes SS Francisco Lindor,,,
404,5214592931,DBLJ5586,0,69.8,1B Kyle Schwarber 2B Nick Sogard 3B Manny Machado C Gabriel Moreno OF Jordan Walker OF Jesus Sanchez OF Tyler O'Neill P Trevor Rogers P Christian Scott SS Jeremy Pena,,,
405,5214606903,tylaiviac,0,69.25,1B Pete Alonso 2B Jackson Holliday 3B Junior Caminero C Francisco Alvarez OF Masataka Yoshida OF Dylan Beavers OF Colton Cowser P Tarik Skubal P Trevor Rogers SS Gunnar Henderson,,,
406,5214606131,rndllcray0127,0,69.15,1B Vladimir Guerrero Jr. 2B Jose Altuve 3B Yandy Diaz C Hunter Goodman OF Teoscar Hernandez OF Nathan Church OF Edmundo Sosa P Sonny Gray P Bryce Elder SS Jeremy Pena,,,
407,5214575067,shot65,0,69,1B Jose Fernandez 2B Ozzie Albies 3B Junior Caminero C Drake Baldwin OF Kyle Tucker OF Ryan Waldschmidt OF Mauricio Dubon P Yoshinobu Yamamoto P Peter Lambert SS Andres Gimenez,,,
408,5214573237,RedPete,0,68.85,1B Christian Walker 2B Jackson Holliday 3B David Hamilton C Ivan Herrera OF Yordan Alvarez OF Taylor Trammell OF Tyler O'Neill P Logan Henderson P Trevor Rogers SS Geraldo Perdomo,,,
409,5214527616,seahawks4444,0,68.7,1B Christian Walker 2B Nick Sogard 3B Bryson Stott C Nick Fortes OF George Springer OF Masataka Yoshida OF Tyler O'Neill P Tarik Skubal P Logan Henderson SS Geraldo Perdomo,,,
410,5214605620,sunsemparchi,0,68.65,1B Kyle Schwarber 2B Bryson Stott 3B Junior Caminero C Nick Fortes OF Bryce Harper OF Brandon Marsh OF Derek Hill P Trevor Rogers P Bryce Elder SS Kaelen Culpepper,,,
411,5214484619,ivymoose,0,68.35,1B Kyle Schwarber 2B Anthony Seigler 3B Caleb Durbin C Garrett Stubbs OF Wilyer Abreu OF Jarren Duran OF Masataka Yoshida P Tarik Skubal P Reid Detmers SS Carson Williams,,,
412,5214599719,steunit,0,67.75,1B Jared Young 2B Jake Cronenworth 3B Caleb Durbin C Connor Wong OF Corbin Carroll OF Brandon Marsh OF Lars Nootbaar P Tarik Skubal P Sonny Gray SS Zach Neto,,,
413,5214563586,MoDonoho,0,67.7,1B Pete Alonso 2B Jorge Polanco 3B Bryson Stott C Carlos Narvaez OF Bryce Harper OF Carson Benge OF Tyler O'Neill P Tarik Skubal P Logan Henderson SS Jackson Holliday,,,
414,5214491571,meyers2305,0,67.45,1B Pete Alonso 2B Jackson Holliday 3B Caleb Durbin C Carlos Narvaez OF Ceddanne Rafaela OF Jarren Duran OF Dylan Beavers P Tarik Skubal P MacKenzie Gore SS Gunnar Henderson,,,
415,5214568574,dean78904,0,67.35,1B Willson Contreras 2B Nick Sogard 3B Caleb Durbin C Ivan Herrera OF Wilyer Abreu OF Masataka Yoshida OF Tyler O'Neill P Tarik Skubal P Reid Detmers SS Jackson Holliday,,,
416,5214443718,capps24,0,67.25,1B Jake Burger 2B JJ Wetherholt 3B Caleb Durbin C Sean Murphy OF Jordan Walker OF Wyatt Langford OF Jarren Duran P Sonny Gray P Hayden Wesneski SS Jeremy Pena,,,
417,5214562472,otepencelik,0,66.9,1B Willson Contreras 2B Bryson Stott 3B Caleb Durbin C Ivan Herrera OF Wilyer Abreu OF Ceddanne Rafaela OF Masataka Yoshida P Sonny Gray P Trevor Rogers SS Jackson Holliday,,,
418,5214445920,Brewhaus,0,66.35,1B Willson Contreras 2B Nick Sogard 3B Caleb Durbin C Francisco Alvarez OF Wilyer Abreu OF Ceddanne Rafaela OF Luke Keaschall P Tarik Skubal P Reid Detmers SS Kaelen Culpepper,,,
418,5214537226,bnast32,0,66.35,1B Matt Olson 2B Osleivis Basabe 3B Jorge Polanco C Drake Baldwin OF Corbin Carroll OF Teoscar Hernandez OF Max Kepler P Tarik Skubal P Freddy Peralta SS Geraldo Perdomo,,,
418,5214560045,BuckeyeCity,0,66.35,1B Willson Contreras 2B Nick Sogard 3B Bryson Stott C Jimmy Crooks OF Wilyer Abreu OF Jarren Duran OF Masataka Yoshida P Tarik Skubal P Reid Detmers SS Jackson Holliday,,,
421,5214496685,Andremc,0,66.25,1B Matt Olson 2B Jackson Holliday 3B Junior Caminero C Carlos Narvaez OF Wilyer Abreu OF Wyatt Langford OF Tyler O'Neill P Tarik Skubal P Trevor Rogers SS Jim Jarvis,,,
421,5214571256,AJLew,0,66.25,1B Willson Contreras 2B Anthony Seigler 3B Caleb Durbin C Ivan Herrera OF Wilyer Abreu OF Jake McCarthy OF Jarren Duran P Sonny Gray P Hayden Wesneski SS Masyn Winn,,,
421,5214590013,bradharvey,0,66.25,1B Pete Alonso 2B Justin Foscue 3B Ezequiel Duran C Elias Diaz OF Wyatt Langford OF Brandon Nimmo OF Tyler O'Neill P Tarik Skubal P Trevor Rogers SS Gunnar Henderson,,,
424,5214592038,Ninerman,0,65.75,1B TJ Rumfield 2B Nick Sogard 3B Bryson Stott C Francisco Alvarez OF A.J. Ewing OF Taylor Trammell OF Nathan Church P Tarik Skubal P Sonny Gray SS Geraldo Perdomo,,,
425,5214507233,74riZionup,0,65.7,1B Kyle Schwarber 2B JJ Wetherholt 3B Josh Smith C Travis d'Arnaud OF Bryce Harper OF Teoscar Hernandez OF Brett Bateman P Tarik Skubal P Logan Henderson SS Kaelen Culpepper,,,
425,5214582033,dburawski,0,65.7,1B Nick Sogard 2B JJ Wetherholt 3B Cesar Prieto C Drake Baldwin OF Wilyer Abreu OF Jarren Duran OF Masataka Yoshida P Tarik Skubal P Logan Henderson SS Kaelen Culpepper,,,
427,5214529058,RpBoston,0,65.6,1B Willson Contreras 2B Nick Sogard 3B Caleb Durbin C Ivan Herrera OF Wilyer Abreu OF Ceddanne Rafaela OF Tyler O'Neill P Tarik Skubal P Hayden Wesneski SS Jackson Holliday,,,
428,5214464104,country811,0,65.5,1B Pete Alonso 2B Luis Arraez 3B Bryson Stott C William Contreras OF Bryce Harper OF Jung Hoo Lee OF Tyler O'Neill P Trevor Rogers P Freddy Peralta SS Gunnar Henderson,,,
428,5214474271,samwvu,0,65.5,1B Matt Olson 2B Ozzie Albies 3B Bryson Stott C Ivan Herrera OF Jarren Duran OF Brandon Nimmo OF Daulton Varsho P Tarik Skubal P Bryce Elder SS Mauricio Dubon,,,
430,5214582467,ccraftman,0,65.25,1B Bryce Harper 2B Luis Arraez 3B Bryson Stott C Jimmy Crooks OF Jung Hoo Lee OF Lawrence Butler OF Carlos Cortes P Tarik Skubal P Trevor Rogers SS Willy Adames,,,
431,5214608183,RedBerts,0,64.5,1B Kyle Schwarber 2B Bryson Stott 3B Caleb Durbin C Connor Wong OF Corbin Carroll OF Jake McCarthy OF Brett Bateman P Tarik Skubal P Bryce Elder SS Jackson Holliday,,,
432,5214565114,Bobsands,0,64.3,1B Vladimir Guerrero Jr. 2B Luis Arraez 3B Bo Bichette C Francisco Alvarez OF Bryce Harper OF Brandon Marsh OF Lawrence Butler P Sonny Gray P Christian Scott SS Corey Seager,,,
433,5214425060,go_rangers_go,0,64.25,1B Matt Olson 2B Bryson Stott 3B Ezequiel Duran C Jimmy Crooks OF Bryce Harper OF A.J. Ewing OF Masataka Yoshida P Tarik Skubal P Trevor Rogers SS Andres Gimenez,,,
434,5214502964,mfoleyy2,0,63.75,1B Pete Alonso 2B Anthony Seigler 3B Caleb Durbin C Ivan Herrera OF Wilyer Abreu OF Masataka Yoshida OF Tyler O'Neill P Tarik Skubal P Sonny Gray SS Jackson Holliday,,,
435,5214608775,killer62,0,63.65,1B Royce Lewis 2B Jorge Polanco 3B Caleb Durbin C Salvador Perez OF Ronald Acuna Jr. OF Jordan Walker OF Tyler Soderstrom P Sonny Gray P Noah Cameron SS Geraldo Perdomo,,,
436,5214563245,Britrubig21,0,63.35,1B Willson Contreras 2B Nick Sogard 3B Caleb Durbin C Francisco Alvarez OF Corbin Carroll OF Wilyer Abreu OF Jarren Duran P MacKenzie Gore P Noah Cameron SS Geraldo Perdomo,,,
437,5214551687,LAZLAZ,0,63.05,1B Pete Alonso 2B JJ Wetherholt 3B Bo Bichette C Hunter Goodman OF Cole Carrigg OF A.J. Ewing OF Brett Bateman P Bryce Elder P Christian Scott SS Francisco Lindor,,,
438,5214606456,tempdowg,0,62.7,1B Kyle Schwarber 2B Anthony Seigler 3B Josh Smith C Jimmy Crooks OF Fernando Tatis Jr. OF Jarren Duran OF Nathan Lukes P Tarik Skubal P Logan Henderson SS Kaelen Culpepper,,,
439,5214577933,gmemygld,0,62.65,1B Willson Contreras 2B Nick Sogard 3B Bo Bichette C Francisco Alvarez OF Wilyer Abreu OF Ceddanne Rafaela OF Carson Benge P Tarik Skubal P Christian Scott SS Kaelen Culpepper,,,
440,5214551273,Ceegar,0,62.5,1B Kyle Schwarber 2B Jackson Holliday 3B Bryson Stott C Hunter Goodman OF Bryce Harper OF Jake McCarthy OF Cole Carrigg P Hayden Wesneski P Noah Cameron SS Kaelen Culpepper,,,
440,5214594537,NYblue28,0,62.5,1B Pete Alonso 2B JJ Wetherholt 3B Coby Mayo C Carlos Narvaez OF Bryce Harper OF Wilyer Abreu OF Tyler O'Neill P Reid Detmers P Trevor Rogers SS Gunnar Henderson,,,
442,5214546916,rgupta074,0,62,1B Kyle Schwarber 2B Luis Arraez 3B Bryson Stott C Carlos Narvaez OF Bryce Harper OF Brandon Marsh OF Tyler O'Neill P Tarik Skubal P Noah Cameron SS Jackson Holliday,,,
443,5214596375,mrnice1,0,61.55,1B Kyle Schwarber 2B JJ Wetherholt 3B Bryson Stott C Ivan Herrera OF Bryce Harper OF Jordan Walker OF Nathan Church P Noah Cameron P Gabriel Hughes SS Jackson Holliday,,,
444,5214542169,jesseem,0,61.5,1B Matt Olson 2B Nick Sogard 3B Austin Riley C Drake Baldwin OF Ronald Acuna Jr. OF Ceddanne Rafaela OF Brett Bateman P Tarik Skubal P Bryce Elder SS Jim Jarvis,,,
445,5214571346,vegas_berg,0,61.1,1B Jonathan Aranda 2B Jose Altuve 3B Caleb Durbin C Jimmy Crooks OF Chandler Simpson OF Victor Mesa Jr. OF Taylor Trammell P Logan Henderson P Bryce Elder SS Jeremy Pena,,,
446,5214599037,tomc46,0,60.75,1B Willson Contreras 2B Brice Turang 3B Brooks Lee C Drew Cavanaugh OF Ryan Waldschmidt OF Masataka Yoshida OF Cam Cauley P Tarik Skubal P Sonny Gray SS Jacob Wilson,,,
447,5214471782,Gthitter,0,60.15,1B Nick Sogard 2B Ketel Marte 3B Caleb Durbin C Nick Fortes OF Corbin Carroll OF Ceddanne Rafaela OF Masataka Yoshida P Sonny Gray P Bryce Elder SS Geraldo Perdomo,,,
448,5214591918,GODADGO27,0,60.05,1B Freddie Freeman 2B Ozzie Albies 3B Ernie Clement C Brandon Valenzuela OF Jordan Walker OF Brandon Marsh OF Evan Carter P Tarik Skubal P Michael King SS Miguel Rojas,,,
449,5214566696,parkerbooty,0,59.65,1B Bryce Harper 2B Bryson Stott 3B Caleb Durbin C Ivan Herrera OF Wilyer Abreu OF Jake McCarthy OF Ceddanne Rafaela P Sonny Gray P Noah Cameron SS Kaelen Culpepper,,,
450,5214575757,taofato,0,59.15,1B Shohei Ohtani 2B Nick Sogard 3B Caleb Durbin C Victor Caratini OF Wilyer Abreu OF Ceddanne Rafaela OF Jarren Duran P Sonny Gray P Bryce Elder SS Jackson Holliday,,,
451,5214497403,ufhoops,0,58.7,1B Victor Caratini 2B Ozzie Albies 3B Kazuma Okamoto C Jimmy Crooks OF Wilyer Abreu OF Michael Harris II OF Jarren Duran P Tarik Skubal P Logan Henderson SS Kaelen Culpepper,,,
452,5214573255,stevenl57,0,58.25,1B Pete Alonso 2B Jackson Holliday 3B Caleb Durbin C Carlos Narvaez OF Andy Pages OF Jonny DeLuca OF Tyler O'Neill P Tarik Skubal P Trevor Rogers SS Gunnar Henderson,,,
453,5214548336,Tron55,0,57.8,1B Willson Contreras 2B JJ Wetherholt 3B Bo Bichette C Ivan Herrera OF Yordan Alvarez OF Wilyer Abreu OF Colton Cowser P Trevor Rogers P Gabriel Hughes SS Jackson Holliday,,,
454,5214556424,Tbit79,0,57.75,1B Royce Lewis 2B JJ Wetherholt 3B Caleb Durbin C Jimmy Crooks OF Wilyer Abreu OF Ceddanne Rafaela OF Masataka Yoshida P Tarik Skubal P Sonny Gray SS Kaelen Culpepper,,,
455,5214492808,will1252,0,56.7,1B Victor Caratini 2B Josh Smith 3B Caleb Durbin C Brandon Valenzuela OF Wilyer Abreu OF Ceddanne Rafaela OF Jarren Duran P Tarik Skubal P Logan Henderson SS Andruw Monasterio,,,
456,5214565146,mrblazeone314,0,56.4,1B Willson Contreras 2B Nick Sogard 3B Ezequiel Duran C Connor Wong OF Wilyer Abreu OF Ceddanne Rafaela OF Jac Caglianone P Bryce Elder P Noah Cameron SS Bobby Witt Jr.,,,
457,5214595720,4SureFasho,0,56.25,1B Matt Olson 2B Luis Arraez 3B Austin Riley C Gabriel Moreno OF Kike Hernandez OF Nathan Lukes OF Tyler O'Neill P Tarik Skubal P Trevor Rogers SS Gunnar Henderson,,,
458,5214519428,USC_Jerry,0,55.65,1B Matt Olson 2B Anthony Seigler 3B Bryson Stott C Brandon Valenzuela OF Jordan Walker OF Jake McCarthy OF Cole Carrigg P Tarik Skubal P Christian Scott SS Kaelen Culpepper,,,
459,5214593399,hph26us1,0,55.5,1B Bryce Eldridge 2B Tommy Edman 3B Kyle Karros C Hunter Goodman OF Mickey Moniak OF Teoscar Hernandez OF Colton Cowser P Tarik Skubal P Hunter Dobbins SS Mookie Betts,,,
460,5214518592,JayMan8955,0,55.35,1B Willson Contreras 2B Jose Altuve 3B Caleb Durbin C Carlos Narvaez OF Wilyer Abreu OF Jarren Duran OF Masataka Yoshida P Tarik Skubal P Reid Detmers SS Jackson Holliday,,,
461,5214565338,jcr333,0,55.25,1B Vladimir Guerrero Jr. 2B Tommy Edman 3B Max Muncy C Jimmy Crooks OF Jordan Walker OF Teoscar Hernandez OF Brett Bateman P Tarik Skubal P Trevor Rogers SS Masyn Winn,,,
462,5214574152,cmoran4697,0,54.65,1B Kyle Schwarber 2B Luis Arraez 3B Bryson Stott C Jimmy Crooks OF Bryce Harper OF Troy Johnston OF Derek Hill P Sonny Gray P Noah Cameron SS Kaelen Culpepper,,,
463,5214594858,Tenzleyy,0,54.35,1B Willson Contreras 2B Jackson Holliday 3B Caleb Durbin C Connor Wong OF Wilyer Abreu OF Masataka Yoshida OF Dylan Beavers P Logan Henderson P Sonny Gray SS Gunnar Henderson,,,
464,5214465664,lpad22,0,53.15,1B Liam Hicks 2B Vaughn Grissom 3B Caleb Durbin C Gabriel Moreno OF Jackson Chourio OF Andy Pages OF Teoscar Hernandez P Sonny Gray P Bryce Elder SS Kaelen Culpepper,,,
465,5214542506,LordofRings6,0,53,1B Matt Olson 2B JJ Wetherholt 3B Caleb Durbin C Connor Wong OF Wilyer Abreu OF Ceddanne Rafaela OF Mauricio Dubon P Tarik Skubal P Noah Cameron SS Masyn Winn,,,
466,5214539656,bedwetter51,0,52.25,1B Nick Sogard 2B Anthony Seigler 3B Caleb Durbin C Connor Wong OF Yordan Alvarez OF Taylor Trammell OF Daulton Varsho P Tarik Skubal P Trevor Rogers SS Gunnar Henderson,,,
467,5214591982,thecommishchl,0,50.9,1B Christian Walker 2B Nick Sogard 3B Caleb Durbin C Carlos Narvaez OF Yordan Alvarez OF Wilyer Abreu OF Masataka Yoshida P Sonny Gray P Trevor Rogers SS Jeremy Pena,,,
468,5214607298,thegambler84,0,50.65,1B Liam Hicks 2B Brice Turang 3B David Hamilton C William Contreras OF Christian Yelich OF Daulton Varsho OF Brandon Lockridge P Tarik Skubal P Christian Scott SS Jackson Holliday,,,
469,5214599076,be8732,0,49.7,1B Willson Contreras 2B Osleivis Basabe 3B Caleb Durbin C Drew Cavanaugh OF Wilyer Abreu OF Jarren Duran OF Masataka Yoshida P Tarik Skubal P Logan Henderson SS Kaelen Culpepper,,,
470,5214539110,RigatoniSchnapp,0,47.25,1B Willson Contreras 2B Luis Arraez 3B Caleb Durbin C Jimmy Crooks OF Wilyer Abreu OF Ceddanne Rafaela OF Masataka Yoshida P Tarik Skubal P Trevor Rogers SS Andres Gimenez,,,
471,5214593068,45stoirtap,0,46.85,1B Rafael Devers 2B Brice Turang 3B Caleb Durbin C Drew Cavanaugh OF Wilyer Abreu OF Jarren Duran OF Masataka Yoshida P Logan Henderson P Trevor Rogers SS Jacob Wilson,,,
472,5214508728,mrfrisky50,0,46.65,1B Rafael Devers 2B Ozzie Albies 3B Caleb Durbin C Victor Caratini OF Yordan Alvarez OF Michael Harris II OF Taylor Trammell P Trevor Rogers P Bryce Elder SS Jeremy Pena,,,
473,5214578034,rexxy23,0,42.25,1B Willson Contreras 2B JJ Wetherholt 3B Caleb Durbin C Jimmy Crooks OF Ronald Acuna Jr. OF Dylan Beavers OF Tyler O'Neill P Tarik Skubal P Trevor Rogers SS Jackson Holliday,,,
474,5214521065,t4rmalief,0,26,1B Pete Alonso 2B Jackson Holliday 3B Willi Castro C Hunter Goodman OF Mickey Moniak OF Dylan Beavers OF Tyler O'Neill P Justin Wrobleski P Logan Webb SS Gunnar Henderson,,,
475,5214590078,Impact2830,0,0,,,,
