Rank,EntryId,EntryName,TimeRemaining,Points,Lineup,,Player,Roster Position,%Drafted,FPTS
1,5211752495,seiferidjosh80 (4/20),0,183.5,1B Ben Rice 2B Xavier Edwards 3B Caleb Durbin C Jonah Heim OF Tyler Soderstrom OF Ceddanne Rafaela OF Jahmai Jones P Gerrit Cole P Sandy Alcantara SS George Lombard Jr.,,Chris Sale,P,73.42%,19.3
2,5212141213,ac919 (13/20),0,176.5,1B Ben Rice 2B Xavier Edwards 3B Caleb Durbin C Jonah Heim OF Tyler Soderstrom OF Ceddanne Rafaela OF Jahmai Jones P Gerrit Cole P Sandy Alcantara SS Jacob Wilson,,Caleb Durbin,3B,55.55%,14
3,5212112859,meyers2305 (5/20),0,171.5,1B Paul Goldschmidt 2B Xavier Edwards 3B Caleb Durbin C Austin Wells OF Trent Grisham OF Heriberto Hernandez OF Spencer Jones P Gerrit Cole P Sandy Alcantara SS George Lombard Jr.,,Ceddanne Rafaela,OF,50.87%,3
3,5212251296,txsr123 (6/20),0,171.5,1B Ben Rice 2B Xavier Edwards 3B Amed Rosario C Austin Wells OF Spencer Jones OF Jakob Marsee OF Owen Caissie P Gerrit Cole P Sandy Alcantara SS George Lombard Jr.,,Sandy Alcantara,P,48.96%,33.35
5,5212006601,20blks,0,168.5,1B Paul Goldschmidt 2B Nick Sogard 3B Caleb Durbin C Drake Baldwin OF Jakob Marsee OF Griffin Conine OF Jahmai Jones P Gerrit Cole P Sandy Alcantara SS George Lombard Jr.,,Willson Contreras,1B,40.28%,3
5,5212141216,ac919 (16/20),0,168.5,1B Paul Goldschmidt 2B Xavier Edwards 3B Austin Riley C Jonah Heim OF Heliot Ramos OF Spencer Jones OF Jahmai Jones P Gerrit Cole P Sandy Alcantara SS George Lombard Jr.,,Xavier Edwards,2B,39.64%,18
5,5212199207,dantheman78 (6/20),0,168.5,1B Ben Rice 2B Xavier Edwards 3B Jose Caballero C Jonah Heim OF Trent Grisham OF Spencer Jones OF Henry Bolte P Gerrit Cole P Sandy Alcantara SS Jacob Wilson,,Drake Baldwin,C,36.91%,3
8,5211875801,Scottyj316 (14/20),0,166.5,1B Ben Rice 2B Xavier Edwards 3B Amed Rosario C Austin Wells OF Trent Grisham OF Spencer Jones OF Jakob Marsee P Gerrit Cole P Sandy Alcantara SS Otto Lopez,,Andruw Monasterio,SS,36.07%,11
8,5212149164,RemoteLIES (4/20),0,166.5,1B Ben Rice 2B Xavier Edwards 3B Jose Caballero C Austin Wells OF Heliot Ramos OF Spencer Jones OF Jakob Marsee P Gerrit Cole P Sandy Alcantara SS Otto Lopez,,Ronald Acuna Jr.,OF,32.20%,14
10,5212123576,niquisition (2/20),0,165.5,1B Paul Goldschmidt 2B Xavier Edwards 3B Caleb Durbin C Jonah Heim OF Tyler Soderstrom OF Henry Bolte OF Lawrence Butler P Gerrit Cole P Sandy Alcantara SS Jacob Wilson,,Gerrit Cole,P,29.48%,30.15
11,5212002142,austin60915 (20/20),0,163.5,1B Ben Rice 2B Xavier Edwards 3B Jose Caballero C Joe Mack OF Tyler Soderstrom OF Heriberto Hernandez OF Spencer Jones P Gerrit Cole P Sandy Alcantara SS Otto Lopez,,Jahmai Jones,OF,27.02%,27
12,5212149175,RemoteLIES (15/20),0,162.5,1B Ben Rice 2B Nick Sogard 3B Caleb Durbin C Drake Baldwin OF Ceddanne Rafaela OF Jakob Marsee OF Jahmai Jones P Gerrit Cole P Sandy Alcantara SS Andruw Monasterio,,Jake Bennett,P,25.13%,8.6
13,5211836076,nycgator12,0,162.45,1B Kyle Stowers 2B Xavier Edwards 3B Caleb Durbin C Drake Baldwin OF Ronald Acuna Jr. OF Henry Bolte OF Jahmai Jones P Chris Sale P Gerrit Cole SS George Lombard Jr.,,Nick Sogard,2B,22.98%,13
13,5212170249,itrevinoz2 (1/12),0,162.45,1B Willson Contreras 2B Xavier Edwards 3B Caleb Durbin C Jonah Heim OF Tyler Soderstrom OF Henry Bolte OF Jahmai Jones P Chris Sale P Gerrit Cole SS Jacob Wilson,,Ozzie Albies,2B,22.38%,5
15,5211866457,az350z (1/20),0,161.5,1B Ben Rice 2B Alika Williams 3B Caleb Durbin C Jonah Heim OF Henry Bolte OF Eli White OF Jahmai Jones P Gerrit Cole P Sandy Alcantara SS Jacob Wilson,,Otto Lopez,SS,21.77%,14
16,5211987055,ballaholick713 (13/20),0,160.85,1B Ben Rice 2B Xavier Edwards 3B Javier Sanoja C Joe Mack OF Trent Grisham OF Spencer Jones OF Jakob Marsee P Gerrit Cole P Gage Jump SS Otto Lopez,,Matt Olson,1B,21.33%,0
17,5211866468,az350z (12/20),0,160.5,1B Ben Rice 2B Xavier Edwards 3B Jose Caballero C Austin Wells OF Heliot Ramos OF Spencer Jones OF Griffin Conine P Gerrit Cole P Sandy Alcantara SS Otto Lopez,,Michael Harris II,OF,21.06%,3
18,5211987048,ballaholick713 (6/20),0,159.85,1B Ben Rice 2B Xavier Edwards 3B Javier Sanoja C Jonah Heim OF Tyler Soderstrom OF Heriberto Hernandez OF Jakob Marsee P Gerrit Cole P Gage Jump SS Otto Lopez,,Jarren Duran,OF,21.03%,0
19,5211987053,ballaholick713 (11/20),0,158.85,1B Ben Rice 2B Xavier Edwards 3B Jose Caballero C Austin Wells OF Mike Trout OF Trent Grisham OF Spencer Jones P Gerrit Cole P Gage Jump SS Otto Lopez,,Kyle Stowers,1B,19.04%,2
20,5212141207,ac919 (7/20),0,158.65,1B Kyle Stowers 2B Xavier Edwards 3B Caleb Durbin C Drake Baldwin OF Ronald Acuna Jr. OF Jakob Marsee OF Jahmai Jones P Chris Sale P Sandy Alcantara SS Otto Lopez,,Jakob Marsee,OF,18.94%,14
21,5211580863,ivymoose (6/20),0,158.5,1B Willson Contreras 2B Nick Sogard 3B Amed Rosario C Connor Wong OF Trent Grisham OF Spencer Jones OF Jahmai Jones P Gerrit Cole P Sandy Alcantara SS George Lombard Jr.,,Mike Trout,OF,17.87%,2
21,5211770622,peltifreeze89 (8/20),0,158.5,1B Willson Contreras 2B Xavier Edwards 3B Caleb Durbin C Connor Wong OF Tyler Soderstrom OF Ceddanne Rafaela OF Jahmai Jones P Gerrit Cole P Sandy Alcantara SS Otto Lopez,,Connor Wong,C,17.80%,0
23,5212022893,jnwallen (11/20),0,157.5,1B Kyle Stowers 2B Xavier Edwards 3B Javier Sanoja C Jonah Heim OF Tyler Soderstrom OF Henry Bolte OF Jakob Marsee P Gerrit Cole P Sandy Alcantara SS Jacob Wilson,,Jonah Heim,C,16.66%,7
23,5212022896,jnwallen (14/20),0,157.5,1B Ben Rice 2B Nick Sogard 3B Caleb Durbin C Austin Wells OF Ceddanne Rafaela OF Heliot Ramos OF Jahmai Jones P Gerrit Cole P Sandy Alcantara SS Andruw Monasterio,,Henry Bolte,OF,15.85%,14
23,5212128875,slpendy (1/20),0,157.5,1B Ben Rice 2B Xavier Edwards 3B Caleb Durbin C Brian Serven OF Heriberto Hernandez OF Jakob Marsee OF Griffin Conine P Gerrit Cole P Sandy Alcantara SS Otto Lopez,,Walbert Urena,P,15.41%,-2.95
26,5212095510,woodreb5 (1/20),0,156.85,1B Ben Rice 2B Xavier Edwards 3B Amed Rosario C Brian Serven OF Trent Grisham OF Heriberto Hernandez OF Spencer Jones P Gerrit Cole P Gage Jump SS George Lombard Jr.,,Eli White,OF,15.41%,2
27,5211899237,chelterbrand (1/2),0,156.65,1B Willson Contreras 2B Nick Sogard 3B Caleb Durbin C Drake Baldwin OF Tyler Soderstrom OF Jakob Marsee OF Jahmai Jones P Chris Sale P Sandy Alcantara SS Otto Lopez,,Zach Neto,SS,13.32%,0
27,5212237571,chelterbrand (2/2),0,156.65,1B Willson Contreras 2B Nick Sogard 3B Caleb Durbin C Drake Baldwin OF Tyler Soderstrom OF Jakob Marsee OF Jahmai Jones P Chris Sale P Sandy Alcantara SS Otto Lopez,,Tyler Soderstrom,OF,13.09%,16
29,5211792418,Swishdakyng (8/20),0,156.5,1B Paul Goldschmidt 2B Xavier Edwards 3B Amed Rosario C Austin Wells OF Ceddanne Rafaela OF Jakob Marsee OF Jahmai Jones P Gerrit Cole P Sandy Alcantara SS Otto Lopez,,Jacob Wilson,SS,12.25%,14
29,5211895984,cowboys767 (7/20),0,156.5,1B Willson Contreras 2B Xavier Edwards 3B Caleb Durbin C Connor Wong OF Ronald Acuna Jr. OF Ceddanne Rafaela OF Jahmai Jones P Gerrit Cole P Sandy Alcantara SS Otto Lopez,,Heliot Ramos,OF,11.34%,0
29,5211914048,drunkonpappy (5/20),0,156.5,1B Paul Goldschmidt 2B Xavier Edwards 3B Jose Caballero C Austin Wells OF Ceddanne Rafaela OF Heliot Ramos OF Jahmai Jones P Gerrit Cole P Sandy Alcantara SS George Lombard Jr.,,Austin Riley,3B,11.24%,3
29,5212129477,monkey520 (4/8),0,156.5,1B Willson Contreras 2B Xavier Edwards 3B Caleb Durbin C Jonah Heim OF Ceddanne Rafaela OF Henry Bolte OF Jahmai Jones P Gerrit Cole P Sandy Alcantara SS Jose Caballero,,Heriberto Hernandez,OF,10.46%,7
29,5212242404,BigMart11 (7/20),0,156.5,1B Paul Goldschmidt 2B Xavier Edwards 3B Caleb Durbin C Austin Wells OF Tyler Soderstrom OF Trent Grisham OF Heliot Ramos P Gerrit Cole P Sandy Alcantara SS George Lombard Jr.,,Joe Mack,C,10.16%,0
34,5212083925,ckcash64 (10/20),0,155.65,1B Willson Contreras 2B Xavier Edwards 3B Caleb Durbin C Drake Baldwin OF Ronald Acuna Jr. OF Mike Yastrzemski OF Jahmai Jones P Chris Sale P Sandy Alcantara SS Andruw Monasterio,,Vaughn Grissom,2B,10.06%,0
34,5212149165,RemoteLIES (5/20),0,155.65,1B Kyle Stowers 2B Xavier Edwards 3B Caleb Durbin C Joe Mack OF Ronald Acuna Jr. OF Jakob Marsee OF Jahmai Jones P Chris Sale P Sandy Alcantara SS Otto Lopez,,Griffin Conine,OF,9.96%,8
36,5211752493,seiferidjosh80 (2/20),0,155.5,1B Nick Sogard 2B Xavier Edwards 3B Caleb Durbin C Jonah Heim OF Tyler Soderstrom OF Ceddanne Rafaela OF Jarren Duran P Gerrit Cole P Sandy Alcantara SS George Lombard Jr.,,Mauricio Dubon,SS,7.47%,7
36,5211917284,LTskelter (15/20),0,155.5,1B Ben Rice 2B Nick Sogard 3B Caleb Durbin C Jonah Heim OF Tyler Soderstrom OF Ceddanne Rafaela OF Lawrence Butler P Gerrit Cole P Sandy Alcantara SS Andruw Monasterio,,Gage Jump,P,7.13%,30.7
36,5211992471,MatthewManczka05,0,155.5,1B Kyle Stowers 2B Xavier Edwards 3B Caleb Durbin C Jonah Heim OF Ronald Acuna Jr. OF Tyler Soderstrom OF Heliot Ramos P Gerrit Cole P Sandy Alcantara SS George Lombard Jr.,,Wade Meckler,OF,6.90%,8
36,5212022899,jnwallen (17/20),0,155.5,1B Kyle Stowers 2B Xavier Edwards 3B Caleb Durbin C Joe Mack OF Ceddanne Rafaela OF Jakob Marsee OF Jahmai Jones P Gerrit Cole P Sandy Alcantara SS Otto Lopez,,Moises Ballesteros,C,6.90%,0
36,5212064691,henry296 (9/20),0,155.5,1B Paul Goldschmidt 2B Xavier Edwards 3B Jose Caballero C Drake Baldwin OF Trent Grisham OF Spencer Jones OF Henry Bolte P Gerrit Cole P Sandy Alcantara SS Otto Lopez,,Ben Rice,1B,6.33%,14
41,5211912887,bigw575757,0,154.65,1B Willson Contreras 2B Xavier Edwards 3B Caleb Durbin C Jonah Heim OF Tyler Soderstrom OF Ceddanne Rafaela OF Jahmai Jones P Chris Sale P Sandy Alcantara SS Jacob Wilson,,Tommy White,3B,6.19%,3
41,5212006183,LeftyE33 (3/5),0,154.65,1B Willson Contreras 2B Xavier Edwards 3B Caleb Durbin C Jonah Heim OF Tyler Soderstrom OF Ceddanne Rafaela OF Jahmai Jones P Chris Sale P Sandy Alcantara SS Jacob Wilson,,Paul Goldschmidt,1B,5.92%,5
41,5212063684,rbird33,0,154.65,1B Willson Contreras 2B Xavier Edwards 3B Caleb Durbin C Jonah Heim OF Tyler Soderstrom OF Ceddanne Rafaela OF Jahmai Jones P Chris Sale P Sandy Alcantara SS Jacob Wilson,,Brian Serven,C,5.82%,5
44,5211746317,j-wolf05 (12/20),0,154.5,1B Ben Rice 2B Xavier Edwards 3B Max Muncy C Jonah Heim OF Tyler Soderstrom OF Henry Bolte OF Griffin Conine P Gerrit Cole P Sandy Alcantara SS Otto Lopez,,Amed Rosario,3B,5.62%,0
44,5211896558,WILDCATBALLERS (8/20),0,154.5,1B Kyle Stowers 2B Nick Sogard 3B Max Muncy C Jonah Heim OF Henry Bolte OF Jakob Marsee OF Jahmai Jones P Gerrit Cole P Sandy Alcantara SS Jacob Wilson,,Nolan Schanuel,1B,5.48%,3
46,5212013383,zandwich (4/20),0,154.45,1B Willson Contreras 2B Nick Sogard 3B Caleb Durbin C Jonah Heim OF Tyler Soderstrom OF Henry Bolte OF Jahmai Jones P Chris Sale P Gerrit Cole SS Andruw Monasterio,,Javier Sanoja,3B,5.45%,9
47,5211792417,Swishdakyng (7/20),0,153.85,1B Paul Goldschmidt 2B Xavier Edwards 3B Max Muncy C Austin Wells OF Heliot Ramos OF Spencer Jones OF Mike Yastrzemski P Gerrit Cole P Gage Jump SS George Lombard Jr.,,Trent Grisham,OF,5.28%,7
48,5212073836,meodette (12/20),0,153.65,1B Willson Contreras 2B Nick Sogard 3B Caleb Durbin C Drake Baldwin OF Tyler Soderstrom OF Lawrence Butler OF Jahmai Jones P Chris Sale P Sandy Alcantara SS Andruw Monasterio,,Mike Yastrzemski,OF,4.95%,13
49,5211700017,Sammy.Boy (20/20),0,153.5,1B Willson Contreras 2B Xavier Edwards 3B Caleb Durbin C Jonah Heim OF Ceddanne Rafaela OF Trent Grisham OF Jahmai Jones P Gerrit Cole P Sandy Alcantara SS Andruw Monasterio,,Alika Williams,2B,4.37%,6
49,5211985670,slicksid27 (6/9),0,153.5,1B Ben Rice 2B Xavier Edwards 3B Javier Sanoja C Austin Wells OF Ronald Acuna Jr. OF Mike Trout OF Heliot Ramos P Gerrit Cole P Sandy Alcantara SS George Lombard Jr.,,Denzer Guzman,3B,4.27%,3
49,5212129476,monkey520 (3/8),0,153.5,1B Ben Rice 2B Xavier Edwards 3B Jose Caballero C Jonah Heim OF Tyler Soderstrom OF Heliot Ramos OF Henry Bolte P Gerrit Cole P Sandy Alcantara SS Jacob Wilson,,Max Muncy,3B,4.17%,0
49,5212129479,monkey520 (6/8),0,153.5,1B Ben Rice 2B Xavier Edwards 3B Caleb Durbin C Drake Baldwin OF Ceddanne Rafaela OF Heliot Ramos OF Jahmai Jones P Gerrit Cole P Sandy Alcantara SS Andruw Monasterio,,George Lombard Jr.,SS,4.00%,21
53,5212081512,Awalker3081 (1/20),0,152.65,1B Nick Sogard 2B Xavier Edwards 3B Caleb Durbin C Connor Wong OF Jarren Duran OF Jakob Marsee OF Jahmai Jones P Chris Sale P Sandy Alcantara SS Otto Lopez,,Josh Lowe,OF,3.77%,2
53,5212141209,ac919 (9/20),0,152.65,1B Willson Contreras 2B Xavier Edwards 3B Caleb Durbin C Jonah Heim OF Ceddanne Rafaela OF Henry Bolte OF Jahmai Jones P Chris Sale P Sandy Alcantara SS Jacob Wilson,,Jose Caballero,3B,3.73%,7
55,5211842536,Gabe57 (15/20),0,152.05,1B Kyle Stowers 2B Xavier Edwards 3B Tommy White C Jonah Heim OF Tyler Soderstrom OF Henry Bolte OF Jakob Marsee P Sandy Alcantara P Gage Jump SS Jacob Wilson,,Vaughn Grissom,3B,3.43%,0
55,5211842537,Gabe57 (16/20),0,152.05,1B Kyle Stowers 2B Xavier Edwards 3B Tommy White C Jonah Heim OF Tyler Soderstrom OF Henry Bolte OF Jakob Marsee P Sandy Alcantara P Gage Jump SS Jacob Wilson,,Lawrence Butler,OF,3.40%,14
55,5211842538,Gabe57 (17/20),0,152.05,1B Kyle Stowers 2B Xavier Edwards 3B Tommy White C Jonah Heim OF Tyler Soderstrom OF Henry Bolte OF Jakob Marsee P Sandy Alcantara P Gage Jump SS Jacob Wilson,,Mauricio Dubon,OF,3.20%,7
55,5211842539,Gabe57 (18/20),0,152.05,1B Kyle Stowers 2B Xavier Edwards 3B Tommy White C Jonah Heim OF Tyler Soderstrom OF Henry Bolte OF Jakob Marsee P Sandy Alcantara P Gage Jump SS Jacob Wilson,,Austin Wells,C,3.20%,12
55,5211842540,Gabe57 (19/20),0,152.05,1B Kyle Stowers 2B Xavier Edwards 3B Tommy White C Jonah Heim OF Tyler Soderstrom OF Henry Bolte OF Jakob Marsee P Sandy Alcantara P Gage Jump SS Jacob Wilson,,Owen Caissie,OF,2.69%,5
55,5211842541,Gabe57 (20/20),0,152.05,1B Kyle Stowers 2B Xavier Edwards 3B Tommy White C Jonah Heim OF Tyler Soderstrom OF Henry Bolte OF Jakob Marsee P Sandy Alcantara P Gage Jump SS Jacob Wilson,,Jose Caballero,SS,2.56%,7
61,5211781271,Tmart2170,0,151.65,1B Willson Contreras 2B Xavier Edwards 3B Caleb Durbin C Jonah Heim OF Tyler Soderstrom OF Ceddanne Rafaela OF Jahmai Jones P Chris Sale P Sandy Alcantara SS Andruw Monasterio,,Spencer Jones,OF,2.39%,24
61,5211937426,sportsfan14 (8/20),0,151.65,1B Willson Contreras 2B Alika Williams 3B Caleb Durbin C Brian Serven OF Tyler Soderstrom OF Henry Bolte OF Jahmai Jones P Chris Sale P Sandy Alcantara SS Jacob Wilson,,Tyler Heineman,C,2.15%,3
61,5212002129,austin60915 (7/20),0,151.65,1B Willson Contreras 2B Xavier Edwards 3B Caleb Durbin C Jonah Heim OF Tyler Soderstrom OF Ceddanne Rafaela OF Jahmai Jones P Chris Sale P Sandy Alcantara SS Andruw Monasterio,,Jim Jarvis,SS,2.09%,5
61,5212087186,sdot2350,0,151.65,1B Willson Contreras 2B Xavier Edwards 3B Caleb Durbin C Jonah Heim OF Tyler Soderstrom OF Ceddanne Rafaela OF Jahmai Jones P Chris Sale P Sandy Alcantara SS Andruw Monasterio,,Nick Sogard,1B,1.28%,13
61,5212164161,BigBrixey (3/3),0,151.65,1B Willson Contreras 2B Xavier Edwards 3B Caleb Durbin C Jonah Heim OF Tyler Soderstrom OF Ceddanne Rafaela OF Jahmai Jones P Chris Sale P Sandy Alcantara SS Andruw Monasterio,,Wilyer Abreu,OF,0.81%,0
61,5212200411,goaliman12 (6/20),0,151.65,1B Willson Contreras 2B Xavier Edwards 3B Caleb Durbin C Joe Mack OF Jakob Marsee OF Javier Sanoja OF Jahmai Jones P Chris Sale P Sandy Alcantara SS Otto Lopez,,Javier Sanoja,OF,0.71%,9
67,5211580864,ivymoose (7/20),0,151.5,1B Willson Contreras 2B Nick Sogard 3B Caleb Durbin C Jonah Heim OF Ceddanne Rafaela OF Heliot Ramos OF Jahmai Jones P Gerrit Cole P Sandy Alcantara SS George Lombard Jr.,,Alika Williams,SS,0.20%,6
67,5211875789,Scottyj316 (2/20),0,151.5,1B Kyle Stowers 2B Xavier Edwards 3B Caleb Durbin C Connor Wong OF Ronald Acuna Jr. OF Eli White OF Jahmai Jones P Gerrit Cole P Sandy Alcantara SS Andruw Monasterio,,Anthony Seigler,2B,0.13%,0
67,5211979076,KGoetsch,0,151.5,1B Kyle Stowers 2B Xavier Edwards 3B Caleb Durbin C Jonah Heim OF Tyler Soderstrom OF Ceddanne Rafaela OF Jakob Marsee P Gerrit Cole P Sandy Alcantara SS Jacob Wilson,,Agustin Ramirez,C,0.13%,0
67,5212000961,MamaKay1122 (4/13),0,151.5,1B Willson Contreras 2B Xavier Edwards 3B Caleb Durbin C Jonah Heim OF Ceddanne Rafaela OF Eli White OF Jahmai Jones P Gerrit Cole P Sandy Alcantara SS Jacob Wilson,,Luis Garcia Jr.,1B,0.07%,0
67,5212170186,BChap71 (3/5),0,151.5,1B Kyle Stowers 2B Xavier Edwards 3B Caleb Durbin C Jonah Heim OF Tyler Soderstrom OF Ceddanne Rafaela OF Henry Bolte P Gerrit Cole P Sandy Alcantara SS Otto Lopez,,Jeff McNeil,2B,0.07%,9
72,5211814619,BammaMan,0,150.65,1B Ben Rice 2B Xavier Edwards 3B Caleb Durbin C Joe Mack OF Ronald Acuna Jr. OF Jarren Duran OF Jahmai Jones P Chris Sale P Sandy Alcantara SS Andruw Monasterio,,Dominic Smith,OF,0.07%,5
72,5211926339,thundrenterprises (19/20),0,150.65,1B Willson Contreras 2B Nick Sogard 3B Caleb Durbin C Drake Baldwin OF Ronald Acuna Jr. OF Mike Yastrzemski OF Jahmai Jones P Chris Sale P Sandy Alcantara SS Andruw Monasterio,,Jonathan Ornelas,2B,0.07%,0
72,5212242405,BigMart11 (8/20),0,150.65,1B Willson Contreras 2B Nick Sogard 3B Caleb Durbin C Drake Baldwin OF Ronald Acuna Jr. OF Mike Yastrzemski OF Jahmai Jones P Chris Sale P Sandy Alcantara SS Andruw Monasterio,,Leo Jimenez,3B,0.07%,0
75,5211914052,drunkonpappy (9/20),0,150.5,1B Willson Contreras 2B Xavier Edwards 3B Caleb Durbin C Austin Wells OF Heliot Ramos OF Eli White OF Jahmai Jones P Gerrit Cole P Sandy Alcantara SS Andruw Monasterio,,Jeff McNeil,1B,0.03%,9
75,5212110496,JaserD (6/20),0,150.5,1B Ben Rice 2B Xavier Edwards 3B Jose Caballero C Joe Mack OF Ceddanne Rafaela OF Trent Grisham OF Spencer Jones P Gerrit Cole P Sandy Alcantara SS Otto Lopez,,Graham Pauley,3B,0.03%,0
75,5212148770,RemoteLIES (1/20),0,150.5,1B Kyle Stowers 2B Xavier Edwards 3B Jose Caballero C Austin Wells OF Trent Grisham OF Heliot Ramos OF Jahmai Jones P Gerrit Cole P Sandy Alcantara SS Otto Lopez,,J.C. Escarra,C,0.03%,0
75,5212170254,itrevinoz2 (6/12),0,150.5,1B Willson Contreras 2B Alika Williams 3B Caleb Durbin C Jonah Heim OF Tyler Soderstrom OF Ceddanne Rafaela OF Jahmai Jones P Gerrit Cole P Sandy Alcantara SS Andruw Monasterio,,Oswald Peraza,2B,0.03%,0
75,5212185049,cdt123 (3/11),0,150.5,1B Willson Contreras 2B Xavier Edwards 3B Caleb Durbin C Connor Wong OF Ceddanne Rafaela OF Griffin Conine OF Jahmai Jones P Gerrit Cole P Sandy Alcantara SS Otto Lopez,,Esteury Ruiz,OF,0.03%,0
80,5212230543,jlegrand22 (10/20),0,150.45,1B Willson Contreras 2B Xavier Edwards 3B Caleb Durbin C Connor Wong OF Henry Bolte OF Jakob Marsee OF Jahmai Jones P Chris Sale P Gerrit Cole SS Andruw Monasterio,,Jazz Chisholm Jr.,2B,0.03%,0
81,5211917285,LTskelter (16/20),0,149.95,1B Ben Rice 2B Xavier Edwards 3B Jose Caballero C Drake Baldwin OF Ronald Acuna Jr. OF Trent Grisham OF Spencer Jones P Sandy Alcantara P Jake Bennett SS George Lombard Jr.,,Anthony Volpe,SS,0.03%,0
82,5211856734,Stree (17/20),0,149.65,1B Willson Contreras 2B Xavier Edwards 3B Caleb Durbin C Jonah Heim OF Ceddanne Rafaela OF Jakob Marsee OF Jahmai Jones P Chris Sale P Sandy Alcantara SS Andruw Monasterio,,,
82,5211888528,silencer17,0,149.65,1B Willson Contreras 2B Xavier Edwards 3B Caleb Durbin C Jonah Heim OF Ceddanne Rafaela OF Jakob Marsee OF Jahmai Jones P Chris Sale P Sandy Alcantara SS Andruw Monasterio,,,
82,5211896552,WILDCATBALLERS (2/20),0,149.65,1B Willson Contreras 2B Xavier Edwards 3B Caleb Durbin C Jonah Heim OF Ceddanne Rafaela OF Jakob Marsee OF Jahmai Jones P Chris Sale P Sandy Alcantara SS Andruw Monasterio,,,
82,5212041378,IconoclasticDraft,0,149.65,1B Willson Contreras 2B Xavier Edwards 3B Caleb Durbin C Jonah Heim OF Ceddanne Rafaela OF Jakob Marsee OF Jahmai Jones P Chris Sale P Sandy Alcantara SS Andruw Monasterio,,,
82,5212075733,mlief (11/20),0,149.65,1B Willson Contreras 2B Xavier Edwards 3B Caleb Durbin C Brian Serven OF Tyler Soderstrom OF Ceddanne Rafaela OF Jahmai Jones P Chris Sale P Sandy Alcantara SS Andruw Monasterio,,,
82,5212083935,ckcash64 (20/20),0,149.65,1B Willson Contreras 2B Xavier Edwards 3B Caleb Durbin C Jonah Heim OF Ceddanne Rafaela OF Henry Bolte OF Jahmai Jones P Chris Sale P Sandy Alcantara SS Andruw Monasterio,,,
82,5212156398,cw1tt (14/20),0,149.65,1B Willson Contreras 2B Nick Sogard 3B Caleb Durbin C Jonah Heim OF Tyler Soderstrom OF Ceddanne Rafaela OF Jahmai Jones P Chris Sale P Sandy Alcantara SS Jacob Wilson,,,
82,5212200409,goaliman12 (4/20),0,149.65,1B Willson Contreras 2B Nick Sogard 3B Caleb Durbin C Jonah Heim OF Tyler Soderstrom OF Ceddanne Rafaela OF Jahmai Jones P Chris Sale P Sandy Alcantara SS Jacob Wilson,,,
82,5212230542,jlegrand22 (9/20),0,149.65,1B Willson Contreras 2B Xavier Edwards 3B Caleb Durbin C Jonah Heim OF Ceddanne Rafaela OF Jakob Marsee OF Jahmai Jones P Chris Sale P Sandy Alcantara SS Andruw Monasterio,,,
91,5211820271,bellsofwar3 (6/20),0,149.5,1B Willson Contreras 2B Xavier Edwards 3B Caleb Durbin C Connor Wong OF Ceddanne Rafaela OF Heliot Ramos OF Jahmai Jones P Gerrit Cole P Sandy Alcantara SS George Lombard Jr.,,,
91,5211896559,WILDCATBALLERS (9/20),0,149.5,1B Kyle Stowers 2B Nick Sogard 3B Javier Sanoja C Jonah Heim OF Jarren Duran OF Henry Bolte OF Jahmai Jones P Gerrit Cole P Sandy Alcantara SS Jacob Wilson,,,
91,5211945730,aquafinatim (12/20),0,149.5,1B Ben Rice 2B Nick Sogard 3B Caleb Durbin C Jonah Heim OF Ceddanne Rafaela OF Jarren Duran OF Spencer Jones P Gerrit Cole P Sandy Alcantara SS Andruw Monasterio,,,
91,5211970934,jrevelle3 (14/20),0,149.5,1B Ben Rice 2B Nick Sogard 3B Caleb Durbin C Connor Wong OF Trent Grisham OF Heliot Ramos OF Jahmai Jones P Gerrit Cole P Sandy Alcantara SS Andruw Monasterio,,,
91,5212141214,ac919 (14/20),0,149.5,1B Ben Rice 2B Xavier Edwards 3B Jose Caballero C Austin Wells OF Heliot Ramos OF Heriberto Hernandez OF Jakob Marsee P Gerrit Cole P Sandy Alcantara SS Otto Lopez,,,
91,5212163381,lklk88088 (16/20),0,149.5,1B Ben Rice 2B Nick Sogard 3B Caleb Durbin C Jonah Heim OF Ceddanne Rafaela OF Jarren Duran OF Spencer Jones P Gerrit Cole P Sandy Alcantara SS Andruw Monasterio,,,
91,5212225506,rambito (18/20),0,149.5,1B Paul Goldschmidt 2B Xavier Edwards 3B Caleb Durbin C Brian Serven OF Henry Bolte OF Lawrence Butler OF Eli White P Gerrit Cole P Sandy Alcantara SS Otto Lopez,,,
98,5211835219,cachedinar (17/20),0,149.45,1B Willson Contreras 2B Xavier Edwards 3B Caleb Durbin C Jonah Heim OF Ceddanne Rafaela OF Henry Bolte OF Jahmai Jones P Chris Sale P Gerrit Cole SS Jacob Wilson,,,
98,5211837106,bluefalcon67114,0,149.45,1B Willson Contreras 2B Xavier Edwards 3B Caleb Durbin C Jonah Heim OF Ceddanne Rafaela OF Jakob Marsee OF Jahmai Jones P Chris Sale P Gerrit Cole SS Jacob Wilson,,,
98,5212164160,BigBrixey (2/3),0,149.45,1B Willson Contreras 2B Xavier Edwards 3B Caleb Durbin C Jonah Heim OF Ceddanne Rafaela OF Henry Bolte OF Jahmai Jones P Chris Sale P Gerrit Cole SS Jacob Wilson,,,
98,5212256337,lilmaryy (8/11),0,149.45,1B Willson Contreras 2B Xavier Edwards 3B Caleb Durbin C Jonah Heim OF Ceddanne Rafaela OF Henry Bolte OF Jahmai Jones P Chris Sale P Gerrit Cole SS Jacob Wilson,,,
102,5211942997,bassguy39 (17/20),0,148.85,1B Kyle Stowers 2B Xavier Edwards 3B Tommy White C Jonah Heim OF Tyler Soderstrom OF Jakob Marsee OF Lawrence Butler P Gerrit Cole P Gage Jump SS Jacob Wilson,,,
103,5212184628,brianmcmorris (2/3),0,148.65,1B Matt Olson 2B Xavier Edwards 3B Caleb Durbin C Jonah Heim OF Tyler Soderstrom OF Ceddanne Rafaela OF Jahmai Jones P Chris Sale P Sandy Alcantara SS Andruw Monasterio,,,
104,5212022889,jnwallen (7/20),0,148.5,1B Kyle Stowers 2B Xavier Edwards 3B Max Muncy C Jonah Heim OF Tyler Soderstrom OF Henry Bolte OF Jakob Marsee P Gerrit Cole P Sandy Alcantara SS Jacob Wilson,,,
104,5212132493,Toney367 (20/20),0,148.5,1B Kyle Stowers 2B Xavier Edwards 3B Max Muncy C Jonah Heim OF Tyler Soderstrom OF Henry Bolte OF Jakob Marsee P Gerrit Cole P Sandy Alcantara SS Jacob Wilson,,,
106,5211927913,rybutts13,0,148.45,1B Kyle Stowers 2B Xavier Edwards 3B Caleb Durbin C Jonah Heim OF Tyler Soderstrom OF Henry Bolte OF Lawrence Butler P Chris Sale P Gerrit Cole SS Jacob Wilson,,,
106,5212067117,texasfrog90 (2/2),0,148.45,1B Kyle Stowers 2B Xavier Edwards 3B Caleb Durbin C Jonah Heim OF Ceddanne Rafaela OF Jakob Marsee OF Jahmai Jones P Chris Sale P Gerrit Cole SS Otto Lopez,,,
106,5212181050,JoeNY07 (3/5),0,148.45,1B Ben Rice 2B Xavier Edwards 3B Caleb Durbin C Austin Wells OF Ceddanne Rafaela OF Michael Harris II OF Jakob Marsee P Chris Sale P Gerrit Cole SS George Lombard Jr.,,,
106,5212235609,scohen21 (17/20),0,148.45,1B Kyle Stowers 2B Xavier Edwards 3B Caleb Durbin C Jonah Heim OF Ceddanne Rafaela OF Jakob Marsee OF Jahmai Jones P Chris Sale P Gerrit Cole SS Otto Lopez,,,
110,5211580869,ivymoose (12/20),0,147.65,1B Willson Contreras 2B Xavier Edwards 3B Caleb Durbin C Brian Serven OF Ceddanne Rafaela OF Jakob Marsee OF Jahmai Jones P Chris Sale P Sandy Alcantara SS Andruw Monasterio,,,
110,5211690468,LOCNOTM (2/20),0,147.65,1B Willson Contreras 2B Xavier Edwards 3B Caleb Durbin C Drake Baldwin OF Ronald Acuna Jr. OF Eli White OF Jahmai Jones P Chris Sale P Sandy Alcantara SS Otto Lopez,,,
110,5211895980,cowboys767 (3/20),0,147.65,1B Willson Contreras 2B Nick Sogard 3B Caleb Durbin C Jonah Heim OF Ceddanne Rafaela OF Henry Bolte OF Jahmai Jones P Chris Sale P Sandy Alcantara SS Jacob Wilson,,,
110,5211933904,RedRusyn,0,147.65,1B Willson Contreras 2B Xavier Edwards 3B Caleb Durbin C Brian Serven OF Ronald Acuna Jr. OF Ceddanne Rafaela OF Jahmai Jones P Chris Sale P Sandy Alcantara SS Andruw Monasterio,,,
110,5212002130,austin60915 (8/20),0,147.65,1B Willson Contreras 2B Nick Sogard 3B Caleb Durbin C Jonah Heim OF Ronald Acuna Jr. OF Ceddanne Rafaela OF Jahmai Jones P Chris Sale P Sandy Alcantara SS Jacob Wilson,,,
110,5212064699,henry296 (17/20),0,147.65,1B Kyle Stowers 2B Xavier Edwards 3B Austin Riley C Drake Baldwin OF Ronald Acuna Jr. OF Jakob Marsee OF Jahmai Jones P Chris Sale P Sandy Alcantara SS Otto Lopez,,,
110,5212073838,meodette (14/20),0,147.65,1B Matt Olson 2B Nick Sogard 3B Caleb Durbin C Connor Wong OF Ronald Acuna Jr. OF Tyler Soderstrom OF Jahmai Jones P Chris Sale P Sandy Alcantara SS Andruw Monasterio,,,
110,5212141206,ac919 (6/20),0,147.65,1B Matt Olson 2B Ozzie Albies 3B Caleb Durbin C Jonah Heim OF Ronald Acuna Jr. OF Henry Bolte OF Jahmai Jones P Chris Sale P Sandy Alcantara SS Jacob Wilson,,,
110,5212149166,RemoteLIES (6/20),0,147.65,1B Willson Contreras 2B Nick Sogard 3B Caleb Durbin C Jonah Heim OF Ceddanne Rafaela OF Henry Bolte OF Jahmai Jones P Chris Sale P Sandy Alcantara SS Jacob Wilson,,,
110,5212149168,RemoteLIES (8/20),0,147.65,1B Willson Contreras 2B Xavier Edwards 3B Caleb Durbin C Drake Baldwin OF Ronald Acuna Jr. OF Eli White OF Jahmai Jones P Chris Sale P Sandy Alcantara SS Otto Lopez,,,
110,5212163698,TheFH (2/20),0,147.65,1B Kyle Stowers 2B Xavier Edwards 3B Caleb Durbin C Drake Baldwin OF Ceddanne Rafaela OF Jakob Marsee OF Jahmai Jones P Chris Sale P Sandy Alcantara SS Otto Lopez,,,
121,5211917274,LTskelter (5/20),0,147.5,1B Ben Rice 2B Xavier Edwards 3B Jose Caballero C Joe Mack OF Trent Grisham OF Heliot Ramos OF Spencer Jones P Gerrit Cole P Sandy Alcantara SS Otto Lopez,,,
121,5211945738,aquafinatim (20/20),0,147.5,1B Ben Rice 2B Xavier Edwards 3B Caleb Durbin C Joe Mack OF Ceddanne Rafaela OF Heriberto Hernandez OF Jakob Marsee P Gerrit Cole P Sandy Alcantara SS Otto Lopez,,,
121,5211990720,KristianFTM (2/20),0,147.5,1B Willson Contreras 2B Nick Sogard 3B Caleb Durbin C Jonah Heim OF Tyler Soderstrom OF Ceddanne Rafaela OF Henry Bolte P Gerrit Cole P Sandy Alcantara SS Jacob Wilson,,,
121,5211990721,KristianFTM (3/20),0,147.5,1B Ben Rice 2B Xavier Edwards 3B Jose Caballero C Joe Mack OF Trent Grisham OF Heliot Ramos OF Spencer Jones P Gerrit Cole P Sandy Alcantara SS Otto Lopez,,,
121,5212156391,cw1tt (7/20),0,147.5,1B Ben Rice 2B Xavier Edwards 3B Caleb Durbin C Joe Mack OF Ceddanne Rafaela OF Heriberto Hernandez OF Jakob Marsee P Gerrit Cole P Sandy Alcantara SS Otto Lopez,,,
126,5212076578,chensley72 (3/4),0,147.45,1B Kyle Stowers 2B Xavier Edwards 3B Caleb Durbin C Jonah Heim OF Tyler Soderstrom OF Ceddanne Rafaela OF Jahmai Jones P Chris Sale P Gerrit Cole SS Andruw Monasterio,,,
127,5211820266,bellsofwar3 (1/20),0,146.75,1B Ben Rice 2B Nick Sogard 3B Jose Caballero C Austin Wells OF Heliot Ramos OF Spencer Jones OF Jahmai Jones P Gerrit Cole P Jake Bennett SS Andruw Monasterio,,,
128,5211893762,Gagenator51 (5/20),0,146.65,1B Willson Contreras 2B Nick Sogard 3B Caleb Durbin C Jonah Heim OF Tyler Soderstrom OF Jarren Duran OF Jahmai Jones P Chris Sale P Sandy Alcantara SS Otto Lopez,,,
128,5211893767,Gagenator51 (10/20),0,146.65,1B Willson Contreras 2B Nick Sogard 3B Caleb Durbin C Jonah Heim OF Tyler Soderstrom OF Jarren Duran OF Jahmai Jones P Chris Sale P Sandy Alcantara SS Jacob Wilson,,,
128,5211926196,pat_the_hat2 (14/20),0,146.65,1B Willson Contreras 2B Alika Williams 3B Caleb Durbin C Brian Serven OF Henry Bolte OF Lawrence Butler OF Jahmai Jones P Chris Sale P Sandy Alcantara SS Andruw Monasterio,,,
128,5211938579,SxZ19,0,146.65,1B Kyle Stowers 2B Xavier Edwards 3B Caleb Durbin C Drake Baldwin OF Tyler Soderstrom OF Ceddanne Rafaela OF Jahmai Jones P Chris Sale P Sandy Alcantara SS Andruw Monasterio,,,
128,5212081515,Awalker3081 (4/20),0,146.65,1B Nick Sogard 2B Xavier Edwards 3B Caleb Durbin C Connor Wong OF Jarren Duran OF Griffin Conine OF Jahmai Jones P Chris Sale P Sandy Alcantara SS Otto Lopez,,,
128,5212166264,Satch65 (2/20),0,146.65,1B Willson Contreras 2B Xavier Edwards 3B Caleb Durbin C Jonah Heim OF Ronald Acuna Jr. OF Jarren Duran OF Jahmai Jones P Chris Sale P Sandy Alcantara SS Andruw Monasterio,,,
134,5211619571,melvincali (11/20),0,146.5,1B Willson Contreras 2B Alika Williams 3B Caleb Durbin C Brian Serven OF Ceddanne Rafaela OF Henry Bolte OF Jahmai Jones P Gerrit Cole P Sandy Alcantara SS Andruw Monasterio,,,
134,5211926293,mcafeend (17/20),0,146.5,1B Ben Rice 2B Xavier Edwards 3B Amed Rosario C Jonah Heim OF Trent Grisham OF Jakob Marsee OF Javier Sanoja P Gerrit Cole P Sandy Alcantara SS Otto Lopez,,,
134,5212013386,zandwich (7/20),0,146.5,1B Willson Contreras 2B Xavier Edwards 3B Caleb Durbin C Brian Serven OF Heriberto Hernandez OF Jakob Marsee OF Griffin Conine P Gerrit Cole P Sandy Alcantara SS Otto Lopez,,,
134,5212095526,woodreb5 (17/20),0,146.5,1B Willson Contreras 2B Alika Williams 3B Caleb Durbin C Brian Serven OF Ceddanne Rafaela OF Lawrence Butler OF Jahmai Jones P Gerrit Cole P Sandy Alcantara SS Andruw Monasterio,,,
134,5212168912,Oxyfide,0,146.5,1B Ben Rice 2B Xavier Edwards 3B Amed Rosario C Drake Baldwin OF Trent Grisham OF Jarren Duran OF Jahmai Jones P Gerrit Cole P Sandy Alcantara SS Otto Lopez,,,
139,5211684863,jordanh415,0,146.45,1B Willson Contreras 2B Xavier Edwards 3B Caleb Durbin C Jonah Heim OF Ceddanne Rafaela OF Jakob Marsee OF Jahmai Jones P Chris Sale P Gerrit Cole SS Andruw Monasterio,,,
139,5211822575,JRaab,0,146.45,1B Willson Contreras 2B Xavier Edwards 3B Caleb Durbin C Jonah Heim OF Ceddanne Rafaela OF Jakob Marsee OF Jahmai Jones P Chris Sale P Gerrit Cole SS Andruw Monasterio,,,
139,5211844176,produceman09 (1/7),0,146.45,1B Willson Contreras 2B Xavier Edwards 3B Caleb Durbin C Jonah Heim OF Ceddanne Rafaela OF Henry Bolte OF Jahmai Jones P Chris Sale P Gerrit Cole SS Andruw Monasterio,,,
139,5211879565,stevenhenry43211 (3/20),0,146.45,1B Willson Contreras 2B Xavier Edwards 3B Caleb Durbin C Jonah Heim OF Ceddanne Rafaela OF Jakob Marsee OF Jahmai Jones P Chris Sale P Gerrit Cole SS Andruw Monasterio,,,
139,5211879566,stevenhenry43211 (4/20),0,146.45,1B Willson Contreras 2B Xavier Edwards 3B Caleb Durbin C Jonah Heim OF Ceddanne Rafaela OF Henry Bolte OF Jahmai Jones P Chris Sale P Gerrit Cole SS Andruw Monasterio,,,
139,5211896554,WILDCATBALLERS (4/20),0,146.45,1B Willson Contreras 2B Xavier Edwards 3B Caleb Durbin C Jonah Heim OF Ceddanne Rafaela OF Jakob Marsee OF Jahmai Jones P Chris Sale P Gerrit Cole SS Andruw Monasterio,,,
139,5211896557,WILDCATBALLERS (7/20),0,146.45,1B Willson Contreras 2B Xavier Edwards 3B Caleb Durbin C Jonah Heim OF Ceddanne Rafaela OF Henry Bolte OF Jahmai Jones P Chris Sale P Gerrit Cole SS Andruw Monasterio,,,
139,5211926470,titanhawks (2/2),0,146.45,1B Willson Contreras 2B Xavier Edwards 3B Caleb Durbin C Jonah Heim OF Ceddanne Rafaela OF Jakob Marsee OF Jahmai Jones P Chris Sale P Gerrit Cole SS Andruw Monasterio,,,
139,5212044919,chico0101,0,146.45,1B Willson Contreras 2B Xavier Edwards 3B Caleb Durbin C Jonah Heim OF Ceddanne Rafaela OF Jakob Marsee OF Jahmai Jones P Chris Sale P Gerrit Cole SS Andruw Monasterio,,,
139,5212130539,produceman09 (5/7),0,146.45,1B Willson Contreras 2B Nick Sogard 3B Tommy White C Jonah Heim OF Tyler Soderstrom OF Henry Bolte OF Jahmai Jones P Chris Sale P Gerrit Cole SS Jacob Wilson,,,
139,5212181049,brianmcmorris (1/3),0,146.45,1B Willson Contreras 2B Xavier Edwards 3B Caleb Durbin C Jonah Heim OF Ceddanne Rafaela OF Jakob Marsee OF Jahmai Jones P Chris Sale P Gerrit Cole SS Andruw Monasterio,,,
139,5212189298,brianmcmorris (3/3),0,146.45,1B Willson Contreras 2B Xavier Edwards 3B Caleb Durbin C Jonah Heim OF Ceddanne Rafaela OF Henry Bolte OF Jahmai Jones P Chris Sale P Gerrit Cole SS Andruw Monasterio,,,
139,5212230545,jlegrand22 (12/20),0,146.45,1B Willson Contreras 2B Xavier Edwards 3B Caleb Durbin C Jonah Heim OF Ceddanne Rafaela OF Henry Bolte OF Jahmai Jones P Chris Sale P Gerrit Cole SS Andruw Monasterio,,,
139,5212241421,texansl (1/2),0,146.45,1B Willson Contreras 2B Xavier Edwards 3B Caleb Durbin C Jonah Heim OF Ceddanne Rafaela OF Henry Bolte OF Jahmai Jones P Chris Sale P Gerrit Cole SS Andruw Monasterio,,,
139,5212250308,texansl (2/2),0,146.45,1B Willson Contreras 2B Xavier Edwards 3B Caleb Durbin C Jonah Heim OF Ceddanne Rafaela OF Henry Bolte OF Jahmai Jones P Chris Sale P Gerrit Cole SS Andruw Monasterio,,,
154,5211865511,SeanDre (12/20),0,146.05,1B Kyle Stowers 2B Xavier Edwards 3B Tommy White C Jonah Heim OF Tyler Soderstrom OF Jakob Marsee OF Griffin Conine P Sandy Alcantara P Gage Jump SS Otto Lopez,,,
155,5211913532,ttillie (18/20),0,145.95,1B Ben Rice 2B Xavier Edwards 3B Caleb Durbin C Drake Baldwin OF Ronald Acuna Jr. OF Ceddanne Rafaela OF Jahmai Jones P Sandy Alcantara P Jake Bennett SS Andruw Monasterio,,,
156,5211580859,ivymoose (2/20),0,145.65,1B Willson Contreras 2B Nick Sogard 3B Caleb Durbin C Brian Serven OF Ceddanne Rafaela OF Henry Bolte OF Jahmai Jones P Chris Sale P Sandy Alcantara SS Jacob Wilson,,,
156,5211690470,LOCNOTM (4/20),0,145.65,1B Willson Contreras 2B Xavier Edwards 3B Caleb Durbin C Joe Mack OF Ceddanne Rafaela OF Jakob Marsee OF Jahmai Jones P Chris Sale P Sandy Alcantara SS Otto Lopez,,,
156,5211768960,rajonrondough,0,145.65,1B Willson Contreras 2B Xavier Edwards 3B Caleb Durbin C Drake Baldwin OF Ceddanne Rafaela OF Jakob Marsee OF Jahmai Jones P Chris Sale P Sandy Alcantara SS Andruw Monasterio,,,
156,5211782776,apforadori (2/3),0,145.65,1B Willson Contreras 2B Xavier Edwards 3B Caleb Durbin C Drake Baldwin OF Ceddanne Rafaela OF Henry Bolte OF Jahmai Jones P Chris Sale P Sandy Alcantara SS Andruw Monasterio,,,
156,5211875794,Scottyj316 (7/20),0,145.65,1B Willson Contreras 2B Xavier Edwards 3B Caleb Durbin C Connor Wong OF Ronald Acuna Jr. OF Ceddanne Rafaela OF Jahmai Jones P Chris Sale P Sandy Alcantara SS Jacob Wilson,,,
156,5211896555,WILDCATBALLERS (5/20),0,145.65,1B Willson Contreras 2B Xavier Edwards 3B Caleb Durbin C Drake Baldwin OF Ceddanne Rafaela OF Jakob Marsee OF Jahmai Jones P Chris Sale P Sandy Alcantara SS Andruw Monasterio,,,
156,5211912878,mcafeend (1/20),0,145.65,1B Willson Contreras 2B Xavier Edwards 3B Caleb Durbin C Drake Baldwin OF Ceddanne Rafaela OF Jakob Marsee OF Jahmai Jones P Chris Sale P Sandy Alcantara SS Andruw Monasterio,,,
156,5211947137,JcClark18 (17/20),0,145.65,1B Willson Contreras 2B Xavier Edwards 3B Caleb Durbin C Connor Wong OF Ronald Acuna Jr. OF Ceddanne Rafaela OF Jahmai Jones P Chris Sale P Sandy Alcantara SS Otto Lopez,,,
156,5211967665,Ryan138,0,145.65,1B Willson Contreras 2B Xavier Edwards 3B Caleb Durbin C Drake Baldwin OF Ceddanne Rafaela OF Jakob Marsee OF Jahmai Jones P Chris Sale P Sandy Alcantara SS Andruw Monasterio,,,
156,5211970926,jrevelle3 (6/20),0,145.65,1B Willson Contreras 2B Xavier Edwards 3B Caleb Durbin C Connor Wong OF Ronald Acuna Jr. OF Ceddanne Rafaela OF Jahmai Jones P Chris Sale P Sandy Alcantara SS Otto Lopez,,,
156,5212009847,chrism0rgan (11/20),0,145.65,1B Willson Contreras 2B Nick Sogard 3B Caleb Durbin C Drake Baldwin OF Tyler Soderstrom OF Ceddanne Rafaela OF Jahmai Jones P Chris Sale P Sandy Alcantara SS Jacob Wilson,,,
156,5212010009,kozy6813 (15/20),0,145.65,1B Willson Contreras 2B Xavier Edwards 3B Caleb Durbin C Drake Baldwin OF Ceddanne Rafaela OF Lawrence Butler OF Jahmai Jones P Chris Sale P Sandy Alcantara SS Andruw Monasterio,,,
156,5212023034,mwr2001,0,145.65,1B Willson Contreras 2B Xavier Edwards 3B Caleb Durbin C Drake Baldwin OF Ceddanne Rafaela OF Jakob Marsee OF Jahmai Jones P Chris Sale P Sandy Alcantara SS Andruw Monasterio,,,
156,5212039784,okelly36 (4/4),0,145.65,1B Willson Contreras 2B Xavier Edwards 3B Caleb Durbin C Drake Baldwin OF Ceddanne Rafaela OF Jakob Marsee OF Jahmai Jones P Chris Sale P Sandy Alcantara SS Andruw Monasterio,,,
156,5212081514,Awalker3081 (3/20),0,145.65,1B Nick Sogard 2B Xavier Edwards 3B Caleb Durbin C Connor Wong OF Jarren Duran OF Heriberto Hernandez OF Jahmai Jones P Chris Sale P Sandy Alcantara SS Otto Lopez,,,
156,5212088478,CashLineCriminal (1/20),0,145.65,1B Willson Contreras 2B Xavier Edwards 3B Caleb Durbin C Drake Baldwin OF Ceddanne Rafaela OF Jakob Marsee OF Jahmai Jones P Chris Sale P Sandy Alcantara SS Andruw Monasterio,,,
156,5212088479,CashLineCriminal (2/20),0,145.65,1B Willson Contreras 2B Xavier Edwards 3B Caleb Durbin C Drake Baldwin OF Ceddanne Rafaela OF Jakob Marsee OF Jahmai Jones P Chris Sale P Sandy Alcantara SS Andruw Monasterio,,,
156,5212088480,CashLineCriminal (3/20),0,145.65,1B Willson Contreras 2B Xavier Edwards 3B Caleb Durbin C Drake Baldwin OF Ceddanne Rafaela OF Jakob Marsee OF Jahmai Jones P Chris Sale P Sandy Alcantara SS Andruw Monasterio,,,
156,5212088481,CashLineCriminal (4/20),0,145.65,1B Willson Contreras 2B Xavier Edwards 3B Caleb Durbin C Drake Baldwin OF Ceddanne Rafaela OF Jakob Marsee OF Jahmai Jones P Chris Sale P Sandy Alcantara SS Andruw Monasterio,,,
156,5212088482,CashLineCriminal (5/20),0,145.65,1B Willson Contreras 2B Xavier Edwards 3B Caleb Durbin C Drake Baldwin OF Ceddanne Rafaela OF Jakob Marsee OF Jahmai Jones P Chris Sale P Sandy Alcantara SS Andruw Monasterio,,,
156,5212088483,CashLineCriminal (6/20),0,145.65,1B Willson Contreras 2B Xavier Edwards 3B Caleb Durbin C Drake Baldwin OF Ceddanne Rafaela OF Jakob Marsee OF Jahmai Jones P Chris Sale P Sandy Alcantara SS Andruw Monasterio,,,
156,5212088484,CashLineCriminal (7/20),0,145.65,1B Willson Contreras 2B Xavier Edwards 3B Caleb Durbin C Drake Baldwin OF Ceddanne Rafaela OF Jakob Marsee OF Jahmai Jones P Chris Sale P Sandy Alcantara SS Andruw Monasterio,,,
156,5212088485,CashLineCriminal (8/20),0,145.65,1B Willson Contreras 2B Xavier Edwards 3B Caleb Durbin C Drake Baldwin OF Ceddanne Rafaela OF Jakob Marsee OF Jahmai Jones P Chris Sale P Sandy Alcantara SS Andruw Monasterio,,,
156,5212088486,CashLineCriminal (9/20),0,145.65,1B Willson Contreras 2B Xavier Edwards 3B Caleb Durbin C Drake Baldwin OF Ceddanne Rafaela OF Jakob Marsee OF Jahmai Jones P Chris Sale P Sandy Alcantara SS Andruw Monasterio,,,
156,5212088487,CashLineCriminal (10/20),0,145.65,1B Willson Contreras 2B Xavier Edwards 3B Caleb Durbin C Drake Baldwin OF Ceddanne Rafaela OF Jakob Marsee OF Jahmai Jones P Chris Sale P Sandy Alcantara SS Andruw Monasterio,,,
156,5212088488,CashLineCriminal (11/20),0,145.65,1B Willson Contreras 2B Xavier Edwards 3B Caleb Durbin C Drake Baldwin OF Ceddanne Rafaela OF Jakob Marsee OF Jahmai Jones P Chris Sale P Sandy Alcantara SS Andruw Monasterio,,,
156,5212088489,CashLineCriminal (12/20),0,145.65,1B Willson Contreras 2B Xavier Edwards 3B Caleb Durbin C Drake Baldwin OF Ceddanne Rafaela OF Jakob Marsee OF Jahmai Jones P Chris Sale P Sandy Alcantara SS Andruw Monasterio,,,
156,5212088490,CashLineCriminal (13/20),0,145.65,1B Willson Contreras 2B Xavier Edwards 3B Caleb Durbin C Drake Baldwin OF Ceddanne Rafaela OF Jakob Marsee OF Jahmai Jones P Chris Sale P Sandy Alcantara SS Andruw Monasterio,,,
156,5212088491,CashLineCriminal (14/20),0,145.65,1B Willson Contreras 2B Xavier Edwards 3B Caleb Durbin C Drake Baldwin OF Ceddanne Rafaela OF Jakob Marsee OF Jahmai Jones P Chris Sale P Sandy Alcantara SS Andruw Monasterio,,,
156,5212088492,CashLineCriminal (15/20),0,145.65,1B Willson Contreras 2B Xavier Edwards 3B Caleb Durbin C Drake Baldwin OF Ceddanne Rafaela OF Jakob Marsee OF Jahmai Jones P Chris Sale P Sandy Alcantara SS Andruw Monasterio,,,
156,5212088493,CashLineCriminal (16/20),0,145.65,1B Willson Contreras 2B Xavier Edwards 3B Caleb Durbin C Drake Baldwin OF Ceddanne Rafaela OF Jakob Marsee OF Jahmai Jones P Chris Sale P Sandy Alcantara SS Andruw Monasterio,,,
156,5212088494,CashLineCriminal (17/20),0,145.65,1B Willson Contreras 2B Xavier Edwards 3B Caleb Durbin C Drake Baldwin OF Ceddanne Rafaela OF Jakob Marsee OF Jahmai Jones P Chris Sale P Sandy Alcantara SS Andruw Monasterio,,,
156,5212088495,CashLineCriminal (18/20),0,145.65,1B Willson Contreras 2B Xavier Edwards 3B Caleb Durbin C Drake Baldwin OF Ceddanne Rafaela OF Jakob Marsee OF Jahmai Jones P Chris Sale P Sandy Alcantara SS Andruw Monasterio,,,
156,5212088496,CashLineCriminal (19/20),0,145.65,1B Willson Contreras 2B Xavier Edwards 3B Caleb Durbin C Drake Baldwin OF Ceddanne Rafaela OF Jakob Marsee OF Jahmai Jones P Chris Sale P Sandy Alcantara SS Andruw Monasterio,,,
156,5212088497,CashLineCriminal (20/20),0,145.65,1B Willson Contreras 2B Xavier Edwards 3B Caleb Durbin C Drake Baldwin OF Ceddanne Rafaela OF Jakob Marsee OF Jahmai Jones P Chris Sale P Sandy Alcantara SS Andruw Monasterio,,,
156,5212096679,Yappin01,0,145.65,1B Willson Contreras 2B Xavier Edwards 3B Caleb Durbin C Drake Baldwin OF Ceddanne Rafaela OF Jakob Marsee OF Jahmai Jones P Chris Sale P Sandy Alcantara SS Andruw Monasterio,,,
156,5212099128,nidofalco,0,145.65,1B Willson Contreras 2B Xavier Edwards 3B Caleb Durbin C Drake Baldwin OF Ceddanne Rafaela OF Henry Bolte OF Jahmai Jones P Chris Sale P Sandy Alcantara SS Andruw Monasterio,,,
156,5212102154,jabberjaww (2/20),0,145.65,1B Willson Contreras 2B Xavier Edwards 3B Caleb Durbin C Drake Baldwin OF Ceddanne Rafaela OF Jakob Marsee OF Jahmai Jones P Chris Sale P Sandy Alcantara SS Andruw Monasterio,,,
156,5212112860,meyers2305 (6/20),0,145.65,1B Willson Contreras 2B Xavier Edwards 3B Caleb Durbin C Connor Wong OF Ceddanne Rafaela OF Henry Bolte OF Jahmai Jones P Chris Sale P Sandy Alcantara SS Jacob Wilson,,,
156,5212149162,RemoteLIES (2/20),0,145.65,1B Willson Contreras 2B Xavier Edwards 3B Caleb Durbin C Connor Wong OF Ceddanne Rafaela OF Jakob Marsee OF Jahmai Jones P Chris Sale P Sandy Alcantara SS Otto Lopez,,,
156,5212149163,RemoteLIES (3/20),0,145.65,1B Willson Contreras 2B Xavier Edwards 3B Caleb Durbin C Drake Baldwin OF Ceddanne Rafaela OF Jakob Marsee OF Jahmai Jones P Chris Sale P Sandy Alcantara SS Andruw Monasterio,,,
156,5212156364,mhemin22,0,145.65,1B Willson Contreras 2B Xavier Edwards 3B Caleb Durbin C Drake Baldwin OF Ceddanne Rafaela OF Jakob Marsee OF Jahmai Jones P Chris Sale P Sandy Alcantara SS Andruw Monasterio,,,
156,5212166267,Satch65 (5/20),0,145.65,1B Willson Contreras 2B Xavier Edwards 3B Caleb Durbin C Connor Wong OF Ceddanne Rafaela OF Jakob Marsee OF Jahmai Jones P Chris Sale P Sandy Alcantara SS Otto Lopez,,,
156,5212225498,rambito (10/20),0,145.65,1B Willson Contreras 2B Xavier Edwards 3B Caleb Durbin C Drake Baldwin OF Ceddanne Rafaela OF Lawrence Butler OF Jahmai Jones P Chris Sale P Sandy Alcantara SS Andruw Monasterio,,,
156,5212235598,scohen21 (6/20),0,145.65,1B Willson Contreras 2B Xavier Edwards 3B Caleb Durbin C Connor Wong OF Ronald Acuna Jr. OF Ceddanne Rafaela OF Jahmai Jones P Chris Sale P Sandy Alcantara SS Otto Lopez,,,
156,5212251880,BuckeyeCity (20/20),0,145.65,1B Willson Contreras 2B Xavier Edwards 3B Caleb Durbin C Connor Wong OF Ronald Acuna Jr. OF Ceddanne Rafaela OF Jahmai Jones P Chris Sale P Sandy Alcantara SS Otto Lopez,,,
202,5212128891,slpendy (17/20),0,145.5,1B Ben Rice 2B Nick Sogard 3B Amed Rosario C Connor Wong OF Ceddanne Rafaela OF Jakob Marsee OF Jahmai Jones P Gerrit Cole P Sandy Alcantara SS Andruw Monasterio,,,
202,5212141215,ac919 (15/20),0,145.5,1B Willson Contreras 2B Xavier Edwards 3B Caleb Durbin C Drake Baldwin OF Ceddanne Rafaela OF Heliot Ramos OF Jahmai Jones P Gerrit Cole P Sandy Alcantara SS Otto Lopez,,,
202,5212163380,lklk88088 (15/20),0,145.5,1B Ben Rice 2B Xavier Edwards 3B Caleb Durbin C Joe Mack OF Trent Grisham OF Heriberto Hernandez OF Griffin Conine P Gerrit Cole P Sandy Alcantara SS Otto Lopez,,,
205,5212049218,chrispy2005 (6/20),0,145.45,1B Willson Contreras 2B Xavier Edwards 3B Caleb Durbin C Joe Mack OF Tyler Soderstrom OF Heriberto Hernandez OF Jahmai Jones P Chris Sale P Gerrit Cole SS Andruw Monasterio,,,
205,5212149176,RemoteLIES (16/20),0,145.45,1B Kyle Stowers 2B Xavier Edwards 3B Caleb Durbin C Jonah Heim OF Ceddanne Rafaela OF Jakob Marsee OF Jahmai Jones P Chris Sale P Gerrit Cole SS Andruw Monasterio,,,
205,5212230549,jlegrand22 (16/20),0,145.45,1B Willson Contreras 2B Xavier Edwards 3B Caleb Durbin C Jonah Heim OF Jakob Marsee OF Eli White OF Jahmai Jones P Chris Sale P Gerrit Cole SS Andruw Monasterio,,,
208,5211970939,jrevelle3 (19/20),0,144.85,1B Paul Goldschmidt 2B Xavier Edwards 3B Tommy White C Jonah Heim OF Tyler Soderstrom OF Trent Grisham OF Henry Bolte P Gerrit Cole P Gage Jump SS Jacob Wilson,,,
209,5211734426,kreller17 (12/20),0,144.65,1B Kyle Stowers 2B Xavier Edwards 3B Javier Sanoja C Brian Serven OF Tyler Soderstrom OF Jakob Marsee OF Lawrence Butler P Chris Sale P Sandy Alcantara SS Otto Lopez,,,
209,5211736386,jmason247 (16/20),0,144.65,1B Nick Sogard 2B Xavier Edwards 3B Javier Sanoja C Drake Baldwin OF Ronald Acuna Jr. OF Heriberto Hernandez OF Jakob Marsee P Chris Sale P Sandy Alcantara SS Otto Lopez,,,
209,5211856995,Bitmeee (3/20),0,144.65,1B Willson Contreras 2B Nick Sogard 3B Caleb Durbin C Drake Baldwin OF Ronald Acuna Jr. OF Heriberto Hernandez OF Jahmai Jones P Chris Sale P Sandy Alcantara SS Andruw Monasterio,,,
209,5211875800,Scottyj316 (13/20),0,144.65,1B Willson Contreras 2B Xavier Edwards 3B Caleb Durbin C Drake Baldwin OF Ceddanne Rafaela OF Mike Yastrzemski OF Jahmai Jones P Chris Sale P Sandy Alcantara SS Andruw Monasterio,,,
209,5211893759,Gagenator51 (2/20),0,144.65,1B Willson Contreras 2B Xavier Edwards 3B Caleb Durbin C Connor Wong OF Tyler Soderstrom OF Jarren Duran OF Jahmai Jones P Chris Sale P Sandy Alcantara SS Otto Lopez,,,
209,5211895991,cowboys767 (14/20),0,144.65,1B Kyle Stowers 2B Xavier Edwards 3B Austin Riley C Joe Mack OF Ronald Acuna Jr. OF Jakob Marsee OF Jahmai Jones P Chris Sale P Sandy Alcantara SS Otto Lopez,,,
209,5211913515,ttillie (1/20),0,144.65,1B Willson Contreras 2B Xavier Edwards 3B Caleb Durbin C Drake Baldwin OF Ronald Acuna Jr. OF Eli White OF Jahmai Jones P Chris Sale P Sandy Alcantara SS Andruw Monasterio,,,
209,5211942982,bassguy39 (2/20),0,144.65,1B Willson Contreras 2B Nick Sogard 3B Caleb Durbin C Drake Baldwin OF Ronald Acuna Jr. OF Heriberto Hernandez OF Jahmai Jones P Chris Sale P Sandy Alcantara SS Andruw Monasterio,,,
209,5212010008,kozy6813 (14/20),0,144.65,1B Willson Contreras 2B Nick Sogard 3B Caleb Durbin C Drake Baldwin OF Ronald Acuna Jr. OF Heriberto Hernandez OF Jahmai Jones P Chris Sale P Sandy Alcantara SS Andruw Monasterio,,,
209,5212016965,R-E-L-A-X,0,144.65,1B Willson Contreras 2B Ozzie Albies 3B Caleb Durbin C Austin Wells OF Ronald Acuna Jr. OF Ceddanne Rafaela OF Jahmai Jones P Chris Sale P Sandy Alcantara SS Otto Lopez,,,
209,5212054112,wazzu24 (13/20),0,144.65,1B Willson Contreras 2B Nick Sogard 3B Caleb Durbin C Jonah Heim OF Ronald Acuna Jr. OF Michael Harris II OF Jahmai Jones P Chris Sale P Sandy Alcantara SS Andruw Monasterio,,,
209,5212075724,mlief (2/20),0,144.65,1B Ben Rice 2B Xavier Edwards 3B Caleb Durbin C Drake Baldwin OF Ceddanne Rafaela OF Eli White OF Jahmai Jones P Chris Sale P Sandy Alcantara SS Andruw Monasterio,,,
209,5212104118,TY54321 (10/20),0,144.65,1B Kyle Stowers 2B Xavier Edwards 3B Javier Sanoja C Jonah Heim OF Ronald Acuna Jr. OF Henry Bolte OF Jakob Marsee P Chris Sale P Sandy Alcantara SS Otto Lopez,,,
209,5212110508,JaserD (18/20),0,144.65,1B Willson Contreras 2B Xavier Edwards 3B Caleb Durbin C Drake Baldwin OF Ronald Acuna Jr. OF Eli White OF Jahmai Jones P Chris Sale P Sandy Alcantara SS Andruw Monasterio,,,
209,5212166266,Satch65 (4/20),0,144.65,1B Willson Contreras 2B Nick Sogard 3B Caleb Durbin C Drake Baldwin OF Ronald Acuna Jr. OF Mauricio Dubon OF Jahmai Jones P Chris Sale P Sandy Alcantara SS Andruw Monasterio,,,
209,5212235593,scohen21 (1/20),0,144.65,1B Willson Contreras 2B Xavier Edwards 3B Caleb Durbin C Drake Baldwin OF Ronald Acuna Jr. OF Eli White OF Jahmai Jones P Chris Sale P Sandy Alcantara SS Andruw Monasterio,,,
209,5212235601,scohen21 (9/20),0,144.65,1B Willson Contreras 2B Xavier Edwards 3B Caleb Durbin C Drake Baldwin OF Jakob Marsee OF Eli White OF Jahmai Jones P Chris Sale P Sandy Alcantara SS Andruw Monasterio,,,
226,5211580871,ivymoose (14/20),0,144.5,1B Paul Goldschmidt 2B Nick Sogard 3B Caleb Durbin C Austin Wells OF Ceddanne Rafaela OF Jarren Duran OF Jahmai Jones P Gerrit Cole P Sandy Alcantara SS Jose Caballero,,,
226,5211746316,j-wolf05 (11/20),0,144.5,1B Ben Rice 2B Xavier Edwards 3B Jose Caballero C Jonah Heim OF Trent Grisham OF Heliot Ramos OF Henry Bolte P Gerrit Cole P Sandy Alcantara SS Jacob Wilson,,,
226,5211866914,SunTuz007 (1/3),0,144.5,1B Kyle Stowers 2B Xavier Edwards 3B Caleb Durbin C Drake Baldwin OF Tyler Soderstrom OF Ceddanne Rafaela OF Henry Bolte P Gerrit Cole P Sandy Alcantara SS Andruw Monasterio,,,
226,5212089457,mrclean913 (1/20),0,144.5,1B Ben Rice 2B Alika Williams 3B Jose Caballero C Jonah Heim OF Tyler Soderstrom OF Ceddanne Rafaela OF Henry Bolte P Gerrit Cole P Sandy Alcantara SS Jacob Wilson,,,
226,5212163370,lklk88088 (5/20),0,144.5,1B Ben Rice 2B Xavier Edwards 3B Jose Caballero C Jonah Heim OF Trent Grisham OF Heliot Ramos OF Henry Bolte P Gerrit Cole P Sandy Alcantara SS Jacob Wilson,,,
226,5212252066,KILLANADZ24 (7/20),0,144.5,1B Ben Rice 2B Xavier Edwards 3B Amed Rosario C Austin Wells OF Ronald Acuna Jr. OF Mike Trout OF Heliot Ramos P Gerrit Cole P Sandy Alcantara SS George Lombard Jr.,,,
232,5212151798,shempdevil,0,144.05,1B Kyle Stowers 2B Xavier Edwards 3B Tommy White C Jonah Heim OF Henry Bolte OF Lawrence Butler OF Griffin Conine P Sandy Alcantara P Gage Jump SS Otto Lopez,,,
233,5211770626,peltifreeze89 (12/20),0,143.65,1B Willson Contreras 2B Nick Sogard 3B Caleb Durbin C Drake Baldwin OF Ceddanne Rafaela OF Henry Bolte OF Jahmai Jones P Chris Sale P Sandy Alcantara SS Jacob Wilson,,,
233,5211770632,peltifreeze89 (18/20),0,143.65,1B Willson Contreras 2B Nick Sogard 3B Caleb Durbin C Drake Baldwin OF Ceddanne Rafaela OF Trent Grisham OF Jahmai Jones P Chris Sale P Sandy Alcantara SS George Lombard Jr.,,,
233,5211866464,az350z (8/20),0,143.65,1B Kyle Stowers 2B Xavier Edwards 3B Caleb Durbin C Drake Baldwin OF Griffin Conine OF Owen Caissie OF Jahmai Jones P Chris Sale P Sandy Alcantara SS Otto Lopez,,,
233,5212132486,Toney367 (13/20),0,143.65,1B Ben Rice 2B Xavier Edwards 3B Tommy White C Jonah Heim OF Heriberto Hernandez OF Henry Bolte OF Lawrence Butler P Chris Sale P Sandy Alcantara SS Otto Lopez,,,
233,5212226506,bobho10,0,143.65,1B Willson Contreras 2B Ozzie Albies 3B Caleb Durbin C Austin Wells OF Tyler Soderstrom OF Ceddanne Rafaela OF Spencer Jones P Chris Sale P Sandy Alcantara SS Jacob Wilson,,,
238,5211746307,j-wolf05 (2/20),0,143.5,1B Ben Rice 2B Xavier Edwards 3B Jose Caballero C Joe Mack OF Ceddanne Rafaela OF Heliot Ramos OF Spencer Jones P Gerrit Cole P Sandy Alcantara SS Otto Lopez,,,
238,5211903547,cwthrow24 (14/20),0,143.5,1B Paul Goldschmidt 2B Xavier Edwards 3B Max Muncy C Brian Serven OF Tyler Soderstrom OF Jakob Marsee OF Griffin Conine P Gerrit Cole P Sandy Alcantara SS Otto Lopez,,,
238,5212064686,henry296 (4/20),0,143.5,1B Willson Contreras 2B Xavier Edwards 3B Caleb Durbin C Connor Wong OF Ceddanne Rafaela OF Henry Bolte OF Lawrence Butler P Gerrit Cole P Sandy Alcantara SS Jacob Wilson,,,
238,5212195320,cdt123 (7/11),0,143.5,1B Paul Goldschmidt 2B Nick Sogard 3B Caleb Durbin C Connor Wong OF Ceddanne Rafaela OF Heliot Ramos OF Spencer Jones P Gerrit Cole P Sandy Alcantara SS George Lombard Jr.,,,
242,5212116127,stock2mail (8/20),0,143.45,1B Kyle Stowers 2B Xavier Edwards 3B Tommy White C Jonah Heim OF Tyler Soderstrom OF Heriberto Hernandez OF Jahmai Jones P Chris Sale P Gerrit Cole SS Otto Lopez,,,
243,5211690479,LOCNOTM (13/20),0,142.65,1B Willson Contreras 2B Nick Sogard 3B Caleb Durbin C Brian Serven OF Ronald Acuna Jr. OF Michael Harris II OF Jahmai Jones P Chris Sale P Sandy Alcantara SS Andruw Monasterio,,,
243,5211780348,Anthonykorobellis (16/20),0,142.65,1B Willson Contreras 2B Nick Sogard 3B Caleb Durbin C Drake Baldwin OF Ronald Acuna Jr. OF Eli White OF Jahmai Jones P Chris Sale P Sandy Alcantara SS Otto Lopez,,,
243,5211782773,apforadori (1/3),0,142.65,1B Willson Contreras 2B Xavier Edwards 3B Caleb Durbin C Joe Mack OF Ronald Acuna Jr. OF Ceddanne Rafaela OF Jahmai Jones P Chris Sale P Sandy Alcantara SS Andruw Monasterio,,,
243,5211872447,andymartin5586 (5/20),0,142.65,1B Willson Contreras 2B Xavier Edwards 3B Caleb Durbin C Connor Wong OF Jarren Duran OF Jakob Marsee OF Jahmai Jones P Chris Sale P Sandy Alcantara SS Otto Lopez,,,
243,5211875791,Scottyj316 (4/20),0,142.65,1B Matt Olson 2B Xavier Edwards 3B Caleb Durbin C Connor Wong OF Ceddanne Rafaela OF Jakob Marsee OF Jahmai Jones P Chris Sale P Sandy Alcantara SS Otto Lopez,,,
243,5211875799,Scottyj316 (12/20),0,142.65,1B Willson Contreras 2B Xavier Edwards 3B Caleb Durbin C Joe Mack OF Ronald Acuna Jr. OF Ceddanne Rafaela OF Jahmai Jones P Chris Sale P Sandy Alcantara SS Andruw Monasterio,,,
243,5211948121,juliom328,0,142.65,1B Willson Contreras 2B Xavier Edwards 3B Caleb Durbin C Drake Baldwin OF Ceddanne Rafaela OF Griffin Conine OF Jahmai Jones P Chris Sale P Sandy Alcantara SS Otto Lopez,,,
243,5212010007,kozy6813 (13/20),0,142.65,1B Willson Contreras 2B Xavier Edwards 3B Caleb Durbin C Jonah Heim OF Ceddanne Rafaela OF Heriberto Hernandez OF Jahmai Jones P Chris Sale P Sandy Alcantara SS Andruw Monasterio,,,
243,5212011064,dcw331,0,142.65,1B Willson Contreras 2B Xavier Edwards 3B Caleb Durbin C Joe Mack OF Ronald Acuna Jr. OF Ceddanne Rafaela OF Jahmai Jones P Chris Sale P Sandy Alcantara SS Andruw Monasterio,,,
243,5212013399,zandwich (20/20),0,142.65,1B Willson Contreras 2B Xavier Edwards 3B Caleb Durbin C Brian Serven OF Ceddanne Rafaela OF Javier Sanoja OF Jahmai Jones P Chris Sale P Sandy Alcantara SS Andruw Monasterio,,,
243,5212045339,evan121110,0,142.65,1B Willson Contreras 2B Xavier Edwards 3B Caleb Durbin C Joe Mack OF Ronald Acuna Jr. OF Ceddanne Rafaela OF Jahmai Jones P Chris Sale P Sandy Alcantara SS Andruw Monasterio,,,
243,5212112871,meyers2305 (17/20),0,142.65,1B Matt Olson 2B Xavier Edwards 3B Javier Sanoja C Drake Baldwin OF Jakob Marsee OF Owen Caissie OF Jahmai Jones P Chris Sale P Sandy Alcantara SS Otto Lopez,,,
255,5211754828,tbjones2121 (8/20),0,142.5,1B Ben Rice 2B Xavier Edwards 3B Amed Rosario C Brian Serven OF Trent Grisham OF Heliot Ramos OF Jakob Marsee P Gerrit Cole P Sandy Alcantara SS George Lombard Jr.,,,
255,5211804410,AverageTuesday (12/20),0,142.5,1B Willson Contreras 2B Nick Sogard 3B Caleb Durbin C Jonah Heim OF Ceddanne Rafaela OF Henry Bolte OF Jakob Marsee P Gerrit Cole P Sandy Alcantara SS Andruw Monasterio,,,
255,5211811848,Wanna_Square_Up1567 (9/20),0,142.5,1B Kyle Stowers 2B Xavier Edwards 3B Jose Caballero C Joe Mack OF Ceddanne Rafaela OF Griffin Conine OF Jahmai Jones P Gerrit Cole P Sandy Alcantara SS Otto Lopez,,,
255,5212112855,meyers2305 (1/20),0,142.5,1B Willson Contreras 2B Xavier Edwards 3B Jose Caballero C Connor Wong OF Ceddanne Rafaela OF Jarren Duran OF Jahmai Jones P Gerrit Cole P Sandy Alcantara SS George Lombard Jr.,,,
255,5212149169,RemoteLIES (9/20),0,142.5,1B Paul Goldschmidt 2B Xavier Edwards 3B Jose Caballero C Jonah Heim OF Jarren Duran OF Henry Bolte OF Lawrence Butler P Gerrit Cole P Sandy Alcantara SS Jacob Wilson,,,
260,5211690473,LOCNOTM (7/20),0,142.45,1B Willson Contreras 2B Xavier Edwards 3B Caleb Durbin C Connor Wong OF Ceddanne Rafaela OF Jakob Marsee OF Jahmai Jones P Chris Sale P Gerrit Cole SS Otto Lopez,,,
260,5211867942,wwestry (2/2),0,142.45,1B Willson Contreras 2B Xavier Edwards 3B Caleb Durbin C Joe Mack OF Ceddanne Rafaela OF Jakob Marsee OF Jahmai Jones P Chris Sale P Gerrit Cole SS Otto Lopez,,,
260,5212024555,nyyankees,0,142.45,1B Nolan Schanuel 2B Ozzie Albies 3B Caleb Durbin C Jonah Heim OF Tyler Soderstrom OF Michael Harris II OF Spencer Jones P Chris Sale P Gerrit Cole SS George Lombard Jr.,,,
263,5211724328,Discostupendously (4/10),0,142.05,1B Ben Rice 2B Alika Williams 3B Amed Rosario C Jonah Heim OF Tyler Soderstrom OF Heriberto Hernandez OF Henry Bolte P Sandy Alcantara P Gage Jump SS Jacob Wilson,,,
263,5212100450,csurunnerccr (2/20),0,142.05,1B Ben Rice 2B Ozzie Albies 3B Jose Caballero C Drake Baldwin OF Ronald Acuna Jr. OF Trent Grisham OF Mauricio Dubon P Sandy Alcantara P Gage Jump SS George Lombard Jr.,,,
265,5211937421,sportsfan14 (3/20),0,141.75,1B Paul Goldschmidt 2B Xavier Edwards 3B Javier Sanoja C Austin Wells OF Heriberto Hernandez OF Spencer Jones OF Jakob Marsee P Gerrit Cole P Jake Bennett SS Otto Lopez,,,
266,5211937425,sportsfan14 (7/20),0,141.65,1B Kyle Stowers 2B Nick Sogard 3B Caleb Durbin C Brian Serven OF Ceddanne Rafaela OF Jakob Marsee OF Jahmai Jones P Chris Sale P Sandy Alcantara SS Andruw Monasterio,,,
266,5211956698,rockingrick (1/2),0,141.65,1B Kyle Stowers 2B Xavier Edwards 3B Caleb Durbin C Drake Baldwin OF Ceddanne Rafaela OF Griffin Conine OF Jahmai Jones P Chris Sale P Sandy Alcantara SS Jacob Wilson,,,
266,5211973489,SteelCurtain1234567,0,141.65,1B Nick Sogard 2B Xavier Edwards 3B Caleb Durbin C Joe Mack OF Ronald Acuna Jr. OF Tyler Soderstrom OF Ceddanne Rafaela P Chris Sale P Sandy Alcantara SS Andruw Monasterio,,,
266,5212025999,rschindler14 (5/20),0,141.65,1B Willson Contreras 2B Xavier Edwards 3B Tommy White C Jonah Heim OF Ceddanne Rafaela OF Henry Bolte OF Jahmai Jones P Chris Sale P Sandy Alcantara SS Jacob Wilson,,,
266,5212200407,goaliman12 (2/20),0,141.65,1B Kyle Stowers 2B Xavier Edwards 3B Caleb Durbin C Connor Wong OF Ceddanne Rafaela OF Jakob Marsee OF Jahmai Jones P Chris Sale P Sandy Alcantara SS Andruw Monasterio,,,
266,5212234805,xXxPLOSIVE (4/4),0,141.65,1B Matt Olson 2B Nick Sogard 3B Caleb Durbin C Jonah Heim OF Ronald Acuna Jr. OF Ceddanne Rafaela OF Jahmai Jones P Chris Sale P Sandy Alcantara SS Andruw Monasterio,,,
266,5212252026,jeffylube (14/20),0,141.65,1B Paul Goldschmidt 2B Xavier Edwards 3B Jose Caballero C Drake Baldwin OF Ronald Acuna Jr. OF Henry Bolte OF Jakob Marsee P Chris Sale P Sandy Alcantara SS Otto Lopez,,,
273,5211752494,seiferidjosh80 (3/20),0,141.5,1B Kyle Stowers 2B Xavier Edwards 3B Caleb Durbin C Joe Mack OF Tyler Soderstrom OF Ceddanne Rafaela OF Lawrence Butler P Gerrit Cole P Sandy Alcantara SS Andruw Monasterio,,,
273,5211920285,rod288 (12/20),0,141.5,1B Ben Rice 2B Xavier Edwards 3B Caleb Durbin C Joe Mack OF Ceddanne Rafaela OF Heriberto Hernandez OF Griffin Conine P Gerrit Cole P Sandy Alcantara SS Otto Lopez,,,
273,5211947122,JcClark18 (2/20),0,141.5,1B Willson Contreras 2B Xavier Edwards 3B Tommy White C Jonah Heim OF Tyler Soderstrom OF Ceddanne Rafaela OF Henry Bolte P Gerrit Cole P Sandy Alcantara SS Jacob Wilson,,,
273,5211947128,JcClark18 (8/20),0,141.5,1B Ben Rice 2B Xavier Edwards 3B Caleb Durbin C Joe Mack OF Ceddanne Rafaela OF Heriberto Hernandez OF Griffin Conine P Gerrit Cole P Sandy Alcantara SS Otto Lopez,,,
273,5212022898,jnwallen (16/20),0,141.5,1B Kyle Stowers 2B Xavier Edwards 3B Caleb Durbin C Joe Mack OF Ceddanne Rafaela OF Jarren Duran OF Jahmai Jones P Gerrit Cole P Sandy Alcantara SS Otto Lopez,,,
273,5212064698,henry296 (16/20),0,141.5,1B Ben Rice 2B Nick Sogard 3B Jose Caballero C Drake Baldwin OF Ceddanne Rafaela OF Jarren Duran OF Jahmai Jones P Gerrit Cole P Sandy Alcantara SS Andruw Monasterio,,,
273,5212095514,woodreb5 (5/20),0,141.5,1B Ben Rice 2B Nick Sogard 3B Caleb Durbin C Connor Wong OF Ceddanne Rafaela OF Heliot Ramos OF Jahmai Jones P Gerrit Cole P Sandy Alcantara SS Jose Caballero,,,
273,5212104112,TY54321 (4/20),0,141.5,1B Paul Goldschmidt 2B Xavier Edwards 3B Jose Caballero C Austin Wells OF Heliot Ramos OF Jakob Marsee OF Griffin Conine P Gerrit Cole P Sandy Alcantara SS Otto Lopez,,,
273,5212110498,JaserD (8/20),0,141.5,1B Willson Contreras 2B Xavier Edwards 3B Tommy White C Jonah Heim OF Tyler Soderstrom OF Ceddanne Rafaela OF Henry Bolte P Gerrit Cole P Sandy Alcantara SS Jacob Wilson,,,
282,5211574545,vstar1300 (1/9),0,141.45,1B Willson Contreras 2B Xavier Edwards 3B Caleb Durbin C Joe Mack OF Tyler Soderstrom OF Ceddanne Rafaela OF Jahmai Jones P Chris Sale P Gerrit Cole SS Andruw Monasterio,,,
282,5211863182,whoisjohngalt420 (6/20),0,141.45,1B Willson Contreras 2B Nick Sogard 3B Caleb Durbin C Jonah Heim OF Jarren Duran OF Henry Bolte OF Jahmai Jones P Chris Sale P Gerrit Cole SS Jacob Wilson,,,
282,5212026001,rschindler14 (7/20),0,141.45,1B Kyle Stowers 2B Xavier Edwards 3B Caleb Durbin C Connor Wong OF Ceddanne Rafaela OF Jakob Marsee OF Jahmai Jones P Chris Sale P Gerrit Cole SS Otto Lopez,,,
282,5212116742,DaPharmer (1/3),0,141.45,1B Kyle Stowers 2B Xavier Edwards 3B Caleb Durbin C Moises Ballesteros OF Ronald Acuna Jr. OF Ceddanne Rafaela OF Jahmai Jones P Chris Sale P Gerrit Cole SS Jacob Wilson,,,
282,5212141204,ac919 (4/20),0,141.45,1B Kyle Stowers 2B Xavier Edwards 3B Caleb Durbin C Joe Mack OF Ceddanne Rafaela OF Jakob Marsee OF Jahmai Jones P Chris Sale P Gerrit Cole SS Otto Lopez,,,
282,5212149178,RemoteLIES (18/20),0,141.45,1B Kyle Stowers 2B Xavier Edwards 3B Caleb Durbin C Drake Baldwin OF Ceddanne Rafaela OF Jakob Marsee OF Jahmai Jones P Chris Sale P Gerrit Cole SS Andruw Monasterio,,,
288,5211690472,LOCNOTM (6/20),0,140.65,1B Willson Contreras 2B Xavier Edwards 3B Caleb Durbin C Brian Serven OF Ceddanne Rafaela OF Heriberto Hernandez OF Jahmai Jones P Chris Sale P Sandy Alcantara SS Andruw Monasterio,,,
288,5211875806,Scottyj316 (19/20),0,140.65,1B Willson Contreras 2B Nick Sogard 3B Caleb Durbin C Connor Wong OF Ronald Acuna Jr. OF Michael Harris II OF Jahmai Jones P Chris Sale P Sandy Alcantara SS Jacob Wilson,,,
288,5211926186,pat_the_hat2 (4/20),0,140.65,1B Kyle Stowers 2B Xavier Edwards 3B Tommy White C Jonah Heim OF Tyler Soderstrom OF Jakob Marsee OF Lawrence Butler P Chris Sale P Sandy Alcantara SS Jacob Wilson,,,
288,5211926284,mcafeend (8/20),0,140.65,1B Kyle Stowers 2B Xavier Edwards 3B Tommy White C Jonah Heim OF Tyler Soderstrom OF Henry Bolte OF Jakob Marsee P Chris Sale P Sandy Alcantara SS Jacob Wilson,,,
288,5211980700,rsumrall (20/20),0,140.65,1B Kyle Stowers 2B Xavier Edwards 3B Tommy White C Jonah Heim OF Tyler Soderstrom OF Henry Bolte OF Jakob Marsee P Chris Sale P Sandy Alcantara SS Jacob Wilson,,,
288,5212073825,meodette (1/20),0,140.65,1B Willson Contreras 2B Nick Sogard 3B Caleb Durbin C Connor Wong OF Ronald Acuna Jr. OF Michael Harris II OF Jahmai Jones P Chris Sale P Sandy Alcantara SS Otto Lopez,,,
288,5212073828,meodette (4/20),0,140.65,1B Matt Olson 2B Nick Sogard 3B Caleb Durbin C Jonah Heim OF Ronald Acuna Jr. OF Eli White OF Jahmai Jones P Chris Sale P Sandy Alcantara SS Andruw Monasterio,,,
295,5211792420,Swishdakyng (10/20),0,140.5,1B Kyle Stowers 2B Nick Sogard 3B Amed Rosario C Joe Mack OF Heriberto Hernandez OF Jakob Marsee OF Jahmai Jones P Gerrit Cole P Sandy Alcantara SS Otto Lopez,,,
295,5211875790,Scottyj316 (3/20),0,140.5,1B Paul Goldschmidt 2B Xavier Edwards 3B Caleb Durbin C Austin Wells OF Ronald Acuna Jr. OF Ceddanne Rafaela OF Heliot Ramos P Gerrit Cole P Sandy Alcantara SS Andruw Monasterio,,,
295,5212026003,rschindler14 (9/20),0,140.5,1B Ben Rice 2B Alika Williams 3B Jose Caballero C Austin Wells OF Ceddanne Rafaela OF Heliot Ramos OF Spencer Jones P Gerrit Cole P Sandy Alcantara SS Andruw Monasterio,,,
295,5212254975,drobles123 (2/3),0,140.5,1B Paul Goldschmidt 2B Xavier Edwards 3B Caleb Durbin C Jonah Heim OF Tyler Soderstrom OF Ceddanne Rafaela OF Heliot Ramos P Gerrit Cole P Sandy Alcantara SS Otto Lopez,,,
299,5211980684,rsumrall (4/20),0,140.45,1B Kyle Stowers 2B Xavier Edwards 3B Caleb Durbin C Jonah Heim OF Henry Bolte OF Jakob Marsee OF Griffin Conine P Chris Sale P Gerrit Cole SS Otto Lopez,,,
299,5212130541,produceman09 (7/7),0,140.45,1B Kyle Stowers 2B Xavier Edwards 3B Caleb Durbin C Jonah Heim OF Henry Bolte OF Jakob Marsee OF Griffin Conine P Chris Sale P Gerrit Cole SS Otto Lopez,,,
299,5212230534,jlegrand22 (1/20),0,140.45,1B Willson Contreras 2B Xavier Edwards 3B Caleb Durbin C Jonah Heim OF Ceddanne Rafaela OF Griffin Conine OF Jahmai Jones P Chris Sale P Gerrit Cole SS Andruw Monasterio,,,
299,5212244710,colonelforbin22 (3/6),0,140.45,1B Kyle Stowers 2B Xavier Edwards 3B Caleb Durbin C Jonah Heim OF Henry Bolte OF Jakob Marsee OF Griffin Conine P Chris Sale P Gerrit Cole SS Otto Lopez,,,
299,5212248593,Blerud15 (1/20),0,140.45,1B Kyle Stowers 2B Nick Sogard 3B Caleb Durbin C Jonah Heim OF Ceddanne Rafaela OF Henry Bolte OF Jahmai Jones P Chris Sale P Gerrit Cole SS Andruw Monasterio,,,
304,5211690480,LOCNOTM (14/20),0,139.65,1B Matt Olson 2B Xavier Edwards 3B Caleb Durbin C Connor Wong OF Ceddanne Rafaela OF Jakob Marsee OF Jahmai Jones P Chris Sale P Sandy Alcantara SS Andruw Monasterio,,,
304,5211893777,Gagenator51 (20/20),0,139.65,1B Kyle Stowers 2B Xavier Edwards 3B Javier Sanoja C Connor Wong OF Ceddanne Rafaela OF Jakob Marsee OF Jahmai Jones P Chris Sale P Sandy Alcantara SS Otto Lopez,,,
304,5212111028,SpeedRacer101 (2/20),0,139.65,1B Willson Contreras 2B Xavier Edwards 3B Tommy White C Brian Serven OF Tyler Soderstrom OF Jakob Marsee OF Lawrence Butler P Chris Sale P Sandy Alcantara SS Jacob Wilson,,,
304,5212118608,ccrider729,0,139.65,1B Kyle Stowers 2B Nick Sogard 3B Caleb Durbin C Drake Baldwin OF Ronald Acuna Jr. OF Ceddanne Rafaela OF Jahmai Jones P Chris Sale P Sandy Alcantara SS Andruw Monasterio,,,
304,5212235600,scohen21 (8/20),0,139.65,1B Kyle Stowers 2B Xavier Edwards 3B Javier Sanoja C Drake Baldwin OF Jarren Duran OF Jakob Marsee OF Jahmai Jones P Chris Sale P Sandy Alcantara SS Otto Lopez,,,
304,5212247264,SupremeApex22,0,139.65,1B Willson Contreras 2B Xavier Edwards 3B Caleb Durbin C Joe Mack OF Ronald Acuna Jr. OF Ceddanne Rafaela OF Jakob Marsee P Chris Sale P Sandy Alcantara SS George Lombard Jr.,,,
310,5211619565,melvincali (5/20),0,139.5,1B Paul Goldschmidt 2B Nick Sogard 3B Caleb Durbin C Jonah Heim OF Ceddanne Rafaela OF Jarren Duran OF Jahmai Jones P Gerrit Cole P Sandy Alcantara SS Jose Caballero,,,
310,5211738161,Schoey17 (5/7),0,139.5,1B Paul Goldschmidt 2B Nick Sogard 3B Caleb Durbin C Connor Wong OF Ceddanne Rafaela OF Heliot Ramos OF Jahmai Jones P Gerrit Cole P Sandy Alcantara SS Jacob Wilson,,,
310,5211811842,Wanna_Square_Up1567 (3/20),0,139.5,1B Willson Contreras 2B Xavier Edwards 3B Tommy White C Brian Serven OF Tyler Soderstrom OF Ceddanne Rafaela OF Lawrence Butler P Gerrit Cole P Sandy Alcantara SS Jacob Wilson,,,
313,5211796904,Cheesepuffs (5/6),0,139.45,1B Willson Contreras 2B Xavier Edwards 3B Caleb Durbin C Austin Wells OF Mike Trout OF Ceddanne Rafaela OF Jahmai Jones P Chris Sale P Gerrit Cole SS Andruw Monasterio,,,
313,5211896553,WILDCATBALLERS (3/20),0,139.45,1B Willson Contreras 2B Xavier Edwards 3B Caleb Durbin C Moises Ballesteros OF Ceddanne Rafaela OF Jakob Marsee OF Jahmai Jones P Chris Sale P Gerrit Cole SS Andruw Monasterio,,,
313,5211987172,DreamchaserJC (10/20),0,139.45,1B Willson Contreras 2B Xavier Edwards 3B Caleb Durbin C Joe Mack OF Ceddanne Rafaela OF Jakob Marsee OF Jahmai Jones P Chris Sale P Gerrit Cole SS Andruw Monasterio,,,
313,5211988345,JTFarley (4/5),0,139.45,1B Ben Rice 2B Xavier Edwards 3B Caleb Durbin C Connor Wong OF Ceddanne Rafaela OF Jarren Duran OF Jahmai Jones P Chris Sale P Gerrit Cole SS Otto Lopez,,,
313,5212130537,produceman09 (3/7),0,139.45,1B Willson Contreras 2B Xavier Edwards 3B Caleb Durbin C Joe Mack OF Ceddanne Rafaela OF Jakob Marsee OF Jahmai Jones P Chris Sale P Gerrit Cole SS Andruw Monasterio,,,
313,5212230547,jlegrand22 (14/20),0,139.45,1B Willson Contreras 2B Xavier Edwards 3B Caleb Durbin C Joe Mack OF Ceddanne Rafaela OF Henry Bolte OF Jahmai Jones P Chris Sale P Gerrit Cole SS Andruw Monasterio,,,
319,5211875792,Scottyj316 (5/20),0,139.05,1B Paul Goldschmidt 2B Xavier Edwards 3B Jose Caballero C Drake Baldwin OF Trent Grisham OF Heliot Ramos OF Jakob Marsee P Sandy Alcantara P Gage Jump SS George Lombard Jr.,,,
319,5212008899,mack69 (4/20),0,139.05,1B Kyle Stowers 2B Xavier Edwards 3B Tommy White C Jonah Heim OF Ceddanne Rafaela OF Henry Bolte OF Lawrence Butler P Sandy Alcantara P Gage Jump SS Jacob Wilson,,,
321,5212008910,mack69 (15/20),0,138.95,1B Willson Contreras 2B Xavier Edwards 3B Caleb Durbin C Jonah Heim OF Ceddanne Rafaela OF Jakob Marsee OF Jahmai Jones P Sandy Alcantara P Jake Bennett SS Andruw Monasterio,,,
322,5211792411,Swishdakyng (1/20),0,138.85,1B Paul Goldschmidt 2B Xavier Edwards 3B Amed Rosario C Drake Baldwin OF Trent Grisham OF Spencer Jones OF Henry Bolte P Gerrit Cole P Gage Jump SS Jose Caballero,,,
322,5211987059,ballaholick713 (17/20),0,138.85,1B Kyle Stowers 2B Xavier Edwards 3B Javier Sanoja C Austin Wells OF Mike Trout OF Trent Grisham OF Jakob Marsee P Gerrit Cole P Gage Jump SS Otto Lopez,,,
324,5211619568,melvincali (8/20),0,138.65,1B Willson Contreras 2B Ozzie Albies 3B Caleb Durbin C Jonah Heim OF Tyler Soderstrom OF Ceddanne Rafaela OF Jahmai Jones P Chris Sale P Sandy Alcantara SS Andruw Monasterio,,,
324,5211690474,LOCNOTM (8/20),0,138.65,1B Willson Contreras 2B Xavier Edwards 3B Caleb Durbin C Connor Wong OF Ronald Acuna Jr. OF Ceddanne Rafaela OF Jahmai Jones P Chris Sale P Sandy Alcantara SS Mauricio Dubon,,,
324,5211734425,kreller17 (11/20),0,138.65,1B Kyle Stowers 2B Xavier Edwards 3B Tommy White C Brian Serven OF Tyler Soderstrom OF Jakob Marsee OF Lawrence Butler P Chris Sale P Sandy Alcantara SS Otto Lopez,,,
324,5211736371,jmason247 (1/20),0,138.65,1B Kyle Stowers 2B Nick Sogard 3B Caleb Durbin C Connor Wong OF Ronald Acuna Jr. OF Eli White OF Jahmai Jones P Chris Sale P Sandy Alcantara SS Otto Lopez,,,
324,5211736377,jmason247 (7/20),0,138.65,1B Kyle Stowers 2B Nick Sogard 3B Caleb Durbin C Connor Wong OF Ronald Acuna Jr. OF Eli White OF Jahmai Jones P Chris Sale P Sandy Alcantara SS Otto Lopez,,,
324,5211780351,Anthonykorobellis (19/20),0,138.65,1B Willson Contreras 2B Alika Williams 3B Caleb Durbin C Brian Serven OF Ronald Acuna Jr. OF Tyler Soderstrom OF Lawrence Butler P Chris Sale P Sandy Alcantara SS Jacob Wilson,,,
324,5211820281,bellsofwar3 (16/20),0,138.65,1B Kyle Stowers 2B Nick Sogard 3B Caleb Durbin C Connor Wong OF Henry Bolte OF Owen Caissie OF Jahmai Jones P Chris Sale P Sandy Alcantara SS Andruw Monasterio,,,
324,5211987173,DreamchaserJC (11/20),0,138.65,1B Kyle Stowers 2B Xavier Edwards 3B Caleb Durbin C Connor Wong OF Tyler Soderstrom OF Jakob Marsee OF Griffin Conine P Chris Sale P Sandy Alcantara SS Otto Lopez,,,
324,5212029861,markt35 (3/20),0,138.65,1B Willson Contreras 2B Xavier Edwards 3B Javier Sanoja C Brian Serven OF Tyler Soderstrom OF Heriberto Hernandez OF Jakob Marsee P Chris Sale P Sandy Alcantara SS Otto Lopez,,,
324,5212073832,meodette (8/20),0,138.65,1B Matt Olson 2B Nick Sogard 3B Caleb Durbin C Jonah Heim OF Ronald Acuna Jr. OF Jarren Duran OF Jahmai Jones P Chris Sale P Sandy Alcantara SS Andruw Monasterio,,,
324,5212111031,SpeedRacer101 (5/20),0,138.65,1B Matt Olson 2B Xavier Edwards 3B Tommy White C Jonah Heim OF Tyler Soderstrom OF Henry Bolte OF Lawrence Butler P Chris Sale P Sandy Alcantara SS Otto Lopez,,,
324,5212116137,stock2mail (18/20),0,138.65,1B Willson Contreras 2B Xavier Edwards 3B Caleb Durbin C Connor Wong OF Ceddanne Rafaela OF Heriberto Hernandez OF Jahmai Jones P Chris Sale P Sandy Alcantara SS Otto Lopez,,,
324,5212124072,ballgame1881 (3/15),0,138.65,1B Nick Sogard 2B Ozzie Albies 3B Caleb Durbin C Drake Baldwin OF Ronald Acuna Jr. OF Michael Harris II OF Jahmai Jones P Chris Sale P Sandy Alcantara SS Mauricio Dubon,,,
324,5212251299,txsr123 (9/20),0,138.65,1B Kyle Stowers 2B Xavier Edwards 3B Caleb Durbin C Joe Mack OF Ceddanne Rafaela OF Griffin Conine OF Jahmai Jones P Chris Sale P Sandy Alcantara SS Otto Lopez,,,
338,5211969103,uvajay (17/20),0,138.5,1B Willson Contreras 2B Nick Sogard 3B Caleb Durbin C Connor Wong OF Ceddanne Rafaela OF Trent Grisham OF Jakob Marsee P Gerrit Cole P Sandy Alcantara SS George Lombard Jr.,,,
338,5212156386,cw1tt (2/20),0,138.5,1B Willson Contreras 2B Xavier Edwards 3B Max Muncy C Jonah Heim OF Tyler Soderstrom OF Ceddanne Rafaela OF Henry Bolte P Gerrit Cole P Sandy Alcantara SS Jacob Wilson,,,
340,5211699998,Sammy.Boy (1/20),0,138.45,1B Kyle Stowers 2B Xavier Edwards 3B Caleb Durbin C Connor Wong OF Ceddanne Rafaela OF Jakob Marsee OF Jahmai Jones P Chris Sale P Gerrit Cole SS Andruw Monasterio,,,
341,5211893694,debborn,0,137.95,1B Willson Contreras 2B Xavier Edwards 3B Caleb Durbin C Drake Baldwin OF Ronald Acuna Jr. OF Ceddanne Rafaela OF Jahmai Jones P Sandy Alcantara P Jake Bennett SS Otto Lopez,,,
341,5211961067,chuckface8,0,137.95,1B Willson Contreras 2B Xavier Edwards 3B Caleb Durbin C Drake Baldwin OF Ronald Acuna Jr. OF Ceddanne Rafaela OF Jahmai Jones P Sandy Alcantara P Jake Bennett SS Otto Lopez,,,
343,5211690482,LOCNOTM (16/20),0,137.65,1B Matt Olson 2B Nick Sogard 3B Caleb Durbin C Drake Baldwin OF Ceddanne Rafaela OF Jakob Marsee OF Jahmai Jones P Chris Sale P Sandy Alcantara SS Andruw Monasterio,,,
343,5211780345,Anthonykorobellis (13/20),0,137.65,1B Matt Olson 2B Nick Sogard 3B Caleb Durbin C Drake Baldwin OF Ronald Acuna Jr. OF Michael Harris II OF Jahmai Jones P Chris Sale P Sandy Alcantara SS Andruw Monasterio,,,
343,5211872449,andymartin5586 (7/20),0,137.65,1B Willson Contreras 2B Xavier Edwards 3B Caleb Durbin C Connor Wong OF Jarren Duran OF Javier Sanoja OF Jahmai Jones P Chris Sale P Sandy Alcantara SS Otto Lopez,,,
343,5211893770,Gagenator51 (13/20),0,137.65,1B Willson Contreras 2B Xavier Edwards 3B Caleb Durbin C Jonah Heim OF Heriberto Hernandez OF Jakob Marsee OF Griffin Conine P Chris Sale P Sandy Alcantara SS Otto Lopez,,,
343,5211900163,leighton32 (10/13),0,137.65,1B Willson Contreras 2B Xavier Edwards 3B Caleb Durbin C Jonah Heim OF Heriberto Hernandez OF Jakob Marsee OF Griffin Conine P Chris Sale P Sandy Alcantara SS Otto Lopez,,,
343,5211988344,JTFarley (3/5),0,137.65,1B Willson Contreras 2B Xavier Edwards 3B Caleb Durbin C Joe Mack OF Ronald Acuna Jr. OF Jakob Marsee OF Griffin Conine P Chris Sale P Sandy Alcantara SS Otto Lopez,,,
343,5212009854,chrism0rgan (18/20),0,137.65,1B Willson Contreras 2B Ozzie Albies 3B Caleb Durbin C Brian Serven OF Tyler Soderstrom OF Henry Bolte OF Lawrence Butler P Chris Sale P Sandy Alcantara SS Jacob Wilson,,,
343,5212100459,csurunnerccr (11/20),0,137.65,1B Kyle Stowers 2B Xavier Edwards 3B Javier Sanoja C Jonah Heim OF Heriberto Hernandez OF Henry Bolte OF Lawrence Butler P Chris Sale P Sandy Alcantara SS Otto Lopez,,,
343,5212116121,stock2mail (2/20),0,137.65,1B Matt Olson 2B Nick Sogard 3B Caleb Durbin C Drake Baldwin OF Ronald Acuna Jr. OF Michael Harris II OF Jahmai Jones P Chris Sale P Sandy Alcantara SS Andruw Monasterio,,,
343,5212166277,Satch65 (15/20),0,137.65,1B Matt Olson 2B Nick Sogard 3B Caleb Durbin C Drake Baldwin OF Ceddanne Rafaela OF Henry Bolte OF Jahmai Jones P Chris Sale P Sandy Alcantara SS Andruw Monasterio,,,
343,5212206071,jjimka66 (6/20),0,137.65,1B Willson Contreras 2B Xavier Edwards 3B Caleb Durbin C Joe Mack OF Ronald Acuna Jr. OF Jakob Marsee OF Griffin Conine P Chris Sale P Sandy Alcantara SS Otto Lopez,,,
343,5212243525,BuckeyeCity (6/20),0,137.65,1B Matt Olson 2B Nick Sogard 3B Caleb Durbin C Drake Baldwin OF Ronald Acuna Jr. OF Michael Harris II OF Jahmai Jones P Chris Sale P Sandy Alcantara SS Andruw Monasterio,,,
343,5212251138,BigMart11 (20/20),0,137.65,1B Matt Olson 2B Nick Sogard 3B Caleb Durbin C Drake Baldwin OF Ronald Acuna Jr. OF Michael Harris II OF Jahmai Jones P Chris Sale P Sandy Alcantara SS Andruw Monasterio,,,
343,5212256335,lilmaryy (6/11),0,137.65,1B Willson Contreras 2B Xavier Edwards 3B Caleb Durbin C Joe Mack OF Heriberto Hernandez OF Eli White OF Jahmai Jones P Chris Sale P Sandy Alcantara SS Otto Lopez,,,
357,5211804406,AverageTuesday (8/20),0,137.5,1B Willson Contreras 2B Xavier Edwards 3B Caleb Durbin C Connor Wong OF Ceddanne Rafaela OF Jakob Marsee OF Griffin Conine P Gerrit Cole P Sandy Alcantara SS Otto Lopez,,,
357,5211914051,drunkonpappy (8/20),0,137.5,1B Paul Goldschmidt 2B Xavier Edwards 3B Caleb Durbin C Connor Wong OF Ceddanne Rafaela OF Heliot Ramos OF Jahmai Jones P Gerrit Cole P Sandy Alcantara SS Jose Caballero,,,
357,5211945722,aquafinatim (4/20),0,137.5,1B Ben Rice 2B Xavier Edwards 3B Jose Caballero C Joe Mack OF Trent Grisham OF Heliot Ramos OF Henry Bolte P Gerrit Cole P Sandy Alcantara SS Otto Lopez,,,
357,5212054108,wazzu24 (9/20),0,137.5,1B Paul Goldschmidt 2B Xavier Edwards 3B Max Muncy C Jonah Heim OF Tyler Soderstrom OF Heliot Ramos OF Henry Bolte P Gerrit Cole P Sandy Alcantara SS Jacob Wilson,,,
357,5212061592,lunchbox11,0,137.5,1B Kyle Stowers 2B Xavier Edwards 3B Caleb Durbin C Jonah Heim OF Tyler Soderstrom OF Ceddanne Rafaela OF Jarren Duran P Gerrit Cole P Sandy Alcantara SS Jacob Wilson,,,
357,5212103621,KelvinDubs (19/20),0,137.5,1B Ben Rice 2B Xavier Edwards 3B Caleb Durbin C Joe Mack OF Trent Grisham OF Heliot Ramos OF Heriberto Hernandez P Gerrit Cole P Sandy Alcantara SS Otto Lopez,,,
357,5212108971,exjarhead (2/2),0,137.5,1B Willson Contreras 2B Xavier Edwards 3B Caleb Durbin C Drake Baldwin OF Ceddanne Rafaela OF Jakob Marsee OF Owen Caissie P Gerrit Cole P Sandy Alcantara SS Otto Lopez,,,
357,5212205573,mac111,0,137.5,1B Kyle Stowers 2B Xavier Edwards 3B Caleb Durbin C Jonah Heim OF Mike Trout OF Ceddanne Rafaela OF Henry Bolte P Gerrit Cole P Sandy Alcantara SS Jacob Wilson,,,
357,5212242014,Liamhunt31 (1/2),0,137.5,1B Paul Goldschmidt 2B Xavier Edwards 3B Amed Rosario C Jonah Heim OF Ronald Acuna Jr. OF Tyler Soderstrom OF Heliot Ramos P Gerrit Cole P Sandy Alcantara SS Otto Lopez,,,
366,5211926280,mcafeend (4/20),0,137.45,1B Willson Contreras 2B Nick Sogard 3B Caleb Durbin C Jonah Heim OF Ceddanne Rafaela OF Heriberto Hernandez OF Jahmai Jones P Chris Sale P Gerrit Cole SS Otto Lopez,,,
366,5211933943,brielly1972 (3/4),0,137.45,1B Willson Contreras 2B Xavier Edwards 3B Caleb Durbin C Jonah Heim OF Ceddanne Rafaela OF Eli White OF Jahmai Jones P Chris Sale P Gerrit Cole SS Jacob Wilson,,,
366,5212138727,Dricou (8/10),0,137.45,1B Kyle Stowers 2B Xavier Edwards 3B Tommy White C Jonah Heim OF Tyler Soderstrom OF Henry Bolte OF Jakob Marsee P Chris Sale P Gerrit Cole SS Jacob Wilson,,,
366,5212167166,mpritchard1 (3/5),0,137.45,1B Willson Contreras 2B Xavier Edwards 3B Caleb Durbin C Connor Wong OF Heriberto Hernandez OF Griffin Conine OF Jahmai Jones P Chris Sale P Gerrit Cole SS Andruw Monasterio,,,
370,5211736378,jmason247 (8/20),0,137,1B Willson Contreras 2B Xavier Edwards 3B Tommy White C Brian Serven OF Tyler Soderstrom OF Henry Bolte OF Lawrence Butler P Chris Sale P Gage Jump SS Otto Lopez,,,
371,5211820268,bellsofwar3 (3/20),0,136.95,1B Willson Contreras 2B Xavier Edwards 3B Caleb Durbin C Connor Wong OF Jakob Marsee OF Griffin Conine OF Jahmai Jones P Sandy Alcantara P Jake Bennett SS Andruw Monasterio,,,
372,5211770621,peltifreeze89 (7/20),0,136.85,1B Kyle Stowers 2B Xavier Edwards 3B Javier Sanoja C Austin Wells OF Trent Grisham OF Heliot Ramos OF Jakob Marsee P Gerrit Cole P Gage Jump SS Otto Lopez,,,
373,5211507399,blitzburgh07,0,136.65,1B Nick Sogard 2B Xavier Edwards 3B Caleb Durbin C Drake Baldwin OF Ronald Acuna Jr. OF Ceddanne Rafaela OF Wade Meckler P Chris Sale P Sandy Alcantara SS Andruw Monasterio,,,
373,5211767700,Snyp1414 (2/2),0,136.65,1B Willson Contreras 2B Nick Sogard 3B Caleb Durbin C Drake Baldwin OF Ronald Acuna Jr. OF Ceddanne Rafaela OF Jahmai Jones P Chris Sale P Sandy Alcantara SS Mauricio Dubon,,,
373,5211770623,peltifreeze89 (9/20),0,136.65,1B Matt Olson 2B Nick Sogard 3B Caleb Durbin C Drake Baldwin OF Lawrence Butler OF Eli White OF Jahmai Jones P Chris Sale P Sandy Alcantara SS Andruw Monasterio,,,
373,5211797416,mythicalrhymer01 (5/6),0,136.65,1B Matt Olson 2B Xavier Edwards 3B Caleb Durbin C Drake Baldwin OF Ronald Acuna Jr. OF Michael Harris II OF Jahmai Jones P Chris Sale P Sandy Alcantara SS Jim Jarvis,,,
373,5211872451,andymartin5586 (9/20),0,136.65,1B Willson Contreras 2B Xavier Edwards 3B Caleb Durbin C Connor Wong OF Jarren Duran OF Griffin Conine OF Jahmai Jones P Chris Sale P Sandy Alcantara SS Otto Lopez,,,
373,5211893774,Gagenator51 (17/20),0,136.65,1B Kyle Stowers 2B Nick Sogard 3B Caleb Durbin C Connor Wong OF Jarren Duran OF Jakob Marsee OF Jahmai Jones P Chris Sale P Sandy Alcantara SS Otto Lopez,,,
373,5211926335,thundrenterprises (15/20),0,136.65,1B Willson Contreras 2B Nick Sogard 3B Caleb Durbin C Drake Baldwin OF Ronald Acuna Jr. OF Ceddanne Rafaela OF Jahmai Jones P Chris Sale P Sandy Alcantara SS Mauricio Dubon,,,
373,5211990731,KristianFTM (13/20),0,136.65,1B Kyle Stowers 2B Xavier Edwards 3B Tommy White C Drake Baldwin OF Tyler Soderstrom OF Henry Bolte OF Lawrence Butler P Chris Sale P Sandy Alcantara SS Otto Lopez,,,
373,5212075731,mlief (9/20),0,136.65,1B Willson Contreras 2B Xavier Edwards 3B Max Muncy C Brian Serven OF Tyler Soderstrom OF Jakob Marsee OF Lawrence Butler P Chris Sale P Sandy Alcantara SS Jacob Wilson,,,
373,5212083920,ckcash64 (5/20),0,136.65,1B Kyle Stowers 2B Xavier Edwards 3B Caleb Durbin C Drake Baldwin OF Ceddanne Rafaela OF Michael Harris II OF Jahmai Jones P Chris Sale P Sandy Alcantara SS Otto Lopez,,,
373,5212083927,ckcash64 (12/20),0,136.65,1B Matt Olson 2B Xavier Edwards 3B Caleb Durbin C Drake Baldwin OF Ronald Acuna Jr. OF Ceddanne Rafaela OF Jahmai Jones P Chris Sale P Sandy Alcantara SS Jim Jarvis,,,
373,5212089466,mrclean913 (10/20),0,136.65,1B Willson Contreras 2B Alika Williams 3B Caleb Durbin C Drake Baldwin OF Tyler Soderstrom OF Henry Bolte OF Lawrence Butler P Chris Sale P Sandy Alcantara SS Jacob Wilson,,,
373,5212118713,Squizzle,0,136.65,1B Willson Contreras 2B Nick Sogard 3B Caleb Durbin C Drake Baldwin OF Ronald Acuna Jr. OF Ceddanne Rafaela OF Jahmai Jones P Chris Sale P Sandy Alcantara SS Mauricio Dubon,,,
373,5212163081,slappey22 (6/7),0,136.65,1B Matt Olson 2B Xavier Edwards 3B Tommy White C Jonah Heim OF Ronald Acuna Jr. OF Henry Bolte OF Lawrence Butler P Chris Sale P Sandy Alcantara SS Jacob Wilson,,,
373,5212183960,sboynton10,0,136.65,1B Matt Olson 2B Xavier Edwards 3B Tommy White C Brian Serven OF Ronald Acuna Jr. OF Tyler Soderstrom OF Henry Bolte P Chris Sale P Sandy Alcantara SS Jacob Wilson,,,
373,5212189982,Yvettem36,0,136.65,1B Willson Contreras 2B Xavier Edwards 3B Caleb Durbin C Jonah Heim OF Ceddanne Rafaela OF Henry Bolte OF Jakob Marsee P Chris Sale P Sandy Alcantara SS Andruw Monasterio,,,
373,5212234802,xXxPLOSIVE (1/4),0,136.65,1B Willson Contreras 2B Nick Sogard 3B Caleb Durbin C Drake Baldwin OF Ronald Acuna Jr. OF Ceddanne Rafaela OF Jahmai Jones P Chris Sale P Sandy Alcantara SS Mauricio Dubon,,,
373,5212244059,Timbo314636 (2/2),0,136.65,1B Willson Contreras 2B Nick Sogard 3B Caleb Durbin C Drake Baldwin OF Ronald Acuna Jr. OF Ceddanne Rafaela OF Jahmai Jones P Chris Sale P Sandy Alcantara SS Mauricio Dubon,,,
391,5211619563,melvincali (3/20),0,136.5,1B Willson Contreras 2B Nick Sogard 3B Jose Caballero C Austin Wells OF Heliot Ramos OF Jarren Duran OF Jahmai Jones P Gerrit Cole P Sandy Alcantara SS Andruw Monasterio,,,
391,5211863189,whoisjohngalt420 (13/20),0,136.5,1B Paul Goldschmidt 2B Nick Sogard 3B Caleb Durbin C Joe Mack OF Ceddanne Rafaela OF Heliot Ramos OF Jahmai Jones P Gerrit Cole P Sandy Alcantara SS Andruw Monasterio,,,
391,5211916588,smk5430 (18/20),0,136.5,1B Willson Contreras 2B Xavier Edwards 3B Tommy White C Brian Serven OF Tyler Soderstrom OF Ceddanne Rafaela OF Henry Bolte P Gerrit Cole P Sandy Alcantara SS Andruw Monasterio,,,
391,5211920286,rod288 (13/20),0,136.5,1B Ben Rice 2B Xavier Edwards 3B Tommy White C Jonah Heim OF Ceddanne Rafaela OF Jarren Duran OF Henry Bolte P Gerrit Cole P Sandy Alcantara SS Jacob Wilson,,,
391,5211987181,DreamchaserJC (19/20),0,136.5,1B Kyle Stowers 2B Xavier Edwards 3B Caleb Durbin C Connor Wong OF Ceddanne Rafaela OF Jakob Marsee OF Griffin Conine P Gerrit Cole P Sandy Alcantara SS Otto Lopez,,,
391,5212095522,woodreb5 (13/20),0,136.5,1B Willson Contreras 2B Nick Sogard 3B Amed Rosario C Connor Wong OF Tyler Soderstrom OF Jarren Duran OF Jahmai Jones P Gerrit Cole P Sandy Alcantara SS Jacob Wilson,,,
397,5211953897,orenict,0,136.45,1B Willson Contreras 2B Alika Williams 3B Caleb Durbin C Jonah Heim OF Tyler Soderstrom OF Ceddanne Rafaela OF Jahmai Jones P Chris Sale P Gerrit Cole SS Andruw Monasterio,,,
397,5212230540,jlegrand22 (7/20),0,136.45,1B Willson Contreras 2B Nick Sogard 3B Javier Sanoja C Jonah Heim OF Ceddanne Rafaela OF Henry Bolte OF Jahmai Jones P Chris Sale P Gerrit Cole SS Andruw Monasterio,,,
399,5211734430,kreller17 (16/20),0,136,1B Kyle Stowers 2B Xavier Edwards 3B Tommy White C Brian Serven OF Ronald Acuna Jr. OF Tyler Soderstrom OF Henry Bolte P Chris Sale P Gage Jump SS Jacob Wilson,,,
399,5211917278,LTskelter (9/20),0,136,1B Matt Olson 2B Xavier Edwards 3B Tommy White C Jonah Heim OF Ronald Acuna Jr. OF Tyler Soderstrom OF Henry Bolte P Chris Sale P Gage Jump SS Jacob Wilson,,,
399,5212064697,henry296 (15/20),0,136,1B Matt Olson 2B Xavier Edwards 3B Tommy White C Jonah Heim OF Ronald Acuna Jr. OF Tyler Soderstrom OF Henry Bolte P Chris Sale P Gage Jump SS Jacob Wilson,,,
402,5211619572,melvincali (12/20),0,135.65,1B Willson Contreras 2B Alika Williams 3B Caleb Durbin C Brian Serven OF Ceddanne Rafaela OF Lawrence Butler OF Jahmai Jones P Chris Sale P Sandy Alcantara SS Andruw Monasterio,,,
402,5211872445,andymartin5586 (3/20),0,135.65,1B Willson Contreras 2B Xavier Edwards 3B Caleb Durbin C Connor Wong OF Jarren Duran OF Heriberto Hernandez OF Jahmai Jones P Chris Sale P Sandy Alcantara SS Otto Lopez,,,
402,5212064695,henry296 (13/20),0,135.65,1B Willson Contreras 2B Ozzie Albies 3B Caleb Durbin C Drake Baldwin OF Ceddanne Rafaela OF Henry Bolte OF Jahmai Jones P Chris Sale P Sandy Alcantara SS Jacob Wilson,,,
402,5212129481,monkey520 (8/8),0,135.65,1B Willson Contreras 2B Ozzie Albies 3B Caleb Durbin C Drake Baldwin OF Ceddanne Rafaela OF Henry Bolte OF Jahmai Jones P Chris Sale P Sandy Alcantara SS Jacob Wilson,,,
402,5212145099,TheBossinMyWorld,0,135.65,1B Kyle Stowers 2B Ozzie Albies 3B Caleb Durbin C Jonah Heim OF Ronald Acuna Jr. OF Ceddanne Rafaela OF Jahmai Jones P Chris Sale P Sandy Alcantara SS Andruw Monasterio,,,
402,5212149174,RemoteLIES (14/20),0,135.65,1B Willson Contreras 2B Ozzie Albies 3B Caleb Durbin C Drake Baldwin OF Ceddanne Rafaela OF Henry Bolte OF Jahmai Jones P Chris Sale P Sandy Alcantara SS Jacob Wilson,,,
402,5212170260,itrevinoz2 (12/12),0,135.65,1B Willson Contreras 2B Xavier Edwards 3B Tommy White C Jonah Heim OF Tyler Soderstrom OF Jakob Marsee OF Griffin Conine P Chris Sale P Sandy Alcantara SS Jacob Wilson,,,
402,5212200421,goaliman12 (16/20),0,135.65,1B Kyle Stowers 2B Xavier Edwards 3B Max Muncy C Jonah Heim OF Henry Bolte OF Jakob Marsee OF Lawrence Butler P Chris Sale P Sandy Alcantara SS Jacob Wilson,,,
410,5211770616,peltifreeze89 (2/20),0,135.5,1B Willson Contreras 2B Xavier Edwards 3B Caleb Durbin C Jonah Heim OF Ceddanne Rafaela OF Henry Bolte OF Eli White P Gerrit Cole P Sandy Alcantara SS Andruw Monasterio,,,
410,5211865513,SeanDre (14/20),0,135.5,1B Paul Goldschmidt 2B Xavier Edwards 3B Javier Sanoja C Austin Wells OF Heliot Ramos OF Heriberto Hernandez OF Jakob Marsee P Gerrit Cole P Sandy Alcantara SS Jose Caballero,,,
410,5211895990,cowboys767 (13/20),0,135.5,1B Ben Rice 2B Xavier Edwards 3B Javier Sanoja C Joe Mack OF Ceddanne Rafaela OF Heliot Ramos OF Jakob Marsee P Gerrit Cole P Sandy Alcantara SS Otto Lopez,,,
410,5211914059,drunkonpappy (16/20),0,135.5,1B Willson Contreras 2B Xavier Edwards 3B Caleb Durbin C Connor Wong OF Ceddanne Rafaela OF Heliot Ramos OF Jahmai Jones P Gerrit Cole P Sandy Alcantara SS Jose Caballero,,,
410,5212209976,SaucyJack1001 (1/4),0,135.5,1B Paul Goldschmidt 2B Xavier Edwards 3B Amed Rosario C Brian Serven OF Ronald Acuna Jr. OF Tyler Soderstrom OF Heliot Ramos P Gerrit Cole P Sandy Alcantara SS Jacob Wilson,,,
410,5212225505,rambito (17/20),0,135.5,1B Willson Contreras 2B Xavier Edwards 3B Javier Sanoja C Connor Wong OF Tyler Soderstrom OF Heriberto Hernandez OF Griffin Conine P Gerrit Cole P Sandy Alcantara SS Andruw Monasterio,,,
410,5212242401,BigMart11 (4/20),0,135.5,1B Willson Contreras 2B Xavier Edwards 3B Caleb Durbin C Jonah Heim OF Ceddanne Rafaela OF Jakob Marsee OF Eli White P Gerrit Cole P Sandy Alcantara SS Andruw Monasterio,,,
417,5211770629,peltifreeze89 (15/20),0,135.45,1B Willson Contreras 2B Xavier Edwards 3B Caleb Durbin C Austin Wells OF Ceddanne Rafaela OF Eli White OF Jahmai Jones P Chris Sale P Gerrit Cole SS Jose Caballero,,,
417,5211863194,whoisjohngalt420 (18/20),0,135.45,1B Willson Contreras 2B Xavier Edwards 3B Caleb Durbin C Connor Wong OF Ceddanne Rafaela OF Heriberto Hernandez OF Jahmai Jones P Chris Sale P Gerrit Cole SS Otto Lopez,,,
417,5211990730,KristianFTM (12/20),0,135.45,1B Willson Contreras 2B Xavier Edwards 3B Caleb Durbin C Connor Wong OF Ceddanne Rafaela OF Heriberto Hernandez OF Jahmai Jones P Chris Sale P Gerrit Cole SS Otto Lopez,,,
417,5212132487,Toney367 (14/20),0,135.45,1B Willson Contreras 2B Xavier Edwards 3B Caleb Durbin C Connor Wong OF Ceddanne Rafaela OF Lawrence Butler OF Jahmai Jones P Chris Sale P Gerrit Cole SS Jose Caballero,,,
421,5211820272,bellsofwar3 (7/20),0,134.95,1B Willson Contreras 2B Xavier Edwards 3B Javier Sanoja C Connor Wong OF Jakob Marsee OF Griffin Conine OF Jahmai Jones P Sandy Alcantara P Jake Bennett SS Otto Lopez,,,
421,5211987177,DreamchaserJC (15/20),0,134.95,1B Willson Contreras 2B Xavier Edwards 3B Caleb Durbin C Connor Wong OF Ceddanne Rafaela OF Jakob Marsee OF Jahmai Jones P Sandy Alcantara P Jake Bennett SS Otto Lopez,,,
421,5212008907,mack69 (12/20),0,134.95,1B Willson Contreras 2B Xavier Edwards 3B Caleb Durbin C Connor Wong OF Ceddanne Rafaela OF Henry Bolte OF Jahmai Jones P Sandy Alcantara P Jake Bennett SS Otto Lopez,,,
424,5211690484,LOCNOTM (18/20),0,134.65,1B Matt Olson 2B Nick Sogard 3B Caleb Durbin C Drake Baldwin OF Ronald Acuna Jr. OF Jarren Duran OF Jahmai Jones P Chris Sale P Sandy Alcantara SS Andruw Monasterio,,,
424,5211700009,Sammy.Boy (12/20),0,134.65,1B Willson Contreras 2B Ozzie Albies 3B Caleb Durbin C Brian Serven OF Ronald Acuna Jr. OF Ceddanne Rafaela OF Jahmai Jones P Chris Sale P Sandy Alcantara SS Andruw Monasterio,,,
424,5211751330,Cheesepuffs (4/6),0,134.65,1B Willson Contreras 2B Xavier Edwards 3B Caleb Durbin C Drake Baldwin OF Ceddanne Rafaela OF Jarren Duran OF Jahmai Jones P Chris Sale P Sandy Alcantara SS Jacob Wilson,,,
424,5211767699,Snyp1414 (1/2),0,134.65,1B Willson Contreras 2B Xavier Edwards 3B Caleb Durbin C Drake Baldwin OF Ceddanne Rafaela OF Jarren Duran OF Jahmai Jones P Chris Sale P Sandy Alcantara SS Jacob Wilson,,,
424,5211926282,mcafeend (6/20),0,134.65,1B Matt Olson 2B Nick Sogard 3B Caleb Durbin C Drake Baldwin OF Ronald Acuna Jr. OF Jarren Duran OF Jahmai Jones P Chris Sale P Sandy Alcantara SS Andruw Monasterio,,,
424,5211942987,bassguy39 (7/20),0,134.65,1B Willson Contreras 2B Xavier Edwards 3B Caleb Durbin C Connor Wong OF Tyler Soderstrom OF Ceddanne Rafaela OF Henry Bolte P Chris Sale P Sandy Alcantara SS Jacob Wilson,,,
424,5211945725,aquafinatim (7/20),0,134.65,1B Kyle Stowers 2B Xavier Edwards 3B Max Muncy C Jonah Heim OF Ronald Acuna Jr. OF Henry Bolte OF Mike Yastrzemski P Chris Sale P Sandy Alcantara SS Otto Lopez,,,
424,5212026007,rschindler14 (13/20),0,134.65,1B Kyle Stowers 2B Ozzie Albies 3B Austin Riley C Drake Baldwin OF Ronald Acuna Jr. OF Henry Bolte OF Jahmai Jones P Chris Sale P Sandy Alcantara SS Jacob Wilson,,,
424,5212083931,ckcash64 (16/20),0,134.65,1B Willson Contreras 2B Ozzie Albies 3B Caleb Durbin C Drake Baldwin OF Ceddanne Rafaela OF Mike Yastrzemski OF Jahmai Jones P Chris Sale P Sandy Alcantara SS Otto Lopez,,,
424,5212121430,Chadg20 (10/20),0,134.65,1B Matt Olson 2B Xavier Edwards 3B Javier Sanoja C Drake Baldwin OF Michael Harris II OF Griffin Conine OF Jahmai Jones P Chris Sale P Sandy Alcantara SS Otto Lopez,,,
424,5212163703,TheFH (7/20),0,134.65,1B Matt Olson 2B Nick Sogard 3B Caleb Durbin C Drake Baldwin OF Ronald Acuna Jr. OF Jarren Duran OF Jahmai Jones P Chris Sale P Sandy Alcantara SS Andruw Monasterio,,,
424,5212170257,itrevinoz2 (9/12),0,134.65,1B Kyle Stowers 2B Xavier Edwards 3B Caleb Durbin C Drake Baldwin OF Tyler Soderstrom OF Heriberto Hernandez OF Griffin Conine P Chris Sale P Sandy Alcantara SS Jacob Wilson,,,
424,5212251292,txsr123 (2/20),0,134.65,1B Matt Olson 2B Xavier Edwards 3B Javier Sanoja C Joe Mack OF Ronald Acuna Jr. OF Jakob Marsee OF Mike Yastrzemski P Chris Sale P Sandy Alcantara SS Otto Lopez,,,
437,5211820267,bellsofwar3 (2/20),0,134.5,1B Paul Goldschmidt 2B Xavier Edwards 3B Amed Rosario C Connor Wong OF Ceddanne Rafaela OF Trent Grisham OF Jahmai Jones P Gerrit Cole P Sandy Alcantara SS Andruw Monasterio,,,
437,5211978123,bxtrey,0,134.5,1B Paul Goldschmidt 2B Xavier Edwards 3B Caleb Durbin C Drake Baldwin OF Ceddanne Rafaela OF Trent Grisham OF Heliot Ramos P Gerrit Cole P Sandy Alcantara SS George Lombard Jr.,,,
437,5212022886,jnwallen (4/20),0,134.5,1B Ben Rice 2B Alika Williams 3B Amed Rosario C Jonah Heim OF Tyler Soderstrom OF Heliot Ramos OF Henry Bolte P Gerrit Cole P Sandy Alcantara SS Jacob Wilson,,,
437,5212074253,Socc66,0,134.5,1B Willson Contreras 2B Xavier Edwards 3B Javier Sanoja C Joe Mack OF Ceddanne Rafaela OF Jarren Duran OF Jahmai Jones P Gerrit Cole P Sandy Alcantara SS Andruw Monasterio,,,
437,5212149173,RemoteLIES (13/20),0,134.5,1B Willson Contreras 2B Xavier Edwards 3B Jose Caballero C Austin Wells OF Ceddanne Rafaela OF Jarren Duran OF Jakob Marsee P Gerrit Cole P Sandy Alcantara SS Otto Lopez,,,
442,5211933705,brielly1972 (2/4),0,134.45,1B Willson Contreras 2B Xavier Edwards 3B Caleb Durbin C Jonah Heim OF Jarren Duran OF Eli White OF Jahmai Jones P Chris Sale P Gerrit Cole SS Otto Lopez,,,
442,5211968646,thrtyftj,0,134.45,1B Kyle Stowers 2B Xavier Edwards 3B Max Muncy C Jonah Heim OF Tyler Soderstrom OF Henry Bolte OF Jakob Marsee P Chris Sale P Gerrit Cole SS Jacob Wilson,,,
442,5212013393,zandwich (14/20),0,134.45,1B Willson Contreras 2B Xavier Edwards 3B Javier Sanoja C Connor Wong OF Ceddanne Rafaela OF Jakob Marsee OF Jahmai Jones P Chris Sale P Gerrit Cole SS Andruw Monasterio,,,
442,5212128885,slpendy (11/20),0,134.45,1B Kyle Stowers 2B Xavier Edwards 3B Tommy White C Brian Serven OF Tyler Soderstrom OF Lawrence Butler OF Jahmai Jones P Chris Sale P Gerrit Cole SS Zach Neto,,,
442,5212230537,jlegrand22 (4/20),0,134.45,1B Willson Contreras 2B Xavier Edwards 3B Javier Sanoja C Connor Wong OF Ceddanne Rafaela OF Jakob Marsee OF Jahmai Jones P Chris Sale P Gerrit Cole SS Andruw Monasterio,,,
442,5212230544,jlegrand22 (11/20),0,134.45,1B Willson Contreras 2B Xavier Edwards 3B Javier Sanoja C Connor Wong OF Ceddanne Rafaela OF Henry Bolte OF Jahmai Jones P Chris Sale P Gerrit Cole SS Andruw Monasterio,,,
442,5212243530,BuckeyeCity (11/20),0,134.45,1B Kyle Stowers 2B Xavier Edwards 3B Caleb Durbin C Joe Mack OF Ceddanne Rafaela OF Heriberto Hernandez OF Jahmai Jones P Chris Sale P Gerrit Cole SS Otto Lopez,,,
449,5212167168,mpritchard1 (5/5),0,134.05,1B Matt Olson 2B Xavier Edwards 3B Max Muncy C Jonah Heim OF Ronald Acuna Jr. OF Ceddanne Rafaela OF Henry Bolte P Sandy Alcantara P Gage Jump SS Jacob Wilson,,,
450,5211987057,ballaholick713 (15/20),0,133.85,1B Kyle Stowers 2B Xavier Edwards 3B Javier Sanoja C Brian Serven OF Mike Trout OF Tyler Soderstrom OF Heriberto Hernandez P Gerrit Cole P Gage Jump SS Otto Lopez,,,
451,5211619580,melvincali (20/20),0,133.65,1B Willson Contreras 2B Nick Sogard 3B Caleb Durbin C Jonah Heim OF Tyler Soderstrom OF Ceddanne Rafaela OF Henry Bolte P Chris Sale P Sandy Alcantara SS Andruw Monasterio,,,
451,5211780334,Anthonykorobellis (2/20),0,133.65,1B Willson Contreras 2B Alika Williams 3B Caleb Durbin C Drake Baldwin OF Ronald Acuna Jr. OF Ceddanne Rafaela OF Jahmai Jones P Chris Sale P Sandy Alcantara SS Andruw Monasterio,,,
451,5211818246,okelly36 (3/4),0,133.65,1B Willson Contreras 2B Nick Sogard 3B Caleb Durbin C Jonah Heim OF Tyler Soderstrom OF Ceddanne Rafaela OF Henry Bolte P Chris Sale P Sandy Alcantara SS Andruw Monasterio,,,
451,5211872453,andymartin5586 (11/20),0,133.65,1B Willson Contreras 2B Xavier Edwards 3B Caleb Durbin C Connor Wong OF Jarren Duran OF Owen Caissie OF Jahmai Jones P Chris Sale P Sandy Alcantara SS Otto Lopez,,,
451,5211879567,stevenhenry43211 (5/20),0,133.65,1B Kyle Stowers 2B Xavier Edwards 3B Caleb Durbin C Drake Baldwin OF Wilyer Abreu OF Ceddanne Rafaela OF Jahmai Jones P Chris Sale P Sandy Alcantara SS Jacob Wilson,,,
451,5211891944,jlouie30,0,133.65,1B Matt Olson 2B Xavier Edwards 3B Max Muncy C Brian Serven OF Ronald Acuna Jr. OF Tyler Soderstrom OF Henry Bolte P Chris Sale P Sandy Alcantara SS Jacob Wilson,,,
451,5212000966,MamaKay1122 (9/13),0,133.65,1B Willson Contreras 2B Nick Sogard 3B Caleb Durbin C Jonah Heim OF Michael Harris II OF Jarren Duran OF Jahmai Jones P Chris Sale P Sandy Alcantara SS Otto Lopez,,,
451,5212026011,rschindler14 (17/20),0,133.65,1B Kyle Stowers 2B Xavier Edwards 3B Caleb Durbin C Drake Baldwin OF Michael Harris II OF Jakob Marsee OF Mike Yastrzemski P Chris Sale P Sandy Alcantara SS Jacob Wilson,,,
451,5212029864,markt35 (6/20),0,133.65,1B Kyle Stowers 2B Xavier Edwards 3B Tommy White C Brian Serven OF Tyler Soderstrom OF Jakob Marsee OF Javier Sanoja P Chris Sale P Sandy Alcantara SS Otto Lopez,,,
451,5212030422,jrow01,0,133.65,1B Willson Contreras 2B Nick Sogard 3B Caleb Durbin C Jonah Heim OF Tyler Soderstrom OF Ceddanne Rafaela OF Henry Bolte P Chris Sale P Sandy Alcantara SS Andruw Monasterio,,,
451,5212075736,mlief (14/20),0,133.65,1B Willson Contreras 2B Nick Sogard 3B Caleb Durbin C Drake Baldwin OF Trent Grisham OF Michael Harris II OF Jahmai Jones P Chris Sale P Sandy Alcantara SS Andruw Monasterio,,,
451,5212083917,ckcash64 (2/20),0,133.65,1B Willson Contreras 2B Alika Williams 3B Caleb Durbin C Drake Baldwin OF Ronald Acuna Jr. OF Ceddanne Rafaela OF Jahmai Jones P Chris Sale P Sandy Alcantara SS Andruw Monasterio,,,
451,5212104110,TY54321 (2/20),0,133.65,1B Willson Contreras 2B Nick Sogard 3B Caleb Durbin C Jonah Heim OF Tyler Soderstrom OF Ceddanne Rafaela OF Henry Bolte P Chris Sale P Sandy Alcantara SS Andruw Monasterio,,,
451,5212143104,michaelaedelstein (1/5),0,133.65,1B Willson Contreras 2B Alika Williams 3B Caleb Durbin C Drake Baldwin OF Ronald Acuna Jr. OF Michael Harris II OF Jahmai Jones P Chris Sale P Sandy Alcantara SS Andruw Monasterio,,,
451,5212154374,Muddogs28,0,133.65,1B Kyle Stowers 2B Xavier Edwards 3B Caleb Durbin C Drake Baldwin OF Ceddanne Rafaela OF Jarren Duran OF Jahmai Jones P Chris Sale P Sandy Alcantara SS Jacob Wilson,,,
451,5212163385,lklk88088 (20/20),0,133.65,1B Kyle Stowers 2B Xavier Edwards 3B Caleb Durbin C Drake Baldwin OF Ceddanne Rafaela OF Jarren Duran OF Jahmai Jones P Chris Sale P Sandy Alcantara SS Otto Lopez,,,
451,5212166280,Satch65 (18/20),0,133.65,1B Willson Contreras 2B Nick Sogard 3B Austin Riley C Jonah Heim OF Ronald Acuna Jr. OF Ceddanne Rafaela OF Jahmai Jones P Chris Sale P Sandy Alcantara SS Andruw Monasterio,,,
451,5212166282,Satch65 (20/20),0,133.65,1B Willson Contreras 2B Nick Sogard 3B Caleb Durbin C Drake Baldwin OF Jarren Duran OF Heriberto Hernandez OF Jahmai Jones P Chris Sale P Sandy Alcantara SS Otto Lopez,,,
451,5212200408,goaliman12 (3/20),0,133.65,1B Willson Contreras 2B Xavier Edwards 3B Caleb Durbin C Joe Mack OF Ceddanne Rafaela OF Eli White OF Jahmai Jones P Chris Sale P Sandy Alcantara SS Otto Lopez,,,
451,5212235610,scohen21 (18/20),0,133.65,1B Matt Olson 2B Xavier Edwards 3B Caleb Durbin C Drake Baldwin OF Ceddanne Rafaela OF Eli White OF Jahmai Jones P Chris Sale P Sandy Alcantara SS Otto Lopez,,,
451,5212235612,scohen21 (20/20),0,133.65,1B Willson Contreras 2B Xavier Edwards 3B Caleb Durbin C Drake Baldwin OF Jakob Marsee OF Eli White OF Jahmai Jones P Chris Sale P Sandy Alcantara SS Zach Neto,,,
451,5212246048,snajuice (5/20),0,133.65,1B Matt Olson 2B Nick Sogard 3B Caleb Durbin C Drake Baldwin OF Ronald Acuna Jr. OF Michael Harris II OF Jahmai Jones P Chris Sale P Sandy Alcantara SS Mauricio Dubon,,,
473,5211619567,melvincali (7/20),0,133.5,1B Willson Contreras 2B Xavier Edwards 3B Caleb Durbin C Brian Serven OF Ceddanne Rafaela OF Henry Bolte OF Eli White P Gerrit Cole P Sandy Alcantara SS Andruw Monasterio,,,
473,5211770620,peltifreeze89 (6/20),0,133.5,1B Kyle Stowers 2B Nick Sogard 3B Jose Caballero C Connor Wong OF Ceddanne Rafaela OF Trent Grisham OF Jahmai Jones P Gerrit Cole P Sandy Alcantara SS Andruw Monasterio,,,
473,5212025995,rschindler14 (1/20),0,133.5,1B Paul Goldschmidt 2B Xavier Edwards 3B Amed Rosario C Joe Mack OF Tyler Soderstrom OF Heliot Ramos OF Spencer Jones P Gerrit Cole P Sandy Alcantara SS Jose Caballero,,,
473,5212026005,rschindler14 (11/20),0,133.5,1B Ben Rice 2B Ozzie Albies 3B Amed Rosario C Jonah Heim OF Tyler Soderstrom OF Heliot Ramos OF Henry Bolte P Gerrit Cole P Sandy Alcantara SS Jacob Wilson,,,
473,5212102802,Loser28,0,133.5,1B Matt Olson 2B Xavier Edwards 3B Vaughn Grissom C Drake Baldwin OF Ronald Acuna Jr. OF Griffin Conine OF Mike Yastrzemski P Gerrit Cole P Sandy Alcantara SS Jacob Wilson,,,
473,5212123593,niquisition (19/20),0,133.5,1B Paul Goldschmidt 2B Xavier Edwards 3B Amed Rosario C Jonah Heim OF Heriberto Hernandez OF Jakob Marsee OF Owen Caissie P Gerrit Cole P Sandy Alcantara SS Otto Lopez,,,
473,5212204563,mariobr1709 (17/20),0,133.5,1B Kyle Stowers 2B Xavier Edwards 3B Tommy White C Jonah Heim OF Heriberto Hernandez OF Henry Bolte OF Owen Caissie P Gerrit Cole P Sandy Alcantara SS Otto Lopez,,,
473,5212243520,BuckeyeCity (1/20),0,133.5,1B Paul Goldschmidt 2B Nick Sogard 3B Caleb Durbin C Austin Wells OF Ceddanne Rafaela OF Heliot Ramos OF Eli White P Gerrit Cole P Sandy Alcantara SS George Lombard Jr.,,,
481,5211780344,Anthonykorobellis (12/20),0,133.45,1B Willson Contreras 2B Xavier Edwards 3B Caleb Durbin C Brian Serven OF Ceddanne Rafaela OF Jarren Duran OF Jahmai Jones P Chris Sale P Gerrit Cole SS Otto Lopez,,,
481,5211851511,Boogie1208 (2/2),0,133.45,1B Jeff McNeil 2B Xavier Edwards 3B Austin Riley C Jonah Heim OF Tyler Soderstrom OF Michael Harris II OF Henry Bolte P Chris Sale P Gerrit Cole SS Otto Lopez,,,
481,5211893775,Gagenator51 (18/20),0,133.45,1B Willson Contreras 2B Nick Sogard 3B Caleb Durbin C Moises Ballesteros OF Mike Trout OF Lawrence Butler OF Jahmai Jones P Chris Sale P Gerrit Cole SS Andruw Monasterio,,,
481,5212121422,Chadg20 (2/20),0,133.45,1B Paul Goldschmidt 2B Nick Sogard 3B Jose Caballero C Connor Wong OF Wade Meckler OF Mike Yastrzemski OF Jahmai Jones P Chris Sale P Gerrit Cole SS Andruw Monasterio,,,
481,5212248684,Blerud15 (19/20),0,133.45,1B Willson Contreras 2B Xavier Edwards 3B Caleb Durbin C Joe Mack OF Ceddanne Rafaela OF Wade Meckler OF Jahmai Jones P Chris Sale P Gerrit Cole SS Andruw Monasterio,,,
486,5211926798,MasterLaster,0,133.05,1B Matt Olson 2B Xavier Edwards 3B Austin Riley C Drake Baldwin OF Ronald Acuna Jr. OF Michael Harris II OF Henry Bolte P Sandy Alcantara P Gage Jump SS Otto Lopez,,,
486,5212124083,ballgame1881 (14/15),0,133.05,1B Matt Olson 2B Ozzie Albies 3B Austin Riley C Drake Baldwin OF Ronald Acuna Jr. OF Tyler Soderstrom OF Henry Bolte P Sandy Alcantara P Gage Jump SS Jacob Wilson,,,
488,5212089460,mrclean913 (4/20),0,133,1B Matt Olson 2B Xavier Edwards 3B Max Muncy C Jonah Heim OF Ronald Acuna Jr. OF Tyler Soderstrom OF Henry Bolte P Chris Sale P Gage Jump SS Jacob Wilson,,,
489,5211770615,peltifreeze89 (1/20),0,132.65,1B Willson Contreras 2B Ozzie Albies 3B Caleb Durbin C Connor Wong OF Ceddanne Rafaela OF Henry Bolte OF Jahmai Jones P Chris Sale P Sandy Alcantara SS Jacob Wilson,,,
489,5211782779,apforadori (3/3),0,132.65,1B Willson Contreras 2B Ozzie Albies 3B Caleb Durbin C Drake Baldwin OF Ceddanne Rafaela OF Henry Bolte OF Jahmai Jones P Chris Sale P Sandy Alcantara SS Andruw Monasterio,,,
489,5211811855,Wanna_Square_Up1567 (16/20),0,132.65,1B Willson Contreras 2B Nick Sogard 3B Caleb Durbin C Drake Baldwin OF Ceddanne Rafaela OF Michael Harris II OF Jahmai Jones P Chris Sale P Sandy Alcantara SS Jacob Wilson,,,
489,5211937424,sportsfan14 (6/20),0,132.65,1B Matt Olson 2B Xavier Edwards 3B Caleb Durbin C Drake Baldwin OF Jakob Marsee OF Javier Sanoja OF Griffin Conine P Chris Sale P Sandy Alcantara SS Otto Lopez,,,
489,5211955755,terryf20,0,132.65,1B Kyle Stowers 2B Xavier Edwards 3B Caleb Durbin C Drake Baldwin OF Mike Trout OF Ceddanne Rafaela OF Jahmai Jones P Chris Sale P Sandy Alcantara SS Andruw Monasterio,,,
489,5211988343,JTFarley (2/5),0,132.65,1B Willson Contreras 2B Ozzie Albies 3B Caleb Durbin C Drake Baldwin OF Ceddanne Rafaela OF Henry Bolte OF Jahmai Jones P Chris Sale P Sandy Alcantara SS Andruw Monasterio,,,
489,5212071624,Joemac58 (7/10),0,132.65,1B Willson Contreras 2B Ozzie Albies 3B Caleb Durbin C Connor Wong OF Ronald Acuna Jr. OF Ceddanne Rafaela OF Jahmai Jones P Chris Sale P Sandy Alcantara SS Jacob Wilson,,,
489,5212073826,meodette (2/20),0,132.65,1B Willson Contreras 2B Nick Sogard 3B Caleb Durbin C Jonah Heim OF Ronald Acuna Jr. OF Tyler Soderstrom OF Eli White P Chris Sale P Sandy Alcantara SS Andruw Monasterio,,,
489,5212073843,meodette (19/20),0,132.65,1B Kyle Stowers 2B Nick Sogard 3B Caleb Durbin C Connor Wong OF Ronald Acuna Jr. OF Ceddanne Rafaela OF Jahmai Jones P Chris Sale P Sandy Alcantara SS Mauricio Dubon,,,
489,5212083923,ckcash64 (8/20),0,132.65,1B Nolan Schanuel 2B Ozzie Albies 3B Caleb Durbin C Drake Baldwin OF Ronald Acuna Jr. OF Ceddanne Rafaela OF Jahmai Jones P Chris Sale P Sandy Alcantara SS Andruw Monasterio,,,
489,5212100455,csurunnerccr (7/20),0,132.65,1B Willson Contreras 2B Nick Sogard 3B Javier Sanoja C Connor Wong OF Michael Harris II OF Lawrence Butler OF Jahmai Jones P Chris Sale P Sandy Alcantara SS Andruw Monasterio,,,
489,5212112862,meyers2305 (8/20),0,132.65,1B Willson Contreras 2B Ozzie Albies 3B Caleb Durbin C Connor Wong OF Ronald Acuna Jr. OF Ceddanne Rafaela OF Jahmai Jones P Chris Sale P Sandy Alcantara SS Jacob Wilson,,,
489,5212116744,DaPharmer (3/3),0,132.65,1B Kyle Stowers 2B Xavier Edwards 3B Caleb Durbin C Drake Baldwin OF Mike Trout OF Ceddanne Rafaela OF Jahmai Jones P Chris Sale P Sandy Alcantara SS Andruw Monasterio,,,
489,5212121437,Chadg20 (17/20),0,132.65,1B Ben Rice 2B Nick Sogard 3B Tommy White C Drake Baldwin OF Ceddanne Rafaela OF Michael Harris II OF Jahmai Jones P Chris Sale P Sandy Alcantara SS Jacob Wilson,,,
489,5212139859,Hitstyx9,0,132.65,1B Kyle Stowers 2B Xavier Edwards 3B Jose Caballero C Drake Baldwin OF Ronald Acuna Jr. OF Jakob Marsee OF Griffin Conine P Chris Sale P Sandy Alcantara SS Jacob Wilson,,,
489,5212149172,RemoteLIES (12/20),0,132.65,1B Willson Contreras 2B Nick Sogard 3B Tommy White C Drake Baldwin OF Ceddanne Rafaela OF Henry Bolte OF Jahmai Jones P Chris Sale P Sandy Alcantara SS Jacob Wilson,,,
489,5212169336,INTULLYGENT (1/2),0,132.65,1B Willson Contreras 2B Ozzie Albies 3B Caleb Durbin C Drake Baldwin OF Ceddanne Rafaela OF Henry Bolte OF Jahmai Jones P Chris Sale P Sandy Alcantara SS Andruw Monasterio,,,
489,5212169337,INTULLYGENT (2/2),0,132.65,1B Matt Olson 2B Ozzie Albies 3B Jose Caballero C Drake Baldwin OF Ronald Acuna Jr. OF Michael Harris II OF Jahmai Jones P Chris Sale P Sandy Alcantara SS George Lombard Jr.,,,
489,5212197589,Skralph (5/20),0,132.65,1B Willson Contreras 2B Ozzie Albies 3B Caleb Durbin C Drake Baldwin OF Ceddanne Rafaela OF Jakob Marsee OF Jahmai Jones P Chris Sale P Sandy Alcantara SS Andruw Monasterio,,,
489,5212197597,Skralph (13/20),0,132.65,1B Kyle Stowers 2B Xavier Edwards 3B Caleb Durbin C Jonah Heim OF Ceddanne Rafaela OF Jakob Marsee OF Griffin Conine P Chris Sale P Sandy Alcantara SS Otto Lopez,,,
489,5212248685,Blerud15 (20/20),0,132.65,1B Willson Contreras 2B Ozzie Albies 3B Caleb Durbin C Connor Wong OF Ronald Acuna Jr. OF Ceddanne Rafaela OF Jahmai Jones P Chris Sale P Sandy Alcantara SS Jacob Wilson,,,
510,5211926198,pat_the_hat2 (16/20),0,132.5,1B Willson Contreras 2B Nick Sogard 3B Amed Rosario C Austin Wells OF Ceddanne Rafaela OF Heliot Ramos OF Jahmai Jones P Gerrit Cole P Sandy Alcantara SS Andruw Monasterio,,,
511,5212022883,jnwallen (1/20),0,132.45,1B Willson Contreras 2B Xavier Edwards 3B Caleb Durbin C Joe Mack OF Ceddanne Rafaela OF Heriberto Hernandez OF Jahmai Jones P Chris Sale P Gerrit Cole SS Andruw Monasterio,,,
512,5211890612,jw1984 (17/20),0,132.05,1B Ben Rice 2B Xavier Edwards 3B Austin Riley C Drake Baldwin OF Tyler Soderstrom OF Trent Grisham OF Heliot Ramos P Sandy Alcantara P Gage Jump SS Jose Caballero,,,
512,5211896562,WILDCATBALLERS (12/20),0,132.05,1B Kyle Stowers 2B Ozzie Albies 3B Javier Sanoja C Drake Baldwin OF Ronald Acuna Jr. OF Heriberto Hernandez OF Henry Bolte P Sandy Alcantara P Gage Jump SS Jacob Wilson,,,
512,5211952644,bbehnke20 (17/20),0,132.05,1B Matt Olson 2B Xavier Edwards 3B Javier Sanoja C Drake Baldwin OF Ronald Acuna Jr. OF Ceddanne Rafaela OF Heriberto Hernandez P Sandy Alcantara P Gage Jump SS Otto Lopez,,,
515,5211916590,smk5430 (20/20),0,131.95,1B Matt Olson 2B Xavier Edwards 3B Jose Caballero C Drake Baldwin OF Ronald Acuna Jr. OF Michael Harris II OF Spencer Jones P Sandy Alcantara P Jake Bennett SS George Lombard Jr.,,,
516,5212243521,BuckeyeCity (2/20),0,131.9,1B Willson Contreras 2B Xavier Edwards 3B Caleb Durbin C Drake Baldwin OF Ronald Acuna Jr. OF Jakob Marsee OF Jahmai Jones P Chris Sale P Jake Bennett SS Andruw Monasterio,,,
517,5211792422,Swishdakyng (12/20),0,131.75,1B Paul Goldschmidt 2B Nick Sogard 3B Caleb Durbin C Drake Baldwin OF Ronald Acuna Jr. OF Ceddanne Rafaela OF Jahmai Jones P Gerrit Cole P Jake Bennett SS Otto Lopez,,,
518,5211580870,ivymoose (13/20),0,131.65,1B Willson Contreras 2B Nick Sogard 3B Caleb Durbin C Brian Serven OF Tyler Soderstrom OF Ceddanne Rafaela OF Henry Bolte P Chris Sale P Sandy Alcantara SS Andruw Monasterio,,,
518,5211804285,Rene8480 (1/2),0,131.65,1B Willson Contreras 2B Xavier Edwards 3B Caleb Durbin C Drake Baldwin OF Ceddanne Rafaela OF Heliot Ramos OF Jahmai Jones P Chris Sale P Sandy Alcantara SS Andruw Monasterio,,,
518,5211872436,andymartin5586 (1/20),0,131.65,1B Willson Contreras 2B Xavier Edwards 3B Caleb Durbin C Joe Mack OF Ceddanne Rafaela OF Jarren Duran OF Jahmai Jones P Chris Sale P Sandy Alcantara SS Otto Lopez,,,
518,5211875807,Scottyj316 (20/20),0,131.65,1B Willson Contreras 2B Xavier Edwards 3B Austin Riley C Connor Wong OF Ronald Acuna Jr. OF Ceddanne Rafaela OF Jahmai Jones P Chris Sale P Sandy Alcantara SS Andruw Monasterio,,,
518,5211886685,TroyGilly91 (4/5),0,131.65,1B Willson Contreras 2B Ozzie Albies 3B Caleb Durbin C Drake Baldwin OF Ceddanne Rafaela OF Mike Yastrzemski OF Jahmai Jones P Chris Sale P Sandy Alcantara SS Andruw Monasterio,,,
518,5211926334,thundrenterprises (14/20),0,131.65,1B Willson Contreras 2B Ozzie Albies 3B Caleb Durbin C Drake Baldwin OF Ronald Acuna Jr. OF Eli White OF Jahmai Jones P Chris Sale P Sandy Alcantara SS Andruw Monasterio,,,
518,5211969094,uvajay (8/20),0,131.65,1B Kyle Stowers 2B Xavier Edwards 3B Javier Sanoja C Brian Serven OF Ceddanne Rafaela OF Henry Bolte OF Jakob Marsee P Chris Sale P Sandy Alcantara SS Otto Lopez,,,
518,5211976330,tpyo (15/20),0,131.65,1B Kyle Stowers 2B Xavier Edwards 3B Caleb Durbin C Drake Baldwin OF Tyler Soderstrom OF Heriberto Hernandez OF Owen Caissie P Chris Sale P Sandy Alcantara SS Otto Lopez,,,
518,5211987166,DreamchaserJC (4/20),0,131.65,1B Willson Contreras 2B Xavier Edwards 3B Caleb Durbin C Connor Wong OF Tyler Soderstrom OF Ceddanne Rafaela OF Jakob Marsee P Chris Sale P Sandy Alcantara SS Andruw Monasterio,,,
518,5211988342,JTFarley (1/5),0,131.65,1B Willson Contreras 2B Ozzie Albies 3B Caleb Durbin C Drake Baldwin OF Ronald Acuna Jr. OF Eli White OF Jahmai Jones P Chris Sale P Sandy Alcantara SS Andruw Monasterio,,,
518,5212000959,MamaKay1122 (2/13),0,131.65,1B Kyle Stowers 2B Xavier Edwards 3B Caleb Durbin C Drake Baldwin OF Ceddanne Rafaela OF Henry Bolte OF Jakob Marsee P Chris Sale P Sandy Alcantara SS Andruw Monasterio,,,
518,5212002141,austin60915 (19/20),0,131.65,1B Willson Contreras 2B Nick Sogard 3B Austin Riley C Drake Baldwin OF Tyler Soderstrom OF Ceddanne Rafaela OF Jahmai Jones P Chris Sale P Sandy Alcantara SS Andruw Monasterio,,,
518,5212013380,zandwich (1/20),0,131.65,1B Kyle Stowers 2B Xavier Edwards 3B Javier Sanoja C Brian Serven OF Ronald Acuna Jr. OF Ceddanne Rafaela OF Jakob Marsee P Chris Sale P Sandy Alcantara SS Otto Lopez,,,
518,5212049226,chrispy2005 (14/20),0,131.65,1B Matt Olson 2B Ozzie Albies 3B Caleb Durbin C Brian Serven OF Ronald Acuna Jr. OF Ceddanne Rafaela OF Jahmai Jones P Chris Sale P Sandy Alcantara SS Andruw Monasterio,,,
518,5212073829,meodette (5/20),0,131.65,1B Willson Contreras 2B Nick Sogard 3B Caleb Durbin C Brian Serven OF Tyler Soderstrom OF Ceddanne Rafaela OF Lawrence Butler P Chris Sale P Sandy Alcantara SS Andruw Monasterio,,,
518,5212073844,meodette (20/20),0,131.65,1B Willson Contreras 2B Nick Sogard 3B Caleb Durbin C Connor Wong OF Ronald Acuna Jr. OF Michael Harris II OF Jahmai Jones P Chris Sale P Sandy Alcantara SS Jim Jarvis,,,
518,5212110502,JaserD (12/20),0,131.65,1B Willson Contreras 2B Xavier Edwards 3B Caleb Durbin C Drake Baldwin OF Jakob Marsee OF Griffin Conine OF Owen Caissie P Chris Sale P Sandy Alcantara SS Otto Lopez,,,
518,5212166276,Satch65 (14/20),0,131.65,1B Willson Contreras 2B Xavier Edwards 3B Caleb Durbin C Connor Wong OF Tyler Soderstrom OF Ceddanne Rafaela OF Henry Bolte P Chris Sale P Sandy Alcantara SS Andruw Monasterio,,,
518,5212200420,goaliman12 (15/20),0,131.65,1B Kyle Stowers 2B Xavier Edwards 3B Tommy White C Joe Mack OF Henry Bolte OF Jakob Marsee OF Lawrence Butler P Chris Sale P Sandy Alcantara SS Otto Lopez,,,
537,5211875796,Scottyj316 (9/20),0,131.5,1B Paul Goldschmidt 2B Ozzie Albies 3B Jose Caballero C Drake Baldwin OF Ceddanne Rafaela OF Heliot Ramos OF Spencer Jones P Gerrit Cole P Sandy Alcantara SS George Lombard Jr.,,,
537,5211980692,rsumrall (12/20),0,131.5,1B Willson Contreras 2B Nick Sogard 3B Caleb Durbin C Jonah Heim OF Ceddanne Rafaela OF Jarren Duran OF Henry Bolte P Gerrit Cole P Sandy Alcantara SS Jacob Wilson,,,
537,5212071620,Joemac58 (3/10),0,131.5,1B Ben Rice 2B Xavier Edwards 3B Amed Rosario C Austin Wells OF Ceddanne Rafaela OF Trent Grisham OF Heliot Ramos P Gerrit Cole P Sandy Alcantara SS Otto Lopez,,,
537,5212138729,Dricou (10/10),0,131.5,1B Ben Rice 2B Xavier Edwards 3B Amed Rosario C Austin Wells OF Ceddanne Rafaela OF Trent Grisham OF Heliot Ramos P Gerrit Cole P Sandy Alcantara SS Otto Lopez,,,
541,5211896873,UniversalFriend (15/20),0,131.45,1B Willson Contreras 2B Xavier Edwards 3B Javier Sanoja C Connor Wong OF Jarren Duran OF Jakob Marsee OF Jahmai Jones P Chris Sale P Gerrit Cole SS Andruw Monasterio,,,
541,5212123582,niquisition (8/20),0,131.45,1B Willson Contreras 2B Alika Williams 3B Caleb Durbin C Brian Serven OF Mike Trout OF Lawrence Butler OF Jahmai Jones P Chris Sale P Gerrit Cole SS Andruw Monasterio,,,
541,5212132482,Toney367 (9/20),0,131.45,1B Kyle Stowers 2B Xavier Edwards 3B Amed Rosario C Austin Wells OF Ronald Acuna Jr. OF Jakob Marsee OF Griffin Conine P Chris Sale P Gerrit Cole SS Otto Lopez,,,
541,5212241469,thoggy,0,131.45,1B Willson Contreras 2B Xavier Edwards 3B Caleb Durbin C Connor Wong OF Ceddanne Rafaela OF Michael Harris II OF Jahmai Jones P Chris Sale P Gerrit Cole SS Otto Lopez,,,
541,5212243526,BuckeyeCity (7/20),0,131.45,1B Kyle Stowers 2B Xavier Edwards 3B Tommy White C Jonah Heim OF Tyler Soderstrom OF Henry Bolte OF Griffin Conine P Chris Sale P Gerrit Cole SS Jacob Wilson,,,
546,5211970928,jrevelle3 (8/20),0,131.05,1B Ben Rice 2B Ozzie Albies 3B Amed Rosario C Drake Baldwin OF Ronald Acuna Jr. OF Trent Grisham OF Michael Harris II P Sandy Alcantara P Gage Jump SS George Lombard Jr.,,,
546,5212204551,mariobr1709 (5/20),0,131.05,1B Kyle Stowers 2B Alika Williams 3B Max Muncy C Jonah Heim OF Tyler Soderstrom OF Jakob Marsee OF Griffin Conine P Sandy Alcantara P Gage Jump SS Otto Lopez,,,
548,5212120854,sleezye97,0,130.95,1B Kyle Stowers 2B Nick Sogard 3B Caleb Durbin C Moises Ballesteros OF Jakob Marsee OF Griffin Conine OF Jahmai Jones P Sandy Alcantara P Jake Bennett SS Andruw Monasterio,,,
549,5211945719,aquafinatim (1/20),0,130.85,1B Ben Rice 2B Vaughn Grissom 3B Tommy White C Jonah Heim OF Mike Trout OF Tyler Soderstrom OF Henry Bolte P Gerrit Cole P Gage Jump SS Jacob Wilson,,,
549,5211987052,ballaholick713 (10/20),0,130.85,1B Ben Rice 2B Vaughn Grissom 3B Tommy White C Jonah Heim OF Mike Trout OF Tyler Soderstrom OF Henry Bolte P Gerrit Cole P Gage Jump SS Jacob Wilson,,,
551,5211893765,Gagenator51 (8/20),0,130.65,1B Matt Olson 2B Xavier Edwards 3B Caleb Durbin C Drake Baldwin OF Heriberto Hernandez OF Jakob Marsee OF Griffin Conine P Chris Sale P Sandy Alcantara SS Otto Lopez,,,
551,5211895978,cowboys767 (1/20),0,130.65,1B Matt Olson 2B Xavier Edwards 3B Caleb Durbin C Drake Baldwin OF Ceddanne Rafaela OF Eli White OF Jahmai Jones P Chris Sale P Sandy Alcantara SS Andruw Monasterio,,,
551,5211911053,Leemanhack,0,130.65,1B Kyle Stowers 2B Xavier Edwards 3B Caleb Durbin C Drake Baldwin OF Wilyer Abreu OF Ceddanne Rafaela OF Jahmai Jones P Chris Sale P Sandy Alcantara SS Andruw Monasterio,,,
551,5211920277,rod288 (4/20),0,130.65,1B Matt Olson 2B Xavier Edwards 3B Tommy White C Jonah Heim OF Ronald Acuna Jr. OF Henry Bolte OF Griffin Conine P Chris Sale P Sandy Alcantara SS Jacob Wilson,,,
551,5211947129,JcClark18 (9/20),0,130.65,1B Matt Olson 2B Ozzie Albies 3B Caleb Durbin C Drake Baldwin OF Ronald Acuna Jr. OF Griffin Conine OF Jahmai Jones P Chris Sale P Sandy Alcantara SS Mauricio Dubon,,,
551,5211976316,tpyo (1/20),0,130.65,1B Willson Contreras 2B Nick Sogard 3B Caleb Durbin C Jonah Heim OF Ceddanne Rafaela OF Michael Harris II OF Spencer Jones P Chris Sale P Sandy Alcantara SS Andruw Monasterio,,,
551,5212025998,rschindler14 (4/20),0,130.65,1B Matt Olson 2B Xavier Edwards 3B Caleb Durbin C Drake Baldwin OF Ceddanne Rafaela OF Eli White OF Jahmai Jones P Chris Sale P Sandy Alcantara SS Andruw Monasterio,,,
551,5212075730,mlief (8/20),0,130.65,1B Kyle Stowers 2B Xavier Edwards 3B Austin Riley C Joe Mack OF Ronald Acuna Jr. OF Jakob Marsee OF Mike Yastrzemski P Chris Sale P Sandy Alcantara SS Otto Lopez,,,
551,5212075737,mlief (15/20),0,130.65,1B Matt Olson 2B Nick Sogard 3B Caleb Durbin C Drake Baldwin OF Trent Grisham OF Michael Harris II OF Jahmai Jones P Chris Sale P Sandy Alcantara SS Andruw Monasterio,,,
551,5212144228,YoDoggs,0,130.65,1B Kyle Stowers 2B Ozzie Albies 3B Caleb Durbin C Connor Wong OF Tyler Soderstrom OF Ceddanne Rafaela OF Jahmai Jones P Chris Sale P Sandy Alcantara SS Andruw Monasterio,,,
551,5212195322,cdt123 (9/11),0,130.65,1B Kyle Stowers 2B Xavier Edwards 3B Max Muncy C Joe Mack OF Tyler Soderstrom OF Henry Bolte OF Lawrence Butler P Chris Sale P Sandy Alcantara SS Otto Lopez,,,
551,5212235596,scohen21 (4/20),0,130.65,1B Matt Olson 2B Nick Sogard 3B Caleb Durbin C Connor Wong OF Ronald Acuna Jr. OF Ceddanne Rafaela OF Jahmai Jones P Chris Sale P Sandy Alcantara SS Jose Caballero,,,
563,5211780352,Anthonykorobellis (20/20),0,130.5,1B Paul Goldschmidt 2B Nick Sogard 3B Caleb Durbin C Connor Wong OF Ceddanne Rafaela OF Trent Grisham OF Jakob Marsee P Gerrit Cole P Sandy Alcantara SS Andruw Monasterio,,,
563,5211875798,Scottyj316 (11/20),0,130.5,1B Ben Rice 2B Nick Sogard 3B Caleb Durbin C Austin Wells OF Ceddanne Rafaela OF Heliot Ramos OF Jarren Duran P Gerrit Cole P Sandy Alcantara SS Andruw Monasterio,,,
563,5211903551,cwthrow24 (18/20),0,130.5,1B Ben Rice 2B Nick Sogard 3B Tommy White C Connor Wong OF Ceddanne Rafaela OF Jarren Duran OF Jahmai Jones P Gerrit Cole P Sandy Alcantara SS Jose Caballero,,,
563,5212102164,jabberjaww (12/20),0,130.5,1B Ben Rice 2B Xavier Edwards 3B Amed Rosario C Joe Mack OF Heliot Ramos OF Heriberto Hernandez OF Jakob Marsee P Gerrit Cole P Sandy Alcantara SS Otto Lopez,,,
563,5212111038,SpeedRacer101 (12/20),0,130.5,1B Willson Contreras 2B Nick Sogard 3B Caleb Durbin C Jonah Heim OF Tyler Soderstrom OF Ceddanne Rafaela OF Heliot Ramos P Gerrit Cole P Sandy Alcantara SS Andruw Monasterio,,,
563,5212129475,monkey520 (2/8),0,130.5,1B Ben Rice 2B Nick Sogard 3B Amed Rosario C Drake Baldwin OF Ceddanne Rafaela OF Heliot Ramos OF Jahmai Jones P Gerrit Cole P Sandy Alcantara SS Jose Caballero,,,
563,5212199216,dantheman78 (15/20),0,130.5,1B Ben Rice 2B Xavier Edwards 3B Caleb Durbin C Connor Wong OF Ceddanne Rafaela OF Trent Grisham OF Heliot Ramos P Gerrit Cole P Sandy Alcantara SS Andruw Monasterio,,,
570,5211890596,jw1984 (1/20),0,130.45,1B Kyle Stowers 2B Xavier Edwards 3B Tommy White C Jonah Heim OF Tyler Soderstrom OF Heriberto Hernandez OF Henry Bolte P Chris Sale P Gerrit Cole SS Jacob Wilson,,,
570,5211920292,rod288 (19/20),0,130.45,1B Willson Contreras 2B Nick Sogard 3B Tommy White C Jonah Heim OF Tyler Soderstrom OF Henry Bolte OF Lawrence Butler P Chris Sale P Gerrit Cole SS Andruw Monasterio,,,
570,5212183666,seth1374 (15/20),0,130.45,1B Kyle Stowers 2B Xavier Edwards 3B Tommy White C Jonah Heim OF Tyler Soderstrom OF Heriberto Hernandez OF Henry Bolte P Chris Sale P Gerrit Cole SS Jacob Wilson,,,
573,5212026002,rschindler14 (8/20),0,130.05,1B Ben Rice 2B Xavier Edwards 3B Amed Rosario C Drake Baldwin OF Ronald Acuna Jr. OF Ceddanne Rafaela OF Heliot Ramos P Sandy Alcantara P Gage Jump SS Jacob Wilson,,,
574,5211738160,Schoey17 (4/7),0,130,1B Matt Olson 2B Xavier Edwards 3B Javier Sanoja C Drake Baldwin OF Ronald Acuna Jr. OF Jakob Marsee OF Griffin Conine P Chris Sale P Gage Jump SS Otto Lopez,,,
574,5211835212,cachedinar (10/20),0,130,1B Kyle Stowers 2B Xavier Edwards 3B Tommy White C Brian Serven OF Tyler Soderstrom OF Jakob Marsee OF Griffin Conine P Chris Sale P Gage Jump SS Otto Lopez,,,
576,5212008911,mack69 (16/20),0,129.95,1B Willson Contreras 2B Xavier Edwards 3B Caleb Durbin C Jonah Heim OF Ceddanne Rafaela OF Eli White OF Jahmai Jones P Sandy Alcantara P Jake Bennett SS Otto Lopez,,,
576,5212008914,mack69 (19/20),0,129.95,1B Willson Contreras 2B Xavier Edwards 3B Caleb Durbin C Jonah Heim OF Ceddanne Rafaela OF Eli White OF Jahmai Jones P Sandy Alcantara P Jake Bennett SS Jacob Wilson,,,
576,5212008915,mack69 (20/20),0,129.95,1B Willson Contreras 2B Nick Sogard 3B Caleb Durbin C Moises Ballesteros OF Ceddanne Rafaela OF Jakob Marsee OF Jahmai Jones P Sandy Alcantara P Jake Bennett SS Otto Lopez,,,
579,5212075723,mlief (1/20),0,129.9,1B Ben Rice 2B Xavier Edwards 3B Javier Sanoja C Drake Baldwin OF Ceddanne Rafaela OF Jakob Marsee OF Jahmai Jones P Chris Sale P Jake Bennett SS Otto Lopez,,,
580,5212089462,mrclean913 (6/20),0,129.75,1B Ben Rice 2B Xavier Edwards 3B Jose Caballero C Austin Wells OF Mike Trout OF Heliot Ramos OF Spencer Jones P Gerrit Cole P Jake Bennett SS Otto Lopez,,,
581,5211746318,j-wolf05 (13/20),0,129.65,1B Willson Contreras 2B Alika Williams 3B Caleb Durbin C Jonah Heim OF Tyler Soderstrom OF Ceddanne Rafaela OF Henry Bolte P Chris Sale P Sandy Alcantara SS Jacob Wilson,,,
581,5211759902,seiferidjosh80 (9/20),0,129.65,1B Matt Olson 2B Alika Williams 3B Caleb Durbin C Jonah Heim OF Henry Bolte OF Lawrence Butler OF Griffin Conine P Chris Sale P Sandy Alcantara SS Otto Lopez,,,
581,5211899232,goofybh207 (3/3),0,129.65,1B Willson Contreras 2B Nick Sogard 3B Tommy White C Drake Baldwin OF Ronald Acuna Jr. OF Ceddanne Rafaela OF Jahmai Jones P Chris Sale P Sandy Alcantara SS Andruw Monasterio,,,
581,5211917273,LTskelter (4/20),0,129.65,1B Willson Contreras 2B Alika Williams 3B Caleb Durbin C Jonah Heim OF Tyler Soderstrom OF Ceddanne Rafaela OF Henry Bolte P Chris Sale P Sandy Alcantara SS Jacob Wilson,,,
581,5211985309,gomh16,0,129.65,1B Willson Contreras 2B Ozzie Albies 3B Caleb Durbin C Joe Mack OF Ronald Acuna Jr. OF Ceddanne Rafaela OF Jahmai Jones P Chris Sale P Sandy Alcantara SS Andruw Monasterio,,,
581,5212083916,ckcash64 (1/20),0,129.65,1B Willson Contreras 2B Nick Sogard 3B Caleb Durbin C Drake Baldwin OF Ceddanne Rafaela OF Jakob Marsee OF Jahmai Jones P Chris Sale P Sandy Alcantara SS Zach Neto,,,
581,5212114019,eng32_eric,0,129.65,1B Kyle Stowers 2B Xavier Edwards 3B Caleb Durbin C Joe Mack OF Ronald Acuna Jr. OF Mike Trout OF Mike Yastrzemski P Chris Sale P Sandy Alcantara SS Jacob Wilson,,,
581,5212145636,sh-13,0,129.65,1B Kyle Stowers 2B Xavier Edwards 3B Tommy White C Jonah Heim OF Tyler Soderstrom OF Ceddanne Rafaela OF Jakob Marsee P Chris Sale P Sandy Alcantara SS Otto Lopez,,,
581,5212197600,Skralph (16/20),0,129.65,1B Kyle Stowers 2B Xavier Edwards 3B Tommy White C Brian Serven OF Ronald Acuna Jr. OF Heriberto Hernandez OF Jakob Marsee P Chris Sale P Sandy Alcantara SS Otto Lopez,,,
581,5212199204,dantheman78 (3/20),0,129.65,1B Willson Contreras 2B Alika Williams 3B Caleb Durbin C Jonah Heim OF Tyler Soderstrom OF Ceddanne Rafaela OF Henry Bolte P Chris Sale P Sandy Alcantara SS Jacob Wilson,,,
581,5212200418,goaliman12 (13/20),0,129.65,1B Kyle Stowers 2B Xavier Edwards 3B Tommy White C Jonah Heim OF Henry Bolte OF Jakob Marsee OF Owen Caissie P Chris Sale P Sandy Alcantara SS Otto Lopez,,,
581,5212225493,rambito (5/20),0,129.65,1B Willson Contreras 2B Ozzie Albies 3B Caleb Durbin C Joe Mack OF Ronald Acuna Jr. OF Ceddanne Rafaela OF Jahmai Jones P Chris Sale P Sandy Alcantara SS Andruw Monasterio,,,
581,5212230535,jlegrand22 (2/20),0,129.65,1B Willson Contreras 2B Xavier Edwards 3B Caleb Durbin C Connor Wong OF Ceddanne Rafaela OF Henry Bolte OF Jakob Marsee P Chris Sale P Sandy Alcantara SS Andruw Monasterio,,,
581,5212235599,scohen21 (7/20),0,129.65,1B Willson Contreras 2B Ozzie Albies 3B Caleb Durbin C Joe Mack OF Ronald Acuna Jr. OF Ceddanne Rafaela OF Jahmai Jones P Chris Sale P Sandy Alcantara SS Andruw Monasterio,,,
581,5212256334,lilmaryy (5/11),0,129.65,1B Willson Contreras 2B Alika Williams 3B Caleb Durbin C Jonah Heim OF Tyler Soderstrom OF Ceddanne Rafaela OF Henry Bolte P Chris Sale P Sandy Alcantara SS Jacob Wilson,,,
596,5211580877,ivymoose (20/20),0,129.5,1B Ben Rice 2B Nick Sogard 3B Caleb Durbin C Austin Wells OF Heliot Ramos OF Jarren Duran OF Eli White P Gerrit Cole P Sandy Alcantara SS Andruw Monasterio,,,
596,5211619578,melvincali (18/20),0,129.5,1B Paul Goldschmidt 2B Xavier Edwards 3B Caleb Durbin C Austin Wells OF Ceddanne Rafaela OF Trent Grisham OF Heliot Ramos P Gerrit Cole P Sandy Alcantara SS Jose Caballero,,,
596,5211875802,Scottyj316 (15/20),0,129.5,1B Paul Goldschmidt 2B Ozzie Albies 3B Amed Rosario C Drake Baldwin OF Heliot Ramos OF Spencer Jones OF Griffin Conine P Gerrit Cole P Sandy Alcantara SS George Lombard Jr.,,,
596,5212086607,colonelforbin22 (2/6),0,129.5,1B Kyle Stowers 2B Xavier Edwards 3B Caleb Durbin C Joe Mack OF Ceddanne Rafaela OF Heriberto Hernandez OF Griffin Conine P Gerrit Cole P Sandy Alcantara SS Jacob Wilson,,,
600,5212124039,Q33Q,0,129.45,1B Matt Olson 2B Xavier Edwards 3B Caleb Durbin C Drake Baldwin OF Michael Harris II OF Jakob Marsee OF Mauricio Dubon P Chris Sale P Gerrit Cole SS George Lombard Jr.,,,
601,5211914044,drunkonpappy (1/20),0,129,1B Matt Olson 2B Xavier Edwards 3B Austin Riley C Drake Baldwin OF Ronald Acuna Jr. OF Henry Bolte OF Mike Yastrzemski P Chris Sale P Gage Jump SS Otto Lopez,,,
601,5212116136,stock2mail (17/20),0,129,1B Matt Olson 2B Xavier Edwards 3B Austin Riley C Drake Baldwin OF Ronald Acuna Jr. OF Henry Bolte OF Mike Yastrzemski P Chris Sale P Gage Jump SS Otto Lopez,,,
603,5211990735,KristianFTM (17/20),0,128.95,1B Ben Rice 2B Xavier Edwards 3B Javier Sanoja C Drake Baldwin OF Ronald Acuna Jr. OF Heriberto Hernandez OF Griffin Conine P Sandy Alcantara P Jake Bennett SS Otto Lopez,,,
603,5212170259,itrevinoz2 (11/12),0,128.95,1B Kyle Stowers 2B Xavier Edwards 3B Caleb Durbin C Drake Baldwin OF Ronald Acuna Jr. OF Jakob Marsee OF Griffin Conine P Sandy Alcantara P Jake Bennett SS Otto Lopez,,,
605,5211700016,Sammy.Boy (19/20),0,128.65,1B Kyle Stowers 2B Xavier Edwards 3B Javier Sanoja C Drake Baldwin OF Michael Harris II OF Jakob Marsee OF Mike Yastrzemski P Chris Sale P Sandy Alcantara SS Otto Lopez,,,
605,5211759901,seiferidjosh80 (8/20),0,128.65,1B Kyle Stowers 2B Xavier Edwards 3B Max Muncy C Jonah Heim OF Tyler Soderstrom OF Henry Bolte OF Griffin Conine P Chris Sale P Sandy Alcantara SS Andruw Monasterio,,,
605,5211770619,peltifreeze89 (5/20),0,128.65,1B Matt Olson 2B Nick Sogard 3B Caleb Durbin C Drake Baldwin OF Ceddanne Rafaela OF Eli White OF Jahmai Jones P Chris Sale P Sandy Alcantara SS Otto Lopez,,,
605,5211775745,TinaJ1989,0,128.65,1B Kyle Stowers 2B Ozzie Albies 3B Caleb Durbin C Drake Baldwin OF Ronald Acuna Jr. OF Lawrence Butler OF Mike Yastrzemski P Chris Sale P Sandy Alcantara SS Andruw Monasterio,,,
605,5211835218,cachedinar (16/20),0,128.65,1B Kyle Stowers 2B Xavier Edwards 3B Javier Sanoja C Drake Baldwin OF Ronald Acuna Jr. OF Jakob Marsee OF Eli White P Chris Sale P Sandy Alcantara SS Otto Lopez,,,
605,5211890606,jw1984 (11/20),0,128.65,1B Kyle Stowers 2B Xavier Edwards 3B Max Muncy C Jonah Heim OF Heriberto Hernandez OF Henry Bolte OF Jakob Marsee P Chris Sale P Sandy Alcantara SS Otto Lopez,,,
605,5211917286,LTskelter (17/20),0,128.65,1B Willson Contreras 2B Xavier Edwards 3B Caleb Durbin C Joe Mack OF Ronald Acuna Jr. OF Griffin Conine OF Owen Caissie P Chris Sale P Sandy Alcantara SS Otto Lopez,,,
605,5211942989,bassguy39 (9/20),0,128.65,1B Kyle Stowers 2B Xavier Edwards 3B Tommy White C Drake Baldwin OF Ronald Acuna Jr. OF Jakob Marsee OF Griffin Conine P Chris Sale P Sandy Alcantara SS Otto Lopez,,,
605,5211945726,aquafinatim (8/20),0,128.65,1B Kyle Stowers 2B Xavier Edwards 3B Caleb Durbin C Drake Baldwin OF Michael Harris II OF Jakob Marsee OF Griffin Conine P Chris Sale P Sandy Alcantara SS Otto Lopez,,,
605,5212013388,zandwich (9/20),0,128.65,1B Willson Contreras 2B Nick Sogard 3B Austin Riley C Drake Baldwin OF Ceddanne Rafaela OF Mike Yastrzemski OF Jahmai Jones P Chris Sale P Sandy Alcantara SS Andruw Monasterio,,,
605,5212013398,zandwich (19/20),0,128.65,1B Kyle Stowers 2B Nick Sogard 3B Austin Riley C Drake Baldwin OF Ronald Acuna Jr. OF Michael Harris II OF Jahmai Jones P Chris Sale P Sandy Alcantara SS Andruw Monasterio,,,
605,5212029860,markt35 (2/20),0,128.65,1B Willson Contreras 2B Xavier Edwards 3B Javier Sanoja C Joe Mack OF Ronald Acuna Jr. OF Heriberto Hernandez OF Jakob Marsee P Chris Sale P Sandy Alcantara SS Andruw Monasterio,,,
605,5212049228,chrispy2005 (16/20),0,128.65,1B Matt Olson 2B Nick Sogard 3B Tommy White C Connor Wong OF Tyler Soderstrom OF Ceddanne Rafaela OF Jahmai Jones P Chris Sale P Sandy Alcantara SS Jacob Wilson,,,
605,5212083918,ckcash64 (3/20),0,128.65,1B Matt Olson 2B Xavier Edwards 3B Caleb Durbin C Connor Wong OF Ronald Acuna Jr. OF Ceddanne Rafaela OF Jahmai Jones P Chris Sale P Sandy Alcantara SS Zach Neto,,,
605,5212095520,woodreb5 (11/20),0,128.65,1B Kyle Stowers 2B Alika Williams 3B Caleb Durbin C Jonah Heim OF Tyler Soderstrom OF Ceddanne Rafaela OF Henry Bolte P Chris Sale P Sandy Alcantara SS Jacob Wilson,,,
605,5212102159,jabberjaww (7/20),0,128.65,1B Kyle Stowers 2B Xavier Edwards 3B Javier Sanoja C Drake Baldwin OF Michael Harris II OF Jakob Marsee OF Mike Yastrzemski P Chris Sale P Sandy Alcantara SS Otto Lopez,,,
605,5212128893,slpendy (19/20),0,128.65,1B Kyle Stowers 2B Xavier Edwards 3B Max Muncy C Drake Baldwin OF Tyler Soderstrom OF Jakob Marsee OF Javier Sanoja P Chris Sale P Sandy Alcantara SS Otto Lopez,,,
605,5212141210,ac919 (10/20),0,128.65,1B Kyle Stowers 2B Nick Sogard 3B Caleb Durbin C Drake Baldwin OF Ceddanne Rafaela OF Jarren Duran OF Jahmai Jones P Chris Sale P Sandy Alcantara SS Otto Lopez,,,
605,5212150304,lindbergh2,0,128.65,1B Ben Rice 2B Ozzie Albies 3B Austin Riley C Drake Baldwin OF Ceddanne Rafaela OF Heliot Ramos OF Jahmai Jones P Chris Sale P Sandy Alcantara SS George Lombard Jr.,,,
605,5212151838,salatso22 (2/10),0,128.65,1B Matt Olson 2B Xavier Edwards 3B Caleb Durbin C Connor Wong OF Ceddanne Rafaela OF Michael Harris II OF Jahmai Jones P Chris Sale P Sandy Alcantara SS Andruw Monasterio,,,
605,5212163706,TheFH (10/20),0,128.65,1B Kyle Stowers 2B Xavier Edwards 3B Caleb Durbin C Drake Baldwin OF Michael Harris II OF Jakob Marsee OF Griffin Conine P Chris Sale P Sandy Alcantara SS Otto Lopez,,,
605,5212235604,scohen21 (12/20),0,128.65,1B Matt Olson 2B Nick Sogard 3B Caleb Durbin C Drake Baldwin OF Ceddanne Rafaela OF Eli White OF Jahmai Jones P Chris Sale P Sandy Alcantara SS Otto Lopez,,,
605,5212235611,scohen21 (19/20),0,128.65,1B Kyle Stowers 2B Nick Sogard 3B Caleb Durbin C Drake Baldwin OF Ceddanne Rafaela OF Michael Harris II OF Jahmai Jones P Chris Sale P Sandy Alcantara SS Andruw Monasterio,,,
605,5212254976,drobles123 (3/3),0,128.65,1B Willson Contreras 2B Ozzie Albies 3B Caleb Durbin C Drake Baldwin OF Michael Harris II OF Heriberto Hernandez OF Jahmai Jones P Chris Sale P Sandy Alcantara SS Jacob Wilson,,,
629,5211792416,Swishdakyng (6/20),0,128.5,1B Paul Goldschmidt 2B Xavier Edwards 3B Amed Rosario C Austin Wells OF Heliot Ramos OF Jakob Marsee OF Eli White P Gerrit Cole P Sandy Alcantara SS Otto Lopez,,,
629,5211969091,uvajay (5/20),0,128.5,1B Paul Goldschmidt 2B Xavier Edwards 3B Caleb Durbin C Austin Wells OF Ceddanne Rafaela OF Heliot Ramos OF Eli White P Gerrit Cole P Sandy Alcantara SS Andruw Monasterio,,,
629,5212116124,stock2mail (5/20),0,128.5,1B Paul Goldschmidt 2B Xavier Edwards 3B Max Muncy C Jonah Heim OF Trent Grisham OF Heliot Ramos OF Jakob Marsee P Gerrit Cole P Sandy Alcantara SS Jacob Wilson,,,
629,5212129478,monkey520 (5/8),0,128.5,1B Willson Contreras 2B Xavier Edwards 3B Caleb Durbin C Connor Wong OF Tyler Soderstrom OF Ceddanne Rafaela OF Heliot Ramos P Gerrit Cole P Sandy Alcantara SS Andruw Monasterio,,,
633,5211780346,Anthonykorobellis (14/20),0,128.45,1B Kyle Stowers 2B Xavier Edwards 3B Caleb Durbin C Connor Wong OF Ceddanne Rafaela OF Henry Bolte OF Jakob Marsee P Chris Sale P Gerrit Cole SS Otto Lopez,,,
633,5211797415,mythicalrhymer01 (4/6),0,128.45,1B Kyle Stowers 2B Xavier Edwards 3B Max Muncy C Jonah Heim OF Tyler Soderstrom OF Henry Bolte OF Griffin Conine P Chris Sale P Gerrit Cole SS Jacob Wilson,,,
633,5211820273,bellsofwar3 (8/20),0,128.45,1B Kyle Stowers 2B Xavier Edwards 3B Tommy White C Jonah Heim OF Tyler Soderstrom OF Jakob Marsee OF Owen Caissie P Chris Sale P Gerrit Cole SS Otto Lopez,,,
633,5211856737,Stree (20/20),0,128.45,1B Willson Contreras 2B Vaughn Grissom 3B Caleb Durbin C Brian Serven OF Tyler Soderstrom OF Ceddanne Rafaela OF Jahmai Jones P Chris Sale P Gerrit Cole SS Andruw Monasterio,,,
633,5211890600,jw1984 (5/20),0,128.45,1B Willson Contreras 2B Nick Sogard 3B Caleb Durbin C Brian Serven OF Tyler Soderstrom OF Ceddanne Rafaela OF Lawrence Butler P Chris Sale P Gerrit Cole SS Andruw Monasterio,,,
633,5211895979,cowboys767 (2/20),0,128.45,1B Willson Contreras 2B Xavier Edwards 3B Caleb Durbin C Joe Mack OF Ceddanne Rafaela OF Jakob Marsee OF Jahmai Jones P Chris Sale P Gerrit Cole SS Zach Neto,,,
633,5211920920,titanhawks (1/2),0,128.45,1B Willson Contreras 2B Nick Sogard 3B Caleb Durbin C Jonah Heim OF Ceddanne Rafaela OF Henry Bolte OF Jakob Marsee P Chris Sale P Gerrit Cole SS Andruw Monasterio,,,
633,5211968570,MajerlesMantle (2/2),0,128.45,1B Willson Contreras 2B Nick Sogard 3B Caleb Durbin C Brian Serven OF Tyler Soderstrom OF Ceddanne Rafaela OF Henry Bolte P Chris Sale P Gerrit Cole SS Andruw Monasterio,,,
633,5212011737,joedirt1369,0,128.45,1B Kyle Stowers 2B Xavier Edwards 3B Caleb Durbin C Joe Mack OF Ceddanne Rafaela OF Henry Bolte OF Jakob Marsee P Chris Sale P Gerrit Cole SS Otto Lopez,,,
633,5212089464,mrclean913 (8/20),0,128.45,1B Willson Contreras 2B Vaughn Grissom 3B Caleb Durbin C Jonah Heim OF Ceddanne Rafaela OF Henry Bolte OF Jahmai Jones P Chris Sale P Gerrit Cole SS Andruw Monasterio,,,
633,5212112868,meyers2305 (14/20),0,128.45,1B Willson Contreras 2B Xavier Edwards 3B Caleb Durbin C Connor Wong OF Ceddanne Rafaela OF Henry Bolte OF Jahmai Jones P Chris Sale P Gerrit Cole SS Zach Neto,,,
633,5212116120,stock2mail (1/20),0,128.45,1B Willson Contreras 2B Nick Sogard 3B Caleb Durbin C Brian Serven OF Tyler Soderstrom OF Ceddanne Rafaela OF Henry Bolte P Chris Sale P Gerrit Cole SS Andruw Monasterio,,,
633,5212215845,MikeRod,0,128.45,1B Willson Contreras 2B Xavier Edwards 3B Caleb Durbin C Joe Mack OF Ceddanne Rafaela OF Jarren Duran OF Jahmai Jones P Chris Sale P Gerrit Cole SS Otto Lopez,,,
633,5212230553,jlegrand22 (20/20),0,128.45,1B Willson Contreras 2B Nick Sogard 3B Caleb Durbin C Jonah Heim OF Ceddanne Rafaela OF Henry Bolte OF Jakob Marsee P Chris Sale P Gerrit Cole SS Andruw Monasterio,,,
647,5212008912,mack69 (17/20),0,127.95,1B Willson Contreras 2B Xavier Edwards 3B Caleb Durbin C Connor Wong OF Ceddanne Rafaela OF Heriberto Hernandez OF Jahmai Jones P Sandy Alcantara P Jake Bennett SS Jacob Wilson,,,
648,5211926323,thundrenterprises (3/20),0,127.85,1B Paul Goldschmidt 2B Xavier Edwards 3B Amed Rosario C Jonah Heim OF Tyler Soderstrom OF Heliot Ramos OF Heriberto Hernandez P Gerrit Cole P Gage Jump SS Jacob Wilson,,,
649,5211738355,Cfw828,0,127.649994,1B Kyle Stowers 2B Xavier Edwards 3B Tommy White C Drake Baldwin OF Ronald Acuna Jr. OF Griffin Conine OF Mike Yastrzemski P Chris Sale P Sandy Alcantara SS Otto Lopez,,,
649,5211835204,cachedinar (2/20),0,127.649994,1B Matt Olson 2B Xavier Edwards 3B Tommy White C Drake Baldwin OF Ronald Acuna Jr. OF Michael Harris II OF Jahmai Jones P Chris Sale P Sandy Alcantara SS Mauricio Dubon,,,
649,5211866916,SunTuz007 (3/3),0,127.649994,1B Willson Contreras 2B Ozzie Albies 3B Javier Sanoja C Drake Baldwin OF Ceddanne Rafaela OF Henry Bolte OF Jahmai Jones P Chris Sale P Sandy Alcantara SS Andruw Monasterio,,,
649,5211875788,Scottyj316 (1/20),0,127.649994,1B Matt Olson 2B Xavier Edwards 3B Caleb Durbin C Connor Wong OF Jarren Duran OF Eli White OF Jahmai Jones P Chris Sale P Sandy Alcantara SS Otto Lopez,,,
649,5211875805,Scottyj316 (18/20),0,127.649994,1B Willson Contreras 2B Ozzie Albies 3B Caleb Durbin C Jonah Heim OF Ceddanne Rafaela OF Eli White OF Jahmai Jones P Chris Sale P Sandy Alcantara SS Jacob Wilson,,,
649,5211916578,smk5430 (8/20),0,127.649994,1B Willson Contreras 2B Xavier Edwards 3B Austin Riley C Jonah Heim OF Ceddanne Rafaela OF Jarren Duran OF Jahmai Jones P Chris Sale P Sandy Alcantara SS Otto Lopez,,,
649,5212012405,JR6724,0,127.649994,1B Kyle Stowers 2B Ozzie Albies 3B Caleb Durbin C Connor Wong OF Ronald Acuna Jr. OF Tyler Soderstrom OF Ceddanne Rafaela P Chris Sale P Sandy Alcantara SS George Lombard Jr.,,,
649,5212054117,wazzu24 (18/20),0,127.649994,1B Willson Contreras 2B Nick Sogard 3B Caleb Durbin C Connor Wong OF Ronald Acuna Jr. OF Ceddanne Rafaela OF Henry Bolte P Chris Sale P Sandy Alcantara SS Jacob Wilson,,,
649,5212064690,henry296 (8/20),0,127.649994,1B Kyle Stowers 2B Xavier Edwards 3B Caleb Durbin C Jonah Heim OF Ceddanne Rafaela OF Michael Harris II OF Henry Bolte P Chris Sale P Sandy Alcantara SS Jacob Wilson,,,
649,5212081513,Awalker3081 (2/20),0,127.649994,1B Nick Sogard 2B Xavier Edwards 3B Caleb Durbin C Connor Wong OF Jarren Duran OF Jakob Marsee OF Eli White P Chris Sale P Sandy Alcantara SS Otto Lopez,,,
649,5212125323,ngates,0,127.649994,1B Willson Contreras 2B Ozzie Albies 3B Amed Rosario C Jonah Heim OF Tyler Soderstrom OF Michael Harris II OF Jahmai Jones P Chris Sale P Sandy Alcantara SS Otto Lopez,,,
649,5212138726,Dricou (7/10),0,127.649994,1B Willson Contreras 2B Xavier Edwards 3B Tommy White C Jonah Heim OF Tyler Soderstrom OF Jarren Duran OF Henry Bolte P Chris Sale P Sandy Alcantara SS Jacob Wilson,,,
649,5212156400,cw1tt (16/20),0,127.649994,1B Kyle Stowers 2B Xavier Edwards 3B Austin Riley C Drake Baldwin OF Heriberto Hernandez OF Henry Bolte OF Jakob Marsee P Chris Sale P Sandy Alcantara SS Otto Lopez,,,
649,5212166269,Satch65 (7/20),0,127.649994,1B Willson Contreras 2B Xavier Edwards 3B Caleb Durbin C Drake Baldwin OF Ceddanne Rafaela OF Jarren Duran OF Jahmai Jones P Chris Sale P Sandy Alcantara SS Mauricio Dubon,,,
649,5212166281,Satch65 (19/20),0,127.649994,1B Willson Contreras 2B Nick Sogard 3B Caleb Durbin C Connor Wong OF Ronald Acuna Jr. OF Ceddanne Rafaela OF Henry Bolte P Chris Sale P Sandy Alcantara SS Jacob Wilson,,,
649,5212196481,swiftyjb (2/2),0,127.649994,1B Kyle Stowers 2B Ozzie Albies 3B Caleb Durbin C Jonah Heim OF Ronald Acuna Jr. OF Jakob Marsee OF Owen Caissie P Chris Sale P Sandy Alcantara SS Jacob Wilson,,,
649,5212230539,jlegrand22 (6/20),0,127.649994,1B Willson Contreras 2B Nick Sogard 3B Caleb Durbin C Drake Baldwin OF Ceddanne Rafaela OF Henry Bolte OF Jakob Marsee P Chris Sale P Sandy Alcantara SS Andruw Monasterio,,,
666,5211700014,Sammy.Boy (17/20),0,127.5,1B Paul Goldschmidt 2B Xavier Edwards 3B Amed Rosario C Austin Wells OF Heliot Ramos OF Heriberto Hernandez OF Griffin Conine P Gerrit Cole P Sandy Alcantara SS Otto Lopez,,,
666,5211716713,T41129130907 (16/20),0,127.5,1B Willson Contreras 2B Xavier Edwards 3B Jose Caballero C Austin Wells OF Ceddanne Rafaela OF Trent Grisham OF Heliot Ramos P Gerrit Cole P Sandy Alcantara SS Otto Lopez,,,
666,5211976333,tpyo (18/20),0,127.5,1B Ben Rice 2B Ozzie Albies 3B Vaughn Grissom C Jonah Heim OF Trent Grisham OF Heliot Ramos OF Spencer Jones P Gerrit Cole P Sandy Alcantara SS Jose Caballero,,,
669,5211770625,peltifreeze89 (11/20),0,127.45,1B Kyle Stowers 2B Xavier Edwards 3B Caleb Durbin C Connor Wong OF Ceddanne Rafaela OF Jarren Duran OF Jahmai Jones P Chris Sale P Gerrit Cole SS Otto Lopez,,,
669,5211882386,jason0615 (3/4),0,127.45,1B Nick Sogard 2B Xavier Edwards 3B Caleb Durbin C Joe Mack OF Tyler Soderstrom OF Ceddanne Rafaela OF Jarren Duran P Chris Sale P Gerrit Cole SS Otto Lopez,,,
669,5212064684,henry296 (2/20),0,127.45,1B Kyle Stowers 2B Xavier Edwards 3B Caleb Durbin C Connor Wong OF Ceddanne Rafaela OF Jarren Duran OF Jahmai Jones P Chris Sale P Gerrit Cole SS Otto Lopez,,,
669,5212075734,mlief (12/20),0,127.45,1B Willson Contreras 2B Nick Sogard 3B Caleb Durbin C Brian Serven OF Ronald Acuna Jr. OF Tyler Soderstrom OF Eli White P Chris Sale P Gerrit Cole SS Andruw Monasterio,,,
669,5212235594,scohen21 (2/20),0,127.45,1B Kyle Stowers 2B Xavier Edwards 3B Caleb Durbin C Connor Wong OF Ceddanne Rafaela OF Jarren Duran OF Jahmai Jones P Chris Sale P Gerrit Cole SS Jacob Wilson,,,
674,5212112872,meyers2305 (18/20),0,127.05,1B Ben Rice 2B Ozzie Albies 3B Tommy White C Drake Baldwin OF Ronald Acuna Jr. OF Michael Harris II OF Henry Bolte P Sandy Alcantara P Gage Jump SS Mauricio Dubon,,,
675,5211736373,jmason247 (3/20),0,127,1B Nolan Schanuel 2B Xavier Edwards 3B Tommy White C Jonah Heim OF Mike Trout OF Tyler Soderstrom OF Henry Bolte P Chris Sale P Gage Jump SS Jacob Wilson,,,
676,5211866475,az350z (19/20),0,126.95,1B Ben Rice 2B Nick Sogard 3B Caleb Durbin C Drake Baldwin OF Ceddanne Rafaela OF Heliot Ramos OF Jahmai Jones P Sandy Alcantara P Jake Bennett SS Andruw Monasterio,,,
677,5212210647,eharig09 (8/20),0,126.9,1B Matt Olson 2B Xavier Edwards 3B Javier Sanoja C Drake Baldwin OF Ronald Acuna Jr. OF Jakob Marsee OF Jahmai Jones P Chris Sale P Jake Bennett SS Otto Lopez,,,
678,5211738111,Schoey17 (2/7),0,126.649994,1B Willson Contreras 2B Xavier Edwards 3B Caleb Durbin C Connor Wong OF Ceddanne Rafaela OF Jakob Marsee OF Griffin Conine P Chris Sale P Sandy Alcantara SS Otto Lopez,,,
678,5211746306,j-wolf05 (1/20),0,126.649994,1B Willson Contreras 2B Nick Sogard 3B Caleb Durbin C Drake Baldwin OF Ronald Acuna Jr. OF Henry Bolte OF Eli White P Chris Sale P Sandy Alcantara SS Andruw Monasterio,,,
678,5211804412,AverageTuesday (14/20),0,126.649994,1B Willson Contreras 2B Nick Sogard 3B Tommy White C Connor Wong OF Ronald Acuna Jr. OF Jarren Duran OF Jahmai Jones P Chris Sale P Sandy Alcantara SS Jacob Wilson,,,
678,5211866472,az350z (16/20),0,126.649994,1B Kyle Stowers 2B Xavier Edwards 3B Max Muncy C Jonah Heim OF Tyler Soderstrom OF Michael Harris II OF Henry Bolte P Chris Sale P Sandy Alcantara SS Jacob Wilson,,,
678,5211875795,Scottyj316 (8/20),0,126.649994,1B Matt Olson 2B Ozzie Albies 3B Caleb Durbin C Connor Wong OF Ronald Acuna Jr. OF Ceddanne Rafaela OF Jahmai Jones P Chris Sale P Sandy Alcantara SS Andruw Monasterio,,,
678,5211890601,jw1984 (6/20),0,126.649994,1B Matt Olson 2B Ozzie Albies 3B Caleb Durbin C Connor Wong OF Ronald Acuna Jr. OF Ceddanne Rafaela OF Jahmai Jones P Chris Sale P Sandy Alcantara SS Andruw Monasterio,,,
678,5211900157,leighton32 (4/13),0,126.649994,1B Matt Olson 2B Ozzie Albies 3B Caleb Durbin C Connor Wong OF Ronald Acuna Jr. OF Ceddanne Rafaela OF Jahmai Jones P Chris Sale P Sandy Alcantara SS Andruw Monasterio,,,
678,5211900158,leighton32 (5/13),0,126.649994,1B Kyle Stowers 2B Xavier Edwards 3B Tommy White C Jonah Heim OF Tyler Soderstrom OF Jarren Duran OF Henry Bolte P Chris Sale P Sandy Alcantara SS Otto Lopez,,,
678,5211917275,LTskelter (6/20),0,126.649994,1B Willson Contreras 2B Nick Sogard 3B Caleb Durbin C Drake Baldwin OF Ronald Acuna Jr. OF Henry Bolte OF Eli White P Chris Sale P Sandy Alcantara SS Andruw Monasterio,,,
678,5211917282,LTskelter (13/20),0,126.649994,1B Willson Contreras 2B Ozzie Albies 3B Caleb Durbin C Drake Baldwin OF Ceddanne Rafaela OF Griffin Conine OF Jahmai Jones P Chris Sale P Sandy Alcantara SS Andruw Monasterio,,,
678,5211947121,JcClark18 (1/20),0,126.649994,1B Willson Contreras 2B Nick Sogard 3B Caleb Durbin C Drake Baldwin OF Ronald Acuna Jr. OF Henry Bolte OF Eli White P Chris Sale P Sandy Alcantara SS Andruw Monasterio,,,
678,5211947138,JcClark18 (18/20),0,126.649994,1B Matt Olson 2B Nick Sogard 3B Caleb Durbin C Drake Baldwin OF Ceddanne Rafaela OF Michael Harris II OF Jahmai Jones P Chris Sale P Sandy Alcantara SS Andruw Monasterio,,,
678,5211990726,KristianFTM (8/20),0,126.649994,1B Willson Contreras 2B Nick Sogard 3B Caleb Durbin C Drake Baldwin OF Ronald Acuna Jr. OF Henry Bolte OF Eli White P Chris Sale P Sandy Alcantara SS Andruw Monasterio,,,
678,5212001457,Rene8480 (2/2),0,126.649994,1B Willson Contreras 2B Xavier Edwards 3B Caleb Durbin C Jonah Heim OF Tyler Soderstrom OF Ceddanne Rafaela OF Eli White P Chris Sale P Sandy Alcantara SS Andruw Monasterio,,,
678,5212002133,austin60915 (11/20),0,126.649994,1B Willson Contreras 2B Nick Sogard 3B Caleb Durbin C Drake Baldwin OF Ceddanne Rafaela OF Henry Bolte OF Mike Yastrzemski P Chris Sale P Sandy Alcantara SS Andruw Monasterio,,,
678,5212002135,austin60915 (13/20),0,126.649994,1B Willson Contreras 2B Nick Sogard 3B Caleb Durbin C Drake Baldwin OF Ronald Acuna Jr. OF Henry Bolte OF Eli White P Chris Sale P Sandy Alcantara SS Andruw Monasterio,,,
678,5212010006,kozy6813 (12/20),0,126.649994,1B Willson Contreras 2B Nick Sogard 3B Caleb Durbin C Drake Baldwin OF Ronald Acuna Jr. OF Jakob Marsee OF Eli White P Chris Sale P Sandy Alcantara SS Andruw Monasterio,,,
678,5212013395,zandwich (16/20),0,126.649994,1B Matt Olson 2B Nick Sogard 3B Austin Riley C Drake Baldwin OF Ronald Acuna Jr. OF Michael Harris II OF Jahmai Jones P Chris Sale P Sandy Alcantara SS Andruw Monasterio,,,
678,5212073835,meodette (11/20),0,126.649994,1B Willson Contreras 2B Xavier Edwards 3B Caleb Durbin C Joe Mack OF Ceddanne Rafaela OF Jakob Marsee OF Griffin Conine P Chris Sale P Sandy Alcantara SS Otto Lopez,,,
678,5212075732,mlief (10/20),0,126.649994,1B Willson Contreras 2B Nick Sogard 3B Caleb Durbin C Brian Serven OF Jarren Duran OF Henry Bolte OF Lawrence Butler P Chris Sale P Sandy Alcantara SS Andruw Monasterio,,,
678,5212075735,mlief (13/20),0,126.649994,1B Willson Contreras 2B Xavier Edwards 3B Caleb Durbin C Connor Wong OF Ronald Acuna Jr. OF Jarren Duran OF Jakob Marsee P Chris Sale P Sandy Alcantara SS Andruw Monasterio,,,
678,5212104111,TY54321 (3/20),0,126.649994,1B Matt Olson 2B Nick Sogard 3B Austin Riley C Drake Baldwin OF Ronald Acuna Jr. OF Michael Harris II OF Jahmai Jones P Chris Sale P Sandy Alcantara SS Andruw Monasterio,,,
678,5212116131,stock2mail (12/20),0,126.649994,1B Kyle Stowers 2B Xavier Edwards 3B Javier Sanoja C Connor Wong OF Ronald Acuna Jr. OF Michael Harris II OF Jakob Marsee P Chris Sale P Sandy Alcantara SS Otto Lopez,,,
678,5212151843,salatso22 (7/10),0,126.649994,1B Willson Contreras 2B Nick Sogard 3B Austin Riley C Drake Baldwin OF Ronald Acuna Jr. OF Jarren Duran OF Jahmai Jones P Chris Sale P Sandy Alcantara SS Andruw Monasterio,,,
678,5212157503,BChap71 (1/5),0,126.649994,1B Matt Olson 2B Xavier Edwards 3B Caleb Durbin C Jonah Heim OF Ceddanne Rafaela OF Heriberto Hernandez OF Henry Bolte P Chris Sale P Sandy Alcantara SS Andruw Monasterio,,,
678,5212163371,lklk88088 (6/20),0,126.649994,1B Matt Olson 2B Nick Sogard 3B Austin Riley C Drake Baldwin OF Ronald Acuna Jr. OF Michael Harris II OF Jahmai Jones P Chris Sale P Sandy Alcantara SS Andruw Monasterio,,,
678,5212181270,SuperDavisms (2/2),0,126.649994,1B Willson Contreras 2B Nick Sogard 3B Caleb Durbin C Drake Baldwin OF Tyler Soderstrom OF Jarren Duran OF Lawrence Butler P Chris Sale P Sandy Alcantara SS Andruw Monasterio,,,
678,5212199209,dantheman78 (8/20),0,126.649994,1B Matt Olson 2B Nick Sogard 3B Austin Riley C Drake Baldwin OF Ronald Acuna Jr. OF Michael Harris II OF Jahmai Jones P Chris Sale P Sandy Alcantara SS Andruw Monasterio,,,
678,5212225496,rambito (8/20),0,126.649994,1B Matt Olson 2B Ozzie Albies 3B Caleb Durbin C Connor Wong OF Ronald Acuna Jr. OF Ceddanne Rafaela OF Jahmai Jones P Chris Sale P Sandy Alcantara SS Andruw Monasterio,,,
678,5212234342,SIRNBT1 (2/4),0,126.649994,1B Matt Olson 2B Nick Sogard 3B Caleb Durbin C Drake Baldwin OF Ceddanne Rafaela OF Michael Harris II OF Jahmai Jones P Chris Sale P Sandy Alcantara SS Andruw Monasterio,,,
678,5212242398,BigMart11 (1/20),0,126.649994,1B Willson Contreras 2B Nick Sogard 3B Austin Riley C Connor Wong OF Ronald Acuna Jr. OF Michael Harris II OF Jahmai Jones P Chris Sale P Sandy Alcantara SS Andruw Monasterio,,,
678,5212248676,Blerud15 (11/20),0,126.649994,1B Kyle Stowers 2B Xavier Edwards 3B Max Muncy C Jonah Heim OF Tyler Soderstrom OF Ceddanne Rafaela OF Jakob Marsee P Chris Sale P Sandy Alcantara SS Otto Lopez,,,
710,5211700005,Sammy.Boy (8/20),0,126.5,1B Paul Goldschmidt 2B Nick Sogard 3B Jose Caballero C Jonah Heim OF Ceddanne Rafaela OF Trent Grisham OF Heliot Ramos P Gerrit Cole P Sandy Alcantara SS George Lombard Jr.,,,
710,5211865518,SeanDre (19/20),0,126.5,1B Kyle Stowers 2B Nick Sogard 3B Jose Caballero C Connor Wong OF Heliot Ramos OF Jarren Duran OF Jahmai Jones P Gerrit Cole P Sandy Alcantara SS Otto Lopez,,,
712,5211893901,WILDCATBALLERS (1/20),0,126.45,1B Willson Contreras 2B Xavier Edwards 3B Caleb Durbin C Moises Ballesteros OF Ceddanne Rafaela OF Henry Bolte OF Jakob Marsee P Chris Sale P Gerrit Cole SS Andruw Monasterio,,,
712,5211895988,cowboys767 (11/20),0,126.45,1B Willson Contreras 2B Xavier Edwards 3B Caleb Durbin C Moises Ballesteros OF Mike Trout OF Eli White OF Jahmai Jones P Chris Sale P Gerrit Cole SS Andruw Monasterio,,,
712,5212009848,chrism0rgan (12/20),0,126.45,1B Kyle Stowers 2B Xavier Edwards 3B Caleb Durbin C Jonah Heim OF Ceddanne Rafaela OF Jakob Marsee OF Owen Caissie P Chris Sale P Gerrit Cole SS Otto Lopez,,,
712,5212091294,62caddyconvert,0,126.45,1B Nolan Schanuel 2B Vaughn Grissom 3B Caleb Durbin C Jonah Heim OF Mike Trout OF Tyler Soderstrom OF Henry Bolte P Chris Sale P Gerrit Cole SS George Lombard Jr.,,,
712,5212164159,BigBrixey (1/3),0,126.45,1B Kyle Stowers 2B Xavier Edwards 3B Caleb Durbin C Jonah Heim OF Jarren Duran OF Henry Bolte OF Griffin Conine P Chris Sale P Gerrit Cole SS Otto Lopez,,,
717,5211986926,slicksid27 (8/9),0,126.2,1B Ben Rice 2B Xavier Edwards 3B Caleb Durbin C Austin Wells OF Michael Harris II OF Heliot Ramos OF Spencer Jones P Gerrit Cole P Walbert Urena SS Otto Lopez,,,
718,5211937434,sportsfan14 (16/20),0,126.05,1B Kyle Stowers 2B Xavier Edwards 3B Austin Riley C Drake Baldwin OF Trent Grisham OF Heriberto Hernandez OF Griffin Conine P Sandy Alcantara P Gage Jump SS Otto Lopez,,,
719,5212006184,LeftyE33 (4/5),0,126,1B Kyle Stowers 2B Xavier Edwards 3B Tommy White C Jonah Heim OF Mike Trout OF Tyler Soderstrom OF Henry Bolte P Chris Sale P Gage Jump SS Jacob Wilson,,,
720,5212142344,8EIGHT8,0,125.95,1B Paul Goldschmidt 2B Nick Sogard 3B Javier Sanoja C Connor Wong OF Ronald Acuna Jr. OF Mike Trout OF Jahmai Jones P Sandy Alcantara P Jake Bennett SS Otto Lopez,,,
721,5211655456,aschuite,0,125.649994,1B Willson Contreras 2B Ozzie Albies 3B Caleb Durbin C Jonah Heim OF Ceddanne Rafaela OF Michael Harris II OF Jahmai Jones P Chris Sale P Sandy Alcantara SS Andruw Monasterio,,,
721,5211716699,T41129130907 (2/20),0,125.649994,1B Matt Olson 2B Xavier Edwards 3B Caleb Durbin C Drake Baldwin OF Heriberto Hernandez OF Javier Sanoja OF Griffin Conine P Chris Sale P Sandy Alcantara SS Otto Lopez,,,
721,5211754830,tbjones2121 (10/20),0,125.649994,1B Kyle Stowers 2B Xavier Edwards 3B Austin Riley C Drake Baldwin OF Ceddanne Rafaela OF Michael Harris II OF Jahmai Jones P Chris Sale P Sandy Alcantara SS Otto Lopez,,,
721,5211754835,tbjones2121 (15/20),0,125.649994,1B Willson Contreras 2B Ozzie Albies 3B Caleb Durbin C Jonah Heim OF Ceddanne Rafaela OF Michael Harris II OF Jahmai Jones P Chris Sale P Sandy Alcantara SS Andruw Monasterio,,,
721,5211857000,Bitmeee (8/20),0,125.649994,1B Willson Contreras 2B Nick Sogard 3B Tommy White C Jonah Heim OF Tyler Soderstrom OF Ceddanne Rafaela OF Henry Bolte P Chris Sale P Sandy Alcantara SS Jacob Wilson,,,
721,5211866462,az350z (6/20),0,125.649994,1B Willson Contreras 2B Nick Sogard 3B Tommy White C Jonah Heim OF Tyler Soderstrom OF Ceddanne Rafaela OF Henry Bolte P Chris Sale P Sandy Alcantara SS Jacob Wilson,,,
721,5211895985,cowboys767 (8/20),0,125.649994,1B Kyle Stowers 2B Xavier Edwards 3B Caleb Durbin C Drake Baldwin OF Ceddanne Rafaela OF Jakob Marsee OF Owen Caissie P Chris Sale P Sandy Alcantara SS Otto Lopez,,,
721,5211901035,etrigg63,0,125.649994,1B Willson Contreras 2B Ozzie Albies 3B Caleb Durbin C Joe Mack OF Ceddanne Rafaela OF Trent Grisham OF Jahmai Jones P Chris Sale P Sandy Alcantara SS Otto Lopez,,,
721,5211913462,onthemoney511,0,125.649994,1B Willson Contreras 2B Ozzie Albies 3B Caleb Durbin C Jonah Heim OF Ceddanne Rafaela OF Jarren Duran OF Jahmai Jones P Chris Sale P Sandy Alcantara SS Otto Lopez,,,
721,5211926292,mcafeend (16/20),0,125.649994,1B Willson Contreras 2B Nick Sogard 3B Caleb Durbin C Drake Baldwin OF Ronald Acuna Jr. OF Mike Yastrzemski OF Eli White P Chris Sale P Sandy Alcantara SS Andruw Monasterio,,,
721,5211945721,aquafinatim (3/20),0,125.649994,1B Willson Contreras 2B Nick Sogard 3B Tommy White C Jonah Heim OF Tyler Soderstrom OF Ceddanne Rafaela OF Henry Bolte P Chris Sale P Sandy Alcantara SS Jacob Wilson,,,
721,5211952636,bbehnke20 (9/20),0,125.649994,1B Willson Contreras 2B Xavier Edwards 3B Caleb Durbin C Joe Mack OF Ceddanne Rafaela OF Heriberto Hernandez OF Jakob Marsee P Chris Sale P Sandy Alcantara SS Otto Lopez,,,
721,5211990733,KristianFTM (15/20),0,125.649994,1B Kyle Stowers 2B Xavier Edwards 3B Caleb Durbin C Joe Mack OF Ronald Acuna Jr. OF Ceddanne Rafaela OF Griffin Conine P Chris Sale P Sandy Alcantara SS Otto Lopez,,,
721,5212002188,MamaKay1122 (12/13),0,125.649994,1B Willson Contreras 2B Nick Sogard 3B Tommy White C Jonah Heim OF Tyler Soderstrom OF Ceddanne Rafaela OF Henry Bolte P Chris Sale P Sandy Alcantara SS Jacob Wilson,,,
721,5212009838,chrism0rgan (2/20),0,125.649994,1B Willson Contreras 2B Xavier Edwards 3B Caleb Durbin C Joe Mack OF Ceddanne Rafaela OF Heriberto Hernandez OF Jakob Marsee P Chris Sale P Sandy Alcantara SS Otto Lopez,,,
721,5212073842,meodette (18/20),0,125.649994,1B Willson Contreras 2B Nick Sogard 3B Caleb Durbin C Joe Mack OF Ronald Acuna Jr. OF Tyler Soderstrom OF Eli White P Chris Sale P Sandy Alcantara SS Andruw Monasterio,,,
721,5212096304,Necreezy (3/3),0,125.649994,1B Kyle Stowers 2B Xavier Edwards 3B Caleb Durbin C Joe Mack OF Ronald Acuna Jr. OF Ceddanne Rafaela OF Griffin Conine P Chris Sale P Sandy Alcantara SS Otto Lopez,,,
721,5212102157,jabberjaww (5/20),0,125.649994,1B Willson Contreras 2B Ozzie Albies 3B Caleb Durbin C Connor Wong OF Ronald Acuna Jr. OF Ceddanne Rafaela OF Jahmai Jones P Chris Sale P Sandy Alcantara SS Mauricio Dubon,,,
721,5212102167,jabberjaww (15/20),0,125.649994,1B Kyle Stowers 2B Xavier Edwards 3B Austin Riley C Connor Wong OF Ronald Acuna Jr. OF Jakob Marsee OF Griffin Conine P Chris Sale P Sandy Alcantara SS Otto Lopez,,,
721,5212163368,lklk88088 (3/20),0,125.649994,1B Willson Contreras 2B Nick Sogard 3B Tommy White C Jonah Heim OF Tyler Soderstrom OF Ceddanne Rafaela OF Henry Bolte P Chris Sale P Sandy Alcantara SS Jacob Wilson,,,
721,5212166265,Satch65 (3/20),0,125.649994,1B Willson Contreras 2B Ozzie Albies 3B Caleb Durbin C Drake Baldwin OF Ceddanne Rafaela OF Heriberto Hernandez OF Jahmai Jones P Chris Sale P Sandy Alcantara SS Andruw Monasterio,,,
721,5212183652,seth1374 (1/20),0,125.649994,1B Willson Contreras 2B Ozzie Albies 3B Caleb Durbin C Drake Baldwin OF Ceddanne Rafaela OF Mauricio Dubon OF Jahmai Jones P Chris Sale P Sandy Alcantara SS Andruw Monasterio,,,
721,5212212874,mrxkronz (2/2),0,125.649994,1B Willson Contreras 2B Ozzie Albies 3B Caleb Durbin C Drake Baldwin OF Ceddanne Rafaela OF Heriberto Hernandez OF Jahmai Jones P Chris Sale P Sandy Alcantara SS Andruw Monasterio,,,
721,5212226622,Boltmantom,0,125.649994,1B Willson Contreras 2B Ozzie Albies 3B Caleb Durbin C Drake Baldwin OF Ceddanne Rafaela OF Heriberto Hernandez OF Jahmai Jones P Chris Sale P Sandy Alcantara SS Andruw Monasterio,,,
721,5212252063,KILLANADZ24 (4/20),0,125.649994,1B Willson Contreras 2B Nick Sogard 3B Austin Riley C Drake Baldwin OF Ronald Acuna Jr. OF Michael Harris II OF Jahmai Jones P Chris Sale P Sandy Alcantara SS Mauricio Dubon,,,
721,5212252067,KILLANADZ24 (8/20),0,125.649994,1B Willson Contreras 2B Xavier Edwards 3B Caleb Durbin C Joe Mack OF Ceddanne Rafaela OF Heriberto Hernandez OF Jakob Marsee P Chris Sale P Sandy Alcantara SS Otto Lopez,,,
747,5211914046,drunkonpappy (3/20),0,125.5,1B Willson Contreras 2B Xavier Edwards 3B Amed Rosario C Connor Wong OF Ceddanne Rafaela OF Heliot Ramos OF Jahmai Jones P Gerrit Cole P Sandy Alcantara SS Andruw Monasterio,,,
747,5211947133,JcClark18 (13/20),0,125.5,1B Ben Rice 2B Nick Sogard 3B Caleb Durbin C Jonah Heim OF Ceddanne Rafaela OF Heliot Ramos OF Jarren Duran P Gerrit Cole P Sandy Alcantara SS Andruw Monasterio,,,
747,5211990729,KristianFTM (11/20),0,125.5,1B Ben Rice 2B Nick Sogard 3B Caleb Durbin C Jonah Heim OF Ceddanne Rafaela OF Heliot Ramos OF Jarren Duran P Gerrit Cole P Sandy Alcantara SS Andruw Monasterio,,,
747,5212089470,mrclean913 (14/20),0,125.5,1B Ben Rice 2B Nick Sogard 3B Caleb Durbin C Jonah Heim OF Ceddanne Rafaela OF Heliot Ramos OF Jarren Duran P Gerrit Cole P Sandy Alcantara SS Andruw Monasterio,,,
747,5212102153,jabberjaww (1/20),0,125.5,1B Paul Goldschmidt 2B Nick Sogard 3B Caleb Durbin C Austin Wells OF Trent Grisham OF Heliot Ramos OF Jarren Duran P Gerrit Cole P Sandy Alcantara SS Andruw Monasterio,,,
747,5212110507,JaserD (17/20),0,125.5,1B Ben Rice 2B Nick Sogard 3B Caleb Durbin C Jonah Heim OF Ceddanne Rafaela OF Heliot Ramos OF Jarren Duran P Gerrit Cole P Sandy Alcantara SS Andruw Monasterio,,,
753,5211789175,jlp4765,0,125.45,1B Kyle Stowers 2B Xavier Edwards 3B Caleb Durbin C Jonah Heim OF Ceddanne Rafaela OF Heriberto Hernandez OF Jakob Marsee P Chris Sale P Gerrit Cole SS Andruw Monasterio,,,
753,5212206084,jjimka66 (19/20),0,125.45,1B Willson Contreras 2B Xavier Edwards 3B Caleb Durbin C Connor Wong OF Tyler Soderstrom OF Jarren Duran OF Henry Bolte P Chris Sale P Gerrit Cole SS Andruw Monasterio,,,
753,5212223046,biggiebigputts,0,125.45,1B Willson Contreras 2B Xavier Edwards 3B Caleb Durbin C Brian Serven OF Henry Bolte OF Jakob Marsee OF Wade Meckler P Chris Sale P Gerrit Cole SS Zach Neto,,,
753,5212230548,jlegrand22 (15/20),0,125.45,1B Willson Contreras 2B Xavier Edwards 3B Max Muncy C Connor Wong OF Ceddanne Rafaela OF Jakob Marsee OF Jahmai Jones P Chris Sale P Gerrit Cole SS Andruw Monasterio,,,
753,5212230551,jlegrand22 (18/20),0,125.45,1B Willson Contreras 2B Xavier Edwards 3B Max Muncy C Connor Wong OF Ceddanne Rafaela OF Henry Bolte OF Jahmai Jones P Chris Sale P Gerrit Cole SS Andruw Monasterio,,,
758,5211418737,mikebkmm5 (1/3),0,125.399994,1B Willson Contreras 2B Nick Sogard 3B Caleb Durbin C Jonah Heim OF Ronald Acuna Jr. OF Tyler Soderstrom OF Henry Bolte P Walbert Urena P Sandy Alcantara SS Jacob Wilson,,,
759,5211926325,thundrenterprises (5/20),0,125,1B Kyle Stowers 2B Xavier Edwards 3B Austin Riley C Drake Baldwin OF Ronald Acuna Jr. OF Heriberto Hernandez OF Jakob Marsee P Chris Sale P Gage Jump SS Otto Lopez,,,
759,5212141212,ac919 (12/20),0,125,1B Kyle Stowers 2B Xavier Edwards 3B Jose Caballero C Drake Baldwin OF Ronald Acuna Jr. OF Michael Harris II OF Jakob Marsee P Chris Sale P Gage Jump SS Otto Lopez,,,
759,5212170251,itrevinoz2 (3/12),0,125,1B Kyle Stowers 2B Xavier Edwards 3B Austin Riley C Drake Baldwin OF Ronald Acuna Jr. OF Heriberto Hernandez OF Jakob Marsee P Chris Sale P Gage Jump SS Otto Lopez,,,
759,5212243523,BuckeyeCity (4/20),0,125,1B Kyle Stowers 2B Xavier Edwards 3B Austin Riley C Drake Baldwin OF Ronald Acuna Jr. OF Heriberto Hernandez OF Jakob Marsee P Chris Sale P Gage Jump SS Otto Lopez,,,
763,5211770634,peltifreeze89 (20/20),0,124.95,1B Kyle Stowers 2B Xavier Edwards 3B Caleb Durbin C Connor Wong OF Ceddanne Rafaela OF Griffin Conine OF Jahmai Jones P Sandy Alcantara P Jake Bennett SS Andruw Monasterio,,,
763,5211947125,JcClark18 (5/20),0,124.95,1B Ben Rice 2B Xavier Edwards 3B Amed Rosario C Drake Baldwin OF Ronald Acuna Jr. OF Michael Harris II OF Spencer Jones P Sandy Alcantara P Jake Bennett SS Jose Caballero,,,
763,5212197603,Skralph (19/20),0,124.95,1B Willson Contreras 2B Ozzie Albies 3B Caleb Durbin C Jonah Heim OF Ronald Acuna Jr. OF Eli White OF Jahmai Jones P Sandy Alcantara P Jake Bennett SS Andruw Monasterio,,,
763,5212212945,bignew,0,124.95,1B Kyle Stowers 2B Nick Sogard 3B Caleb Durbin C Drake Baldwin OF Tyler Soderstrom OF Heriberto Hernandez OF Henry Bolte P Sandy Alcantara P Jake Bennett SS Otto Lopez,,,
767,5212242414,BigMart11 (17/20),0,124.9,1B Kyle Stowers 2B Xavier Edwards 3B Caleb Durbin C Connor Wong OF Jakob Marsee OF Griffin Conine OF Jahmai Jones P Chris Sale P Jake Bennett SS Otto Lopez,,,
768,5211987054,ballaholick713 (12/20),0,124.85,1B Ben Rice 2B Xavier Edwards 3B Javier Sanoja C Joe Mack OF Mike Trout OF Heliot Ramos OF Heriberto Hernandez P Gerrit Cole P Gage Jump SS Otto Lopez,,,
769,5211580860,ivymoose (3/20),0,124.649994,1B Willson Contreras 2B Nick Sogard 3B Caleb Durbin C Jonah Heim OF Tyler Soderstrom OF Ceddanne Rafaela OF Eli White P Chris Sale P Sandy Alcantara SS Jacob Wilson,,,
769,5211759904,seiferidjosh80 (11/20),0,124.649994,1B Matt Olson 2B Alika Williams 3B Caleb Durbin C Joe Mack OF Tyler Soderstrom OF Henry Bolte OF Griffin Conine P Chris Sale P Sandy Alcantara SS Otto Lopez,,,
769,5211856720,Stree (3/20),0,124.649994,1B Willson Contreras 2B Nick Sogard 3B Caleb Durbin C Jonah Heim OF Tyler Soderstrom OF Ceddanne Rafaela OF Eli White P Chris Sale P Sandy Alcantara SS Jacob Wilson,,,
769,5211856733,Stree (16/20),0,124.649994,1B Willson Contreras 2B Xavier Edwards 3B Caleb Durbin C Jonah Heim OF Ceddanne Rafaela OF Jakob Marsee OF Eli White P Chris Sale P Sandy Alcantara SS Andruw Monasterio,,,
769,5211866460,az350z (4/20),0,124.649994,1B Matt Olson 2B Ozzie Albies 3B Caleb Durbin C Drake Baldwin OF Ceddanne Rafaela OF Mike Yastrzemski OF Jahmai Jones P Chris Sale P Sandy Alcantara SS Mauricio Dubon,,,
769,5211893761,Gagenator51 (4/20),0,124.649994,1B Kyle Stowers 2B Xavier Edwards 3B Caleb Durbin C Drake Baldwin OF Jarren Duran OF Heriberto Hernandez OF Jakob Marsee P Chris Sale P Sandy Alcantara SS Otto Lopez,,,
769,5211903545,cwthrow24 (12/20),0,124.649994,1B Matt Olson 2B Alika Williams 3B Austin Riley C Brian Serven OF Ronald Acuna Jr. OF Tyler Soderstrom OF Henry Bolte P Chris Sale P Sandy Alcantara SS Jacob Wilson,,,
769,5212009842,chrism0rgan (6/20),0,124.649994,1B Willson Contreras 2B Nick Sogard 3B Caleb Durbin C Jonah Heim OF Tyler Soderstrom OF Ceddanne Rafaela OF Eli White P Chris Sale P Sandy Alcantara SS Otto Lopez,,,
769,5212010001,kozy6813 (7/20),0,124.649994,1B Willson Contreras 2B Xavier Edwards 3B Caleb Durbin C Joe Mack OF Heriberto Hernandez OF Henry Bolte OF Eli White P Chris Sale P Sandy Alcantara SS Otto Lopez,,,
769,5212013396,zandwich (17/20),0,124.649994,1B Willson Contreras 2B Nick Sogard 3B Caleb Durbin C Brian Serven OF Ronald Acuna Jr. OF Ceddanne Rafaela OF Javier Sanoja P Chris Sale P Sandy Alcantara SS Andruw Monasterio,,,
769,5212054105,wazzu24 (6/20),0,124.649994,1B Matt Olson 2B Alika Williams 3B Austin Riley C Brian Serven OF Ronald Acuna Jr. OF Tyler Soderstrom OF Lawrence Butler P Chris Sale P Sandy Alcantara SS Jacob Wilson,,,
769,5212103610,KelvinDubs (8/20),0,124.649994,1B Matt Olson 2B Xavier Edwards 3B Javier Sanoja C Jonah Heim OF Michael Harris II OF Heriberto Hernandez OF Jakob Marsee P Chris Sale P Sandy Alcantara SS Otto Lopez,,,
769,5212112861,meyers2305 (7/20),0,124.649994,1B Willson Contreras 2B Nick Sogard 3B Caleb Durbin C Joe Mack OF Ronald Acuna Jr. OF Ceddanne Rafaela OF Jakob Marsee P Chris Sale P Sandy Alcantara SS Andruw Monasterio,,,
769,5212124460,vymo09 (1/2),0,124.649994,1B Willson Contreras 2B Nick Sogard 3B Caleb Durbin C Joe Mack OF Ronald Acuna Jr. OF Ceddanne Rafaela OF Jakob Marsee P Chris Sale P Sandy Alcantara SS Andruw Monasterio,,,
783,5211580873,ivymoose (16/20),0,124.5,1B Ben Rice 2B Nick Sogard 3B Caleb Durbin C Connor Wong OF Trent Grisham OF Heliot Ramos OF Eli White P Gerrit Cole P Sandy Alcantara SS Andruw Monasterio,,,
783,5211619575,melvincali (15/20),0,124.5,1B Kyle Stowers 2B Xavier Edwards 3B Amed Rosario C Austin Wells OF Heliot Ramos OF Heriberto Hernandez OF Griffin Conine P Gerrit Cole P Sandy Alcantara SS Otto Lopez,,,
783,5211734417,kreller17 (3/20),0,124.5,1B Ben Rice 2B Nick Sogard 3B Caleb Durbin C Jonah Heim OF Heliot Ramos OF Jarren Duran OF Eli White P Gerrit Cole P Sandy Alcantara SS Andruw Monasterio,,,
786,5211875803,Scottyj316 (16/20),0,124.45,1B Kyle Stowers 2B Xavier Edwards 3B Caleb Durbin C Joe Mack OF Jarren Duran OF Jakob Marsee OF Jahmai Jones P Chris Sale P Gerrit Cole SS Zach Neto,,,
786,5211970922,jrevelle3 (2/20),0,124.45,1B Willson Contreras 2B Alika Williams 3B Caleb Durbin C Brian Serven OF Tyler Soderstrom OF Ceddanne Rafaela OF Henry Bolte P Chris Sale P Gerrit Cole SS Jacob Wilson,,,
786,5211987174,DreamchaserJC (12/20),0,124.45,1B Kyle Stowers 2B Xavier Edwards 3B Caleb Durbin C Joe Mack OF Ceddanne Rafaela OF Jarren Duran OF Jahmai Jones P Chris Sale P Gerrit Cole SS Andruw Monasterio,,,
786,5212000960,MamaKay1122 (3/13),0,124.45,1B Willson Contreras 2B Alika Williams 3B Caleb Durbin C Brian Serven OF Tyler Soderstrom OF Ceddanne Rafaela OF Jakob Marsee P Chris Sale P Gerrit Cole SS Jacob Wilson,,,
786,5212049227,chrispy2005 (15/20),0,124.45,1B Kyle Stowers 2B Nick Sogard 3B Caleb Durbin C Moises Ballesteros OF Mike Trout OF Ceddanne Rafaela OF Jahmai Jones P Chris Sale P Gerrit Cole SS Otto Lopez,,,
786,5212104124,TY54321 (16/20),0,124.45,1B Kyle Stowers 2B Xavier Edwards 3B Tommy White C Jonah Heim OF Tyler Soderstrom OF Heriberto Hernandez OF Griffin Conine P Chris Sale P Gerrit Cole SS Otto Lopez,,,
786,5212124077,ballgame1881 (8/15),0,124.45,1B Kyle Stowers 2B Xavier Edwards 3B Caleb Durbin C Joe Mack OF Ceddanne Rafaela OF Jarren Duran OF Jahmai Jones P Chris Sale P Gerrit Cole SS Andruw Monasterio,,,
786,5212149180,RemoteLIES (20/20),0,124.45,1B Willson Contreras 2B Xavier Edwards 3B Caleb Durbin C Jonah Heim OF Ceddanne Rafaela OF Henry Bolte OF Eli White P Chris Sale P Gerrit Cole SS Jacob Wilson,,,
794,5211866471,az350z (15/20),0,124.399994,1B Willson Contreras 2B Nick Sogard 3B Jose Caballero C Drake Baldwin OF Ceddanne Rafaela OF Spencer Jones OF Jahmai Jones P Walbert Urena P Sandy Alcantara SS Jacob Wilson,,,
795,5211969098,uvajay (12/20),0,124,1B Kyle Stowers 2B Xavier Edwards 3B Tommy White C Brian Serven OF Mike Trout OF Tyler Soderstrom OF Henry Bolte P Chris Sale P Gage Jump SS Jacob Wilson,,,
795,5212095512,woodreb5 (3/20),0,124,1B Kyle Stowers 2B Xavier Edwards 3B Austin Riley C Drake Baldwin OF Ronald Acuna Jr. OF Heriberto Hernandez OF Mike Yastrzemski P Chris Sale P Gage Jump SS Otto Lopez,,,
797,5211952765,Cr491465,0,123.95,1B Kyle Stowers 2B Xavier Edwards 3B Caleb Durbin C Drake Baldwin OF Ronald Acuna Jr. OF Ceddanne Rafaela OF Henry Bolte P Sandy Alcantara P Jake Bennett SS Jacob Wilson,,,
797,5212006185,LeftyE33 (5/5),0,123.95,1B Kyle Stowers 2B Xavier Edwards 3B Caleb Durbin C Drake Baldwin OF Ronald Acuna Jr. OF Ceddanne Rafaela OF Jakob Marsee P Sandy Alcantara P Jake Bennett SS Otto Lopez,,,
799,5212238141,Shamans,0,123.9,1B Willson Contreras 2B Xavier Edwards 3B Caleb Durbin C Drake Baldwin OF Ceddanne Rafaela OF Jakob Marsee OF Jahmai Jones P Chris Sale P Jake Bennett SS Otto Lopez,,,
800,5212204565,mariobr1709 (19/20),0,123.85,1B Ben Rice 2B Vaughn Grissom 3B Max Muncy C Jonah Heim OF Heliot Ramos OF Henry Bolte OF Lawrence Butler P Gerrit Cole P Gage Jump SS Jacob Wilson,,,
801,5212210656,eharig09 (17/20),0,123.75,1B Ben Rice 2B Nick Sogard 3B Tommy White C Tyler Heineman OF Ronald Acuna Jr. OF Ceddanne Rafaela OF Spencer Jones P Gerrit Cole P Jake Bennett SS Andruw Monasterio,,,
802,5211716715,T41129130907 (18/20),0,123.649994,1B Kyle Stowers 2B Xavier Edwards 3B Max Muncy C Jonah Heim OF Tyler Soderstrom OF Ceddanne Rafaela OF Henry Bolte P Chris Sale P Sandy Alcantara SS Andruw Monasterio,,,
802,5211754832,tbjones2121 (12/20),0,123.649994,1B Matt Olson 2B Xavier Edwards 3B Javier Sanoja C Drake Baldwin OF Ronald Acuna Jr. OF Jakob Marsee OF Eli White P Chris Sale P Sandy Alcantara SS Andruw Monasterio,,,
802,5211767896,LBDTitan (1/2),0,123.649994,1B Willson Contreras 2B Xavier Edwards 3B Caleb Durbin C Connor Wong OF Ronald Acuna Jr. OF Ceddanne Rafaela OF Griffin Conine P Chris Sale P Sandy Alcantara SS Andruw Monasterio,,,
802,5211770618,peltifreeze89 (4/20),0,123.649994,1B Willson Contreras 2B Ozzie Albies 3B Caleb Durbin C Drake Baldwin OF Ceddanne Rafaela OF Eli White OF Jahmai Jones P Chris Sale P Sandy Alcantara SS Otto Lopez,,,
802,5211780340,Anthonykorobellis (8/20),0,123.649994,1B Matt Olson 2B Xavier Edwards 3B Austin Riley C Joe Mack OF Ronald Acuna Jr. OF Jakob Marsee OF Griffin Conine P Chris Sale P Sandy Alcantara SS Otto Lopez,,,
802,5211865501,SeanDre (2/20),0,123.649994,1B Kyle Stowers 2B Xavier Edwards 3B Tommy White C Brian Serven OF Heriberto Hernandez OF Jakob Marsee OF Griffin Conine P Chris Sale P Sandy Alcantara SS Jacob Wilson,,,
802,5211895996,cowboys767 (19/20),0,123.649994,1B Willson Contreras 2B Ozzie Albies 3B Caleb Durbin C Drake Baldwin OF Tyler Soderstrom OF Lawrence Butler OF Eli White P Chris Sale P Sandy Alcantara SS Jacob Wilson,,,
802,5211916584,smk5430 (14/20),0,123.649994,1B Willson Contreras 2B Ozzie Albies 3B Caleb Durbin C Drake Baldwin OF Jarren Duran OF Griffin Conine OF Jahmai Jones P Chris Sale P Sandy Alcantara SS Andruw Monasterio,,,
802,5211926190,pat_the_hat2 (8/20),0,123.649994,1B Kyle Stowers 2B Nick Sogard 3B Javier Sanoja C Connor Wong OF Heriberto Hernandez OF Eli White OF Jahmai Jones P Chris Sale P Sandy Alcantara SS Andruw Monasterio,,,
802,5212083932,ckcash64 (17/20),0,123.649994,1B Willson Contreras 2B Ozzie Albies 3B Caleb Durbin C Drake Baldwin OF Michael Harris II OF Eli White OF Jahmai Jones P Chris Sale P Sandy Alcantara SS Jacob Wilson,,,
802,5212096190,Necreezy (1/3),0,123.649994,1B Willson Contreras 2B Xavier Edwards 3B Caleb Durbin C Connor Wong OF Ronald Acuna Jr. OF Ceddanne Rafaela OF Griffin Conine P Chris Sale P Sandy Alcantara SS Andruw Monasterio,,,
802,5212141208,ac919 (8/20),0,123.649994,1B Willson Contreras 2B Ozzie Albies 3B Caleb Durbin C Drake Baldwin OF Ceddanne Rafaela OF Eli White OF Jahmai Jones P Chris Sale P Sandy Alcantara SS Otto Lopez,,,
802,5212151841,salatso22 (5/10),0,123.649994,1B Willson Contreras 2B Ozzie Albies 3B Caleb Durbin C Drake Baldwin OF Ceddanne Rafaela OF Eli White OF Jahmai Jones P Chris Sale P Sandy Alcantara SS Otto Lopez,,,
802,5212163376,lklk88088 (11/20),0,123.649994,1B Willson Contreras 2B Xavier Edwards 3B Caleb Durbin C Connor Wong OF Ronald Acuna Jr. OF Ceddanne Rafaela OF Griffin Conine P Chris Sale P Sandy Alcantara SS Andruw Monasterio,,,
802,5212205662,kingpccf187,0,123.649994,1B Willson Contreras 2B Xavier Edwards 3B Caleb Durbin C Jonah Heim OF Ceddanne Rafaela OF Griffin Conine OF Mauricio Dubon P Chris Sale P Sandy Alcantara SS Andruw Monasterio,,,
802,5212220950,don_al_corleone (1/7),0,123.649994,1B Willson Contreras 2B Xavier Edwards 3B Caleb Durbin C Connor Wong OF Ronald Acuna Jr. OF Ceddanne Rafaela OF Griffin Conine P Chris Sale P Sandy Alcantara SS Andruw Monasterio,,,
802,5212235595,scohen21 (3/20),0,123.649994,1B Willson Contreras 2B Ozzie Albies 3B Caleb Durbin C Drake Baldwin OF Ceddanne Rafaela OF Eli White OF Jahmai Jones P Chris Sale P Sandy Alcantara SS Jacob Wilson,,,
819,5211580876,ivymoose (19/20),0,123.5,1B Willson Contreras 2B Nick Sogard 3B Caleb Durbin C Austin Wells OF Trent Grisham OF Heliot Ramos OF Jarren Duran P Gerrit Cole P Sandy Alcantara SS Andruw Monasterio,,,
819,5211752492,seiferidjosh80 (1/20),0,123.5,1B Kyle Stowers 2B Xavier Edwards 3B Caleb Durbin C Joe Mack OF Ceddanne Rafaela OF Trent Grisham OF Eli White P Gerrit Cole P Sandy Alcantara SS Otto Lopez,,,
819,5211895997,cowboys767 (20/20),0,123.5,1B Willson Contreras 2B Nick Sogard 3B Caleb Durbin C Connor Wong OF Tyler Soderstrom OF Heliot Ramos OF Jarren Duran P Gerrit Cole P Sandy Alcantara SS Jacob Wilson,,,
819,5212049232,chrispy2005 (20/20),0,123.5,1B Ben Rice 2B Alika Williams 3B Max Muncy C Brian Serven OF Trent Grisham OF Heliot Ramos OF Henry Bolte P Gerrit Cole P Sandy Alcantara SS Jacob Wilson,,,
819,5212204549,mariobr1709 (3/20),0,123.5,1B Ben Rice 2B Xavier Edwards 3B Amed Rosario C Joe Mack OF Trent Grisham OF Heliot Ramos OF Heriberto Hernandez P Gerrit Cole P Sandy Alcantara SS Otto Lopez,,,
824,5211418739,mikebkmm5 (3/3),0,123.45,1B Kyle Stowers 2B Xavier Edwards 3B Caleb Durbin C Tyler Heineman OF Mike Trout OF Heriberto Hernandez OF Henry Bolte P Chris Sale P Gerrit Cole SS Otto Lopez,,,
824,5211736374,jmason247 (4/20),0,123.45,1B Willson Contreras 2B Xavier Edwards 3B Tommy White C Brian Serven OF Ceddanne Rafaela OF Henry Bolte OF Lawrence Butler P Chris Sale P Gerrit Cole SS Jacob Wilson,,,
824,5211893763,Gagenator51 (6/20),0,123.45,1B Willson Contreras 2B Nick Sogard 3B Caleb Durbin C Moises Ballesteros OF Ceddanne Rafaela OF Lawrence Butler OF Jahmai Jones P Chris Sale P Gerrit Cole SS Zach Neto,,,
824,5211900024,JohnTex7,0,123.45,1B Nolan Schanuel 2B Nick Sogard 3B Caleb Durbin C Jonah Heim OF Tyler Soderstrom OF Heriberto Hernandez OF Jakob Marsee P Chris Sale P Gerrit Cole SS Zach Neto,,,
824,5211934344,rwstephen (1/2),0,123.45,1B Willson Contreras 2B Alika Williams 3B Caleb Durbin C Jonah Heim OF Ceddanne Rafaela OF Jarren Duran OF Jahmai Jones P Chris Sale P Gerrit Cole SS Jacob Wilson,,,
824,5212002134,austin60915 (12/20),0,123.45,1B Willson Contreras 2B Xavier Edwards 3B Caleb Durbin C Jonah Heim OF Ceddanne Rafaela OF Eli White OF Jahmai Jones P Chris Sale P Gerrit Cole SS Zach Neto,,,
824,5212009856,chrism0rgan (20/20),0,123.45,1B Kyle Stowers 2B Xavier Edwards 3B Tommy White C Brian Serven OF Mike Trout OF Tyler Soderstrom OF Henry Bolte P Chris Sale P Gerrit Cole SS Jacob Wilson,,,
824,5212102165,jabberjaww (13/20),0,123.45,1B Willson Contreras 2B Alika Williams 3B Caleb Durbin C Jonah Heim OF Ceddanne Rafaela OF Jarren Duran OF Jahmai Jones P Chris Sale P Gerrit Cole SS Jacob Wilson,,,
824,5212163382,lklk88088 (17/20),0,123.45,1B Willson Contreras 2B Xavier Edwards 3B Caleb Durbin C Jonah Heim OF Ceddanne Rafaela OF Eli White OF Jahmai Jones P Chris Sale P Gerrit Cole SS Zach Neto,,,
824,5212237268,WD1421 (1/5),0,123.45,1B Nolan Schanuel 2B Xavier Edwards 3B Caleb Durbin C Austin Wells OF Ronald Acuna Jr. OF Ceddanne Rafaela OF Michael Harris II P Chris Sale P Gerrit Cole SS Mauricio Dubon,,,
824,5212237292,WD1421 (2/5),0,123.45,1B Nolan Schanuel 2B Xavier Edwards 3B Caleb Durbin C Austin Wells OF Ronald Acuna Jr. OF Ceddanne Rafaela OF Michael Harris II P Chris Sale P Gerrit Cole SS Mauricio Dubon,,,
824,5212237295,WD1421 (3/5),0,123.45,1B Nolan Schanuel 2B Xavier Edwards 3B Caleb Durbin C Austin Wells OF Ronald Acuna Jr. OF Ceddanne Rafaela OF Michael Harris II P Chris Sale P Gerrit Cole SS Mauricio Dubon,,,
824,5212237301,WD1421 (4/5),0,123.45,1B Nolan Schanuel 2B Xavier Edwards 3B Caleb Durbin C Austin Wells OF Ronald Acuna Jr. OF Ceddanne Rafaela OF Michael Harris II P Chris Sale P Gerrit Cole SS Mauricio Dubon,,,
824,5212246044,snajuice (1/20),0,123.45,1B Willson Contreras 2B Xavier Edwards 3B Caleb Durbin C Connor Wong OF Ceddanne Rafaela OF Henry Bolte OF Griffin Conine P Chris Sale P Gerrit Cole SS Otto Lopez,,,
824,5212246514,WD1421 (5/5),0,123.45,1B Nolan Schanuel 2B Xavier Edwards 3B Caleb Durbin C Austin Wells OF Ronald Acuna Jr. OF Ceddanne Rafaela OF Michael Harris II P Chris Sale P Gerrit Cole SS Mauricio Dubon,,,
839,5211734423,kreller17 (9/20),0,123,1B Matt Olson 2B Xavier Edwards 3B Tommy White C Brian Serven OF Ronald Acuna Jr. OF Tyler Soderstrom OF Michael Harris II P Chris Sale P Gage Jump SS Jacob Wilson,,,
839,5212102161,jabberjaww (9/20),0,123,1B Matt Olson 2B Ozzie Albies 3B Tommy White C Jonah Heim OF Ronald Acuna Jr. OF Tyler Soderstrom OF Henry Bolte P Chris Sale P Gage Jump SS Jacob Wilson,,,
839,5212128877,slpendy (3/20),0,123,1B Matt Olson 2B Ozzie Albies 3B Tommy White C Jonah Heim OF Ronald Acuna Jr. OF Tyler Soderstrom OF Henry Bolte P Chris Sale P Gage Jump SS Jacob Wilson,,,
839,5212252029,jeffylube (17/20),0,123,1B Matt Olson 2B Ozzie Albies 3B Tommy White C Jonah Heim OF Ronald Acuna Jr. OF Tyler Soderstrom OF Henry Bolte P Chris Sale P Gage Jump SS Jacob Wilson,,,
843,5212089463,mrclean913 (7/20),0,122.95,1B Ben Rice 2B Ozzie Albies 3B Amed Rosario C Drake Baldwin OF Ronald Acuna Jr. OF Heliot Ramos OF Spencer Jones P Sandy Alcantara P Jake Bennett SS George Lombard Jr.,,,
843,5212175140,gabepuzom,0,122.95,1B Ben Rice 2B Ozzie Albies 3B Caleb Durbin C Drake Baldwin OF Ronald Acuna Jr. OF Ceddanne Rafaela OF Mauricio Dubon P Sandy Alcantara P Jake Bennett SS George Lombard Jr.,,,
845,5211987058,ballaholick713 (16/20),0,122.85,1B Ben Rice 2B Xavier Edwards 3B Javier Sanoja C Joe Mack OF Mike Trout OF Jakob Marsee OF Owen Caissie P Gerrit Cole P Gage Jump SS Zach Neto,,,
845,5212069434,xtarheelsx (4/4),0,122.85,1B Ben Rice 2B Nick Sogard 3B Amed Rosario C Drake Baldwin OF Mike Trout OF Tyler Soderstrom OF Heliot Ramos P Gerrit Cole P Gage Jump SS Jacob Wilson,,,
847,5211580866,ivymoose (9/20),0,122.649994,1B Willson Contreras 2B Xavier Edwards 3B Caleb Durbin C Brian Serven OF Tyler Soderstrom OF Ceddanne Rafaela OF Jarren Duran P Chris Sale P Sandy Alcantara SS Andruw Monasterio,,,
847,5211863184,whoisjohngalt420 (8/20),0,122.649994,1B Willson Contreras 2B Xavier Edwards 3B Caleb Durbin C Brian Serven OF Ronald Acuna Jr. OF Ceddanne Rafaela OF Eli White P Chris Sale P Sandy Alcantara SS Andruw Monasterio,,,
847,5211863186,whoisjohngalt420 (10/20),0,122.649994,1B Matt Olson 2B Ozzie Albies 3B Caleb Durbin C Drake Baldwin OF Ronald Acuna Jr. OF Jarren Duran OF Jahmai Jones P Chris Sale P Sandy Alcantara SS Mauricio Dubon,,,
847,5211863192,whoisjohngalt420 (16/20),0,122.649994,1B Willson Contreras 2B Nick Sogard 3B Tommy White C Jonah Heim OF Tyler Soderstrom OF Jarren Duran OF Henry Bolte P Chris Sale P Sandy Alcantara SS Jacob Wilson,,,
847,5211865509,SeanDre (10/20),0,122.649994,1B Kyle Stowers 2B Alika Williams 3B Tommy White C Jonah Heim OF Henry Bolte OF Lawrence Butler OF Mike Yastrzemski P Chris Sale P Sandy Alcantara SS Andruw Monasterio,,,
847,5211872457,andymartin5586 (15/20),0,122.649994,1B Willson Contreras 2B Ozzie Albies 3B Caleb Durbin C Connor Wong OF Ronald Acuna Jr. OF Jarren Duran OF Jahmai Jones P Chris Sale P Sandy Alcantara SS Mauricio Dubon,,,
847,5211926338,thundrenterprises (18/20),0,122.649994,1B Willson Contreras 2B Nick Sogard 3B Caleb Durbin C Brian Serven OF Ronald Acuna Jr. OF Ceddanne Rafaela OF Heriberto Hernandez P Chris Sale P Sandy Alcantara SS Andruw Monasterio,,,
847,5211929556,managyjr,0,122.649994,1B Willson Contreras 2B Xavier Edwards 3B Caleb Durbin C Jonah Heim OF Michael Harris II OF Heliot Ramos OF Jakob Marsee P Chris Sale P Sandy Alcantara SS Andruw Monasterio,,,
847,5211970930,jrevelle3 (10/20),0,122.649994,1B Kyle Stowers 2B Xavier Edwards 3B Austin Riley C Drake Baldwin OF Michael Harris II OF Jakob Marsee OF Mike Yastrzemski P Chris Sale P Sandy Alcantara SS Otto Lopez,,,
847,5211980687,rsumrall (7/20),0,122.649994,1B Kyle Stowers 2B Xavier Edwards 3B Max Muncy C Drake Baldwin OF Ronald Acuna Jr. OF Jakob Marsee OF Owen Caissie P Chris Sale P Sandy Alcantara SS Otto Lopez,,,
847,5212010004,kozy6813 (10/20),0,122.649994,1B Willson Contreras 2B Xavier Edwards 3B Caleb Durbin C Jonah Heim OF Ceddanne Rafaela OF Jarren Duran OF Jakob Marsee P Chris Sale P Sandy Alcantara SS Andruw Monasterio,,,
847,5212029863,markt35 (5/20),0,122.649994,1B Matt Olson 2B Nick Sogard 3B Caleb Durbin C Joe Mack OF Heriberto Hernandez OF Jakob Marsee OF Griffin Conine P Chris Sale P Sandy Alcantara SS Otto Lopez,,,
847,5212062508,zestfulyclean (1/2),0,122.649994,1B Kyle Stowers 2B Xavier Edwards 3B Max Muncy C Brian Serven OF Ronald Acuna Jr. OF Ceddanne Rafaela OF Henry Bolte P Chris Sale P Sandy Alcantara SS Otto Lopez,,,
847,5212070608,gupsbroncos,0,122.649994,1B Kyle Stowers 2B Nick Sogard 3B Caleb Durbin C Jonah Heim OF Ceddanne Rafaela OF Michael Harris II OF Jakob Marsee P Chris Sale P Sandy Alcantara SS Otto Lopez,,,
847,5212073839,meodette (15/20),0,122.649994,1B Willson Contreras 2B Nick Sogard 3B Caleb Durbin C Jonah Heim OF Ceddanne Rafaela OF Henry Bolte OF Eli White P Chris Sale P Sandy Alcantara SS Jacob Wilson,,,
847,5212110492,JaserD (2/20),0,122.649994,1B Willson Contreras 2B Nick Sogard 3B Caleb Durbin C Jonah Heim OF Ronald Acuna Jr. OF Ceddanne Rafaela OF Eli White P Chris Sale P Sandy Alcantara SS Jacob Wilson,,,
847,5212206067,jjimka66 (2/20),0,122.649994,1B Willson Contreras 2B Nick Sogard 3B Caleb Durbin C Connor Wong OF Ronald Acuna Jr. OF Tyler Soderstrom OF Ceddanne Rafaela P Chris Sale P Sandy Alcantara SS Mauricio Dubon,,,
847,5212224363,vstar1300 (4/9),0,122.649994,1B Kyle Stowers 2B Xavier Edwards 3B Javier Sanoja C Jonah Heim OF Ceddanne Rafaela OF Michael Harris II OF Jakob Marsee P Chris Sale P Sandy Alcantara SS Otto Lopez,,,
847,5212244892,XxWokeUpxX (1/20),0,122.649994,1B Willson Contreras 2B Xavier Edwards 3B Caleb Durbin C Jonah Heim OF Ceddanne Rafaela OF Jarren Duran OF Henry Bolte P Chris Sale P Sandy Alcantara SS Andruw Monasterio,,,
847,5212244893,XxWokeUpxX (2/20),0,122.649994,1B Willson Contreras 2B Xavier Edwards 3B Caleb Durbin C Jonah Heim OF Ceddanne Rafaela OF Jarren Duran OF Henry Bolte P Chris Sale P Sandy Alcantara SS Andruw Monasterio,,,
847,5212244894,XxWokeUpxX (3/20),0,122.649994,1B Willson Contreras 2B Xavier Edwards 3B Caleb Durbin C Jonah Heim OF Ceddanne Rafaela OF Jarren Duran OF Henry Bolte P Chris Sale P Sandy Alcantara SS Andruw Monasterio,,,
847,5212244895,XxWokeUpxX (4/20),0,122.649994,1B Willson Contreras 2B Xavier Edwards 3B Caleb Durbin C Jonah Heim OF Ceddanne Rafaela OF Jarren Duran OF Henry Bolte P Chris Sale P Sandy Alcantara SS Andruw Monasterio,,,
847,5212244896,XxWokeUpxX (5/20),0,122.649994,1B Willson Contreras 2B Xavier Edwards 3B Caleb Durbin C Jonah Heim OF Ceddanne Rafaela OF Jarren Duran OF Henry Bolte P Chris Sale P Sandy Alcantara SS Andruw Monasterio,,,
847,5212244897,XxWokeUpxX (6/20),0,122.649994,1B Willson Contreras 2B Xavier Edwards 3B Caleb Durbin C Jonah Heim OF Ceddanne Rafaela OF Jarren Duran OF Henry Bolte P Chris Sale P Sandy Alcantara SS Andruw Monasterio,,,
847,5212244898,XxWokeUpxX (7/20),0,122.649994,1B Willson Contreras 2B Xavier Edwards 3B Caleb Durbin C Jonah Heim OF Ceddanne Rafaela OF Jarren Duran OF Henry Bolte P Chris Sale P Sandy Alcantara SS Andruw Monasterio,,,
847,5212244899,XxWokeUpxX (8/20),0,122.649994,1B Willson Contreras 2B Xavier Edwards 3B Caleb Durbin C Jonah Heim OF Ceddanne Rafaela OF Jarren Duran OF Henry Bolte P Chris Sale P Sandy Alcantara SS Andruw Monasterio,,,
847,5212244900,XxWokeUpxX (9/20),0,122.649994,1B Willson Contreras 2B Xavier Edwards 3B Caleb Durbin C Jonah Heim OF Ceddanne Rafaela OF Jarren Duran OF Henry Bolte P Chris Sale P Sandy Alcantara SS Andruw Monasterio,,,
847,5212244901,XxWokeUpxX (10/20),0,122.649994,1B Willson Contreras 2B Xavier Edwards 3B Caleb Durbin C Jonah Heim OF Ceddanne Rafaela OF Jarren Duran OF Henry Bolte P Chris Sale P Sandy Alcantara SS Andruw Monasterio,,,
847,5212244902,XxWokeUpxX (11/20),0,122.649994,1B Willson Contreras 2B Xavier Edwards 3B Caleb Durbin C Jonah Heim OF Ceddanne Rafaela OF Jarren Duran OF Henry Bolte P Chris Sale P Sandy Alcantara SS Andruw Monasterio,,,
847,5212244903,XxWokeUpxX (12/20),0,122.649994,1B Willson Contreras 2B Xavier Edwards 3B Caleb Durbin C Jonah Heim OF Ceddanne Rafaela OF Jarren Duran OF Henry Bolte P Chris Sale P Sandy Alcantara SS Andruw Monasterio,,,
847,5212244904,XxWokeUpxX (13/20),0,122.649994,1B Willson Contreras 2B Xavier Edwards 3B Caleb Durbin C Jonah Heim OF Ceddanne Rafaela OF Jarren Duran OF Henry Bolte P Chris Sale P Sandy Alcantara SS Andruw Monasterio,,,
847,5212244905,XxWokeUpxX (14/20),0,122.649994,1B Willson Contreras 2B Xavier Edwards 3B Caleb Durbin C Jonah Heim OF Ceddanne Rafaela OF Jarren Duran OF Henry Bolte P Chris Sale P Sandy Alcantara SS Andruw Monasterio,,,
847,5212244906,XxWokeUpxX (15/20),0,122.649994,1B Willson Contreras 2B Xavier Edwards 3B Caleb Durbin C Jonah Heim OF Ceddanne Rafaela OF Jarren Duran OF Henry Bolte P Chris Sale P Sandy Alcantara SS Andruw Monasterio,,,
847,5212244907,XxWokeUpxX (16/20),0,122.649994,1B Willson Contreras 2B Xavier Edwards 3B Caleb Durbin C Jonah Heim OF Ceddanne Rafaela OF Jarren Duran OF Henry Bolte P Chris Sale P Sandy Alcantara SS Andruw Monasterio,,,
847,5212244908,XxWokeUpxX (17/20),0,122.649994,1B Willson Contreras 2B Xavier Edwards 3B Caleb Durbin C Jonah Heim OF Ceddanne Rafaela OF Jarren Duran OF Henry Bolte P Chris Sale P Sandy Alcantara SS Andruw Monasterio,,,
847,5212244909,XxWokeUpxX (18/20),0,122.649994,1B Willson Contreras 2B Xavier Edwards 3B Caleb Durbin C Jonah Heim OF Ceddanne Rafaela OF Jarren Duran OF Henry Bolte P Chris Sale P Sandy Alcantara SS Andruw Monasterio,,,
847,5212244910,XxWokeUpxX (19/20),0,122.649994,1B Willson Contreras 2B Xavier Edwards 3B Caleb Durbin C Jonah Heim OF Ceddanne Rafaela OF Jarren Duran OF Henry Bolte P Chris Sale P Sandy Alcantara SS Andruw Monasterio,,,
847,5212244911,XxWokeUpxX (20/20),0,122.649994,1B Willson Contreras 2B Xavier Edwards 3B Caleb Durbin C Jonah Heim OF Ceddanne Rafaela OF Jarren Duran OF Henry Bolte P Chris Sale P Sandy Alcantara SS Andruw Monasterio,,,
847,5212252023,jeffylube (11/20),0,122.649994,1B Kyle Stowers 2B Xavier Edwards 3B Austin Riley C Drake Baldwin OF Ronald Acuna Jr. OF Jakob Marsee OF Josh Lowe P Chris Sale P Sandy Alcantara SS Otto Lopez,,,
886,5211754825,tbjones2121 (5/20),0,122.5,1B Willson Contreras 2B Xavier Edwards 3B Caleb Durbin C Joe Mack OF Ceddanne Rafaela OF Jarren Duran OF Heriberto Hernandez P Gerrit Cole P Sandy Alcantara SS Otto Lopez,,,
886,5211895994,cowboys767 (17/20),0,122.5,1B Paul Goldschmidt 2B Ozzie Albies 3B Jose Caballero C Jonah Heim OF Trent Grisham OF Heliot Ramos OF Henry Bolte P Gerrit Cole P Sandy Alcantara SS Jacob Wilson,,,
886,5211896861,UniversalFriend (3/20),0,122.5,1B Paul Goldschmidt 2B Xavier Edwards 3B Amed Rosario C Joe Mack OF Heliot Ramos OF Jakob Marsee OF Griffin Conine P Gerrit Cole P Sandy Alcantara SS Otto Lopez,,,
886,5211914050,drunkonpappy (7/20),0,122.5,1B Paul Goldschmidt 2B Xavier Edwards 3B Amed Rosario C Austin Wells OF Ceddanne Rafaela OF Heliot Ramos OF Jakob Marsee P Gerrit Cole P Sandy Alcantara SS Jose Caballero,,,
886,5212129474,monkey520 (1/8),0,122.5,1B Kyle Stowers 2B Xavier Edwards 3B Amed Rosario C Drake Baldwin OF Ceddanne Rafaela OF Henry Bolte OF Owen Caissie P Gerrit Cole P Sandy Alcantara SS Otto Lopez,,,
886,5212183664,seth1374 (13/20),0,122.5,1B Kyle Stowers 2B Xavier Edwards 3B Caleb Durbin C Joe Mack OF Ceddanne Rafaela OF Jarren Duran OF Griffin Conine P Gerrit Cole P Sandy Alcantara SS Otto Lopez,,,
892,5212059902,xtarheelsx (2/4),0,122.45,1B Kyle Stowers 2B Xavier Edwards 3B Austin Riley C Moises Ballesteros OF Ronald Acuna Jr. OF Jakob Marsee OF Griffin Conine P Chris Sale P Gerrit Cole SS Otto Lopez,,,
893,5212163708,TheFH (12/20),0,122.05,1B Paul Goldschmidt 2B Ozzie Albies 3B Austin Riley C Drake Baldwin OF Ronald Acuna Jr. OF Trent Grisham OF Heliot Ramos P Sandy Alcantara P Gage Jump SS George Lombard Jr.,,,
894,5211863190,whoisjohngalt420 (14/20),0,122,1B Kyle Stowers 2B Xavier Edwards 3B Vaughn Grissom C Drake Baldwin OF Ronald Acuna Jr. OF Heriberto Hernandez OF Jakob Marsee P Chris Sale P Gage Jump SS Otto Lopez,,,
895,5211984387,br11722,0,121.95,1B Paul Goldschmidt 2B Xavier Edwards 3B Austin Riley C Drake Baldwin OF Ronald Acuna Jr. OF Mike Trout OF Jakob Marsee P Sandy Alcantara P Jake Bennett SS George Lombard Jr.,,,
895,5212008904,mack69 (9/20),0,121.95,1B Kyle Stowers 2B Nick Sogard 3B Caleb Durbin C Jonah Heim OF Ceddanne Rafaela OF Jarren Duran OF Jahmai Jones P Sandy Alcantara P Jake Bennett SS Otto Lopez,,,
895,5212014485,jmc2501,0,121.95,1B Willson Contreras 2B Ozzie Albies 3B Caleb Durbin C Drake Baldwin OF Ronald Acuna Jr. OF Ceddanne Rafaela OF Jahmai Jones P Sandy Alcantara P Jake Bennett SS Andruw Monasterio,,,
895,5212079968,bizzyG (1/2),0,121.95,1B Willson Contreras 2B Ozzie Albies 3B Caleb Durbin C Drake Baldwin OF Ronald Acuna Jr. OF Ceddanne Rafaela OF Jahmai Jones P Sandy Alcantara P Jake Bennett SS Andruw Monasterio,,,
895,5212156387,cw1tt (3/20),0,121.95,1B Ben Rice 2B Xavier Edwards 3B Amed Rosario C Drake Baldwin OF Ronald Acuna Jr. OF Heliot Ramos OF Spencer Jones P Sandy Alcantara P Jake Bennett SS Jose Caballero,,,
895,5212194224,swiftyjb (1/2),0,121.95,1B Willson Contreras 2B Ozzie Albies 3B Caleb Durbin C Drake Baldwin OF Ronald Acuna Jr. OF Heliot Ramos OF Jahmai Jones P Sandy Alcantara P Jake Bennett SS Otto Lopez,,,
901,5211811857,Wanna_Square_Up1567 (18/20),0,121.649994,1B Willson Contreras 2B Ozzie Albies 3B Austin Riley C Jonah Heim OF Ronald Acuna Jr. OF Michael Harris II OF Jahmai Jones P Chris Sale P Sandy Alcantara SS Mauricio Dubon,,,
901,5211872461,andymartin5586 (19/20),0,121.649994,1B Willson Contreras 2B Ozzie Albies 3B Caleb Durbin C Connor Wong OF Jarren Duran OF Mike Yastrzemski OF Jahmai Jones P Chris Sale P Sandy Alcantara SS Mauricio Dubon,,,
901,5211969099,uvajay (13/20),0,121.649994,1B Matt Olson 2B Nick Sogard 3B Caleb Durbin C Connor Wong OF Ronald Acuna Jr. OF Michael Harris II OF Jakob Marsee P Chris Sale P Sandy Alcantara SS Andruw Monasterio,,,
901,5211987171,DreamchaserJC (9/20),0,121.649994,1B Kyle Stowers 2B Xavier Edwards 3B Caleb Durbin C Connor Wong OF Jarren Duran OF Heriberto Hernandez OF Jakob Marsee P Chris Sale P Sandy Alcantara SS Otto Lopez,,,
901,5212009846,chrism0rgan (10/20),0,121.649994,1B Willson Contreras 2B Xavier Edwards 3B Javier Sanoja C Jonah Heim OF Ceddanne Rafaela OF Heriberto Hernandez OF Griffin Conine P Chris Sale P Sandy Alcantara SS Otto Lopez,,,
901,5212060449,bucs65 (1/2),0,121.649994,1B Willson Contreras 2B Xavier Edwards 3B Caleb Durbin C Jonah Heim OF Ceddanne Rafaela OF Michael Harris II OF Jakob Marsee P Chris Sale P Sandy Alcantara SS Mauricio Dubon,,,
901,5212081517,Awalker3081 (6/20),0,121.649994,1B Nick Sogard 2B Xavier Edwards 3B Caleb Durbin C Connor Wong OF Jarren Duran OF Griffin Conine OF Eli White P Chris Sale P Sandy Alcantara SS Otto Lopez,,,
901,5212104121,TY54321 (13/20),0,121.649994,1B Willson Contreras 2B Ozzie Albies 3B Austin Riley C Drake Baldwin OF Ronald Acuna Jr. OF Heriberto Hernandez OF Jahmai Jones P Chris Sale P Sandy Alcantara SS Mauricio Dubon,,,
901,5212128878,slpendy (4/20),0,121.649994,1B Kyle Stowers 2B Xavier Edwards 3B Javier Sanoja C Drake Baldwin OF Michael Harris II OF Heriberto Hernandez OF Mike Yastrzemski P Chris Sale P Sandy Alcantara SS Otto Lopez,,,
901,5212128881,slpendy (7/20),0,121.649994,1B Willson Contreras 2B Ozzie Albies 3B Austin Riley C Drake Baldwin OF Michael Harris II OF Jakob Marsee OF Jahmai Jones P Chris Sale P Sandy Alcantara SS Andruw Monasterio,,,
901,5212151545,Dhawkins270,0,121.649994,1B Matt Olson 2B Xavier Edwards 3B Caleb Durbin C Drake Baldwin OF Ceddanne Rafaela OF Heriberto Hernandez OF Mike Yastrzemski P Chris Sale P Sandy Alcantara SS Andruw Monasterio,,,
901,5212206072,jjimka66 (7/20),0,121.649994,1B Willson Contreras 2B Xavier Edwards 3B Javier Sanoja C Jonah Heim OF Ceddanne Rafaela OF Heriberto Hernandez OF Griffin Conine P Chris Sale P Sandy Alcantara SS Otto Lopez,,,
901,5212213388,lotto1230,0,121.649994,1B Nolan Schanuel 2B Xavier Edwards 3B Caleb Durbin C Drake Baldwin OF Ceddanne Rafaela OF Heliot Ramos OF Jakob Marsee P Chris Sale P Sandy Alcantara SS Jacob Wilson,,,
901,5212242411,BigMart11 (14/20),0,121.649994,1B Kyle Stowers 2B Xavier Edwards 3B Caleb Durbin C Joe Mack OF Ceddanne Rafaela OF Heriberto Hernandez OF Jakob Marsee P Chris Sale P Sandy Alcantara SS Andruw Monasterio,,,
915,5211619570,melvincali (10/20),0,121.5,1B Willson Contreras 2B Alika Williams 3B Caleb Durbin C Brian Serven OF Ceddanne Rafaela OF Henry Bolte OF Eli White P Gerrit Cole P Sandy Alcantara SS Andruw Monasterio,,,
915,5211811846,Wanna_Square_Up1567 (7/20),0,121.5,1B Ben Rice 2B Nick Sogard 3B Caleb Durbin C Connor Wong OF Ceddanne Rafaela OF Heliot Ramos OF Jarren Duran P Gerrit Cole P Sandy Alcantara SS Jacob Wilson,,,
915,5211895989,cowboys767 (12/20),0,121.5,1B Willson Contreras 2B Xavier Edwards 3B Caleb Durbin C Joe Mack OF Ceddanne Rafaela OF Trent Grisham OF Eli White P Gerrit Cole P Sandy Alcantara SS Andruw Monasterio,,,
915,5211896867,UniversalFriend (9/20),0,121.5,1B Willson Contreras 2B Nick Sogard 3B Caleb Durbin C Joe Mack OF Heriberto Hernandez OF Griffin Conine OF Eli White P Gerrit Cole P Sandy Alcantara SS Andruw Monasterio,,,
915,5212183663,seth1374 (12/20),0,121.5,1B Kyle Stowers 2B Xavier Edwards 3B Caleb Durbin C Joe Mack OF Ceddanne Rafaela OF Jarren Duran OF Heriberto Hernandez P Gerrit Cole P Sandy Alcantara SS Otto Lopez,,,
915,5212197604,Skralph (20/20),0,121.5,1B Kyle Stowers 2B Xavier Edwards 3B Amed Rosario C Drake Baldwin OF Heliot Ramos OF Heriberto Hernandez OF Jakob Marsee P Gerrit Cole P Sandy Alcantara SS Otto Lopez,,,
921,5211792419,Swishdakyng (9/20),0,121.45,1B Willson Contreras 2B Nick Sogard 3B Caleb Durbin C Austin Wells OF Ronald Acuna Jr. OF Jarren Duran OF Eli White P Chris Sale P Gerrit Cole SS Jacob Wilson,,,
921,5211861745,wwestry (1/2),0,121.45,1B Kyle Stowers 2B Xavier Edwards 3B Caleb Durbin C Connor Wong OF Mike Trout OF Jakob Marsee OF Griffin Conine P Chris Sale P Gerrit Cole SS Otto Lopez,,,
921,5211896556,WILDCATBALLERS (6/20),0,121.45,1B Willson Contreras 2B Xavier Edwards 3B Caleb Durbin C Jonah Heim OF Ceddanne Rafaela OF Jakob Marsee OF Eli White P Chris Sale P Gerrit Cole SS Andruw Monasterio,,,
921,5211942985,bassguy39 (5/20),0,121.45,1B Kyle Stowers 2B Xavier Edwards 3B Caleb Durbin C Moises Ballesteros OF Mike Trout OF Jakob Marsee OF Griffin Conine P Chris Sale P Gerrit Cole SS Otto Lopez,,,
921,5211987170,DreamchaserJC (8/20),0,121.45,1B Kyle Stowers 2B Xavier Edwards 3B Caleb Durbin C Connor Wong OF Ceddanne Rafaela OF Heriberto Hernandez OF Jakob Marsee P Chris Sale P Gerrit Cole SS Otto Lopez,,,
921,5212075727,mlief (5/20),0,121.45,1B Ben Rice 2B Nick Sogard 3B Caleb Durbin C Connor Wong OF Ceddanne Rafaela OF Jarren Duran OF Henry Bolte P Chris Sale P Gerrit Cole SS Jacob Wilson,,,
921,5212138723,Dricou (4/10),0,121.45,1B Kyle Stowers 2B Xavier Edwards 3B Caleb Durbin C Moises Ballesteros OF Mike Trout OF Jakob Marsee OF Griffin Conine P Chris Sale P Gerrit Cole SS Otto Lopez,,,
921,5212221095,rebelrobin (1/3),0,121.45,1B Willson Contreras 2B Xavier Edwards 3B Caleb Durbin C Jonah Heim OF Ceddanne Rafaela OF Henry Bolte OF Eli White P Chris Sale P Gerrit Cole SS Andruw Monasterio,,,
921,5212221100,rebelrobin (2/3),0,121.45,1B Willson Contreras 2B Xavier Edwards 3B Caleb Durbin C Jonah Heim OF Ceddanne Rafaela OF Henry Bolte OF Eli White P Chris Sale P Gerrit Cole SS Andruw Monasterio,,,
921,5212225490,rambito (2/20),0,121.45,1B Kyle Stowers 2B Xavier Edwards 3B Tommy White C Jonah Heim OF Jarren Duran OF Henry Bolte OF Jakob Marsee P Chris Sale P Gerrit Cole SS Jacob Wilson,,,
921,5212229010,rebelrobin (3/3),0,121.45,1B Willson Contreras 2B Xavier Edwards 3B Caleb Durbin C Jonah Heim OF Ceddanne Rafaela OF Henry Bolte OF Eli White P Chris Sale P Gerrit Cole SS Andruw Monasterio,,,
921,5212230552,jlegrand22 (19/20),0,121.45,1B Willson Contreras 2B Xavier Edwards 3B Caleb Durbin C Jonah Heim OF Ceddanne Rafaela OF Henry Bolte OF Eli White P Chris Sale P Gerrit Cole SS Andruw Monasterio,,,
921,5212241937,Sweeninator (2/2),0,121.45,1B Nolan Schanuel 2B Nick Sogard 3B Tommy White C Jonah Heim OF Mike Trout OF Tyler Soderstrom OF Henry Bolte P Chris Sale P Gerrit Cole SS Jacob Wilson,,,
934,5212225504,rambito (16/20),0,121,1B Kyle Stowers 2B Xavier Edwards 3B Tommy White C Drake Baldwin OF Ronald Acuna Jr. OF Michael Harris II OF Jakob Marsee P Chris Sale P Gage Jump SS Otto Lopez,,,
935,5211820269,bellsofwar3 (4/20),0,120.95,1B Paul Goldschmidt 2B Ozzie Albies 3B Jose Caballero C Drake Baldwin OF Ronald Acuna Jr. OF Heliot Ramos OF Spencer Jones P Sandy Alcantara P Jake Bennett SS George Lombard Jr.,,,
935,5212008908,mack69 (13/20),0,120.95,1B Willson Contreras 2B Xavier Edwards 3B Caleb Durbin C Joe Mack OF Ceddanne Rafaela OF Jarren Duran OF Jahmai Jones P Sandy Alcantara P Jake Bennett SS Jacob Wilson,,,
937,5212210642,eharig09 (3/20),0,120.9,1B Kyle Stowers 2B Xavier Edwards 3B Javier Sanoja C Drake Baldwin OF Heriberto Hernandez OF Mike Yastrzemski OF Jahmai Jones P Chris Sale P Jake Bennett SS Otto Lopez,,,
938,5211580865,ivymoose (8/20),0,120.75,1B Paul Goldschmidt 2B Nick Sogard 3B Caleb Durbin C Austin Wells OF Heliot Ramos OF Jarren Duran OF Jahmai Jones P Gerrit Cole P Jake Bennett SS Andruw Monasterio,,,
939,5211580868,ivymoose (11/20),0,120.649994,1B Willson Contreras 2B Xavier Edwards 3B Caleb Durbin C Brian Serven OF Ceddanne Rafaela OF Jarren Duran OF Jakob Marsee P Chris Sale P Sandy Alcantara SS Andruw Monasterio,,,
939,5211619579,melvincali (19/20),0,120.649994,1B Willson Contreras 2B Xavier Edwards 3B Caleb Durbin C Drake Baldwin OF Ceddanne Rafaela OF Jakob Marsee OF Eli White P Chris Sale P Sandy Alcantara SS Andruw Monasterio,,,
939,5211690478,LOCNOTM (12/20),0,120.649994,1B Willson Contreras 2B Nick Sogard 3B Caleb Durbin C Jonah Heim OF Ceddanne Rafaela OF Michael Harris II OF Henry Bolte P Chris Sale P Sandy Alcantara SS Andruw Monasterio,,,
939,5211690483,LOCNOTM (17/20),0,120.649994,1B Willson Contreras 2B Nick Sogard 3B Caleb Durbin C Connor Wong OF Ceddanne Rafaela OF Heriberto Hernandez OF Jakob Marsee P Chris Sale P Sandy Alcantara SS Otto Lopez,,,
939,5211762970,MY-BAD-BRO,0,120.649994,1B Kyle Stowers 2B Xavier Edwards 3B Caleb Durbin C Drake Baldwin OF Ceddanne Rafaela OF Jarren Duran OF Henry Bolte P Chris Sale P Sandy Alcantara SS Jacob Wilson,,,
939,5211835203,cachedinar (1/20),0,120.649994,1B Willson Contreras 2B Nick Sogard 3B Caleb Durbin C Connor Wong OF Ceddanne Rafaela OF Heriberto Hernandez OF Henry Bolte P Chris Sale P Sandy Alcantara SS Otto Lopez,,,
939,5211895983,cowboys767 (6/20),0,120.649994,1B Willson Contreras 2B Xavier Edwards 3B Austin Riley C Connor Wong OF Ceddanne Rafaela OF Michael Harris II OF Jahmai Jones P Chris Sale P Sandy Alcantara SS Andruw Monasterio,,,
939,5211920275,rod288 (2/20),0,120.649994,1B Willson Contreras 2B Xavier Edwards 3B Caleb Durbin C Drake Baldwin OF Ceddanne Rafaela OF Henry Bolte OF Eli White P Chris Sale P Sandy Alcantara SS Andruw Monasterio,,,
939,5211937423,sportsfan14 (5/20),0,120.649994,1B Willson Contreras 2B Nick Sogard 3B Caleb Durbin C Connor Wong OF Ceddanne Rafaela OF Henry Bolte OF Lawrence Butler P Chris Sale P Sandy Alcantara SS Mauricio Dubon,,,
939,5211980697,rsumrall (17/20),0,120.649994,1B Willson Contreras 2B Xavier Edwards 3B Caleb Durbin C Drake Baldwin OF Jarren Duran OF Jakob Marsee OF Eli White P Chris Sale P Sandy Alcantara SS Otto Lopez,,,
939,5212002128,austin60915 (6/20),0,120.649994,1B Willson Contreras 2B Xavier Edwards 3B Caleb Durbin C Drake Baldwin OF Jarren Duran OF Henry Bolte OF Owen Caissie P Chris Sale P Sandy Alcantara SS Andruw Monasterio,,,
939,5212002137,austin60915 (15/20),0,120.649994,1B Kyle Stowers 2B Xavier Edwards 3B Austin Riley C Joe Mack OF Ronald Acuna Jr. OF Michael Harris II OF Jakob Marsee P Chris Sale P Sandy Alcantara SS Jacob Wilson,,,
939,5212010000,kozy6813 (6/20),0,120.649994,1B Kyle Stowers 2B Xavier Edwards 3B Austin Riley C Joe Mack OF Ronald Acuna Jr. OF Michael Harris II OF Jakob Marsee P Chris Sale P Sandy Alcantara SS Otto Lopez,,,
939,5212013397,zandwich (18/20),0,120.649994,1B Willson Contreras 2B Nick Sogard 3B Caleb Durbin C Drake Baldwin OF Michael Harris II OF Heriberto Hernandez OF Jakob Marsee P Chris Sale P Sandy Alcantara SS Andruw Monasterio,,,
939,5212064701,henry296 (19/20),0,120.649994,1B Willson Contreras 2B Xavier Edwards 3B Caleb Durbin C Connor Wong OF Ceddanne Rafaela OF Jakob Marsee OF Eli White P Chris Sale P Sandy Alcantara SS Otto Lopez,,,
939,5212073830,meodette (6/20),0,120.649994,1B Willson Contreras 2B Nick Sogard 3B Caleb Durbin C Jonah Heim OF Ceddanne Rafaela OF Jarren Duran OF Henry Bolte P Chris Sale P Sandy Alcantara SS Jacob Wilson,,,
939,5212073834,meodette (10/20),0,120.649994,1B Matt Olson 2B Nick Sogard 3B Caleb Durbin C Connor Wong OF Ronald Acuna Jr. OF Tyler Soderstrom OF Jarren Duran P Chris Sale P Sandy Alcantara SS Andruw Monasterio,,,
939,5212081516,Awalker3081 (5/20),0,120.649994,1B Nick Sogard 2B Xavier Edwards 3B Caleb Durbin C Connor Wong OF Jarren Duran OF Heriberto Hernandez OF Eli White P Chris Sale P Sandy Alcantara SS Otto Lopez,,,
939,5212081524,Awalker3081 (13/20),0,120.649994,1B Willson Contreras 2B Nick Sogard 3B Tommy White C Connor Wong OF Lawrence Butler OF Eli White OF Jahmai Jones P Chris Sale P Sandy Alcantara SS Alika Williams,,,
939,5212104119,TY54321 (11/20),0,120.649994,1B Willson Contreras 2B Nick Sogard 3B Caleb Durbin C Jonah Heim OF Ceddanne Rafaela OF Jarren Duran OF Henry Bolte P Chris Sale P Sandy Alcantara SS Jacob Wilson,,,
939,5212116125,stock2mail (6/20),0,120.649994,1B Willson Contreras 2B Xavier Edwards 3B Caleb Durbin C Drake Baldwin OF Ceddanne Rafaela OF Jakob Marsee OF Eli White P Chris Sale P Sandy Alcantara SS Andruw Monasterio,,,
939,5212151837,salatso22 (1/10),0,120.649994,1B Willson Contreras 2B Xavier Edwards 3B Caleb Durbin C Drake Baldwin OF Ceddanne Rafaela OF Jakob Marsee OF Eli White P Chris Sale P Sandy Alcantara SS Andruw Monasterio,,,
939,5212151844,salatso22 (8/10),0,120.649994,1B Matt Olson 2B Ozzie Albies 3B Caleb Durbin C Drake Baldwin OF Ronald Acuna Jr. OF Jarren Duran OF Jahmai Jones P Chris Sale P Sandy Alcantara SS Jim Jarvis,,,
939,5212152657,Ravenkidd33,0,120.649994,1B Matt Olson 2B Xavier Edwards 3B Caleb Durbin C Connor Wong OF Ronald Acuna Jr. OF Heliot Ramos OF Griffin Conine P Chris Sale P Sandy Alcantara SS Otto Lopez,,,
939,5212154861,NITEMARE1993,0,120.649994,1B Nick Sogard 2B Ozzie Albies 3B Caleb Durbin C Connor Wong OF Tyler Soderstrom OF Ceddanne Rafaela OF Michael Harris II P Chris Sale P Sandy Alcantara SS Otto Lopez,,,
939,5212166263,Satch65 (1/20),0,120.649994,1B Willson Contreras 2B Xavier Edwards 3B Caleb Durbin C Drake Baldwin OF Ceddanne Rafaela OF Jakob Marsee OF Eli White P Chris Sale P Sandy Alcantara SS Andruw Monasterio,,,
939,5212197591,Skralph (7/20),0,120.649994,1B Willson Contreras 2B Xavier Edwards 3B Caleb Durbin C Drake Baldwin OF Ceddanne Rafaela OF Jakob Marsee OF Eli White P Chris Sale P Sandy Alcantara SS Andruw Monasterio,,,
939,5212199208,dantheman78 (7/20),0,120.649994,1B Willson Contreras 2B Xavier Edwards 3B Caleb Durbin C Drake Baldwin OF Ceddanne Rafaela OF Henry Bolte OF Eli White P Chris Sale P Sandy Alcantara SS Andruw Monasterio,,,
939,5212200417,goaliman12 (12/20),0,120.649994,1B Matt Olson 2B Alika Williams 3B Tommy White C Drake Baldwin OF Ronald Acuna Jr. OF Henry Bolte OF Lawrence Butler P Chris Sale P Sandy Alcantara SS Jacob Wilson,,,
939,5212220952,don_al_corleone (3/7),0,120.649994,1B Willson Contreras 2B Nick Sogard 3B Caleb Durbin C Drake Baldwin OF Ceddanne Rafaela OF Heriberto Hernandez OF Jakob Marsee P Chris Sale P Sandy Alcantara SS Andruw Monasterio,,,
939,5212248672,Blerud15 (7/20),0,120.649994,1B Kyle Stowers 2B Xavier Edwards 3B Austin Riley C Drake Baldwin OF Heriberto Hernandez OF Jakob Marsee OF Mauricio Dubon P Chris Sale P Sandy Alcantara SS Otto Lopez,,,
970,5211734429,kreller17 (15/20),0,120.5,1B Paul Goldschmidt 2B Xavier Edwards 3B Amed Rosario C Brian Serven OF Heliot Ramos OF Heriberto Hernandez OF Griffin Conine P Gerrit Cole P Sandy Alcantara SS Otto Lopez,,,
970,5212044981,Sprtsfn76,0,120.5,1B Kyle Stowers 2B Xavier Edwards 3B Caleb Durbin C Joe Mack OF Mike Trout OF Ceddanne Rafaela OF Trent Grisham P Gerrit Cole P Sandy Alcantara SS Andruw Monasterio,,,
970,5212104117,TY54321 (9/20),0,120.5,1B Ben Rice 2B Nick Sogard 3B Amed Rosario C Connor Wong OF Trent Grisham OF Heliot Ramos OF Eli White P Gerrit Cole P Sandy Alcantara SS George Lombard Jr.,,,
973,5211780336,Anthonykorobellis (4/20),0,120.45,1B Kyle Stowers 2B Xavier Edwards 3B Caleb Durbin C Connor Wong OF Ceddanne Rafaela OF Heriberto Hernandez OF Jahmai Jones P Chris Sale P Gerrit Cole SS Zach Neto,,,
973,5211793334,samsli (1/10),0,120.45,1B Willson Contreras 2B Xavier Edwards 3B Caleb Durbin C Joe Mack OF Ceddanne Rafaela OF Jakob Marsee OF Griffin Conine P Chris Sale P Gerrit Cole SS Andruw Monasterio,,,
973,5211793335,samsli (2/10),0,120.45,1B Willson Contreras 2B Xavier Edwards 3B Caleb Durbin C Joe Mack OF Ceddanne Rafaela OF Jakob Marsee OF Griffin Conine P Chris Sale P Gerrit Cole SS Andruw Monasterio,,,
973,5211793336,samsli (3/10),0,120.45,1B Willson Contreras 2B Xavier Edwards 3B Caleb Durbin C Joe Mack OF Ceddanne Rafaela OF Jakob Marsee OF Griffin Conine P Chris Sale P Gerrit Cole SS Andruw Monasterio,,,
973,5211793337,samsli (4/10),0,120.45,1B Willson Contreras 2B Xavier Edwards 3B Caleb Durbin C Joe Mack OF Ceddanne Rafaela OF Jakob Marsee OF Griffin Conine P Chris Sale P Gerrit Cole SS Andruw Monasterio,,,
973,5211793338,samsli (5/10),0,120.45,1B Willson Contreras 2B Xavier Edwards 3B Caleb Durbin C Joe Mack OF Ceddanne Rafaela OF Jakob Marsee OF Griffin Conine P Chris Sale P Gerrit Cole SS Andruw Monasterio,,,
973,5211793339,samsli (6/10),0,120.45,1B Willson Contreras 2B Xavier Edwards 3B Caleb Durbin C Joe Mack OF Ceddanne Rafaela OF Jakob Marsee OF Griffin Conine P Chris Sale P Gerrit Cole SS Andruw Monasterio,,,
973,5211793340,samsli (7/10),0,120.45,1B Willson Contreras 2B Xavier Edwards 3B Caleb Durbin C Joe Mack OF Ceddanne Rafaela OF Jakob Marsee OF Griffin Conine P Chris Sale P Gerrit Cole SS Andruw Monasterio,,,
973,5211793341,samsli (8/10),0,120.45,1B Willson Contreras 2B Xavier Edwards 3B Caleb Durbin C Joe Mack OF Ceddanne Rafaela OF Jakob Marsee OF Griffin Conine P Chris Sale P Gerrit Cole SS Andruw Monasterio,,,
973,5211793342,samsli (9/10),0,120.45,1B Willson Contreras 2B Xavier Edwards 3B Caleb Durbin C Joe Mack OF Ceddanne Rafaela OF Jakob Marsee OF Griffin Conine P Chris Sale P Gerrit Cole SS Andruw Monasterio,,,
973,5211793343,samsli (10/10),0,120.45,1B Willson Contreras 2B Xavier Edwards 3B Caleb Durbin C Joe Mack OF Ceddanne Rafaela OF Jakob Marsee OF Griffin Conine P Chris Sale P Gerrit Cole SS Andruw Monasterio,,,
973,5211937437,sportsfan14 (19/20),0,120.45,1B Kyle Stowers 2B Xavier Edwards 3B Caleb Durbin C Connor Wong OF Heriberto Hernandez OF Jakob Marsee OF Owen Caissie P Chris Sale P Gerrit Cole SS Andruw Monasterio,,,
973,5211951728,tardawg44,0,120.45,1B Kyle Stowers 2B Xavier Edwards 3B Caleb Durbin C Connor Wong OF Tyler Soderstrom OF Ceddanne Rafaela OF Heriberto Hernandez P Chris Sale P Gerrit Cole SS Andruw Monasterio,,,
973,5211952639,bbehnke20 (12/20),0,120.45,1B Willson Contreras 2B Xavier Edwards 3B Caleb Durbin C Joe Mack OF Ceddanne Rafaela OF Jakob Marsee OF Owen Caissie P Chris Sale P Gerrit Cole SS Otto Lopez,,,
973,5212078213,pandaBEAR83,0,120.45,1B Kyle Stowers 2B Xavier Edwards 3B Max Muncy C Jonah Heim OF Tyler Soderstrom OF Jarren Duran OF Henry Bolte P Chris Sale P Gerrit Cole SS Jacob Wilson,,,
973,5212103614,KelvinDubs (12/20),0,120.45,1B Willson Contreras 2B Xavier Edwards 3B Caleb Durbin C Joe Mack OF Ceddanne Rafaela OF Jakob Marsee OF Owen Caissie P Chris Sale P Gerrit Cole SS Otto Lopez,,,
973,5212149170,RemoteLIES (10/20),0,120.45,1B Willson Contreras 2B Xavier Edwards 3B Caleb Durbin C Joe Mack OF Ceddanne Rafaela OF Jakob Marsee OF Wade Meckler P Chris Sale P Gerrit Cole SS Andruw Monasterio,,,
973,5212186440,BChap71 (4/5),0,120.45,1B Willson Contreras 2B Nick Sogard 3B Caleb Durbin C Connor Wong OF Tyler Soderstrom OF Ceddanne Rafaela OF Wade Meckler P Chris Sale P Gerrit Cole SS Jacob Wilson,,,
973,5212187468,gwbrown1956,0,120.45,1B Willson Contreras 2B Nick Sogard 3B Caleb Durbin C Austin Wells OF Tyler Soderstrom OF Ceddanne Rafaela OF Michael Harris II P Chris Sale P Gerrit Cole SS Mauricio Dubon,,,
973,5212246060,snajuice (17/20),0,120.45,1B Willson Contreras 2B Xavier Edwards 3B Caleb Durbin C Connor Wong OF Ceddanne Rafaela OF Jakob Marsee OF Griffin Conine P Chris Sale P Gerrit Cole SS Andruw Monasterio,,,
973,5212248546,johnmartin2nd,0,120.45,1B Willson Contreras 2B Xavier Edwards 3B Caleb Durbin C Joe Mack OF Ceddanne Rafaela OF Jakob Marsee OF Owen Caissie P Chris Sale P Gerrit Cole SS Otto Lopez,,,
994,5211794519,mythicalrhymer01 (3/6),0,120,1B Matt Olson 2B Alika Williams 3B Tommy White C Drake Baldwin OF Ronald Acuna Jr. OF Tyler Soderstrom OF Henry Bolte P Chris Sale P Gage Jump SS Jacob Wilson,,,
994,5212199212,dantheman78 (11/20),0,120,1B Matt Olson 2B Alika Williams 3B Tommy White C Drake Baldwin OF Ronald Acuna Jr. OF Tyler Soderstrom OF Henry Bolte P Chris Sale P Gage Jump SS Jacob Wilson,,,
996,5212008901,mack69 (6/20),0,119.95,1B Kyle Stowers 2B Xavier Edwards 3B Caleb Durbin C Joe Mack OF Jakob Marsee OF Lawrence Butler OF Eli White P Sandy Alcantara P Jake Bennett SS Otto Lopez,,,
996,5212112863,meyers2305 (9/20),0,119.95,1B Paul Goldschmidt 2B Xavier Edwards 3B Amed Rosario C Drake Baldwin OF Ronald Acuna Jr. OF Trent Grisham OF Spencer Jones P Sandy Alcantara P Jake Bennett SS Jose Caballero,,,
998,5212006025,jaakko (2/6),0,119.9,1B Kyle Stowers 2B Xavier Edwards 3B Caleb Durbin C Drake Baldwin OF Ronald Acuna Jr. OF Ceddanne Rafaela OF Jahmai Jones P Chris Sale P Jake Bennett SS Andruw Monasterio,,,
999,5212013390,zandwich (11/20),0,119.75,1B Willson Contreras 2B Xavier Edwards 3B Caleb Durbin C Joe Mack OF Ceddanne Rafaela OF Josh Lowe OF Jahmai Jones P Gerrit Cole P Jake Bennett SS Otto Lopez,,,
1000,5211429329,donj9903,0,119.649994,1B Matt Olson 2B Xavier Edwards 3B Caleb Durbin C Connor Wong OF Ronald Acuna Jr. OF Ceddanne Rafaela OF Mauricio Dubon P Chris Sale P Sandy Alcantara SS Andruw Monasterio,,,
1000,5211690469,LOCNOTM (3/20),0,119.649994,1B Willson Contreras 2B Xavier Edwards 3B Caleb Durbin C Drake Baldwin OF Ceddanne Rafaela OF Mike Yastrzemski OF Eli White P Chris Sale P Sandy Alcantara SS Andruw Monasterio,,,
1000,5211746321,j-wolf05 (16/20),0,119.649994,1B Willson Contreras 2B Xavier Edwards 3B Caleb Durbin C Joe Mack OF Ceddanne Rafaela OF Heriberto Hernandez OF Griffin Conine P Chris Sale P Sandy Alcantara SS Otto Lopez,,,
1000,5211803332,runupmoney97,0,119.649994,1B Matt Olson 2B Ozzie Albies 3B Jose Caballero C Jonah Heim OF Ronald Acuna Jr. OF Mike Yastrzemski OF Mauricio Dubon P Chris Sale P Sandy Alcantara SS Otto Lopez,,,
1000,5211879568,stevenhenry43211 (6/20),0,119.649994,1B Kyle Stowers 2B Xavier Edwards 3B Caleb Durbin C Jonah Heim OF Wilyer Abreu OF Ceddanne Rafaela OF Javier Sanoja P Chris Sale P Sandy Alcantara SS Jacob Wilson,,,
1000,5211917271,LTskelter (2/20),0,119.649994,1B Kyle Stowers 2B Xavier Edwards 3B Caleb Durbin C Drake Baldwin OF Ceddanne Rafaela OF Griffin Conine OF Owen Caissie P Chris Sale P Sandy Alcantara SS Otto Lopez,,,
1000,5211926330,thundrenterprises (10/20),0,119.649994,1B Matt Olson 2B Nick Sogard 3B Austin Riley C Drake Baldwin OF Ronald Acuna Jr. OF Jarren Duran OF Jahmai Jones P Chris Sale P Sandy Alcantara SS Mauricio Dubon,,,
1000,5211952629,bbehnke20 (2/20),0,119.649994,1B Willson Contreras 2B Xavier Edwards 3B Caleb Durbin C Connor Wong OF Ronald Acuna Jr. OF Jarren Duran OF Heriberto Hernandez P Chris Sale P Sandy Alcantara SS Andruw Monasterio,,,
1000,5211970923,jrevelle3 (3/20),0,119.649994,1B Matt Olson 2B Xavier Edwards 3B Austin Riley C Drake Baldwin OF Heriberto Hernandez OF Jakob Marsee OF Griffin Conine P Chris Sale P Sandy Alcantara SS Otto Lopez,,,
1000,5212019501,cuttycut25,0,119.649994,1B Kyle Stowers 2B Nick Sogard 3B Caleb Durbin C Drake Baldwin OF Ronald Acuna Jr. OF Ceddanne Rafaela OF Mauricio Dubon P Chris Sale P Sandy Alcantara SS Andruw Monasterio,,,
1000,5212054119,wazzu24 (20/20),0,119.649994,1B Matt Olson 2B Ozzie Albies 3B Caleb Durbin C Jonah Heim OF Ceddanne Rafaela OF Jarren Duran OF Jahmai Jones P Chris Sale P Sandy Alcantara SS Andruw Monasterio,,,
1000,5212073837,meodette (13/20),0,119.649994,1B Matt Olson 2B Ozzie Albies 3B Caleb Durbin C Brian Serven OF Ceddanne Rafaela OF Eli White OF Jahmai Jones P Chris Sale P Sandy Alcantara SS Andruw Monasterio,,,
1000,5212081526,Awalker3081 (15/20),0,119.649994,1B Nick Sogard 2B Alika Williams 3B Tommy White C Brian Serven OF Jarren Duran OF Eli White OF Jahmai Jones P Chris Sale P Sandy Alcantara SS Andruw Monasterio,,,
1000,5212110491,JaserD (1/20),0,119.649994,1B Matt Olson 2B Xavier Edwards 3B Austin Riley C Drake Baldwin OF Ronald Acuna Jr. OF Henry Bolte OF Griffin Conine P Chris Sale P Sandy Alcantara SS Mauricio Dubon,,,
1000,5212141211,ac919 (11/20),0,119.649994,1B Kyle Stowers 2B Xavier Edwards 3B Caleb Durbin C Connor Wong OF Ceddanne Rafaela OF Michael Harris II OF Jahmai Jones P Chris Sale P Sandy Alcantara SS Zach Neto,,,
1000,5212199205,dantheman78 (4/20),0,119.649994,1B Kyle Stowers 2B Xavier Edwards 3B Austin Riley C Drake Baldwin OF Ronald Acuna Jr. OF Griffin Conine OF Owen Caissie P Chris Sale P Sandy Alcantara SS Otto Lopez,,,
1000,5212200415,goaliman12 (10/20),0,119.649994,1B Matt Olson 2B Alika Williams 3B Austin Riley C Drake Baldwin OF Ronald Acuna Jr. OF Henry Bolte OF Mike Yastrzemski P Chris Sale P Sandy Alcantara SS Jacob Wilson,,,
1000,5212204553,mariobr1709 (7/20),0,119.649994,1B Matt Olson 2B Xavier Edwards 3B Javier Sanoja C Drake Baldwin OF Jakob Marsee OF Mike Yastrzemski OF Owen Caissie P Chris Sale P Sandy Alcantara SS Jim Jarvis,,,
1000,5212206077,jjimka66 (12/20),0,119.649994,1B Willson Contreras 2B Ozzie Albies 3B Javier Sanoja C Joe Mack OF Ronald Acuna Jr. OF Jakob Marsee OF Griffin Conine P Chris Sale P Sandy Alcantara SS Otto Lopez,,,
1000,5212235607,scohen21 (15/20),0,119.649994,1B Kyle Stowers 2B Ozzie Albies 3B Caleb Durbin C Drake Baldwin OF Ceddanne Rafaela OF Eli White OF Jahmai Jones P Chris Sale P Sandy Alcantara SS Andruw Monasterio,,,
1000,5212252019,jeffylube (7/20),0,119.649994,1B Paul Goldschmidt 2B Xavier Edwards 3B Austin Riley C Drake Baldwin OF Ronald Acuna Jr. OF Michael Harris II OF Jakob Marsee P Chris Sale P Sandy Alcantara SS Jose Caballero,,,
1021,5211580875,ivymoose (18/20),0,119.5,1B Paul Goldschmidt 2B Nick Sogard 3B Caleb Durbin C Connor Wong OF Ceddanne Rafaela OF Heliot Ramos OF Jarren Duran P Gerrit Cole P Sandy Alcantara SS George Lombard Jr.,,,
1021,5211857001,Bitmeee (9/20),0,119.5,1B Willson Contreras 2B Xavier Edwards 3B Caleb Durbin C Connor Wong OF Ceddanne Rafaela OF Trent Grisham OF Heliot Ramos P Gerrit Cole P Sandy Alcantara SS Andruw Monasterio,,,
1021,5212064688,henry296 (6/20),0,119.5,1B Willson Contreras 2B Xavier Edwards 3B Caleb Durbin C Connor Wong OF Ceddanne Rafaela OF Trent Grisham OF Heliot Ramos P Gerrit Cole P Sandy Alcantara SS Andruw Monasterio,,,
1021,5212123588,niquisition (14/20),0,119.5,1B Willson Contreras 2B Nick Sogard 3B Caleb Durbin C Jonah Heim OF Ceddanne Rafaela OF Heliot Ramos OF Eli White P Gerrit Cole P Sandy Alcantara SS Jacob Wilson,,,
1025,5211923438,brielly1972 (1/4),0,119.45,1B Willson Contreras 2B Xavier Edwards 3B Caleb Durbin C Connor Wong OF Ceddanne Rafaela OF Heriberto Hernandez OF Jakob Marsee P Chris Sale P Gerrit Cole SS Andruw Monasterio,,,
1025,5211926192,pat_the_hat2 (10/20),0,119.45,1B Kyle Stowers 2B Xavier Edwards 3B Javier Sanoja C Tyler Heineman OF Jakob Marsee OF Wade Meckler OF Josh Lowe P Chris Sale P Gerrit Cole SS Otto Lopez,,,
1025,5212075742,mlief (20/20),0,119.45,1B Willson Contreras 2B Xavier Edwards 3B Caleb Durbin C Brian Serven OF Ceddanne Rafaela OF Henry Bolte OF Eli White P Chris Sale P Gerrit Cole SS Andruw Monasterio,,,
1025,5212089475,mrclean913 (19/20),0,119.45,1B Willson Contreras 2B Nick Sogard 3B Caleb Durbin C Jonah Heim OF Ceddanne Rafaela OF Lawrence Butler OF Eli White P Chris Sale P Gerrit Cole SS Jacob Wilson,,,
1025,5212169915,bcardwell79 (2/3),0,119.45,1B Willson Contreras 2B Xavier Edwards 3B Caleb Durbin C Connor Wong OF Ceddanne Rafaela OF Heriberto Hernandez OF Jakob Marsee P Chris Sale P Gerrit Cole SS Andruw Monasterio,,,
1025,5212195321,cdt123 (8/11),0,119.45,1B Kyle Stowers 2B Xavier Edwards 3B Caleb Durbin C Connor Wong OF Ceddanne Rafaela OF Jakob Marsee OF Owen Caissie P Chris Sale P Gerrit Cole SS Otto Lopez,,,
1031,5212024904,blazer1sd,0,119.399994,1B Willson Contreras 2B Xavier Edwards 3B Caleb Durbin C Jonah Heim OF Tyler Soderstrom OF Ceddanne Rafaela OF Henry Bolte P Walbert Urena P Sandy Alcantara SS Otto Lopez,,,
1032,5211939660,moverman66,0,119.05,1B Matt Olson 2B Ozzie Albies 3B Javier Sanoja C Drake Baldwin OF Ronald Acuna Jr. OF Michael Harris II OF Heriberto Hernandez P Sandy Alcantara P Gage Jump SS Otto Lopez,,,
1032,5212095919,Riccajb9 (2/2),0,119.05,1B Matt Olson 2B Ozzie Albies 3B Amed Rosario C Drake Baldwin OF Ronald Acuna Jr. OF Tyler Soderstrom OF Michael Harris II P Sandy Alcantara P Gage Jump SS Jacob Wilson,,,
1034,5212252068,KILLANADZ24 (9/20),0,119,1B Matt Olson 2B Ozzie Albies 3B Tommy White C Drake Baldwin OF Tyler Soderstrom OF Henry Bolte OF Lawrence Butler P Chris Sale P Gage Jump SS Jacob Wilson,,,
1035,5212234011,Cobra777666777,0,118.95,1B Matt Olson 2B Ozzie Albies 3B Caleb Durbin C Drake Baldwin OF Ronald Acuna Jr. OF Ceddanne Rafaela OF Jahmai Jones P Sandy Alcantara P Jake Bennett SS Andruw Monasterio,,,
1036,5212081519,Awalker3081 (8/20),0,118.9,1B Kyle Stowers 2B Nick Sogard 3B Caleb Durbin C Joe Mack OF Heriberto Hernandez OF Jakob Marsee OF Jahmai Jones P Chris Sale P Jake Bennett SS Otto Lopez,,,
1037,5212204559,mariobr1709 (13/20),0,118.75,1B Ben Rice 2B Ozzie Albies 3B Austin Riley C Drake Baldwin OF Ronald Acuna Jr. OF Trent Grisham OF Spencer Jones P Walbert Urena P Gage Jump SS George Lombard Jr.,,,
1038,5211791794,Billdo347,0,118.649994,1B Willson Contreras 2B Nick Sogard 3B Caleb Durbin C Joe Mack OF Ronald Acuna Jr. OF Ceddanne Rafaela OF Owen Caissie P Chris Sale P Sandy Alcantara SS Otto Lopez,,,
1038,5211804409,AverageTuesday (11/20),0,118.649994,1B Matt Olson 2B Xavier Edwards 3B Austin Riley C Drake Baldwin OF Heriberto Hernandez OF Griffin Conine OF Mike Yastrzemski P Chris Sale P Sandy Alcantara SS Otto Lopez,,,
1038,5211857008,Bitmeee (16/20),0,118.649994,1B Matt Olson 2B Ozzie Albies 3B Max Muncy C Brian Serven OF Ronald Acuna Jr. OF Henry Bolte OF Lawrence Butler P Chris Sale P Sandy Alcantara SS Jacob Wilson,,,
1038,5211863178,whoisjohngalt420 (2/20),0,118.649994,1B Willson Contreras 2B Xavier Edwards 3B Caleb Durbin C Connor Wong OF Ceddanne Rafaela OF Jarren Duran OF Jakob Marsee P Chris Sale P Sandy Alcantara SS Otto Lopez,,,
1038,5211865504,SeanDre (5/20),0,118.649994,1B Kyle Stowers 2B Xavier Edwards 3B Austin Riley C Brian Serven OF Jakob Marsee OF Javier Sanoja OF Griffin Conine P Chris Sale P Sandy Alcantara SS Mauricio Dubon,,,
1038,5211893776,Gagenator51 (19/20),0,118.649994,1B Kyle Stowers 2B Nick Sogard 3B Caleb Durbin C Drake Baldwin OF Jakob Marsee OF Mauricio Dubon OF Eli White P Chris Sale P Sandy Alcantara SS Andruw Monasterio,,,
1038,5211926289,mcafeend (13/20),0,118.649994,1B Willson Contreras 2B Ozzie Albies 3B Caleb Durbin C Drake Baldwin OF Michael Harris II OF Jarren Duran OF Jahmai Jones P Chris Sale P Sandy Alcantara SS Andruw Monasterio,,,
1038,5211945727,aquafinatim (9/20),0,118.649994,1B Willson Contreras 2B Nick Sogard 3B Caleb Durbin C Drake Baldwin OF Ceddanne Rafaela OF Henry Bolte OF Eli White P Chris Sale P Sandy Alcantara SS Otto Lopez,,,
1038,5212002139,austin60915 (17/20),0,118.649994,1B Kyle Stowers 2B Xavier Edwards 3B Caleb Durbin C Drake Baldwin OF Ceddanne Rafaela OF Heriberto Hernandez OF Griffin Conine P Chris Sale P Sandy Alcantara SS Andruw Monasterio,,,
1038,5212009840,chrism0rgan (4/20),0,118.649994,1B Kyle Stowers 2B Nick Sogard 3B Caleb Durbin C Jonah Heim OF Tyler Soderstrom OF Ceddanne Rafaela OF Jarren Duran P Chris Sale P Sandy Alcantara SS Andruw Monasterio,,,
1038,5212029867,markt35 (9/20),0,118.649994,1B Kyle Stowers 2B Xavier Edwards 3B Tommy White C Jonah Heim OF Heriberto Hernandez OF Jakob Marsee OF Griffin Conine P Chris Sale P Sandy Alcantara SS Mauricio Dubon,,,
1038,5212033945,stuckonpink,0,118.649994,1B Willson Contreras 2B Xavier Edwards 3B Caleb Durbin C Joe Mack OF Ceddanne Rafaela OF Jarren Duran OF Jakob Marsee P Chris Sale P Sandy Alcantara SS Otto Lopez,,,
1038,5212079746,samwvu,0,118.649994,1B Matt Olson 2B Xavier Edwards 3B Caleb Durbin C Drake Baldwin OF Michael Harris II OF Jarren Duran OF Heriberto Hernandez P Chris Sale P Sandy Alcantara SS George Lombard Jr.,,,
1038,5212124074,ballgame1881 (5/15),0,118.649994,1B Willson Contreras 2B Nick Sogard 3B Caleb Durbin C Joe Mack OF Ronald Acuna Jr. OF Ceddanne Rafaela OF Griffin Conine P Chris Sale P Sandy Alcantara SS Andruw Monasterio,,,
1038,5212166279,Satch65 (17/20),0,118.649994,1B Willson Contreras 2B Nick Sogard 3B Caleb Durbin C Brian Serven OF Ceddanne Rafaela OF Michael Harris II OF Henry Bolte P Chris Sale P Sandy Alcantara SS Andruw Monasterio,,,
1038,5212200406,goaliman12 (1/20),0,118.649994,1B Willson Contreras 2B Ozzie Albies 3B Caleb Durbin C Drake Baldwin OF Michael Harris II OF Jarren Duran OF Jahmai Jones P Chris Sale P Sandy Alcantara SS Andruw Monasterio,,,
1038,5212220955,don_al_corleone (6/7),0,118.649994,1B Kyle Stowers 2B Nick Sogard 3B Javier Sanoja C Connor Wong OF Ronald Acuna Jr. OF Jarren Duran OF Jakob Marsee P Chris Sale P Sandy Alcantara SS Otto Lopez,,,
1038,5212243528,BuckeyeCity (9/20),0,118.649994,1B Willson Contreras 2B Xavier Edwards 3B Caleb Durbin C Connor Wong OF Ceddanne Rafaela OF Jarren Duran OF Jakob Marsee P Chris Sale P Sandy Alcantara SS Otto Lopez,,,
1038,5212246049,snajuice (6/20),0,118.649994,1B Willson Contreras 2B Xavier Edwards 3B Caleb Durbin C Connor Wong OF Ceddanne Rafaela OF Jarren Duran OF Jakob Marsee P Chris Sale P Sandy Alcantara SS Otto Lopez,,,
1038,5212252030,jeffylube (18/20),0,118.649994,1B Kyle Stowers 2B Xavier Edwards 3B Javier Sanoja C Jonah Heim OF Mike Trout OF Henry Bolte OF Jakob Marsee P Chris Sale P Sandy Alcantara SS Zach Neto,,,
1058,5211830566,mattped23 (1/3),0,118.5,1B Paul Goldschmidt 2B Ozzie Albies 3B Amed Rosario C Drake Baldwin OF Ronald Acuna Jr. OF Trent Grisham OF Heliot Ramos P Gerrit Cole P Sandy Alcantara SS George Lombard Jr.,,,
1058,5212156397,cw1tt (13/20),0,118.5,1B Ben Rice 2B Nick Sogard 3B Jose Caballero C Jonah Heim OF Ceddanne Rafaela OF Heliot Ramos OF Jarren Duran P Gerrit Cole P Sandy Alcantara SS Andruw Monasterio,,,
1060,5211700003,Sammy.Boy (6/20),0,118.45,1B Willson Contreras 2B Xavier Edwards 3B Caleb Durbin C Jonah Heim OF Jarren Duran OF Henry Bolte OF Eli White P Chris Sale P Gerrit Cole SS Andruw Monasterio,,,
1060,5212124076,ballgame1881 (7/15),0,118.45,1B Willson Contreras 2B Nick Sogard 3B Caleb Durbin C Connor Wong OF Ceddanne Rafaela OF Jakob Marsee OF Griffin Conine P Chris Sale P Gerrit Cole SS Otto Lopez,,,
1060,5212130540,produceman09 (6/7),0,118.45,1B Willson Contreras 2B Alika Williams 3B Max Muncy C Brian Serven OF Ceddanne Rafaela OF Lawrence Butler OF Jahmai Jones P Chris Sale P Gerrit Cole SS Andruw Monasterio,,,
1060,5212204560,mariobr1709 (14/20),0,118.45,1B Willson Contreras 2B Nick Sogard 3B Tommy White C Jonah Heim OF Tyler Soderstrom OF Henry Bolte OF Eli White P Chris Sale P Gerrit Cole SS Andruw Monasterio,,,
1060,5212230536,jlegrand22 (3/20),0,118.45,1B Willson Contreras 2B Xavier Edwards 3B Caleb Durbin C Jonah Heim OF Jarren Duran OF Jakob Marsee OF Eli White P Chris Sale P Gerrit Cole SS Andruw Monasterio,,,
1060,5212230550,jlegrand22 (17/20),0,118.45,1B Willson Contreras 2B Xavier Edwards 3B Max Muncy C Jonah Heim OF Ceddanne Rafaela OF Jarren Duran OF Jahmai Jones P Chris Sale P Gerrit Cole SS Andruw Monasterio,,,
1066,5211724331,Discostupendously (7/10),0,118,1B Matt Olson 2B Xavier Edwards 3B Austin Riley C Drake Baldwin OF Michael Harris II OF Jakob Marsee OF Mike Yastrzemski P Chris Sale P Gage Jump SS Otto Lopez,,,
1066,5211804405,AverageTuesday (7/20),0,118,1B Kyle Stowers 2B Xavier Edwards 3B Javier Sanoja C Drake Baldwin OF Ronald Acuna Jr. OF Michael Harris II OF Owen Caissie P Chris Sale P Gage Jump SS Otto Lopez,,,
1066,5211952643,bbehnke20 (16/20),0,118,1B Willson Contreras 2B Xavier Edwards 3B Javier Sanoja C Joe Mack OF Ronald Acuna Jr. OF Ceddanne Rafaela OF Heriberto Hernandez P Chris Sale P Gage Jump SS Otto Lopez,,,
1066,5212132485,Toney367 (12/20),0,118,1B Matt Olson 2B Ozzie Albies 3B Tommy White C Drake Baldwin OF Tyler Soderstrom OF Henry Bolte OF Mike Yastrzemski P Chris Sale P Gage Jump SS Jacob Wilson,,,
1066,5212248673,Blerud15 (8/20),0,118,1B Nolan Schanuel 2B Xavier Edwards 3B Denzer Guzman C Drake Baldwin OF Ronald Acuna Jr. OF Jakob Marsee OF Mike Yastrzemski P Chris Sale P Gage Jump SS Zach Neto,,,
1071,5211766792,CrucialConflict74,0,117.95,1B Matt Olson 2B Xavier Edwards 3B Caleb Durbin C Drake Baldwin OF Ronald Acuna Jr. OF Ceddanne Rafaela OF Michael Harris II P Sandy Alcantara P Jake Bennett SS George Lombard Jr.,,,
1071,5211923397,dob1105,0,117.95,1B Kyle Stowers 2B Xavier Edwards 3B Caleb Durbin C Drake Baldwin OF Ceddanne Rafaela OF Jakob Marsee OF Griffin Conine P Sandy Alcantara P Jake Bennett SS Otto Lopez,,,
1071,5211967499,Bugg1,0,117.95,1B Matt Olson 2B Xavier Edwards 3B Caleb Durbin C Drake Baldwin OF Ronald Acuna Jr. OF Ceddanne Rafaela OF Michael Harris II P Sandy Alcantara P Jake Bennett SS George Lombard Jr.,,,
1071,5212008906,mack69 (11/20),0,117.95,1B Willson Contreras 2B Xavier Edwards 3B Caleb Durbin C Connor Wong OF Jarren Duran OF Jakob Marsee OF Jahmai Jones P Sandy Alcantara P Jake Bennett SS Zach Neto,,,
1071,5212058178,jc000000,0,117.95,1B Kyle Stowers 2B Xavier Edwards 3B Caleb Durbin C Drake Baldwin OF Ronald Acuna Jr. OF Ceddanne Rafaela OF Griffin Conine P Sandy Alcantara P Jake Bennett SS Otto Lopez,,,
1071,5212186015,lornaz,0,117.95,1B Ben Rice 2B Ozzie Albies 3B Caleb Durbin C Drake Baldwin OF Tyler Soderstrom OF Ceddanne Rafaela OF Heliot Ramos P Sandy Alcantara P Jake Bennett SS George Lombard Jr.,,,
1077,5211872448,andymartin5586 (6/20),0,117.9,1B Willson Contreras 2B Xavier Edwards 3B Caleb Durbin C Connor Wong OF Jarren Duran OF Jakob Marsee OF Jahmai Jones P Chris Sale P Jake Bennett SS Otto Lopez,,,
1077,5212111040,SpeedRacer101 (14/20),0,117.9,1B Willson Contreras 2B Xavier Edwards 3B Caleb Durbin C Moises Ballesteros OF Ceddanne Rafaela OF Jakob Marsee OF Jahmai Jones P Chris Sale P Jake Bennett SS Andruw Monasterio,,,
1077,5212123799,ballgame1881 (1/15),0,117.9,1B Willson Contreras 2B Ozzie Albies 3B Caleb Durbin C Drake Baldwin OF Ronald Acuna Jr. OF Mike Yastrzemski OF Jahmai Jones P Chris Sale P Jake Bennett SS Andruw Monasterio,,,
1080,5211690477,LOCNOTM (11/20),0,117.649994,1B Willson Contreras 2B Xavier Edwards 3B Caleb Durbin C Joe Mack OF Ceddanne Rafaela OF Jakob Marsee OF Eli White P Chris Sale P Sandy Alcantara SS Andruw Monasterio,,,
1080,5211834114,whoadie50310 (2/4),0,117.649994,1B Matt Olson 2B Ozzie Albies 3B Javier Sanoja C Drake Baldwin OF Ronald Acuna Jr. OF Jarren Duran OF Jahmai Jones P Chris Sale P Sandy Alcantara SS Mauricio Dubon,,,
1080,5211835211,cachedinar (9/20),0,117.649994,1B Kyle Stowers 2B Xavier Edwards 3B Austin Riley C Drake Baldwin OF Michael Harris II OF Jakob Marsee OF Griffin Conine P Chris Sale P Sandy Alcantara SS Otto Lopez,,,
1080,5211856994,Bitmeee (2/20),0,117.649994,1B Nick Sogard 2B Ozzie Albies 3B Caleb Durbin C Drake Baldwin OF Ronald Acuna Jr. OF Ceddanne Rafaela OF Eli White P Chris Sale P Sandy Alcantara SS Andruw Monasterio,,,
1080,5211863179,whoisjohngalt420 (3/20),0,117.649994,1B Matt Olson 2B Ozzie Albies 3B Austin Riley C Drake Baldwin OF Ronald Acuna Jr. OF Eli White OF Jahmai Jones P Chris Sale P Sandy Alcantara SS Andruw Monasterio,,,
1080,5211863181,whoisjohngalt420 (5/20),0,117.649994,1B Kyle Stowers 2B Xavier Edwards 3B Austin Riley C Drake Baldwin OF Michael Harris II OF Jakob Marsee OF Griffin Conine P Chris Sale P Sandy Alcantara SS Otto Lopez,,,
1080,5211866458,az350z (2/20),0,117.649994,1B Matt Olson 2B Xavier Edwards 3B Austin Riley C Drake Baldwin OF Ronald Acuna Jr. OF Henry Bolte OF Griffin Conine P Chris Sale P Sandy Alcantara SS Jim Jarvis,,,
1080,5211875797,Scottyj316 (10/20),0,117.649994,1B Kyle Stowers 2B Xavier Edwards 3B Caleb Durbin C Drake Baldwin OF Ceddanne Rafaela OF Jarren Duran OF Jakob Marsee P Chris Sale P Sandy Alcantara SS Andruw Monasterio,,,
1080,5211876140,Navare1212,0,117.649994,1B Kyle Stowers 2B Xavier Edwards 3B Caleb Durbin C Connor Wong OF Ronald Acuna Jr. OF Ceddanne Rafaela OF Michael Harris II P Chris Sale P Sandy Alcantara SS Andruw Monasterio,,,
1080,5211890608,jw1984 (13/20),0,117.649994,1B Matt Olson 2B Xavier Edwards 3B Austin Riley C Drake Baldwin OF Ronald Acuna Jr. OF Henry Bolte OF Griffin Conine P Chris Sale P Sandy Alcantara SS Jim Jarvis,,,
1080,5211896877,UniversalFriend (19/20),0,117.649994,1B Willson Contreras 2B Nick Sogard 3B Caleb Durbin C Brian Serven OF Ronald Acuna Jr. OF Jarren Duran OF Eli White P Chris Sale P Sandy Alcantara SS Jacob Wilson,,,
1080,5211920276,rod288 (3/20),0,117.649994,1B Kyle Stowers 2B Xavier Edwards 3B Austin Riley C Drake Baldwin OF Michael Harris II OF Jakob Marsee OF Griffin Conine P Chris Sale P Sandy Alcantara SS Otto Lopez,,,
1080,5211926199,pat_the_hat2 (17/20),0,117.649994,1B Matt Olson 2B Xavier Edwards 3B Javier Sanoja C Drake Baldwin OF Michael Harris II OF Jakob Marsee OF Mike Yastrzemski P Chris Sale P Sandy Alcantara SS Jim Jarvis,,,
1080,5211926337,thundrenterprises (17/20),0,117.649994,1B Willson Contreras 2B Xavier Edwards 3B Caleb Durbin C Drake Baldwin OF Jarren Duran OF Jakob Marsee OF Eli White P Chris Sale P Sandy Alcantara SS Andruw Monasterio,,,
1080,5211969087,uvajay (1/20),0,117.649994,1B Kyle Stowers 2B Xavier Edwards 3B Max Muncy C Jonah Heim OF Ceddanne Rafaela OF Heriberto Hernandez OF Jakob Marsee P Chris Sale P Sandy Alcantara SS Otto Lopez,,,
1080,5211980696,rsumrall (16/20),0,117.649994,1B Matt Olson 2B Ozzie Albies 3B Austin Riley C Drake Baldwin OF Ceddanne Rafaela OF Mike Yastrzemski OF Jahmai Jones P Chris Sale P Sandy Alcantara SS Andruw Monasterio,,,
1080,5212001255,mauka95 (1/3),0,117.649994,1B Kyle Stowers 2B Nick Sogard 3B Caleb Durbin C Connor Wong OF Ceddanne Rafaela OF Jakob Marsee OF Owen Caissie P Chris Sale P Sandy Alcantara SS Otto Lopez,,,
1080,5212002131,austin60915 (9/20),0,117.649994,1B Matt Olson 2B Alika Williams 3B Max Muncy C Drake Baldwin OF Ronald Acuna Jr. OF Henry Bolte OF Lawrence Butler P Chris Sale P Sandy Alcantara SS Jacob Wilson,,,
1080,5212006027,jaakko (4/6),0,117.649994,1B Kyle Stowers 2B Xavier Edwards 3B Caleb Durbin C Jonah Heim OF Ceddanne Rafaela OF Jarren Duran OF Heriberto Hernandez P Chris Sale P Sandy Alcantara SS Otto Lopez,,,
1080,5212026006,rschindler14 (12/20),0,117.649994,1B Willson Contreras 2B Xavier Edwards 3B Caleb Durbin C Connor Wong OF Ronald Acuna Jr. OF Jarren Duran OF Eli White P Chris Sale P Sandy Alcantara SS Jacob Wilson,,,
1080,5212029872,markt35 (14/20),0,117.649994,1B Kyle Stowers 2B Xavier Edwards 3B Tommy White C Jonah Heim OF Heriberto Hernandez OF Lawrence Butler OF Griffin Conine P Chris Sale P Sandy Alcantara SS Alika Williams,,,
1080,5212049229,chrispy2005 (17/20),0,117.649994,1B Matt Olson 2B Alika Williams 3B Tommy White C Drake Baldwin OF Ronald Acuna Jr. OF Henry Bolte OF Lawrence Butler P Chris Sale P Sandy Alcantara SS Andruw Monasterio,,,
1080,5212062509,zestfulyclean (2/2),0,117.649994,1B Matt Olson 2B Alika Williams 3B Austin Riley C Jonah Heim OF Ronald Acuna Jr. OF Heriberto Hernandez OF Henry Bolte P Chris Sale P Sandy Alcantara SS Jacob Wilson,,,
1080,5212064694,henry296 (12/20),0,117.649994,1B Kyle Stowers 2B Xavier Edwards 3B Caleb Durbin C Drake Baldwin OF Ceddanne Rafaela OF Jarren Duran OF Jakob Marsee P Chris Sale P Sandy Alcantara SS Andruw Monasterio,,,
1080,5212081522,Awalker3081 (11/20),0,117.649994,1B Willson Contreras 2B Nick Sogard 3B Max Muncy C Connor Wong OF Henry Bolte OF Eli White OF Jahmai Jones P Chris Sale P Sandy Alcantara SS Alika Williams,,,
1080,5212083921,ckcash64 (6/20),0,117.649994,1B Willson Contreras 2B Ozzie Albies 3B Caleb Durbin C Drake Baldwin OF Ceddanne Rafaela OF Michael Harris II OF Jahmai Jones P Chris Sale P Sandy Alcantara SS Mauricio Dubon,,,
1080,5212123587,niquisition (13/20),0,117.649994,1B Kyle Stowers 2B Xavier Edwards 3B Austin Riley C Drake Baldwin OF Ceddanne Rafaela OF Jakob Marsee OF Griffin Conine P Chris Sale P Sandy Alcantara SS Otto Lopez,,,
1080,5212163369,lklk88088 (4/20),0,117.649994,1B Kyle Stowers 2B Xavier Edwards 3B Austin Riley C Drake Baldwin OF Michael Harris II OF Jakob Marsee OF Griffin Conine P Chris Sale P Sandy Alcantara SS Otto Lopez,,,
1080,5212163375,lklk88088 (10/20),0,117.649994,1B Matt Olson 2B Alika Williams 3B Max Muncy C Drake Baldwin OF Ronald Acuna Jr. OF Henry Bolte OF Lawrence Butler P Chris Sale P Sandy Alcantara SS Jacob Wilson,,,
1080,5212195402,AmAcorX,0,117.649994,1B Matt Olson 2B Alika Williams 3B Max Muncy C Drake Baldwin OF Ronald Acuna Jr. OF Jakob Marsee OF Lawrence Butler P Chris Sale P Sandy Alcantara SS Otto Lopez,,,
1080,5212225494,rambito (6/20),0,117.649994,1B Willson Contreras 2B Xavier Edwards 3B Caleb Durbin C Connor Wong OF Ronald Acuna Jr. OF Jarren Duran OF Eli White P Chris Sale P Sandy Alcantara SS Otto Lopez,,,
1080,5212235603,scohen21 (11/20),0,117.649994,1B Matt Olson 2B Ozzie Albies 3B Caleb Durbin C Drake Baldwin OF Ceddanne Rafaela OF Eli White OF Jahmai Jones P Chris Sale P Sandy Alcantara SS Andruw Monasterio,,,
1080,5212243536,BuckeyeCity (17/20),0,117.649994,1B Kyle Stowers 2B Xavier Edwards 3B Austin Riley C Drake Baldwin OF Michael Harris II OF Jakob Marsee OF Griffin Conine P Chris Sale P Sandy Alcantara SS Otto Lopez,,,
1080,5212248675,Blerud15 (10/20),0,117.649994,1B Willson Contreras 2B Xavier Edwards 3B Caleb Durbin C Joe Mack OF Ceddanne Rafaela OF Griffin Conine OF Owen Caissie P Chris Sale P Sandy Alcantara SS Otto Lopez,,,
1080,5212252015,jeffylube (3/20),0,117.649994,1B Matt Olson 2B Xavier Edwards 3B Austin Riley C Drake Baldwin OF Ronald Acuna Jr. OF Jakob Marsee OF Josh Lowe P Chris Sale P Sandy Alcantara SS Andruw Monasterio,,,
1115,5212015580,s9439,0,117.5,1B Willson Contreras 2B Xavier Edwards 3B Amed Rosario C Jonah Heim OF Mike Trout OF Ceddanne Rafaela OF Heliot Ramos P Gerrit Cole P Sandy Alcantara SS George Lombard Jr.,,,
1116,5211793321,foutah,0,117.45,1B Nolan Schanuel 2B Vaughn Grissom 3B Caleb Durbin C Jonah Heim OF Tyler Soderstrom OF Henry Bolte OF Jakob Marsee P Chris Sale P Gerrit Cole SS Zach Neto,,,
1116,5211916571,smk5430 (1/20),0,117.45,1B Willson Contreras 2B Nick Sogard 3B Tommy White C Brian Serven OF Tyler Soderstrom OF Ceddanne Rafaela OF Henry Bolte P Chris Sale P Gerrit Cole SS Andruw Monasterio,,,
1116,5211963016,Harpua99,0,117.45,1B Matt Olson 2B Ozzie Albies 3B Caleb Durbin C Austin Wells OF Tyler Soderstrom OF Ceddanne Rafaela OF Mauricio Dubon P Chris Sale P Gerrit Cole SS Andruw Monasterio,,,
1116,5211986309,FranklinGrizwald,0,117.45,1B Willson Contreras 2B Xavier Edwards 3B Jose Caballero C Brian Serven OF Tyler Soderstrom OF Michael Harris II OF Josh Lowe P Chris Sale P Gerrit Cole SS Otto Lopez,,,
1116,5212102172,jabberjaww (20/20),0,117.45,1B Nolan Schanuel 2B Xavier Edwards 3B Javier Sanoja C Joe Mack OF Mike Trout OF Jakob Marsee OF Wade Meckler P Chris Sale P Gerrit Cole SS Otto Lopez,,,
1116,5212104592,bkcle,0,117.45,1B Kyle Stowers 2B Xavier Edwards 3B Austin Riley C Jonah Heim OF Ceddanne Rafaela OF Jarren Duran OF Henry Bolte P Chris Sale P Gerrit Cole SS George Lombard Jr.,,,
1116,5212121438,Chadg20 (18/20),0,117.45,1B Willson Contreras 2B Nick Sogard 3B Caleb Durbin C Drake Baldwin OF Jakob Marsee OF Owen Caissie OF Josh Lowe P Chris Sale P Gerrit Cole SS Otto Lopez,,,
1116,5212242399,BigMart11 (2/20),0,117.45,1B Willson Contreras 2B Xavier Edwards 3B Caleb Durbin C Tyler Heineman OF Ceddanne Rafaela OF Jarren Duran OF Jahmai Jones P Chris Sale P Gerrit Cole SS Zach Neto,,,
1116,5212246059,snajuice (16/20),0,117.45,1B Kyle Stowers 2B Xavier Edwards 3B Caleb Durbin C Connor Wong OF Ceddanne Rafaela OF Michael Harris II OF Jakob Marsee P Chris Sale P Gerrit Cole SS Otto Lopez,,,
1125,5212126447,kcroyalfan (2/4),0,116.95,1B Matt Olson 2B Xavier Edwards 3B Caleb Durbin C Connor Wong OF Ronald Acuna Jr. OF Mike Trout OF Tyler Soderstrom P Sandy Alcantara P Jake Bennett SS Andruw Monasterio,,,
1125,5212132535,nrlane24,0,116.95,1B Willson Contreras 2B Xavier Edwards 3B Caleb Durbin C Jonah Heim OF Mike Trout OF Ceddanne Rafaela OF Jakob Marsee P Sandy Alcantara P Jake Bennett SS Otto Lopez,,,
1127,5211619576,melvincali (16/20),0,116.9,1B Kyle Stowers 2B Xavier Edwards 3B Caleb Durbin C Connor Wong OF Ceddanne Rafaela OF Jakob Marsee OF Jahmai Jones P Chris Sale P Jake Bennett SS Andruw Monasterio,,,
1127,5212209977,SaucyJack1001 (2/4),0,116.9,1B Willson Contreras 2B Xavier Edwards 3B Caleb Durbin C Drake Baldwin OF Ceddanne Rafaela OF Heriberto Hernandez OF Jahmai Jones P Chris Sale P Jake Bennett SS Otto Lopez,,,
1127,5212210654,eharig09 (15/20),0,116.9,1B Kyle Stowers 2B Xavier Edwards 3B Javier Sanoja C Joe Mack OF Ronald Acuna Jr. OF Jakob Marsee OF Jahmai Jones P Chris Sale P Jake Bennett SS Jim Jarvis,,,
1130,5212045453,JoeNY07 (2/5),0,116.75,1B Ben Rice 2B Jeff McNeil 3B Caleb Durbin C Joe Mack OF Ronald Acuna Jr. OF Tyler Soderstrom OF Jarren Duran P Gerrit Cole P Jake Bennett SS Andruw Monasterio,,,
1131,5211700004,Sammy.Boy (7/20),0,116.649994,1B Kyle Stowers 2B Xavier Edwards 3B Tommy White C Drake Baldwin OF Michael Harris II OF Heriberto Hernandez OF Jakob Marsee P Chris Sale P Sandy Alcantara SS Otto Lopez,,,
1131,5211820279,bellsofwar3 (14/20),0,116.649994,1B Kyle Stowers 2B Xavier Edwards 3B Caleb Durbin C Connor Wong OF Ceddanne Rafaela OF Jakob Marsee OF Eli White P Chris Sale P Sandy Alcantara SS Andruw Monasterio,,,
1131,5211903542,cwthrow24 (9/20),0,116.649994,1B Matt Olson 2B Xavier Edwards 3B Austin Riley C Joe Mack OF Ronald Acuna Jr. OF Heriberto Hernandez OF Griffin Conine P Chris Sale P Sandy Alcantara SS Otto Lopez,,,
1131,5211926286,mcafeend (10/20),0,116.649994,1B Matt Olson 2B Xavier Edwards 3B Austin Riley C Connor Wong OF Ronald Acuna Jr. OF Heriberto Hernandez OF Griffin Conine P Chris Sale P Sandy Alcantara SS Otto Lopez,,,
1131,5211936071,curleeshu (1/5),0,116.649994,1B Matt Olson 2B Ozzie Albies 3B Caleb Durbin C Drake Baldwin OF Heriberto Hernandez OF Jakob Marsee OF Mauricio Dubon P Chris Sale P Sandy Alcantara SS Otto Lopez,,,
1131,5212009855,chrism0rgan (19/20),0,116.649994,1B Willson Contreras 2B Alika Williams 3B Tommy White C Jonah Heim OF Ronald Acuna Jr. OF Ceddanne Rafaela OF Lawrence Butler P Chris Sale P Sandy Alcantara SS Jacob Wilson,,,
1131,5212083725,ronmexicoburgundy,0,116.649994,1B Kyle Stowers 2B Nick Sogard 3B Caleb Durbin C Jonah Heim OF Mike Trout OF Tyler Soderstrom OF Ceddanne Rafaela P Chris Sale P Sandy Alcantara SS Mauricio Dubon,,,
1131,5212089465,mrclean913 (9/20),0,116.649994,1B Willson Contreras 2B Xavier Edwards 3B Caleb Durbin C Joe Mack OF Ceddanne Rafaela OF Heriberto Hernandez OF Owen Caissie P Chris Sale P Sandy Alcantara SS Otto Lopez,,,
1131,5212111035,SpeedRacer101 (9/20),0,116.649994,1B Willson Contreras 2B Alika Williams 3B Tommy White C Jonah Heim OF Ronald Acuna Jr. OF Ceddanne Rafaela OF Henry Bolte P Chris Sale P Sandy Alcantara SS Jacob Wilson,,,
1131,5212121432,Chadg20 (12/20),0,116.649994,1B Kyle Stowers 2B Xavier Edwards 3B Javier Sanoja C Drake Baldwin OF Jarren Duran OF Heriberto Hernandez OF Jakob Marsee P Chris Sale P Sandy Alcantara SS Andruw Monasterio,,,
1131,5212123580,niquisition (6/20),0,116.649994,1B Willson Contreras 2B Nick Sogard 3B Caleb Durbin C Connor Wong OF Ceddanne Rafaela OF Michael Harris II OF Henry Bolte P Chris Sale P Sandy Alcantara SS Jacob Wilson,,,
1131,5212129480,monkey520 (7/8),0,116.649994,1B Willson Contreras 2B Ozzie Albies 3B Caleb Durbin C Drake Baldwin OF Ceddanne Rafaela OF Eli White OF Jahmai Jones P Chris Sale P Sandy Alcantara SS Jose Caballero,,,
1131,5212149177,RemoteLIES (17/20),0,116.649994,1B Willson Contreras 2B Ozzie Albies 3B Caleb Durbin C Drake Baldwin OF Ceddanne Rafaela OF Eli White OF Jahmai Jones P Chris Sale P Sandy Alcantara SS Mauricio Dubon,,,
1131,5212156393,cw1tt (9/20),0,116.649994,1B Kyle Stowers 2B Xavier Edwards 3B Max Muncy C Drake Baldwin OF Ronald Acuna Jr. OF Griffin Conine OF Owen Caissie P Chris Sale P Sandy Alcantara SS Otto Lopez,,,
1131,5212163704,TheFH (8/20),0,116.649994,1B Willson Contreras 2B Alika Williams 3B Tommy White C Jonah Heim OF Ronald Acuna Jr. OF Ceddanne Rafaela OF Henry Bolte P Chris Sale P Sandy Alcantara SS Jacob Wilson,,,
1131,5212167165,mpritchard1 (2/5),0,116.649994,1B Matt Olson 2B Xavier Edwards 3B Caleb Durbin C Drake Baldwin OF Michael Harris II OF Heriberto Hernandez OF Griffin Conine P Chris Sale P Sandy Alcantara SS Andruw Monasterio,,,
1131,5212206079,jjimka66 (14/20),0,116.649994,1B Willson Contreras 2B Alika Williams 3B Tommy White C Jonah Heim OF Ronald Acuna Jr. OF Michael Harris II OF Henry Bolte P Chris Sale P Sandy Alcantara SS Jacob Wilson,,,
1131,5212221127,aylsg,0,116.649994,1B Willson Contreras 2B Vaughn Grissom 3B Caleb Durbin C Drake Baldwin OF Ceddanne Rafaela OF Michael Harris II OF Jahmai Jones P Chris Sale P Sandy Alcantara SS Andruw Monasterio,,,
1149,5211835222,cachedinar (20/20),0,116.5,1B Paul Goldschmidt 2B Nick Sogard 3B Caleb Durbin C Connor Wong OF Ceddanne Rafaela OF Trent Grisham OF Heliot Ramos P Gerrit Cole P Sandy Alcantara SS Andruw Monasterio,,,
1149,5212248669,Blerud15 (4/20),0,116.5,1B Paul Goldschmidt 2B Xavier Edwards 3B Caleb Durbin C Joe Mack OF Ceddanne Rafaela OF Heliot Ramos OF Eli White P Gerrit Cole P Sandy Alcantara SS Andruw Monasterio,,,
1151,5211700008,Sammy.Boy (11/20),0,116.45,1B Kyle Stowers 2B Xavier Edwards 3B Caleb Durbin C Joe Mack OF Ceddanne Rafaela OF Jakob Marsee OF Eli White P Chris Sale P Gerrit Cole SS Otto Lopez,,,
1151,5211716711,T41129130907 (14/20),0,116.45,1B Willson Contreras 2B Xavier Edwards 3B Caleb Durbin C Moises Ballesteros OF Tyler Soderstrom OF Ceddanne Rafaela OF Eli White P Chris Sale P Gerrit Cole SS Andruw Monasterio,,,
1151,5211926290,mcafeend (14/20),0,116.45,1B Kyle Stowers 2B Xavier Edwards 3B Caleb Durbin C Joe Mack OF Ceddanne Rafaela OF Jakob Marsee OF Eli White P Chris Sale P Gerrit Cole SS Otto Lopez,,,
1151,5211952641,bbehnke20 (14/20),0,116.45,1B Willson Contreras 2B Xavier Edwards 3B Javier Sanoja C Joe Mack OF Ronald Acuna Jr. OF Heriberto Hernandez OF Owen Caissie P Chris Sale P Gerrit Cole SS Andruw Monasterio,,,
1151,5211970931,jrevelle3 (11/20),0,116.45,1B Willson Contreras 2B Nick Sogard 3B Tommy White C Jonah Heim OF Tyler Soderstrom OF Jarren Duran OF Henry Bolte P Chris Sale P Gerrit Cole SS Andruw Monasterio,,,
1151,5212130538,produceman09 (4/7),0,116.45,1B Nick Sogard 2B Xavier Edwards 3B Javier Sanoja C Connor Wong OF Jarren Duran OF Jakob Marsee OF Eli White P Chris Sale P Gerrit Cole SS Andruw Monasterio,,,
1151,5212132481,Toney367 (8/20),0,116.45,1B Willson Contreras 2B Alika Williams 3B Caleb Durbin C Drake Baldwin OF Ceddanne Rafaela OF Heliot Ramos OF Jahmai Jones P Chris Sale P Gerrit Cole SS Andruw Monasterio,,,
1151,5212149171,RemoteLIES (11/20),0,116.45,1B Willson Contreras 2B Xavier Edwards 3B Caleb Durbin C Joe Mack OF Ceddanne Rafaela OF Eli White OF Jahmai Jones P Chris Sale P Gerrit Cole SS Zach Neto,,,
1151,5212201042,devastato,0,116.45,1B Kyle Stowers 2B Xavier Edwards 3B Austin Riley C Jonah Heim OF Ceddanne Rafaela OF Heriberto Hernandez OF Jahmai Jones P Chris Sale P Gerrit Cole SS Zach Neto,,,
1151,5212230538,jlegrand22 (5/20),0,116.45,1B Willson Contreras 2B Nick Sogard 3B Javier Sanoja C Connor Wong OF Ceddanne Rafaela OF Henry Bolte OF Jakob Marsee P Chris Sale P Gerrit Cole SS Andruw Monasterio,,,
1161,5211842531,Gabe57 (10/20),0,116.399994,1B Ben Rice 2B Ozzie Albies 3B Austin Riley C Austin Wells OF Ronald Acuna Jr. OF Trent Grisham OF Spencer Jones P Walbert Urena P Sandy Alcantara SS Mauricio Dubon,,,
1162,5211746315,j-wolf05 (10/20),0,116,1B Matt Olson 2B Ozzie Albies 3B Tommy White C Drake Baldwin OF Ronald Acuna Jr. OF Henry Bolte OF Mike Yastrzemski P Chris Sale P Gage Jump SS Jacob Wilson,,,
1162,5212248681,Blerud15 (16/20),0,116,1B Matt Olson 2B Xavier Edwards 3B Javier Sanoja C Drake Baldwin OF Ronald Acuna Jr. OF Michael Harris II OF Jakob Marsee P Chris Sale P Gage Jump SS Jim Jarvis,,,
1162,5212251291,txsr123 (1/20),0,116,1B Matt Olson 2B Alika Williams 3B Max Muncy C Brian Serven OF Ronald Acuna Jr. OF Henry Bolte OF Mike Yastrzemski P Chris Sale P Gage Jump SS Jacob Wilson,,,
1162,5212251295,txsr123 (5/20),0,116,1B Matt Olson 2B Xavier Edwards 3B Javier Sanoja C Drake Baldwin OF Ronald Acuna Jr. OF Michael Harris II OF Jakob Marsee P Chris Sale P Gage Jump SS Jim Jarvis,,,
1166,5211890614,jw1984 (19/20),0,115.95,1B Willson Contreras 2B Nick Sogard 3B Caleb Durbin C Drake Baldwin OF Ronald Acuna Jr. OF Ceddanne Rafaela OF Mike Yastrzemski P Sandy Alcantara P Jake Bennett SS Andruw Monasterio,,,
1166,5211987044,ballaholick713 (2/20),0,115.95,1B Matt Olson 2B Xavier Edwards 3B Austin Riley C Drake Baldwin OF Ronald Acuna Jr. OF Javier Sanoja OF Mike Yastrzemski P Sandy Alcantara P Jake Bennett SS Otto Lopez,,,
1166,5212008903,mack69 (8/20),0,115.95,1B Kyle Stowers 2B Xavier Edwards 3B Caleb Durbin C Connor Wong OF Mike Trout OF Jarren Duran OF Jahmai Jones P Sandy Alcantara P Jake Bennett SS Andruw Monasterio,,,
1166,5212016272,moldova,0,115.95,1B Matt Olson 2B Xavier Edwards 3B Caleb Durbin C Jonah Heim OF Ronald Acuna Jr. OF Trent Grisham OF Michael Harris II P Sandy Alcantara P Jake Bennett SS Andruw Monasterio,,,
1166,5212200424,goaliman12 (19/20),0,115.95,1B Kyle Stowers 2B Xavier Edwards 3B Jose Caballero C Austin Wells OF Heliot Ramos OF Heriberto Hernandez OF Jakob Marsee P Sandy Alcantara P Jake Bennett SS Otto Lopez,,,
1171,5211700002,Sammy.Boy (5/20),0,115.9,1B Willson Contreras 2B Nick Sogard 3B Caleb Durbin C Drake Baldwin OF Ronald Acuna Jr. OF Michael Harris II OF Jahmai Jones P Chris Sale P Jake Bennett SS Andruw Monasterio,,,
1171,5211856719,Stree (2/20),0,115.9,1B Willson Contreras 2B Nick Sogard 3B Caleb Durbin C Drake Baldwin OF Ronald Acuna Jr. OF Michael Harris II OF Jahmai Jones P Chris Sale P Jake Bennett SS Andruw Monasterio,,,
1171,5211863177,whoisjohngalt420 (1/20),0,115.9,1B Willson Contreras 2B Nick Sogard 3B Caleb Durbin C Drake Baldwin OF Ronald Acuna Jr. OF Michael Harris II OF Jahmai Jones P Chris Sale P Jake Bennett SS Andruw Monasterio,,,
1171,5212197586,Skralph (2/20),0,115.9,1B Matt Olson 2B Ozzie Albies 3B Caleb Durbin C Drake Baldwin OF Ronald Acuna Jr. OF Jakob Marsee OF Jahmai Jones P Chris Sale P Jake Bennett SS Andruw Monasterio,,,
1175,5211895993,cowboys767 (16/20),0,115.85,1B Ben Rice 2B Ozzie Albies 3B Amed Rosario C Austin Wells OF Ceddanne Rafaela OF Heliot Ramos OF Henry Bolte P Gerrit Cole P Gage Jump SS Jose Caballero,,,
1176,5211700006,Sammy.Boy (9/20),0,115.649994,1B Matt Olson 2B Ozzie Albies 3B Caleb Durbin C Drake Baldwin OF Ceddanne Rafaela OF Jarren Duran OF Jahmai Jones P Chris Sale P Sandy Alcantara SS Andruw Monasterio,,,
1176,5211793737,m_dan12,0,115.649994,1B Willson Contreras 2B Nick Sogard 3B Caleb Durbin C Drake Baldwin OF Ceddanne Rafaela OF Michael Harris II OF Mike Yastrzemski P Chris Sale P Sandy Alcantara SS Andruw Monasterio,,,
1176,5211804963,TelepathicHalo,0,115.649994,1B Matt Olson 2B Ozzie Albies 3B Caleb Durbin C Drake Baldwin OF Ceddanne Rafaela OF Jarren Duran OF Jahmai Jones P Chris Sale P Sandy Alcantara SS Andruw Monasterio,,,
1176,5211835216,cachedinar (14/20),0,115.649994,1B Matt Olson 2B Ozzie Albies 3B Caleb Durbin C Drake Baldwin OF Ceddanne Rafaela OF Jarren Duran OF Jahmai Jones P Chris Sale P Sandy Alcantara SS Andruw Monasterio,,,
1176,5211856729,Stree (12/20),0,115.649994,1B Willson Contreras 2B Nick Sogard 3B Caleb Durbin C Joe Mack OF Jarren Duran OF Jakob Marsee OF Griffin Conine P Chris Sale P Sandy Alcantara SS Andruw Monasterio,,,
1176,5211857004,Bitmeee (12/20),0,115.649994,1B Willson Contreras 2B Nick Sogard 3B Caleb Durbin C Drake Baldwin OF Ceddanne Rafaela OF Michael Harris II OF Mike Yastrzemski P Chris Sale P Sandy Alcantara SS Andruw Monasterio,,,
1176,5211865503,SeanDre (4/20),0,115.649994,1B Matt Olson 2B Nick Sogard 3B Tommy White C Jonah Heim OF Jarren Duran OF Eli White OF Jahmai Jones P Chris Sale P Sandy Alcantara SS Andruw Monasterio,,,
1176,5211900156,leighton32 (3/13),0,115.649994,1B Matt Olson 2B Ozzie Albies 3B Caleb Durbin C Connor Wong OF Ceddanne Rafaela OF Michael Harris II OF Jahmai Jones P Chris Sale P Sandy Alcantara SS Andruw Monasterio,,,
1176,5211942996,bassguy39 (16/20),0,115.649994,1B Matt Olson 2B Ozzie Albies 3B Caleb Durbin C Drake Baldwin OF Ceddanne Rafaela OF Jarren Duran OF Jahmai Jones P Chris Sale P Sandy Alcantara SS Andruw Monasterio,,,
1176,5211945736,aquafinatim (18/20),0,115.649994,1B Matt Olson 2B Xavier Edwards 3B Javier Sanoja C Joe Mack OF Ronald Acuna Jr. OF Michael Harris II OF Owen Caissie P Chris Sale P Sandy Alcantara SS Otto Lopez,,,
1176,5211980685,rsumrall (5/20),0,115.649994,1B Willson Contreras 2B Ozzie Albies 3B Tommy White C Brian Serven OF Tyler Soderstrom OF Ceddanne Rafaela OF Henry Bolte P Chris Sale P Sandy Alcantara SS Jacob Wilson,,,
1176,5211987168,DreamchaserJC (6/20),0,115.649994,1B Willson Contreras 2B Xavier Edwards 3B Caleb Durbin C Joe Mack OF Ceddanne Rafaela OF Jarren Duran OF Jakob Marsee P Chris Sale P Sandy Alcantara SS Andruw Monasterio,,,
1176,5212023580,gopats2015,0,115.649994,1B Kyle Stowers 2B Nick Sogard 3B Caleb Durbin C Jonah Heim OF Ceddanne Rafaela OF Michael Harris II OF Heriberto Hernandez P Chris Sale P Sandy Alcantara SS Otto Lopez,,,
1176,5212044370,budaman3195,0,115.649994,1B Kyle Stowers 2B Xavier Edwards 3B Caleb Durbin C Joe Mack OF Mike Trout OF Tyler Soderstrom OF Heliot Ramos P Chris Sale P Sandy Alcantara SS Andruw Monasterio,,,
1176,5212046653,Deano4367,0,115.649994,1B Matt Olson 2B Ozzie Albies 3B Caleb Durbin C Drake Baldwin OF Michael Harris II OF Lawrence Butler OF Mike Yastrzemski P Chris Sale P Sandy Alcantara SS Andruw Monasterio,,,
1176,5212068414,Jimbobwae42,0,115.649994,1B Willson Contreras 2B Xavier Edwards 3B Caleb Durbin C Joe Mack OF Ceddanne Rafaela OF Jarren Duran OF Jakob Marsee P Chris Sale P Sandy Alcantara SS Andruw Monasterio,,,
1176,5212110493,JaserD (3/20),0,115.649994,1B Matt Olson 2B Ozzie Albies 3B Caleb Durbin C Drake Baldwin OF Michael Harris II OF Henry Bolte OF Mike Yastrzemski P Chris Sale P Sandy Alcantara SS Andruw Monasterio,,,
1176,5212123590,niquisition (16/20),0,115.649994,1B Kyle Stowers 2B Alika Williams 3B Tommy White C Jonah Heim OF Ronald Acuna Jr. OF Michael Harris II OF Henry Bolte P Chris Sale P Sandy Alcantara SS Jacob Wilson,,,
1176,5212151839,salatso22 (3/10),0,115.649994,1B Matt Olson 2B Ozzie Albies 3B Caleb Durbin C Connor Wong OF Ceddanne Rafaela OF Michael Harris II OF Jahmai Jones P Chris Sale P Sandy Alcantara SS Andruw Monasterio,,,
1176,5212156403,cw1tt (19/20),0,115.649994,1B Willson Contreras 2B Xavier Edwards 3B Caleb Durbin C Joe Mack OF Ceddanne Rafaela OF Michael Harris II OF Griffin Conine P Chris Sale P Sandy Alcantara SS Otto Lopez,,,
1176,5212181105,JoeNY07 (5/5),0,115.649994,1B Kyle Stowers 2B Ozzie Albies 3B Caleb Durbin C Austin Wells OF Wilyer Abreu OF Tyler Soderstrom OF Heliot Ramos P Chris Sale P Sandy Alcantara SS Jacob Wilson,,,
1176,5212190194,steviejane1113,0,115.649994,1B Willson Contreras 2B Xavier Edwards 3B Caleb Durbin C Jonah Heim OF Ceddanne Rafaela OF Jarren Duran OF Mauricio Dubon P Chris Sale P Sandy Alcantara SS Andruw Monasterio,,,
1176,5212199202,dantheman78 (1/20),0,115.649994,1B Matt Olson 2B Ozzie Albies 3B Caleb Durbin C Drake Baldwin OF Michael Harris II OF Henry Bolte OF Mike Yastrzemski P Chris Sale P Sandy Alcantara SS Andruw Monasterio,,,
1176,5212225499,rambito (11/20),0,115.649994,1B Matt Olson 2B Ozzie Albies 3B Caleb Durbin C Drake Baldwin OF Ceddanne Rafaela OF Jarren Duran OF Jahmai Jones P Chris Sale P Sandy Alcantara SS Andruw Monasterio,,,
1176,5212251114,18Peyton,0,115.649994,1B Matt Olson 2B Ozzie Albies 3B Caleb Durbin C Drake Baldwin OF Ceddanne Rafaela OF Jarren Duran OF Jahmai Jones P Chris Sale P Sandy Alcantara SS Andruw Monasterio,,,
1176,5212256339,lilmaryy (10/11),0,115.649994,1B Matt Olson 2B Ozzie Albies 3B Amed Rosario C Joe Mack OF Ronald Acuna Jr. OF Spencer Jones OF Mike Yastrzemski P Chris Sale P Sandy Alcantara SS Mauricio Dubon,,,
1202,5211780342,Anthonykorobellis (10/20),0,115.5,1B Ben Rice 2B Nick Sogard 3B Amed Rosario C Jonah Heim OF Trent Grisham OF Heliot Ramos OF Jarren Duran P Gerrit Cole P Sandy Alcantara SS Andruw Monasterio,,,
1202,5212064693,henry296 (11/20),0,115.5,1B Paul Goldschmidt 2B Xavier Edwards 3B Amed Rosario C Austin Wells OF Trent Grisham OF Michael Harris II OF Jarren Duran P Gerrit Cole P Sandy Alcantara SS Jose Caballero,,,
1204,5211820274,bellsofwar3 (9/20),0,115.45,1B Nolan Schanuel 2B Vaughn Grissom 3B Caleb Durbin C Connor Wong OF Jarren Duran OF Wade Meckler OF Jahmai Jones P Chris Sale P Gerrit Cole SS Otto Lopez,,,
1204,5211835205,cachedinar (3/20),0,115.45,1B Willson Contreras 2B Nick Sogard 3B Caleb Durbin C Jonah Heim OF Mike Trout OF Jakob Marsee OF Eli White P Chris Sale P Gerrit Cole SS Andruw Monasterio,,,
1204,5211856718,Stree (1/20),0,115.45,1B Kyle Stowers 2B Xavier Edwards 3B Denzer Guzman C Brian Serven OF Mike Trout OF Jakob Marsee OF Griffin Conine P Chris Sale P Gerrit Cole SS Otto Lopez,,,
1204,5211917247,ghosey (2/2),0,115.45,1B Willson Contreras 2B Nick Sogard 3B Caleb Durbin C Connor Wong OF Ronald Acuna Jr. OF Ceddanne Rafaela OF Henry Bolte P Chris Sale P Gerrit Cole SS Jim Jarvis,,,
1204,5211945728,aquafinatim (10/20),0,115.45,1B Willson Contreras 2B Vaughn Grissom 3B Caleb Durbin C Jonah Heim OF Mike Trout OF Eli White OF Jahmai Jones P Chris Sale P Gerrit Cole SS Andruw Monasterio,,,
1204,5211990737,KristianFTM (19/20),0,115.45,1B Willson Contreras 2B Nick Sogard 3B Caleb Durbin C Jonah Heim OF Mike Trout OF Henry Bolte OF Eli White P Chris Sale P Gerrit Cole SS Andruw Monasterio,,,
1204,5212006026,jaakko (3/6),0,115.45,1B Willson Contreras 2B Nick Sogard 3B Caleb Durbin C Jonah Heim OF Ceddanne Rafaela OF Heriberto Hernandez OF Griffin Conine P Chris Sale P Gerrit Cole SS Andruw Monasterio,,,
1204,5212009850,chrism0rgan (14/20),0,115.45,1B Willson Contreras 2B Xavier Edwards 3B Caleb Durbin C Joe Mack OF Ceddanne Rafaela OF Javier Sanoja OF Owen Caissie P Chris Sale P Gerrit Cole SS Otto Lopez,,,
1204,5212075725,mlief (3/20),0,115.45,1B Ben Rice 2B Nick Sogard 3B Caleb Durbin C Connor Wong OF Ceddanne Rafaela OF Jarren Duran OF Griffin Conine P Chris Sale P Gerrit Cole SS Otto Lopez,,,
1204,5212095513,woodreb5 (4/20),0,115.45,1B Kyle Stowers 2B Xavier Edwards 3B Caleb Durbin C Joe Mack OF Mike Trout OF Griffin Conine OF Wade Meckler P Chris Sale P Gerrit Cole SS Otto Lopez,,,
1204,5212141201,ac919 (1/20),0,115.45,1B Willson Contreras 2B Xavier Edwards 3B Caleb Durbin C Moises Ballesteros OF Mike Trout OF Eli White OF Jahmai Jones P Chris Sale P Gerrit Cole SS Zach Neto,,,
1204,5212143108,michaelaedelstein (5/5),0,115.45,1B Kyle Stowers 2B Xavier Edwards 3B Caleb Durbin C Connor Wong OF Ceddanne Rafaela OF Heriberto Hernandez OF Griffin Conine P Chris Sale P Gerrit Cole SS Otto Lopez,,,
1204,5212184728,Mrboozer,0,115.45,1B Kyle Stowers 2B Xavier Edwards 3B Caleb Durbin C Connor Wong OF Mike Trout OF Michael Harris II OF Jahmai Jones P Chris Sale P Gerrit Cole SS Zach Neto,,,
1204,5212189760,errn123,0,115.45,1B Nick Sogard 2B Xavier Edwards 3B Caleb Durbin C Agustin Ramirez OF Wilyer Abreu OF Ceddanne Rafaela OF Heriberto Hernandez P Chris Sale P Gerrit Cole SS Andruw Monasterio,,,
1204,5212246056,snajuice (13/20),0,115.45,1B Willson Contreras 2B Nick Sogard 3B Caleb Durbin C Brian Serven OF Ceddanne Rafaela OF Jarren Duran OF Jakob Marsee P Chris Sale P Gerrit Cole SS Otto Lopez,,,
1204,5212252835,colonelforbin22 (6/6),0,115.45,1B Kyle Stowers 2B Xavier Edwards 3B Caleb Durbin C Joe Mack OF Ceddanne Rafaela OF Heriberto Hernandez OF Griffin Conine P Chris Sale P Gerrit Cole SS Jacob Wilson,,,
1220,5212008905,mack69 (10/20),0,115.399994,1B Willson Contreras 2B Xavier Edwards 3B Caleb Durbin C Jonah Heim OF Jarren Duran OF Eli White OF Jahmai Jones P Walbert Urena P Sandy Alcantara SS Jacob Wilson,,,
1221,5212116743,DaPharmer (2/3),0,115.35,1B Kyle Stowers 2B Xavier Edwards 3B Caleb Durbin C Jonah Heim OF Ronald Acuna Jr. OF Ceddanne Rafaela OF Jahmai Jones P Chris Sale P Walbert Urena SS Jacob Wilson,,,
1222,5211835220,cachedinar (18/20),0,115.05,1B Paul Goldschmidt 2B Ozzie Albies 3B Amed Rosario C Drake Baldwin OF Ronald Acuna Jr. OF Michael Harris II OF Heliot Ramos P Sandy Alcantara P Gage Jump SS George Lombard Jr.,,,
1222,5211987046,ballaholick713 (4/20),0,115.05,1B Kyle Stowers 2B Ozzie Albies 3B Austin Riley C Drake Baldwin OF Ronald Acuna Jr. OF Michael Harris II OF Heriberto Hernandez P Sandy Alcantara P Gage Jump SS Otto Lopez,,,
1224,5211926195,pat_the_hat2 (13/20),0,115,1B Matt Olson 2B Xavier Edwards 3B Javier Sanoja C Joe Mack OF Ronald Acuna Jr. OF Michael Harris II OF Heriberto Hernandez P Chris Sale P Gage Jump SS Otto Lopez,,,
1225,5211661912,SliceB,0,114.95,1B Nick Sogard 2B Ozzie Albies 3B Caleb Durbin C Drake Baldwin OF Ronald Acuna Jr. OF Ceddanne Rafaela OF Jarren Duran P Sandy Alcantara P Jake Bennett SS George Lombard Jr.,,,
1225,5212112858,meyers2305 (4/20),0,114.95,1B Matt Olson 2B Ozzie Albies 3B Caleb Durbin C Drake Baldwin OF Ronald Acuna Jr. OF Ceddanne Rafaela OF Jahmai Jones P Sandy Alcantara P Jake Bennett SS Mauricio Dubon,,,
1225,5212123417,willypieface,0,114.95,1B Matt Olson 2B Xavier Edwards 3B Caleb Durbin C Drake Baldwin OF Ronald Acuna Jr. OF Ceddanne Rafaela OF Heliot Ramos P Sandy Alcantara P Jake Bennett SS George Lombard Jr.,,,
1225,5212170256,itrevinoz2 (8/12),0,114.95,1B Matt Olson 2B Xavier Edwards 3B Caleb Durbin C Drake Baldwin OF Ronald Acuna Jr. OF Michael Harris II OF Heliot Ramos P Sandy Alcantara P Jake Bennett SS George Lombard Jr.,,,
1229,5211792430,Swishdakyng (20/20),0,114.9,1B Paul Goldschmidt 2B Xavier Edwards 3B Javier Sanoja C Joe Mack OF Jarren Duran OF Jakob Marsee OF Jahmai Jones P Chris Sale P Jake Bennett SS Otto Lopez,,,
1230,5212026013,rschindler14 (19/20),0,114.85,1B Matt Olson 2B Xavier Edwards 3B Amed Rosario C Drake Baldwin OF Trent Grisham OF Heliot Ramos OF Owen Caissie P Gerrit Cole P Gage Jump SS George Lombard Jr.,,,
1231,5211619562,melvincali (2/20),0,114.75,1B Paul Goldschmidt 2B Nick Sogard 3B Caleb Durbin C Connor Wong OF Ceddanne Rafaela OF Heliot Ramos OF Jahmai Jones P Gerrit Cole P Jake Bennett SS Otto Lopez,,,
1231,5211792429,Swishdakyng (19/20),0,114.75,1B Paul Goldschmidt 2B Xavier Edwards 3B Max Muncy C Austin Wells OF Ceddanne Rafaela OF Heliot Ramos OF Spencer Jones P Gerrit Cole P Jake Bennett SS Otto Lopez,,,
1231,5212033301,dreday17,0,114.75,1B Nick Sogard 2B Xavier Edwards 3B Denzer Guzman C Drake Baldwin OF Mike Trout OF Tyler Soderstrom OF Trent Grisham P Gerrit Cole P Jake Bennett SS Otto Lopez,,,
1234,5211716708,T41129130907 (11/20),0,114.649994,1B Paul Goldschmidt 2B Ozzie Albies 3B Austin Riley C Drake Baldwin OF Ronald Acuna Jr. OF Henry Bolte OF Mauricio Dubon P Chris Sale P Sandy Alcantara SS Andruw Monasterio,,,
1234,5211746319,j-wolf05 (14/20),0,114.649994,1B Matt Olson 2B Ozzie Albies 3B Caleb Durbin C Drake Baldwin OF Ceddanne Rafaela OF Michael Harris II OF Jahmai Jones P Chris Sale P Sandy Alcantara SS Mauricio Dubon,,,
1234,5211770617,peltifreeze89 (3/20),0,114.649994,1B Kyle Stowers 2B Nick Sogard 3B Caleb Durbin C Drake Baldwin OF Ceddanne Rafaela OF Jakob Marsee OF Eli White P Chris Sale P Sandy Alcantara SS Andruw Monasterio,,,
1234,5211780337,Anthonykorobellis (5/20),0,114.649994,1B Willson Contreras 2B Ozzie Albies 3B Austin Riley C Drake Baldwin OF Henry Bolte OF Mike Yastrzemski OF Mauricio Dubon P Chris Sale P Sandy Alcantara SS Jacob Wilson,,,
1234,5211820275,bellsofwar3 (10/20),0,114.649994,1B Matt Olson 2B Nick Sogard 3B Austin Riley C Drake Baldwin OF Ceddanne Rafaela OF Eli White OF Jahmai Jones P Chris Sale P Sandy Alcantara SS Andruw Monasterio,,,
1234,5211835075,ariric864,0,114.649994,1B Kyle Stowers 2B Nick Sogard 3B Caleb Durbin C Brian Serven OF Ronald Acuna Jr. OF Ceddanne Rafaela OF Jarren Duran P Chris Sale P Sandy Alcantara SS Andruw Monasterio,,,
1234,5211866470,az350z (14/20),0,114.649994,1B Willson Contreras 2B Xavier Edwards 3B Caleb Durbin C Drake Baldwin OF Ceddanne Rafaela OF Griffin Conine OF Eli White P Chris Sale P Sandy Alcantara SS Andruw Monasterio,,,
1234,5211885585,intension,0,114.649994,1B Willson Contreras 2B Ozzie Albies 3B Caleb Durbin C Drake Baldwin OF Ceddanne Rafaela OF Jarren Duran OF Jahmai Jones P Chris Sale P Sandy Alcantara SS Mauricio Dubon,,,
1234,5211886684,TroyGilly91 (3/5),0,114.649994,1B Willson Contreras 2B Nick Sogard 3B Caleb Durbin C Connor Wong OF Ceddanne Rafaela OF Heriberto Hernandez OF Griffin Conine P Chris Sale P Sandy Alcantara SS Otto Lopez,,,
1234,5211903536,cwthrow24 (3/20),0,114.649994,1B Kyle Stowers 2B Nick Sogard 3B Caleb Durbin C Brian Serven OF Ronald Acuna Jr. OF Ceddanne Rafaela OF Jarren Duran P Chris Sale P Sandy Alcantara SS Andruw Monasterio,,,
1234,5211920274,rod288 (1/20),0,114.649994,1B Willson Contreras 2B Ozzie Albies 3B Caleb Durbin C Drake Baldwin OF Michael Harris II OF Henry Bolte OF Mike Yastrzemski P Chris Sale P Sandy Alcantara SS Mauricio Dubon,,,
1234,5211926295,mcafeend (19/20),0,114.649994,1B Matt Olson 2B Ozzie Albies 3B Caleb Durbin C Drake Baldwin OF Ceddanne Rafaela OF Michael Harris II OF Jahmai Jones P Chris Sale P Sandy Alcantara SS Mauricio Dubon,,,
1234,5212009853,chrism0rgan (17/20),0,114.649994,1B Willson Contreras 2B Alika Williams 3B Tommy White C Drake Baldwin OF Tyler Soderstrom OF Ceddanne Rafaela OF Henry Bolte P Chris Sale P Sandy Alcantara SS Jacob Wilson,,,
1234,5212013392,zandwich (13/20),0,114.649994,1B Matt Olson 2B Xavier Edwards 3B Caleb Durbin C Brian Serven OF Ronald Acuna Jr. OF Ceddanne Rafaela OF Michael Harris II P Chris Sale P Sandy Alcantara SS Jim Jarvis,,,
1234,5212073833,meodette (9/20),0,114.649994,1B Willson Contreras 2B Nick Sogard 3B Caleb Durbin C Connor Wong OF Ceddanne Rafaela OF Heriberto Hernandez OF Griffin Conine P Chris Sale P Sandy Alcantara SS Otto Lopez,,,
1234,5212083926,ckcash64 (11/20),0,114.649994,1B Willson Contreras 2B Ozzie Albies 3B Caleb Durbin C Drake Baldwin OF Ceddanne Rafaela OF Jarren Duran OF Jahmai Jones P Chris Sale P Sandy Alcantara SS Mauricio Dubon,,,
1234,5212083929,ckcash64 (14/20),0,114.649994,1B Kyle Stowers 2B Nick Sogard 3B Caleb Durbin C Drake Baldwin OF Ceddanne Rafaela OF Jarren Duran OF Jahmai Jones P Chris Sale P Sandy Alcantara SS Zach Neto,,,
1234,5212089474,mrclean913 (18/20),0,114.649994,1B Matt Olson 2B Nick Sogard 3B Austin Riley C Drake Baldwin OF Ronald Acuna Jr. OF Mike Yastrzemski OF Eli White P Chris Sale P Sandy Alcantara SS Otto Lopez,,,
1234,5212095517,woodreb5 (8/20),0,114.649994,1B Willson Contreras 2B Nick Sogard 3B Caleb Durbin C Drake Baldwin OF Michael Harris II OF Mike Yastrzemski OF Eli White P Chris Sale P Sandy Alcantara SS Andruw Monasterio,,,
1234,5212103608,KelvinDubs (6/20),0,114.649994,1B Willson Contreras 2B Nick Sogard 3B Max Muncy C Jonah Heim OF Ronald Acuna Jr. OF Jarren Duran OF Lawrence Butler P Chris Sale P Sandy Alcantara SS Andruw Monasterio,,,
1234,5212104116,TY54321 (8/20),0,114.649994,1B Matt Olson 2B Ozzie Albies 3B Caleb Durbin C Drake Baldwin OF Ceddanne Rafaela OF Michael Harris II OF Jahmai Jones P Chris Sale P Sandy Alcantara SS Mauricio Dubon,,,
1234,5212121431,Chadg20 (11/20),0,114.649994,1B Willson Contreras 2B Ozzie Albies 3B Caleb Durbin C Drake Baldwin OF Ceddanne Rafaela OF Jarren Duran OF Jahmai Jones P Chris Sale P Sandy Alcantara SS Jose Caballero,,,
1234,5212124241,BadMOFO55,0,114.649994,1B Kyle Stowers 2B Xavier Edwards 3B Caleb Durbin C Joe Mack OF Ceddanne Rafaela OF Michael Harris II OF Griffin Conine P Chris Sale P Sandy Alcantara SS Jacob Wilson,,,
1234,5212149167,RemoteLIES (7/20),0,114.649994,1B Matt Olson 2B Nick Sogard 3B Caleb Durbin C Drake Baldwin OF Ceddanne Rafaela OF Eli White OF Jahmai Jones P Chris Sale P Sandy Alcantara SS Zach Neto,,,
1234,5212151840,salatso22 (4/10),0,114.649994,1B Willson Contreras 2B Ozzie Albies 3B Caleb Durbin C Drake Baldwin OF Ceddanne Rafaela OF Jarren Duran OF Jahmai Jones P Chris Sale P Sandy Alcantara SS Mauricio Dubon,,,
1234,5212163379,lklk88088 (14/20),0,114.649994,1B Matt Olson 2B Ozzie Albies 3B Caleb Durbin C Drake Baldwin OF Ceddanne Rafaela OF Michael Harris II OF Jahmai Jones P Chris Sale P Sandy Alcantara SS Mauricio Dubon,,,
1234,5212163715,TheFH (19/20),0,114.649994,1B Matt Olson 2B Ozzie Albies 3B Caleb Durbin C Drake Baldwin OF Ceddanne Rafaela OF Michael Harris II OF Jahmai Jones P Chris Sale P Sandy Alcantara SS Mauricio Dubon,,,
1234,5212233318,monkey_monkey,0,114.649994,1B Matt Olson 2B Xavier Edwards 3B Caleb Durbin C Connor Wong OF Tyler Soderstrom OF Ceddanne Rafaela OF Jarren Duran P Chris Sale P Sandy Alcantara SS Andruw Monasterio,,,
1234,5212246058,snajuice (15/20),0,114.649994,1B Matt Olson 2B Xavier Edwards 3B Caleb Durbin C Connor Wong OF Mike Trout OF Ceddanne Rafaela OF Jakob Marsee P Chris Sale P Sandy Alcantara SS Andruw Monasterio,,,
1234,5212252025,jeffylube (13/20),0,114.649994,1B Kyle Stowers 2B Xavier Edwards 3B Austin Riley C Drake Baldwin OF Ronald Acuna Jr. OF Michael Harris II OF Jakob Marsee P Chris Sale P Sandy Alcantara SS Jim Jarvis,,,
1264,5211734434,kreller17 (20/20),0,114.5,1B Paul Goldschmidt 2B Nick Sogard 3B Caleb Durbin C Connor Wong OF Ceddanne Rafaela OF Heliot Ramos OF Eli White P Gerrit Cole P Sandy Alcantara SS Jacob Wilson,,,
1264,5211879576,stevenhenry43211 (14/20),0,114.5,1B Kyle Stowers 2B Vaughn Grissom 3B Jose Caballero C Jonah Heim OF Ronald Acuna Jr. OF Trent Grisham OF Heliot Ramos P Gerrit Cole P Sandy Alcantara SS Jacob Wilson,,,
1264,5212200425,goaliman12 (20/20),0,114.5,1B Ben Rice 2B Nick Sogard 3B Amed Rosario C Austin Wells OF Ceddanne Rafaela OF Heliot Ramos OF Eli White P Gerrit Cole P Sandy Alcantara SS Jose Caballero,,,
1264,5212209979,SaucyJack1001 (4/4),0,114.5,1B Ben Rice 2B Xavier Edwards 3B Amed Rosario C Joe Mack OF Ronald Acuna Jr. OF Ceddanne Rafaela OF Josh Lowe P Gerrit Cole P Sandy Alcantara SS Zach Neto,,,
1268,5211865507,SeanDre (8/20),0,114.45,1B Willson Contreras 2B Nick Sogard 3B Max Muncy C Jonah Heim OF Jarren Duran OF Henry Bolte OF Lawrence Butler P Chris Sale P Gerrit Cole SS Jacob Wilson,,,
1268,5212009852,chrism0rgan (16/20),0,114.45,1B Kyle Stowers 2B Alika Williams 3B Tommy White C Jonah Heim OF Tyler Soderstrom OF Ceddanne Rafaela OF Lawrence Butler P Chris Sale P Gerrit Cole SS Otto Lopez,,,
1268,5212112873,meyers2305 (19/20),0,114.45,1B Kyle Stowers 2B Xavier Edwards 3B Javier Sanoja C Tyler Heineman OF Ceddanne Rafaela OF Jakob Marsee OF Josh Lowe P Chris Sale P Gerrit Cole SS Otto Lopez,,,
1268,5212230541,jlegrand22 (8/20),0,114.45,1B Willson Contreras 2B Xavier Edwards 3B Caleb Durbin C Moises Ballesteros OF Ceddanne Rafaela OF Jakob Marsee OF Eli White P Chris Sale P Gerrit Cole SS Andruw Monasterio,,,
1272,5211895982,cowboys767 (5/20),0,114.2,1B Ben Rice 2B Xavier Edwards 3B Caleb Durbin C Connor Wong OF Ceddanne Rafaela OF Heliot Ramos OF Jahmai Jones P Gerrit Cole P Walbert Urena SS Andruw Monasterio,,,
1273,5211770624,peltifreeze89 (10/20),0,114.05,1B Ben Rice 2B Ozzie Albies 3B Amed Rosario C Drake Baldwin OF Ronald Acuna Jr. OF Trent Grisham OF Heliot Ramos P Sandy Alcantara P Gage Jump SS Jose Caballero,,,
1274,5211797180,bill17jackson,0,114,1B Nolan Schanuel 2B Xavier Edwards 3B Tommy White C Jonah Heim OF Ronald Acuna Jr. OF Mike Trout OF Michael Harris II P Chris Sale P Gage Jump SS Otto Lopez,,,
1274,5211926278,mcafeend (2/20),0,114,1B Kyle Stowers 2B Xavier Edwards 3B Austin Riley C Drake Baldwin OF Ronald Acuna Jr. OF Michael Harris II OF Mauricio Dubon P Chris Sale P Gage Jump SS Otto Lopez,,,
1274,5211927558,underdogz2K15 (2/2),0,114,1B Willson Contreras 2B Nick Sogard 3B Caleb Durbin C Connor Wong OF Ronald Acuna Jr. OF Mike Trout OF Mauricio Dubon P Chris Sale P Gage Jump SS Andruw Monasterio,,,
1277,5211792623,JBH3,0,113.95,1B Willson Contreras 2B Nick Sogard 3B Caleb Durbin C Drake Baldwin OF Ronald Acuna Jr. OF Ceddanne Rafaela OF Griffin Conine P Sandy Alcantara P Jake Bennett SS Otto Lopez,,,
1277,5211987179,DreamchaserJC (17/20),0,113.95,1B Kyle Stowers 2B Xavier Edwards 3B Caleb Durbin C Connor Wong OF Ceddanne Rafaela OF Heriberto Hernandez OF Jakob Marsee P Sandy Alcantara P Jake Bennett SS Otto Lopez,,,
1277,5212189081,OldEnglishChains (1/3),0,113.95,1B Willson Contreras 2B Xavier Edwards 3B Caleb Durbin C Drake Baldwin OF Ceddanne Rafaela OF Michael Harris II OF Henry Bolte P Sandy Alcantara P Jake Bennett SS Otto Lopez,,,
1277,5212189082,OldEnglishChains (2/3),0,113.95,1B Willson Contreras 2B Xavier Edwards 3B Caleb Durbin C Drake Baldwin OF Ceddanne Rafaela OF Michael Harris II OF Henry Bolte P Sandy Alcantara P Jake Bennett SS Otto Lopez,,,
1277,5212189083,OldEnglishChains (3/3),0,113.95,1B Willson Contreras 2B Xavier Edwards 3B Caleb Durbin C Drake Baldwin OF Ceddanne Rafaela OF Michael Harris II OF Henry Bolte P Sandy Alcantara P Jake Bennett SS Otto Lopez,,,
1282,5211619564,melvincali (4/20),0,113.9,1B Kyle Stowers 2B Xavier Edwards 3B Caleb Durbin C Connor Wong OF Jarren Duran OF Jakob Marsee OF Jahmai Jones P Chris Sale P Jake Bennett SS Andruw Monasterio,,,
1282,5212081528,Awalker3081 (17/20),0,113.9,1B Kyle Stowers 2B Nick Sogard 3B Javier Sanoja C Connor Wong OF Heriberto Hernandez OF Jakob Marsee OF Jahmai Jones P Chris Sale P Jake Bennett SS Otto Lopez,,,
1282,5212197588,Skralph (4/20),0,113.9,1B Matt Olson 2B Xavier Edwards 3B Caleb Durbin C Drake Baldwin OF Ronald Acuna Jr. OF Michael Harris II OF Jahmai Jones P Chris Sale P Jake Bennett SS Mauricio Dubon,,,
1285,5212204557,mariobr1709 (11/20),0,113.85,1B Paul Goldschmidt 2B Alika Williams 3B Amed Rosario C Jonah Heim OF Trent Grisham OF Heliot Ramos OF Henry Bolte P Gerrit Cole P Gage Jump SS Jacob Wilson,,,
1286,5211580862,ivymoose (5/20),0,113.649994,1B Willson Contreras 2B Alika Williams 3B Caleb Durbin C Jonah Heim OF Ceddanne Rafaela OF Jarren Duran OF Henry Bolte P Chris Sale P Sandy Alcantara SS Jacob Wilson,,,
1286,5211792413,Swishdakyng (3/20),0,113.649994,1B Matt Olson 2B Ozzie Albies 3B Caleb Durbin C Drake Baldwin OF Michael Harris II OF Eli White OF Jahmai Jones P Chris Sale P Sandy Alcantara SS Mauricio Dubon,,,
1286,5211857003,Bitmeee (11/20),0,113.649994,1B Kyle Stowers 2B Xavier Edwards 3B Caleb Durbin C Connor Wong OF Ronald Acuna Jr. OF Jarren Duran OF Eli White P Chris Sale P Sandy Alcantara SS Andruw Monasterio,,,
1286,5211896872,UniversalFriend (14/20),0,113.649994,1B Matt Olson 2B Alika Williams 3B Tommy White C Brian Serven OF Ronald Acuna Jr. OF Tyler Soderstrom OF Michael Harris II P Chris Sale P Sandy Alcantara SS Jacob Wilson,,,
1286,5211926328,thundrenterprises (8/20),0,113.649994,1B Kyle Stowers 2B Alika Williams 3B Tommy White C Drake Baldwin OF Tyler Soderstrom OF Ceddanne Rafaela OF Henry Bolte P Chris Sale P Sandy Alcantara SS Jacob Wilson,,,
1286,5211947140,JcClark18 (20/20),0,113.649994,1B Willson Contreras 2B Alika Williams 3B Max Muncy C Jonah Heim OF Ronald Acuna Jr. OF Ceddanne Rafaela OF Henry Bolte P Chris Sale P Sandy Alcantara SS Jacob Wilson,,,
1286,5212035004,CrazyLegs_23,0,113.649994,1B Kyle Stowers 2B Xavier Edwards 3B Caleb Durbin C Drake Baldwin OF Ceddanne Rafaela OF Jarren Duran OF Mauricio Dubon P Chris Sale P Sandy Alcantara SS Otto Lopez,,,
1286,5212051125,LRoyTheKing (2/2),0,113.649994,1B Kyle Stowers 2B Xavier Edwards 3B Caleb Durbin C Drake Baldwin OF Mike Trout OF Heriberto Hernandez OF Griffin Conine P Chris Sale P Sandy Alcantara SS Mauricio Dubon,,,
1286,5212083922,ckcash64 (7/20),0,113.649994,1B Willson Contreras 2B Vaughn Grissom 3B Caleb Durbin C Connor Wong OF Ronald Acuna Jr. OF Ceddanne Rafaela OF Jahmai Jones P Chris Sale P Sandy Alcantara SS Zach Neto,,,
1286,5212089647,chauboodle,0,113.649994,1B Kyle Stowers 2B Xavier Edwards 3B Caleb Durbin C Connor Wong OF Mike Trout OF Ceddanne Rafaela OF Griffin Conine P Chris Sale P Sandy Alcantara SS Otto Lopez,,,
1286,5212110510,JaserD (20/20),0,113.649994,1B Matt Olson 2B Alika Williams 3B Tommy White C Jonah Heim OF Ronald Acuna Jr. OF Michael Harris II OF Henry Bolte P Chris Sale P Sandy Alcantara SS Jacob Wilson,,,
1286,5212123584,niquisition (10/20),0,113.649994,1B Kyle Stowers 2B Xavier Edwards 3B Javier Sanoja C Drake Baldwin OF Ronald Acuna Jr. OF Michael Harris II OF Owen Caissie P Chris Sale P Sandy Alcantara SS Mauricio Dubon,,,
1286,5212132475,Toney367 (2/20),0,113.649994,1B Kyle Stowers 2B Xavier Edwards 3B Austin Riley C Joe Mack OF Ronald Acuna Jr. OF Michael Harris II OF Jakob Marsee P Chris Sale P Sandy Alcantara SS Mauricio Dubon,,,
1286,5212163711,TheFH (15/20),0,113.649994,1B Willson Contreras 2B Xavier Edwards 3B Caleb Durbin C Connor Wong OF Ceddanne Rafaela OF Heriberto Hernandez OF Eli White P Chris Sale P Sandy Alcantara SS Otto Lopez,,,
1286,5212199218,dantheman78 (17/20),0,113.649994,1B Kyle Stowers 2B Xavier Edwards 3B Caleb Durbin C Joe Mack OF Ceddanne Rafaela OF Michael Harris II OF Heriberto Hernandez P Chris Sale P Sandy Alcantara SS Otto Lopez,,,
1286,5212223625,DMATH,0,113.649994,1B Matt Olson 2B Xavier Edwards 3B Caleb Durbin C Drake Baldwin OF Ceddanne Rafaela OF Heriberto Hernandez OF Eli White P Chris Sale P Sandy Alcantara SS Jacob Wilson,,,
1286,5212243532,BuckeyeCity (13/20),0,113.649994,1B Willson Contreras 2B Alika Williams 3B Max Muncy C Jonah Heim OF Ronald Acuna Jr. OF Michael Harris II OF Henry Bolte P Chris Sale P Sandy Alcantara SS Jacob Wilson,,,
1286,5212246057,snajuice (14/20),0,113.649994,1B Kyle Stowers 2B Xavier Edwards 3B Caleb Durbin C Connor Wong OF Mike Trout OF Ceddanne Rafaela OF Griffin Conine P Chris Sale P Sandy Alcantara SS Otto Lopez,,,
1304,5211580872,ivymoose (15/20),0,113.5,1B Paul Goldschmidt 2B Nick Sogard 3B Caleb Durbin C Connor Wong OF Trent Grisham OF Heliot Ramos OF Jarren Duran P Gerrit Cole P Sandy Alcantara SS Andruw Monasterio,,,
1304,5211865517,SeanDre (18/20),0,113.5,1B Willson Contreras 2B Nick Sogard 3B Amed Rosario C Jonah Heim OF Jarren Duran OF Lawrence Butler OF Eli White P Gerrit Cole P Sandy Alcantara SS Andruw Monasterio,,,
1304,5211914058,drunkonpappy (15/20),0,113.5,1B Paul Goldschmidt 2B Xavier Edwards 3B Caleb Durbin C Connor Wong OF Heliot Ramos OF Jarren Duran OF Eli White P Gerrit Cole P Sandy Alcantara SS Andruw Monasterio,,,
1307,5211736383,jmason247 (13/20),0,113.45,1B Kyle Stowers 2B Alika Williams 3B Vaughn Grissom C Jonah Heim OF Tyler Soderstrom OF Henry Bolte OF Owen Caissie P Chris Sale P Gerrit Cole SS Jacob Wilson,,,
1307,5211754831,tbjones2121 (11/20),0,113.45,1B Willson Contreras 2B Nick Sogard 3B Caleb Durbin C Connor Wong OF Mike Trout OF Heriberto Hernandez OF Henry Bolte P Chris Sale P Gerrit Cole SS Andruw Monasterio,,,
1307,5211875804,Scottyj316 (17/20),0,113.45,1B Willson Contreras 2B Xavier Edwards 3B Caleb Durbin C Joe Mack OF Jarren Duran OF Eli White OF Jahmai Jones P Chris Sale P Gerrit Cole SS Zach Neto,,,
1307,5211914062,drunkonpappy (19/20),0,113.45,1B Kyle Stowers 2B Xavier Edwards 3B Caleb Durbin C Connor Wong OF Ceddanne Rafaela OF Henry Bolte OF Eli White P Chris Sale P Gerrit Cole SS Andruw Monasterio,,,
1307,5211926287,mcafeend (11/20),0,113.45,1B Willson Contreras 2B Xavier Edwards 3B Caleb Durbin C Brian Serven OF Ceddanne Rafaela OF Wade Meckler OF Eli White P Chris Sale P Gerrit Cole SS Andruw Monasterio,,,
1307,5212183155,collincaleb (1/2),0,113.45,1B Kyle Stowers 2B Xavier Edwards 3B Caleb Durbin C Drake Baldwin OF Ceddanne Rafaela OF Griffin Conine OF Eli White P Chris Sale P Gerrit Cole SS Otto Lopez,,,
1307,5212183322,collincaleb (2/2),0,113.45,1B Kyle Stowers 2B Xavier Edwards 3B Caleb Durbin C Drake Baldwin OF Ceddanne Rafaela OF Griffin Conine OF Eli White P Chris Sale P Gerrit Cole SS Otto Lopez,,,
1307,5212206076,jjimka66 (11/20),0,113.45,1B Willson Contreras 2B Xavier Edwards 3B Caleb Durbin C Joe Mack OF Jarren Duran OF Heriberto Hernandez OF Griffin Conine P Chris Sale P Gerrit Cole SS Otto Lopez,,,
1307,5212234839,Johncade1313,0,113.45,1B Kyle Stowers 2B Xavier Edwards 3B Caleb Durbin C Connor Wong OF Tyler Soderstrom OF Ceddanne Rafaela OF Jarren Duran P Chris Sale P Gerrit Cole SS Andruw Monasterio,,,
1316,5212242406,BigMart11 (9/20),0,113,1B Kyle Stowers 2B Vaughn Grissom 3B Max Muncy C Brian Serven OF Ronald Acuna Jr. OF Henry Bolte OF Jakob Marsee P Chris Sale P Gage Jump SS Jacob Wilson,,,
1317,5211942999,bassguy39 (19/20),0,112.95,1B Kyle Stowers 2B Xavier Edwards 3B Austin Riley C Drake Baldwin OF Ronald Acuna Jr. OF Ceddanne Rafaela OF Jakob Marsee P Sandy Alcantara P Jake Bennett SS Otto Lopez,,,
1317,5212001270,patsfanitco,0,112.95,1B Nick Sogard 2B Xavier Edwards 3B Caleb Durbin C Jonah Heim OF Ronald Acuna Jr. OF Mike Trout OF Ceddanne Rafaela P Sandy Alcantara P Jake Bennett SS Zach Neto,,,
1317,5212150937,seminole70,0,112.95,1B Matt Olson 2B Xavier Edwards 3B Caleb Durbin C Drake Baldwin OF Ronald Acuna Jr. OF Ceddanne Rafaela OF Griffin Conine P Sandy Alcantara P Jake Bennett SS Andruw Monasterio,,,
1320,5211634760,Cheesepuffs (1/6),0,112.9,1B Matt Olson 2B Nick Sogard 3B Caleb Durbin C Drake Baldwin OF Ronald Acuna Jr. OF Michael Harris II OF Jahmai Jones P Chris Sale P Jake Bennett SS Andruw Monasterio,,,
1320,5211872450,andymartin5586 (8/20),0,112.9,1B Willson Contreras 2B Xavier Edwards 3B Caleb Durbin C Connor Wong OF Jarren Duran OF Javier Sanoja OF Jahmai Jones P Chris Sale P Jake Bennett SS Otto Lopez,,,
1320,5211899230,goofybh207 (1/3),0,112.9,1B Matt Olson 2B Nick Sogard 3B Caleb Durbin C Drake Baldwin OF Ronald Acuna Jr. OF Ceddanne Rafaela OF Jahmai Jones P Chris Sale P Jake Bennett SS Andruw Monasterio,,,
1320,5211913534,ttillie (20/20),0,112.9,1B Matt Olson 2B Nick Sogard 3B Caleb Durbin C Drake Baldwin OF Ronald Acuna Jr. OF Ceddanne Rafaela OF Jahmai Jones P Chris Sale P Jake Bennett SS Andruw Monasterio,,,
1320,5211917280,LTskelter (11/20),0,112.9,1B Matt Olson 2B Nick Sogard 3B Caleb Durbin C Drake Baldwin OF Ronald Acuna Jr. OF Ceddanne Rafaela OF Jahmai Jones P Chris Sale P Jake Bennett SS Andruw Monasterio,,,
1320,5211920283,rod288 (10/20),0,112.9,1B Matt Olson 2B Nick Sogard 3B Caleb Durbin C Drake Baldwin OF Ronald Acuna Jr. OF Ceddanne Rafaela OF Jahmai Jones P Chris Sale P Jake Bennett SS Andruw Monasterio,,,
1320,5212102162,jabberjaww (10/20),0,112.9,1B Matt Olson 2B Nick Sogard 3B Caleb Durbin C Drake Baldwin OF Ronald Acuna Jr. OF Jarren Duran OF Jahmai Jones P Chris Sale P Jake Bennett SS Otto Lopez,,,
1320,5212116134,stock2mail (15/20),0,112.9,1B Matt Olson 2B Nick Sogard 3B Caleb Durbin C Drake Baldwin OF Ronald Acuna Jr. OF Ceddanne Rafaela OF Jahmai Jones P Chris Sale P Jake Bennett SS Andruw Monasterio,,,
1320,5212234804,xXxPLOSIVE (3/4),0,112.9,1B Matt Olson 2B Nick Sogard 3B Caleb Durbin C Drake Baldwin OF Ronald Acuna Jr. OF Ceddanne Rafaela OF Jahmai Jones P Chris Sale P Jake Bennett SS Andruw Monasterio,,,
1329,5211724334,Discostupendously (10/10),0,112.85,1B Kyle Stowers 2B Xavier Edwards 3B Javier Sanoja C Joe Mack OF Ronald Acuna Jr. OF Mike Trout OF Trent Grisham P Gerrit Cole P Gage Jump SS Zach Neto,,,
1330,5211619573,melvincali (13/20),0,112.649994,1B Willson Contreras 2B Alika Williams 3B Caleb Durbin C Jonah Heim OF Ceddanne Rafaela OF Henry Bolte OF Eli White P Chris Sale P Sandy Alcantara SS Andruw Monasterio,,,
1330,5211716704,T41129130907 (7/20),0,112.649994,1B Matt Olson 2B Nick Sogard 3B Caleb Durbin C Connor Wong OF Tyler Soderstrom OF Ceddanne Rafaela OF Jarren Duran P Chris Sale P Sandy Alcantara SS Jacob Wilson,,,
1330,5211716712,T41129130907 (15/20),0,112.649994,1B Matt Olson 2B Ozzie Albies 3B Tommy White C Brian Serven OF Tyler Soderstrom OF Michael Harris II OF Lawrence Butler P Chris Sale P Sandy Alcantara SS Otto Lopez,,,
1330,5211724327,Discostupendously (3/10),0,112.649994,1B Matt Olson 2B Nick Sogard 3B Caleb Durbin C Drake Baldwin OF Ceddanne Rafaela OF Henry Bolte OF Eli White P Chris Sale P Sandy Alcantara SS Andruw Monasterio,,,
1330,5211724330,Discostupendously (6/10),0,112.649994,1B Paul Goldschmidt 2B Ozzie Albies 3B Tommy White C Drake Baldwin OF Ronald Acuna Jr. OF Michael Harris II OF Mike Yastrzemski P Chris Sale P Sandy Alcantara SS Jacob Wilson,,,
1330,5211804411,AverageTuesday (13/20),0,112.649994,1B Paul Goldschmidt 2B Ozzie Albies 3B Amed Rosario C Austin Wells OF Ronald Acuna Jr. OF Michael Harris II OF Heliot Ramos P Chris Sale P Sandy Alcantara SS George Lombard Jr.,,,
1330,5211811844,Wanna_Square_Up1567 (5/20),0,112.649994,1B Kyle Stowers 2B Xavier Edwards 3B Javier Sanoja C Joe Mack OF Ceddanne Rafaela OF Michael Harris II OF Jakob Marsee P Chris Sale P Sandy Alcantara SS Andruw Monasterio,,,
1330,5211820277,bellsofwar3 (12/20),0,112.649994,1B Kyle Stowers 2B Ozzie Albies 3B Austin Riley C Joe Mack OF Ronald Acuna Jr. OF Jakob Marsee OF Griffin Conine P Chris Sale P Sandy Alcantara SS Otto Lopez,,,
1330,5211820282,bellsofwar3 (17/20),0,112.649994,1B Matt Olson 2B Xavier Edwards 3B Javier Sanoja C Drake Baldwin OF Michael Harris II OF Griffin Conine OF Owen Caissie P Chris Sale P Sandy Alcantara SS Otto Lopez,,,
1330,5211872455,andymartin5586 (13/20),0,112.649994,1B Willson Contreras 2B Ozzie Albies 3B Caleb Durbin C Drake Baldwin OF Ceddanne Rafaela OF Jarren Duran OF Jahmai Jones P Chris Sale P Sandy Alcantara SS Jim Jarvis,,,
1330,5211893760,Gagenator51 (3/20),0,112.649994,1B Willson Contreras 2B Alika Williams 3B Caleb Durbin C Jonah Heim OF Ceddanne Rafaela OF Henry Bolte OF Eli White P Chris Sale P Sandy Alcantara SS Andruw Monasterio,,,
1330,5211893773,Gagenator51 (16/20),0,112.649994,1B Kyle Stowers 2B Ozzie Albies 3B Caleb Durbin C Brian Serven OF Ceddanne Rafaela OF Michael Harris II OF Jakob Marsee P Chris Sale P Sandy Alcantara SS Otto Lopez,,,
1330,5211959418,MajerlesMantle (1/2),0,112.649994,1B Willson Contreras 2B Alika Williams 3B Caleb Durbin C Jonah Heim OF Tyler Soderstrom OF Ceddanne Rafaela OF Jarren Duran P Chris Sale P Sandy Alcantara SS Andruw Monasterio,,,
1330,5212104127,TY54321 (19/20),0,112.649994,1B Kyle Stowers 2B Ozzie Albies 3B Caleb Durbin C Joe Mack OF Michael Harris II OF Jakob Marsee OF Griffin Conine P Chris Sale P Sandy Alcantara SS Otto Lopez,,,
1330,5212111036,SpeedRacer101 (10/20),0,112.649994,1B Matt Olson 2B Ozzie Albies 3B Austin Riley C Drake Baldwin OF Jakob Marsee OF Griffin Conine OF Mike Yastrzemski P Chris Sale P Sandy Alcantara SS Otto Lopez,,,
1330,5212123579,niquisition (5/20),0,112.649994,1B Kyle Stowers 2B Xavier Edwards 3B Caleb Durbin C Drake Baldwin OF Ceddanne Rafaela OF Heriberto Hernandez OF Eli White P Chris Sale P Sandy Alcantara SS Andruw Monasterio,,,
1330,5212123745,gsilkey23,0,112.649994,1B Willson Contreras 2B Xavier Edwards 3B Javier Sanoja C Joe Mack OF Tyler Soderstrom OF Ceddanne Rafaela OF Jarren Duran P Chris Sale P Sandy Alcantara SS Andruw Monasterio,,,
1330,5212166274,Satch65 (12/20),0,112.649994,1B Willson Contreras 2B Nick Sogard 3B Caleb Durbin C Drake Baldwin OF Ceddanne Rafaela OF Griffin Conine OF Eli White P Chris Sale P Sandy Alcantara SS Otto Lopez,,,
1348,5211840472,Aoteoroa (1/6),0,112.45,1B Willson Contreras 2B Xavier Edwards 3B Vaughn Grissom C Joe Mack OF Jarren Duran OF Henry Bolte OF Jakob Marsee P Chris Sale P Gerrit Cole SS Otto Lopez,,,
1348,5211847405,Aoteoroa (6/6),0,112.45,1B Willson Contreras 2B Xavier Edwards 3B Vaughn Grissom C Joe Mack OF Jarren Duran OF Henry Bolte OF Jakob Marsee P Chris Sale P Gerrit Cole SS Otto Lopez,,,
1348,5211890597,jw1984 (2/20),0,112.45,1B Kyle Stowers 2B Xavier Edwards 3B Caleb Durbin C Moises Ballesteros OF Mike Trout OF Jakob Marsee OF Josh Lowe P Chris Sale P Gerrit Cole SS Andruw Monasterio,,,
1348,5211917289,LTskelter (20/20),0,112.45,1B Willson Contreras 2B Nick Sogard 3B Caleb Durbin C Jonah Heim OF Ceddanne Rafaela OF Heriberto Hernandez OF Eli White P Chris Sale P Gerrit Cole SS Otto Lopez,,,
1348,5212054101,wazzu24 (2/20),0,112.45,1B Willson Contreras 2B Vaughn Grissom 3B Max Muncy C Brian Serven OF Tyler Soderstrom OF Henry Bolte OF Lawrence Butler P Chris Sale P Gerrit Cole SS Andruw Monasterio,,,
1348,5212060526,bucs65 (2/2),0,112.45,1B Kyle Stowers 2B Nick Sogard 3B Caleb Durbin C Jonah Heim OF Tyler Soderstrom OF Heliot Ramos OF Jarren Duran P Chris Sale P Gerrit Cole SS Andruw Monasterio,,,
1348,5212086450,colonelforbin22 (1/6),0,112.45,1B Willson Contreras 2B Nick Sogard 3B Caleb Durbin C Joe Mack OF Ceddanne Rafaela OF Jakob Marsee OF Javier Sanoja P Chris Sale P Gerrit Cole SS Jose Caballero,,,
1348,5212103616,KelvinDubs (14/20),0,112.45,1B Kyle Stowers 2B Xavier Edwards 3B Javier Sanoja C Moises Ballesteros OF Mike Trout OF Tyler Soderstrom OF Josh Lowe P Chris Sale P Gerrit Cole SS Otto Lopez,,,
1348,5212121427,Chadg20 (7/20),0,112.45,1B Paul Goldschmidt 2B Vaughn Grissom 3B Jose Caballero C Connor Wong OF Ceddanne Rafaela OF Henry Bolte OF Jahmai Jones P Chris Sale P Gerrit Cole SS Mauricio Dubon,,,
1348,5212163709,TheFH (13/20),0,112.45,1B Willson Contreras 2B Nick Sogard 3B Tommy White C Connor Wong OF Tyler Soderstrom OF Ceddanne Rafaela OF Jakob Marsee P Chris Sale P Gerrit Cole SS Andruw Monasterio,,,
1348,5212185048,cdt123 (2/11),0,112.45,1B Willson Contreras 2B Nick Sogard 3B Caleb Durbin C Joe Mack OF Ceddanne Rafaela OF Jakob Marsee OF Eli White P Chris Sale P Gerrit Cole SS Otto Lopez,,,
1359,5211792423,Swishdakyng (13/20),0,112,1B Willson Contreras 2B Xavier Edwards 3B Tommy White C Drake Baldwin OF Ronald Acuna Jr. OF Michael Harris II OF Mike Yastrzemski P Chris Sale P Gage Jump SS Jim Jarvis,,,
1359,5211952642,bbehnke20 (15/20),0,112,1B Kyle Stowers 2B Xavier Edwards 3B Austin Riley C Drake Baldwin OF Ronald Acuna Jr. OF Ceddanne Rafaela OF Owen Caissie P Chris Sale P Gage Jump SS Otto Lopez,,,
1359,5212248668,Blerud15 (3/20),0,112,1B Matt Olson 2B Xavier Edwards 3B Austin Riley C Brian Serven OF Ronald Acuna Jr. OF Mike Trout OF Mike Yastrzemski P Chris Sale P Gage Jump SS Mauricio Dubon,,,
1362,5211746322,j-wolf05 (17/20),0,111.95,1B Ben Rice 2B Ozzie Albies 3B Amed Rosario C Drake Baldwin OF Ronald Acuna Jr. OF Michael Harris II OF Spencer Jones P Sandy Alcantara P Jake Bennett SS Jose Caballero,,,
1362,5211913518,ttillie (4/20),0,111.95,1B Ben Rice 2B Xavier Edwards 3B Austin Riley C Connor Wong OF Ronald Acuna Jr. OF Trent Grisham OF Michael Harris II P Sandy Alcantara P Jake Bennett SS Andruw Monasterio,,,
1362,5211987180,DreamchaserJC (18/20),0,111.95,1B Kyle Stowers 2B Xavier Edwards 3B Caleb Durbin C Joe Mack OF Ceddanne Rafaela OF Jakob Marsee OF Griffin Conine P Sandy Alcantara P Jake Bennett SS Andruw Monasterio,,,
1365,5211754840,tbjones2121 (20/20),0,111.9,1B Willson Contreras 2B Xavier Edwards 3B Caleb Durbin C Drake Baldwin OF Ceddanne Rafaela OF Eli White OF Jahmai Jones P Chris Sale P Jake Bennett SS Otto Lopez,,,
1365,5211872452,andymartin5586 (10/20),0,111.9,1B Willson Contreras 2B Xavier Edwards 3B Caleb Durbin C Connor Wong OF Jarren Duran OF Griffin Conine OF Jahmai Jones P Chris Sale P Jake Bennett SS Otto Lopez,,,
1365,5211926184,pat_the_hat2 (2/20),0,111.9,1B Kyle Stowers 2B Xavier Edwards 3B Caleb Durbin C Connor Wong OF Heriberto Hernandez OF Eli White OF Jahmai Jones P Chris Sale P Jake Bennett SS Otto Lopez,,,
1365,5211926340,thundrenterprises (20/20),0,111.9,1B Willson Contreras 2B Nick Sogard 3B Caleb Durbin C Drake Baldwin OF Ronald Acuna Jr. OF Ceddanne Rafaela OF Jahmai Jones P Chris Sale P Jake Bennett SS Mauricio Dubon,,,
1365,5212010012,kozy6813 (18/20),0,111.9,1B Kyle Stowers 2B Xavier Edwards 3B Caleb Durbin C Drake Baldwin OF Ronald Acuna Jr. OF Jakob Marsee OF Owen Caissie P Chris Sale P Jake Bennett SS Otto Lopez,,,
1365,5212049214,chrispy2005 (2/20),0,111.9,1B Willson Contreras 2B Xavier Edwards 3B Caleb Durbin C Connor Wong OF Ceddanne Rafaela OF Owen Caissie OF Jahmai Jones P Chris Sale P Jake Bennett SS Otto Lopez,,,
1365,5212081520,Awalker3081 (9/20),0,111.9,1B Kyle Stowers 2B Xavier Edwards 3B Javier Sanoja C Connor Wong OF Jarren Duran OF Jakob Marsee OF Jahmai Jones P Chris Sale P Jake Bennett SS Otto Lopez,,,
1365,5212128876,slpendy (2/20),0,111.9,1B Willson Contreras 2B Nick Sogard 3B Caleb Durbin C Drake Baldwin OF Ronald Acuna Jr. OF Ceddanne Rafaela OF Jahmai Jones P Chris Sale P Jake Bennett SS Mauricio Dubon,,,
1365,5212225501,rambito (13/20),0,111.9,1B Willson Contreras 2B Ozzie Albies 3B Caleb Durbin C Drake Baldwin OF Ronald Acuna Jr. OF Mike Yastrzemski OF Jahmai Jones P Chris Sale P Jake Bennett SS Jim Jarvis,,,
1365,5212234803,xXxPLOSIVE (2/4),0,111.9,1B Willson Contreras 2B Nick Sogard 3B Caleb Durbin C Drake Baldwin OF Ronald Acuna Jr. OF Ceddanne Rafaela OF Jahmai Jones P Chris Sale P Jake Bennett SS Mauricio Dubon,,,
1375,5212064685,henry296 (3/20),0,111.85,1B Kyle Stowers 2B Xavier Edwards 3B Amed Rosario C Joe Mack OF Michael Harris II OF Heliot Ramos OF Jakob Marsee P Gerrit Cole P Gage Jump SS Otto Lopez,,,
1376,5212103606,KelvinDubs (4/20),0,111.75,1B Willson Contreras 2B Xavier Edwards 3B Jose Caballero C Austin Wells OF Mike Trout OF Trent Grisham OF Spencer Jones P Gerrit Cole P Jake Bennett SS Zach Neto,,,
1377,5211619569,melvincali (9/20),0,111.649994,1B Willson Contreras 2B Alika Williams 3B Max Muncy C Brian Serven OF Ronald Acuna Jr. OF Ceddanne Rafaela OF Henry Bolte P Chris Sale P Sandy Alcantara SS Jacob Wilson,,,
1377,5211620629,jpm_joshua2002,0,111.649994,1B Willson Contreras 2B Xavier Edwards 3B Caleb Durbin C Connor Wong OF Ronald Acuna Jr. OF Ceddanne Rafaela OF Jarren Duran P Chris Sale P Sandy Alcantara SS Mauricio Dubon,,,
1377,5211820278,bellsofwar3 (13/20),0,111.649994,1B Willson Contreras 2B Nick Sogard 3B Austin Riley C Drake Baldwin OF Ceddanne Rafaela OF Jarren Duran OF Jahmai Jones P Chris Sale P Sandy Alcantara SS Mauricio Dubon,,,
1377,5211835215,cachedinar (13/20),0,111.649994,1B Willson Contreras 2B Alika Williams 3B Caleb Durbin C Brian Serven OF Ceddanne Rafaela OF Jarren Duran OF Henry Bolte P Chris Sale P Sandy Alcantara SS Jacob Wilson,,,
1377,5211855962,joe_mac10,0,111.649994,1B Willson Contreras 2B Xavier Edwards 3B Caleb Durbin C Connor Wong OF Ronald Acuna Jr. OF Ceddanne Rafaela OF Jarren Duran P Chris Sale P Sandy Alcantara SS Mauricio Dubon,,,
1377,5211856721,Stree (4/20),0,111.649994,1B Matt Olson 2B Ozzie Albies 3B Austin Riley C Drake Baldwin OF Ceddanne Rafaela OF Mauricio Dubon OF Jahmai Jones P Chris Sale P Sandy Alcantara SS Andruw Monasterio,,,
1377,5211856735,Stree (18/20),0,111.649994,1B Willson Contreras 2B Xavier Edwards 3B Caleb Durbin C Brian Serven OF Ceddanne Rafaela OF Jarren Duran OF Eli White P Chris Sale P Sandy Alcantara SS Otto Lopez,,,
1377,5211866476,az350z (20/20),0,111.649994,1B Nick Sogard 2B Ozzie Albies 3B Caleb Durbin C Drake Baldwin OF Ronald Acuna Jr. OF Michael Harris II OF Jarren Duran P Chris Sale P Sandy Alcantara SS Mauricio Dubon,,,
1377,5211872459,andymartin5586 (17/20),0,111.649994,1B Willson Contreras 2B Ozzie Albies 3B Caleb Durbin C Connor Wong OF Michael Harris II OF Jarren Duran OF Jahmai Jones P Chris Sale P Sandy Alcantara SS Mauricio Dubon,,,
1377,5211926336,thundrenterprises (16/20),0,111.649994,1B Willson Contreras 2B Xavier Edwards 3B Caleb Durbin C Connor Wong OF Ceddanne Rafaela OF Michael Harris II OF Heriberto Hernandez P Chris Sale P Sandy Alcantara SS Andruw Monasterio,,,
1377,5211973259,e_quevedo,0,111.649994,1B Nick Sogard 2B Ozzie Albies 3B Caleb Durbin C Moises Ballesteros OF Ronald Acuna Jr. OF Mike Trout OF Jarren Duran P Chris Sale P Sandy Alcantara SS Andruw Monasterio,,,
1377,5212049224,chrispy2005 (12/20),0,111.649994,1B Matt Olson 2B Ozzie Albies 3B Austin Riley C Jonah Heim OF Michael Harris II OF Jakob Marsee OF Mike Yastrzemski P Chris Sale P Sandy Alcantara SS Jacob Wilson,,,
1377,5212073831,meodette (7/20),0,111.649994,1B Kyle Stowers 2B Nick Sogard 3B Caleb Durbin C Drake Baldwin OF Ceddanne Rafaela OF Jarren Duran OF Mike Yastrzemski P Chris Sale P Sandy Alcantara SS Andruw Monasterio,,,
1377,5212166273,Satch65 (11/20),0,111.649994,1B Kyle Stowers 2B Nick Sogard 3B Caleb Durbin C Drake Baldwin OF Ronald Acuna Jr. OF Jarren Duran OF Eli White P Chris Sale P Sandy Alcantara SS Andruw Monasterio,,,
1377,5212248674,Blerud15 (9/20),0,111.649994,1B Kyle Stowers 2B Xavier Edwards 3B Tommy White C Jonah Heim OF Jarren Duran OF Heriberto Hernandez OF Griffin Conine P Chris Sale P Sandy Alcantara SS Otto Lopez,,,
1392,5211558352,hasco,0,111.45,1B Paul Goldschmidt 2B Nick Sogard 3B Caleb Durbin C Jonah Heim OF Mike Trout OF Jarren Duran OF Heriberto Hernandez P Chris Sale P Gerrit Cole SS Jacob Wilson,,,
1392,5211754837,tbjones2121 (17/20),0,111.45,1B Nolan Schanuel 2B Xavier Edwards 3B Vaughn Grissom C Tyler Heineman OF Mike Trout OF Jakob Marsee OF Wade Meckler P Chris Sale P Gerrit Cole SS Otto Lopez,,,
1392,5211804414,AverageTuesday (16/20),0,111.45,1B Nolan Schanuel 2B Nick Sogard 3B Caleb Durbin C Connor Wong OF Mike Trout OF Ceddanne Rafaela OF Jahmai Jones P Chris Sale P Gerrit Cole SS Zach Neto,,,
1392,5211929795,Uncas,0,111.45,1B Nolan Schanuel 2B Nick Sogard 3B Caleb Durbin C Connor Wong OF Mike Trout OF Tyler Soderstrom OF Ceddanne Rafaela P Chris Sale P Gerrit Cole SS Andruw Monasterio,,,
1392,5211969088,uvajay (2/20),0,111.45,1B Willson Contreras 2B Xavier Edwards 3B Denzer Guzman C Joe Mack OF Mike Trout OF Jakob Marsee OF Griffin Conine P Chris Sale P Gerrit Cole SS Otto Lopez,,,
1392,5212009843,chrism0rgan (7/20),0,111.45,1B Kyle Stowers 2B Nick Sogard 3B Caleb Durbin C Connor Wong OF Tyler Soderstrom OF Ceddanne Rafaela OF Jarren Duran P Chris Sale P Gerrit Cole SS Otto Lopez,,,
1392,5212049223,chrispy2005 (11/20),0,111.45,1B Willson Contreras 2B Xavier Edwards 3B Denzer Guzman C Joe Mack OF Ceddanne Rafaela OF Heriberto Hernandez OF Jakob Marsee P Chris Sale P Gerrit Cole SS Otto Lopez,,,
1392,5212064696,henry296 (14/20),0,111.45,1B Willson Contreras 2B Xavier Edwards 3B Caleb Durbin C Moises Ballesteros OF Jarren Duran OF Jakob Marsee OF Eli White P Chris Sale P Gerrit Cole SS Andruw Monasterio,,,
1392,5212121424,Chadg20 (4/20),0,111.45,1B Paul Goldschmidt 2B Nick Sogard 3B Amed Rosario C Connor Wong OF Tyler Soderstrom OF Jarren Duran OF Henry Bolte P Chris Sale P Gerrit Cole SS Jacob Wilson,,,
1401,5211926288,mcafeend (12/20),0,111.05,1B Paul Goldschmidt 2B Ozzie Albies 3B Austin Riley C Drake Baldwin OF Ronald Acuna Jr. OF Michael Harris II OF Heliot Ramos P Sandy Alcantara P Gage Jump SS Otto Lopez,,,
1402,5211734418,kreller17 (4/20),0,111,1B Kyle Stowers 2B Ozzie Albies 3B Austin Riley C Drake Baldwin OF Ronald Acuna Jr. OF Heriberto Hernandez OF Mike Yastrzemski P Chris Sale P Gage Jump SS Otto Lopez,,,
1403,5211972843,jere6777,0,110.95,1B Nick Sogard 2B Ozzie Albies 3B Caleb Durbin C Jonah Heim OF Ronald Acuna Jr. OF Mike Trout OF Jarren Duran P Sandy Alcantara P Jake Bennett SS Otto Lopez,,,
1403,5212006182,LeftyE33 (2/5),0,110.95,1B Paul Goldschmidt 2B Nick Sogard 3B Amed Rosario C Connor Wong OF Ceddanne Rafaela OF Heliot Ramos OF Jahmai Jones P Sandy Alcantara P Jake Bennett SS George Lombard Jr.,,,
1403,5212105410,Yasz15 (2/2),0,110.95,1B Kyle Stowers 2B Ozzie Albies 3B Caleb Durbin C Drake Baldwin OF Ronald Acuna Jr. OF Michael Harris II OF Jakob Marsee P Sandy Alcantara P Jake Bennett SS Otto Lopez,,,
1403,5212124080,ballgame1881 (11/15),0,110.95,1B Willson Contreras 2B Nick Sogard 3B Caleb Durbin C Drake Baldwin OF Ronald Acuna Jr. OF Michael Harris II OF Griffin Conine P Sandy Alcantara P Jake Bennett SS Andruw Monasterio,,,
1407,5211872446,andymartin5586 (4/20),0,110.9,1B Willson Contreras 2B Xavier Edwards 3B Caleb Durbin C Connor Wong OF Jarren Duran OF Heriberto Hernandez OF Jahmai Jones P Chris Sale P Jake Bennett SS Otto Lopez,,,
1407,5212234495,SIRNBT1 (4/4),0,110.9,1B Willson Contreras 2B Nick Sogard 3B Caleb Durbin C Drake Baldwin OF Ronald Acuna Jr. OF Mike Trout OF Jahmai Jones P Chris Sale P Jake Bennett SS Mauricio Dubon,,,
1409,5211734416,kreller17 (2/20),0,110.75,1B Paul Goldschmidt 2B Nick Sogard 3B Caleb Durbin C Connor Wong OF Mike Trout OF Heliot Ramos OF Jahmai Jones P Gerrit Cole P Jake Bennett SS Andruw Monasterio,,,
1409,5212073542,LionKing1957 (2/4),0,110.75,1B Ben Rice 2B Nick Sogard 3B Caleb Durbin C Drake Baldwin OF Ceddanne Rafaela OF Jarren Duran OF Henry Bolte P Gerrit Cole P Jake Bennett SS Andruw Monasterio,,,
1411,5211690476,LOCNOTM (10/20),0,110.649994,1B Matt Olson 2B Nick Sogard 3B Caleb Durbin C Drake Baldwin OF Ceddanne Rafaela OF Jarren Duran OF Jakob Marsee P Chris Sale P Sandy Alcantara SS Andruw Monasterio,,,
1411,5211700011,Sammy.Boy (14/20),0,110.649994,1B Matt Olson 2B Nick Sogard 3B Caleb Durbin C Connor Wong OF Ronald Acuna Jr. OF Ceddanne Rafaela OF Jarren Duran P Chris Sale P Sandy Alcantara SS Jacob Wilson,,,
1411,5211746323,j-wolf05 (18/20),0,110.649994,1B Matt Olson 2B Alika Williams 3B Max Muncy C Jonah Heim OF Ronald Acuna Jr. OF Michael Harris II OF Henry Bolte P Chris Sale P Sandy Alcantara SS Jacob Wilson,,,
1411,5211759905,seiferidjosh80 (12/20),0,110.649994,1B Matt Olson 2B Alika Williams 3B Caleb Durbin C Joe Mack OF Tyler Soderstrom OF Jarren Duran OF Griffin Conine P Chris Sale P Sandy Alcantara SS Otto Lopez,,,
1411,5211759908,seiferidjosh80 (15/20),0,110.649994,1B Matt Olson 2B Alika Williams 3B Max Muncy C Drake Baldwin OF Tyler Soderstrom OF Henry Bolte OF Griffin Conine P Chris Sale P Sandy Alcantara SS Andruw Monasterio,,,
1411,5211857006,Bitmeee (14/20),0,110.649994,1B Matt Olson 2B Xavier Edwards 3B Austin Riley C Drake Baldwin OF Ronald Acuna Jr. OF Heriberto Hernandez OF Griffin Conine P Chris Sale P Sandy Alcantara SS Jim Jarvis,,,
1411,5211903553,cwthrow24 (20/20),0,110.649994,1B Kyle Stowers 2B Xavier Edwards 3B Austin Riley C Drake Baldwin OF Michael Harris II OF Heriberto Hernandez OF Griffin Conine P Chris Sale P Sandy Alcantara SS Otto Lopez,,,
1411,5211990722,KristianFTM (4/20),0,110.649994,1B Matt Olson 2B Alika Williams 3B Max Muncy C Jonah Heim OF Ronald Acuna Jr. OF Michael Harris II OF Henry Bolte P Chris Sale P Sandy Alcantara SS Jacob Wilson,,,
1411,5211990727,KristianFTM (9/20),0,110.649994,1B Matt Olson 2B Xavier Edwards 3B Austin Riley C Drake Baldwin OF Heriberto Hernandez OF Griffin Conine OF Owen Caissie P Chris Sale P Sandy Alcantara SS Otto Lopez,,,
1411,5212002125,austin60915 (3/20),0,110.649994,1B Matt Olson 2B Alika Williams 3B Max Muncy C Jonah Heim OF Ronald Acuna Jr. OF Michael Harris II OF Henry Bolte P Chris Sale P Sandy Alcantara SS Jacob Wilson,,,
1411,5212008247,peteram,0,110.649994,1B Nolan Schanuel 2B Xavier Edwards 3B Caleb Durbin C Jonah Heim OF Mike Trout OF Ceddanne Rafaela OF Jarren Duran P Chris Sale P Sandy Alcantara SS Andruw Monasterio,,,
1411,5212029865,markt35 (7/20),0,110.649994,1B Kyle Stowers 2B Xavier Edwards 3B Austin Riley C Connor Wong OF Jarren Duran OF Heriberto Hernandez OF Jakob Marsee P Chris Sale P Sandy Alcantara SS Otto Lopez,,,
1411,5212073841,meodette (17/20),0,110.649994,1B Willson Contreras 2B Nick Sogard 3B Javier Sanoja C Brian Serven OF Ceddanne Rafaela OF Jarren Duran OF Jakob Marsee P Chris Sale P Sandy Alcantara SS Andruw Monasterio,,,
1411,5212077397,pthorpe25 (4/6),0,110.649994,1B Willson Contreras 2B Nick Sogard 3B Caleb Durbin C Connor Wong OF Ronald Acuna Jr. OF Trent Grisham OF Jarren Duran P Chris Sale P Sandy Alcantara SS Mauricio Dubon,,,
1411,5212083924,ckcash64 (9/20),0,110.649994,1B Willson Contreras 2B Ozzie Albies 3B Caleb Durbin C Drake Baldwin OF Ceddanne Rafaela OF Henry Bolte OF Eli White P Chris Sale P Sandy Alcantara SS Jacob Wilson,,,
1411,5212095521,woodreb5 (12/20),0,110.649994,1B Willson Contreras 2B Xavier Edwards 3B Javier Sanoja C Joe Mack OF Ceddanne Rafaela OF Michael Harris II OF Griffin Conine P Chris Sale P Sandy Alcantara SS Otto Lopez,,,
1411,5212130124,easymoneynow (1/2),0,110.649994,1B Nick Sogard 2B Ozzie Albies 3B Caleb Durbin C Joe Mack OF Ronald Acuna Jr. OF Mike Trout OF Ceddanne Rafaela P Chris Sale P Sandy Alcantara SS Mauricio Dubon,,,
1428,5211875793,Scottyj316 (6/20),0,110.5,1B Willson Contreras 2B Nick Sogard 3B Caleb Durbin C Connor Wong OF Ceddanne Rafaela OF Trent Grisham OF Heliot Ramos P Gerrit Cole P Sandy Alcantara SS Jose Caballero,,,
1429,5211840260,ron214 (1/2),0,110.45,1B Kyle Stowers 2B Nick Sogard 3B Vaughn Grissom C Connor Wong OF Mike Trout OF Tyler Soderstrom OF Jakob Marsee P Chris Sale P Gerrit Cole SS Jacob Wilson,,,
1429,5211903544,cwthrow24 (11/20),0,110.45,1B Kyle Stowers 2B Xavier Edwards 3B Denzer Guzman C Moises Ballesteros OF Mike Trout OF Jakob Marsee OF Wade Meckler P Chris Sale P Gerrit Cole SS Otto Lopez,,,
1429,5211984676,ecbryant,0,110.45,1B Nick Sogard 2B Xavier Edwards 3B Caleb Durbin C Joe Mack OF Mike Trout OF Ceddanne Rafaela OF Jarren Duran P Chris Sale P Gerrit Cole SS Andruw Monasterio,,,
1429,5212089468,mrclean913 (12/20),0,110.45,1B Kyle Stowers 2B Xavier Edwards 3B Tommy White C Joe Mack OF Mike Trout OF Jakob Marsee OF Wade Meckler P Chris Sale P Gerrit Cole SS Otto Lopez,,,
1429,5212110495,JaserD (5/20),0,110.45,1B Willson Contreras 2B Vaughn Grissom 3B Caleb Durbin C Connor Wong OF Ceddanne Rafaela OF Henry Bolte OF Jahmai Jones P Chris Sale P Gerrit Cole SS Zach Neto,,,
1429,5212156394,cw1tt (10/20),0,110.45,1B Willson Contreras 2B Vaughn Grissom 3B Caleb Durbin C Connor Wong OF Ceddanne Rafaela OF Henry Bolte OF Jahmai Jones P Chris Sale P Gerrit Cole SS Zach Neto,,,
1429,5212183670,seth1374 (19/20),0,110.45,1B Kyle Stowers 2B Alika Williams 3B Tommy White C Jonah Heim OF Heriberto Hernandez OF Henry Bolte OF Griffin Conine P Chris Sale P Gerrit Cole SS Jacob Wilson,,,
1429,5212199214,dantheman78 (13/20),0,110.45,1B Kyle Stowers 2B Xavier Edwards 3B Javier Sanoja C Moises Ballesteros OF Mike Trout OF Griffin Conine OF Wade Meckler P Chris Sale P Gerrit Cole SS Otto Lopez,,,
1429,5212233652,mgo14,0,110.45,1B Willson Contreras 2B Xavier Edwards 3B Caleb Durbin C Joe Mack OF Ceddanne Rafaela OF Heriberto Hernandez OF Eli White P Chris Sale P Gerrit Cole SS Otto Lopez,,,
1429,5212248682,Blerud15 (17/20),0,110.45,1B Willson Contreras 2B Nick Sogard 3B Caleb Durbin C Moises Ballesteros OF Mike Trout OF Josh Lowe OF Jahmai Jones P Chris Sale P Gerrit Cole SS Zach Neto,,,
1439,5211842534,Gabe57 (13/20),0,110.399994,1B Willson Contreras 2B Ozzie Albies 3B Caleb Durbin C Drake Baldwin OF Ronald Acuna Jr. OF Ceddanne Rafaela OF Jahmai Jones P Walbert Urena P Sandy Alcantara SS Andruw Monasterio,,,
1439,5212246061,snajuice (18/20),0,110.399994,1B Willson Contreras 2B Ozzie Albies 3B Caleb Durbin C Drake Baldwin OF Ronald Acuna Jr. OF Ceddanne Rafaela OF Jahmai Jones P Walbert Urena P Sandy Alcantara SS Andruw Monasterio,,,
1441,5212026010,rschindler14 (16/20),0,110.05,1B Matt Olson 2B Ozzie Albies 3B Jose Caballero C Drake Baldwin OF Ronald Acuna Jr. OF Michael Harris II OF Heliot Ramos P Sandy Alcantara P Gage Jump SS Otto Lopez,,,
1441,5212089476,mrclean913 (20/20),0,110.05,1B Matt Olson 2B Ozzie Albies 3B Jose Caballero C Drake Baldwin OF Ronald Acuna Jr. OF Michael Harris II OF Heliot Ramos P Sandy Alcantara P Gage Jump SS Jacob Wilson,,,
1441,5212170250,itrevinoz2 (2/12),0,110.05,1B Ben Rice 2B Ozzie Albies 3B Amed Rosario C Drake Baldwin OF Ronald Acuna Jr. OF Michael Harris II OF Heliot Ramos P Sandy Alcantara P Gage Jump SS Mauricio Dubon,,,
1444,5211818245,okelly36 (2/4),0,110,1B Kyle Stowers 2B Xavier Edwards 3B Javier Sanoja C Joe Mack OF Ronald Acuna Jr. OF Michael Harris II OF Jakob Marsee P Chris Sale P Gage Jump SS Zach Neto,,,
1444,5211900160,leighton32 (7/13),0,110,1B Matt Olson 2B Xavier Edwards 3B Austin Riley C Drake Baldwin OF Ronald Acuna Jr. OF Heriberto Hernandez OF Griffin Conine P Chris Sale P Gage Jump SS Mauricio Dubon,,,
1444,5211980693,rsumrall (13/20),0,110,1B Matt Olson 2B Ozzie Albies 3B Denzer Guzman C Drake Baldwin OF Ronald Acuna Jr. OF Heriberto Hernandez OF Jakob Marsee P Chris Sale P Gage Jump SS Otto Lopez,,,
1447,5211856731,Stree (14/20),0,109.95,1B Willson Contreras 2B Xavier Edwards 3B Caleb Durbin C Drake Baldwin OF Ronald Acuna Jr. OF Ceddanne Rafaela OF Eli White P Sandy Alcantara P Jake Bennett SS Andruw Monasterio,,,
1447,5212049216,chrispy2005 (4/20),0,109.95,1B Willson Contreras 2B Xavier Edwards 3B Caleb Durbin C Drake Baldwin OF Ronald Acuna Jr. OF Ceddanne Rafaela OF Eli White P Sandy Alcantara P Jake Bennett SS Andruw Monasterio,,,
1447,5212144681,brewer2021,0,109.95,1B Willson Contreras 2B Xavier Edwards 3B Caleb Durbin C Drake Baldwin OF Tyler Soderstrom OF Ceddanne Rafaela OF Jarren Duran P Sandy Alcantara P Jake Bennett SS Andruw Monasterio,,,
1450,5211736381,jmason247 (11/20),0,109.9,1B Willson Contreras 2B Xavier Edwards 3B Caleb Durbin C Drake Baldwin OF Ceddanne Rafaela OF Jarren Duran OF Jahmai Jones P Chris Sale P Jake Bennett SS Otto Lopez,,,
1450,5211888064,butchismyhomie,0,109.9,1B Willson Contreras 2B Xavier Edwards 3B Caleb Durbin C Drake Baldwin OF Ceddanne Rafaela OF Michael Harris II OF Jahmai Jones P Chris Sale P Jake Bennett SS Andruw Monasterio,,,
1450,5212010005,kozy6813 (11/20),0,109.9,1B Willson Contreras 2B Xavier Edwards 3B Caleb Durbin C Drake Baldwin OF Ceddanne Rafaela OF Michael Harris II OF Jahmai Jones P Chris Sale P Jake Bennett SS Andruw Monasterio,,,
1450,5212049220,chrispy2005 (8/20),0,109.9,1B Willson Contreras 2B Nick Sogard 3B Caleb Durbin C Connor Wong OF Ronald Acuna Jr. OF Jakob Marsee OF Mike Yastrzemski P Chris Sale P Jake Bennett SS Andruw Monasterio,,,
1450,5212225028,bassmastadee (1/5),0,109.9,1B Willson Contreras 2B Xavier Edwards 3B Caleb Durbin C Drake Baldwin OF Ceddanne Rafaela OF Michael Harris II OF Jahmai Jones P Chris Sale P Jake Bennett SS Andruw Monasterio,,,
1455,5211987062,ballaholick713 (20/20),0,109.85,1B Ben Rice 2B Xavier Edwards 3B Vaughn Grissom C Moises Ballesteros OF Mike Trout OF Heriberto Hernandez OF Wade Meckler P Gerrit Cole P Gage Jump SS Zach Neto,,,
1456,5211900703,kidshabadu (1/2),0,109.75,1B Paul Goldschmidt 2B Ozzie Albies 3B Caleb Durbin C Drake Baldwin OF Ceddanne Rafaela OF Heliot Ramos OF Jahmai Jones P Gerrit Cole P Jake Bennett SS Otto Lopez,,,
1456,5211900711,kidshabadu (2/2),0,109.75,1B Paul Goldschmidt 2B Ozzie Albies 3B Caleb Durbin C Drake Baldwin OF Ceddanne Rafaela OF Heliot Ramos OF Jahmai Jones P Gerrit Cole P Jake Bennett SS Otto Lopez,,,
1456,5211966781,slicksid27 (1/9),0,109.75,1B Kyle Stowers 2B Ozzie Albies 3B Caleb Durbin C Austin Wells OF Ronald Acuna Jr. OF Ceddanne Rafaela OF Trent Grisham P Gerrit Cole P Jake Bennett SS Otto Lopez,,,
1456,5212128888,slpendy (14/20),0,109.75,1B Willson Contreras 2B Xavier Edwards 3B Caleb Durbin C Joe Mack OF Trent Grisham OF Heriberto Hernandez OF Griffin Conine P Gerrit Cole P Jake Bennett SS Otto Lopez,,,
1460,5211619566,melvincali (6/20),0,109.649994,1B Willson Contreras 2B Ozzie Albies 3B Caleb Durbin C Brian Serven OF Ronald Acuna Jr. OF Ceddanne Rafaela OF Eli White P Chris Sale P Sandy Alcantara SS Andruw Monasterio,,,
1460,5211700015,Sammy.Boy (18/20),0,109.649994,1B Willson Contreras 2B Ozzie Albies 3B Caleb Durbin C Brian Serven OF Ronald Acuna Jr. OF Michael Harris II OF Eli White P Chris Sale P Sandy Alcantara SS Andruw Monasterio,,,
1460,5211799069,oleman64,0,109.649994,1B Matt Olson 2B Nick Sogard 3B Jose Caballero C Jonah Heim OF Tyler Soderstrom OF Ceddanne Rafaela OF Jarren Duran P Chris Sale P Sandy Alcantara SS Andruw Monasterio,,,
1460,5211898473,PresidentLeach,0,109.649994,1B Kyle Stowers 2B Ozzie Albies 3B Austin Riley C Drake Baldwin OF Michael Harris II OF Henry Bolte OF Mike Yastrzemski P Chris Sale P Sandy Alcantara SS Otto Lopez,,,
1460,5211913529,ttillie (15/20),0,109.649994,1B Matt Olson 2B Ozzie Albies 3B Austin Riley C Drake Baldwin OF Ceddanne Rafaela OF Eli White OF Jahmai Jones P Chris Sale P Sandy Alcantara SS Otto Lopez,,,
1460,5211922156,Dcline3333,0,109.649994,1B Willson Contreras 2B Ozzie Albies 3B Caleb Durbin C Connor Wong OF Ronald Acuna Jr. OF Ceddanne Rafaela OF Mauricio Dubon P Chris Sale P Sandy Alcantara SS Andruw Monasterio,,,
1460,5211923201,kucas0918,0,109.649994,1B Willson Contreras 2B Nick Sogard 3B Caleb Durbin C Drake Baldwin OF Ceddanne Rafaela OF Michael Harris II OF Mauricio Dubon P Chris Sale P Sandy Alcantara SS Andruw Monasterio,,,
1460,5211945734,aquafinatim (16/20),0,109.649994,1B Matt Olson 2B Nick Sogard 3B Caleb Durbin C Drake Baldwin OF Ronald Acuna Jr. OF Jarren Duran OF Eli White P Chris Sale P Sandy Alcantara SS Andruw Monasterio,,,
1460,5211970938,jrevelle3 (18/20),0,109.649994,1B Matt Olson 2B Nick Sogard 3B Caleb Durbin C Drake Baldwin OF Ronald Acuna Jr. OF Jarren Duran OF Eli White P Chris Sale P Sandy Alcantara SS Andruw Monasterio,,,
1460,5211976334,tpyo (19/20),0,109.649994,1B Ben Rice 2B Ozzie Albies 3B Austin Riley C Drake Baldwin OF Michael Harris II OF Henry Bolte OF Wade Meckler P Chris Sale P Sandy Alcantara SS Mauricio Dubon,,,
1460,5212002903,KerrigansKrunchers,0,109.649994,1B Matt Olson 2B Nick Sogard 3B Austin Riley C Joe Mack OF Ronald Acuna Jr. OF Tyler Soderstrom OF Jarren Duran P Chris Sale P Sandy Alcantara SS Andruw Monasterio,,,
1460,5212052391,allagashed,0,109.649994,1B Matt Olson 2B Nick Sogard 3B Caleb Durbin C Joe Mack OF Tyler Soderstrom OF Ceddanne Rafaela OF Jarren Duran P Chris Sale P Sandy Alcantara SS Andruw Monasterio,,,
1460,5212083919,ckcash64 (4/20),0,109.649994,1B Willson Contreras 2B Xavier Edwards 3B Caleb Durbin C Drake Baldwin OF Ceddanne Rafaela OF Jarren Duran OF Eli White P Chris Sale P Sandy Alcantara SS Jacob Wilson,,,
1460,5212083933,ckcash64 (18/20),0,109.649994,1B Paul Goldschmidt 2B Ozzie Albies 3B Caleb Durbin C Drake Baldwin OF Ronald Acuna Jr. OF Ceddanne Rafaela OF Eli White P Chris Sale P Sandy Alcantara SS Andruw Monasterio,,,
1460,5212089471,mrclean913 (15/20),0,109.649994,1B Matt Olson 2B Ozzie Albies 3B Caleb Durbin C Connor Wong OF Ronald Acuna Jr. OF Michael Harris II OF Henry Bolte P Chris Sale P Sandy Alcantara SS Mauricio Dubon,,,
1460,5212100468,csurunnerccr (20/20),0,109.649994,1B Willson Contreras 2B Ozzie Albies 3B Caleb Durbin C Brian Serven OF Ronald Acuna Jr. OF Ceddanne Rafaela OF Eli White P Chris Sale P Sandy Alcantara SS Andruw Monasterio,,,
1460,5212103619,KelvinDubs (17/20),0,109.649994,1B Willson Contreras 2B Ozzie Albies 3B Caleb Durbin C Brian Serven OF Ronald Acuna Jr. OF Ceddanne Rafaela OF Eli White P Chris Sale P Sandy Alcantara SS Andruw Monasterio,,,
1460,5212104125,TY54321 (17/20),0,109.649994,1B Matt Olson 2B Nick Sogard 3B Caleb Durbin C Drake Baldwin OF Ronald Acuna Jr. OF Jarren Duran OF Eli White P Chris Sale P Sandy Alcantara SS Andruw Monasterio,,,
1460,5212140637,Boneyball1018 (2/2),0,109.649994,1B Matt Olson 2B Nick Sogard 3B Caleb Durbin C Drake Baldwin OF Ceddanne Rafaela OF Michael Harris II OF Jakob Marsee P Chris Sale P Sandy Alcantara SS Mauricio Dubon,,,
1460,5212151842,salatso22 (6/10),0,109.649994,1B Matt Olson 2B Nick Sogard 3B Caleb Durbin C Drake Baldwin OF Ronald Acuna Jr. OF Jarren Duran OF Eli White P Chris Sale P Sandy Alcantara SS Andruw Monasterio,,,
1460,5212166268,Satch65 (6/20),0,109.649994,1B Willson Contreras 2B Ozzie Albies 3B Caleb Durbin C Connor Wong OF Ronald Acuna Jr. OF Ceddanne Rafaela OF Mauricio Dubon P Chris Sale P Sandy Alcantara SS Andruw Monasterio,,,
1460,5212183653,seth1374 (2/20),0,109.649994,1B Willson Contreras 2B Xavier Edwards 3B Caleb Durbin C Joe Mack OF Ceddanne Rafaela OF Jarren Duran OF Griffin Conine P Chris Sale P Sandy Alcantara SS Andruw Monasterio,,,
1460,5212207324,FreemanByrd,0,109.649994,1B Paul Goldschmidt 2B Ozzie Albies 3B Caleb Durbin C Drake Baldwin OF Ronald Acuna Jr. OF Michael Harris II OF Eli White P Chris Sale P Sandy Alcantara SS Andruw Monasterio,,,
1460,5212216165,TrojanMom85,0,109.649994,1B Willson Contreras 2B Ozzie Albies 3B Caleb Durbin C Connor Wong OF Ronald Acuna Jr. OF Ceddanne Rafaela OF Mauricio Dubon P Chris Sale P Sandy Alcantara SS Andruw Monasterio,,,
1460,5212235605,scohen21 (13/20),0,109.649994,1B Willson Contreras 2B Ozzie Albies 3B Austin Riley C Drake Baldwin OF Ceddanne Rafaela OF Eli White OF Jahmai Jones P Chris Sale P Sandy Alcantara SS Andruw Monasterio,,,
1460,5212243533,BuckeyeCity (14/20),0,109.649994,1B Matt Olson 2B Nick Sogard 3B Caleb Durbin C Drake Baldwin OF Ronald Acuna Jr. OF Jarren Duran OF Eli White P Chris Sale P Sandy Alcantara SS Andruw Monasterio,,,
1460,5212246047,snajuice (4/20),0,109.649994,1B Willson Contreras 2B Ozzie Albies 3B Caleb Durbin C Connor Wong OF Ronald Acuna Jr. OF Ceddanne Rafaela OF Mauricio Dubon P Chris Sale P Sandy Alcantara SS Andruw Monasterio,,,
1487,5211879564,stevenhenry43211 (2/20),0,109.5,1B Ben Rice 2B Anthony Seigler 3B Caleb Durbin C Agustin Ramirez OF Wilyer Abreu OF Trent Grisham OF Jarren Duran P Gerrit Cole P Sandy Alcantara SS Andruw Monasterio,,,
1488,5211734421,kreller17 (7/20),0,109.45,1B Kyle Stowers 2B Xavier Edwards 3B Vaughn Grissom C Tyler Heineman OF Mike Trout OF Heriberto Hernandez OF Jakob Marsee P Chris Sale P Gerrit Cole SS Otto Lopez,,,
1488,5211736385,jmason247 (15/20),0,109.45,1B Willson Contreras 2B Nick Sogard 3B Javier Sanoja C Brian Serven OF Tyler Soderstrom OF Ceddanne Rafaela OF Jarren Duran P Chris Sale P Gerrit Cole SS Andruw Monasterio,,,
1488,5211754834,tbjones2121 (14/20),0,109.45,1B Kyle Stowers 2B Nick Sogard 3B Caleb Durbin C Connor Wong OF Ceddanne Rafaela OF Jarren Duran OF Jakob Marsee P Chris Sale P Gerrit Cole SS Otto Lopez,,,
1488,5211842522,Gabe57 (1/20),0,109.45,1B Nolan Schanuel 2B Vaughn Grissom 3B Caleb Durbin C Moises Ballesteros OF Mike Trout OF Ceddanne Rafaela OF Jahmai Jones P Chris Sale P Gerrit Cole SS Andruw Monasterio,,,
1488,5211842523,Gabe57 (2/20),0,109.45,1B Nolan Schanuel 2B Vaughn Grissom 3B Caleb Durbin C Moises Ballesteros OF Mike Trout OF Ceddanne Rafaela OF Jahmai Jones P Chris Sale P Gerrit Cole SS Andruw Monasterio,,,
1488,5211842524,Gabe57 (3/20),0,109.45,1B Nolan Schanuel 2B Vaughn Grissom 3B Caleb Durbin C Moises Ballesteros OF Mike Trout OF Ceddanne Rafaela OF Jahmai Jones P Chris Sale P Gerrit Cole SS Andruw Monasterio,,,
1488,5211842525,Gabe57 (4/20),0,109.45,1B Nolan Schanuel 2B Vaughn Grissom 3B Caleb Durbin C Moises Ballesteros OF Mike Trout OF Ceddanne Rafaela OF Jahmai Jones P Chris Sale P Gerrit Cole SS Andruw Monasterio,,,
1488,5212163702,TheFH (6/20),0,109.45,1B Kyle Stowers 2B Xavier Edwards 3B Denzer Guzman C Moises Ballesteros OF Mike Trout OF Heriberto Hernandez OF Jakob Marsee P Chris Sale P Gerrit Cole SS Otto Lopez,,,
1488,5212233843,winitallback,0,109.45,1B Matt Olson 2B Ozzie Albies 3B Austin Riley C Connor Wong OF Ronald Acuna Jr. OF Jarren Duran OF Jahmai Jones P Chris Sale P Gerrit Cole SS Andruw Monasterio,,,
1497,5211920291,rod288 (18/20),0,109.35,1B Willson Contreras 2B Nick Sogard 3B Caleb Durbin C Drake Baldwin OF Ronald Acuna Jr. OF Wade Meckler OF Jahmai Jones P Chris Sale P Walbert Urena SS Andruw Monasterio,,,
1498,5212054102,wazzu24 (3/20),0,109,1B Matt Olson 2B Ozzie Albies 3B Austin Riley C Jonah Heim OF Mike Trout OF Henry Bolte OF Jakob Marsee P Chris Sale P Gage Jump SS Jacob Wilson,,,
1498,5212103613,KelvinDubs (11/20),0,109,1B Matt Olson 2B Ozzie Albies 3B Austin Riley C Jonah Heim OF Ronald Acuna Jr. OF Tyler Soderstrom OF Heriberto Hernandez P Chris Sale P Gage Jump SS Mauricio Dubon,,,
1498,5212132483,Toney367 (10/20),0,109,1B Matt Olson 2B Ozzie Albies 3B Javier Sanoja C Joe Mack OF Ronald Acuna Jr. OF Michael Harris II OF Jakob Marsee P Chris Sale P Gage Jump SS Otto Lopez,,,
1498,5212156396,cw1tt (12/20),0,109,1B Matt Olson 2B Alika Williams 3B Tommy White C Drake Baldwin OF Ronald Acuna Jr. OF Tyler Soderstrom OF Michael Harris II P Chris Sale P Gage Jump SS Jacob Wilson,,,
1498,5212204547,mariobr1709 (1/20),0,109,1B Matt Olson 2B Alika Williams 3B Tommy White C Drake Baldwin OF Ronald Acuna Jr. OF Tyler Soderstrom OF Michael Harris II P Chris Sale P Gage Jump SS Jacob Wilson,,,
1503,5211900165,leighton32 (12/13),0,108.95,1B Paul Goldschmidt 2B Ozzie Albies 3B Austin Riley C Drake Baldwin OF Michael Harris II OF Mauricio Dubon OF Jahmai Jones P Sandy Alcantara P Jake Bennett SS Otto Lopez,,,
1503,5211936967,rwstephen (2/2),0,108.95,1B Ben Rice 2B Ozzie Albies 3B Amed Rosario C Drake Baldwin OF Ronald Acuna Jr. OF Heliot Ramos OF Spencer Jones P Sandy Alcantara P Jake Bennett SS Jose Caballero,,,
1503,5212004341,Dewek23,0,108.95,1B Kyle Stowers 2B Xavier Edwards 3B Caleb Durbin C Joe Mack OF Ronald Acuna Jr. OF Mike Trout OF Ceddanne Rafaela P Sandy Alcantara P Jake Bennett SS Otto Lopez,,,
1503,5212163373,lklk88088 (8/20),0,108.95,1B Ben Rice 2B Ozzie Albies 3B Amed Rosario C Drake Baldwin OF Ronald Acuna Jr. OF Heliot Ramos OF Spencer Jones P Sandy Alcantara P Jake Bennett SS Jose Caballero,,,
1503,5212199211,dantheman78 (10/20),0,108.95,1B Ben Rice 2B Ozzie Albies 3B Amed Rosario C Drake Baldwin OF Ronald Acuna Jr. OF Heliot Ramos OF Spencer Jones P Sandy Alcantara P Jake Bennett SS Jose Caballero,,,
1508,5211872454,andymartin5586 (12/20),0,108.9,1B Willson Contreras 2B Xavier Edwards 3B Caleb Durbin C Connor Wong OF Jarren Duran OF Owen Caissie OF Jahmai Jones P Chris Sale P Jake Bennett SS Otto Lopez,,,
1508,5211917283,LTskelter (14/20),0,108.9,1B Willson Contreras 2B Xavier Edwards 3B Caleb Durbin C Connor Wong OF Mike Trout OF Ceddanne Rafaela OF Jahmai Jones P Chris Sale P Jake Bennett SS Otto Lopez,,,
1508,5212254974,drobles123 (1/3),0,108.9,1B Matt Olson 2B Nick Sogard 3B Caleb Durbin C Drake Baldwin OF Ronald Acuna Jr. OF Ceddanne Rafaela OF Mike Yastrzemski P Chris Sale P Jake Bennett SS George Lombard Jr.,,,
1511,5211736372,jmason247 (2/20),0,108.75,1B Nolan Schanuel 2B Ozzie Albies 3B Jose Caballero C Austin Wells OF Mike Trout OF Trent Grisham OF Spencer Jones P Walbert Urena P Gage Jump SS George Lombard Jr.,,,
1512,5211580874,ivymoose (17/20),0,108.649994,1B Willson Contreras 2B Xavier Edwards 3B Caleb Durbin C Joe Mack OF Ceddanne Rafaela OF Owen Caissie OF Eli White P Chris Sale P Sandy Alcantara SS Andruw Monasterio,,,
1512,5211619574,melvincali (14/20),0,108.649994,1B Willson Contreras 2B Alika Williams 3B Max Muncy C Brian Serven OF Ceddanne Rafaela OF Henry Bolte OF Lawrence Butler P Chris Sale P Sandy Alcantara SS Andruw Monasterio,,,
1512,5211754826,tbjones2121 (6/20),0,108.649994,1B Matt Olson 2B Ozzie Albies 3B Caleb Durbin C Connor Wong OF Ronald Acuna Jr. OF Ceddanne Rafaela OF Mike Yastrzemski P Chris Sale P Sandy Alcantara SS Mauricio Dubon,,,
1512,5211777387,Edd436811,0,108.649994,1B Matt Olson 2B Xavier Edwards 3B Caleb Durbin C Connor Wong OF Ceddanne Rafaela OF Michael Harris II OF Heriberto Hernandez P Chris Sale P Sandy Alcantara SS Andruw Monasterio,,,
1512,5211893768,Gagenator51 (11/20),0,108.649994,1B Matt Olson 2B Xavier Edwards 3B Caleb Durbin C Drake Baldwin OF Jarren Duran OF Griffin Conine OF Eli White P Chris Sale P Sandy Alcantara SS Andruw Monasterio,,,
1512,5211896868,UniversalFriend (10/20),0,108.649994,1B Matt Olson 2B Xavier Edwards 3B Austin Riley C Drake Baldwin OF Michael Harris II OF Griffin Conine OF Mauricio Dubon P Chris Sale P Sandy Alcantara SS Otto Lopez,,,
1512,5211899231,goofybh207 (2/3),0,108.649994,1B Willson Contreras 2B Alika Williams 3B Caleb Durbin C Drake Baldwin OF Ronald Acuna Jr. OF Ceddanne Rafaela OF Eli White P Chris Sale P Sandy Alcantara SS Andruw Monasterio,,,
1512,5211909505,WaitTilNextYear,0,108.649994,1B Willson Contreras 2B Alika Williams 3B Caleb Durbin C Drake Baldwin OF Ronald Acuna Jr. OF Ceddanne Rafaela OF Eli White P Chris Sale P Sandy Alcantara SS Andruw Monasterio,,,
1512,5211913526,ttillie (12/20),0,108.649994,1B Kyle Stowers 2B Nick Sogard 3B Caleb Durbin C Drake Baldwin OF Ceddanne Rafaela OF Jarren Duran OF Mauricio Dubon P Chris Sale P Sandy Alcantara SS Otto Lopez,,,
1512,5211916575,smk5430 (5/20),0,108.649994,1B Willson Contreras 2B Nick Sogard 3B Caleb Durbin C Joe Mack OF Ceddanne Rafaela OF Michael Harris II OF Javier Sanoja P Chris Sale P Sandy Alcantara SS Andruw Monasterio,,,
1512,5211920017,jaybirdjax,0,108.649994,1B Kyle Stowers 2B Nick Sogard 3B Caleb Durbin C Jonah Heim OF Ceddanne Rafaela OF Michael Harris II OF Jakob Marsee P Chris Sale P Sandy Alcantara SS Zach Neto,,,
1512,5211973882,DJsPath23,0,108.649994,1B Willson Contreras 2B Nick Sogard 3B Austin Riley C Jonah Heim OF Ronald Acuna Jr. OF Ceddanne Rafaela OF Eli White P Chris Sale P Sandy Alcantara SS Andruw Monasterio,,,
1512,5212029866,markt35 (8/20),0,108.649994,1B Kyle Stowers 2B Xavier Edwards 3B Austin Riley C Connor Wong OF Jarren Duran OF Jakob Marsee OF Owen Caissie P Chris Sale P Sandy Alcantara SS Otto Lopez,,,
1512,5212064687,henry296 (5/20),0,108.649994,1B Kyle Stowers 2B Xavier Edwards 3B Caleb Durbin C Connor Wong OF Ceddanne Rafaela OF Michael Harris II OF Eli White P Chris Sale P Sandy Alcantara SS Otto Lopez,,,
1512,5212128883,slpendy (9/20),0,108.649994,1B Willson Contreras 2B Nick Sogard 3B Javier Sanoja C Connor Wong OF Ronald Acuna Jr. OF Ceddanne Rafaela OF Jarren Duran P Chris Sale P Sandy Alcantara SS Jacob Wilson,,,
1512,5212128886,slpendy (12/20),0,108.649994,1B Kyle Stowers 2B Nick Sogard 3B Caleb Durbin C Jonah Heim OF Ceddanne Rafaela OF Michael Harris II OF Jarren Duran P Chris Sale P Sandy Alcantara SS Otto Lopez,,,
1512,5212143106,michaelaedelstein (3/5),0,108.649994,1B Matt Olson 2B Nick Sogard 3B Caleb Durbin C Drake Baldwin OF Ronald Acuna Jr. OF Ceddanne Rafaela OF Eli White P Chris Sale P Sandy Alcantara SS Mauricio Dubon,,,
1512,5212246050,snajuice (7/20),0,108.649994,1B Willson Contreras 2B Xavier Edwards 3B Caleb Durbin C Connor Wong OF Mike Trout OF Ceddanne Rafaela OF Eli White P Chris Sale P Sandy Alcantara SS Otto Lopez,,,
1512,5212256340,lilmaryy (11/11),0,108.649994,1B Willson Contreras 2B Ozzie Albies 3B Caleb Durbin C Connor Wong OF Ronald Acuna Jr. OF Jarren Duran OF Mike Yastrzemski P Chris Sale P Sandy Alcantara SS Mauricio Dubon,,,
1531,5211619577,melvincali (17/20),0,108.45,1B Nolan Schanuel 2B Xavier Edwards 3B Denzer Guzman C Tyler Heineman OF Mike Trout OF Griffin Conine OF Wade Meckler P Chris Sale P Gerrit Cole SS Otto Lopez,,,
1531,5211754276,donner4420 (1/20),0,108.45,1B Kyle Stowers 2B Nick Sogard 3B Caleb Durbin C Moises Ballesteros OF Tyler Soderstrom OF Ceddanne Rafaela OF Jarren Duran P Chris Sale P Gerrit Cole SS Andruw Monasterio,,,
1531,5211761915,donner4420 (2/20),0,108.45,1B Kyle Stowers 2B Nick Sogard 3B Caleb Durbin C Moises Ballesteros OF Tyler Soderstrom OF Ceddanne Rafaela OF Jarren Duran P Chris Sale P Gerrit Cole SS Andruw Monasterio,,,
1531,5211761919,donner4420 (3/20),0,108.45,1B Kyle Stowers 2B Nick Sogard 3B Caleb Durbin C Moises Ballesteros OF Tyler Soderstrom OF Ceddanne Rafaela OF Jarren Duran P Chris Sale P Gerrit Cole SS Andruw Monasterio,,,
1531,5211761921,donner4420 (4/20),0,108.45,1B Kyle Stowers 2B Nick Sogard 3B Caleb Durbin C Moises Ballesteros OF Tyler Soderstrom OF Ceddanne Rafaela OF Jarren Duran P Chris Sale P Gerrit Cole SS Andruw Monasterio,,,
1531,5211761926,donner4420 (5/20),0,108.45,1B Kyle Stowers 2B Nick Sogard 3B Caleb Durbin C Moises Ballesteros OF Tyler Soderstrom OF Ceddanne Rafaela OF Jarren Duran P Chris Sale P Gerrit Cole SS Andruw Monasterio,,,
1531,5211761929,donner4420 (6/20),0,108.45,1B Kyle Stowers 2B Nick Sogard 3B Caleb Durbin C Moises Ballesteros OF Tyler Soderstrom OF Ceddanne Rafaela OF Jarren Duran P Chris Sale P Gerrit Cole SS Andruw Monasterio,,,
1531,5211761932,donner4420 (7/20),0,108.45,1B Kyle Stowers 2B Nick Sogard 3B Caleb Durbin C Moises Ballesteros OF Tyler Soderstrom OF Ceddanne Rafaela OF Jarren Duran P Chris Sale P Gerrit Cole SS Andruw Monasterio,,,
1531,5211761940,donner4420 (8/20),0,108.45,1B Kyle Stowers 2B Nick Sogard 3B Caleb Durbin C Moises Ballesteros OF Tyler Soderstrom OF Ceddanne Rafaela OF Jarren Duran P Chris Sale P Gerrit Cole SS Andruw Monasterio,,,
1531,5211761956,donner4420 (9/20),0,108.45,1B Kyle Stowers 2B Nick Sogard 3B Caleb Durbin C Moises Ballesteros OF Tyler Soderstrom OF Ceddanne Rafaela OF Jarren Duran P Chris Sale P Gerrit Cole SS Andruw Monasterio,,,
1531,5211761958,donner4420 (10/20),0,108.45,1B Kyle Stowers 2B Nick Sogard 3B Caleb Durbin C Moises Ballesteros OF Tyler Soderstrom OF Ceddanne Rafaela OF Jarren Duran P Chris Sale P Gerrit Cole SS Andruw Monasterio,,,
1531,5211761959,donner4420 (11/20),0,108.45,1B Kyle Stowers 2B Nick Sogard 3B Caleb Durbin C Moises Ballesteros OF Tyler Soderstrom OF Ceddanne Rafaela OF Jarren Duran P Chris Sale P Gerrit Cole SS Andruw Monasterio,,,
1531,5211761960,donner4420 (12/20),0,108.45,1B Kyle Stowers 2B Nick Sogard 3B Caleb Durbin C Moises Ballesteros OF Tyler Soderstrom OF Ceddanne Rafaela OF Jarren Duran P Chris Sale P Gerrit Cole SS Andruw Monasterio,,,
1531,5211761971,donner4420 (13/20),0,108.45,1B Kyle Stowers 2B Nick Sogard 3B Caleb Durbin C Moises Ballesteros OF Tyler Soderstrom OF Ceddanne Rafaela OF Jarren Duran P Chris Sale P Gerrit Cole SS Andruw Monasterio,,,
1531,5211761972,donner4420 (14/20),0,108.45,1B Kyle Stowers 2B Nick Sogard 3B Caleb Durbin C Moises Ballesteros OF Tyler Soderstrom OF Ceddanne Rafaela OF Jarren Duran P Chris Sale P Gerrit Cole SS Andruw Monasterio,,,
1531,5211761976,donner4420 (15/20),0,108.45,1B Kyle Stowers 2B Nick Sogard 3B Caleb Durbin C Moises Ballesteros OF Tyler Soderstrom OF Ceddanne Rafaela OF Jarren Duran P Chris Sale P Gerrit Cole SS Andruw Monasterio,,,
1531,5211762128,donner4420 (16/20),0,108.45,1B Kyle Stowers 2B Nick Sogard 3B Caleb Durbin C Moises Ballesteros OF Tyler Soderstrom OF Ceddanne Rafaela OF Jarren Duran P Chris Sale P Gerrit Cole SS Andruw Monasterio,,,
1531,5211762132,donner4420 (17/20),0,108.45,1B Kyle Stowers 2B Nick Sogard 3B Caleb Durbin C Moises Ballesteros OF Tyler Soderstrom OF Ceddanne Rafaela OF Jarren Duran P Chris Sale P Gerrit Cole SS Andruw Monasterio,,,
1531,5211762140,donner4420 (18/20),0,108.45,1B Kyle Stowers 2B Nick Sogard 3B Caleb Durbin C Moises Ballesteros OF Tyler Soderstrom OF Ceddanne Rafaela OF Jarren Duran P Chris Sale P Gerrit Cole SS Andruw Monasterio,,,
1531,5211767408,donner4420 (19/20),0,108.45,1B Kyle Stowers 2B Nick Sogard 3B Caleb Durbin C Moises Ballesteros OF Tyler Soderstrom OF Ceddanne Rafaela OF Jarren Duran P Chris Sale P Gerrit Cole SS Andruw Monasterio,,,
1531,5211767415,donner4420 (20/20),0,108.45,1B Kyle Stowers 2B Nick Sogard 3B Caleb Durbin C Moises Ballesteros OF Tyler Soderstrom OF Ceddanne Rafaela OF Jarren Duran P Chris Sale P Gerrit Cole SS Andruw Monasterio,,,
1531,5211780338,Anthonykorobellis (6/20),0,108.45,1B Willson Contreras 2B Vaughn Grissom 3B Tommy White C Jonah Heim OF Tyler Soderstrom OF Henry Bolte OF Eli White P Chris Sale P Gerrit Cole SS Jacob Wilson,,,
1531,5211913525,ttillie (11/20),0,108.45,1B Willson Contreras 2B Vaughn Grissom 3B Caleb Durbin C Connor Wong OF Ceddanne Rafaela OF Henry Bolte OF Jakob Marsee P Chris Sale P Gerrit Cole SS Andruw Monasterio,,,
1531,5211914055,drunkonpappy (12/20),0,108.45,1B Willson Contreras 2B Vaughn Grissom 3B Caleb Durbin C Moises Ballesteros OF Eli White OF Josh Lowe OF Jahmai Jones P Chris Sale P Gerrit Cole SS Andruw Monasterio,,,
1531,5212095511,woodreb5 (2/20),0,108.45,1B Willson Contreras 2B Alika Williams 3B Tommy White C Connor Wong OF Tyler Soderstrom OF Ceddanne Rafaela OF Lawrence Butler P Chris Sale P Gerrit Cole SS Jacob Wilson,,,
1531,5212246045,snajuice (2/20),0,108.45,1B Matt Olson 2B Nick Sogard 3B Caleb Durbin C Connor Wong OF Ronald Acuna Jr. OF Jarren Duran OF Heriberto Hernandez P Chris Sale P Gerrit Cole SS Andruw Monasterio,,,
1557,5211835221,cachedinar (19/20),0,108.35,1B Willson Contreras 2B Nick Sogard 3B Caleb Durbin C Jonah Heim OF Ronald Acuna Jr. OF Jarren Duran OF Jahmai Jones P Chris Sale P Walbert Urena SS Jacob Wilson,,,
1557,5211913530,ttillie (16/20),0,108.35,1B Matt Olson 2B Nick Sogard 3B Caleb Durbin C Drake Baldwin OF Ronald Acuna Jr. OF Mauricio Dubon OF Jahmai Jones P Chris Sale P Walbert Urena SS Jacob Wilson,,,
1559,5212049230,chrispy2005 (18/20),0,108.05,1B Paul Goldschmidt 2B Ozzie Albies 3B Amed Rosario C Drake Baldwin OF Trent Grisham OF Michael Harris II OF Heliot Ramos P Sandy Alcantara P Gage Jump SS George Lombard Jr.,,,
1559,5212128852,DanimalUnhinged,0,108.05,1B Kyle Stowers 2B Ozzie Albies 3B Caleb Durbin C Jonah Heim OF Ronald Acuna Jr. OF Mike Trout OF Heliot Ramos P Sandy Alcantara P Gage Jump SS Zach Neto,,,
1561,5211800182,rcarena (1/4),0,108,1B Kyle Stowers 2B Xavier Edwards 3B Max Muncy C Joe Mack OF Ronald Acuna Jr. OF Mike Trout OF Griffin Conine P Chris Sale P Gage Jump SS Otto Lopez,,,
1561,5211936073,curleeshu (3/5),0,108,1B Ben Rice 2B Nick Sogard 3B Jose Caballero C Jonah Heim OF Ceddanne Rafaela OF Trent Grisham OF Heriberto Hernandez P Chris Sale P Gage Jump SS Zach Neto,,,
1561,5212248679,Blerud15 (14/20),0,108,1B Matt Olson 2B Alika Williams 3B Max Muncy C Jonah Heim OF Ronald Acuna Jr. OF Michael Harris II OF Henry Bolte P Chris Sale P Gage Jump SS Jacob Wilson,,,
1564,5211916587,smk5430 (17/20),0,107.95,1B Matt Olson 2B Xavier Edwards 3B Jose Caballero C Drake Baldwin OF Ronald Acuna Jr. OF Michael Harris II OF Heliot Ramos P Sandy Alcantara P Jake Bennett SS George Lombard Jr.,,,
1565,5212121426,Chadg20 (6/20),0,107.9,1B Kyle Stowers 2B Xavier Edwards 3B Austin Riley C Joe Mack OF Ronald Acuna Jr. OF Mike Trout OF Jahmai Jones P Chris Sale P Jake Bennett SS Otto Lopez,,,
1566,5212095524,woodreb5 (15/20),0,107.75,1B Ben Rice 2B Ozzie Albies 3B Amed Rosario C Drake Baldwin OF Ronald Acuna Jr. OF Tyler Soderstrom OF Trent Grisham P Walbert Urena P Gage Jump SS George Lombard Jr.,,,
1567,5211716717,T41129130907 (20/20),0,107.649994,1B Willson Contreras 2B Ozzie Albies 3B Austin Riley C Drake Baldwin OF Trent Grisham OF Jakob Marsee OF Mike Yastrzemski P Chris Sale P Sandy Alcantara SS Mauricio Dubon,,,
1567,5211766828,habcommander,0,107.649994,1B Matt Olson 2B Nick Sogard 3B Caleb Durbin C Joe Mack OF Ronald Acuna Jr. OF Ceddanne Rafaela OF Jarren Duran P Chris Sale P Sandy Alcantara SS Andruw Monasterio,,,
1567,5211792412,Swishdakyng (2/20),0,107.649994,1B Willson Contreras 2B Xavier Edwards 3B Caleb Durbin C Connor Wong OF Ceddanne Rafaela OF Michael Harris II OF Jarren Duran P Chris Sale P Sandy Alcantara SS Jacob Wilson,,,
1567,5211794518,mythicalrhymer01 (2/6),0,107.649994,1B Willson Contreras 2B Ozzie Albies 3B Caleb Durbin C Drake Baldwin OF Ceddanne Rafaela OF Henry Bolte OF Eli White P Chris Sale P Sandy Alcantara SS Andruw Monasterio,,,
1567,5211811850,Wanna_Square_Up1567 (11/20),0,107.649994,1B Willson Contreras 2B Alika Williams 3B Caleb Durbin C Brian Serven OF Ronald Acuna Jr. OF Jarren Duran OF Eli White P Chris Sale P Sandy Alcantara SS Andruw Monasterio,,,
1567,5211865506,SeanDre (7/20),0,107.649994,1B Matt Olson 2B Xavier Edwards 3B Austin Riley C Joe Mack OF Heriberto Hernandez OF Jakob Marsee OF Griffin Conine P Chris Sale P Sandy Alcantara SS Jim Jarvis,,,
1567,5211917246,ghosey (1/2),0,107.649994,1B Willson Contreras 2B Nick Sogard 3B Caleb Durbin C Connor Wong OF Ronald Acuna Jr. OF Ceddanne Rafaela OF Michael Harris II P Chris Sale P Sandy Alcantara SS Jim Jarvis,,,
1567,5211920278,rod288 (5/20),0,107.649994,1B Willson Contreras 2B Nick Sogard 3B Caleb Durbin C Drake Baldwin OF Ceddanne Rafaela OF Michael Harris II OF Eli White P Chris Sale P Sandy Alcantara SS Jacob Wilson,,,
1567,5211942983,bassguy39 (3/20),0,107.649994,1B Kyle Stowers 2B Ozzie Albies 3B Austin Riley C Connor Wong OF Ronald Acuna Jr. OF Michael Harris II OF Jakob Marsee P Chris Sale P Sandy Alcantara SS Otto Lopez,,,
1567,5211947131,JcClark18 (11/20),0,107.649994,1B Kyle Stowers 2B Xavier Edwards 3B Max Muncy C Drake Baldwin OF Michael Harris II OF Heriberto Hernandez OF Griffin Conine P Chris Sale P Sandy Alcantara SS Otto Lopez,,,
1567,5211952631,bbehnke20 (4/20),0,107.649994,1B Willson Contreras 2B Ozzie Albies 3B Austin Riley C Drake Baldwin OF Ceddanne Rafaela OF Jarren Duran OF Jahmai Jones P Chris Sale P Sandy Alcantara SS Andruw Monasterio,,,
1567,5211958288,rockingrick (2/2),0,107.649994,1B Kyle Stowers 2B Ozzie Albies 3B Caleb Durbin C Joe Mack OF Ceddanne Rafaela OF Michael Harris II OF Henry Bolte P Chris Sale P Sandy Alcantara SS Jacob Wilson,,,
1567,5212002123,austin60915 (1/20),0,107.649994,1B Willson Contreras 2B Ozzie Albies 3B Caleb Durbin C Drake Baldwin OF Ceddanne Rafaela OF Henry Bolte OF Eli White P Chris Sale P Sandy Alcantara SS Andruw Monasterio,,,
1567,5212010014,kozy6813 (20/20),0,107.649994,1B Willson Contreras 2B Ozzie Albies 3B Caleb Durbin C Drake Baldwin OF Ceddanne Rafaela OF Henry Bolte OF Eli White P Chris Sale P Sandy Alcantara SS Andruw Monasterio,,,
1567,5212111044,SpeedRacer101 (18/20),0,107.649994,1B Matt Olson 2B Nick Sogard 3B Caleb Durbin C Connor Wong OF Ronald Acuna Jr. OF Michael Harris II OF Jarren Duran P Chris Sale P Sandy Alcantara SS Andruw Monasterio,,,
1567,5212116130,stock2mail (11/20),0,107.649994,1B Willson Contreras 2B Ozzie Albies 3B Austin Riley C Drake Baldwin OF Ceddanne Rafaela OF Jarren Duran OF Jahmai Jones P Chris Sale P Sandy Alcantara SS Andruw Monasterio,,,
1567,5212128889,slpendy (15/20),0,107.649994,1B Willson Contreras 2B Ozzie Albies 3B Caleb Durbin C Drake Baldwin OF Ceddanne Rafaela OF Henry Bolte OF Eli White P Chris Sale P Sandy Alcantara SS Andruw Monasterio,,,
1567,5212163366,lklk88088 (1/20),0,107.649994,1B Willson Contreras 2B Ozzie Albies 3B Caleb Durbin C Drake Baldwin OF Ceddanne Rafaela OF Henry Bolte OF Eli White P Chris Sale P Sandy Alcantara SS Andruw Monasterio,,,
1567,5212167167,mpritchard1 (4/5),0,107.649994,1B Matt Olson 2B Ozzie Albies 3B Caleb Durbin C Jonah Heim OF Michael Harris II OF Heriberto Hernandez OF Griffin Conine P Chris Sale P Sandy Alcantara SS Andruw Monasterio,,,
1567,5212221072,vttran185,0,107.649994,1B Matt Olson 2B Nick Sogard 3B Caleb Durbin C Joe Mack OF Ronald Acuna Jr. OF Ceddanne Rafaela OF Jarren Duran P Chris Sale P Sandy Alcantara SS Andruw Monasterio,,,
1567,5212239962,Sweeninator (1/2),0,107.649994,1B Kyle Stowers 2B Ozzie Albies 3B Austin Riley C Connor Wong OF Ronald Acuna Jr. OF Michael Harris II OF Jakob Marsee P Chris Sale P Sandy Alcantara SS Otto Lopez,,,
1588,5211856725,Stree (8/20),0,107.45,1B Kyle Stowers 2B Xavier Edwards 3B Caleb Durbin C Connor Wong OF Ceddanne Rafaela OF Jarren Duran OF Heriberto Hernandez P Chris Sale P Gerrit Cole SS Otto Lopez,,,
1588,5211903539,cwthrow24 (6/20),0,107.45,1B Willson Contreras 2B Alika Williams 3B Tommy White C Brian Serven OF Tyler Soderstrom OF Jarren Duran OF Lawrence Butler P Chris Sale P Gerrit Cole SS Andruw Monasterio,,,
1588,5211926281,mcafeend (5/20),0,107.45,1B Kyle Stowers 2B Xavier Edwards 3B Vaughn Grissom C Connor Wong OF Mike Trout OF Jakob Marsee OF Griffin Conine P Chris Sale P Gerrit Cole SS Otto Lopez,,,
1588,5211945737,aquafinatim (19/20),0,107.45,1B Willson Contreras 2B Vaughn Grissom 3B Caleb Durbin C Connor Wong OF Tyler Soderstrom OF Jarren Duran OF Henry Bolte P Chris Sale P Gerrit Cole SS Andruw Monasterio,,,
1588,5212000964,MamaKay1122 (7/13),0,107.45,1B Willson Contreras 2B Vaughn Grissom 3B Javier Sanoja C Connor Wong OF Jarren Duran OF Wade Meckler OF Jahmai Jones P Chris Sale P Gerrit Cole SS Andruw Monasterio,,,
1588,5212132484,Toney367 (11/20),0,107.45,1B Willson Contreras 2B Xavier Edwards 3B Amed Rosario C Drake Baldwin OF Heriberto Hernandez OF Griffin Conine OF Owen Caissie P Chris Sale P Gerrit Cole SS Otto Lopez,,,
1588,5212132489,Toney367 (16/20),0,107.45,1B Matt Olson 2B Ozzie Albies 3B Austin Riley C Brian Serven OF Michael Harris II OF Henry Bolte OF Lawrence Butler P Chris Sale P Gerrit Cole SS Jacob Wilson,,,
1588,5212150831,bizzyG (2/2),0,107.45,1B Willson Contreras 2B Xavier Edwards 3B Caleb Durbin C Joe Mack OF Ceddanne Rafaela OF Jarren Duran OF Javier Sanoja P Chris Sale P Gerrit Cole SS Andruw Monasterio,,,
1588,5212199219,dantheman78 (18/20),0,107.45,1B Willson Contreras 2B Nick Sogard 3B Tommy White C Jonah Heim OF Tyler Soderstrom OF Ceddanne Rafaela OF Eli White P Chris Sale P Gerrit Cole SS Andruw Monasterio,,,
1588,5212230546,jlegrand22 (13/20),0,107.45,1B Willson Contreras 2B Xavier Edwards 3B Javier Sanoja C Connor Wong OF Ceddanne Rafaela OF Jarren Duran OF Jakob Marsee P Chris Sale P Gerrit Cole SS Andruw Monasterio,,,
1598,5211952634,bbehnke20 (7/20),0,107.399994,1B Matt Olson 2B Ozzie Albies 3B Caleb Durbin C Drake Baldwin OF Ronald Acuna Jr. OF Ceddanne Rafaela OF Jahmai Jones P Walbert Urena P Sandy Alcantara SS Andruw Monasterio,,,
1598,5212132476,Toney367 (3/20),0,107.399994,1B Willson Contreras 2B Ozzie Albies 3B Caleb Durbin C Drake Baldwin OF Ronald Acuna Jr. OF Jarren Duran OF Jahmai Jones P Walbert Urena P Sandy Alcantara SS Andruw Monasterio,,,
1600,5211580867,ivymoose (10/20),0,107.2,1B Paul Goldschmidt 2B Nick Sogard 3B Caleb Durbin C Jonah Heim OF Ceddanne Rafaela OF Heliot Ramos OF Jahmai Jones P Gerrit Cole P Walbert Urena SS Andruw Monasterio,,,
1601,5211820280,bellsofwar3 (15/20),0,107,1B Matt Olson 2B Alika Williams 3B Austin Riley C Drake Baldwin OF Ronald Acuna Jr. OF Michael Harris II OF Lawrence Butler P Chris Sale P Gage Jump SS Jacob Wilson,,,
1601,5211920280,rod288 (7/20),0,107,1B Matt Olson 2B Alika Williams 3B Austin Riley C Drake Baldwin OF Ronald Acuna Jr. OF Michael Harris II OF Henry Bolte P Chris Sale P Gage Jump SS Jacob Wilson,,,
1601,5212103605,KelvinDubs (3/20),0,107,1B Nolan Schanuel 2B Xavier Edwards 3B Vaughn Grissom C Drake Baldwin OF Mike Trout OF Michael Harris II OF Jakob Marsee P Chris Sale P Gage Jump SS Otto Lopez,,,
1601,5212252024,jeffylube (12/20),0,107,1B Matt Olson 2B Ozzie Albies 3B Austin Riley C Jonah Heim OF Ronald Acuna Jr. OF Michael Harris II OF Henry Bolte P Chris Sale P Gage Jump SS Andruw Monasterio,,,
1605,5211996251,postalwolf,0,106.95,1B Ben Rice 2B Xavier Edwards 3B Amed Rosario C Drake Baldwin OF Mike Trout OF Ceddanne Rafaela OF Henry Bolte P Sandy Alcantara P Jake Bennett SS Andruw Monasterio,,,
1605,5212052231,Hansf,0,106.95,1B Kyle Stowers 2B Xavier Edwards 3B Caleb Durbin C Joe Mack OF Ronald Acuna Jr. OF Wilyer Abreu OF Ceddanne Rafaela P Sandy Alcantara P Jake Bennett SS Otto Lopez,,,
1607,5211872444,andymartin5586 (2/20),0,106.9,1B Willson Contreras 2B Xavier Edwards 3B Caleb Durbin C Joe Mack OF Ceddanne Rafaela OF Jarren Duran OF Jahmai Jones P Chris Sale P Jake Bennett SS Otto Lopez,,,
1607,5211926185,pat_the_hat2 (3/20),0,106.9,1B Willson Contreras 2B Xavier Edwards 3B Caleb Durbin C Moises Ballesteros OF Ceddanne Rafaela OF Jarren Duran OF Jahmai Jones P Chris Sale P Jake Bennett SS Otto Lopez,,,
1607,5212010010,kozy6813 (16/20),0,106.9,1B Kyle Stowers 2B Xavier Edwards 3B Caleb Durbin C Joe Mack OF Ronald Acuna Jr. OF Michael Harris II OF Jakob Marsee P Chris Sale P Jake Bennett SS Otto Lopez,,,
1607,5212160280,Billycowboys,0,106.9,1B Willson Contreras 2B Xavier Edwards 3B Caleb Durbin C Connor Wong OF Ceddanne Rafaela OF Michael Harris II OF Spencer Jones P Chris Sale P Jake Bennett SS Otto Lopez,,,
1607,5212166275,Satch65 (13/20),0,106.9,1B Willson Contreras 2B Ozzie Albies 3B Caleb Durbin C Drake Baldwin OF Ronald Acuna Jr. OF Eli White OF Jahmai Jones P Chris Sale P Jake Bennett SS Andruw Monasterio,,,
1607,5212204562,mariobr1709 (16/20),0,106.9,1B Willson Contreras 2B Ozzie Albies 3B Caleb Durbin C Drake Baldwin OF Ronald Acuna Jr. OF Eli White OF Jahmai Jones P Chris Sale P Jake Bennett SS Andruw Monasterio,,,
1613,5211750013,Cheesepuffs (3/6),0,106.75,1B Willson Contreras 2B Nick Sogard 3B Caleb Durbin C Jonah Heim OF Mike Trout OF Tyler Soderstrom OF Eli White P Gerrit Cole P Jake Bennett SS Andruw Monasterio,,,
1613,5212015506,glkell198,0,106.75,1B Willson Contreras 2B Xavier Edwards 3B Caleb Durbin C Austin Wells OF Ceddanne Rafaela OF Trent Grisham OF Jarren Duran P Gerrit Cole P Jake Bennett SS Andruw Monasterio,,,
1613,5212232995,anthjimen (5/5),0,106.75,1B Willson Contreras 2B Nick Sogard 3B Caleb Durbin C Joe Mack OF Ceddanne Rafaela OF Heliot Ramos OF Spencer Jones P Gerrit Cole P Jake Bennett SS Andruw Monasterio,,,
1616,5211690481,LOCNOTM (15/20),0,106.649994,1B Willson Contreras 2B Alika Williams 3B Caleb Durbin C Connor Wong OF Ronald Acuna Jr. OF Ceddanne Rafaela OF Michael Harris II P Chris Sale P Sandy Alcantara SS Andruw Monasterio,,,
1616,5211700001,Sammy.Boy (4/20),0,106.649994,1B Willson Contreras 2B Ozzie Albies 3B Caleb Durbin C Connor Wong OF Ceddanne Rafaela OF Heriberto Hernandez OF Griffin Conine P Chris Sale P Sandy Alcantara SS Otto Lopez,,,
1616,5211754838,tbjones2121 (18/20),0,106.649994,1B Willson Contreras 2B Ozzie Albies 3B Austin Riley C Drake Baldwin OF Ronald Acuna Jr. OF Mike Yastrzemski OF Eli White P Chris Sale P Sandy Alcantara SS Andruw Monasterio,,,
1616,5211757113,Schoey17 (6/7),0,106.649994,1B Willson Contreras 2B Nick Sogard 3B Tommy White C Brian Serven OF Tyler Soderstrom OF Ceddanne Rafaela OF Jarren Duran P Chris Sale P Sandy Alcantara SS Andruw Monasterio,,,
1616,5211856726,Stree (9/20),0,106.649994,1B Matt Olson 2B Nick Sogard 3B Caleb Durbin C Drake Baldwin OF Ronald Acuna Jr. OF Michael Harris II OF Eli White P Chris Sale P Sandy Alcantara SS Jim Jarvis,,,
1616,5211863195,whoisjohngalt420 (19/20),0,106.649994,1B Matt Olson 2B Ozzie Albies 3B Caleb Durbin C Connor Wong OF Ronald Acuna Jr. OF Michael Harris II OF Mauricio Dubon P Chris Sale P Sandy Alcantara SS Andruw Monasterio,,,
1616,5211879574,stevenhenry43211 (12/20),0,106.649994,1B Kyle Stowers 2B Nick Sogard 3B Vaughn Grissom C Moises Ballesteros OF Mike Trout OF Tyler Soderstrom OF Trent Grisham P Chris Sale P Sandy Alcantara SS Jacob Wilson,,,
1616,5211926189,pat_the_hat2 (7/20),0,106.649994,1B Willson Contreras 2B Nick Sogard 3B Austin Riley C Drake Baldwin OF Ronald Acuna Jr. OF Jarren Duran OF Mike Yastrzemski P Chris Sale P Sandy Alcantara SS Jim Jarvis,,,
1616,5211942991,bassguy39 (11/20),0,106.649994,1B Willson Contreras 2B Ozzie Albies 3B Austin Riley C Drake Baldwin OF Ronald Acuna Jr. OF Mike Yastrzemski OF Eli White P Chris Sale P Sandy Alcantara SS Andruw Monasterio,,,
1616,5211976331,tpyo (16/20),0,106.649994,1B Matt Olson 2B Nick Sogard 3B Amed Rosario C Drake Baldwin OF Ronald Acuna Jr. OF Michael Harris II OF Henry Bolte P Chris Sale P Sandy Alcantara SS Mauricio Dubon,,,
1616,5212019456,WPalmer2014,0,106.649994,1B Kyle Stowers 2B Xavier Edwards 3B Max Muncy C Jonah Heim OF Ronald Acuna Jr. OF Ceddanne Rafaela OF Michael Harris II P Chris Sale P Sandy Alcantara SS Mauricio Dubon,,,
1616,5212028213,Rep_King,0,106.649994,1B Matt Olson 2B Nick Sogard 3B Caleb Durbin C Drake Baldwin OF Ceddanne Rafaela OF Michael Harris II OF Mauricio Dubon P Chris Sale P Sandy Alcantara SS Andruw Monasterio,,,
1616,5212071622,Joemac58 (5/10),0,106.649994,1B Willson Contreras 2B Ozzie Albies 3B Austin Riley C Drake Baldwin OF Ronald Acuna Jr. OF Mike Yastrzemski OF Eli White P Chris Sale P Sandy Alcantara SS Andruw Monasterio,,,
1616,5212112867,meyers2305 (13/20),0,106.649994,1B Willson Contreras 2B Nick Sogard 3B Caleb Durbin C Drake Baldwin OF Ronald Acuna Jr. OF Jarren Duran OF Eli White P Chris Sale P Sandy Alcantara SS Jim Jarvis,,,
1616,5212252064,KILLANADZ24 (5/20),0,106.649994,1B Willson Contreras 2B Ozzie Albies 3B Austin Riley C Drake Baldwin OF Ceddanne Rafaela OF Michael Harris II OF Jahmai Jones P Chris Sale P Sandy Alcantara SS Mauricio Dubon,,,
1631,5211736387,jmason247 (17/20),0,106.45,1B Willson Contreras 2B Vaughn Grissom 3B Tommy White C Brian Serven OF Tyler Soderstrom OF Henry Bolte OF Josh Lowe P Chris Sale P Gerrit Cole SS Jacob Wilson,,,
1631,5211842526,Gabe57 (5/20),0,106.45,1B Willson Contreras 2B Nick Sogard 3B Caleb Durbin C Tyler Heineman OF Mike Trout OF Ceddanne Rafaela OF Wade Meckler P Chris Sale P Gerrit Cole SS Andruw Monasterio,,,
1631,5211842527,Gabe57 (6/20),0,106.45,1B Willson Contreras 2B Nick Sogard 3B Caleb Durbin C Tyler Heineman OF Mike Trout OF Ceddanne Rafaela OF Wade Meckler P Chris Sale P Gerrit Cole SS Andruw Monasterio,,,
1631,5211842528,Gabe57 (7/20),0,106.45,1B Willson Contreras 2B Nick Sogard 3B Caleb Durbin C Tyler Heineman OF Mike Trout OF Ceddanne Rafaela OF Wade Meckler P Chris Sale P Gerrit Cole SS Andruw Monasterio,,,
1631,5211842529,Gabe57 (8/20),0,106.45,1B Willson Contreras 2B Nick Sogard 3B Caleb Durbin C Tyler Heineman OF Mike Trout OF Ceddanne Rafaela OF Wade Meckler P Chris Sale P Gerrit Cole SS Andruw Monasterio,,,
1631,5211926322,thundrenterprises (2/20),0,106.45,1B Willson Contreras 2B Nick Sogard 3B Caleb Durbin C Tyler Heineman OF Mike Trout OF Ceddanne Rafaela OF Griffin Conine P Chris Sale P Gerrit Cole SS Andruw Monasterio,,,
1631,5211979401,Timbo314636 (1/2),0,106.45,1B Willson Contreras 2B Xavier Edwards 3B Caleb Durbin C Joe Mack OF Ceddanne Rafaela OF Jarren Duran OF Griffin Conine P Chris Sale P Gerrit Cole SS Andruw Monasterio,,,
1631,5212013389,zandwich (10/20),0,106.45,1B Nolan Schanuel 2B Alika Williams 3B Tommy White C Jonah Heim OF Mike Trout OF Henry Bolte OF Wade Meckler P Chris Sale P Gerrit Cole SS Jacob Wilson,,,
1631,5212077396,pthorpe25 (3/6),0,106.45,1B Willson Contreras 2B Xavier Edwards 3B Caleb Durbin C Joe Mack OF Ceddanne Rafaela OF Jarren Duran OF Griffin Conine P Chris Sale P Gerrit Cole SS Andruw Monasterio,,,
1631,5212095525,woodreb5 (16/20),0,106.45,1B Willson Contreras 2B Nick Sogard 3B Caleb Durbin C Tyler Heineman OF Mike Trout OF Ceddanne Rafaela OF Wade Meckler P Chris Sale P Gerrit Cole SS Andruw Monasterio,,,
1641,5211736388,jmason247 (18/20),0,106.399994,1B Ben Rice 2B Ozzie Albies 3B Austin Riley C Drake Baldwin OF Ronald Acuna Jr. OF Michael Harris II OF Jahmai Jones P Walbert Urena P Sandy Alcantara SS Jose Caballero,,,
1642,5211947134,JcClark18 (14/20),0,106,1B Matt Olson 2B Alika Williams 3B Tommy White C Drake Baldwin OF Ronald Acuna Jr. OF Tyler Soderstrom OF Henry Bolte P Chris Sale P Gage Jump SS Zach Neto,,,
1642,5212100467,csurunnerccr (19/20),0,106,1B Matt Olson 2B Xavier Edwards 3B Austin Riley C Drake Baldwin OF Michael Harris II OF Mike Yastrzemski OF Josh Lowe P Chris Sale P Gage Jump SS Otto Lopez,,,
1644,5211834116,whoadie50310 (4/4),0,105.95,1B Ben Rice 2B Ozzie Albies 3B Amed Rosario C Drake Baldwin OF Ronald Acuna Jr. OF Trent Grisham OF Heliot Ramos P Sandy Alcantara P Jake Bennett SS George Lombard Jr.,,,
1644,5212008896,mack69 (1/20),0,105.95,1B Kyle Stowers 2B Xavier Edwards 3B Caleb Durbin C Connor Wong OF Ceddanne Rafaela OF Jarren Duran OF Jahmai Jones P Sandy Alcantara P Jake Bennett SS Zach Neto,,,
1644,5212110961,xxmiddlefingerxx (1/2),0,105.95,1B Nick Sogard 2B Xavier Edwards 3B Caleb Durbin C Joe Mack OF Mike Trout OF Ceddanne Rafaela OF Jarren Duran P Sandy Alcantara P Jake Bennett SS Otto Lopez,,,
1644,5212182020,smartin417,0,105.95,1B Willson Contreras 2B Ozzie Albies 3B Caleb Durbin C Austin Wells OF Ronald Acuna Jr. OF Mike Trout OF Ceddanne Rafaela P Sandy Alcantara P Jake Bennett SS Andruw Monasterio,,,
1644,5212197595,Skralph (11/20),0,105.95,1B Matt Olson 2B Ozzie Albies 3B Caleb Durbin C Drake Baldwin OF Ronald Acuna Jr. OF Michael Harris II OF Henry Bolte P Sandy Alcantara P Jake Bennett SS Andruw Monasterio,,,
1644,5212242415,BigMart11 (18/20),0,105.95,1B Kyle Stowers 2B Xavier Edwards 3B Javier Sanoja C Connor Wong OF Trent Grisham OF Heliot Ramos OF Jakob Marsee P Sandy Alcantara P Jake Bennett SS Otto Lopez,,,
1650,5211580858,ivymoose (1/20),0,105.9,1B Kyle Stowers 2B Xavier Edwards 3B Caleb Durbin C Connor Wong OF Ceddanne Rafaela OF Jarren Duran OF Jahmai Jones P Chris Sale P Jake Bennett SS Otto Lopez,,,
1650,5211856736,Stree (19/20),0,105.9,1B Willson Contreras 2B Xavier Edwards 3B Caleb Durbin C Joe Mack OF Mike Trout OF Ceddanne Rafaela OF Jahmai Jones P Chris Sale P Jake Bennett SS Andruw Monasterio,,,
1650,5212054118,wazzu24 (19/20),0,105.9,1B Kyle Stowers 2B Xavier Edwards 3B Caleb Durbin C Drake Baldwin OF Ceddanne Rafaela OF Jarren Duran OF Jahmai Jones P Chris Sale P Jake Bennett SS Andruw Monasterio,,,
1650,5212065735,pdmac23,0,105.9,1B Willson Contreras 2B Xavier Edwards 3B Caleb Durbin C Brian Serven OF Ronald Acuna Jr. OF Griffin Conine OF Owen Caissie P Chris Sale P Jake Bennett SS Andruw Monasterio,,,
1650,5212095528,woodreb5 (19/20),0,105.9,1B Kyle Stowers 2B Xavier Edwards 3B Caleb Durbin C Connor Wong OF Ceddanne Rafaela OF Jarren Duran OF Jahmai Jones P Chris Sale P Jake Bennett SS Otto Lopez,,,
1650,5212124075,ballgame1881 (6/15),0,105.9,1B Kyle Stowers 2B Ozzie Albies 3B Caleb Durbin C Drake Baldwin OF Ronald Acuna Jr. OF Eli White OF Jahmai Jones P Chris Sale P Jake Bennett SS Andruw Monasterio,,,
1650,5212143105,michaelaedelstein (2/5),0,105.9,1B Willson Contreras 2B Xavier Edwards 3B Caleb Durbin C Connor Wong OF Ronald Acuna Jr. OF Heriberto Hernandez OF Griffin Conine P Chris Sale P Jake Bennett SS Otto Lopez,,,
1650,5212168323,hdhillon,0,105.9,1B Matt Olson 2B Xavier Edwards 3B Vaughn Grissom C Drake Baldwin OF Tyler Soderstrom OF Ceddanne Rafaela OF Jahmai Jones P Chris Sale P Jake Bennett SS Andruw Monasterio,,,
1650,5212210641,eharig09 (2/20),0,105.9,1B Matt Olson 2B Xavier Edwards 3B Austin Riley C Drake Baldwin OF Ronald Acuna Jr. OF Griffin Conine OF Jahmai Jones P Chris Sale P Jake Bennett SS Jim Jarvis,,,
1650,5212210644,eharig09 (5/20),0,105.9,1B Kyle Stowers 2B Xavier Edwards 3B Caleb Durbin C Drake Baldwin OF Ronald Acuna Jr. OF Griffin Conine OF Owen Caissie P Chris Sale P Jake Bennett SS Otto Lopez,,,
1650,5212210653,eharig09 (14/20),0,105.9,1B Kyle Stowers 2B Xavier Edwards 3B Javier Sanoja C Drake Baldwin OF Michael Harris II OF Jakob Marsee OF Griffin Conine P Chris Sale P Jake Bennett SS George Lombard Jr.,,,
1661,5211792421,Swishdakyng (11/20),0,105.75,1B Paul Goldschmidt 2B Ozzie Albies 3B Austin Riley C Austin Wells OF Trent Grisham OF Heliot Ramos OF Jakob Marsee P Gerrit Cole P Jake Bennett SS George Lombard Jr.,,,
1661,5211879582,stevenhenry43211 (20/20),0,105.75,1B Kyle Stowers 2B Nick Sogard 3B Javier Sanoja C Joe Mack OF Ronald Acuna Jr. OF Mike Trout OF Tyler Soderstrom P Gerrit Cole P Jake Bennett SS Andruw Monasterio,,,
1663,5211913578,mstra999,0,105.649994,1B Kyle Stowers 2B Nick Sogard 3B Caleb Durbin C Jonah Heim OF Wilyer Abreu OF Ceddanne Rafaela OF Michael Harris II P Chris Sale P Sandy Alcantara SS Andruw Monasterio,,,
1663,5211916573,smk5430 (3/20),0,105.649994,1B Matt Olson 2B Nick Sogard 3B Austin Riley C Drake Baldwin OF Ceddanne Rafaela OF Heriberto Hernandez OF Mike Yastrzemski P Chris Sale P Sandy Alcantara SS Andruw Monasterio,,,
1663,5211969102,uvajay (16/20),0,105.649994,1B Matt Olson 2B Ozzie Albies 3B Austin Riley C Brian Serven OF Ceddanne Rafaela OF Michael Harris II OF Jahmai Jones P Chris Sale P Sandy Alcantara SS Mauricio Dubon,,,
1663,5211998647,draftdave,0,105.649994,1B Matt Olson 2B Xavier Edwards 3B Vaughn Grissom C Jonah Heim OF Ceddanne Rafaela OF Heliot Ramos OF Lawrence Butler P Chris Sale P Sandy Alcantara SS Andruw Monasterio,,,
1663,5212073840,meodette (16/20),0,105.649994,1B Matt Olson 2B Xavier Edwards 3B Caleb Durbin C Connor Wong OF Ceddanne Rafaela OF Jarren Duran OF Mauricio Dubon P Chris Sale P Sandy Alcantara SS Andruw Monasterio,,,
1663,5212136536,redbrick22,0,105.649994,1B Willson Contreras 2B Vaughn Grissom 3B Caleb Durbin C Connor Wong OF Ronald Acuna Jr. OF Ceddanne Rafaela OF Wade Meckler P Chris Sale P Sandy Alcantara SS Andruw Monasterio,,,
1663,5212156390,cw1tt (6/20),0,105.649994,1B Matt Olson 2B Ozzie Albies 3B Austin Riley C Jonah Heim OF Michael Harris II OF Henry Bolte OF Mauricio Dubon P Chris Sale P Sandy Alcantara SS Jacob Wilson,,,
1663,5212197590,Skralph (6/20),0,105.649994,1B Matt Olson 2B Ozzie Albies 3B Caleb Durbin C Drake Baldwin OF Michael Harris II OF Heriberto Hernandez OF Jakob Marsee P Chris Sale P Sandy Alcantara SS Mauricio Dubon,,,
1671,5211619445,melvincali (1/20),0,105.5,1B Paul Goldschmidt 2B Nick Sogard 3B Caleb Durbin C Connor Wong OF Ceddanne Rafaela OF Heliot Ramos OF Jarren Duran P Gerrit Cole P Sandy Alcantara SS Jose Caballero,,,
1672,5211970937,jrevelle3 (17/20),0,105.45,1B Willson Contreras 2B Vaughn Grissom 3B Caleb Durbin C Jonah Heim OF Ceddanne Rafaela OF Eli White OF Jahmai Jones P Chris Sale P Gerrit Cole SS Zach Neto,,,
1672,5212075726,mlief (4/20),0,105.45,1B Ben Rice 2B Nick Sogard 3B Caleb Durbin C Connor Wong OF Mike Trout OF Jarren Duran OF Josh Lowe P Chris Sale P Gerrit Cole SS Andruw Monasterio,,,
1672,5212163700,TheFH (4/20),0,105.45,1B Willson Contreras 2B Vaughn Grissom 3B Caleb Durbin C Jonah Heim OF Ceddanne Rafaela OF Eli White OF Jahmai Jones P Chris Sale P Gerrit Cole SS Zach Neto,,,
1672,5212204561,mariobr1709 (15/20),0,105.45,1B Nolan Schanuel 2B Xavier Edwards 3B Javier Sanoja C Joe Mack OF Mike Trout OF Wade Meckler OF Josh Lowe P Chris Sale P Gerrit Cole SS Otto Lopez,,,
1672,5212225489,rambito (1/20),0,105.45,1B Nolan Schanuel 2B Nick Sogard 3B Denzer Guzman C Brian Serven OF Mike Trout OF Tyler Soderstrom OF Henry Bolte P Chris Sale P Gerrit Cole SS Zach Neto,,,
1677,5211716703,T41129130907 (6/20),0,105.399994,1B Paul Goldschmidt 2B Ozzie Albies 3B Jose Caballero C Drake Baldwin OF Ronald Acuna Jr. OF Michael Harris II OF Spencer Jones P Walbert Urena P Sandy Alcantara SS Jacob Wilson,,,
1677,5211952633,bbehnke20 (6/20),0,105.399994,1B Willson Contreras 2B Nick Sogard 3B Caleb Durbin C Drake Baldwin OF Ronald Acuna Jr. OF Ceddanne Rafaela OF Henry Bolte P Walbert Urena P Sandy Alcantara SS Andruw Monasterio,,,
1677,5212031787,slappey22 (2/7),0,105.399994,1B Willson Contreras 2B Xavier Edwards 3B Caleb Durbin C Connor Wong OF Ronald Acuna Jr. OF Tyler Soderstrom OF Ceddanne Rafaela P Walbert Urena P Sandy Alcantara SS Mauricio Dubon,,,
1680,5211734433,kreller17 (19/20),0,105.2,1B Paul Goldschmidt 2B Nick Sogard 3B Caleb Durbin C Brian Serven OF Ceddanne Rafaela OF Heliot Ramos OF Jahmai Jones P Gerrit Cole P Walbert Urena SS Andruw Monasterio,,,
1680,5211976322,tpyo (7/20),0,105.2,1B Ben Rice 2B Ozzie Albies 3B Vaughn Grissom C Jonah Heim OF Trent Grisham OF Heliot Ramos OF Spencer Jones P Gerrit Cole P Walbert Urena SS George Lombard Jr.,,,
1682,5211942993,bassguy39 (13/20),0,105,1B Matt Olson 2B Vaughn Grissom 3B Tommy White C Brian Serven OF Ronald Acuna Jr. OF Tyler Soderstrom OF Michael Harris II P Chris Sale P Gage Jump SS Jacob Wilson,,,
1682,5212071626,Joemac58 (9/10),0,105,1B Kyle Stowers 2B Xavier Edwards 3B Javier Sanoja C Drake Baldwin OF Mike Trout OF Heriberto Hernandez OF Jakob Marsee P Chris Sale P Gage Jump SS Zach Neto,,,
1682,5212112866,meyers2305 (12/20),0,105,1B Matt Olson 2B Ozzie Albies 3B Austin Riley C Jonah Heim OF Tyler Soderstrom OF Michael Harris II OF Henry Bolte P Chris Sale P Gage Jump SS Mauricio Dubon,,,
1685,5211599674,SkyU27,0,104.95,1B Matt Olson 2B Ozzie Albies 3B Caleb Durbin C Drake Baldwin OF Ronald Acuna Jr. OF Ceddanne Rafaela OF Mike Yastrzemski P Sandy Alcantara P Jake Bennett SS Andruw Monasterio,,,
1685,5211987175,DreamchaserJC (13/20),0,104.95,1B Willson Contreras 2B Xavier Edwards 3B Caleb Durbin C Connor Wong OF Ceddanne Rafaela OF Heliot Ramos OF Jakob Marsee P Sandy Alcantara P Jake Bennett SS Andruw Monasterio,,,
1685,5212063421,velocity1,0,104.95,1B Kyle Stowers 2B Ozzie Albies 3B Caleb Durbin C Drake Baldwin OF Ronald Acuna Jr. OF Ceddanne Rafaela OF Griffin Conine P Sandy Alcantara P Jake Bennett SS Otto Lopez,,,
1685,5212138728,Dricou (9/10),0,104.95,1B Ben Rice 2B Xavier Edwards 3B Amed Rosario C Drake Baldwin OF Ronald Acuna Jr. OF Trent Grisham OF Heliot Ramos P Sandy Alcantara P Jake Bennett SS Jose Caballero,,,
1689,5211856732,Stree (15/20),0,104.9,1B Willson Contreras 2B Xavier Edwards 3B Caleb Durbin C Connor Wong OF Ronald Acuna Jr. OF Ceddanne Rafaela OF Jakob Marsee P Chris Sale P Jake Bennett SS Andruw Monasterio,,,
1689,5211970929,jrevelle3 (9/20),0,104.9,1B Willson Contreras 2B Nick Sogard 3B Austin Riley C Drake Baldwin OF Ronald Acuna Jr. OF Ceddanne Rafaela OF Jahmai Jones P Chris Sale P Jake Bennett SS Andruw Monasterio,,,
1689,5212009999,kozy6813 (5/20),0,104.9,1B Matt Olson 2B Ozzie Albies 3B Caleb Durbin C Connor Wong OF Ronald Acuna Jr. OF Ceddanne Rafaela OF Jahmai Jones P Chris Sale P Jake Bennett SS Otto Lopez,,,
1689,5212049217,chrispy2005 (5/20),0,104.9,1B Willson Contreras 2B Nick Sogard 3B Austin Riley C Drake Baldwin OF Ronald Acuna Jr. OF Michael Harris II OF Jahmai Jones P Chris Sale P Jake Bennett SS Andruw Monasterio,,,
1689,5212081523,Awalker3081 (12/20),0,104.9,1B Kyle Stowers 2B Xavier Edwards 3B Javier Sanoja C Connor Wong OF Jarren Duran OF Heriberto Hernandez OF Jahmai Jones P Chris Sale P Jake Bennett SS Otto Lopez,,,
1689,5212143107,michaelaedelstein (4/5),0,104.9,1B Willson Contreras 2B Alika Williams 3B Caleb Durbin C Drake Baldwin OF Ronald Acuna Jr. OF Ceddanne Rafaela OF Jahmai Jones P Chris Sale P Jake Bennett SS Mauricio Dubon,,,
1689,5212210651,eharig09 (12/20),0,104.9,1B Kyle Stowers 2B Ozzie Albies 3B Javier Sanoja C Joe Mack OF Ronald Acuna Jr. OF Mike Yastrzemski OF Jahmai Jones P Chris Sale P Jake Bennett SS Mauricio Dubon,,,
1689,5212251991,jeffylube (1/20),0,104.9,1B Matt Olson 2B Ozzie Albies 3B Austin Riley C Drake Baldwin OF Ronald Acuna Jr. OF Jakob Marsee OF Jahmai Jones P Chris Sale P Jake Bennett SS Andruw Monasterio,,,
1689,5212252014,jeffylube (2/20),0,104.9,1B Matt Olson 2B Ozzie Albies 3B Austin Riley C Drake Baldwin OF Ronald Acuna Jr. OF Henry Bolte OF Jahmai Jones P Chris Sale P Jake Bennett SS Andruw Monasterio,,,
1698,5212207922,curleeshu (5/5),0,104.75,1B Ben Rice 2B Ozzie Albies 3B Caleb Durbin C Joe Mack OF Ronald Acuna Jr. OF Henry Bolte OF Owen Caissie P Gerrit Cole P Jake Bennett SS Zach Neto,,,
1699,5211690467,LOCNOTM (1/20),0,104.649994,1B Willson Contreras 2B Ozzie Albies 3B Caleb Durbin C Joe Mack OF Ronald Acuna Jr. OF Ceddanne Rafaela OF Eli White P Chris Sale P Sandy Alcantara SS Andruw Monasterio,,,
1699,5211690485,LOCNOTM (19/20),0,104.649994,1B Willson Contreras 2B Ozzie Albies 3B Caleb Durbin C Connor Wong OF Ronald Acuna Jr. OF Ceddanne Rafaela OF Josh Lowe P Chris Sale P Sandy Alcantara SS Andruw Monasterio,,,
1699,5211690486,LOCNOTM (20/20),0,104.649994,1B Willson Contreras 2B Ozzie Albies 3B Caleb Durbin C Connor Wong OF Ronald Acuna Jr. OF Michael Harris II OF Eli White P Chris Sale P Sandy Alcantara SS Andruw Monasterio,,,
1699,5211804416,AverageTuesday (18/20),0,104.649994,1B Willson Contreras 2B Nick Sogard 3B Tommy White C Brian Serven OF Ceddanne Rafaela OF Jarren Duran OF Henry Bolte P Chris Sale P Sandy Alcantara SS Andruw Monasterio,,,
1699,5211841180,DangerousDav3,0,104.649994,1B Willson Contreras 2B Ozzie Albies 3B Caleb Durbin C Joe Mack OF Ronald Acuna Jr. OF Ceddanne Rafaela OF Eli White P Chris Sale P Sandy Alcantara SS Andruw Monasterio,,,
1699,5211842465,cowboys228808,0,104.649994,1B Willson Contreras 2B Xavier Edwards 3B Caleb Durbin C Joe Mack OF Ceddanne Rafaela OF Michael Harris II OF Jarren Duran P Chris Sale P Sandy Alcantara SS Andruw Monasterio,,,
1699,5211871971,Jyrays,0,104.649994,1B Kyle Stowers 2B Ozzie Albies 3B Caleb Durbin C Jonah Heim OF Michael Harris II OF Jarren Duran OF Heriberto Hernandez P Chris Sale P Sandy Alcantara SS Jacob Wilson,,,
1699,5211926332,thundrenterprises (12/20),0,104.649994,1B Willson Contreras 2B Ozzie Albies 3B Caleb Durbin C Connor Wong OF Ronald Acuna Jr. OF Michael Harris II OF Eli White P Chris Sale P Sandy Alcantara SS Andruw Monasterio,,,
1699,5211947124,JcClark18 (4/20),0,104.649994,1B Matt Olson 2B Ozzie Albies 3B Austin Riley C Drake Baldwin OF Ceddanne Rafaela OF Henry Bolte OF Mike Yastrzemski P Chris Sale P Sandy Alcantara SS Andruw Monasterio,,,
1699,5212009837,chrism0rgan (1/20),0,104.649994,1B Willson Contreras 2B Ozzie Albies 3B Caleb Durbin C Connor Wong OF Tyler Soderstrom OF Michael Harris II OF Jarren Duran P Chris Sale P Sandy Alcantara SS Andruw Monasterio,,,
1699,5212009845,chrism0rgan (9/20),0,104.649994,1B Willson Contreras 2B Ozzie Albies 3B Caleb Durbin C Connor Wong OF Ronald Acuna Jr. OF Jarren Duran OF Eli White P Chris Sale P Sandy Alcantara SS Otto Lopez,,,
1699,5212083928,ckcash64 (13/20),0,104.649994,1B Matt Olson 2B Ozzie Albies 3B Caleb Durbin C Drake Baldwin OF Ceddanne Rafaela OF Jakob Marsee OF Eli White P Chris Sale P Sandy Alcantara SS Andruw Monasterio,,,
1699,5212083930,ckcash64 (15/20),0,104.649994,1B Willson Contreras 2B Ozzie Albies 3B Caleb Durbin C Moises Ballesteros OF Ronald Acuna Jr. OF Ceddanne Rafaela OF Eli White P Chris Sale P Sandy Alcantara SS Andruw Monasterio,,,
1699,5212083934,ckcash64 (19/20),0,104.649994,1B Willson Contreras 2B Xavier Edwards 3B Caleb Durbin C Connor Wong OF Ceddanne Rafaela OF Jarren Duran OF Jakob Marsee P Chris Sale P Sandy Alcantara SS Zach Neto,,,
1699,5212095529,woodreb5 (20/20),0,104.649994,1B Willson Contreras 2B Nick Sogard 3B Max Muncy C Jonah Heim OF Tyler Soderstrom OF Jarren Duran OF Eli White P Chris Sale P Sandy Alcantara SS Andruw Monasterio,,,
1699,5212116128,stock2mail (9/20),0,104.649994,1B Matt Olson 2B Ozzie Albies 3B Caleb Durbin C Jonah Heim OF Ronald Acuna Jr. OF Michael Harris II OF Eli White P Chris Sale P Sandy Alcantara SS Mauricio Dubon,,,
1699,5212131797,vymo09 (2/2),0,104.649994,1B Willson Contreras 2B Xavier Edwards 3B Caleb Durbin C Joe Mack OF Ceddanne Rafaela OF Michael Harris II OF Jarren Duran P Chris Sale P Sandy Alcantara SS Andruw Monasterio,,,
1699,5212166272,Satch65 (10/20),0,104.649994,1B Willson Contreras 2B Xavier Edwards 3B Tommy White C Connor Wong OF Ronald Acuna Jr. OF Ceddanne Rafaela OF Jarren Duran P Chris Sale P Sandy Alcantara SS Andruw Monasterio,,,
1699,5212235597,scohen21 (5/20),0,104.649994,1B Willson Contreras 2B Ozzie Albies 3B Caleb Durbin C Joe Mack OF Ceddanne Rafaela OF Jakob Marsee OF Eli White P Chris Sale P Sandy Alcantara SS Andruw Monasterio,,,
1699,5212249677,niners24boom,0,104.649994,1B Willson Contreras 2B Nick Sogard 3B Tommy White C Brian Serven OF Ronald Acuna Jr. OF Ceddanne Rafaela OF Jarren Duran P Chris Sale P Sandy Alcantara SS Andruw Monasterio,,,
1719,5211736384,jmason247 (14/20),0,104.45,1B Willson Contreras 2B Xavier Edwards 3B Denzer Guzman C Joe Mack OF Heriberto Hernandez OF Griffin Conine OF Josh Lowe P Chris Sale P Gerrit Cole SS Otto Lopez,,,
1719,5211903538,cwthrow24 (5/20),0,104.45,1B Kyle Stowers 2B Xavier Edwards 3B Javier Sanoja C Tyler Heineman OF Mike Trout OF Heriberto Hernandez OF Jakob Marsee P Chris Sale P Gerrit Cole SS Zach Neto,,,
1719,5212127939,kcroyalfan (3/4),0,104.45,1B Willson Contreras 2B Nick Sogard 3B Austin Riley C Connor Wong OF Ronald Acuna Jr. OF Michael Harris II OF Griffin Conine P Chris Sale P Gerrit Cole SS Andruw Monasterio,,,
1719,5212141203,ac919 (3/20),0,104.45,1B Kyle Stowers 2B Xavier Edwards 3B Jose Caballero C Tyler Heineman OF Ceddanne Rafaela OF Jakob Marsee OF Wade Meckler P Chris Sale P Gerrit Cole SS Zach Neto,,,
1719,5212167994,bcardwell79 (1/3),0,104.45,1B Kyle Stowers 2B Xavier Edwards 3B Caleb Durbin C Connor Wong OF Mike Trout OF Ceddanne Rafaela OF Eli White P Chris Sale P Gerrit Cole SS Otto Lopez,,,
1719,5212224524,vstar1300 (7/9),0,104.45,1B Kyle Stowers 2B Xavier Edwards 3B Caleb Durbin C Connor Wong OF Mike Trout OF Ceddanne Rafaela OF Eli White P Chris Sale P Gerrit Cole SS Otto Lopez,,,
1719,5212225205,anthjimen (1/5),0,104.45,1B Nick Sogard 2B Xavier Edwards 3B Caleb Durbin C Connor Wong OF Ceddanne Rafaela OF Jarren Duran OF Heriberto Hernandez P Chris Sale P Gerrit Cole SS Zach Neto,,,
1726,5211913522,ttillie (8/20),0,104.399994,1B Ben Rice 2B Ozzie Albies 3B Amed Rosario C Drake Baldwin OF Ronald Acuna Jr. OF Jarren Duran OF Jahmai Jones P Walbert Urena P Sandy Alcantara SS Andruw Monasterio,,,
1727,5211970672,slicksid27 (3/9),0,104.35,1B Ben Rice 2B Ozzie Albies 3B Austin Riley C Jonah Heim OF Heliot Ramos OF Spencer Jones OF Henry Bolte P Chris Sale P Walbert Urena SS George Lombard Jr.,,,
1728,5211734427,kreller17 (13/20),0,104,1B Matt Olson 2B Alika Williams 3B Max Muncy C Drake Baldwin OF Ronald Acuna Jr. OF Michael Harris II OF Henry Bolte P Chris Sale P Gage Jump SS Jacob Wilson,,,
1728,5211792424,Swishdakyng (14/20),0,104,1B Matt Olson 2B Xavier Edwards 3B Caleb Durbin C Drake Baldwin OF Ronald Acuna Jr. OF Heliot Ramos OF Jarren Duran P Chris Sale P Gage Jump SS Jim Jarvis,,,
1728,5211969105,uvajay (19/20),0,104,1B Matt Olson 2B Vaughn Grissom 3B Austin Riley C Drake Baldwin OF Ronald Acuna Jr. OF Heriberto Hernandez OF Mike Yastrzemski P Chris Sale P Gage Jump SS Otto Lopez,,,
1731,5211913521,ttillie (7/20),0,103.95,1B Willson Contreras 2B Xavier Edwards 3B Austin Riley C Drake Baldwin OF Ronald Acuna Jr. OF Michael Harris II OF Mauricio Dubon P Sandy Alcantara P Jake Bennett SS Andruw Monasterio,,,
1731,5212002171,MamaKay1122 (11/13),0,103.95,1B Matt Olson 2B Xavier Edwards 3B Caleb Durbin C Drake Baldwin OF Ronald Acuna Jr. OF Ceddanne Rafaela OF Michael Harris II P Sandy Alcantara P Jake Bennett SS Mauricio Dubon,,,
1731,5212100460,csurunnerccr (12/20),0,103.95,1B Ben Rice 2B Ozzie Albies 3B Caleb Durbin C Drake Baldwin OF Heliot Ramos OF Mike Yastrzemski OF Eli White P Sandy Alcantara P Jake Bennett SS Andruw Monasterio,,,
1731,5212100466,csurunnerccr (18/20),0,103.95,1B Matt Olson 2B Ozzie Albies 3B Amed Rosario C Drake Baldwin OF Trent Grisham OF Mike Yastrzemski OF Jahmai Jones P Sandy Alcantara P Jake Bennett SS Mauricio Dubon,,,
1731,5212204558,mariobr1709 (12/20),0,103.95,1B Kyle Stowers 2B Xavier Edwards 3B Caleb Durbin C Drake Baldwin OF Ceddanne Rafaela OF Jarren Duran OF Griffin Conine P Sandy Alcantara P Jake Bennett SS Otto Lopez,,,
1736,5211875028,RSH427R,0,103.9,1B Willson Contreras 2B Nick Sogard 3B Caleb Durbin C Drake Baldwin OF Ronald Acuna Jr. OF Ceddanne Rafaela OF Owen Caissie P Chris Sale P Jake Bennett SS George Lombard Jr.,,,
1736,5211890604,jw1984 (9/20),0,103.9,1B Kyle Stowers 2B Nick Sogard 3B Caleb Durbin C Drake Baldwin OF Ceddanne Rafaela OF Jarren Duran OF Jahmai Jones P Chris Sale P Jake Bennett SS Otto Lopez,,,
1736,5211980682,rsumrall (2/20),0,103.9,1B Kyle Stowers 2B Xavier Edwards 3B Javier Sanoja C Drake Baldwin OF Ronald Acuna Jr. OF Jakob Marsee OF Eli White P Chris Sale P Jake Bennett SS Otto Lopez,,,
1736,5211993127,hitters9,0,103.9,1B Matt Olson 2B Xavier Edwards 3B Caleb Durbin C Drake Baldwin OF Ceddanne Rafaela OF Jarren Duran OF Jahmai Jones P Chris Sale P Jake Bennett SS Andruw Monasterio,,,
1736,5212049215,chrispy2005 (3/20),0,103.9,1B Matt Olson 2B Xavier Edwards 3B Caleb Durbin C Drake Baldwin OF Jakob Marsee OF Griffin Conine OF Owen Caissie P Chris Sale P Jake Bennett SS Otto Lopez,,,
1741,5211987061,ballaholick713 (19/20),0,103.85,1B Kyle Stowers 2B Xavier Edwards 3B Vaughn Grissom C Joe Mack OF Mike Trout OF Heriberto Hernandez OF Jakob Marsee P Gerrit Cole P Gage Jump SS Zach Neto,,,
1742,5211761924,Schoey17 (7/7),0,103.75,1B Paul Goldschmidt 2B Xavier Edwards 3B Amed Rosario C Joe Mack OF Trent Grisham OF Heriberto Hernandez OF Jakob Marsee P Gerrit Cole P Jake Bennett SS Otto Lopez,,,
1743,5211896862,UniversalFriend (4/20),0,103.649994,1B Willson Contreras 2B Nick Sogard 3B Max Muncy C Brian Serven OF Ceddanne Rafaela OF Lawrence Butler OF Eli White P Chris Sale P Sandy Alcantara SS Andruw Monasterio,,,
1743,5211896876,UniversalFriend (18/20),0,103.649994,1B Matt Olson 2B Ozzie Albies 3B Javier Sanoja C Drake Baldwin OF Heriberto Hernandez OF Griffin Conine OF Owen Caissie P Chris Sale P Sandy Alcantara SS Otto Lopez,,,
1743,5211912870,mjeffreys,0,103.649994,1B Matt Olson 2B Nick Sogard 3B Caleb Durbin C Jonah Heim OF Ceddanne Rafaela OF Michael Harris II OF Jarren Duran P Chris Sale P Sandy Alcantara SS Andruw Monasterio,,,
1743,5211926321,thundrenterprises (1/20),0,103.649994,1B Matt Olson 2B Ozzie Albies 3B Tommy White C Brian Serven OF Ronald Acuna Jr. OF Michael Harris II OF Henry Bolte P Chris Sale P Sandy Alcantara SS Mauricio Dubon,,,
1743,5211937436,sportsfan14 (18/20),0,103.649994,1B Willson Contreras 2B Nick Sogard 3B Tommy White C Brian Serven OF Jarren Duran OF Lawrence Butler OF Eli White P Chris Sale P Sandy Alcantara SS Andruw Monasterio,,,
1743,5212015811,Natanp29,0,103.649994,1B Kyle Stowers 2B Xavier Edwards 3B Caleb Durbin C Joe Mack OF Wilyer Abreu OF Ceddanne Rafaela OF Heliot Ramos P Chris Sale P Sandy Alcantara SS Jacob Wilson,,,
1743,5212124073,ballgame1881 (4/15),0,103.649994,1B Matt Olson 2B Xavier Edwards 3B Austin Riley C Connor Wong OF Ronald Acuna Jr. OF Michael Harris II OF Griffin Conine P Chris Sale P Sandy Alcantara SS Jim Jarvis,,,
1743,5212163701,TheFH (5/20),0,103.649994,1B Willson Contreras 2B Ozzie Albies 3B Austin Riley C Brian Serven OF Ronald Acuna Jr. OF Michael Harris II OF Mauricio Dubon P Chris Sale P Sandy Alcantara SS Andruw Monasterio,,,
1743,5212197593,Skralph (9/20),0,103.649994,1B Kyle Stowers 2B Ozzie Albies 3B Tommy White C Drake Baldwin OF Ronald Acuna Jr. OF Michael Harris II OF Henry Bolte P Chris Sale P Sandy Alcantara SS Mauricio Dubon,,,
1743,5212225497,rambito (9/20),0,103.649994,1B Willson Contreras 2B Ozzie Albies 3B Austin Riley C Drake Baldwin OF Ceddanne Rafaela OF Jarren Duran OF Jahmai Jones P Chris Sale P Sandy Alcantara SS Mauricio Dubon,,,
1743,5212252060,KILLANADZ24 (1/20),0,103.649994,1B Matt Olson 2B Xavier Edwards 3B Caleb Durbin C Drake Baldwin OF Ceddanne Rafaela OF Jarren Duran OF Eli White P Chris Sale P Sandy Alcantara SS Andruw Monasterio,,,
1743,5212252070,KILLANADZ24 (11/20),0,103.649994,1B Matt Olson 2B Xavier Edwards 3B Caleb Durbin C Drake Baldwin OF Ceddanne Rafaela OF Jarren Duran OF Eli White P Chris Sale P Sandy Alcantara SS Andruw Monasterio,,,
1743,5212252071,KILLANADZ24 (12/20),0,103.649994,1B Matt Olson 2B Xavier Edwards 3B Caleb Durbin C Drake Baldwin OF Ceddanne Rafaela OF Jarren Duran OF Eli White P Chris Sale P Sandy Alcantara SS Andruw Monasterio,,,
1743,5212252072,KILLANADZ24 (13/20),0,103.649994,1B Matt Olson 2B Xavier Edwards 3B Caleb Durbin C Drake Baldwin OF Ceddanne Rafaela OF Jarren Duran OF Eli White P Chris Sale P Sandy Alcantara SS Andruw Monasterio,,,
1743,5212252073,KILLANADZ24 (14/20),0,103.649994,1B Matt Olson 2B Xavier Edwards 3B Caleb Durbin C Drake Baldwin OF Ceddanne Rafaela OF Jarren Duran OF Eli White P Chris Sale P Sandy Alcantara SS Andruw Monasterio,,,
1743,5212252074,KILLANADZ24 (15/20),0,103.649994,1B Matt Olson 2B Xavier Edwards 3B Caleb Durbin C Drake Baldwin OF Ceddanne Rafaela OF Jarren Duran OF Eli White P Chris Sale P Sandy Alcantara SS Andruw Monasterio,,,
1743,5212252075,KILLANADZ24 (16/20),0,103.649994,1B Matt Olson 2B Xavier Edwards 3B Caleb Durbin C Drake Baldwin OF Ceddanne Rafaela OF Jarren Duran OF Eli White P Chris Sale P Sandy Alcantara SS Andruw Monasterio,,,
1743,5212252076,KILLANADZ24 (17/20),0,103.649994,1B Matt Olson 2B Xavier Edwards 3B Caleb Durbin C Drake Baldwin OF Ceddanne Rafaela OF Jarren Duran OF Eli White P Chris Sale P Sandy Alcantara SS Andruw Monasterio,,,
1743,5212252077,KILLANADZ24 (18/20),0,103.649994,1B Matt Olson 2B Xavier Edwards 3B Caleb Durbin C Drake Baldwin OF Ceddanne Rafaela OF Jarren Duran OF Eli White P Chris Sale P Sandy Alcantara SS Andruw Monasterio,,,
1743,5212252078,KILLANADZ24 (19/20),0,103.649994,1B Matt Olson 2B Xavier Edwards 3B Caleb Durbin C Drake Baldwin OF Ceddanne Rafaela OF Jarren Duran OF Eli White P Chris Sale P Sandy Alcantara SS Andruw Monasterio,,,
1743,5212252079,KILLANADZ24 (20/20),0,103.649994,1B Matt Olson 2B Xavier Edwards 3B Caleb Durbin C Drake Baldwin OF Ceddanne Rafaela OF Jarren Duran OF Eli White P Chris Sale P Sandy Alcantara SS Andruw Monasterio,,,
1764,5211780350,Anthonykorobellis (18/20),0,103.45,1B Kyle Stowers 2B Xavier Edwards 3B Denzer Guzman C Joe Mack OF Mike Trout OF Heriberto Hernandez OF Wade Meckler P Chris Sale P Gerrit Cole SS Otto Lopez,,,
1764,5211835213,cachedinar (11/20),0,103.45,1B Kyle Stowers 2B Xavier Edwards 3B Denzer Guzman C Moises Ballesteros OF Heriberto Hernandez OF Griffin Conine OF Josh Lowe P Chris Sale P Gerrit Cole SS Otto Lopez,,,
1764,5211863185,whoisjohngalt420 (9/20),0,103.45,1B Kyle Stowers 2B Xavier Edwards 3B Denzer Guzman C Moises Ballesteros OF Mike Trout OF Heriberto Hernandez OF Griffin Conine P Chris Sale P Gerrit Cole SS Otto Lopez,,,
1764,5211903535,cwthrow24 (2/20),0,103.45,1B Kyle Stowers 2B Xavier Edwards 3B Denzer Guzman C Moises Ballesteros OF Heriberto Hernandez OF Griffin Conine OF Josh Lowe P Chris Sale P Gerrit Cole SS Otto Lopez,,,
1764,5211988346,JTFarley (5/5),0,103.45,1B Willson Contreras 2B Xavier Edwards 3B Caleb Durbin C Joe Mack OF Ceddanne Rafaela OF Jarren Duran OF Eli White P Chris Sale P Gerrit Cole SS Otto Lopez,,,
1764,5212075728,mlief (6/20),0,103.45,1B Willson Contreras 2B Vaughn Grissom 3B Caleb Durbin C Connor Wong OF Ceddanne Rafaela OF Heriberto Hernandez OF Jahmai Jones P Chris Sale P Gerrit Cole SS Zach Neto,,,
1764,5212102156,jabberjaww (4/20),0,103.45,1B Kyle Stowers 2B Xavier Edwards 3B Vaughn Grissom C Tyler Heineman OF Mike Trout OF Heriberto Hernandez OF Griffin Conine P Chris Sale P Gerrit Cole SS Otto Lopez,,,
1764,5212121421,Chadg20 (1/20),0,103.45,1B Nolan Schanuel 2B Vaughn Grissom 3B Amed Rosario C Moises Ballesteros OF Mike Trout OF Wade Meckler OF Jahmai Jones P Chris Sale P Gerrit Cole SS Jacob Wilson,,,
1764,5212248667,Blerud15 (2/20),0,103.45,1B Kyle Stowers 2B Xavier Edwards 3B Denzer Guzman C Joe Mack OF Ceddanne Rafaela OF Jarren Duran OF Jakob Marsee P Chris Sale P Gerrit Cole SS Otto Lopez,,,
1773,5211820284,bellsofwar3 (19/20),0,103.35,1B Willson Contreras 2B Nick Sogard 3B Caleb Durbin C Drake Baldwin OF Michael Harris II OF Mike Yastrzemski OF Jahmai Jones P Chris Sale P Walbert Urena SS Andruw Monasterio,,,
1774,5211716716,T41129130907 (19/20),0,103.2,1B Ben Rice 2B Nick Sogard 3B Caleb Durbin C Brian Serven OF Tyler Soderstrom OF Ceddanne Rafaela OF Heliot Ramos P Gerrit Cole P Walbert Urena SS Andruw Monasterio,,,
1774,5211754839,tbjones2121 (19/20),0,103.2,1B Paul Goldschmidt 2B Alika Williams 3B Caleb Durbin C Jonah Heim OF Tyler Soderstrom OF Heliot Ramos OF Henry Bolte P Gerrit Cole P Walbert Urena SS Jacob Wilson,,,
1774,5211896869,UniversalFriend (11/20),0,103.2,1B Paul Goldschmidt 2B Alika Williams 3B Caleb Durbin C Jonah Heim OF Tyler Soderstrom OF Heliot Ramos OF Henry Bolte P Gerrit Cole P Walbert Urena SS Jacob Wilson,,,
1774,5211914057,drunkonpappy (14/20),0,103.2,1B Paul Goldschmidt 2B Nick Sogard 3B Jose Caballero C Connor Wong OF Ceddanne Rafaela OF Jarren Duran OF Jahmai Jones P Gerrit Cole P Walbert Urena SS George Lombard Jr.,,,
1774,5212123594,niquisition (20/20),0,103.2,1B Willson Contreras 2B Vaughn Grissom 3B Caleb Durbin C Brian Serven OF Tyler Soderstrom OF Jarren Duran OF Jahmai Jones P Gerrit Cole P Walbert Urena SS Andruw Monasterio,,,
1779,5211811852,Wanna_Square_Up1567 (13/20),0,103.05,1B Matt Olson 2B Ozzie Albies 3B Amed Rosario C Drake Baldwin OF Ronald Acuna Jr. OF Michael Harris II OF Heliot Ramos P Sandy Alcantara P Gage Jump SS Otto Lopez,,,
1780,5211716706,T41129130907 (9/20),0,102.95,1B Willson Contreras 2B Nick Sogard 3B Caleb Durbin C Drake Baldwin OF Ronald Acuna Jr. OF Ceddanne Rafaela OF Heliot Ramos P Sandy Alcantara P Jake Bennett SS Andruw Monasterio,,,
1780,5211976324,tpyo (9/20),0,102.95,1B Willson Contreras 2B Nick Sogard 3B Caleb Durbin C Drake Baldwin OF Ronald Acuna Jr. OF Ceddanne Rafaela OF Heliot Ramos P Sandy Alcantara P Jake Bennett SS Andruw Monasterio,,,
1780,5212132477,Toney367 (4/20),0,102.95,1B Matt Olson 2B Nick Sogard 3B Caleb Durbin C Drake Baldwin OF Ronald Acuna Jr. OF Ceddanne Rafaela OF Michael Harris II P Sandy Alcantara P Jake Bennett SS Andruw Monasterio,,,
1783,5211700010,Sammy.Boy (13/20),0,102.9,1B Kyle Stowers 2B Xavier Edwards 3B Denzer Guzman C Drake Baldwin OF Ronald Acuna Jr. OF Heriberto Hernandez OF Jakob Marsee P Chris Sale P Jake Bennett SS Otto Lopez,,,
1783,5211916572,smk5430 (2/20),0,102.9,1B Willson Contreras 2B Nick Sogard 3B Caleb Durbin C Connor Wong OF Ronald Acuna Jr. OF Ceddanne Rafaela OF Jakob Marsee P Chris Sale P Jake Bennett SS Otto Lopez,,,
1783,5211980681,rsumrall (1/20),0,102.9,1B Matt Olson 2B Xavier Edwards 3B Austin Riley C Drake Baldwin OF Ronald Acuna Jr. OF Ceddanne Rafaela OF Jahmai Jones P Chris Sale P Jake Bennett SS Mauricio Dubon,,,
1783,5212031786,slappey22 (1/7),0,102.9,1B Matt Olson 2B Xavier Edwards 3B Austin Riley C Drake Baldwin OF Ronald Acuna Jr. OF Ceddanne Rafaela OF Jahmai Jones P Chris Sale P Jake Bennett SS Mauricio Dubon,,,
1783,5212103622,KelvinDubs (20/20),0,102.9,1B Willson Contreras 2B Xavier Edwards 3B Austin Riley C Drake Baldwin OF Heriberto Hernandez OF Jakob Marsee OF Mike Yastrzemski P Chris Sale P Jake Bennett SS Otto Lopez,,,
1783,5212123581,niquisition (7/20),0,102.9,1B Kyle Stowers 2B Xavier Edwards 3B Austin Riley C Drake Baldwin OF Ronald Acuna Jr. OF Jakob Marsee OF Mauricio Dubon P Chris Sale P Jake Bennett SS Otto Lopez,,,
1783,5212197592,Skralph (8/20),0,102.9,1B Kyle Stowers 2B Xavier Edwards 3B Caleb Durbin C Drake Baldwin OF Michael Harris II OF Heriberto Hernandez OF Jakob Marsee P Chris Sale P Jake Bennett SS Otto Lopez,,,
1790,5211936072,curleeshu (2/5),0,102.75,1B Paul Goldschmidt 2B Nick Sogard 3B Caleb Durbin C Moises Ballesteros OF Ronald Acuna Jr. OF Mike Trout OF Tyler Soderstrom P Gerrit Cole P Jake Bennett SS Zach Neto,,,
1790,5212010003,kozy6813 (9/20),0,102.75,1B Paul Goldschmidt 2B Nick Sogard 3B Caleb Durbin C Connor Wong OF Mike Trout OF Ceddanne Rafaela OF Jahmai Jones P Gerrit Cole P Jake Bennett SS Zach Neto,,,
1790,5212100464,csurunnerccr (16/20),0,102.75,1B Willson Contreras 2B Xavier Edwards 3B Javier Sanoja C Joe Mack OF Heriberto Hernandez OF Jakob Marsee OF Eli White P Gerrit Cole P Jake Bennett SS Andruw Monasterio,,,
1793,5211820285,bellsofwar3 (20/20),0,102.649994,1B Willson Contreras 2B Ozzie Albies 3B Caleb Durbin C Drake Baldwin OF Michael Harris II OF Mike Yastrzemski OF Eli White P Chris Sale P Sandy Alcantara SS Mauricio Dubon,,,
1793,5211937430,sportsfan14 (12/20),0,102.649994,1B Willson Contreras 2B Alika Williams 3B Max Muncy C Jonah Heim OF Ceddanne Rafaela OF Michael Harris II OF Henry Bolte P Chris Sale P Sandy Alcantara SS Jacob Wilson,,,
1793,5211969092,uvajay (6/20),0,102.649994,1B Kyle Stowers 2B Ozzie Albies 3B Caleb Durbin C Connor Wong OF Michael Harris II OF Heriberto Hernandez OF Griffin Conine P Chris Sale P Sandy Alcantara SS Andruw Monasterio,,,
1793,5212077394,pthorpe25 (1/6),0,102.649994,1B Willson Contreras 2B Ozzie Albies 3B Caleb Durbin C Joe Mack OF Ceddanne Rafaela OF Jarren Duran OF Jakob Marsee P Chris Sale P Sandy Alcantara SS Andruw Monasterio,,,
1797,5211916574,smk5430 (4/20),0,102.45,1B Willson Contreras 2B Vaughn Grissom 3B Caleb Durbin C Jonah Heim OF Tyler Soderstrom OF Jarren Duran OF Josh Lowe P Chris Sale P Gerrit Cole SS Andruw Monasterio,,,
1797,5211969106,uvajay (20/20),0,102.45,1B Kyle Stowers 2B Xavier Edwards 3B Javier Sanoja C Joe Mack OF Jakob Marsee OF Wade Meckler OF Josh Lowe P Chris Sale P Gerrit Cole SS Zach Neto,,,
1797,5212009849,chrism0rgan (13/20),0,102.45,1B Kyle Stowers 2B Xavier Edwards 3B Javier Sanoja C Joe Mack OF Mike Trout OF Ceddanne Rafaela OF Griffin Conine P Chris Sale P Gerrit Cole SS Andruw Monasterio,,,
1797,5212167164,mpritchard1 (1/5),0,102.45,1B Nolan Schanuel 2B Xavier Edwards 3B Caleb Durbin C Joe Mack OF Mike Trout OF Griffin Conine OF Wade Meckler P Chris Sale P Gerrit Cole SS Zach Neto,,,
1801,5212128297,jonjonlegend,0,102.399994,1B Willson Contreras 2B Xavier Edwards 3B Caleb Durbin C Jonah Heim OF Tyler Soderstrom OF Ceddanne Rafaela OF Jarren Duran P Walbert Urena P Sandy Alcantara SS Andruw Monasterio,,,
1802,5212112874,meyers2305 (20/20),0,102,1B Matt Olson 2B Ozzie Albies 3B Tommy White C Drake Baldwin OF Ronald Acuna Jr. OF Lawrence Butler OF Mike Yastrzemski P Chris Sale P Gage Jump SS Zach Neto,,,
1803,5211851573,mfp13 (1/3),0,101.95,1B Matt Olson 2B Nick Sogard 3B Caleb Durbin C Connor Wong OF Ronald Acuna Jr. OF Mike Trout OF Ceddanne Rafaela P Sandy Alcantara P Jake Bennett SS Otto Lopez,,,
1803,5211851574,mfp13 (2/3),0,101.95,1B Matt Olson 2B Nick Sogard 3B Caleb Durbin C Connor Wong OF Ronald Acuna Jr. OF Mike Trout OF Ceddanne Rafaela P Sandy Alcantara P Jake Bennett SS Otto Lopez,,,
1803,5211851575,mfp13 (3/3),0,101.95,1B Matt Olson 2B Nick Sogard 3B Caleb Durbin C Connor Wong OF Ronald Acuna Jr. OF Mike Trout OF Ceddanne Rafaela P Sandy Alcantara P Jake Bennett SS Otto Lopez,,,
1803,5211926194,pat_the_hat2 (12/20),0,101.95,1B Matt Olson 2B Ozzie Albies 3B Jose Caballero C Drake Baldwin OF Ronald Acuna Jr. OF Trent Grisham OF Michael Harris II P Sandy Alcantara P Jake Bennett SS George Lombard Jr.,,,
1803,5211987045,ballaholick713 (3/20),0,101.95,1B Matt Olson 2B Ozzie Albies 3B Caleb Durbin C Drake Baldwin OF Ronald Acuna Jr. OF Jarren Duran OF Mike Yastrzemski P Sandy Alcantara P Jake Bennett SS Andruw Monasterio,,,
1803,5212234062,Percy2788,0,101.95,1B Willson Contreras 2B Ozzie Albies 3B Caleb Durbin C Drake Baldwin OF Ronald Acuna Jr. OF Ceddanne Rafaela OF Mauricio Dubon P Sandy Alcantara P Jake Bennett SS Andruw Monasterio,,,
1803,5212251293,txsr123 (3/20),0,101.95,1B Matt Olson 2B Ozzie Albies 3B Jose Caballero C Drake Baldwin OF Ronald Acuna Jr. OF Trent Grisham OF Michael Harris II P Sandy Alcantara P Jake Bennett SS George Lombard Jr.,,,
1810,5211734424,kreller17 (10/20),0,101.9,1B Kyle Stowers 2B Xavier Edwards 3B Denzer Guzman C Drake Baldwin OF Heriberto Hernandez OF Jakob Marsee OF Mike Yastrzemski P Chris Sale P Jake Bennett SS Otto Lopez,,,
1810,5211942986,bassguy39 (6/20),0,101.9,1B Matt Olson 2B Nick Sogard 3B Austin Riley C Drake Baldwin OF Ronald Acuna Jr. OF Michael Harris II OF Jahmai Jones P Chris Sale P Jake Bennett SS Andruw Monasterio,,,
1810,5211970935,jrevelle3 (15/20),0,101.9,1B Willson Contreras 2B Xavier Edwards 3B Caleb Durbin C Joe Mack OF Mike Trout OF Jakob Marsee OF Javier Sanoja P Chris Sale P Jake Bennett SS Otto Lopez,,,
1813,5211952646,bbehnke20 (19/20),0,101.85,1B Willson Contreras 2B Vaughn Grissom 3B Caleb Durbin C Moises Ballesteros OF Ronald Acuna Jr. OF Mike Trout OF Wade Meckler P Gerrit Cole P Gage Jump SS Zach Neto,,,
1814,5212006028,jaakko (5/6),0,101.75,1B Ben Rice 2B Xavier Edwards 3B Jose Caballero C Joe Mack OF Ceddanne Rafaela OF Trent Grisham OF Heliot Ramos P Gerrit Cole P Jake Bennett SS Otto Lopez,,,
1815,5211695700,KingWade41,0,101.649994,1B Kyle Stowers 2B Ozzie Albies 3B Austin Riley C Connor Wong OF Ronald Acuna Jr. OF Ceddanne Rafaela OF Griffin Conine P Chris Sale P Sandy Alcantara SS Otto Lopez,,,
1815,5211699999,Sammy.Boy (2/20),0,101.649994,1B Willson Contreras 2B Nick Sogard 3B Austin Riley C Drake Baldwin OF Ronald Acuna Jr. OF Jarren Duran OF Eli White P Chris Sale P Sandy Alcantara SS Andruw Monasterio,,,
1815,5211754823,tbjones2121 (3/20),0,101.649994,1B Willson Contreras 2B Nick Sogard 3B Austin Riley C Drake Baldwin OF Ronald Acuna Jr. OF Jarren Duran OF Eli White P Chris Sale P Sandy Alcantara SS Andruw Monasterio,,,
1815,5211856993,Bitmeee (1/20),0,101.649994,1B Matt Olson 2B Nick Sogard 3B Austin Riley C Drake Baldwin OF Ronald Acuna Jr. OF Michael Harris II OF Eli White P Chris Sale P Sandy Alcantara SS Andruw Monasterio,,,
1815,5211862577,Cheesepuffs (6/6),0,101.649994,1B Willson Contreras 2B Ozzie Albies 3B Caleb Durbin C Joe Mack OF Ceddanne Rafaela OF Michael Harris II OF Jakob Marsee P Chris Sale P Sandy Alcantara SS Mauricio Dubon,,,
1815,5211876309,amuch,0,101.649994,1B Kyle Stowers 2B Nick Sogard 3B Caleb Durbin C Drake Baldwin OF Ceddanne Rafaela OF Michael Harris II OF Jarren Duran P Chris Sale P Sandy Alcantara SS Andruw Monasterio,,,
1815,5211900155,leighton32 (2/13),0,101.649994,1B Matt Olson 2B Ozzie Albies 3B Caleb Durbin C Connor Wong OF Ronald Acuna Jr. OF Ceddanne Rafaela OF Eli White P Chris Sale P Sandy Alcantara SS Andruw Monasterio,,,
1815,5211913527,ttillie (13/20),0,101.649994,1B Willson Contreras 2B Ozzie Albies 3B Caleb Durbin C Connor Wong OF Ceddanne Rafaela OF Michael Harris II OF Mauricio Dubon P Chris Sale P Sandy Alcantara SS Jacob Wilson,,,
1815,5211913531,ttillie (17/20),0,101.649994,1B Willson Contreras 2B Ozzie Albies 3B Caleb Durbin C Drake Baldwin OF Michael Harris II OF Griffin Conine OF Eli White P Chris Sale P Sandy Alcantara SS Andruw Monasterio,,,
1815,5211945729,aquafinatim (11/20),0,101.649994,1B Matt Olson 2B Ozzie Albies 3B Tommy White C Drake Baldwin OF Michael Harris II OF Henry Bolte OF Mauricio Dubon P Chris Sale P Sandy Alcantara SS Jacob Wilson,,,
1815,5212102171,jabberjaww (19/20),0,101.649994,1B Willson Contreras 2B Nick Sogard 3B Austin Riley C Drake Baldwin OF Ronald Acuna Jr. OF Jarren Duran OF Eli White P Chris Sale P Sandy Alcantara SS Andruw Monasterio,,,
1815,5212156401,cw1tt (17/20),0,101.649994,1B Matt Olson 2B Nick Sogard 3B Austin Riley C Drake Baldwin OF Ronald Acuna Jr. OF Michael Harris II OF Eli White P Chris Sale P Sandy Alcantara SS Andruw Monasterio,,,
1815,5212163716,TheFH (20/20),0,101.649994,1B Willson Contreras 2B Nick Sogard 3B Austin Riley C Drake Baldwin OF Ronald Acuna Jr. OF Jarren Duran OF Eli White P Chris Sale P Sandy Alcantara SS Andruw Monasterio,,,
1828,5212025996,rschindler14 (2/20),0,101.5,1B Willson Contreras 2B Nick Sogard 3B Amed Rosario C Drake Baldwin OF Ceddanne Rafaela OF Trent Grisham OF Eli White P Gerrit Cole P Sandy Alcantara SS Jose Caballero,,,
1829,5211947126,JcClark18 (6/20),0,101.45,1B Kyle Stowers 2B Xavier Edwards 3B Vaughn Grissom C Joe Mack OF Mike Trout OF Griffin Conine OF Wade Meckler P Chris Sale P Gerrit Cole SS Otto Lopez,,,
1829,5211976317,tpyo (2/20),0,101.45,1B Kyle Stowers 2B Xavier Edwards 3B Amed Rosario C Drake Baldwin OF Heliot Ramos OF Heriberto Hernandez OF Griffin Conine P Chris Sale P Gerrit Cole SS Otto Lopez,,,
1829,5212011680,mauka95 (3/3),0,101.45,1B Willson Contreras 2B Xavier Edwards 3B Javier Sanoja C Joe Mack OF Ceddanne Rafaela OF Jarren Duran OF Griffin Conine P Chris Sale P Gerrit Cole SS Andruw Monasterio,,,
1829,5212104109,TY54321 (1/20),0,101.45,1B Nolan Schanuel 2B Xavier Edwards 3B Vaughn Grissom C Joe Mack OF Mike Trout OF Heriberto Hernandez OF Griffin Conine P Chris Sale P Gerrit Cole SS Otto Lopez,,,
1829,5212111042,SpeedRacer101 (16/20),0,101.45,1B Willson Contreras 2B Nick Sogard 3B Tommy White C Brian Serven OF Ceddanne Rafaela OF Jarren Duran OF Lawrence Butler P Chris Sale P Gerrit Cole SS Andruw Monasterio,,,
1829,5212156395,cw1tt (11/20),0,101.45,1B Nolan Schanuel 2B Xavier Edwards 3B Vaughn Grissom C Moises Ballesteros OF Mike Trout OF Heriberto Hernandez OF Wade Meckler P Chris Sale P Gerrit Cole SS Otto Lopez,,,
1829,5212183665,seth1374 (14/20),0,101.45,1B Kyle Stowers 2B Xavier Edwards 3B Vaughn Grissom C Joe Mack OF Mike Trout OF Griffin Conine OF Wade Meckler P Chris Sale P Gerrit Cole SS Otto Lopez,,,
1836,5211761001,ParlayKinng (2/2),0,101.399994,1B Paul Goldschmidt 2B Xavier Edwards 3B Jose Caballero C Drake Baldwin OF Ronald Acuna Jr. OF Mike Trout OF Griffin Conine P Walbert Urena P Sandy Alcantara SS Otto Lopez,,,
1836,5212246062,snajuice (19/20),0,101.399994,1B Matt Olson 2B Nick Sogard 3B Caleb Durbin C Drake Baldwin OF Ronald Acuna Jr. OF Michael Harris II OF Mike Yastrzemski P Walbert Urena P Sandy Alcantara SS Andruw Monasterio,,,
1838,5211734432,kreller17 (18/20),0,101.35,1B Willson Contreras 2B Alika Williams 3B Tommy White C Brian Serven OF Tyler Soderstrom OF Lawrence Butler OF Jahmai Jones P Chris Sale P Walbert Urena SS Andruw Monasterio,,,
1839,5212182919,HankOverton645,0,100.95,1B Willson Contreras 2B Xavier Edwards 3B Caleb Durbin C Drake Baldwin OF Ceddanne Rafaela OF Jarren Duran OF Mauricio Dubon P Sandy Alcantara P Jake Bennett SS Andruw Monasterio,,,
1840,5211736375,jmason247 (5/20),0,100.9,1B Willson Contreras 2B Nick Sogard 3B Caleb Durbin C Connor Wong OF Ronald Acuna Jr. OF Mike Trout OF Jahmai Jones P Chris Sale P Jake Bennett SS Zach Neto,,,
1840,5211834113,whoadie50310 (1/4),0,100.9,1B Willson Contreras 2B Ozzie Albies 3B Caleb Durbin C Drake Baldwin OF Ronald Acuna Jr. OF Jarren Duran OF Jahmai Jones P Chris Sale P Jake Bennett SS Mauricio Dubon,,,
1840,5211866915,SunTuz007 (2/3),0,100.9,1B Willson Contreras 2B Vaughn Grissom 3B Tommy White C Drake Baldwin OF Tyler Soderstrom OF Henry Bolte OF Jahmai Jones P Chris Sale P Jake Bennett SS Jose Caballero,,,
1840,5211890607,jw1984 (12/20),0,100.9,1B Willson Contreras 2B Nick Sogard 3B Caleb Durbin C Connor Wong OF Ronald Acuna Jr. OF Mike Trout OF Jahmai Jones P Chris Sale P Jake Bennett SS Zach Neto,,,
1840,5211920293,rod288 (20/20),0,100.9,1B Willson Contreras 2B Nick Sogard 3B Caleb Durbin C Connor Wong OF Ronald Acuna Jr. OF Mike Trout OF Jahmai Jones P Chris Sale P Jake Bennett SS Zach Neto,,,
1840,5211987167,DreamchaserJC (5/20),0,100.9,1B Willson Contreras 2B Xavier Edwards 3B Caleb Durbin C Joe Mack OF Ceddanne Rafaela OF Heriberto Hernandez OF Jakob Marsee P Chris Sale P Jake Bennett SS Otto Lopez,,,
1840,5212000965,MamaKay1122 (8/13),0,100.9,1B Willson Contreras 2B Xavier Edwards 3B Javier Sanoja C Joe Mack OF Ceddanne Rafaela OF Eli White OF Jahmai Jones P Chris Sale P Jake Bennett SS Andruw Monasterio,,,
1840,5212225031,bassmastadee (4/5),0,100.9,1B Willson Contreras 2B Xavier Edwards 3B Caleb Durbin C Drake Baldwin OF Michael Harris II OF Heriberto Hernandez OF Jakob Marsee P Chris Sale P Jake Bennett SS Andruw Monasterio,,,
1848,5211716707,T41129130907 (10/20),0,100.75,1B Paul Goldschmidt 2B Xavier Edwards 3B Javier Sanoja C Jonah Heim OF Mike Trout OF Trent Grisham OF Jakob Marsee P Gerrit Cole P Jake Bennett SS Zach Neto,,,
1848,5212103604,KelvinDubs (2/20),0,100.75,1B Ben Rice 2B Xavier Edwards 3B Caleb Durbin C Connor Wong OF Mike Trout OF Ceddanne Rafaela OF Heliot Ramos P Gerrit Cole P Jake Bennett SS Andruw Monasterio,,,
1848,5212170253,itrevinoz2 (5/12),0,100.75,1B Willson Contreras 2B Nick Sogard 3B Caleb Durbin C Moises Ballesteros OF Mike Trout OF Ceddanne Rafaela OF Jahmai Jones P Gerrit Cole P Jake Bennett SS Zach Neto,,,
1851,5211746427,crondiggity,0,100.649994,1B Matt Olson 2B Ozzie Albies 3B Caleb Durbin C Jonah Heim OF Ceddanne Rafaela OF Heliot Ramos OF Owen Caissie P Chris Sale P Sandy Alcantara SS Jacob Wilson,,,
1851,5211759906,seiferidjosh80 (13/20),0,100.649994,1B Matt Olson 2B Alika Williams 3B Max Muncy C Drake Baldwin OF Jarren Duran OF Henry Bolte OF Lawrence Butler P Chris Sale P Sandy Alcantara SS Andruw Monasterio,,,
1851,5211767897,LBDTitan (2/2),0,100.649994,1B Willson Contreras 2B Ozzie Albies 3B Caleb Durbin C Jonah Heim OF Ceddanne Rafaela OF Michael Harris II OF Eli White P Chris Sale P Sandy Alcantara SS Andruw Monasterio,,,
1851,5211780341,Anthonykorobellis (9/20),0,100.649994,1B Willson Contreras 2B Ozzie Albies 3B Caleb Durbin C Jonah Heim OF Ceddanne Rafaela OF Michael Harris II OF Eli White P Chris Sale P Sandy Alcantara SS Andruw Monasterio,,,
1851,5211888633,tbark13,0,100.649994,1B Kyle Stowers 2B Nick Sogard 3B Max Muncy C Connor Wong OF Ronald Acuna Jr. OF Tyler Soderstrom OF Ceddanne Rafaela P Chris Sale P Sandy Alcantara SS Zach Neto,,,
1851,5211893764,Gagenator51 (7/20),0,100.649994,1B Matt Olson 2B Xavier Edwards 3B Caleb Durbin C Connor Wong OF Michael Harris II OF Jarren Duran OF Eli White P Chris Sale P Sandy Alcantara SS Andruw Monasterio,,,
1851,5211917288,LTskelter (19/20),0,100.649994,1B Willson Contreras 2B Nick Sogard 3B Austin Riley C Drake Baldwin OF Ceddanne Rafaela OF Michael Harris II OF Mike Yastrzemski P Chris Sale P Sandy Alcantara SS Mauricio Dubon,,,
1851,5211952630,bbehnke20 (3/20),0,100.649994,1B Willson Contreras 2B Vaughn Grissom 3B Caleb Durbin C Tyler Heineman OF Ronald Acuna Jr. OF Ceddanne Rafaela OF Jarren Duran P Chris Sale P Sandy Alcantara SS Andruw Monasterio,,,
1851,5211970936,jrevelle3 (16/20),0,100.649994,1B Matt Olson 2B Ozzie Albies 3B Max Muncy C Jonah Heim OF Ronald Acuna Jr. OF Michael Harris II OF Henry Bolte P Chris Sale P Sandy Alcantara SS Jim Jarvis,,,
1851,5211980694,rsumrall (14/20),0,100.649994,1B Matt Olson 2B Ozzie Albies 3B Caleb Durbin C Brian Serven OF Ronald Acuna Jr. OF Michael Harris II OF Jarren Duran P Chris Sale P Sandy Alcantara SS Mauricio Dubon,,,
1851,5212060080,xtarheelsx (3/4),0,100.649994,1B Willson Contreras 2B Ozzie Albies 3B Caleb Durbin C Jonah Heim OF Ceddanne Rafaela OF Michael Harris II OF Eli White P Chris Sale P Sandy Alcantara SS Andruw Monasterio,,,
1851,5212194589,bjkubist4842,0,100.649994,1B Willson Contreras 2B Ozzie Albies 3B Caleb Durbin C Drake Baldwin OF Michael Harris II OF Mauricio Dubon OF Eli White P Chris Sale P Sandy Alcantara SS Andruw Monasterio,,,
1851,5212252062,KILLANADZ24 (3/20),0,100.649994,1B Willson Contreras 2B Nick Sogard 3B Austin Riley C Drake Baldwin OF Ronald Acuna Jr. OF Michael Harris II OF Eli White P Chris Sale P Sandy Alcantara SS Mauricio Dubon,,,
1864,5212116135,stock2mail (16/20),0,100.5,1B Paul Goldschmidt 2B Nick Sogard 3B Amed Rosario C Brian Serven OF Ceddanne Rafaela OF Heliot Ramos OF Jarren Duran P Gerrit Cole P Sandy Alcantara SS Andruw Monasterio,,,
1865,5211728361,Daking330,0,100.45,1B Kyle Stowers 2B Vaughn Grissom 3B Caleb Durbin C Jonah Heim OF Ceddanne Rafaela OF Jarren Duran OF Henry Bolte P Chris Sale P Gerrit Cole SS Andruw Monasterio,,,
1865,5211863187,whoisjohngalt420 (11/20),0,100.45,1B Nolan Schanuel 2B Xavier Edwards 3B Caleb Durbin C Tyler Heineman OF Mike Trout OF Ceddanne Rafaela OF Wade Meckler P Chris Sale P Gerrit Cole SS Zach Neto,,,
1865,5211900159,leighton32 (6/13),0,100.45,1B Willson Contreras 2B Nick Sogard 3B Denzer Guzman C Connor Wong OF Mike Trout OF Ceddanne Rafaela OF Jahmai Jones P Chris Sale P Gerrit Cole SS Zach Neto,,,
1865,5212111034,SpeedRacer101 (8/20),0,100.45,1B Nolan Schanuel 2B Xavier Edwards 3B Javier Sanoja C Joe Mack OF Mike Trout OF Jakob Marsee OF Owen Caissie P Chris Sale P Gerrit Cole SS Zach Neto,,,
1865,5212186542,1BIGFISH,0,100.45,1B Ben Rice 2B Alika Williams 3B Caleb Durbin C Connor Wong OF Ceddanne Rafaela OF Heliot Ramos OF Jarren Duran P Chris Sale P Gerrit Cole SS Jacob Wilson,,,
1870,5212022885,jnwallen (3/20),0,100.399994,1B Matt Olson 2B Ozzie Albies 3B Max Muncy C Jonah Heim OF Ronald Acuna Jr. OF Tyler Soderstrom OF Henry Bolte P Walbert Urena P Sandy Alcantara SS Jacob Wilson,,,
1870,5212055806,McDookatron,0,100.399994,1B Willson Contreras 2B Nick Sogard 3B Max Muncy C Jonah Heim OF Tyler Soderstrom OF Ceddanne Rafaela OF Henry Bolte P Walbert Urena P Sandy Alcantara SS Jacob Wilson,,,
1872,5211811845,Wanna_Square_Up1567 (6/20),0,100.35,1B Willson Contreras 2B Vaughn Grissom 3B Tommy White C Jonah Heim OF Tyler Soderstrom OF Henry Bolte OF Jahmai Jones P Chris Sale P Walbert Urena SS Jacob Wilson,,,
1872,5211969095,uvajay (9/20),0,100.35,1B Willson Contreras 2B Nick Sogard 3B Caleb Durbin C Drake Baldwin OF Ronald Acuna Jr. OF Michael Harris II OF Jahmai Jones P Chris Sale P Walbert Urena SS Mauricio Dubon,,,
1872,5212183656,seth1374 (5/20),0,100.35,1B Willson Contreras 2B Nick Sogard 3B Caleb Durbin C Drake Baldwin OF Ronald Acuna Jr. OF Ceddanne Rafaela OF Jahmai Jones P Chris Sale P Walbert Urena SS Mauricio Dubon,,,
1872,5212248678,Blerud15 (13/20),0,100.35,1B Matt Olson 2B Nick Sogard 3B Caleb Durbin C Drake Baldwin OF Ronald Acuna Jr. OF Eli White OF Jahmai Jones P Chris Sale P Walbert Urena SS Andruw Monasterio,,,
1876,5211945724,aquafinatim (6/20),0,100.2,1B Ben Rice 2B Nick Sogard 3B Caleb Durbin C Connor Wong OF Mike Trout OF Ceddanne Rafaela OF Jahmai Jones P Gerrit Cole P Walbert Urena SS Zach Neto,,,
1877,5211724329,Discostupendously (5/10),0,100,1B Matt Olson 2B Vaughn Grissom 3B Austin Riley C Drake Baldwin OF Ronald Acuna Jr. OF Henry Bolte OF Josh Lowe P Chris Sale P Gage Jump SS Jacob Wilson,,,
1877,5211890603,jw1984 (8/20),0,100,1B Matt Olson 2B Ozzie Albies 3B Vaughn Grissom C Jonah Heim OF Ronald Acuna Jr. OF Michael Harris II OF Henry Bolte P Chris Sale P Gage Jump SS Mauricio Dubon,,,
1879,5211804418,AverageTuesday (20/20),0,99.95,1B Matt Olson 2B Nick Sogard 3B Caleb Durbin C Drake Baldwin OF Ronald Acuna Jr. OF Ceddanne Rafaela OF Jarren Duran P Sandy Alcantara P Jake Bennett SS Andruw Monasterio,,,
1879,5211840261,ron214 (2/2),0,99.95,1B Paul Goldschmidt 2B Ozzie Albies 3B Caleb Durbin C Drake Baldwin OF Ronald Acuna Jr. OF Ceddanne Rafaela OF Michael Harris II P Sandy Alcantara P Jake Bennett SS Andruw Monasterio,,,
1879,5211972602,slicksid27 (4/9),0,99.95,1B Ben Rice 2B Ozzie Albies 3B Austin Riley C Austin Wells OF Wilyer Abreu OF Ceddanne Rafaela OF Trent Grisham P Sandy Alcantara P Jake Bennett SS Otto Lopez,,,
1879,5211987047,ballaholick713 (5/20),0,99.95,1B Matt Olson 2B Nick Sogard 3B Caleb Durbin C Connor Wong OF Ronald Acuna Jr. OF Ceddanne Rafaela OF Michael Harris II P Sandy Alcantara P Jake Bennett SS Andruw Monasterio,,,
1879,5212026014,rschindler14 (20/20),0,99.95,1B Ben Rice 2B Nick Sogard 3B Caleb Durbin C Drake Baldwin OF Ceddanne Rafaela OF Heliot Ramos OF Jarren Duran P Sandy Alcantara P Jake Bennett SS Andruw Monasterio,,,
1879,5212045322,bmosley21 (16/20),0,99.95,1B Matt Olson 2B Xavier Edwards 3B Amed Rosario C Drake Baldwin OF Ronald Acuna Jr. OF Michael Harris II OF Mike Yastrzemski P Sandy Alcantara P Jake Bennett SS Jose Caballero,,,
1879,5212054114,wazzu24 (15/20),0,99.95,1B Paul Goldschmidt 2B Ozzie Albies 3B Jose Caballero C Drake Baldwin OF Ronald Acuna Jr. OF Trent Grisham OF Michael Harris II P Sandy Alcantara P Jake Bennett SS Otto Lopez,,,
1879,5212093174,mickey615,0,99.95,1B Kyle Stowers 2B Vaughn Grissom 3B Caleb Durbin C Jonah Heim OF Mike Trout OF Tyler Soderstrom OF Ceddanne Rafaela P Sandy Alcantara P Jake Bennett SS Otto Lopez,,,
1879,5212183668,seth1374 (17/20),0,99.95,1B Kyle Stowers 2B Xavier Edwards 3B Caleb Durbin C Joe Mack OF Ceddanne Rafaela OF Jarren Duran OF Heriberto Hernandez P Sandy Alcantara P Jake Bennett SS Otto Lopez,,,
1879,5212221033,jared2004 (3/3),0,99.95,1B Willson Contreras 2B Ozzie Albies 3B Caleb Durbin C Drake Baldwin OF Ronald Acuna Jr. OF Ceddanne Rafaela OF Owen Caissie P Sandy Alcantara P Jake Bennett SS Andruw Monasterio,,,
1889,5211816375,GBUST13,0,99.9,1B Matt Olson 2B Nick Sogard 3B Caleb Durbin C Joe Mack OF Ronald Acuna Jr. OF Ceddanne Rafaela OF Jakob Marsee P Chris Sale P Jake Bennett SS Otto Lopez,,,
1889,5211913533,ttillie (19/20),0,99.9,1B Willson Contreras 2B Nick Sogard 3B Caleb Durbin C Drake Baldwin OF Mike Trout OF Ceddanne Rafaela OF Jahmai Jones P Chris Sale P Jake Bennett SS Mauricio Dubon,,,
1889,5211987169,DreamchaserJC (7/20),0,99.9,1B Kyle Stowers 2B Xavier Edwards 3B Caleb Durbin C Connor Wong OF Mike Trout OF Jakob Marsee OF Griffin Conine P Chris Sale P Jake Bennett SS Otto Lopez,,,
1889,5212010011,kozy6813 (17/20),0,99.9,1B Kyle Stowers 2B Xavier Edwards 3B Austin Riley C Drake Baldwin OF Ronald Acuna Jr. OF Heriberto Hernandez OF Jakob Marsee P Chris Sale P Jake Bennett SS Andruw Monasterio,,,
1893,5211865512,SeanDre (13/20),0,99.75,1B Ben Rice 2B Nick Sogard 3B Caleb Durbin C Connor Wong OF Trent Grisham OF Heliot Ramos OF Eli White P Gerrit Cole P Jake Bennett SS Andruw Monasterio,,,
1893,5211942998,bassguy39 (18/20),0,99.75,1B Nolan Schanuel 2B Xavier Edwards 3B Denzer Guzman C Joe Mack OF Mike Trout OF Heriberto Hernandez OF Jakob Marsee P Gerrit Cole P Jake Bennett SS Otto Lopez,,,
1893,5211945735,aquafinatim (17/20),0,99.75,1B Willson Contreras 2B Xavier Edwards 3B Caleb Durbin C Connor Wong OF Mike Trout OF Ceddanne Rafaela OF Heriberto Hernandez P Gerrit Cole P Jake Bennett SS Otto Lopez,,,
1896,5211937427,sportsfan14 (9/20),0,99.649994,1B Kyle Stowers 2B Ozzie Albies 3B Austin Riley C Joe Mack OF Michael Harris II OF Mike Yastrzemski OF Mauricio Dubon P Chris Sale P Sandy Alcantara SS Otto Lopez,,,
1896,5212110503,JaserD (13/20),0,99.649994,1B Willson Contreras 2B Nick Sogard 3B Max Muncy C Drake Baldwin OF Ceddanne Rafaela OF Jarren Duran OF Henry Bolte P Chris Sale P Sandy Alcantara SS Andruw Monasterio,,,
1896,5212142790,astoriamanutd,0,99.649994,1B Matt Olson 2B Ozzie Albies 3B Austin Riley C Drake Baldwin OF Heriberto Hernandez OF Griffin Conine OF Mauricio Dubon P Chris Sale P Sandy Alcantara SS Otto Lopez,,,
1896,5212248671,Blerud15 (6/20),0,99.649994,1B Matt Olson 2B Ozzie Albies 3B Javier Sanoja C Jonah Heim OF Ronald Acuna Jr. OF Michael Harris II OF Eli White P Chris Sale P Sandy Alcantara SS Mauricio Dubon,,,
1900,5211830568,mattped23 (3/3),0,99.45,1B Kyle Stowers 2B Xavier Edwards 3B Caleb Durbin C Joe Mack OF Ceddanne Rafaela OF Jarren Duran OF Eli White P Chris Sale P Gerrit Cole SS Andruw Monasterio,,,
1900,5211980688,rsumrall (8/20),0,99.45,1B Kyle Stowers 2B Xavier Edwards 3B Denzer Guzman C Tyler Heineman OF Mike Trout OF Jakob Marsee OF Wade Meckler P Chris Sale P Gerrit Cole SS Zach Neto,,,
1900,5212026012,rschindler14 (18/20),0,99.45,1B Paul Goldschmidt 2B Nick Sogard 3B Max Muncy C Connor Wong OF Ceddanne Rafaela OF Eli White OF Jahmai Jones P Chris Sale P Gerrit Cole SS Zach Neto,,,
1900,5212100449,csurunnerccr (1/20),0,99.45,1B Nolan Schanuel 2B Xavier Edwards 3B Denzer Guzman C Tyler Heineman OF Heriberto Hernandez OF Jakob Marsee OF Josh Lowe P Chris Sale P Gerrit Cole SS Zach Neto,,,
1900,5212121423,Chadg20 (3/20),0,99.45,1B Nolan Schanuel 2B Vaughn Grissom 3B Denzer Guzman C Jonah Heim OF Mike Trout OF Tyler Soderstrom OF Wade Meckler P Chris Sale P Gerrit Cole SS Andruw Monasterio,,,
1905,5212138720,Dricou (1/10),0,99.35,1B Willson Contreras 2B Nick Sogard 3B Caleb Durbin C Jonah Heim OF Mike Trout OF Ceddanne Rafaela OF Jahmai Jones P Chris Sale P Walbert Urena SS Jacob Wilson,,,
1906,5212071625,Joemac58 (8/10),0,99.2,1B Ben Rice 2B Vaughn Grissom 3B Jose Caballero C Austin Wells OF Mike Trout OF Tyler Soderstrom OF Heliot Ramos P Gerrit Cole P Walbert Urena SS George Lombard Jr.,,,
1907,5212111043,SpeedRacer101 (17/20),0,99.05,1B Paul Goldschmidt 2B Ozzie Albies 3B Amed Rosario C Drake Baldwin OF Ronald Acuna Jr. OF Michael Harris II OF Heliot Ramos P Sandy Alcantara P Gage Jump SS Jim Jarvis,,,
1908,5211800184,rcarena (3/4),0,99,1B Kyle Stowers 2B Ozzie Albies 3B Max Muncy C Drake Baldwin OF Ronald Acuna Jr. OF Michael Harris II OF Griffin Conine P Chris Sale P Gage Jump SS Otto Lopez,,,
1908,5211806894,rcarena (4/4),0,99,1B Kyle Stowers 2B Ozzie Albies 3B Max Muncy C Drake Baldwin OF Ronald Acuna Jr. OF Michael Harris II OF Griffin Conine P Chris Sale P Gage Jump SS Otto Lopez,,,
1908,5211896860,UniversalFriend (2/20),0,99,1B Matt Olson 2B Alika Williams 3B Tommy White C Jonah Heim OF Mike Trout OF Michael Harris II OF Henry Bolte P Chris Sale P Gage Jump SS Jacob Wilson,,,
1908,5211903537,cwthrow24 (4/20),0,99,1B Matt Olson 2B Alika Williams 3B Max Muncy C Drake Baldwin OF Ronald Acuna Jr. OF Tyler Soderstrom OF Michael Harris II P Chris Sale P Gage Jump SS Mauricio Dubon,,,
1908,5212112869,meyers2305 (15/20),0,99,1B Kyle Stowers 2B Ozzie Albies 3B Austin Riley C Drake Baldwin OF Jakob Marsee OF Mike Yastrzemski OF Josh Lowe P Chris Sale P Gage Jump SS Mauricio Dubon,,,
1913,5211770633,peltifreeze89 (19/20),0,98.95,1B Willson Contreras 2B Xavier Edwards 3B Caleb Durbin C Drake Baldwin OF Ceddanne Rafaela OF Michael Harris II OF Eli White P Sandy Alcantara P Jake Bennett SS Andruw Monasterio,,,
1913,5212008898,mack69 (3/20),0,98.95,1B Kyle Stowers 2B Xavier Edwards 3B Caleb Durbin C Jonah Heim OF Ceddanne Rafaela OF Jarren Duran OF Eli White P Sandy Alcantara P Jake Bennett SS Andruw Monasterio,,,
1915,5211851629,outlawpete5,0,98.9,1B Kyle Stowers 2B Ozzie Albies 3B Caleb Durbin C Drake Baldwin OF Ronald Acuna Jr. OF Jakob Marsee OF Wade Meckler P Chris Sale P Jake Bennett SS Andruw Monasterio,,,
1915,5211952628,bbehnke20 (1/20),0,98.9,1B Willson Contreras 2B Xavier Edwards 3B Caleb Durbin C Connor Wong OF Ronald Acuna Jr. OF Ceddanne Rafaela OF Griffin Conine P Chris Sale P Jake Bennett SS Andruw Monasterio,,,
1915,5212104128,TY54321 (20/20),0,98.9,1B Matt Olson 2B Ozzie Albies 3B Caleb Durbin C Drake Baldwin OF Ronald Acuna Jr. OF Ceddanne Rafaela OF Jahmai Jones P Chris Sale P Jake Bennett SS Jim Jarvis,,,
1915,5212210643,eharig09 (4/20),0,98.9,1B Kyle Stowers 2B Ozzie Albies 3B Austin Riley C Drake Baldwin OF Michael Harris II OF Jakob Marsee OF Jahmai Jones P Chris Sale P Jake Bennett SS Otto Lopez,,,
1919,5212025997,rschindler14 (3/20),0,98.75,1B Kyle Stowers 2B Xavier Edwards 3B Jose Caballero C Moises Ballesteros OF Heliot Ramos OF Jakob Marsee OF Owen Caissie P Gerrit Cole P Jake Bennett SS Otto Lopez,,,
1919,5212124078,ballgame1881 (9/15),0,98.75,1B Ben Rice 2B Nick Sogard 3B Amed Rosario C Austin Wells OF Ceddanne Rafaela OF Trent Grisham OF Heliot Ramos P Gerrit Cole P Jake Bennett SS Andruw Monasterio,,,
1921,5212077244,JRill (1/4),0,98.649994,1B Matt Olson 2B Nick Sogard 3B Caleb Durbin C Connor Wong OF Mike Trout OF Ceddanne Rafaela OF Michael Harris II P Chris Sale P Sandy Alcantara SS Andruw Monasterio,,,
1922,5211734420,kreller17 (6/20),0,98.45,1B Kyle Stowers 2B Xavier Edwards 3B Denzer Guzman C Tyler Heineman OF Mike Trout OF Heriberto Hernandez OF Jakob Marsee P Chris Sale P Gerrit Cole SS Zach Neto,,,
1922,5211797417,mythicalrhymer01 (6/6),0,98.45,1B Nolan Schanuel 2B Vaughn Grissom 3B Caleb Durbin C Moises Ballesteros OF Mike Trout OF Ceddanne Rafaela OF Jahmai Jones P Chris Sale P Gerrit Cole SS Zach Neto,,,
1922,5211920287,rod288 (14/20),0,98.45,1B Kyle Stowers 2B Xavier Edwards 3B Vaughn Grissom C Joe Mack OF Mike Trout OF Wade Meckler OF Owen Caissie P Chris Sale P Gerrit Cole SS Otto Lopez,,,
1922,5211942992,bassguy39 (12/20),0,98.45,1B Willson Contreras 2B Xavier Edwards 3B Max Muncy C Joe Mack OF Mike Trout OF Heriberto Hernandez OF Wade Meckler P Chris Sale P Gerrit Cole SS Andruw Monasterio,,,
1922,5212033976,THETALENTEDMRHIGDAWG,0,98.45,1B Kyle Stowers 2B Nick Sogard 3B Tommy White C Jonah Heim OF Ceddanne Rafaela OF Jarren Duran OF Heriberto Hernandez P Chris Sale P Gerrit Cole SS Otto Lopez,,,
1922,5212045378,JoeNY07 (1/5),0,98.45,1B Willson Contreras 2B Nick Sogard 3B Austin Riley C Connor Wong OF Mike Trout OF Heriberto Hernandez OF Esteury Ruiz P Chris Sale P Gerrit Cole SS George Lombard Jr.,,,
1922,5212086494,Hartert55,0,98.45,1B Nolan Schanuel 2B Nick Sogard 3B Caleb Durbin C Moises Ballesteros OF Mike Trout OF Ceddanne Rafaela OF Michael Harris II P Chris Sale P Gerrit Cole SS Andruw Monasterio,,,
1922,5212110500,JaserD (10/20),0,98.45,1B Kyle Stowers 2B Xavier Edwards 3B Vaughn Grissom C Moises Ballesteros OF Mike Trout OF Griffin Conine OF Owen Caissie P Chris Sale P Gerrit Cole SS Otto Lopez,,,
1922,5212130536,produceman09 (2/7),0,98.45,1B Nick Sogard 2B Alika Williams 3B Tommy White C Connor Wong OF Jarren Duran OF Henry Bolte OF Eli White P Chris Sale P Gerrit Cole SS Andruw Monasterio,,,
1922,5212130730,kcroyalfan (4/4),0,98.45,1B Nolan Schanuel 2B Nick Sogard 3B Caleb Durbin C Connor Wong OF Mike Trout OF Ceddanne Rafaela OF Henry Bolte P Chris Sale P Gerrit Cole SS Zach Neto,,,
1922,5212163374,lklk88088 (9/20),0,98.45,1B Kyle Stowers 2B Xavier Edwards 3B Vaughn Grissom C Joe Mack OF Mike Trout OF Wade Meckler OF Owen Caissie P Chris Sale P Gerrit Cole SS Otto Lopez,,,
1922,5212177803,bcardwell79 (3/3),0,98.45,1B Nick Sogard 2B Xavier Edwards 3B Vaughn Grissom C Jonah Heim OF Mike Trout OF Heriberto Hernandez OF Eli White P Chris Sale P Gerrit Cole SS Zach Neto,,,
1922,5212200419,goaliman12 (14/20),0,98.45,1B Nolan Schanuel 2B Vaughn Grissom 3B Caleb Durbin C Moises Ballesteros OF Mike Trout OF Ceddanne Rafaela OF Jahmai Jones P Chris Sale P Gerrit Cole SS Zach Neto,,,
1922,5212235608,scohen21 (16/20),0,98.45,1B Willson Contreras 2B Vaughn Grissom 3B Caleb Durbin C Moises Ballesteros OF Ceddanne Rafaela OF Eli White OF Jahmai Jones P Chris Sale P Gerrit Cole SS Zach Neto,,,
1922,5212252818,colonelforbin22 (4/6),0,98.45,1B Willson Contreras 2B Alika Williams 3B Caleb Durbin C Jonah Heim OF Ceddanne Rafaela OF Jarren Duran OF Eli White P Chris Sale P Gerrit Cole SS Jacob Wilson,,,
1937,5212008909,mack69 (14/20),0,98.399994,1B Willson Contreras 2B Xavier Edwards 3B Caleb Durbin C Connor Wong OF Ceddanne Rafaela OF Henry Bolte OF Eli White P Walbert Urena P Sandy Alcantara SS Jacob Wilson,,,
1937,5212183661,seth1374 (10/20),0,98.399994,1B Willson Contreras 2B Nick Sogard 3B Caleb Durbin C Jonah Heim OF Ceddanne Rafaela OF Jarren Duran OF Henry Bolte P Walbert Urena P Sandy Alcantara SS Jacob Wilson,,,
1937,5212221895,kdsdawg,0,98.399994,1B Willson Contreras 2B Nick Sogard 3B Caleb Durbin C Drake Baldwin OF Ronald Acuna Jr. OF Ceddanne Rafaela OF Mauricio Dubon P Walbert Urena P Sandy Alcantara SS Andruw Monasterio,,,
1940,5211754836,tbjones2121 (16/20),0,98.35,1B Matt Olson 2B Nick Sogard 3B Caleb Durbin C Drake Baldwin OF Ronald Acuna Jr. OF Jarren Duran OF Jahmai Jones P Chris Sale P Walbert Urena SS Andruw Monasterio,,,
1941,5211857005,Bitmeee (13/20),0,98.2,1B Paul Goldschmidt 2B Alika Williams 3B Jose Caballero C Jonah Heim OF Mike Trout OF Tyler Soderstrom OF Henry Bolte P Gerrit Cole P Walbert Urena SS Jacob Wilson,,,
1942,5211879578,stevenhenry43211 (16/20),0,98,1B Matt Olson 2B Nick Sogard 3B Javier Sanoja C Moises Ballesteros OF Ronald Acuna Jr. OF Mike Trout OF Ceddanne Rafaela P Chris Sale P Gage Jump SS Jose Caballero,,,
1942,5212248680,Blerud15 (15/20),0,98,1B Kyle Stowers 2B Ozzie Albies 3B Austin Riley C Joe Mack OF Ronald Acuna Jr. OF Michael Harris II OF Heriberto Hernandez P Chris Sale P Gage Jump SS Otto Lopez,,,
1944,5212102239,summershandy,0,97.95,1B Kyle Stowers 2B Ozzie Albies 3B Caleb Durbin C Moises Ballesteros OF Ronald Acuna Jr. OF Griffin Conine OF Mike Yastrzemski P Sandy Alcantara P Jake Bennett SS Anthony Volpe,,,
1944,5212139648,BushWood_2229,0,97.95,1B Willson Contreras 2B Xavier Edwards 3B Javier Sanoja C Jonah Heim OF Mike Trout OF Ceddanne Rafaela OF Jarren Duran P Sandy Alcantara P Jake Bennett SS Otto Lopez,,,
1946,5211811851,Wanna_Square_Up1567 (12/20),0,97.9,1B Kyle Stowers 2B Xavier Edwards 3B Javier Sanoja C Drake Baldwin OF Mike Trout OF Jakob Marsee OF Wade Meckler P Chris Sale P Jake Bennett SS Otto Lopez,,,
1946,5211863196,whoisjohngalt420 (20/20),0,97.9,1B Kyle Stowers 2B Xavier Edwards 3B Javier Sanoja C Drake Baldwin OF Mike Trout OF Jakob Marsee OF Wade Meckler P Chris Sale P Jake Bennett SS Otto Lopez,,,
1946,5211872458,andymartin5586 (16/20),0,97.9,1B Willson Contreras 2B Ozzie Albies 3B Caleb Durbin C Connor Wong OF Ronald Acuna Jr. OF Jarren Duran OF Jahmai Jones P Chris Sale P Jake Bennett SS Mauricio Dubon,,,
1946,5211872655,CFinch,0,97.9,1B Kyle Stowers 2B Xavier Edwards 3B Vaughn Grissom C Drake Baldwin OF Ronald Acuna Jr. OF Jakob Marsee OF Owen Caissie P Chris Sale P Jake Bennett SS Otto Lopez,,,
1946,5211926200,pat_the_hat2 (18/20),0,97.9,1B Willson Contreras 2B Xavier Edwards 3B Austin Riley C Drake Baldwin OF Heriberto Hernandez OF Jakob Marsee OF Griffin Conine P Chris Sale P Jake Bennett SS Otto Lopez,,,
1946,5211926333,thundrenterprises (13/20),0,97.9,1B Kyle Stowers 2B Xavier Edwards 3B Caleb Durbin C Drake Baldwin OF Michael Harris II OF Jakob Marsee OF Eli White P Chris Sale P Jake Bennett SS Otto Lopez,,,
1946,5212010013,kozy6813 (19/20),0,97.9,1B Kyle Stowers 2B Xavier Edwards 3B Austin Riley C Drake Baldwin OF Ronald Acuna Jr. OF Jakob Marsee OF Eli White P Chris Sale P Jake Bennett SS Otto Lopez,,,
1946,5212013382,zandwich (3/20),0,97.9,1B Matt Olson 2B Ozzie Albies 3B Caleb Durbin C Drake Baldwin OF Ronald Acuna Jr. OF Jarren Duran OF Jahmai Jones P Chris Sale P Jake Bennett SS Mauricio Dubon,,,
1946,5212054116,wazzu24 (17/20),0,97.9,1B Matt Olson 2B Xavier Edwards 3B Austin Riley C Joe Mack OF Ronald Acuna Jr. OF Heriberto Hernandez OF Jakob Marsee P Chris Sale P Jake Bennett SS Otto Lopez,,,
1946,5212235602,scohen21 (10/20),0,97.9,1B Willson Contreras 2B Xavier Edwards 3B Caleb Durbin C Drake Baldwin OF Ceddanne Rafaela OF Eli White OF Jahmai Jones P Chris Sale P Jake Bennett SS Zach Neto,,,
1956,5211858603,jamj53,0,97.75,1B Luis Garcia Jr. 2B Nick Sogard 3B Javier Sanoja C Moises Ballesteros OF Ronald Acuna Jr. OF Wilyer Abreu OF Tyler Soderstrom P Gerrit Cole P Jake Bennett SS Jose Caballero,,,
1956,5212094658,louiswat,0,97.75,1B Paul Goldschmidt 2B Ozzie Albies 3B Caleb Durbin C Jonah Heim OF Mike Trout OF Tyler Soderstrom OF Ceddanne Rafaela P Gerrit Cole P Jake Bennett SS Jose Caballero,,,
1956,5212095918,Riccajb9 (1/2),0,97.75,1B Willson Contreras 2B Xavier Edwards 3B Caleb Durbin C Connor Wong OF Ceddanne Rafaela OF Heliot Ramos OF Jarren Duran P Gerrit Cole P Jake Bennett SS George Lombard Jr.,,,
1959,5211804403,AverageTuesday (5/20),0,97.649994,1B Paul Goldschmidt 2B Ozzie Albies 3B Amed Rosario C Jonah Heim OF Trent Grisham OF Heliot Ramos OF Henry Bolte P Chris Sale P Sandy Alcantara SS Jose Caballero,,,
1959,5211893769,Gagenator51 (12/20),0,97.649994,1B Matt Olson 2B Ozzie Albies 3B Caleb Durbin C Connor Wong OF Ronald Acuna Jr. OF Ceddanne Rafaela OF Eli White P Chris Sale P Sandy Alcantara SS Mauricio Dubon,,,
1959,5211893772,Gagenator51 (15/20),0,97.649994,1B Kyle Stowers 2B Xavier Edwards 3B Austin Riley C Drake Baldwin OF Ceddanne Rafaela OF Jarren Duran OF Eli White P Chris Sale P Sandy Alcantara SS Otto Lopez,,,
1959,5211975951,slicksid27 (5/9),0,97.649994,1B Kyle Stowers 2B Ozzie Albies 3B Caleb Durbin C Agustin Ramirez OF Michael Harris II OF Heliot Ramos OF Heriberto Hernandez P Chris Sale P Sandy Alcantara SS Otto Lopez,,,
1959,5212087121,buonomckay,0,97.649994,1B Paul Goldschmidt 2B Ozzie Albies 3B Jose Caballero C Connor Wong OF Ceddanne Rafaela OF Michael Harris II OF Griffin Conine P Chris Sale P Sandy Alcantara SS Otto Lopez,,,
1959,5212225495,rambito (7/20),0,97.649994,1B Matt Olson 2B Nick Sogard 3B Austin Riley C Drake Baldwin OF Ronald Acuna Jr. OF Ceddanne Rafaela OF Eli White P Chris Sale P Sandy Alcantara SS Mauricio Dubon,,,
1959,5212234023,Feces (3/5),0,97.649994,1B Kyle Stowers 2B Nick Sogard 3B Max Muncy C Drake Baldwin OF Ronald Acuna Jr. OF Ceddanne Rafaela OF Michael Harris II P Chris Sale P Sandy Alcantara SS Mauricio Dubon,,,
1966,5212200413,goaliman12 (8/20),0,97.45,1B Willson Contreras 2B Vaughn Grissom 3B Caleb Durbin C Connor Wong OF Mike Trout OF Eli White OF Jahmai Jones P Chris Sale P Gerrit Cole SS Zach Neto,,,
1966,5212243534,BuckeyeCity (15/20),0,97.45,1B Nolan Schanuel 2B Xavier Edwards 3B Javier Sanoja C Moises Ballesteros OF Mike Trout OF Jakob Marsee OF Josh Lowe P Chris Sale P Gerrit Cole SS Zach Neto,,,
1968,5211856996,Bitmeee (4/20),0,97.35,1B Matt Olson 2B Ozzie Albies 3B Caleb Durbin C Drake Baldwin OF Ronald Acuna Jr. OF Mauricio Dubon OF Jahmai Jones P Chris Sale P Walbert Urena SS Andruw Monasterio,,,
1968,5212132478,Toney367 (5/20),0,97.35,1B Ben Rice 2B Ozzie Albies 3B Caleb Durbin C Jonah Heim OF Ceddanne Rafaela OF Jarren Duran OF Jahmai Jones P Chris Sale P Walbert Urena SS Andruw Monasterio,,,
1968,5212163377,lklk88088 (12/20),0,97.35,1B Willson Contreras 2B Nick Sogard 3B Caleb Durbin C Drake Baldwin OF Mike Trout OF Wade Meckler OF Jahmai Jones P Chris Sale P Walbert Urena SS Andruw Monasterio,,,
1971,5211752497,seiferidjosh80 (6/20),0,97.2,1B Willson Contreras 2B Vaughn Grissom 3B Jose Caballero C Jonah Heim OF Mike Trout OF Ceddanne Rafaela OF Jahmai Jones P Gerrit Cole P Walbert Urena SS George Lombard Jr.,,,
1971,5212099038,Boneyball1018 (1/2),0,97.2,1B Ben Rice 2B Vaughn Grissom 3B Caleb Durbin C Jonah Heim OF Mike Trout OF Henry Bolte OF Wade Meckler P Gerrit Cole P Walbert Urena SS Andruw Monasterio,,,
1973,5212013391,zandwich (12/20),0,97.05,1B Paul Goldschmidt 2B Ozzie Albies 3B Austin Riley C Drake Baldwin OF Michael Harris II OF Heliot Ramos OF Mauricio Dubon P Sandy Alcantara P Gage Jump SS Jose Caballero,,,
1974,5211746313,j-wolf05 (8/20),0,97,1B Kyle Stowers 2B Xavier Edwards 3B Vaughn Grissom C Drake Baldwin OF Mike Trout OF Henry Bolte OF Wade Meckler P Chris Sale P Gage Jump SS Zach Neto,,,
1974,5212002140,austin60915 (18/20),0,97,1B Kyle Stowers 2B Xavier Edwards 3B Vaughn Grissom C Drake Baldwin OF Mike Trout OF Henry Bolte OF Wade Meckler P Chris Sale P Gage Jump SS Zach Neto,,,
1974,5212110494,JaserD (4/20),0,97,1B Kyle Stowers 2B Xavier Edwards 3B Vaughn Grissom C Drake Baldwin OF Mike Trout OF Henry Bolte OF Wade Meckler P Chris Sale P Gage Jump SS Zach Neto,,,
1974,5212121428,Chadg20 (8/20),0,97,1B Matt Olson 2B Vaughn Grissom 3B Caleb Durbin C Drake Baldwin OF Ronald Acuna Jr. OF Henry Bolte OF Eli White P Chris Sale P Gage Jump SS Zach Neto,,,
1974,5212256332,lilmaryy (3/11),0,97,1B Paul Goldschmidt 2B Ozzie Albies 3B Amed Rosario C Drake Baldwin OF Ronald Acuna Jr. OF Mike Yastrzemski OF Mauricio Dubon P Chris Sale P Gage Jump SS Zach Neto,,,
1979,5211890593,acerun34,0,96.95,1B Willson Contreras 2B Ozzie Albies 3B Caleb Durbin C Joe Mack OF Tyler Soderstrom OF Ceddanne Rafaela OF Heliot Ramos P Sandy Alcantara P Jake Bennett SS Otto Lopez,,,
1979,5211996351,alaskandave,0,96.95,1B Kyle Stowers 2B Xavier Edwards 3B Caleb Durbin C Joe Mack OF Mike Trout OF Tyler Soderstrom OF Ceddanne Rafaela P Sandy Alcantara P Jake Bennett SS Zach Neto,,,
1979,5212037268,ljpgator,0,96.95,1B Paul Goldschmidt 2B Xavier Edwards 3B Vaughn Grissom C Drake Baldwin OF Ronald Acuna Jr. OF Heliot Ramos OF Griffin Conine P Sandy Alcantara P Jake Bennett SS Jose Caballero,,,
1982,5211690475,LOCNOTM (9/20),0,96.9,1B Willson Contreras 2B Ozzie Albies 3B Caleb Durbin C Drake Baldwin OF Ceddanne Rafaela OF Michael Harris II OF Jahmai Jones P Chris Sale P Jake Bennett SS Andruw Monasterio,,,
1982,5211716710,T41129130907 (13/20),0,96.9,1B Matt Olson 2B Vaughn Grissom 3B Caleb Durbin C Drake Baldwin OF Ronald Acuna Jr. OF Jarren Duran OF Jahmai Jones P Chris Sale P Jake Bennett SS Andruw Monasterio,,,
1982,5211872462,andymartin5586 (20/20),0,96.9,1B Willson Contreras 2B Ozzie Albies 3B Caleb Durbin C Connor Wong OF Jarren Duran OF Mike Yastrzemski OF Jahmai Jones P Chris Sale P Jake Bennett SS Mauricio Dubon,,,
1982,5211987165,DreamchaserJC (3/20),0,96.9,1B Matt Olson 2B Xavier Edwards 3B Caleb Durbin C Joe Mack OF Mike Trout OF Heriberto Hernandez OF Jakob Marsee P Chris Sale P Jake Bennett SS Otto Lopez,,,
1982,5212006024,jaakko (1/6),0,96.9,1B Willson Contreras 2B Xavier Edwards 3B Caleb Durbin C Connor Wong OF Ronald Acuna Jr. OF Mike Trout OF Mauricio Dubon P Chris Sale P Jake Bennett SS Andruw Monasterio,,,
1982,5212123342,Hatmanrox (1/2),0,96.9,1B Willson Contreras 2B Ozzie Albies 3B Caleb Durbin C Drake Baldwin OF Ceddanne Rafaela OF Michael Harris II OF Jahmai Jones P Chris Sale P Jake Bennett SS Andruw Monasterio,,,
1982,5212123343,Hatmanrox (2/2),0,96.9,1B Willson Contreras 2B Ozzie Albies 3B Caleb Durbin C Drake Baldwin OF Ceddanne Rafaela OF Michael Harris II OF Jahmai Jones P Chris Sale P Jake Bennett SS Andruw Monasterio,,,
1982,5212137253,rhdjr1970,0,96.9,1B Willson Contreras 2B Ozzie Albies 3B Caleb Durbin C Drake Baldwin OF Ceddanne Rafaela OF Michael Harris II OF Jahmai Jones P Chris Sale P Jake Bennett SS Andruw Monasterio,,,
1982,5212197587,Skralph (3/20),0,96.9,1B Willson Contreras 2B Ozzie Albies 3B Caleb Durbin C Drake Baldwin OF Ceddanne Rafaela OF Michael Harris II OF Jahmai Jones P Chris Sale P Jake Bennett SS Andruw Monasterio,,,
1982,5212210646,eharig09 (7/20),0,96.9,1B Willson Contreras 2B Xavier Edwards 3B Javier Sanoja C Drake Baldwin OF Ronald Acuna Jr. OF Heriberto Hernandez OF Griffin Conine P Chris Sale P Jake Bennett SS Mauricio Dubon,,,
1982,5212225030,bassmastadee (3/5),0,96.9,1B Willson Contreras 2B Ozzie Albies 3B Caleb Durbin C Drake Baldwin OF Ceddanne Rafaela OF Michael Harris II OF Jahmai Jones P Chris Sale P Jake Bennett SS Andruw Monasterio,,,
1982,5212243535,BuckeyeCity (16/20),0,96.9,1B Willson Contreras 2B Ozzie Albies 3B Caleb Durbin C Drake Baldwin OF Ceddanne Rafaela OF Michael Harris II OF Jahmai Jones P Chris Sale P Jake Bennett SS Andruw Monasterio,,,
1982,5212250040,mfoleyy2,0,96.9,1B Willson Contreras 2B Ozzie Albies 3B Caleb Durbin C Drake Baldwin OF Ceddanne Rafaela OF Michael Harris II OF Jahmai Jones P Chris Sale P Jake Bennett SS Andruw Monasterio,,,
1995,5211905127,Calmax,0,96.75,1B Ben Rice 2B Nick Sogard 3B Amed Rosario C Connor Wong OF Ceddanne Rafaela OF Trent Grisham OF Heliot Ramos P Gerrit Cole P Jake Bennett SS George Lombard Jr.,,,
1995,5211970924,jrevelle3 (4/20),0,96.75,1B Paul Goldschmidt 2B Nick Sogard 3B Caleb Durbin C Austin Wells OF Ceddanne Rafaela OF Heliot Ramos OF Jarren Duran P Gerrit Cole P Jake Bennett SS Andruw Monasterio,,,
1995,5211987182,DreamchaserJC (20/20),0,96.75,1B Kyle Stowers 2B Xavier Edwards 3B Vaughn Grissom C Connor Wong OF Mike Trout OF Jakob Marsee OF Griffin Conine P Gerrit Cole P Jake Bennett SS Otto Lopez,,,
1995,5212006029,jaakko (6/6),0,96.75,1B Matt Olson 2B Ozzie Albies 3B Austin Riley C Drake Baldwin OF Ronald Acuna Jr. OF Tyler Soderstrom OF Henry Bolte P Walbert Urena P Gage Jump SS Jacob Wilson,,,
1999,5211759909,seiferidjosh80 (16/20),0,96.649994,1B Matt Olson 2B Alika Williams 3B Max Muncy C Drake Baldwin OF Tyler Soderstrom OF Jarren Duran OF Griffin Conine P Chris Sale P Sandy Alcantara SS Andruw Monasterio,,,
1999,5211912991,LTskelter (1/20),0,96.649994,1B Matt Olson 2B Ozzie Albies 3B Austin Riley C Drake Baldwin OF Michael Harris II OF Henry Bolte OF Eli White P Chris Sale P Sandy Alcantara SS Jacob Wilson,,,
1999,5212000958,MamaKay1122 (1/13),0,96.649994,1B Willson Contreras 2B Ozzie Albies 3B Austin Riley C Connor Wong OF Ronald Acuna Jr. OF Ceddanne Rafaela OF Eli White P Chris Sale P Sandy Alcantara SS Jacob Wilson,,,
1999,5212163089,slappey22 (7/7),0,96.649994,1B Willson Contreras 2B Ozzie Albies 3B Caleb Durbin C Brian Serven OF Ceddanne Rafaela OF Michael Harris II OF Jarren Duran P Chris Sale P Sandy Alcantara SS Andruw Monasterio,,,
1999,5212219527,jared2004 (1/3),0,96.649994,1B Matt Olson 2B Ozzie Albies 3B Caleb Durbin C Joe Mack OF Ceddanne Rafaela OF Michael Harris II OF Griffin Conine P Chris Sale P Sandy Alcantara SS Andruw Monasterio,,,
1999,5212243522,BuckeyeCity (3/20),0,96.649994,1B Willson Contreras 2B Ozzie Albies 3B Caleb Durbin C Brian Serven OF Ceddanne Rafaela OF Michael Harris II OF Jarren Duran P Chris Sale P Sandy Alcantara SS Andruw Monasterio,,,
2005,5212112865,meyers2305 (11/20),0,96.5,1B Willson Contreras 2B Nick Sogard 3B Amed Rosario C Connor Wong OF Ceddanne Rafaela OF Heliot Ramos OF Jarren Duran P Gerrit Cole P Sandy Alcantara SS Jacob Wilson,,,
2005,5212124079,ballgame1881 (10/15),0,96.5,1B Willson Contreras 2B Nick Sogard 3B Amed Rosario C Connor Wong OF Ceddanne Rafaela OF Trent Grisham OF Heliot Ramos P Gerrit Cole P Sandy Alcantara SS Jose Caballero,,,
2007,5211890610,jw1984 (15/20),0,96.45,1B Willson Contreras 2B Xavier Edwards 3B Caleb Durbin C Connor Wong OF Ceddanne Rafaela OF Heriberto Hernandez OF Eli White P Chris Sale P Gerrit Cole SS Zach Neto,,,
2007,5211920288,rod288 (15/20),0,96.45,1B Willson Contreras 2B Vaughn Grissom 3B Caleb Durbin C Moises Ballesteros OF Ceddanne Rafaela OF Jarren Duran OF Jahmai Jones P Chris Sale P Gerrit Cole SS Zach Neto,,,
2007,5211937429,sportsfan14 (11/20),0,96.45,1B Kyle Stowers 2B Vaughn Grissom 3B Caleb Durbin C Joe Mack OF Mike Trout OF Heriberto Hernandez OF Griffin Conine P Chris Sale P Gerrit Cole SS Otto Lopez,,,
2007,5212141202,ac919 (2/20),0,96.45,1B Willson Contreras 2B Vaughn Grissom 3B Caleb Durbin C Moises Ballesteros OF Ceddanne Rafaela OF Jarren Duran OF Jahmai Jones P Chris Sale P Gerrit Cole SS Zach Neto,,,
2007,5212200412,goaliman12 (7/20),0,96.45,1B Willson Contreras 2B Vaughn Grissom 3B Caleb Durbin C Moises Ballesteros OF Ceddanne Rafaela OF Jarren Duran OF Jahmai Jones P Chris Sale P Gerrit Cole SS Zach Neto,,,
2012,5211952638,bbehnke20 (11/20),0,96.399994,1B Willson Contreras 2B Xavier Edwards 3B Caleb Durbin C Connor Wong OF Ronald Acuna Jr. OF Ceddanne Rafaela OF Jarren Duran P Walbert Urena P Sandy Alcantara SS Otto Lopez,,,
2013,5212116132,stock2mail (13/20),0,96.35,1B Willson Contreras 2B Nick Sogard 3B Caleb Durbin C Jonah Heim OF Mike Trout OF Jarren Duran OF Jahmai Jones P Chris Sale P Walbert Urena SS Jacob Wilson,,,
2014,5211857010,Bitmeee (18/20),0,96.2,1B Paul Goldschmidt 2B Alika Williams 3B Max Muncy C Jonah Heim OF Tyler Soderstrom OF Heliot Ramos OF Lawrence Butler P Gerrit Cole P Walbert Urena SS George Lombard Jr.,,,
2014,5211913520,ttillie (6/20),0,96.2,1B Willson Contreras 2B Nick Sogard 3B Vaughn Grissom C Jonah Heim OF Mike Trout OF Ceddanne Rafaela OF Jahmai Jones P Gerrit Cole P Walbert Urena SS Jacob Wilson,,,
2016,5212111041,SpeedRacer101 (15/20),0,96,1B Matt Olson 2B Ozzie Albies 3B Max Muncy C Jonah Heim OF Mike Trout OF Tyler Soderstrom OF Josh Lowe P Chris Sale P Gage Jump SS Jacob Wilson,,,
2016,5212138417,caryreynolds11,0,96,1B Kyle Stowers 2B Xavier Edwards 3B Vaughn Grissom C Drake Baldwin OF Mike Trout OF Heriberto Hernandez OF Jakob Marsee P Chris Sale P Gage Jump SS Zach Neto,,,
2016,5212252027,jeffylube (15/20),0,96,1B Matt Olson 2B Ozzie Albies 3B Max Muncy C Drake Baldwin OF Ronald Acuna Jr. OF Michael Harris II OF Henry Bolte P Chris Sale P Gage Jump SS Jose Caballero,,,
2019,5211920289,rod288 (16/20),0,95.95,1B Willson Contreras 2B Nick Sogard 3B Jose Caballero C Drake Baldwin OF Ronald Acuna Jr. OF Ceddanne Rafaela OF Jarren Duran P Sandy Alcantara P Jake Bennett SS Andruw Monasterio,,,
2019,5212045321,bmosley21 (15/20),0,95.95,1B Paul Goldschmidt 2B Ozzie Albies 3B Jose Caballero C Drake Baldwin OF Ronald Acuna Jr. OF Heliot Ramos OF Mike Yastrzemski P Sandy Alcantara P Jake Bennett SS Mauricio Dubon,,,
2019,5212054106,wazzu24 (7/20),0,95.95,1B Matt Olson 2B Ozzie Albies 3B Caleb Durbin C Drake Baldwin OF Ronald Acuna Jr. OF Heliot Ramos OF Mauricio Dubon P Sandy Alcantara P Jake Bennett SS Andruw Monasterio,,,
2022,5211690471,LOCNOTM (5/20),0,95.9,1B Willson Contreras 2B Xavier Edwards 3B Caleb Durbin C Drake Baldwin OF Ceddanne Rafaela OF Jakob Marsee OF Eli White P Chris Sale P Jake Bennett SS Andruw Monasterio,,,
2022,5212031788,slappey22 (3/7),0,95.9,1B Kyle Stowers 2B Xavier Edwards 3B Austin Riley C Joe Mack OF Ronald Acuna Jr. OF Ceddanne Rafaela OF Jakob Marsee P Chris Sale P Jake Bennett SS Otto Lopez,,,
2022,5212075741,mlief (19/20),0,95.9,1B Matt Olson 2B Xavier Edwards 3B Austin Riley C Tyler Heineman OF Ronald Acuna Jr. OF Michael Harris II OF Mike Yastrzemski P Chris Sale P Jake Bennett SS Otto Lopez,,,
2022,5212128890,slpendy (16/20),0,95.9,1B Matt Olson 2B Xavier Edwards 3B Austin Riley C Drake Baldwin OF Ronald Acuna Jr. OF Jakob Marsee OF Javier Sanoja P Chris Sale P Jake Bennett SS Mauricio Dubon,,,
2022,5212163713,TheFH (17/20),0,95.9,1B Kyle Stowers 2B Xavier Edwards 3B Austin Riley C Joe Mack OF Ronald Acuna Jr. OF Michael Harris II OF Jakob Marsee P Chris Sale P Jake Bennett SS Otto Lopez,,,
2022,5212195243,CJthekidd,0,95.9,1B Matt Olson 2B Nick Sogard 3B Caleb Durbin C Drake Baldwin OF Tyler Soderstrom OF Ceddanne Rafaela OF Wade Meckler P Chris Sale P Jake Bennett SS Andruw Monasterio,,,
2022,5212200414,goaliman12 (9/20),0,95.9,1B Matt Olson 2B Xavier Edwards 3B Austin Riley C Drake Baldwin OF Michael Harris II OF Jakob Marsee OF Mike Yastrzemski P Chris Sale P Jake Bennett SS Otto Lopez,,,
2029,5212112856,meyers2305 (2/20),0,95.649994,1B Matt Olson 2B Nick Sogard 3B Austin Riley C Connor Wong OF Ronald Acuna Jr. OF Ceddanne Rafaela OF Michael Harris II P Chris Sale P Sandy Alcantara SS Mauricio Dubon,,,
2029,5212142557,raiderras (2/2),0,95.649994,1B Kyle Stowers 2B Vaughn Grissom 3B Caleb Durbin C Joe Mack OF Ceddanne Rafaela OF Trent Grisham OF Michael Harris II P Chris Sale P Sandy Alcantara SS Jacob Wilson,,,
2029,5212224579,vstar1300 (8/9),0,95.649994,1B Matt Olson 2B Nick Sogard 3B Austin Riley C Connor Wong OF Ronald Acuna Jr. OF Ceddanne Rafaela OF Michael Harris II P Chris Sale P Sandy Alcantara SS Mauricio Dubon,,,
2029,5212242400,BigMart11 (3/20),0,95.649994,1B Matt Olson 2B Ozzie Albies 3B Tommy White C Drake Baldwin OF Michael Harris II OF Griffin Conine OF Mauricio Dubon P Chris Sale P Sandy Alcantara SS Otto Lopez,,,
2029,5212252018,jeffylube (6/20),0,95.649994,1B Matt Olson 2B Xavier Edwards 3B Austin Riley C Drake Baldwin OF Michael Harris II OF Jakob Marsee OF Josh Lowe P Chris Sale P Sandy Alcantara SS Zach Neto,,,
2029,5212252061,KILLANADZ24 (2/20),0,95.649994,1B Willson Contreras 2B Xavier Edwards 3B Austin Riley C Drake Baldwin OF Ceddanne Rafaela OF Jarren Duran OF Eli White P Chris Sale P Sandy Alcantara SS Andruw Monasterio,,,
2035,5212000963,MamaKay1122 (6/13),0,95.45,1B Willson Contreras 2B Nick Sogard 3B Tommy White C Connor Wong OF Ceddanne Rafaela OF Griffin Conine OF Eli White P Chris Sale P Gerrit Cole SS Otto Lopez,,,
2035,5212049225,chrispy2005 (13/20),0,95.45,1B Nolan Schanuel 2B Xavier Edwards 3B Caleb Durbin C Connor Wong OF Mike Trout OF Heriberto Hernandez OF Eli White P Chris Sale P Gerrit Cole SS Zach Neto,,,
2035,5212210659,eharig09 (20/20),0,95.45,1B Matt Olson 2B Nick Sogard 3B Javier Sanoja C Drake Baldwin OF Ceddanne Rafaela OF Michael Harris II OF Griffin Conine P Chris Sale P Gerrit Cole SS Mauricio Dubon,,,
2038,5212086901,chensley72 (4/4),0,95.399994,1B Willson Contreras 2B Nick Sogard 3B Max Muncy C Drake Baldwin OF Mike Trout OF Tyler Soderstrom OF Henry Bolte P Walbert Urena P Sandy Alcantara SS Jacob Wilson,,,
2039,5211942984,bassguy39 (4/20),0,95.35,1B Willson Contreras 2B Ozzie Albies 3B Caleb Durbin C Drake Baldwin OF Ronald Acuna Jr. OF Eli White OF Jahmai Jones P Chris Sale P Walbert Urena SS Andruw Monasterio,,,
2039,5212116139,stock2mail (20/20),0,95.35,1B Willson Contreras 2B Ozzie Albies 3B Caleb Durbin C Drake Baldwin OF Ronald Acuna Jr. OF Eli White OF Jahmai Jones P Chris Sale P Walbert Urena SS Andruw Monasterio,,,
2041,5211976320,tpyo (5/20),0,95.2,1B Ben Rice 2B Vaughn Grissom 3B Tommy White C Jonah Heim OF Tyler Soderstrom OF Heliot Ramos OF Henry Bolte P Gerrit Cole P Walbert Urena SS Jacob Wilson,,,
2041,5211987060,ballaholick713 (18/20),0,95.2,1B Ben Rice 2B Vaughn Grissom 3B Tommy White C Brian Serven OF Mike Trout OF Tyler Soderstrom OF Lawrence Butler P Gerrit Cole P Walbert Urena SS Jacob Wilson,,,
2043,5211980683,rsumrall (3/20),0,94.95,1B Matt Olson 2B Ozzie Albies 3B Austin Riley C Drake Baldwin OF Ronald Acuna Jr. OF Trent Grisham OF Heliot Ramos P Sandy Alcantara P Jake Bennett SS George Lombard Jr.,,,
2043,5212045324,bmosley21 (18/20),0,94.95,1B Paul Goldschmidt 2B Xavier Edwards 3B Austin Riley C Drake Baldwin OF Ronald Acuna Jr. OF Michael Harris II OF Heliot Ramos P Sandy Alcantara P Jake Bennett SS Mauricio Dubon,,,
2043,5212103607,KelvinDubs (5/20),0,94.95,1B Matt Olson 2B Ozzie Albies 3B Amed Rosario C Drake Baldwin OF Ronald Acuna Jr. OF Trent Grisham OF Michael Harris II P Sandy Alcantara P Jake Bennett SS George Lombard Jr.,,,
2043,5212116138,stock2mail (19/20),0,94.95,1B Matt Olson 2B Ozzie Albies 3B Amed Rosario C Drake Baldwin OF Ronald Acuna Jr. OF Trent Grisham OF Michael Harris II P Sandy Alcantara P Jake Bennett SS George Lombard Jr.,,,
2043,5212197599,Skralph (15/20),0,94.95,1B Matt Olson 2B Ozzie Albies 3B Caleb Durbin C Jonah Heim OF Ronald Acuna Jr. OF Ceddanne Rafaela OF Michael Harris II P Sandy Alcantara P Jake Bennett SS Mauricio Dubon,,,
2048,5211700012,Sammy.Boy (15/20),0,94.9,1B Willson Contreras 2B Xavier Edwards 3B Caleb Durbin C Connor Wong OF Mike Trout OF Ceddanne Rafaela OF Jahmai Jones P Chris Sale P Jake Bennett SS Zach Neto,,,
2048,5211835217,cachedinar (15/20),0,94.9,1B Kyle Stowers 2B Xavier Edwards 3B Caleb Durbin C Connor Wong OF Ceddanne Rafaela OF Jakob Marsee OF Eli White P Chris Sale P Jake Bennett SS Otto Lopez,,,
2048,5212073543,LionKing1957 (3/4),0,94.9,1B Matt Olson 2B Nick Sogard 3B Caleb Durbin C Drake Baldwin OF Tyler Soderstrom OF Ceddanne Rafaela OF Mauricio Dubon P Chris Sale P Jake Bennett SS Andruw Monasterio,,,
2048,5212081531,Awalker3081 (20/20),0,94.9,1B Kyle Stowers 2B Xavier Edwards 3B Denzer Guzman C Moises Ballesteros OF Jakob Marsee OF Griffin Conine OF Wade Meckler P Chris Sale P Jake Bennett SS Otto Lopez,,,
2048,5212111033,SpeedRacer101 (7/20),0,94.9,1B Willson Contreras 2B Xavier Edwards 3B Javier Sanoja C Drake Baldwin OF Ronald Acuna Jr. OF Heriberto Hernandez OF Eli White P Chris Sale P Jake Bennett SS Andruw Monasterio,,,
2048,5212132479,Toney367 (6/20),0,94.9,1B Willson Contreras 2B Nick Sogard 3B Caleb Durbin C Drake Baldwin OF Ronald Acuna Jr. OF Jarren Duran OF Mike Yastrzemski P Chris Sale P Jake Bennett SS Jose Caballero,,,
2054,5211734415,kreller17 (1/20),0,94.75,1B Paul Goldschmidt 2B Nick Sogard 3B Caleb Durbin C Connor Wong OF Ceddanne Rafaela OF Heliot Ramos OF Jarren Duran P Gerrit Cole P Jake Bennett SS George Lombard Jr.,,,
2054,5212102170,jabberjaww (18/20),0,94.75,1B Willson Contreras 2B Xavier Edwards 3B Caleb Durbin C Connor Wong OF Ceddanne Rafaela OF Heliot Ramos OF Heriberto Hernandez P Gerrit Cole P Jake Bennett SS Andruw Monasterio,,,
2054,5212123577,niquisition (3/20),0,94.75,1B Paul Goldschmidt 2B Nick Sogard 3B Caleb Durbin C Austin Wells OF Ceddanne Rafaela OF Jarren Duran OF Eli White P Gerrit Cole P Jake Bennett SS Jose Caballero,,,
2054,5212141217,ac919 (17/20),0,94.75,1B Paul Goldschmidt 2B Xavier Edwards 3B Amed Rosario C Moises Ballesteros OF Mike Trout OF Trent Grisham OF Spencer Jones P Gerrit Cole P Jake Bennett SS Zach Neto,,,
2054,5212251297,txsr123 (7/20),0,94.75,1B Willson Contreras 2B Nick Sogard 3B Jose Caballero C Connor Wong OF Ceddanne Rafaela OF Trent Grisham OF Eli White P Gerrit Cole P Jake Bennett SS George Lombard Jr.,,,
2059,5212029862,markt35 (4/20),0,94.649994,1B Matt Olson 2B Nick Sogard 3B Austin Riley C Drake Baldwin OF Tyler Soderstrom OF Jarren Duran OF Eli White P Chris Sale P Sandy Alcantara SS Jim Jarvis,,,
2060,5211866466,az350z (10/20),0,94.45,1B Nolan Schanuel 2B Xavier Edwards 3B Vaughn Grissom C Joe Mack OF Mike Trout OF Jakob Marsee OF Wade Meckler P Chris Sale P Gerrit Cole SS Zach Neto,,,
2060,5211926202,pat_the_hat2 (20/20),0,94.45,1B Kyle Stowers 2B Vaughn Grissom 3B Denzer Guzman C Tyler Heineman OF Mike Trout OF Heriberto Hernandez OF Jakob Marsee P Chris Sale P Gerrit Cole SS Otto Lopez,,,
2060,5212089458,mrclean913 (2/20),0,94.45,1B Nolan Schanuel 2B Xavier Edwards 3B Vaughn Grissom C Moises Ballesteros OF Mike Trout OF Henry Bolte OF Griffin Conine P Chris Sale P Gerrit Cole SS Zach Neto,,,
2060,5212121435,Chadg20 (15/20),0,94.45,1B Nolan Schanuel 2B Xavier Edwards 3B Denzer Guzman C Drake Baldwin OF Mike Trout OF Jakob Marsee OF Josh Lowe P Chris Sale P Gerrit Cole SS Zach Neto,,,
2064,5212163712,TheFH (16/20),0,94.35,1B Willson Contreras 2B Nick Sogard 3B Caleb Durbin C Jonah Heim OF Tyler Soderstrom OF Jarren Duran OF Henry Bolte P Chris Sale P Walbert Urena SS Andruw Monasterio,,,
2065,5211865515,SeanDre (16/20),0,94.2,1B Ben Rice 2B Nick Sogard 3B Vaughn Grissom C Moises Ballesteros OF Jarren Duran OF Eli White OF Jahmai Jones P Gerrit Cole P Walbert Urena SS Andruw Monasterio,,,
2065,5211914061,drunkonpappy (18/20),0,94.2,1B Willson Contreras 2B Nick Sogard 3B Amed Rosario C Connor Wong OF Ceddanne Rafaela OF Heliot Ramos OF Jahmai Jones P Gerrit Cole P Walbert Urena SS George Lombard Jr.,,,
2065,5211920279,rod288 (6/20),0,94.2,1B Willson Contreras 2B Vaughn Grissom 3B Caleb Durbin C Jonah Heim OF Mike Trout OF Ceddanne Rafaela OF Jahmai Jones P Gerrit Cole P Walbert Urena SS Andruw Monasterio,,,
2068,5211770630,peltifreeze89 (16/20),0,94,1B Matt Olson 2B Ozzie Albies 3B Tommy White C Drake Baldwin OF Ronald Acuna Jr. OF Michael Harris II OF Josh Lowe P Chris Sale P Gage Jump SS Jacob Wilson,,,
2068,5212054113,wazzu24 (14/20),0,94,1B Kyle Stowers 2B Xavier Edwards 3B Max Muncy C Joe Mack OF Mike Trout OF Michael Harris II OF Owen Caissie P Chris Sale P Gage Jump SS Otto Lopez,,,
2068,5212100451,csurunnerccr (3/20),0,94,1B Kyle Stowers 2B Xavier Edwards 3B Vaughn Grissom C Moises Ballesteros OF Mike Trout OF Jakob Marsee OF Griffin Conine P Chris Sale P Gage Jump SS Zach Neto,,,
2071,5211879573,stevenhenry43211 (11/20),0,93.95,1B Willson Contreras 2B Ozzie Albies 3B Javier Sanoja C Jonah Heim OF Ronald Acuna Jr. OF Ceddanne Rafaela OF Jarren Duran P Sandy Alcantara P Jake Bennett SS Andruw Monasterio,,,
2071,5212070099,Bejeweled718,0,93.95,1B Matt Olson 2B Ozzie Albies 3B Caleb Durbin C Drake Baldwin OF Tyler Soderstrom OF Ceddanne Rafaela OF Jarren Duran P Sandy Alcantara P Jake Bennett SS Andruw Monasterio,,,
2073,5212081530,Awalker3081 (19/20),0,93.9,1B Kyle Stowers 2B Xavier Edwards 3B Denzer Guzman C Moises Ballesteros OF Heriberto Hernandez OF Jakob Marsee OF Wade Meckler P Chris Sale P Jake Bennett SS Otto Lopez,,,
2073,5212089472,mrclean913 (16/20),0,93.9,1B Willson Contreras 2B Nick Sogard 3B Caleb Durbin C Drake Baldwin OF Ceddanne Rafaela OF Michael Harris II OF Jahmai Jones P Chris Sale P Jake Bennett SS Zach Neto,,,
2073,5212095523,woodreb5 (14/20),0,93.9,1B Willson Contreras 2B Xavier Edwards 3B Caleb Durbin C Joe Mack OF Heriberto Hernandez OF Griffin Conine OF Josh Lowe P Chris Sale P Jake Bennett SS Otto Lopez,,,
2073,5212200627,curleeshu (4/5),0,93.9,1B Willson Contreras 2B Vaughn Grissom 3B Amed Rosario C Drake Baldwin OF Tyler Soderstrom OF Ceddanne Rafaela OF Jahmai Jones P Chris Sale P Jake Bennett SS Otto Lopez,,,
2077,5211856722,Stree (5/20),0,93.75,1B Kyle Stowers 2B Xavier Edwards 3B Vaughn Grissom C Joe Mack OF Trent Grisham OF Heliot Ramos OF Jakob Marsee P Gerrit Cole P Jake Bennett SS Otto Lopez,,,
2078,5211879487,stevenhenry43211 (1/20),0,93.649994,1B Matt Olson 2B Xavier Edwards 3B Javier Sanoja C Joe Mack OF Wilyer Abreu OF Ceddanne Rafaela OF Jarren Duran P Chris Sale P Sandy Alcantara SS Andruw Monasterio,,,
2078,5212009997,kozy6813 (3/20),0,93.649994,1B Matt Olson 2B Ozzie Albies 3B Austin Riley C Joe Mack OF Tyler Soderstrom OF Michael Harris II OF Heriberto Hernandez P Chris Sale P Sandy Alcantara SS Mauricio Dubon,,,
2078,5212102163,jabberjaww (11/20),0,93.649994,1B Willson Contreras 2B Ozzie Albies 3B Caleb Durbin C Drake Baldwin OF Michael Harris II OF Jarren Duran OF Eli White P Chris Sale P Sandy Alcantara SS Andruw Monasterio,,,
2078,5212154640,Drew8513,0,93.649994,1B Matt Olson 2B Ozzie Albies 3B Austin Riley C Joe Mack OF Ronald Acuna Jr. OF Ceddanne Rafaela OF Eli White P Chris Sale P Sandy Alcantara SS Jacob Wilson,,,
2078,5212166270,Satch65 (8/20),0,93.649994,1B Willson Contreras 2B Ozzie Albies 3B Caleb Durbin C Drake Baldwin OF Michael Harris II OF Jarren Duran OF Eli White P Chris Sale P Sandy Alcantara SS Andruw Monasterio,,,
2083,5211976325,tpyo (10/20),0,93.45,1B Kyle Stowers 2B Ozzie Albies 3B Vaughn Grissom C Drake Baldwin OF Heriberto Hernandez OF Griffin Conine OF Owen Caissie P Chris Sale P Gerrit Cole SS Otto Lopez,,,
2084,5211990738,KristianFTM (20/20),0,93.399994,1B Ben Rice 2B Ozzie Albies 3B Jose Caballero C Drake Baldwin OF Ceddanne Rafaela OF Heliot Ramos OF Spencer Jones P Walbert Urena P Sandy Alcantara SS Mauricio Dubon,,,
2084,5212008900,mack69 (5/20),0,93.399994,1B Willson Contreras 2B Nick Sogard 3B Caleb Durbin C Joe Mack OF Ceddanne Rafaela OF Henry Bolte OF Eli White P Walbert Urena P Sandy Alcantara SS Jacob Wilson,,,
2086,5211886682,TroyGilly91 (1/5),0,93.35,1B Willson Contreras 2B Nick Sogard 3B Tommy White C Connor Wong OF Ronald Acuna Jr. OF Ceddanne Rafaela OF Jahmai Jones P Chris Sale P Walbert Urena SS Jacob Wilson,,,
2086,5212026008,rschindler14 (14/20),0,93.35,1B Matt Olson 2B Ozzie Albies 3B Caleb Durbin C Connor Wong OF Ronald Acuna Jr. OF Ceddanne Rafaela OF Jahmai Jones P Chris Sale P Walbert Urena SS Jacob Wilson,,,
2088,5211896568,WILDCATBALLERS (18/20),0,93.3,1B Kyle Stowers 2B Ozzie Albies 3B Javier Sanoja C Moises Ballesteros OF Ronald Acuna Jr. OF Mike Trout OF Griffin Conine P Jake Bennett P Gage Jump SS Otto Lopez,,,
2089,5211913523,ttillie (9/20),0,92.95,1B Ben Rice 2B Ozzie Albies 3B Austin Riley C Drake Baldwin OF Ronald Acuna Jr. OF Ceddanne Rafaela OF Eli White P Sandy Alcantara P Jake Bennett SS Mauricio Dubon,,,
2089,5211937435,sportsfan14 (17/20),0,92.95,1B Matt Olson 2B Ozzie Albies 3B Jose Caballero C Austin Wells OF Ronald Acuna Jr. OF Ceddanne Rafaela OF Michael Harris II P Sandy Alcantara P Jake Bennett SS Mauricio Dubon,,,
2091,5211761844,chrisdouglass (1/2),0,92.9,1B Matt Olson 2B Vaughn Grissom 3B Caleb Durbin C Jonah Heim OF Ceddanne Rafaela OF Michael Harris II OF Jahmai Jones P Chris Sale P Jake Bennett SS Andruw Monasterio,,,
2091,5211767292,chrisdouglass (2/2),0,92.9,1B Matt Olson 2B Vaughn Grissom 3B Caleb Durbin C Jonah Heim OF Ceddanne Rafaela OF Michael Harris II OF Jahmai Jones P Chris Sale P Jake Bennett SS Andruw Monasterio,,,
2091,5211780333,Anthonykorobellis (1/20),0,92.9,1B Kyle Stowers 2B Xavier Edwards 3B Javier Sanoja C Tyler Heineman OF Michael Harris II OF Jakob Marsee OF Josh Lowe P Chris Sale P Jake Bennett SS Otto Lopez,,,
2091,5211780339,Anthonykorobellis (7/20),0,92.9,1B Willson Contreras 2B Nick Sogard 3B Caleb Durbin C Connor Wong OF Ronald Acuna Jr. OF Mike Trout OF Wade Meckler P Chris Sale P Jake Bennett SS Andruw Monasterio,,,
2091,5211859582,cj26bell,0,92.9,1B Nick Sogard 2B Ozzie Albies 3B Caleb Durbin C Drake Baldwin OF Mike Trout OF Ceddanne Rafaela OF Jakob Marsee P Chris Sale P Jake Bennett SS Andruw Monasterio,,,
2091,5211866474,az350z (18/20),0,92.9,1B Kyle Stowers 2B Xavier Edwards 3B Caleb Durbin C Moises Ballesteros OF Mike Trout OF Heriberto Hernandez OF Griffin Conine P Chris Sale P Jake Bennett SS Otto Lopez,,,
2091,5211937432,sportsfan14 (14/20),0,92.9,1B Kyle Stowers 2B Ozzie Albies 3B Caleb Durbin C Drake Baldwin OF Ronald Acuna Jr. OF Heriberto Hernandez OF Mike Yastrzemski P Chris Sale P Jake Bennett SS Mauricio Dubon,,,
2091,5211987163,DreamchaserJC (1/20),0,92.9,1B Willson Contreras 2B Xavier Edwards 3B Caleb Durbin C Connor Wong OF Mike Trout OF Ceddanne Rafaela OF Jakob Marsee P Chris Sale P Jake Bennett SS Andruw Monasterio,,,
2091,5212029873,markt35 (15/20),0,92.9,1B Matt Olson 2B Xavier Edwards 3B Javier Sanoja C Joe Mack OF Ronald Acuna Jr. OF Jakob Marsee OF Owen Caissie P Chris Sale P Jake Bennett SS Jim Jarvis,,,
2091,5212054109,wazzu24 (10/20),0,92.9,1B Kyle Stowers 2B Ozzie Albies 3B Javier Sanoja C Drake Baldwin OF Jakob Marsee OF Owen Caissie OF Jahmai Jones P Chris Sale P Jake Bennett SS Zach Neto,,,
2091,5212210414,eharig09 (1/20),0,92.9,1B Kyle Stowers 2B Ozzie Albies 3B Javier Sanoja C Joe Mack OF Heriberto Hernandez OF Griffin Conine OF Jahmai Jones P Chris Sale P Jake Bennett SS Mauricio Dubon,,,
2091,5212234022,Feces (2/5),0,92.9,1B Kyle Stowers 2B Xavier Edwards 3B Caleb Durbin C Joe Mack OF Ronald Acuna Jr. OF Ceddanne Rafaela OF Michael Harris II P Chris Sale P Jake Bennett SS Andruw Monasterio,,,
2091,5212252017,jeffylube (5/20),0,92.9,1B Paul Goldschmidt 2B Ozzie Albies 3B Caleb Durbin C Drake Baldwin OF Ronald Acuna Jr. OF Michael Harris II OF Henry Bolte P Chris Sale P Jake Bennett SS Jose Caballero,,,
2104,5212116419,ethpix,0,92.75,1B Willson Contreras 2B Xavier Edwards 3B Jose Caballero C Joe Mack OF Ceddanne Rafaela OF Trent Grisham OF Owen Caissie P Gerrit Cole P Jake Bennett SS Andruw Monasterio,,,
2105,5212013394,zandwich (15/20),0,92.649994,1B Willson Contreras 2B Nick Sogard 3B Max Muncy C Connor Wong OF Ceddanne Rafaela OF Jarren Duran OF Heriberto Hernandez P Chris Sale P Sandy Alcantara SS Otto Lopez,,,
2105,5212076716,TTAVERN11,0,92.649994,1B Matt Olson 2B Xavier Edwards 3B Austin Riley C Brian Serven OF Wilyer Abreu OF Ceddanne Rafaela OF Jarren Duran P Chris Sale P Sandy Alcantara SS Andruw Monasterio,,,
2105,5212102169,jabberjaww (17/20),0,92.649994,1B Matt Olson 2B Ozzie Albies 3B Tommy White C Brian Serven OF Ronald Acuna Jr. OF Ceddanne Rafaela OF Michael Harris II P Chris Sale P Sandy Alcantara SS Mauricio Dubon,,,
2108,5212063391,ajmack01,0,92.5,1B Kyle Stowers 2B Vaughn Grissom 3B Austin Riley C Drake Baldwin OF Ceddanne Rafaela OF Jarren Duran OF Mauricio Dubon P Gerrit Cole P Sandy Alcantara SS Andruw Monasterio,,,
2109,5211736376,jmason247 (6/20),0,92.45,1B Willson Contreras 2B Vaughn Grissom 3B Caleb Durbin C Moises Ballesteros OF Mike Trout OF Wade Meckler OF Josh Lowe P Chris Sale P Gerrit Cole SS Otto Lopez,,,
2109,5211804401,AverageTuesday (3/20),0,92.45,1B Kyle Stowers 2B Nick Sogard 3B Max Muncy C Connor Wong OF Ceddanne Rafaela OF Jarren Duran OF Henry Bolte P Chris Sale P Gerrit Cole SS Andruw Monasterio,,,
2109,5211896874,UniversalFriend (16/20),0,92.45,1B Nolan Schanuel 2B Vaughn Grissom 3B Denzer Guzman C Moises Ballesteros OF Heriberto Hernandez OF Jakob Marsee OF Josh Lowe P Chris Sale P Gerrit Cole SS Otto Lopez,,,
2109,5211937420,sportsfan14 (2/20),0,92.45,1B Nolan Schanuel 2B Vaughn Grissom 3B Denzer Guzman C Moises Ballesteros OF Heriberto Hernandez OF Jakob Marsee OF Josh Lowe P Chris Sale P Gerrit Cole SS Otto Lopez,,,
2109,5211969100,uvajay (14/20),0,92.45,1B Willson Contreras 2B Nick Sogard 3B Caleb Durbin C Tyler Heineman OF Mike Trout OF Jarren Duran OF Wade Meckler P Chris Sale P Gerrit Cole SS Zach Neto,,,
2109,5212111027,SpeedRacer101 (1/20),0,92.45,1B Kyle Stowers 2B Vaughn Grissom 3B Denzer Guzman C Moises Ballesteros OF Jakob Marsee OF Griffin Conine OF Josh Lowe P Chris Sale P Gerrit Cole SS Otto Lopez,,,
2109,5212121425,Chadg20 (5/20),0,92.45,1B Ben Rice 2B Vaughn Grissom 3B Denzer Guzman C Jonah Heim OF Mike Trout OF Wade Meckler OF Josh Lowe P Chris Sale P Gerrit Cole SS Mauricio Dubon,,,
2109,5212132488,Toney367 (15/20),0,92.45,1B Nolan Schanuel 2B Vaughn Grissom 3B Denzer Guzman C Jonah Heim OF Mike Trout OF Henry Bolte OF Lawrence Butler P Chris Sale P Gerrit Cole SS Zach Neto,,,
2109,5212252032,jeffylube (20/20),0,92.45,1B Paul Goldschmidt 2B Vaughn Grissom 3B Jose Caballero C Jonah Heim OF Mike Trout OF Henry Bolte OF Wade Meckler P Chris Sale P Gerrit Cole SS Zach Neto,,,
2118,5211736390,jmason247 (20/20),0,92.399994,1B Willson Contreras 2B Alika Williams 3B Tommy White C Brian Serven OF Ronald Acuna Jr. OF Ceddanne Rafaela OF Henry Bolte P Walbert Urena P Sandy Alcantara SS Jacob Wilson,,,
2119,5211811859,Wanna_Square_Up1567 (20/20),0,92.35,1B Willson Contreras 2B Nick Sogard 3B Tommy White C Drake Baldwin OF Tyler Soderstrom OF Jarren Duran OF Jahmai Jones P Chris Sale P Walbert Urena SS Andruw Monasterio,,,
2119,5212022884,jnwallen (2/20),0,92.35,1B Matt Olson 2B Ozzie Albies 3B Caleb Durbin C Drake Baldwin OF Ronald Acuna Jr. OF Eli White OF Jahmai Jones P Chris Sale P Walbert Urena SS Andruw Monasterio,,,
2119,5212026000,rschindler14 (6/20),0,92.35,1B Willson Contreras 2B Nick Sogard 3B Caleb Durbin C Drake Baldwin OF Ronald Acuna Jr. OF Eli White OF Jahmai Jones P Chris Sale P Walbert Urena SS Zach Neto,,,
2119,5212242015,Liamhunt31 (2/2),0,92.35,1B Matt Olson 2B Ozzie Albies 3B Tommy White C Drake Baldwin OF Ronald Acuna Jr. OF Michael Harris II OF Jahmai Jones P Chris Sale P Walbert Urena SS George Lombard Jr.,,,
2123,5212096799,Tobydean58,0,92.2,1B Nolan Schanuel 2B Vaughn Grissom 3B Caleb Durbin C Jonah Heim OF Ronald Acuna Jr. OF Tyler Soderstrom OF Heliot Ramos P Gerrit Cole P Walbert Urena SS Andruw Monasterio,,,
2124,5211863193,whoisjohngalt420 (17/20),0,91.95,1B Matt Olson 2B Ozzie Albies 3B Amed Rosario C Drake Baldwin OF Ronald Acuna Jr. OF Trent Grisham OF Heliot Ramos P Sandy Alcantara P Jake Bennett SS George Lombard Jr.,,,
2124,5211895282,gawj,0,91.95,1B Willson Contreras 2B Vaughn Grissom 3B Caleb Durbin C Jonah Heim OF Mike Trout OF Ceddanne Rafaela OF Heriberto Hernandez P Sandy Alcantara P Jake Bennett SS Otto Lopez,,,
2124,5212045313,bmosley21 (7/20),0,91.95,1B Paul Goldschmidt 2B Ozzie Albies 3B Amed Rosario C Drake Baldwin OF Ronald Acuna Jr. OF Michael Harris II OF Mike Yastrzemski P Sandy Alcantara P Jake Bennett SS Jose Caballero,,,
2124,5212225508,rambito (20/20),0,91.95,1B Matt Olson 2B Ozzie Albies 3B Amed Rosario C Drake Baldwin OF Ronald Acuna Jr. OF Trent Grisham OF Heliot Ramos P Sandy Alcantara P Jake Bennett SS George Lombard Jr.,,,
2124,5212234025,Feces (5/5),0,91.95,1B Matt Olson 2B Ozzie Albies 3B Caleb Durbin C Drake Baldwin OF Ceddanne Rafaela OF Michael Harris II OF Griffin Conine P Sandy Alcantara P Jake Bennett SS Otto Lopez,,,
2124,5212246063,snajuice (20/20),0,91.95,1B Willson Contreras 2B Nick Sogard 3B Austin Riley C Drake Baldwin OF Ronald Acuna Jr. OF Ceddanne Rafaela OF Jarren Duran P Sandy Alcantara P Jake Bennett SS Andruw Monasterio,,,
2130,5211856997,Bitmeee (5/20),0,91.9,1B Kyle Stowers 2B Xavier Edwards 3B Austin Riley C Drake Baldwin OF Ronald Acuna Jr. OF Michael Harris II OF Henry Bolte P Chris Sale P Jake Bennett SS Mauricio Dubon,,,
2130,5212089467,mrclean913 (11/20),0,91.9,1B Kyle Stowers 2B Xavier Edwards 3B Vaughn Grissom C Drake Baldwin OF Ronald Acuna Jr. OF Griffin Conine OF Owen Caissie P Chris Sale P Jake Bennett SS Otto Lopez,,,
2130,5212116122,stock2mail (3/20),0,91.9,1B Kyle Stowers 2B Xavier Edwards 3B Austin Riley C Drake Baldwin OF Mike Trout OF Jakob Marsee OF Griffin Conine P Chris Sale P Jake Bennett SS Otto Lopez,,,
2130,5212166271,Satch65 (9/20),0,91.9,1B Willson Contreras 2B Nick Sogard 3B Caleb Durbin C Drake Baldwin OF Ceddanne Rafaela OF Michael Harris II OF Jakob Marsee P Chris Sale P Jake Bennett SS Andruw Monasterio,,,
2130,5212248832,wolven64,0,91.9,1B Matt Olson 2B Ozzie Albies 3B Caleb Durbin C Drake Baldwin OF Tyler Soderstrom OF Wade Meckler OF Mauricio Dubon P Chris Sale P Jake Bennett SS Andruw Monasterio,,,
2130,5212252065,KILLANADZ24 (6/20),0,91.9,1B Willson Contreras 2B Nick Sogard 3B Caleb Durbin C Drake Baldwin OF Ceddanne Rafaela OF Michael Harris II OF Henry Bolte P Chris Sale P Jake Bennett SS Andruw Monasterio,,,
2136,5212054110,wazzu24 (11/20),0,91.75,1B Willson Contreras 2B Nick Sogard 3B Amed Rosario C Connor Wong OF Ceddanne Rafaela OF Heliot Ramos OF Jahmai Jones P Gerrit Cole P Jake Bennett SS Jose Caballero,,,
2136,5212204555,mariobr1709 (9/20),0,91.75,1B Nolan Schanuel 2B Alika Williams 3B Denzer Guzman C Moises Ballesteros OF Tyler Soderstrom OF Lawrence Butler OF Wade Meckler P Walbert Urena P Gage Jump SS Jacob Wilson,,,
2138,5211759907,seiferidjosh80 (14/20),0,91.649994,1B Matt Olson 2B Alika Williams 3B Max Muncy C Drake Baldwin OF Jarren Duran OF Henry Bolte OF Eli White P Chris Sale P Sandy Alcantara SS Otto Lopez,,,
2139,5211914060,drunkonpappy (17/20),0,91.45,1B Willson Contreras 2B Xavier Edwards 3B Denzer Guzman C Moises Ballesteros OF Mike Trout OF Jakob Marsee OF Josh Lowe P Chris Sale P Gerrit Cole SS Zach Neto,,,
2140,5211724325,Discostupendously (1/10),0,91.399994,1B Paul Goldschmidt 2B Ozzie Albies 3B Austin Riley C Drake Baldwin OF Heliot Ramos OF Spencer Jones OF Henry Bolte P Walbert Urena P Sandy Alcantara SS Jose Caballero,,,
2141,5211879571,stevenhenry43211 (9/20),0,91.2,1B Ben Rice 2B Nick Sogard 3B Austin Riley C Drake Baldwin OF Trent Grisham OF Michael Harris II OF Henry Bolte P Gerrit Cole P Walbert Urena SS Jose Caballero,,,
2141,5212022892,jnwallen (10/20),0,91.2,1B Ben Rice 2B Alika Williams 3B Amed Rosario C Jonah Heim OF Tyler Soderstrom OF Trent Grisham OF Heliot Ramos P Gerrit Cole P Walbert Urena SS Jacob Wilson,,,
2141,5212103612,KelvinDubs (10/20),0,91.2,1B Willson Contreras 2B Nick Sogard 3B Caleb Durbin C Jonah Heim OF Tyler Soderstrom OF Heliot Ramos OF Jarren Duran P Gerrit Cole P Walbert Urena SS Andruw Monasterio,,,
2144,5211914045,drunkonpappy (2/20),0,91,1B Matt Olson 2B Ozzie Albies 3B Austin Riley C Drake Baldwin OF Ronald Acuna Jr. OF Henry Bolte OF Josh Lowe P Chris Sale P Gage Jump SS Zach Neto,,,
2144,5212121429,Chadg20 (9/20),0,91,1B Paul Goldschmidt 2B Ozzie Albies 3B Austin Riley C Drake Baldwin OF Ronald Acuna Jr. OF Michael Harris II OF Wade Meckler P Chris Sale P Gage Jump SS Zach Neto,,,
2146,5211987043,ballaholick713 (1/20),0,90.95,1B Willson Contreras 2B Nick Sogard 3B Austin Riley C Drake Baldwin OF Ronald Acuna Jr. OF Ceddanne Rafaela OF Michael Harris II P Sandy Alcantara P Jake Bennett SS Mauricio Dubon,,,
2146,5211987178,DreamchaserJC (16/20),0,90.95,1B Willson Contreras 2B Xavier Edwards 3B Caleb Durbin C Joe Mack OF Ceddanne Rafaela OF Heliot Ramos OF Jarren Duran P Sandy Alcantara P Jake Bennett SS Andruw Monasterio,,,
2146,5212100231,ToddyBeam,0,90.95,1B Matt Olson 2B Ozzie Albies 3B Caleb Durbin C Drake Baldwin OF Ronald Acuna Jr. OF Wilyer Abreu OF Eli White P Sandy Alcantara P Jake Bennett SS Andruw Monasterio,,,
2149,5211738096,Schoey17 (1/7),0,90.9,1B Willson Contreras 2B Nick Sogard 3B Caleb Durbin C Drake Baldwin OF Ronald Acuna Jr. OF Ceddanne Rafaela OF Josh Lowe P Chris Sale P Jake Bennett SS Andruw Monasterio,,,
2149,5211792415,Swishdakyng (5/20),0,90.9,1B Willson Contreras 2B Nick Sogard 3B Caleb Durbin C Drake Baldwin OF Ronald Acuna Jr. OF Jarren Duran OF Eli White P Chris Sale P Jake Bennett SS Jacob Wilson,,,
2149,5211835208,cachedinar (6/20),0,90.9,1B Willson Contreras 2B Nick Sogard 3B Caleb Durbin C Drake Baldwin OF Ronald Acuna Jr. OF Ceddanne Rafaela OF Josh Lowe P Chris Sale P Jake Bennett SS Andruw Monasterio,,,
2149,5211866463,az350z (7/20),0,90.9,1B Willson Contreras 2B Nick Sogard 3B Caleb Durbin C Drake Baldwin OF Ronald Acuna Jr. OF Michael Harris II OF Eli White P Chris Sale P Jake Bennett SS Andruw Monasterio,,,
2149,5211970921,jrevelle3 (1/20),0,90.9,1B Willson Contreras 2B Nick Sogard 3B Caleb Durbin C Drake Baldwin OF Ronald Acuna Jr. OF Michael Harris II OF Eli White P Chris Sale P Jake Bennett SS Andruw Monasterio,,,
2149,5212114514,kcroyalfan (1/4),0,90.9,1B Willson Contreras 2B Nick Sogard 3B Caleb Durbin C Drake Baldwin OF Ronald Acuna Jr. OF Ceddanne Rafaela OF Josh Lowe P Chris Sale P Jake Bennett SS Andruw Monasterio,,,
2149,5212151845,salatso22 (9/10),0,90.9,1B Willson Contreras 2B Nick Sogard 3B Caleb Durbin C Drake Baldwin OF Ronald Acuna Jr. OF Michael Harris II OF Eli White P Chris Sale P Jake Bennett SS Andruw Monasterio,,,
2149,5212157490,redsox34213,0,90.9,1B Willson Contreras 2B Nick Sogard 3B Caleb Durbin C Drake Baldwin OF Ronald Acuna Jr. OF Michael Harris II OF Eli White P Chris Sale P Jake Bennett SS Andruw Monasterio,,,
2149,5212163347,TheFH (1/20),0,90.9,1B Willson Contreras 2B Nick Sogard 3B Caleb Durbin C Drake Baldwin OF Ronald Acuna Jr. OF Michael Harris II OF Eli White P Chris Sale P Jake Bennett SS Andruw Monasterio,,,
2149,5212163707,TheFH (11/20),0,90.9,1B Matt Olson 2B Ozzie Albies 3B Caleb Durbin C Drake Baldwin OF Ceddanne Rafaela OF Jarren Duran OF Jahmai Jones P Chris Sale P Jake Bennett SS Andruw Monasterio,,,
2149,5212197585,Skralph (1/20),0,90.9,1B Matt Olson 2B Ozzie Albies 3B Caleb Durbin C Drake Baldwin OF Ronald Acuna Jr. OF Jakob Marsee OF Josh Lowe P Chris Sale P Jake Bennett SS Andruw Monasterio,,,
2149,5212210645,eharig09 (6/20),0,90.9,1B Matt Olson 2B Ozzie Albies 3B Austin Riley C Drake Baldwin OF Michael Harris II OF Griffin Conine OF Jahmai Jones P Chris Sale P Jake Bennett SS Otto Lopez,,,
2149,5212225500,rambito (12/20),0,90.9,1B Willson Contreras 2B Nick Sogard 3B Caleb Durbin C Drake Baldwin OF Ronald Acuna Jr. OF Michael Harris II OF Eli White P Chris Sale P Jake Bennett SS Andruw Monasterio,,,
2149,5212265369,waiverwirewizards,0,90.9,1B Kyle Stowers 2B Xavier Edwards 3B Denzer Guzman C Drake Baldwin OF Mike Trout OF Heriberto Hernandez OF Jakob Marsee P Chris Sale P Jake Bennett SS Otto Lopez,,,
2163,5212236954,Clippy (2/2),0,90.85,1B Willson Contreras 2B Xavier Edwards 3B Austin Riley C Drake Baldwin OF Michael Harris II OF Heliot Ramos OF Jarren Duran P Gerrit Cole P Gage Jump SS Zach Neto,,,
2164,5212156404,cw1tt (20/20),0,90.75,1B Ben Rice 2B Xavier Edwards 3B Denzer Guzman C Moises Ballesteros OF Mike Trout OF Trent Grisham OF Griffin Conine P Gerrit Cole P Jake Bennett SS Zach Neto,,,
2165,5211976318,tpyo (3/20),0,90.649994,1B Matt Olson 2B Vaughn Grissom 3B Tommy White C Drake Baldwin OF Ronald Acuna Jr. OF Michael Harris II OF Griffin Conine P Chris Sale P Sandy Alcantara SS Mauricio Dubon,,,
2165,5212002126,austin60915 (4/20),0,90.649994,1B Matt Olson 2B Ozzie Albies 3B Caleb Durbin C Drake Baldwin OF Ceddanne Rafaela OF Jarren Duran OF Eli White P Chris Sale P Sandy Alcantara SS Andruw Monasterio,,,
2165,5212143022,TonyCaponey (1/2),0,90.649994,1B Matt Olson 2B Jonathan Ornelas 3B Caleb Durbin C Jonah Heim OF Wilyer Abreu OF Ceddanne Rafaela OF Michael Harris II P Chris Sale P Sandy Alcantara SS Andruw Monasterio,,,
2165,5212151846,salatso22 (10/10),0,90.649994,1B Willson Contreras 2B Ozzie Albies 3B Austin Riley C Connor Wong OF Ronald Acuna Jr. OF Jarren Duran OF Eli White P Chris Sale P Sandy Alcantara SS Andruw Monasterio,,,
2165,5212179622,psb0122,0,90.649994,1B Paul Goldschmidt 2B Ozzie Albies 3B Caleb Durbin C Connor Wong OF Ronald Acuna Jr. OF Heliot Ramos OF Jarren Duran P Chris Sale P Sandy Alcantara SS Zach Neto,,,
2165,5212246051,snajuice (8/20),0,90.649994,1B Matt Olson 2B Ozzie Albies 3B Caleb Durbin C Drake Baldwin OF Ceddanne Rafaela OF Jarren Duran OF Eli White P Chris Sale P Sandy Alcantara SS Andruw Monasterio,,,
2171,5211835207,cachedinar (5/20),0,90.45,1B Nolan Schanuel 2B Xavier Edwards 3B Denzer Guzman C Joe Mack OF Mike Trout OF Heriberto Hernandez OF Wade Meckler P Chris Sale P Gerrit Cole SS Zach Neto,,,
2171,5211944506,justinmoser2,0,90.45,1B Nolan Schanuel 2B Anthony Seigler 3B Caleb Durbin C Moises Ballesteros OF Mike Trout OF Ceddanne Rafaela OF Wade Meckler P Chris Sale P Gerrit Cole SS Andruw Monasterio,,,
2171,5212111029,SpeedRacer101 (3/20),0,90.45,1B Nolan Schanuel 2B Vaughn Grissom 3B Denzer Guzman C Tyler Heineman OF Ceddanne Rafaela OF Eli White OF Jahmai Jones P Chris Sale P Gerrit Cole SS Zach Neto,,,
2171,5212112864,meyers2305 (10/20),0,90.45,1B Willson Contreras 2B Nick Sogard 3B Caleb Durbin C Connor Wong OF Mike Trout OF Heriberto Hernandez OF Eli White P Chris Sale P Gerrit Cole SS Zach Neto,,,
2171,5212242409,BigMart11 (12/20),0,90.45,1B Willson Contreras 2B Ozzie Albies 3B Caleb Durbin C Connor Wong OF Ceddanne Rafaela OF Jarren Duran OF Josh Lowe P Chris Sale P Gerrit Cole SS Jacob Wilson,,,
2176,5212103618,KelvinDubs (16/20),0,90.399994,1B Ben Rice 2B Ozzie Albies 3B Jose Caballero C Drake Baldwin OF Trent Grisham OF Michael Harris II OF Heliot Ramos P Walbert Urena P Sandy Alcantara SS George Lombard Jr.,,,
2176,5212183671,seth1374 (20/20),0,90.399994,1B Matt Olson 2B Ozzie Albies 3B Tommy White C Drake Baldwin OF Ronald Acuna Jr. OF Henry Bolte OF Mauricio Dubon P Walbert Urena P Sandy Alcantara SS Jacob Wilson,,,
2178,5211865505,SeanDre (6/20),0,90.35,1B Willson Contreras 2B Nick Sogard 3B Tommy White C Connor Wong OF Jarren Duran OF Lawrence Butler OF Jahmai Jones P Chris Sale P Walbert Urena SS Jacob Wilson,,,
2178,5212149179,RemoteLIES (19/20),0,90.35,1B Matt Olson 2B Ozzie Albies 3B Caleb Durbin C Connor Wong OF Ronald Acuna Jr. OF Ceddanne Rafaela OF Jahmai Jones P Chris Sale P Walbert Urena SS Andruw Monasterio,,,
2178,5212199220,dantheman78 (19/20),0,90.35,1B Willson Contreras 2B Ozzie Albies 3B Caleb Durbin C Drake Baldwin OF Ceddanne Rafaela OF Wade Meckler OF Jahmai Jones P Chris Sale P Walbert Urena SS Andruw Monasterio,,,
2181,5212008902,mack69 (7/20),0,90.3,1B Kyle Stowers 2B Xavier Edwards 3B Vaughn Grissom C Moises Ballesteros OF Mike Trout OF Josh Lowe OF Jahmai Jones P Jake Bennett P Gage Jump SS Zach Neto,,,
2182,5211879570,stevenhenry43211 (8/20),0,90.2,1B Willson Contreras 2B Nick Sogard 3B Austin Riley C Jonah Heim OF Ronald Acuna Jr. OF Tyler Soderstrom OF Jarren Duran P Gerrit Cole P Walbert Urena SS Mauricio Dubon,,,
2182,5211890611,jw1984 (16/20),0,90.2,1B Ben Rice 2B Alika Williams 3B Max Muncy C Brian Serven OF Tyler Soderstrom OF Jarren Duran OF Wade Meckler P Gerrit Cole P Walbert Urena SS Jacob Wilson,,,
2182,5211914047,drunkonpappy (4/20),0,90.2,1B Paul Goldschmidt 2B Nick Sogard 3B Jose Caballero C Connor Wong OF Heliot Ramos OF Jarren Duran OF Jahmai Jones P Gerrit Cole P Walbert Urena SS Andruw Monasterio,,,
2182,5211926201,pat_the_hat2 (19/20),0,90.2,1B Willson Contreras 2B Alika Williams 3B Caleb Durbin C Jonah Heim OF Ceddanne Rafaela OF Henry Bolte OF Eli White P Gerrit Cole P Walbert Urena SS Jacob Wilson,,,
2186,5211800183,rcarena (2/4),0,90,1B Matt Olson 2B Ozzie Albies 3B Max Muncy C Joe Mack OF Ronald Acuna Jr. OF Mike Trout OF Owen Caissie P Chris Sale P Gage Jump SS Otto Lopez,,,
2186,5211926296,mcafeend (20/20),0,90,1B Kyle Stowers 2B Xavier Edwards 3B Vaughn Grissom C Drake Baldwin OF Mike Trout OF Heriberto Hernandez OF Griffin Conine P Chris Sale P Gage Jump SS Zach Neto,,,
2186,5212123578,niquisition (4/20),0,90,1B Matt Olson 2B Ozzie Albies 3B Denzer Guzman C Drake Baldwin OF Ronald Acuna Jr. OF Mike Trout OF Wade Meckler P Chris Sale P Gage Jump SS Jim Jarvis,,,
2189,5211840968,Aoteoroa (2/6),0,89.95,1B Kyle Stowers 2B Ozzie Albies 3B Caleb Durbin C Drake Baldwin OF Ceddanne Rafaela OF Trent Grisham OF Michael Harris II P Sandy Alcantara P Jake Bennett SS Andruw Monasterio,,,
2189,5211840971,Aoteoroa (3/6),0,89.95,1B Kyle Stowers 2B Ozzie Albies 3B Caleb Durbin C Drake Baldwin OF Ceddanne Rafaela OF Trent Grisham OF Michael Harris II P Sandy Alcantara P Jake Bennett SS Andruw Monasterio,,,
2189,5211861776,REDNECKDUCK,0,89.95,1B Willson Contreras 2B Ozzie Albies 3B Caleb Durbin C Connor Wong OF Ronald Acuna Jr. OF Mike Trout OF Ceddanne Rafaela P Sandy Alcantara P Jake Bennett SS Jose Caballero,,,
2189,5211969097,uvajay (11/20),0,89.95,1B Paul Goldschmidt 2B Ozzie Albies 3B Amed Rosario C Drake Baldwin OF Ronald Acuna Jr. OF Heliot Ramos OF Heriberto Hernandez P Sandy Alcantara P Jake Bennett SS Otto Lopez,,,
2189,5212045312,bmosley21 (6/20),0,89.95,1B Matt Olson 2B Xavier Edwards 3B Austin Riley C Drake Baldwin OF Ronald Acuna Jr. OF Michael Harris II OF Heliot Ramos P Sandy Alcantara P Jake Bennett SS Jose Caballero,,,
2194,5211804399,AverageTuesday (1/20),0,89.9,1B Nolan Schanuel 2B Xavier Edwards 3B Caleb Durbin C Tyler Heineman OF Mike Trout OF Jakob Marsee OF Wade Meckler P Chris Sale P Jake Bennett SS Zach Neto,,,
2194,5211811849,Wanna_Square_Up1567 (10/20),0,89.9,1B Matt Olson 2B Ozzie Albies 3B Denzer Guzman C Drake Baldwin OF Ronald Acuna Jr. OF Ceddanne Rafaela OF Jahmai Jones P Chris Sale P Jake Bennett SS Mauricio Dubon,,,
2194,5211937438,sportsfan14 (20/20),0,89.9,1B Willson Contreras 2B Nick Sogard 3B Denzer Guzman C Drake Baldwin OF Jarren Duran OF Josh Lowe OF Jahmai Jones P Chris Sale P Jake Bennett SS Andruw Monasterio,,,
2194,5212029870,markt35 (12/20),0,89.9,1B Kyle Stowers 2B Xavier Edwards 3B Javier Sanoja C Moises Ballesteros OF Michael Harris II OF Jakob Marsee OF Josh Lowe P Chris Sale P Jake Bennett SS Otto Lopez,,,
2194,5212057919,texasfrog90 (1/2),0,89.9,1B Kyle Stowers 2B Xavier Edwards 3B Caleb Durbin C Drake Baldwin OF Ceddanne Rafaela OF Jarren Duran OF Griffin Conine P Chris Sale P Jake Bennett SS Otto Lopez,,,
2194,5212074263,chensley72 (1/4),0,89.9,1B Kyle Stowers 2B Nick Sogard 3B Caleb Durbin C Drake Baldwin OF Mike Trout OF Ceddanne Rafaela OF Henry Bolte P Chris Sale P Jake Bennett SS Andruw Monasterio,,,
2194,5212109686,funger31,0,89.9,1B Matt Olson 2B Nick Sogard 3B Caleb Durbin C Drake Baldwin OF Ronald Acuna Jr. OF Ceddanne Rafaela OF Wade Meckler P Chris Sale P Jake Bennett SS Mauricio Dubon,,,
2194,5212124884,Lawnguy8,0,89.9,1B Kyle Stowers 2B Xavier Edwards 3B Caleb Durbin C Drake Baldwin OF Ceddanne Rafaela OF Jarren Duran OF Griffin Conine P Chris Sale P Jake Bennett SS Otto Lopez,,,
2194,5212163383,lklk88088 (18/20),0,89.9,1B Matt Olson 2B Ozzie Albies 3B Caleb Durbin C Drake Baldwin OF Ronald Acuna Jr. OF Mike Yastrzemski OF Eli White P Chris Sale P Jake Bennett SS Andruw Monasterio,,,
2194,5212204550,mariobr1709 (4/20),0,89.9,1B Willson Contreras 2B Ozzie Albies 3B Austin Riley C Connor Wong OF Ronald Acuna Jr. OF Ceddanne Rafaela OF Jahmai Jones P Chris Sale P Jake Bennett SS Mauricio Dubon,,,
2194,5212246052,snajuice (9/20),0,89.9,1B Willson Contreras 2B Ozzie Albies 3B Austin Riley C Drake Baldwin OF Ronald Acuna Jr. OF Jarren Duran OF Jahmai Jones P Chris Sale P Jake Bennett SS Mauricio Dubon,,,
2205,5211879577,stevenhenry43211 (15/20),0,89.75,1B Kyle Stowers 2B Vaughn Grissom 3B Caleb Durbin C Moises Ballesteros OF Mike Trout OF Tyler Soderstrom OF Michael Harris II P Gerrit Cole P Jake Bennett SS Otto Lopez,,,
2205,5211987176,DreamchaserJC (14/20),0,89.75,1B Willson Contreras 2B Xavier Edwards 3B Caleb Durbin C Connor Wong OF Mike Trout OF Ceddanne Rafaela OF Heliot Ramos P Gerrit Cole P Jake Bennett SS Andruw Monasterio,,,
2205,5212029868,markt35 (10/20),0,89.75,1B Kyle Stowers 2B Xavier Edwards 3B Vaughn Grissom C Moises Ballesteros OF Heriberto Hernandez OF Griffin Conine OF Josh Lowe P Gerrit Cole P Jake Bennett SS Otto Lopez,,,
2205,5212204554,mariobr1709 (8/20),0,89.75,1B Ben Rice 2B Nick Sogard 3B Amed Rosario C Connor Wong OF Ceddanne Rafaela OF Heliot Ramos OF Jarren Duran P Gerrit Cole P Jake Bennett SS George Lombard Jr.,,,
2209,5211890605,jw1984 (10/20),0,89.649994,1B Willson Contreras 2B Ozzie Albies 3B Austin Riley C Jonah Heim OF Ceddanne Rafaela OF Michael Harris II OF Eli White P Chris Sale P Sandy Alcantara SS Andruw Monasterio,,,
2209,5211895987,cowboys767 (10/20),0,89.649994,1B Kyle Stowers 2B Nick Sogard 3B Austin Riley C Drake Baldwin OF Ceddanne Rafaela OF Jarren Duran OF Eli White P Chris Sale P Sandy Alcantara SS Andruw Monasterio,,,
2209,5211945733,aquafinatim (15/20),0,89.649994,1B Willson Contreras 2B Ozzie Albies 3B Austin Riley C Drake Baldwin OF Ceddanne Rafaela OF Jarren Duran OF Mike Yastrzemski P Chris Sale P Sandy Alcantara SS Mauricio Dubon,,,
2209,5211990736,KristianFTM (18/20),0,89.649994,1B Matt Olson 2B Ozzie Albies 3B Caleb Durbin C Drake Baldwin OF Ceddanne Rafaela OF Michael Harris II OF Eli White P Chris Sale P Sandy Alcantara SS Mauricio Dubon,,,
2209,5212029859,markt35 (1/20),0,89.649994,1B Willson Contreras 2B Alika Williams 3B Austin Riley C Drake Baldwin OF Ronald Acuna Jr. OF Michael Harris II OF Jarren Duran P Chris Sale P Sandy Alcantara SS Jim Jarvis,,,
2209,5212248670,Blerud15 (5/20),0,89.649994,1B Willson Contreras 2B Ozzie Albies 3B Austin Riley C Drake Baldwin OF Michael Harris II OF Mauricio Dubon OF Eli White P Chris Sale P Sandy Alcantara SS Andruw Monasterio,,,
2215,5211716698,T41129130907 (1/20),0,89.45,1B Nolan Schanuel 2B Vaughn Grissom 3B Max Muncy C Brian Serven OF Mike Trout OF Tyler Soderstrom OF Lawrence Butler P Chris Sale P Gerrit Cole SS Zach Neto,,,
2215,5211856998,Bitmeee (6/20),0,89.45,1B Kyle Stowers 2B Xavier Edwards 3B Vaughn Grissom C Tyler Heineman OF Mike Trout OF Heriberto Hernandez OF Wade Meckler P Chris Sale P Gerrit Cole SS Zach Neto,,,
2215,5211928531,theoldyounging (2/2),0,89.45,1B Nolan Schanuel 2B Vaughn Grissom 3B Amed Rosario C Brian Serven OF Mike Trout OF Tyler Soderstrom OF Ceddanne Rafaela P Chris Sale P Gerrit Cole SS Andruw Monasterio,,,
2215,5211969096,uvajay (10/20),0,89.45,1B Willson Contreras 2B Xavier Edwards 3B Vaughn Grissom C Connor Wong OF Ceddanne Rafaela OF Jarren Duran OF Eli White P Chris Sale P Gerrit Cole SS Otto Lopez,,,
2215,5212199210,dantheman78 (9/20),0,89.45,1B Nolan Schanuel 2B Alika Williams 3B Vaughn Grissom C Jonah Heim OF Mike Trout OF Henry Bolte OF Wade Meckler P Chris Sale P Gerrit Cole SS Zach Neto,,,
2215,5212210657,eharig09 (18/20),0,89.45,1B Willson Contreras 2B Nick Sogard 3B Amed Rosario C Connor Wong OF Ceddanne Rafaela OF Michael Harris II OF Heriberto Hernandez P Chris Sale P Gerrit Cole SS Andruw Monasterio,,,
2221,5211804400,AverageTuesday (2/20),0,89.35,1B Willson Contreras 2B Alika Williams 3B Austin Riley C Drake Baldwin OF Tyler Soderstrom OF Henry Bolte OF Lawrence Butler P Chris Sale P Walbert Urena SS Jacob Wilson,,,
2221,5211969859,GoBillsGo47,0,89.35,1B Matt Olson 2B Ozzie Albies 3B Caleb Durbin C Jonah Heim OF Tyler Soderstrom OF Ceddanne Rafaela OF Mauricio Dubon P Chris Sale P Walbert Urena SS George Lombard Jr.,,,
2221,5212225492,rambito (4/20),0,89.35,1B Willson Contreras 2B Ozzie Albies 3B Caleb Durbin C Jonah Heim OF Ceddanne Rafaela OF Michael Harris II OF Jahmai Jones P Chris Sale P Walbert Urena SS Andruw Monasterio,,,
2224,5211896864,UniversalFriend (6/20),0,89.2,1B Willson Contreras 2B Nick Sogard 3B Caleb Durbin C Brian Serven OF Tyler Soderstrom OF Heliot Ramos OF Jarren Duran P Gerrit Cole P Walbert Urena SS Andruw Monasterio,,,
2224,5212022890,jnwallen (8/20),0,89.2,1B Ben Rice 2B Alika Williams 3B Amed Rosario C Brian Serven OF Tyler Soderstrom OF Trent Grisham OF Heliot Ramos P Gerrit Cole P Walbert Urena SS Jacob Wilson,,,
2224,5212022897,jnwallen (15/20),0,89.2,1B Nolan Schanuel 2B Alika Williams 3B Vaughn Grissom C Jonah Heim OF Mike Trout OF Tyler Soderstrom OF Henry Bolte P Gerrit Cole P Walbert Urena SS Jacob Wilson,,,
2224,5212022901,jnwallen (19/20),0,89.2,1B Nolan Schanuel 2B Nick Sogard 3B Caleb Durbin C Moises Ballesteros OF Mike Trout OF Ceddanne Rafaela OF Jahmai Jones P Gerrit Cole P Walbert Urena SS Zach Neto,,,
2224,5212070043,Aubsas,0,89.2,1B Ben Rice 2B Nick Sogard 3B Vaughn Grissom C Jonah Heim OF Ceddanne Rafaela OF Jarren Duran OF Henry Bolte P Gerrit Cole P Walbert Urena SS Andruw Monasterio,,,
2229,5212100463,csurunnerccr (15/20),0,89,1B Kyle Stowers 2B Vaughn Grissom 3B Denzer Guzman C Moises Ballesteros OF Heriberto Hernandez OF Griffin Conine OF Owen Caissie P Chris Sale P Gage Jump SS Otto Lopez,,,
2229,5212121434,Chadg20 (14/20),0,89,1B Matt Olson 2B Vaughn Grissom 3B Max Muncy C Drake Baldwin OF Ronald Acuna Jr. OF Mike Trout OF Mike Yastrzemski P Chris Sale P Gage Jump SS Mauricio Dubon,,,
2231,5211854689,integra6979,0,88.95,1B Willson Contreras 2B Ozzie Albies 3B Caleb Durbin C Drake Baldwin OF Ronald Acuna Jr. OF Ceddanne Rafaela OF Jarren Duran P Sandy Alcantara P Jake Bennett SS Jim Jarvis,,,
2231,5211920290,rod288 (17/20),0,88.95,1B Paul Goldschmidt 2B Ozzie Albies 3B Austin Riley C Drake Baldwin OF Ronald Acuna Jr. OF Michael Harris II OF Heliot Ramos P Sandy Alcantara P Jake Bennett SS Otto Lopez,,,
2231,5212045311,bmosley21 (5/20),0,88.95,1B Matt Olson 2B Nick Sogard 3B Jose Caballero C Drake Baldwin OF Ronald Acuna Jr. OF Michael Harris II OF Heliot Ramos P Sandy Alcantara P Jake Bennett SS Mauricio Dubon,,,
2231,5212234021,Feces (1/5),0,88.95,1B Matt Olson 2B Ozzie Albies 3B Caleb Durbin C Drake Baldwin OF Ceddanne Rafaela OF Michael Harris II OF Owen Caissie P Sandy Alcantara P Jake Bennett SS Otto Lopez,,,
2235,5211846855,Aoteoroa (4/6),0,88.9,1B Kyle Stowers 2B Xavier Edwards 3B Caleb Durbin C Connor Wong OF Ronald Acuna Jr. OF Mike Trout OF Jarren Duran P Chris Sale P Jake Bennett SS Andruw Monasterio,,,
2235,5211846859,Aoteoroa (5/6),0,88.9,1B Kyle Stowers 2B Xavier Edwards 3B Caleb Durbin C Connor Wong OF Ronald Acuna Jr. OF Mike Trout OF Jarren Duran P Chris Sale P Jake Bennett SS Andruw Monasterio,,,
2235,5211886686,TroyGilly91 (5/5),0,88.9,1B Willson Contreras 2B Xavier Edwards 3B Caleb Durbin C Drake Baldwin OF Ceddanne Rafaela OF Heriberto Hernandez OF Eli White P Chris Sale P Jake Bennett SS Andruw Monasterio,,,
2235,5211942990,bassguy39 (10/20),0,88.9,1B Willson Contreras 2B Vaughn Grissom 3B Caleb Durbin C Connor Wong OF Ronald Acuna Jr. OF Ceddanne Rafaela OF Jahmai Jones P Chris Sale P Jake Bennett SS Zach Neto,,,
2235,5212156399,cw1tt (15/20),0,88.9,1B Matt Olson 2B Ozzie Albies 3B Caleb Durbin C Drake Baldwin OF Mike Trout OF Michael Harris II OF Jahmai Jones P Chris Sale P Jake Bennett SS Mauricio Dubon,,,
2235,5212195324,cdt123 (11/11),0,88.9,1B Kyle Stowers 2B Ozzie Albies 3B Javier Sanoja C Joe Mack OF Ronald Acuna Jr. OF Ceddanne Rafaela OF Jakob Marsee P Chris Sale P Jake Bennett SS Otto Lopez,,,
2235,5212206069,jjimka66 (4/20),0,88.9,1B Willson Contreras 2B Nick Sogard 3B Caleb Durbin C Connor Wong OF Ronald Acuna Jr. OF Michael Harris II OF Jarren Duran P Chris Sale P Jake Bennett SS Otto Lopez,,,
2235,5212210655,eharig09 (16/20),0,88.9,1B Matt Olson 2B Ozzie Albies 3B Austin Riley C Joe Mack OF Ronald Acuna Jr. OF Heriberto Hernandez OF Jahmai Jones P Chris Sale P Jake Bennett SS Jim Jarvis,,,
2235,5212225032,bassmastadee (5/5),0,88.9,1B Kyle Stowers 2B Xavier Edwards 3B Caleb Durbin C Drake Baldwin OF Ceddanne Rafaela OF Michael Harris II OF Heriberto Hernandez P Chris Sale P Jake Bennett SS Andruw Monasterio,,,
2235,5212246053,snajuice (10/20),0,88.9,1B Willson Contreras 2B Nick Sogard 3B Caleb Durbin C Jonah Heim OF Ronald Acuna Jr. OF Ceddanne Rafaela OF Jarren Duran P Chris Sale P Jake Bennett SS Mauricio Dubon,,,
2245,5212141219,ac919 (19/20),0,88.85,1B Paul Goldschmidt 2B Ozzie Albies 3B Amed Rosario C Moises Ballesteros OF Mike Trout OF Tyler Soderstrom OF Heliot Ramos P Gerrit Cole P Gage Jump SS Zach Neto,,,
2246,5211736389,jmason247 (19/20),0,88.75,1B Matt Olson 2B Ozzie Albies 3B Austin Riley C Drake Baldwin OF Ronald Acuna Jr. OF Henry Bolte OF Wade Meckler P Walbert Urena P Gage Jump SS Jacob Wilson,,,
2246,5212096260,Yasz15 (1/2),0,88.75,1B Willson Contreras 2B Vaughn Grissom 3B Caleb Durbin C Jonah Heim OF Mike Trout OF Ceddanne Rafaela OF Jarren Duran P Gerrit Cole P Jake Bennett SS George Lombard Jr.,,,
2246,5212234279,SIRNBT1 (1/4),0,88.75,1B Kyle Stowers 2B Xavier Edwards 3B Amed Rosario C Connor Wong OF Ronald Acuna Jr. OF Mike Trout OF Heliot Ramos P Gerrit Cole P Jake Bennett SS Otto Lopez,,,
2246,5212234469,SIRNBT1 (3/4),0,88.75,1B Kyle Stowers 2B Xavier Edwards 3B Amed Rosario C Connor Wong OF Ronald Acuna Jr. OF Mike Trout OF Heliot Ramos P Gerrit Cole P Jake Bennett SS Otto Lopez,,,
2250,5211893766,Gagenator51 (9/20),0,88.649994,1B Matt Olson 2B Ozzie Albies 3B Caleb Durbin C Connor Wong OF Ceddanne Rafaela OF Michael Harris II OF Jarren Duran P Chris Sale P Sandy Alcantara SS Andruw Monasterio,,,
2250,5211916582,smk5430 (12/20),0,88.649994,1B Matt Olson 2B Ozzie Albies 3B Austin Riley C Drake Baldwin OF Heliot Ramos OF Heriberto Hernandez OF Mauricio Dubon P Chris Sale P Sandy Alcantara SS Andruw Monasterio,,,
2250,5211952632,bbehnke20 (5/20),0,88.649994,1B Matt Olson 2B Ozzie Albies 3B Caleb Durbin C Connor Wong OF Ceddanne Rafaela OF Michael Harris II OF Jarren Duran P Chris Sale P Sandy Alcantara SS Andruw Monasterio,,,
2250,5212123592,niquisition (18/20),0,88.649994,1B Matt Olson 2B Ozzie Albies 3B Caleb Durbin C Connor Wong OF Ceddanne Rafaela OF Michael Harris II OF Jarren Duran P Chris Sale P Sandy Alcantara SS Andruw Monasterio,,,
2254,5211943643,brielly1972 (4/4),0,88.399994,1B Paul Goldschmidt 2B Ozzie Albies 3B Jose Caballero C Drake Baldwin OF Ronald Acuna Jr. OF Michael Harris II OF Heliot Ramos P Walbert Urena P Sandy Alcantara SS George Lombard Jr.,,,
2254,5211976327,tpyo (12/20),0,88.399994,1B Willson Contreras 2B Nick Sogard 3B Caleb Durbin C Drake Baldwin OF Ronald Acuna Jr. OF Heliot Ramos OF Jarren Duran P Walbert Urena P Sandy Alcantara SS Andruw Monasterio,,,
2254,5212022895,jnwallen (13/20),0,88.399994,1B Matt Olson 2B Ozzie Albies 3B Austin Riley C Brian Serven OF Ronald Acuna Jr. OF Michael Harris II OF Henry Bolte P Walbert Urena P Sandy Alcantara SS Jacob Wilson,,,
2257,5211754824,tbjones2121 (4/20),0,88.35,1B Willson Contreras 2B Vaughn Grissom 3B Caleb Durbin C Moises Ballesteros OF Ronald Acuna Jr. OF Ceddanne Rafaela OF Jahmai Jones P Chris Sale P Walbert Urena SS Andruw Monasterio,,,
2257,5211895986,cowboys767 (9/20),0,88.35,1B Willson Contreras 2B Vaughn Grissom 3B Caleb Durbin C Moises Ballesteros OF Ronald Acuna Jr. OF Ceddanne Rafaela OF Jahmai Jones P Chris Sale P Walbert Urena SS Andruw Monasterio,,,
2259,5212049888,spabhook,0,88.2,1B Willson Contreras 2B Xavier Edwards 3B Caleb Durbin C Moises Ballesteros OF Mike Trout OF Ceddanne Rafaela OF Heliot Ramos P Gerrit Cole P Walbert Urena SS George Lombard Jr.,,,
2260,5211842532,Gabe57 (11/20),0,87.95,1B Matt Olson 2B Ozzie Albies 3B Amed Rosario C Drake Baldwin OF Ronald Acuna Jr. OF Ceddanne Rafaela OF Heliot Ramos P Sandy Alcantara P Jake Bennett SS George Lombard Jr.,,,
2260,5211917277,LTskelter (8/20),0,87.95,1B Ben Rice 2B Ozzie Albies 3B Amed Rosario C Drake Baldwin OF Ronald Acuna Jr. OF Michael Harris II OF Heliot Ramos P Sandy Alcantara P Jake Bennett SS Mauricio Dubon,,,
2260,5211926326,thundrenterprises (6/20),0,87.95,1B Matt Olson 2B Ozzie Albies 3B Caleb Durbin C Connor Wong OF Ronald Acuna Jr. OF Jarren Duran OF Eli White P Sandy Alcantara P Jake Bennett SS Andruw Monasterio,,,
2260,5211945732,aquafinatim (14/20),0,87.95,1B Ben Rice 2B Ozzie Albies 3B Amed Rosario C Drake Baldwin OF Ronald Acuna Jr. OF Michael Harris II OF Heliot Ramos P Sandy Alcantara P Jake Bennett SS Mauricio Dubon,,,
2260,5212110501,JaserD (11/20),0,87.95,1B Ben Rice 2B Ozzie Albies 3B Amed Rosario C Drake Baldwin OF Ronald Acuna Jr. OF Michael Harris II OF Heliot Ramos P Sandy Alcantara P Jake Bennett SS Mauricio Dubon,,,
2260,5212145113,Paulith,0,87.95,1B Matt Olson 2B Ozzie Albies 3B Caleb Durbin C Drake Baldwin OF Ceddanne Rafaela OF Heliot Ramos OF Jarren Duran P Sandy Alcantara P Jake Bennett SS George Lombard Jr.,,,
2260,5212228549,don_al_corleone (7/7),0,87.95,1B Willson Contreras 2B Ozzie Albies 3B Caleb Durbin C Drake Baldwin OF Ceddanne Rafaela OF Jarren Duran OF Heriberto Hernandez P Sandy Alcantara P Jake Bennett SS Andruw Monasterio,,,
2260,5212243531,BuckeyeCity (12/20),0,87.95,1B Matt Olson 2B Ozzie Albies 3B Amed Rosario C Drake Baldwin OF Ronald Acuna Jr. OF Michael Harris II OF Heliot Ramos P Sandy Alcantara P Jake Bennett SS George Lombard Jr.,,,
2268,5211763697,spundin,0,87.9,1B Willson Contreras 2B Xavier Edwards 3B Caleb Durbin C Drake Baldwin OF Ceddanne Rafaela OF Jarren Duran OF Wade Meckler P Chris Sale P Jake Bennett SS Andruw Monasterio,,,
2268,5211872456,andymartin5586 (14/20),0,87.9,1B Willson Contreras 2B Ozzie Albies 3B Caleb Durbin C Drake Baldwin OF Ceddanne Rafaela OF Jarren Duran OF Jahmai Jones P Chris Sale P Jake Bennett SS Jim Jarvis,,,
2268,5212006181,LeftyE33 (1/5),0,87.9,1B Matt Olson 2B Nick Sogard 3B Caleb Durbin C Drake Baldwin OF Ronald Acuna Jr. OF Michael Harris II OF Eli White P Chris Sale P Jake Bennett SS Andruw Monasterio,,,
2268,5212009839,chrism0rgan (3/20),0,87.9,1B Willson Contreras 2B Xavier Edwards 3B Caleb Durbin C Drake Baldwin OF Ceddanne Rafaela OF Jarren Duran OF Griffin Conine P Chris Sale P Jake Bennett SS Andruw Monasterio,,,
2268,5212029871,markt35 (13/20),0,87.9,1B Kyle Stowers 2B Xavier Edwards 3B Vaughn Grissom C Moises Ballesteros OF Michael Harris II OF Jakob Marsee OF Javier Sanoja P Chris Sale P Jake Bennett SS Otto Lopez,,,
2268,5212045325,bmosley21 (19/20),0,87.9,1B Matt Olson 2B Nick Sogard 3B Denzer Guzman C Drake Baldwin OF Ronald Acuna Jr. OF Michael Harris II OF Mike Yastrzemski P Chris Sale P Jake Bennett SS Andruw Monasterio,,,
2268,5212059679,xtarheelsx (1/4),0,87.9,1B Matt Olson 2B Xavier Edwards 3B Caleb Durbin C Drake Baldwin OF Ceddanne Rafaela OF Michael Harris II OF Jakob Marsee P Chris Sale P Jake Bennett SS Jim Jarvis,,,
2268,5212156402,cw1tt (18/20),0,87.9,1B Willson Contreras 2B Vaughn Grissom 3B Caleb Durbin C Drake Baldwin OF Mike Trout OF Jarren Duran OF Jahmai Jones P Chris Sale P Jake Bennett SS Andruw Monasterio,,,
2268,5212166278,Satch65 (16/20),0,87.9,1B Matt Olson 2B Nick Sogard 3B Caleb Durbin C Drake Baldwin OF Ronald Acuna Jr. OF Ceddanne Rafaela OF Eli White P Chris Sale P Jake Bennett SS Andruw Monasterio,,,
2268,5212206073,jjimka66 (8/20),0,87.9,1B Willson Contreras 2B Ozzie Albies 3B Javier Sanoja C Joe Mack OF Ronald Acuna Jr. OF Heriberto Hernandez OF Griffin Conine P Chris Sale P Jake Bennett SS Otto Lopez,,,
2268,5212225502,rambito (14/20),0,87.9,1B Matt Olson 2B Nick Sogard 3B Caleb Durbin C Drake Baldwin OF Ronald Acuna Jr. OF Ceddanne Rafaela OF Eli White P Chris Sale P Jake Bennett SS Andruw Monasterio,,,
2268,5212244776,richyceee (1/2),0,87.9,1B Matt Olson 2B Nick Sogard 3B Caleb Durbin C Drake Baldwin OF Ronald Acuna Jr. OF Ceddanne Rafaela OF Eli White P Chris Sale P Jake Bennett SS Andruw Monasterio,,,
2268,5212244795,richyceee (2/2),0,87.9,1B Matt Olson 2B Nick Sogard 3B Caleb Durbin C Drake Baldwin OF Ronald Acuna Jr. OF Ceddanne Rafaela OF Eli White P Chris Sale P Jake Bennett SS Andruw Monasterio,,,
2268,5212251300,txsr123 (10/20),0,87.9,1B Willson Contreras 2B Xavier Edwards 3B Javier Sanoja C Connor Wong OF Ceddanne Rafaela OF Jakob Marsee OF Eli White P Chris Sale P Jake Bennett SS Andruw Monasterio,,,
2268,5212251301,txsr123 (11/20),0,87.9,1B Willson Contreras 2B Xavier Edwards 3B Javier Sanoja C Connor Wong OF Ceddanne Rafaela OF Jakob Marsee OF Eli White P Chris Sale P Jake Bennett SS Andruw Monasterio,,,
2268,5212251302,txsr123 (12/20),0,87.9,1B Willson Contreras 2B Xavier Edwards 3B Javier Sanoja C Connor Wong OF Ceddanne Rafaela OF Jakob Marsee OF Eli White P Chris Sale P Jake Bennett SS Andruw Monasterio,,,
2268,5212251303,txsr123 (13/20),0,87.9,1B Willson Contreras 2B Xavier Edwards 3B Javier Sanoja C Connor Wong OF Ceddanne Rafaela OF Jakob Marsee OF Eli White P Chris Sale P Jake Bennett SS Andruw Monasterio,,,
2268,5212251304,txsr123 (14/20),0,87.9,1B Willson Contreras 2B Xavier Edwards 3B Javier Sanoja C Connor Wong OF Ceddanne Rafaela OF Jakob Marsee OF Eli White P Chris Sale P Jake Bennett SS Andruw Monasterio,,,
2268,5212251305,txsr123 (15/20),0,87.9,1B Willson Contreras 2B Xavier Edwards 3B Javier Sanoja C Connor Wong OF Ceddanne Rafaela OF Jakob Marsee OF Eli White P Chris Sale P Jake Bennett SS Andruw Monasterio,,,
2268,5212251306,txsr123 (16/20),0,87.9,1B Willson Contreras 2B Xavier Edwards 3B Javier Sanoja C Connor Wong OF Ceddanne Rafaela OF Jakob Marsee OF Eli White P Chris Sale P Jake Bennett SS Andruw Monasterio,,,
2268,5212251307,txsr123 (17/20),0,87.9,1B Willson Contreras 2B Xavier Edwards 3B Javier Sanoja C Connor Wong OF Ceddanne Rafaela OF Jakob Marsee OF Eli White P Chris Sale P Jake Bennett SS Andruw Monasterio,,,
2268,5212251308,txsr123 (18/20),0,87.9,1B Willson Contreras 2B Xavier Edwards 3B Javier Sanoja C Connor Wong OF Ceddanne Rafaela OF Jakob Marsee OF Eli White P Chris Sale P Jake Bennett SS Andruw Monasterio,,,
2268,5212251309,txsr123 (19/20),0,87.9,1B Willson Contreras 2B Xavier Edwards 3B Javier Sanoja C Connor Wong OF Ceddanne Rafaela OF Jakob Marsee OF Eli White P Chris Sale P Jake Bennett SS Andruw Monasterio,,,
2268,5212251310,txsr123 (20/20),0,87.9,1B Willson Contreras 2B Xavier Edwards 3B Javier Sanoja C Connor Wong OF Ceddanne Rafaela OF Jakob Marsee OF Eli White P Chris Sale P Jake Bennett SS Andruw Monasterio,,,
2292,5211896875,UniversalFriend (17/20),0,87.75,1B Paul Goldschmidt 2B Nick Sogard 3B Caleb Durbin C Austin Wells OF Ceddanne Rafaela OF Jarren Duran OF Eli White P Gerrit Cole P Jake Bennett SS Zach Neto,,,
2293,5211969101,uvajay (15/20),0,87.65,1B Paul Goldschmidt 2B Ozzie Albies 3B Caleb Durbin C Drake Baldwin OF Ronald Acuna Jr. OF Ceddanne Rafaela OF Jahmai Jones P Walbert Urena P Jake Bennett SS Andruw Monasterio,,,
2293,5211976323,tpyo (8/20),0,87.649994,1B Matt Olson 2B Ozzie Albies 3B Denzer Guzman C Drake Baldwin OF Michael Harris II OF Heliot Ramos OF Mauricio Dubon P Chris Sale P Sandy Alcantara SS Otto Lopez,,,
2293,5212200410,goaliman12 (5/20),0,87.649994,1B Matt Olson 2B Ozzie Albies 3B Caleb Durbin C Drake Baldwin OF Ceddanne Rafaela OF Michael Harris II OF Eli White P Chris Sale P Sandy Alcantara SS Jim Jarvis,,,
2296,5211880902,jason0615 (1/4),0,87.45,1B Nick Sogard 2B Alika Williams 3B Caleb Durbin C Joe Mack OF Mike Trout OF Ceddanne Rafaela OF Jarren Duran P Chris Sale P Gerrit Cole SS Zach Neto,,,
2296,5211917276,LTskelter (7/20),0,87.45,1B Kyle Stowers 2B Xavier Edwards 3B Vaughn Grissom C Moises Ballesteros OF Mike Trout OF Griffin Conine OF Wade Meckler P Chris Sale P Gerrit Cole SS Zach Neto,,,
2296,5211990723,KristianFTM (5/20),0,87.45,1B Kyle Stowers 2B Xavier Edwards 3B Vaughn Grissom C Moises Ballesteros OF Mike Trout OF Griffin Conine OF Wade Meckler P Chris Sale P Gerrit Cole SS Zach Neto,,,
2296,5212116133,stock2mail (14/20),0,87.45,1B Kyle Stowers 2B Xavier Edwards 3B Vaughn Grissom C Moises Ballesteros OF Mike Trout OF Jakob Marsee OF Josh Lowe P Chris Sale P Gerrit Cole SS Zach Neto,,,
2296,5212141401,rlk3331,0,87.45,1B Nolan Schanuel 2B Vaughn Grissom 3B Caleb Durbin C Brian Serven OF Mike Trout OF Ceddanne Rafaela OF Heliot Ramos P Chris Sale P Gerrit Cole SS Andruw Monasterio,,,
2301,5212022888,jnwallen (6/20),0,87.399994,1B Matt Olson 2B Ozzie Albies 3B Max Muncy C Brian Serven OF Ronald Acuna Jr. OF Tyler Soderstrom OF Michael Harris II P Walbert Urena P Sandy Alcantara SS Jacob Wilson,,,
2301,5212112738,RunWired,0,87.399994,1B Willson Contreras 2B Ozzie Albies 3B Austin Riley C Drake Baldwin OF Mike Trout OF Michael Harris II OF Jahmai Jones P Walbert Urena P Sandy Alcantara SS Andruw Monasterio,,,
2303,5211916581,smk5430 (11/20),0,87.35,1B Willson Contreras 2B Nick Sogard 3B Caleb Durbin C Drake Baldwin OF Jarren Duran OF Henry Bolte OF Mike Yastrzemski P Chris Sale P Walbert Urena SS Andruw Monasterio,,,
2303,5212009995,kozy6813 (1/20),0,87.35,1B Willson Contreras 2B Ozzie Albies 3B Caleb Durbin C Drake Baldwin OF Jarren Duran OF Wade Meckler OF Jahmai Jones P Chris Sale P Walbert Urena SS Andruw Monasterio,,,
2305,5212008897,mack69 (2/20),0,87.3,1B Kyle Stowers 2B Xavier Edwards 3B Javier Sanoja C Joe Mack OF Ceddanne Rafaela OF Jakob Marsee OF Josh Lowe P Jake Bennett P Gage Jump SS Zach Neto,,,
2306,5212073827,meodette (3/20),0,87.2,1B Paul Goldschmidt 2B Xavier Edwards 3B Amed Rosario C Austin Wells OF Mike Trout OF Tyler Soderstrom OF Heliot Ramos P Gerrit Cole P Walbert Urena SS Jose Caballero,,,
2307,5211844713,Lucano,0,87,1B Nolan Schanuel 2B Ozzie Albies 3B Tommy White C Drake Baldwin OF Ronald Acuna Jr. OF Michael Harris II OF Jarren Duran P Chris Sale P Gage Jump SS Alika Williams,,,
2307,5211896863,UniversalFriend (5/20),0,87,1B Nolan Schanuel 2B Vaughn Grissom 3B Tommy White C Brian Serven OF Mike Trout OF Tyler Soderstrom OF Wade Meckler P Chris Sale P Gage Jump SS Zach Neto,,,
2307,5211969090,uvajay (4/20),0,87,1B Nolan Schanuel 2B Xavier Edwards 3B Vaughn Grissom C Drake Baldwin OF Mike Trout OF Michael Harris II OF Wade Meckler P Chris Sale P Gage Jump SS Zach Neto,,,
2307,5212248677,Blerud15 (12/20),0,87,1B Matt Olson 2B Ozzie Albies 3B Vaughn Grissom C Drake Baldwin OF Ronald Acuna Jr. OF Griffin Conine OF Josh Lowe P Chris Sale P Gage Jump SS Jim Jarvis,,,
2311,5211896866,UniversalFriend (8/20),0,86.95,1B Matt Olson 2B Ozzie Albies 3B Amed Rosario C Austin Wells OF Ronald Acuna Jr. OF Trent Grisham OF Heliot Ramos P Sandy Alcantara P Jake Bennett SS Jose Caballero,,,
2311,5212045310,bmosley21 (4/20),0,86.95,1B Matt Olson 2B Xavier Edwards 3B Amed Rosario C Drake Baldwin OF Ronald Acuna Jr. OF Michael Harris II OF Heliot Ramos P Sandy Alcantara P Jake Bennett SS Mauricio Dubon,,,
2311,5212138721,Dricou (2/10),0,86.95,1B Matt Olson 2B Xavier Edwards 3B Amed Rosario C Drake Baldwin OF Ronald Acuna Jr. OF Michael Harris II OF Heliot Ramos P Sandy Alcantara P Jake Bennett SS Mauricio Dubon,,,
2314,5211872460,andymartin5586 (18/20),0,86.9,1B Willson Contreras 2B Ozzie Albies 3B Caleb Durbin C Connor Wong OF Michael Harris II OF Jarren Duran OF Jahmai Jones P Chris Sale P Jake Bennett SS Mauricio Dubon,,,
2314,5211970940,jrevelle3 (20/20),0,86.9,1B Willson Contreras 2B Xavier Edwards 3B Denzer Guzman C Drake Baldwin OF Michael Harris II OF Heriberto Hernandez OF Griffin Conine P Chris Sale P Jake Bennett SS Otto Lopez,,,
2314,5211980690,rsumrall (10/20),0,86.9,1B Kyle Stowers 2B Nick Sogard 3B Vaughn Grissom C Connor Wong OF Ceddanne Rafaela OF Jarren Duran OF Jahmai Jones P Chris Sale P Jake Bennett SS Otto Lopez,,,
2314,5212081521,Awalker3081 (10/20),0,86.9,1B Kyle Stowers 2B Xavier Edwards 3B Javier Sanoja C Connor Wong OF Jarren Duran OF Jakob Marsee OF Eli White P Chris Sale P Jake Bennett SS Otto Lopez,,,
2314,5212103617,KelvinDubs (15/20),0,86.9,1B Willson Contreras 2B Nick Sogard 3B Austin Riley C Drake Baldwin OF Ronald Acuna Jr. OF Ceddanne Rafaela OF Mike Yastrzemski P Chris Sale P Jake Bennett SS Mauricio Dubon,,,
2314,5212141416,Jagman40,0,86.9,1B Matt Olson 2B Xavier Edwards 3B Caleb Durbin C Brian Serven OF Ronald Acuna Jr. OF Jarren Duran OF Wade Meckler P Chris Sale P Jake Bennett SS Zach Neto,,,
2314,5212195431,sprtwlf,0,86.9,1B Kyle Stowers 2B Nick Sogard 3B Caleb Durbin C Connor Wong OF Ronald Acuna Jr. OF Mike Trout OF Ceddanne Rafaela P Chris Sale P Jake Bennett SS Andruw Monasterio,,,
2314,5212252016,jeffylube (4/20),0,86.9,1B Paul Goldschmidt 2B Xavier Edwards 3B Caleb Durbin C Drake Baldwin OF Ronald Acuna Jr. OF Michael Harris II OF Josh Lowe P Chris Sale P Jake Bennett SS Zach Neto,,,
2322,5211792428,Swishdakyng (18/20),0,86.649994,1B Matt Olson 2B Alika Williams 3B Max Muncy C Drake Baldwin OF Ronald Acuna Jr. OF Ceddanne Rafaela OF Michael Harris II P Chris Sale P Sandy Alcantara SS Jim Jarvis,,,
2322,5211811847,Wanna_Square_Up1567 (8/20),0,86.649994,1B Matt Olson 2B Ozzie Albies 3B Max Muncy C Brian Serven OF Ronald Acuna Jr. OF Michael Harris II OF Jarren Duran P Chris Sale P Sandy Alcantara SS Mauricio Dubon,,,
2322,5211988156,slicksid27 (9/9),0,86.649994,1B Kyle Stowers 2B Ozzie Albies 3B Austin Riley C Moises Ballesteros OF Wilyer Abreu OF Michael Harris II OF Heriberto Hernandez P Chris Sale P Sandy Alcantara SS Otto Lopez,,,
2325,5211759913,seiferidjosh80 (20/20),0,86.45,1B Kyle Stowers 2B Vaughn Grissom 3B Max Muncy C Moises Ballesteros OF Mike Trout OF Henry Bolte OF Griffin Conine P Chris Sale P Gerrit Cole SS Andruw Monasterio,,,
2325,5211990719,KristianFTM (1/20),0,86.45,1B Nolan Schanuel 2B Vaughn Grissom 3B Tommy White C Jonah Heim OF Mike Trout OF Henry Bolte OF Wade Meckler P Chris Sale P Gerrit Cole SS Zach Neto,,,
2325,5212156385,cw1tt (1/20),0,86.45,1B Nolan Schanuel 2B Vaughn Grissom 3B Tommy White C Jonah Heim OF Mike Trout OF Henry Bolte OF Wade Meckler P Chris Sale P Gerrit Cole SS Zach Neto,,,
2328,5212064700,henry296 (18/20),0,86.35,1B Matt Olson 2B Nick Sogard 3B Caleb Durbin C Moises Ballesteros OF Ceddanne Rafaela OF Josh Lowe OF Jahmai Jones P Chris Sale P Walbert Urena SS Andruw Monasterio,,,
2328,5212123586,niquisition (12/20),0,86.35,1B Matt Olson 2B Ozzie Albies 3B Caleb Durbin C Connor Wong OF Ronald Acuna Jr. OF Michael Harris II OF Jahmai Jones P Chris Sale P Walbert Urena SS Mauricio Dubon,,,
2330,5211896569,WILDCATBALLERS (19/20),0,86.3,1B Kyle Stowers 2B Ozzie Albies 3B Javier Sanoja C Moises Ballesteros OF Mike Trout OF Heriberto Hernandez OF Griffin Conine P Jake Bennett P Gage Jump SS Otto Lopez,,,
2331,5211913516,ttillie (2/20),0,86.2,1B Willson Contreras 2B Nick Sogard 3B Jose Caballero C Jonah Heim OF Mike Trout OF Heliot Ramos OF Jahmai Jones P Gerrit Cole P Walbert Urena SS Zach Neto,,,
2331,5211917287,LTskelter (18/20),0,86.2,1B Ben Rice 2B Vaughn Grissom 3B Jose Caballero C Austin Wells OF Mike Trout OF Heliot Ramos OF Spencer Jones P Gerrit Cole P Walbert Urena SS Zach Neto,,,
2331,5212009998,kozy6813 (4/20),0,86.2,1B Paul Goldschmidt 2B Nick Sogard 3B Caleb Durbin C Austin Wells OF Mike Trout OF Jarren Duran OF Eli White P Gerrit Cole P Walbert Urena SS Andruw Monasterio,,,
2334,5211700000,Sammy.Boy (3/20),0,86,1B Matt Olson 2B Vaughn Grissom 3B Denzer Guzman C Drake Baldwin OF Ronald Acuna Jr. OF Michael Harris II OF Mike Yastrzemski P Chris Sale P Gage Jump SS Zach Neto,,,
2335,5211942994,bassguy39 (14/20),0,85.95,1B Paul Goldschmidt 2B Ozzie Albies 3B Jose Caballero C Drake Baldwin OF Ronald Acuna Jr. OF Michael Harris II OF Heliot Ramos P Sandy Alcantara P Jake Bennett SS Mauricio Dubon,,,
2335,5211979357,Recovering_Bears_Fan (1/3),0,85.95,1B Matt Olson 2B Xavier Edwards 3B Amed Rosario C Drake Baldwin OF Wilyer Abreu OF Tyler Soderstrom OF Heriberto Hernandez P Sandy Alcantara P Jake Bennett SS Zach Neto,,,
2337,5211736380,jmason247 (10/20),0,85.9,1B Willson Contreras 2B Nick Sogard 3B Caleb Durbin C Drake Baldwin OF Ceddanne Rafaela OF Jarren Duran OF Griffin Conine P Chris Sale P Jake Bennett SS Otto Lopez,,,
2337,5211890602,jw1984 (7/20),0,85.9,1B Matt Olson 2B Xavier Edwards 3B Denzer Guzman C Joe Mack OF Mike Trout OF Heriberto Hernandez OF Jakob Marsee P Chris Sale P Jake Bennett SS Otto Lopez,,,
2337,5211952635,bbehnke20 (8/20),0,85.9,1B Willson Contreras 2B Xavier Edwards 3B Javier Sanoja C Connor Wong OF Ronald Acuna Jr. OF Ceddanne Rafaela OF Jarren Duran P Chris Sale P Jake Bennett SS Andruw Monasterio,,,
2337,5212071618,Joemac58 (1/10),0,85.9,1B Matt Olson 2B Xavier Edwards 3B Austin Riley C Drake Baldwin OF Ronald Acuna Jr. OF Heriberto Hernandez OF Griffin Conine P Chris Sale P Jake Bennett SS Jim Jarvis,,,
2337,5212104123,TY54321 (15/20),0,85.9,1B Willson Contreras 2B Xavier Edwards 3B Caleb Durbin C Connor Wong OF Mike Trout OF Ceddanne Rafaela OF Heriberto Hernandez P Chris Sale P Jake Bennett SS Andruw Monasterio,,,
2337,5212134143,gokullect,0,85.9,1B Matt Olson 2B Nick Sogard 3B Caleb Durbin C Connor Wong OF Ronald Acuna Jr. OF Ceddanne Rafaela OF Michael Harris II P Chris Sale P Jake Bennett SS Andruw Monasterio,,,
2337,5212183659,seth1374 (8/20),0,85.9,1B Kyle Stowers 2B Xavier Edwards 3B Caleb Durbin C Joe Mack OF Ceddanne Rafaela OF Jarren Duran OF Heriberto Hernandez P Chris Sale P Jake Bennett SS Otto Lopez,,,
2337,5212183660,seth1374 (9/20),0,85.9,1B Kyle Stowers 2B Xavier Edwards 3B Austin Riley C Drake Baldwin OF Ronald Acuna Jr. OF Michael Harris II OF Griffin Conine P Chris Sale P Jake Bennett SS Mauricio Dubon,,,
2337,5212219528,jared2004 (2/3),0,85.9,1B Matt Olson 2B Nick Sogard 3B Caleb Durbin C Joe Mack OF Ronald Acuna Jr. OF Ceddanne Rafaela OF Michael Harris II P Chris Sale P Jake Bennett SS Andruw Monasterio,,,
2337,5212236612,SEANYCASH,0,85.9,1B Willson Contreras 2B Xavier Edwards 3B Caleb Durbin C Connor Wong OF Mike Trout OF Ceddanne Rafaela OF Heriberto Hernandez P Chris Sale P Jake Bennett SS Andruw Monasterio,,,
2337,5212242416,BigMart11 (19/20),0,85.9,1B Willson Contreras 2B Nick Sogard 3B Caleb Durbin C Drake Baldwin OF Ceddanne Rafaela OF Michael Harris II OF Wade Meckler P Chris Sale P Jake Bennett SS Andruw Monasterio,,,
2337,5212246055,snajuice (12/20),0,85.9,1B Willson Contreras 2B Ozzie Albies 3B Austin Riley C Drake Baldwin OF Ceddanne Rafaela OF Michael Harris II OF Jahmai Jones P Chris Sale P Jake Bennett SS Andruw Monasterio,,,
2349,5212124081,ballgame1881 (12/15),0,85.65,1B Willson Contreras 2B Ozzie Albies 3B Caleb Durbin C Drake Baldwin OF Ronald Acuna Jr. OF Ceddanne Rafaela OF Jahmai Jones P Walbert Urena P Jake Bennett SS Andruw Monasterio,,,
2349,5211835214,cachedinar (12/20),0,85.649994,1B Matt Olson 2B Ozzie Albies 3B Max Muncy C Connor Wong OF Ronald Acuna Jr. OF Michael Harris II OF Jarren Duran P Chris Sale P Sandy Alcantara SS Andruw Monasterio,,,
2349,5212254932,mkvly2004 (1/4),0,85.649994,1B Matt Olson 2B Vaughn Grissom 3B Max Muncy C Joe Mack OF Tyler Soderstrom OF Ceddanne Rafaela OF Jarren Duran P Chris Sale P Sandy Alcantara SS Otto Lopez,,,
2349,5212255930,mkvly2004 (2/4),0,85.649994,1B Matt Olson 2B Vaughn Grissom 3B Max Muncy C Joe Mack OF Tyler Soderstrom OF Ceddanne Rafaela OF Jarren Duran P Chris Sale P Sandy Alcantara SS Otto Lopez,,,
2349,5212255944,mkvly2004 (3/4),0,85.649994,1B Matt Olson 2B Vaughn Grissom 3B Max Muncy C Joe Mack OF Tyler Soderstrom OF Ceddanne Rafaela OF Jarren Duran P Chris Sale P Sandy Alcantara SS Otto Lopez,,,
2349,5212265355,mkvly2004 (4/4),0,85.649994,1B Matt Olson 2B Vaughn Grissom 3B Max Muncy C Joe Mack OF Tyler Soderstrom OF Ceddanne Rafaela OF Jarren Duran P Chris Sale P Sandy Alcantara SS Otto Lopez,,,
2355,5211886100,lacavirma,0,85.45,1B Nolan Schanuel 2B Vaughn Grissom 3B Caleb Durbin C Tyler Heineman OF Mike Trout OF Ceddanne Rafaela OF Jarren Duran P Chris Sale P Gerrit Cole SS Andruw Monasterio,,,
2355,5212140724,sinjinseven,0,85.45,1B Matt Olson 2B Jeff McNeil 3B Caleb Durbin C Agustin Ramirez OF Wilyer Abreu OF Ceddanne Rafaela OF Michael Harris II P Chris Sale P Gerrit Cole SS Mauricio Dubon,,,
2357,5212001405,mauka95 (2/3),0,85.399994,1B Matt Olson 2B Ozzie Albies 3B Max Muncy C Drake Baldwin OF Tyler Soderstrom OF Michael Harris II OF Henry Bolte P Walbert Urena P Sandy Alcantara SS Jacob Wilson,,,
2357,5212022891,jnwallen (9/20),0,85.399994,1B Matt Olson 2B Ozzie Albies 3B Max Muncy C Drake Baldwin OF Tyler Soderstrom OF Michael Harris II OF Henry Bolte P Walbert Urena P Sandy Alcantara SS Jacob Wilson,,,
2359,5211896878,UniversalFriend (20/20),0,85.35,1B Matt Olson 2B Ozzie Albies 3B Tommy White C Brian Serven OF Ronald Acuna Jr. OF Henry Bolte OF Lawrence Butler P Chris Sale P Walbert Urena SS Jacob Wilson,,,
2360,5211896564,WILDCATBALLERS (14/20),0,85.3,1B Kyle Stowers 2B Ozzie Albies 3B Javier Sanoja C Drake Baldwin OF Mike Trout OF Michael Harris II OF Griffin Conine P Jake Bennett P Gage Jump SS Otto Lopez,,,
2361,5211926331,thundrenterprises (11/20),0,85.2,1B Willson Contreras 2B Alika Williams 3B Caleb Durbin C Brian Serven OF Tyler Soderstrom OF Ceddanne Rafaela OF Heliot Ramos P Gerrit Cole P Walbert Urena SS Andruw Monasterio,,,
2361,5212100453,csurunnerccr (5/20),0,85.2,1B Ben Rice 2B Alika Williams 3B Max Muncy C Brian Serven OF Tyler Soderstrom OF Ceddanne Rafaela OF Heliot Ramos P Gerrit Cole P Walbert Urena SS Jacob Wilson,,,
2361,5212204552,mariobr1709 (6/20),0,85.2,1B Paul Goldschmidt 2B Vaughn Grissom 3B Jose Caballero C Austin Wells OF Mike Trout OF Spencer Jones OF Wade Meckler P Gerrit Cole P Walbert Urena SS Zach Neto,,,
2364,5212002136,austin60915 (14/20),0,85,1B Nolan Schanuel 2B Ozzie Albies 3B Vaughn Grissom C Drake Baldwin OF Ronald Acuna Jr. OF Michael Harris II OF Mauricio Dubon P Chris Sale P Gage Jump SS Zach Neto,,,
2364,5212138722,Dricou (3/10),0,85,1B Matt Olson 2B Ozzie Albies 3B Vaughn Grissom C Moises Ballesteros OF Ronald Acuna Jr. OF Michael Harris II OF Mike Yastrzemski P Chris Sale P Gage Jump SS Zach Neto,,,
2366,5211916577,smk5430 (7/20),0,84.9,1B Willson Contreras 2B Nick Sogard 3B Caleb Durbin C Tyler Heineman OF Mike Trout OF Ceddanne Rafaela OF Wade Meckler P Chris Sale P Jake Bennett SS Andruw Monasterio,,,
2366,5211942981,bassguy39 (1/20),0,84.9,1B Willson Contreras 2B Xavier Edwards 3B Caleb Durbin C Drake Baldwin OF Ceddanne Rafaela OF Michael Harris II OF Eli White P Chris Sale P Jake Bennett SS Andruw Monasterio,,,
2366,5211947127,JcClark18 (7/20),0,84.9,1B Willson Contreras 2B Xavier Edwards 3B Caleb Durbin C Drake Baldwin OF Ceddanne Rafaela OF Michael Harris II OF Eli White P Chris Sale P Jake Bennett SS Andruw Monasterio,,,
2366,5211976319,tpyo (4/20),0,84.9,1B Willson Contreras 2B Xavier Edwards 3B Caleb Durbin C Drake Baldwin OF Ceddanne Rafaela OF Michael Harris II OF Eli White P Chris Sale P Jake Bennett SS Andruw Monasterio,,,
2366,5212158750,kilbone (1/2),0,84.9,1B Matt Olson 2B Nick Sogard 3B Leo Jimenez C Drake Baldwin OF Ronald Acuna Jr. OF Ceddanne Rafaela OF Michael Harris II P Chris Sale P Jake Bennett SS George Lombard Jr.,,,
2366,5212158800,kilbone (2/2),0,84.9,1B Matt Olson 2B Nick Sogard 3B Leo Jimenez C Drake Baldwin OF Ronald Acuna Jr. OF Ceddanne Rafaela OF Michael Harris II P Chris Sale P Jake Bennett SS George Lombard Jr.,,,
2366,5212199213,dantheman78 (12/20),0,84.9,1B Matt Olson 2B Nick Sogard 3B Caleb Durbin C Drake Baldwin OF Ronald Acuna Jr. OF Jarren Duran OF Eli White P Chris Sale P Jake Bennett SS Andruw Monasterio,,,
2366,5212225029,bassmastadee (2/5),0,84.9,1B Willson Contreras 2B Xavier Edwards 3B Caleb Durbin C Drake Baldwin OF Ceddanne Rafaela OF Michael Harris II OF Eli White P Chris Sale P Jake Bennett SS Andruw Monasterio,,,
2374,5211865514,SeanDre (15/20),0,84.75,1B Kyle Stowers 2B Xavier Edwards 3B Amed Rosario C Tyler Heineman OF Trent Grisham OF Jakob Marsee OF Eli White P Gerrit Cole P Jake Bennett SS Zach Neto,,,
2374,5212191786,mister_eddie6 (1/3),0,84.75,1B Willson Contreras 2B Vaughn Grissom 3B Caleb Durbin C Connor Wong OF Mike Trout OF Jarren Duran OF Jahmai Jones P Gerrit Cole P Jake Bennett SS Zach Neto,,,
2374,5212234024,Feces (4/5),0,84.75,1B Nolan Schanuel 2B Ozzie Albies 3B Max Muncy C Drake Baldwin OF Ronald Acuna Jr. OF Mike Trout OF Tyler Soderstrom P Walbert Urena P Gage Jump SS Jacob Wilson,,,
2377,5211916585,smk5430 (15/20),0,84.649994,1B Matt Olson 2B Ozzie Albies 3B Austin Riley C Jonah Heim OF Michael Harris II OF Jarren Duran OF Heriberto Hernandez P Chris Sale P Sandy Alcantara SS Mauricio Dubon,,,
2377,5211976326,tpyo (11/20),0,84.649994,1B Matt Olson 2B Ozzie Albies 3B Tommy White C Drake Baldwin OF Michael Harris II OF Heliot Ramos OF Mauricio Dubon P Chris Sale P Sandy Alcantara SS Andruw Monasterio,,,
2377,5212049219,chrispy2005 (7/20),0,84.649994,1B Matt Olson 2B Ozzie Albies 3B Max Muncy C Connor Wong OF Ronald Acuna Jr. OF Ceddanne Rafaela OF Michael Harris II P Chris Sale P Sandy Alcantara SS Mauricio Dubon,,,
2377,5212077361,JRill (3/4),0,84.649994,1B Matt Olson 2B Nick Sogard 3B Austin Riley C Connor Wong OF Mike Trout OF Ceddanne Rafaela OF Jarren Duran P Chris Sale P Sandy Alcantara SS Andruw Monasterio,,,
2381,5211863180,whoisjohngalt420 (4/20),0,84.45,1B Willson Contreras 2B Vaughn Grissom 3B Caleb Durbin C Connor Wong OF Mike Trout OF Ceddanne Rafaela OF Josh Lowe P Chris Sale P Gerrit Cole SS Andruw Monasterio,,,
2381,5211945720,aquafinatim (2/20),0,84.45,1B Kyle Stowers 2B Xavier Edwards 3B Vaughn Grissom C Moises Ballesteros OF Mike Trout OF Griffin Conine OF Owen Caissie P Chris Sale P Gerrit Cole SS Zach Neto,,,
2381,5211945990,KenTasch,0,84.45,1B Nolan Schanuel 2B Xavier Edwards 3B Denzer Guzman C Joe Mack OF Mike Trout OF Heriberto Hernandez OF Josh Lowe P Chris Sale P Gerrit Cole SS Zach Neto,,,
2381,5212009844,chrism0rgan (8/20),0,84.45,1B Willson Contreras 2B Vaughn Grissom 3B Caleb Durbin C Connor Wong OF Tyler Soderstrom OF Jarren Duran OF Eli White P Chris Sale P Gerrit Cole SS Zach Neto,,,
2385,5211716702,T41129130907 (5/20),0,84.35,1B Willson Contreras 2B Nick Sogard 3B Tommy White C Brian Serven OF Ronald Acuna Jr. OF Ceddanne Rafaela OF Jahmai Jones P Chris Sale P Walbert Urena SS Zach Neto,,,
2385,5211724326,Discostupendously (2/10),0,84.35,1B Willson Contreras 2B Ozzie Albies 3B Caleb Durbin C Drake Baldwin OF Michael Harris II OF Eli White OF Jahmai Jones P Chris Sale P Walbert Urena SS Andruw Monasterio,,,
2385,5211947135,JcClark18 (15/20),0,84.35,1B Willson Contreras 2B Nick Sogard 3B Caleb Durbin C Jonah Heim OF Ceddanne Rafaela OF Jarren Duran OF Henry Bolte P Chris Sale P Walbert Urena SS Jacob Wilson,,,
2385,5212025566,BigBoh17,0,84.35,1B Matt Olson 2B Nick Sogard 3B Caleb Durbin C Connor Wong OF Ronald Acuna Jr. OF Ceddanne Rafaela OF Michael Harris II P Chris Sale P Walbert Urena SS George Lombard Jr.,,,
2389,5212104122,TY54321 (14/20),0,84,1B Nolan Schanuel 2B Vaughn Grissom 3B Austin Riley C Drake Baldwin OF Ronald Acuna Jr. OF Michael Harris II OF Wade Meckler P Chris Sale P Gage Jump SS Zach Neto,,,
2390,5211736382,jmason247 (12/20),0,83.9,1B Willson Contreras 2B Ozzie Albies 3B Austin Riley C Drake Baldwin OF Ronald Acuna Jr. OF Jakob Marsee OF Javier Sanoja P Chris Sale P Jake Bennett SS Jim Jarvis,,,
2390,5211777782,tonzoo (1/2),0,83.9,1B Kyle Stowers 2B Ozzie Albies 3B Caleb Durbin C Connor Wong OF Ronald Acuna Jr. OF Ceddanne Rafaela OF Heriberto Hernandez P Chris Sale P Jake Bennett SS Andruw Monasterio,,,
2390,5211893771,Gagenator51 (14/20),0,83.9,1B Nolan Schanuel 2B Xavier Edwards 3B Caleb Durbin C Drake Baldwin OF Mike Trout OF Ceddanne Rafaela OF Eli White P Chris Sale P Jake Bennett SS Andruw Monasterio,,,
2390,5212199221,dantheman78 (20/20),0,83.9,1B Willson Contreras 2B Nick Sogard 3B Caleb Durbin C Connor Wong OF Mike Trout OF Ceddanne Rafaela OF Heriberto Hernandez P Chris Sale P Jake Bennett SS Otto Lopez,,,
2390,5212210648,eharig09 (9/20),0,83.9,1B Kyle Stowers 2B Xavier Edwards 3B Austin Riley C Brian Serven OF Michael Harris II OF Mike Yastrzemski OF Owen Caissie P Chris Sale P Jake Bennett SS Mauricio Dubon,,,
2395,5211811856,Wanna_Square_Up1567 (17/20),0,83.75,1B Kyle Stowers 2B Xavier Edwards 3B Javier Sanoja C Joe Mack OF Heliot Ramos OF Jakob Marsee OF Josh Lowe P Gerrit Cole P Jake Bennett SS Zach Neto,,,
2395,5212141218,ac919 (18/20),0,83.75,1B Kyle Stowers 2B Xavier Edwards 3B Javier Sanoja C Moises Ballesteros OF Mike Trout OF Heliot Ramos OF Jakob Marsee P Gerrit Cole P Jake Bennett SS Zach Neto,,,
2397,5211759903,seiferidjosh80 (10/20),0,83.649994,1B Matt Olson 2B Alika Williams 3B Max Muncy C Joe Mack OF Ceddanne Rafaela OF Jarren Duran OF Griffin Conine P Chris Sale P Sandy Alcantara SS Otto Lopez,,,
2398,5211804408,AverageTuesday (10/20),0,83.45,1B Kyle Stowers 2B Xavier Edwards 3B Vaughn Grissom C Tyler Heineman OF Mike Trout OF Heriberto Hernandez OF Josh Lowe P Chris Sale P Gerrit Cole SS Zach Neto,,,
2398,5211915282,soonerbernie2002,0,83.45,1B Nick Sogard 2B Vaughn Grissom 3B Caleb Durbin C Joe Mack OF Mike Trout OF Ceddanne Rafaela OF Eli White P Chris Sale P Gerrit Cole SS Zach Neto,,,
2398,5212097691,exjarhead (1/2),0,83.45,1B Nolan Schanuel 2B Nick Sogard 3B Jose Caballero C Tyler Heineman OF Mike Trout OF Ceddanne Rafaela OF Michael Harris II P Chris Sale P Gerrit Cole SS Zach Neto,,,
2398,5212187090,Sportsss78,0,83.45,1B Paul Goldschmidt 2B Ozzie Albies 3B Max Muncy C Drake Baldwin OF Ceddanne Rafaela OF Michael Harris II OF Griffin Conine P Chris Sale P Gerrit Cole SS Jose Caballero,,,
2402,5212134897,hunchoharry,0,83.399994,1B Matt Olson 2B Nick Sogard 3B Caleb Durbin C Connor Wong OF Ronald Acuna Jr. OF Mike Trout OF Ceddanne Rafaela P Walbert Urena P Sandy Alcantara SS Mauricio Dubon,,,
2402,5212206080,jjimka66 (15/20),0,83.399994,1B Willson Contreras 2B Ozzie Albies 3B Caleb Durbin C Connor Wong OF Ronald Acuna Jr. OF Ceddanne Rafaela OF Michael Harris II P Walbert Urena P Sandy Alcantara SS Andruw Monasterio,,,
2404,5211738150,Schoey17 (3/7),0,83.35,1B Willson Contreras 2B Nick Sogard 3B Caleb Durbin C Jonah Heim OF Ronald Acuna Jr. OF Michael Harris II OF Eli White P Chris Sale P Walbert Urena SS Andruw Monasterio,,,
2404,5211916579,smk5430 (9/20),0,83.35,1B Willson Contreras 2B Nick Sogard 3B Caleb Durbin C Connor Wong OF Mike Trout OF Tyler Soderstrom OF Wade Meckler P Chris Sale P Walbert Urena SS Andruw Monasterio,,,
2404,5212013381,zandwich (2/20),0,83.35,1B Willson Contreras 2B Nick Sogard 3B Caleb Durbin C Jonah Heim OF Ronald Acuna Jr. OF Michael Harris II OF Eli White P Chris Sale P Walbert Urena SS Andruw Monasterio,,,
2404,5212132492,Toney367 (19/20),0,83.35,1B Paul Goldschmidt 2B Ozzie Albies 3B Austin Riley C Drake Baldwin OF Tyler Soderstrom OF Henry Bolte OF Mauricio Dubon P Chris Sale P Walbert Urena SS Jacob Wilson,,,
2408,5211752496,seiferidjosh80 (5/20),0,83.2,1B Nolan Schanuel 2B Vaughn Grissom 3B Caleb Durbin C Jonah Heim OF Mike Trout OF Ceddanne Rafaela OF Jahmai Jones P Gerrit Cole P Walbert Urena SS Zach Neto,,,
2408,5211770631,peltifreeze89 (17/20),0,83.2,1B Willson Contreras 2B Vaughn Grissom 3B Amed Rosario C Austin Wells OF Ceddanne Rafaela OF Trent Grisham OF Spencer Jones P Gerrit Cole P Walbert Urena SS Jose Caballero,,,
2410,5211746314,j-wolf05 (9/20),0,83,1B Nolan Schanuel 2B Vaughn Grissom 3B Tommy White C Drake Baldwin OF Ronald Acuna Jr. OF Mike Trout OF Wade Meckler P Chris Sale P Gage Jump SS Zach Neto,,,
2410,5211903541,cwthrow24 (8/20),0,83,1B Nolan Schanuel 2B Vaughn Grissom 3B Austin Riley C Drake Baldwin OF Ronald Acuna Jr. OF Michael Harris II OF Mauricio Dubon P Chris Sale P Gage Jump SS Zach Neto,,,
2412,5211851493,Hawkswin25,0,82.95,1B Nolan Schanuel 2B Ozzie Albies 3B Caleb Durbin C Connor Wong OF Ronald Acuna Jr. OF Mike Trout OF Ceddanne Rafaela P Sandy Alcantara P Jake Bennett SS Zach Neto,,,
2412,5212251992,cupju,0,82.95,1B Kyle Stowers 2B Ozzie Albies 3B Caleb Durbin C Drake Baldwin OF Wilyer Abreu OF Ceddanne Rafaela OF Michael Harris II P Sandy Alcantara P Jake Bennett SS Andruw Monasterio,,,
2414,5211417754,mikeslindy,0,82.9,1B Matt Olson 2B Nick Sogard 3B Caleb Durbin C Drake Baldwin OF Ceddanne Rafaela OF Michael Harris II OF Wade Meckler P Chris Sale P Jake Bennett SS Andruw Monasterio,,,
2414,5211900154,leighton32 (1/13),0,82.9,1B Willson Contreras 2B Ozzie Albies 3B Caleb Durbin C Drake Baldwin OF Ceddanne Rafaela OF Jakob Marsee OF Eli White P Chris Sale P Jake Bennett SS Andruw Monasterio,,,
2414,5211916576,smk5430 (6/20),0,82.9,1B Willson Contreras 2B Nick Sogard 3B Caleb Durbin C Connor Wong OF Ronald Acuna Jr. OF Ceddanne Rafaela OF Wade Meckler P Chris Sale P Jake Bennett SS Zach Neto,,,
2414,5212000962,MamaKay1122 (5/13),0,82.9,1B Matt Olson 2B Ozzie Albies 3B Austin Riley C Drake Baldwin OF Ceddanne Rafaela OF Michael Harris II OF Jahmai Jones P Chris Sale P Jake Bennett SS Andruw Monasterio,,,
2414,5212036981,TunaGuy,0,82.9,1B Paul Goldschmidt 2B Ozzie Albies 3B Caleb Durbin C Jonah Heim OF Ronald Acuna Jr. OF Ceddanne Rafaela OF Jarren Duran P Chris Sale P Jake Bennett SS Jose Caballero,,,
2414,5212103729,mikeso1o,0,82.9,1B Matt Olson 2B Ozzie Albies 3B Caleb Durbin C Moises Ballesteros OF Ronald Acuna Jr. OF Michael Harris II OF Griffin Conine P Chris Sale P Jake Bennett SS Andruw Monasterio,,,
2414,5212192609,vstar1300 (2/9),0,82.9,1B Matt Olson 2B Ozzie Albies 3B Austin Riley C Drake Baldwin OF Ceddanne Rafaela OF Michael Harris II OF Jahmai Jones P Chris Sale P Jake Bennett SS Andruw Monasterio,,,
2414,5212225503,rambito (15/20),0,82.9,1B Matt Olson 2B Nick Sogard 3B Caleb Durbin C Connor Wong OF Ronald Acuna Jr. OF Michael Harris II OF Jarren Duran P Chris Sale P Jake Bennett SS Andruw Monasterio,,,
2422,5211811843,Wanna_Square_Up1567 (4/20),0,82.75,1B Willson Contreras 2B Vaughn Grissom 3B Caleb Durbin C Tyler Heineman OF Mike Trout OF Jakob Marsee OF Wade Meckler P Gerrit Cole P Jake Bennett SS Zach Neto,,,
2422,5211937433,sportsfan14 (15/20),0,82.75,1B Kyle Stowers 2B Xavier Edwards 3B Javier Sanoja C Tyler Heineman OF Mike Trout OF Wade Meckler OF Josh Lowe P Gerrit Cole P Jake Bennett SS Zach Neto,,,
2422,5212225507,rambito (19/20),0,82.75,1B Willson Contreras 2B Vaughn Grissom 3B Caleb Durbin C Connor Wong OF Mike Trout OF Ceddanne Rafaela OF Wade Meckler P Gerrit Cole P Jake Bennett SS Otto Lopez,,,
2425,5212022887,jnwallen (5/20),0,82.65,1B Matt Olson 2B Ozzie Albies 3B Caleb Durbin C Drake Baldwin OF Ronald Acuna Jr. OF Ceddanne Rafaela OF Jahmai Jones P Walbert Urena P Jake Bennett SS Andruw Monasterio,,,
2425,5212104114,TY54321 (6/20),0,82.649994,1B Willson Contreras 2B Ozzie Albies 3B Austin Riley C Drake Baldwin OF Michael Harris II OF Jarren Duran OF Eli White P Chris Sale P Sandy Alcantara SS Andruw Monasterio,,,
2425,5212220951,don_al_corleone (2/7),0,82.649994,1B Willson Contreras 2B Ozzie Albies 3B Austin Riley C Drake Baldwin OF Ceddanne Rafaela OF Jarren Duran OF Eli White P Chris Sale P Sandy Alcantara SS Andruw Monasterio,,,
2428,5211759911,seiferidjosh80 (18/20),0,82.45,1B Nolan Schanuel 2B Vaughn Grissom 3B Denzer Guzman C Joe Mack OF Mike Trout OF Jarren Duran OF Henry Bolte P Chris Sale P Gerrit Cole SS Andruw Monasterio,,,
2428,5211759912,seiferidjosh80 (19/20),0,82.45,1B Nolan Schanuel 2B Vaughn Grissom 3B Max Muncy C Jonah Heim OF Mike Trout OF Wade Meckler OF Eli White P Chris Sale P Gerrit Cole SS Andruw Monasterio,,,
2428,5211879575,stevenhenry43211 (13/20),0,82.45,1B Matt Olson 2B Nick Sogard 3B Austin Riley C Moises Ballesteros OF Ceddanne Rafaela OF Michael Harris II OF Jarren Duran P Chris Sale P Gerrit Cole SS Andruw Monasterio,,,
2428,5211949791,newbie393,0,82.45,1B Kyle Stowers 2B Oswald Peraza 3B Caleb Durbin C Connor Wong OF Wilyer Abreu OF Ceddanne Rafaela OF Jarren Duran P Chris Sale P Gerrit Cole SS Otto Lopez,,,
2432,5211952637,bbehnke20 (10/20),0,82.399994,1B Matt Olson 2B Ozzie Albies 3B Caleb Durbin C Drake Baldwin OF Ronald Acuna Jr. OF Michael Harris II OF Eli White P Walbert Urena P Sandy Alcantara SS Andruw Monasterio,,,
2433,5212156392,cw1tt (8/20),0,82.35,1B Willson Contreras 2B Nick Sogard 3B Caleb Durbin C Drake Baldwin OF Ceddanne Rafaela OF Henry Bolte OF Eli White P Chris Sale P Walbert Urena SS Jacob Wilson,,,
2434,5211546782,ParlayKinng (1/2),0,82.3,1B Paul Goldschmidt 2B Ozzie Albies 3B Caleb Durbin C Moises Ballesteros OF Ronald Acuna Jr. OF Mike Trout OF Michael Harris II P Jake Bennett P Gage Jump SS Zach Neto,,,
2435,5211947130,JcClark18 (10/20),0,82.2,1B Ben Rice 2B Vaughn Grissom 3B Jose Caballero C Moises Ballesteros OF Mike Trout OF Spencer Jones OF Wade Meckler P Gerrit Cole P Walbert Urena SS Zach Neto,,,
2436,5212256333,lilmaryy (4/11),0,82,1B Nolan Schanuel 2B Vaughn Grissom 3B Austin Riley C Moises Ballesteros OF Ronald Acuna Jr. OF Mike Trout OF Michael Harris II P Chris Sale P Gage Jump SS Mauricio Dubon,,,
2437,5212045309,bmosley21 (3/20),0,81.95,1B Paul Goldschmidt 2B Ozzie Albies 3B Austin Riley C Drake Baldwin OF Ronald Acuna Jr. OF Michael Harris II OF Heliot Ramos P Sandy Alcantara P Jake Bennett SS Jose Caballero,,,
2438,5211734422,kreller17 (8/20),0,81.9,1B Matt Olson 2B Xavier Edwards 3B Javier Sanoja C Tyler Heineman OF Mike Trout OF Jakob Marsee OF Wade Meckler P Chris Sale P Jake Bennett SS Zach Neto,,,
2438,5211804402,AverageTuesday (4/20),0,81.9,1B Matt Olson 2B Vaughn Grissom 3B Austin Riley C Drake Baldwin OF Jakob Marsee OF Mike Yastrzemski OF Mauricio Dubon P Chris Sale P Jake Bennett SS Otto Lopez,,,
2438,5211830567,mattped23 (2/3),0,81.9,1B Willson Contreras 2B Ozzie Albies 3B Caleb Durbin C Connor Wong OF Mike Trout OF Ceddanne Rafaela OF Jahmai Jones P Chris Sale P Jake Bennett SS Zach Neto,,,
2438,5211937422,sportsfan14 (4/20),0,81.9,1B Willson Contreras 2B Ozzie Albies 3B Austin Riley C Drake Baldwin OF Jarren Duran OF Eli White OF Jahmai Jones P Chris Sale P Jake Bennett SS Andruw Monasterio,,,
2438,5211990761,mattNjess4677,0,81.9,1B Nick Sogard 2B Anthony Seigler 3B Caleb Durbin C Drake Baldwin OF Wilyer Abreu OF Ceddanne Rafaela OF Heriberto Hernandez P Chris Sale P Jake Bennett SS Otto Lopez,,,
2438,5212029874,markt35 (16/20),0,81.9,1B Kyle Stowers 2B Xavier Edwards 3B Austin Riley C Moises Ballesteros OF Mike Trout OF Heriberto Hernandez OF Griffin Conine P Chris Sale P Jake Bennett SS Otto Lopez,,,
2438,5212031790,slappey22 (5/7),0,81.9,1B Matt Olson 2B Ozzie Albies 3B Tommy White C Drake Baldwin OF Ronald Acuna Jr. OF Michael Harris II OF Owen Caissie P Chris Sale P Jake Bennett SS George Lombard Jr.,,,
2438,5212049222,chrispy2005 (10/20),0,81.9,1B Willson Contreras 2B Ozzie Albies 3B Caleb Durbin C Drake Baldwin OF Ceddanne Rafaela OF Mike Yastrzemski OF Eli White P Chris Sale P Jake Bennett SS Andruw Monasterio,,,
2438,5212089469,mrclean913 (13/20),0,81.9,1B Willson Contreras 2B Nick Sogard 3B Caleb Durbin C Drake Baldwin OF Mike Trout OF Jarren Duran OF Wade Meckler P Chris Sale P Jake Bennett SS Andruw Monasterio,,,
2438,5212209915,docholiday,0,81.9,1B Willson Contreras 2B Nick Sogard 3B Caleb Durbin C Connor Wong OF Ronald Acuna Jr. OF Mike Trout OF Ceddanne Rafaela P Chris Sale P Jake Bennett SS Jim Jarvis,,,
2438,5212220402,Erich00 (1/2),0,81.9,1B Willson Contreras 2B Nick Sogard 3B Caleb Durbin C Brian Serven OF Mike Trout OF Ceddanne Rafaela OF Michael Harris II P Chris Sale P Jake Bennett SS Andruw Monasterio,,,
2438,5212227065,Erich00 (2/2),0,81.9,1B Willson Contreras 2B Nick Sogard 3B Caleb Durbin C Brian Serven OF Mike Trout OF Ceddanne Rafaela OF Michael Harris II P Chris Sale P Jake Bennett SS Andruw Monasterio,,,
2450,5212026009,rschindler14 (15/20),0,81.85,1B Paul Goldschmidt 2B Vaughn Grissom 3B Amed Rosario C Moises Ballesteros OF Ronald Acuna Jr. OF Mike Trout OF Heliot Ramos P Gerrit Cole P Gage Jump SS Zach Neto,,,
2451,5211969089,uvajay (3/20),0,81.649994,1B Willson Contreras 2B Ozzie Albies 3B Austin Riley C Drake Baldwin OF Ceddanne Rafaela OF Michael Harris II OF Eli White P Chris Sale P Sandy Alcantara SS Mauricio Dubon,,,
2452,5211724333,Discostupendously (9/10),0,81.45,1B Nolan Schanuel 2B Vaughn Grissom 3B Caleb Durbin C Drake Baldwin OF Mike Trout OF Wade Meckler OF Eli White P Chris Sale P Gerrit Cole SS Zach Neto,,,
2452,5211970927,jrevelle3 (7/20),0,81.45,1B Willson Contreras 2B Nick Sogard 3B Denzer Guzman C Tyler Heineman OF Mike Trout OF Jarren Duran OF Wade Meckler P Chris Sale P Gerrit Cole SS Zach Neto,,,
2454,5211866469,az350z (13/20),0,81.35,1B Matt Olson 2B Alika Williams 3B Max Muncy C Drake Baldwin OF Ronald Acuna Jr. OF Henry Bolte OF Lawrence Butler P Chris Sale P Walbert Urena SS Jacob Wilson,,,
2454,5211879580,stevenhenry43211 (18/20),0,81.35,1B Ben Rice 2B Ozzie Albies 3B Austin Riley C Austin Wells OF Jarren Duran OF Heriberto Hernandez OF Spencer Jones P Chris Sale P Walbert Urena SS Zach Neto,,,
2454,5211879844,PetePeterson,0,81.35,1B Matt Olson 2B Xavier Edwards 3B Caleb Durbin C Joe Mack OF Tyler Soderstrom OF Ceddanne Rafaela OF Heriberto Hernandez P Chris Sale P Walbert Urena SS Mauricio Dubon,,,
2454,5211932139,stumpfest,0,81.35,1B Matt Olson 2B Nick Sogard 3B Caleb Durbin C Brian Serven OF Tyler Soderstrom OF Ceddanne Rafaela OF Michael Harris II P Chris Sale P Walbert Urena SS Andruw Monasterio,,,
2454,5211980698,rsumrall (18/20),0,81.35,1B Nolan Schanuel 2B Nick Sogard 3B Caleb Durbin C Brian Serven OF Ceddanne Rafaela OF Jarren Duran OF Jahmai Jones P Chris Sale P Walbert Urena SS Zach Neto,,,
2454,5212075729,mlief (7/20),0,81.35,1B Willson Contreras 2B Nick Sogard 3B Austin Riley C Brian Serven OF Ronald Acuna Jr. OF Michael Harris II OF Mike Yastrzemski P Chris Sale P Walbert Urena SS Andruw Monasterio,,,
2454,5212102158,jabberjaww (6/20),0,81.35,1B Willson Contreras 2B Nick Sogard 3B Caleb Durbin C Brian Serven OF Mike Trout OF Ceddanne Rafaela OF Henry Bolte P Chris Sale P Walbert Urena SS Andruw Monasterio,,,
2454,5212124084,ballgame1881 (15/15),0,81.35,1B Willson Contreras 2B Nick Sogard 3B Caleb Durbin C Connor Wong OF Ronald Acuna Jr. OF Ceddanne Rafaela OF Mike Yastrzemski P Chris Sale P Walbert Urena SS Jim Jarvis,,,
2462,5212075978,chensley72 (2/4),0,81.2,1B Willson Contreras 2B Xavier Edwards 3B Max Muncy C Connor Wong OF Mike Trout OF Ceddanne Rafaela OF Henry Bolte P Gerrit Cole P Walbert Urena SS Jacob Wilson,,,
2463,5211970933,jrevelle3 (13/20),0,81,1B Matt Olson 2B Vaughn Grissom 3B Austin Riley C Drake Baldwin OF Ronald Acuna Jr. OF Mike Trout OF Josh Lowe P Chris Sale P Gage Jump SS Mauricio Dubon,,,
2463,5212121439,Chadg20 (19/20),0,81,1B Paul Goldschmidt 2B Ozzie Albies 3B Austin Riley C Drake Baldwin OF Heliot Ramos OF Jarren Duran OF Griffin Conine P Chris Sale P Gage Jump SS Mauricio Dubon,,,
2465,5211866465,az350z (9/20),0,80.95,1B Matt Olson 2B Ozzie Albies 3B Amed Rosario C Drake Baldwin OF Ronald Acuna Jr. OF Trent Grisham OF Michael Harris II P Sandy Alcantara P Jake Bennett SS Jose Caballero,,,
2466,5211716705,T41129130907 (8/20),0,80.9,1B Kyle Stowers 2B Xavier Edwards 3B Vaughn Grissom C Moises Ballesteros OF Mike Trout OF Michael Harris II OF Jakob Marsee P Chris Sale P Jake Bennett SS Otto Lopez,,,
2466,5211784523,HughGRexshun,0,80.9,1B Matt Olson 2B Nick Sogard 3B Javier Sanoja C Joe Mack OF Ronald Acuna Jr. OF Ceddanne Rafaela OF Michael Harris II P Chris Sale P Jake Bennett SS Andruw Monasterio,,,
2466,5211937419,sportsfan14 (1/20),0,80.9,1B Kyle Stowers 2B Xavier Edwards 3B Javier Sanoja C Joe Mack OF Mike Trout OF Jakob Marsee OF Wade Meckler P Chris Sale P Jake Bennett SS Zach Neto,,,
2466,5212088765,ernescmillerjr.2,0,80.9,1B Kyle Stowers 2B Xavier Edwards 3B Caleb Durbin C Moises Ballesteros OF Mike Trout OF Ceddanne Rafaela OF Michael Harris II P Chris Sale P Jake Bennett SS Andruw Monasterio,,,
2466,5212124978,AMBUSH,0,80.9,1B Kyle Stowers 2B Xavier Edwards 3B Caleb Durbin C Connor Wong OF Mike Trout OF Ceddanne Rafaela OF Jarren Duran P Chris Sale P Jake Bennett SS Otto Lopez,,,
2466,5212142147,raiderras (1/2),0,80.9,1B Nolan Schanuel 2B Ozzie Albies 3B Austin Riley C Jonah Heim OF Ronald Acuna Jr. OF Ceddanne Rafaela OF Heriberto Hernandez P Chris Sale P Jake Bennett SS Andruw Monasterio,,,
2472,5212111030,SpeedRacer101 (4/20),0,80.75,1B Willson Contreras 2B Nick Sogard 3B Caleb Durbin C Connor Wong OF Ceddanne Rafaela OF Trent Grisham OF Josh Lowe P Gerrit Cole P Jake Bennett SS Zach Neto,,,
2473,5212123585,niquisition (11/20),0,80.65,1B Ben Rice 2B Nick Sogard 3B Caleb Durbin C Drake Baldwin OF Ceddanne Rafaela OF Trent Grisham OF Heliot Ramos P Walbert Urena P Jake Bennett SS George Lombard Jr.,,,
2474,5211716709,T41129130907 (12/20),0,80.45,1B Nolan Schanuel 2B Vaughn Grissom 3B Tommy White C Jonah Heim OF Mike Trout OF Griffin Conine OF Wade Meckler P Chris Sale P Gerrit Cole SS Zach Neto,,,
2474,5211759910,seiferidjosh80 (17/20),0,80.45,1B Nolan Schanuel 2B Vaughn Grissom 3B Denzer Guzman C Joe Mack OF Ceddanne Rafaela OF Jarren Duran OF Wade Meckler P Chris Sale P Gerrit Cole SS Otto Lopez,,,
2474,5212009841,chrism0rgan (5/20),0,80.45,1B Kyle Stowers 2B Nick Sogard 3B Vaughn Grissom C Connor Wong OF Mike Trout OF Ceddanne Rafaela OF Jarren Duran P Chris Sale P Gerrit Cole SS Andruw Monasterio,,,
2474,5212071623,Joemac58 (6/10),0,80.45,1B Willson Contreras 2B Vaughn Grissom 3B Denzer Guzman C Moises Ballesteros OF Mike Trout OF Heriberto Hernandez OF Josh Lowe P Chris Sale P Gerrit Cole SS Otto Lopez,,,
2474,5212252069,KILLANADZ24 (10/20),0,80.45,1B Nolan Schanuel 2B Nick Sogard 3B Vaughn Grissom C Drake Baldwin OF Mike Trout OF Wade Meckler OF Eli White P Chris Sale P Gerrit Cole SS Zach Neto,,,
2479,5211842530,Gabe57 (9/20),0,80.399994,1B Paul Goldschmidt 2B Ozzie Albies 3B Amed Rosario C Drake Baldwin OF Michael Harris II OF Heliot Ramos OF Mike Yastrzemski P Walbert Urena P Sandy Alcantara SS George Lombard Jr.,,,
2479,5211896560,WILDCATBALLERS (10/20),0,80.399994,1B Matt Olson 2B Nick Sogard 3B Max Muncy C Jonah Heim OF Jarren Duran OF Henry Bolte OF Eli White P Walbert Urena P Sandy Alcantara SS Jacob Wilson,,,
2479,5211976335,tpyo (20/20),0,80.399994,1B Willson Contreras 2B Vaughn Grissom 3B Caleb Durbin C Drake Baldwin OF Ronald Acuna Jr. OF Ceddanne Rafaela OF Eli White P Walbert Urena P Sandy Alcantara SS Andruw Monasterio,,,
2479,5212022900,jnwallen (18/20),0,80.399994,1B Matt Olson 2B Ozzie Albies 3B Amed Rosario C Drake Baldwin OF Ronald Acuna Jr. OF Trent Grisham OF Heliot Ramos P Walbert Urena P Sandy Alcantara SS George Lombard Jr.,,,
2483,5211916580,smk5430 (10/20),0,80.35,1B Nick Sogard 2B Ozzie Albies 3B Caleb Durbin C Connor Wong OF Mike Trout OF Tyler Soderstrom OF Ceddanne Rafaela P Chris Sale P Walbert Urena SS Andruw Monasterio,,,
2483,5211926183,pat_the_hat2 (1/20),0,80.35,1B Willson Contreras 2B Ozzie Albies 3B Austin Riley C Drake Baldwin OF Ceddanne Rafaela OF Mike Yastrzemski OF Jahmai Jones P Chris Sale P Walbert Urena SS Mauricio Dubon,,,
2483,5211926327,thundrenterprises (7/20),0,80.35,1B Willson Contreras 2B Nick Sogard 3B Max Muncy C Jonah Heim OF Michael Harris II OF Jarren Duran OF Jahmai Jones P Chris Sale P Walbert Urena SS Andruw Monasterio,,,
2483,5212002325,MamaKay1122 (13/13),0,80.35,1B Willson Contreras 2B Ozzie Albies 3B Caleb Durbin C Drake Baldwin OF Ceddanne Rafaela OF Eli White OF Jahmai Jones P Chris Sale P Walbert Urena SS Mauricio Dubon,,,
2483,5212100456,csurunnerccr (8/20),0,80.35,1B Willson Contreras 2B Ozzie Albies 3B Austin Riley C Drake Baldwin OF Mike Trout OF Henry Bolte OF Jahmai Jones P Chris Sale P Walbert Urena SS Mauricio Dubon,,,
2483,5212185050,cdt123 (4/11),0,80.35,1B Matt Olson 2B Alika Williams 3B Max Muncy C Jonah Heim OF Ronald Acuna Jr. OF Tyler Soderstrom OF Mauricio Dubon P Chris Sale P Walbert Urena SS Jacob Wilson,,,
2483,5212210658,eharig09 (19/20),0,80.35,1B Willson Contreras 2B Xavier Edwards 3B Caleb Durbin C Jonah Heim OF Ceddanne Rafaela OF Jarren Duran OF Griffin Conine P Chris Sale P Walbert Urena SS Andruw Monasterio,,,
2490,5211770627,peltifreeze89 (13/20),0,80.2,1B Willson Contreras 2B Ozzie Albies 3B Caleb Durbin C Connor Wong OF Mike Trout OF Eli White OF Jahmai Jones P Gerrit Cole P Walbert Urena SS Zach Neto,,,
2491,5211734428,kreller17 (14/20),0,80,1B Matt Olson 2B Ozzie Albies 3B Denzer Guzman C Tyler Heineman OF Ronald Acuna Jr. OF Mike Trout OF Michael Harris II P Chris Sale P Gage Jump SS Zach Neto,,,
2491,5211804413,AverageTuesday (15/20),0,80,1B Matt Olson 2B Vaughn Grissom 3B Denzer Guzman C Drake Baldwin OF Ronald Acuna Jr. OF Michael Harris II OF Mauricio Dubon P Chris Sale P Gage Jump SS Zach Neto,,,
2491,5211835209,cachedinar (7/20),0,80,1B Matt Olson 2B Ozzie Albies 3B Denzer Guzman C Drake Baldwin OF Ronald Acuna Jr. OF Michael Harris II OF Josh Lowe P Chris Sale P Gage Jump SS Zach Neto,,,
2491,5212163710,TheFH (14/20),0,80,1B Matt Olson 2B Ozzie Albies 3B Denzer Guzman C Drake Baldwin OF Ronald Acuna Jr. OF Michael Harris II OF Josh Lowe P Chris Sale P Gage Jump SS Zach Neto,,,
2491,5212243538,BuckeyeCity (19/20),0,80,1B Matt Olson 2B Ozzie Albies 3B Vaughn Grissom C Drake Baldwin OF Mike Trout OF Mike Yastrzemski OF Mauricio Dubon P Chris Sale P Gage Jump SS Zach Neto,,,
2496,5211655466,Cheesepuffs (2/6),0,79.95,1B Willson Contreras 2B Ozzie Albies 3B Caleb Durbin C Drake Baldwin OF Ceddanne Rafaela OF Michael Harris II OF Jarren Duran P Sandy Alcantara P Jake Bennett SS Mauricio Dubon,,,
2496,5212045315,bmosley21 (9/20),0,79.95,1B Matt Olson 2B Nick Sogard 3B Amed Rosario C Drake Baldwin OF Ronald Acuna Jr. OF Michael Harris II OF Heliot Ramos P Sandy Alcantara P Jake Bennett SS Jim Jarvis,,,
2496,5212197598,Skralph (14/20),0,79.95,1B Willson Contreras 2B Ozzie Albies 3B Max Muncy C Drake Baldwin OF Ronald Acuna Jr. OF Ceddanne Rafaela OF Michael Harris II P Sandy Alcantara P Jake Bennett SS Mauricio Dubon,,,
2499,5211893758,Gagenator51 (1/20),0,79.9,1B Willson Contreras 2B Nick Sogard 3B Austin Riley C Drake Baldwin OF Ronald Acuna Jr. OF Ceddanne Rafaela OF Eli White P Chris Sale P Jake Bennett SS Andruw Monasterio,,,
2499,5211916589,smk5430 (19/20),0,79.9,1B Nolan Schanuel 2B Nick Sogard 3B Austin Riley C Drake Baldwin OF Ronald Acuna Jr. OF Michael Harris II OF Mike Yastrzemski P Chris Sale P Jake Bennett SS Zach Neto,,,
2499,5211987164,DreamchaserJC (2/20),0,79.9,1B Willson Contreras 2B Xavier Edwards 3B Caleb Durbin C Connor Wong OF Ceddanne Rafaela OF Jarren Duran OF Jakob Marsee P Chris Sale P Jake Bennett SS Zach Neto,,,
2499,5212019509,shawk0680,0,79.9,1B Matt Olson 2B Nick Sogard 3B Caleb Durbin C Joe Mack OF Ronald Acuna Jr. OF Mike Trout OF Michael Harris II P Chris Sale P Jake Bennett SS Alika Williams,,,
2499,5212081525,Awalker3081 (14/20),0,79.9,1B Kyle Stowers 2B Xavier Edwards 3B Javier Sanoja C Connor Wong OF Jarren Duran OF Heriberto Hernandez OF Eli White P Chris Sale P Jake Bennett SS Otto Lopez,,,
2499,5212110497,JaserD (7/20),0,79.9,1B Willson Contreras 2B Nick Sogard 3B Austin Riley C Drake Baldwin OF Ronald Acuna Jr. OF Ceddanne Rafaela OF Eli White P Chris Sale P Jake Bennett SS Andruw Monasterio,,,
2499,5212163384,lklk88088 (19/20),0,79.9,1B Nolan Schanuel 2B Vaughn Grissom 3B Denzer Guzman C Drake Baldwin OF Ronald Acuna Jr. OF Mike Trout OF Jahmai Jones P Chris Sale P Jake Bennett SS Zach Neto,,,
2499,5212181269,SuperDavisms (1/2),0,79.9,1B Willson Contreras 2B Ozzie Albies 3B Caleb Durbin C Connor Wong OF Tyler Soderstrom OF Ceddanne Rafaela OF Heliot Ramos P Chris Sale P Jake Bennett SS Andruw Monasterio,,,
2499,5212242413,BigMart11 (16/20),0,79.9,1B Willson Contreras 2B Nick Sogard 3B Austin Riley C Drake Baldwin OF Ronald Acuna Jr. OF Ceddanne Rafaela OF Eli White P Chris Sale P Jake Bennett SS Andruw Monasterio,,,
2508,5212220953,don_al_corleone (4/7),0,79.649994,1B Matt Olson 2B Ozzie Albies 3B Austin Riley C Drake Baldwin OF Michael Harris II OF Jarren Duran OF Eli White P Chris Sale P Sandy Alcantara SS Andruw Monasterio,,,
2509,5212100465,csurunnerccr (17/20),0,79.45,1B Nolan Schanuel 2B Vaughn Grissom 3B Caleb Durbin C Connor Wong OF Ceddanne Rafaela OF Wade Meckler OF Eli White P Chris Sale P Gerrit Cole SS Zach Neto,,,
2509,5212102160,jabberjaww (8/20),0,79.45,1B Willson Contreras 2B Vaughn Grissom 3B Caleb Durbin C Connor Wong OF Ceddanne Rafaela OF Wade Meckler OF Eli White P Chris Sale P Gerrit Cole SS Zach Neto,,,
2509,5212183658,seth1374 (7/20),0,79.45,1B Willson Contreras 2B Vaughn Grissom 3B Denzer Guzman C Moises Ballesteros OF Mike Trout OF Ceddanne Rafaela OF Wade Meckler P Chris Sale P Gerrit Cole SS Andruw Monasterio,,,
2509,5212200416,goaliman12 (11/20),0,79.45,1B Willson Contreras 2B Vaughn Grissom 3B Caleb Durbin C Moises Ballesteros OF Ceddanne Rafaela OF Wade Meckler OF Josh Lowe P Chris Sale P Gerrit Cole SS Zach Neto,,,
2509,5212206082,jjimka66 (17/20),0,79.45,1B Willson Contreras 2B Vaughn Grissom 3B Denzer Guzman C Moises Ballesteros OF Mike Trout OF Ceddanne Rafaela OF Wade Meckler P Chris Sale P Gerrit Cole SS Andruw Monasterio,,,
2514,5211746324,j-wolf05 (19/20),0,79.35,1B Willson Contreras 2B Nick Sogard 3B Caleb Durbin C Drake Baldwin OF Michael Harris II OF Jarren Duran OF Jahmai Jones P Chris Sale P Walbert Urena SS Zach Neto,,,
2514,5211856727,Stree (10/20),0,79.35,1B Willson Contreras 2B Ozzie Albies 3B Tommy White C Brian Serven OF Tyler Soderstrom OF Michael Harris II OF Lawrence Butler P Chris Sale P Walbert Urena SS Jacob Wilson,,,
2514,5212027904,whycuz22,0,79.35,1B Matt Olson 2B Nick Sogard 3B Caleb Durbin C Jonah Heim OF Ronald Acuna Jr. OF Wade Meckler OF Mauricio Dubon P Chris Sale P Walbert Urena SS Zach Neto,,,
2517,5212001297,Hawkeye-1,0,79.2,1B Nolan Schanuel 2B Vaughn Grissom 3B Caleb Durbin C Drake Baldwin OF Mike Trout OF Ceddanne Rafaela OF Jahmai Jones P Gerrit Cole P Walbert Urena SS Zach Neto,,,
2518,5211736379,jmason247 (9/20),0,79,1B Matt Olson 2B Vaughn Grissom 3B Denzer Guzman C Joe Mack OF Mike Trout OF Wade Meckler OF Josh Lowe P Chris Sale P Gage Jump SS Otto Lopez,,,
2519,5212045308,bmosley21 (2/20),0,78.95,1B Paul Goldschmidt 2B Ozzie Albies 3B Amed Rosario C Drake Baldwin OF Ronald Acuna Jr. OF Michael Harris II OF Heliot Ramos P Sandy Alcantara P Jake Bennett SS Mauricio Dubon,,,
2519,5212222679,Run8,0,78.95,1B Kyle Stowers 2B Ozzie Albies 3B Caleb Durbin C Moises Ballesteros OF Ronald Acuna Jr. OF Mike Trout OF Heliot Ramos P Sandy Alcantara P Jake Bennett SS Zach Neto,,,
2521,5211568809,bucklb1,0,78.9,1B Nick Sogard 2B Ozzie Albies 3B Caleb Durbin C Connor Wong OF Mike Trout OF Ceddanne Rafaela OF Jarren Duran P Chris Sale P Jake Bennett SS Otto Lopez,,,
2521,5211969093,uvajay (7/20),0,78.9,1B Willson Contreras 2B Vaughn Grissom 3B Caleb Durbin C Tyler Heineman OF Mike Trout OF Eli White OF Jahmai Jones P Chris Sale P Jake Bennett SS Zach Neto,,,
2521,5211980686,rsumrall (6/20),0,78.9,1B Willson Contreras 2B Ozzie Albies 3B Caleb Durbin C Drake Baldwin OF Ceddanne Rafaela OF Michael Harris II OF Mike Yastrzemski P Chris Sale P Jake Bennett SS Mauricio Dubon,,,
2521,5211990734,KristianFTM (16/20),0,78.9,1B Willson Contreras 2B Vaughn Grissom 3B Caleb Durbin C Drake Baldwin OF Mike Trout OF Eli White OF Jahmai Jones P Chris Sale P Jake Bennett SS Zach Neto,,,
2521,5212075738,mlief (16/20),0,78.9,1B Willson Contreras 2B Xavier Edwards 3B Austin Riley C Drake Baldwin OF Ceddanne Rafaela OF Michael Harris II OF Mike Yastrzemski P Chris Sale P Jake Bennett SS Jim Jarvis,,,
2521,5212197594,Skralph (10/20),0,78.9,1B Matt Olson 2B Ozzie Albies 3B Vaughn Grissom C Drake Baldwin OF Ronald Acuna Jr. OF Jakob Marsee OF Wade Meckler P Chris Sale P Jake Bennett SS Mauricio Dubon,,,
2521,5212199215,dantheman78 (14/20),0,78.9,1B Willson Contreras 2B Ozzie Albies 3B Caleb Durbin C Drake Baldwin OF Ceddanne Rafaela OF Michael Harris II OF Mike Yastrzemski P Chris Sale P Jake Bennett SS Mauricio Dubon,,,
2528,5211896565,WILDCATBALLERS (15/20),0,78.75,1B Matt Olson 2B Ozzie Albies 3B Max Muncy C Moises Ballesteros OF Ronald Acuna Jr. OF Mike Trout OF Tyler Soderstrom P Walbert Urena P Gage Jump SS Jacob Wilson,,,
2528,5212116129,stock2mail (10/20),0,78.75,1B Willson Contreras 2B Vaughn Grissom 3B Caleb Durbin C Connor Wong OF Mike Trout OF Ceddanne Rafaela OF Trent Grisham P Gerrit Cole P Jake Bennett SS Andruw Monasterio,,,
2528,5212130728,easymoneynow (2/2),0,78.75,1B Matt Olson 2B Vaughn Grissom 3B Caleb Durbin C Joe Mack OF Mike Trout OF Ceddanne Rafaela OF Heriberto Hernandez P Gerrit Cole P Jake Bennett SS Otto Lopez,,,
2531,5212013385,zandwich (6/20),0,78.649994,1B Matt Olson 2B Ozzie Albies 3B Tommy White C Drake Baldwin OF Ceddanne Rafaela OF Michael Harris II OF Eli White P Chris Sale P Sandy Alcantara SS Mauricio Dubon,,,
2532,5211926283,mcafeend (7/20),0,78.35,1B Matt Olson 2B Ozzie Albies 3B Caleb Durbin C Drake Baldwin OF Ceddanne Rafaela OF Michael Harris II OF Jahmai Jones P Chris Sale P Walbert Urena SS Mauricio Dubon,,,
2532,5211970925,jrevelle3 (5/20),0,78.35,1B Matt Olson 2B Ozzie Albies 3B Caleb Durbin C Drake Baldwin OF Ceddanne Rafaela OF Michael Harris II OF Jahmai Jones P Chris Sale P Walbert Urena SS Mauricio Dubon,,,
2532,5212010002,kozy6813 (8/20),0,78.35,1B Willson Contreras 2B Nick Sogard 3B Caleb Durbin C Drake Baldwin OF Ronald Acuna Jr. OF Michael Harris II OF Mauricio Dubon P Chris Sale P Walbert Urena SS Jim Jarvis,,,
2532,5212252688,gooey911,0,78.35,1B Willson Contreras 2B Nick Sogard 3B Caleb Durbin C Moises Ballesteros OF Mike Trout OF Michael Harris II OF Jahmai Jones P Chris Sale P Walbert Urena SS Zach Neto,,,
2536,5211842535,Gabe57 (14/20),0,78.3,1B Kyle Stowers 2B Xavier Edwards 3B Amed Rosario C Drake Baldwin OF Ronald Acuna Jr. OF Mike Trout OF Heliot Ramos P Jake Bennett P Gage Jump SS Zach Neto,,,
2536,5212197602,Skralph (18/20),0,78.3,1B Matt Olson 2B Ozzie Albies 3B Vaughn Grissom C Jonah Heim OF Ronald Acuna Jr. OF Ceddanne Rafaela OF Michael Harris II P Jake Bennett P Gage Jump SS Mauricio Dubon,,,
2538,5211865516,SeanDre (17/20),0,78.2,1B Willson Contreras 2B Nick Sogard 3B Tommy White C Brian Serven OF Jarren Duran OF Henry Bolte OF Eli White P Gerrit Cole P Walbert Urena SS Andruw Monasterio,,,
2538,5212104120,TY54321 (12/20),0,78.2,1B Paul Goldschmidt 2B Vaughn Grissom 3B Caleb Durbin C Moises Ballesteros OF Mike Trout OF Ceddanne Rafaela OF Jahmai Jones P Gerrit Cole P Walbert Urena SS Zach Neto,,,
2540,5211988094,berniesbeerbelly,0,77.95,1B Matt Olson 2B Ozzie Albies 3B Caleb Durbin C Drake Baldwin OF Wilyer Abreu OF Ceddanne Rafaela OF Jarren Duran P Sandy Alcantara P Jake Bennett SS Andruw Monasterio,,,
2541,5211792425,Swishdakyng (15/20),0,77.9,1B Willson Contreras 2B Nick Sogard 3B Caleb Durbin C Joe Mack OF Ceddanne Rafaela OF Michael Harris II OF Jarren Duran P Chris Sale P Jake Bennett SS Otto Lopez,,,
2541,5211863188,whoisjohngalt420 (12/20),0,77.9,1B Willson Contreras 2B Nick Sogard 3B Austin Riley C Connor Wong OF Ronald Acuna Jr. OF Ceddanne Rafaela OF Michael Harris II P Chris Sale P Jake Bennett SS Andruw Monasterio,,,
2541,5211931146,Davemc99,0,77.9,1B Matt Olson 2B Vaughn Grissom 3B Caleb Durbin C J.C. Escarra OF Tyler Soderstrom OF Ceddanne Rafaela OF Michael Harris II P Chris Sale P Jake Bennett SS Otto Lopez,,,
2541,5212029869,markt35 (11/20),0,77.9,1B Kyle Stowers 2B Vaughn Grissom 3B Javier Sanoja C Moises Ballesteros OF Michael Harris II OF Jakob Marsee OF Griffin Conine P Chris Sale P Jake Bennett SS Otto Lopez,,,
2545,5211903546,cwthrow24 (13/20),0,77.75,1B Paul Goldschmidt 2B Nick Sogard 3B Amed Rosario C Connor Wong OF Ceddanne Rafaela OF Trent Grisham OF Jarren Duran P Gerrit Cole P Jake Bennett SS Andruw Monasterio,,,
2545,5212123583,niquisition (9/20),0,77.75,1B Paul Goldschmidt 2B Xavier Edwards 3B Amed Rosario C Connor Wong OF Ceddanne Rafaela OF Jarren Duran OF Eli White P Gerrit Cole P Jake Bennett SS Andruw Monasterio,,,
2547,5211884802,Rustycle,0,77.65,1B Paul Goldschmidt 2B Xavier Edwards 3B Austin Riley C Drake Baldwin OF Mike Trout OF Ceddanne Rafaela OF Spencer Jones P Walbert Urena P Jake Bennett SS Otto Lopez,,,
2548,5211734431,kreller17 (17/20),0,77.399994,1B Paul Goldschmidt 2B Ozzie Albies 3B Austin Riley C Drake Baldwin OF Ronald Acuna Jr. OF Michael Harris II OF Heliot Ramos P Walbert Urena P Sandy Alcantara SS Jacob Wilson,,,
2548,5211879572,stevenhenry43211 (10/20),0,77.399994,1B Kyle Stowers 2B Xavier Edwards 3B Caleb Durbin C Drake Baldwin OF Ceddanne Rafaela OF Heliot Ramos OF Heriberto Hernandez P Walbert Urena P Sandy Alcantara SS Zach Neto,,,
2548,5212195345,vstar1300 (3/9),0,77.399994,1B Matt Olson 2B Nick Sogard 3B Caleb Durbin C Drake Baldwin OF Ceddanne Rafaela OF Michael Harris II OF Jarren Duran P Walbert Urena P Sandy Alcantara SS Andruw Monasterio,,,
2551,5211890598,jw1984 (3/20),0,77.35,1B Willson Contreras 2B Alika Williams 3B Caleb Durbin C Drake Baldwin OF Tyler Soderstrom OF Ceddanne Rafaela OF Josh Lowe P Chris Sale P Walbert Urena SS Jacob Wilson,,,
2551,5211890615,jw1984 (20/20),0,77.35,1B Matt Olson 2B Vaughn Grissom 3B Caleb Durbin C Drake Baldwin OF Ceddanne Rafaela OF Michael Harris II OF Jahmai Jones P Chris Sale P Walbert Urena SS Andruw Monasterio,,,
2551,5211926191,pat_the_hat2 (9/20),0,77.35,1B Matt Olson 2B Alika Williams 3B Tommy White C Brian Serven OF Ronald Acuna Jr. OF Tyler Soderstrom OF Michael Harris II P Chris Sale P Walbert Urena SS Jacob Wilson,,,
2551,5212111045,SpeedRacer101 (19/20),0,77.35,1B Willson Contreras 2B Ozzie Albies 3B Caleb Durbin C Drake Baldwin OF Ronald Acuna Jr. OF Mike Yastrzemski OF Eli White P Chris Sale P Walbert Urena SS Mauricio Dubon,,,
2555,5211716701,T41129130907 (4/20),0,77.2,1B Willson Contreras 2B Nick Sogard 3B Caleb Durbin C Moises Ballesteros OF Mike Trout OF Trent Grisham OF Heliot Ramos P Gerrit Cole P Walbert Urena SS Andruw Monasterio,,,
2556,5211716714,T41129130907 (17/20),0,76.9,1B Willson Contreras 2B Nick Sogard 3B Denzer Guzman C Connor Wong OF Ronald Acuna Jr. OF Mike Trout OF Ceddanne Rafaela P Chris Sale P Jake Bennett SS Andruw Monasterio,,,
2556,5211947132,JcClark18 (12/20),0,76.9,1B Willson Contreras 2B Vaughn Grissom 3B Caleb Durbin C Connor Wong OF Mike Trout OF Ceddanne Rafaela OF Jahmai Jones P Chris Sale P Jake Bennett SS Zach Neto,,,
2556,5212043967,KerriIsTheQueen,0,76.9,1B Kyle Stowers 2B Ozzie Albies 3B Caleb Durbin C Joe Mack OF Ronald Acuna Jr. OF Ceddanne Rafaela OF Jarren Duran P Chris Sale P Jake Bennett SS Andruw Monasterio,,,
2556,5212102155,jabberjaww (3/20),0,76.9,1B Matt Olson 2B Nick Sogard 3B Austin Riley C Drake Baldwin OF Ronald Acuna Jr. OF Michael Harris II OF Eli White P Chris Sale P Jake Bennett SS Andruw Monasterio,,,
2556,5212195323,cdt123 (10/11),0,76.9,1B Kyle Stowers 2B Ozzie Albies 3B Austin Riley C Joe Mack OF Ronald Acuna Jr. OF Ceddanne Rafaela OF Griffin Conine P Chris Sale P Jake Bennett SS Otto Lopez,,,
2556,5212232496,vstar1300 (9/9),0,76.9,1B Willson Contreras 2B Nick Sogard 3B Caleb Durbin C Moises Ballesteros OF Mike Trout OF Ceddanne Rafaela OF Michael Harris II P Chris Sale P Jake Bennett SS Andruw Monasterio,,,
2556,5212246054,snajuice (11/20),0,76.9,1B Willson Contreras 2B Ozzie Albies 3B Caleb Durbin C Drake Baldwin OF Ceddanne Rafaela OF Jarren Duran OF Jakob Marsee P Chris Sale P Jake Bennett SS Mauricio Dubon,,,
2563,5212072920,Whoson1st66 (4/5),0,76.75,1B Matt Olson 2B Ozzie Albies 3B Amed Rosario C Moises Ballesteros OF Ronald Acuna Jr. OF Henry Bolte OF Josh Lowe P Walbert Urena P Gage Jump SS Jacob Wilson,,,
2563,5212213394,cyndi199,0,76.75,1B Ben Rice 2B Vaughn Grissom 3B Amed Rosario C Connor Wong OF Ronald Acuna Jr. OF Mike Trout OF Ceddanne Rafaela P Gerrit Cole P Jake Bennett SS Jim Jarvis,,,
2565,5212132491,Toney367 (18/20),0,76.45,1B Matt Olson 2B Vaughn Grissom 3B Austin Riley C Moises Ballesteros OF Ronald Acuna Jr. OF Wade Meckler OF Josh Lowe P Chris Sale P Gerrit Cole SS Zach Neto,,,
2566,5211896561,WILDCATBALLERS (11/20),0,76.399994,1B Matt Olson 2B Nick Sogard 3B Max Muncy C Drake Baldwin OF Jarren Duran OF Henry Bolte OF Eli White P Walbert Urena P Sandy Alcantara SS Jacob Wilson,,,
2566,5212022894,jnwallen (12/20),0,76.399994,1B Matt Olson 2B Ozzie Albies 3B Amed Rosario C Drake Baldwin OF Ronald Acuna Jr. OF Michael Harris II OF Heliot Ramos P Walbert Urena P Sandy Alcantara SS George Lombard Jr.,,,
2568,5211754829,tbjones2121 (9/20),0,76.35,1B Willson Contreras 2B Ozzie Albies 3B Max Muncy C Brian Serven OF Tyler Soderstrom OF Michael Harris II OF Henry Bolte P Chris Sale P Walbert Urena SS Jacob Wilson,,,
2568,5211857007,Bitmeee (15/20),0,76.35,1B Willson Contreras 2B Nick Sogard 3B Caleb Durbin C Drake Baldwin OF Ronald Acuna Jr. OF Jarren Duran OF Josh Lowe P Chris Sale P Walbert Urena SS Andruw Monasterio,,,
2568,5211862334,Qixter,0,76.35,1B Kyle Stowers 2B Nick Sogard 3B Caleb Durbin C Connor Wong OF Ronald Acuna Jr. OF Ceddanne Rafaela OF Michael Harris II P Chris Sale P Walbert Urena SS Andruw Monasterio,,,
2568,5211896870,UniversalFriend (12/20),0,76.35,1B Willson Contreras 2B Nick Sogard 3B Caleb Durbin C Drake Baldwin OF Ronald Acuna Jr. OF Jarren Duran OF Josh Lowe P Chris Sale P Walbert Urena SS Andruw Monasterio,,,
2568,5212071621,Joemac58 (4/10),0,76.35,1B Matt Olson 2B Nick Sogard 3B Caleb Durbin C Drake Baldwin OF Ceddanne Rafaela OF Jarren Duran OF Jahmai Jones P Chris Sale P Walbert Urena SS Zach Neto,,,
2568,5212079328,JRill (4/4),0,76.35,1B Nolan Schanuel 2B Nick Sogard 3B Caleb Durbin C Connor Wong OF Ronald Acuna Jr. OF Mike Trout OF Ceddanne Rafaela P Chris Sale P Walbert Urena SS Andruw Monasterio,,,
2568,5212091285,GrandeCabeza,0,76.35,1B Nick Sogard 2B Vaughn Grissom 3B Caleb Durbin C Connor Wong OF Mike Trout OF Ceddanne Rafaela OF Henry Bolte P Chris Sale P Walbert Urena SS Jacob Wilson,,,
2568,5212102168,jabberjaww (16/20),0,76.35,1B Willson Contreras 2B Vaughn Grissom 3B Caleb Durbin C Moises Ballesteros OF Mike Trout OF Ceddanne Rafaela OF Jahmai Jones P Chris Sale P Walbert Urena SS Andruw Monasterio,,,
2568,5212204566,mariobr1709 (20/20),0,76.35,1B Willson Contreras 2B Vaughn Grissom 3B Caleb Durbin C Joe Mack OF Mike Trout OF Ceddanne Rafaela OF Jahmai Jones P Chris Sale P Walbert Urena SS Andruw Monasterio,,,
2577,5211821541,snowsnlabs,0,76.2,1B Willson Contreras 2B Vaughn Grissom 3B Caleb Durbin C Moises Ballesteros OF Mike Trout OF Ceddanne Rafaela OF Jahmai Jones P Gerrit Cole P Walbert Urena SS Zach Neto,,,
2577,5211917279,LTskelter (10/20),0,76.2,1B Willson Contreras 2B Nick Sogard 3B Caleb Durbin C Connor Wong OF Mike Trout OF Ceddanne Rafaela OF Henry Bolte P Gerrit Cole P Walbert Urena SS Zach Neto,,,
2577,5211990724,KristianFTM (6/20),0,76.2,1B Willson Contreras 2B Vaughn Grissom 3B Caleb Durbin C Connor Wong OF Mike Trout OF Ceddanne Rafaela OF Jahmai Jones P Gerrit Cole P Walbert Urena SS Zach Neto,,,
2577,5212089459,mrclean913 (3/20),0,76.2,1B Willson Contreras 2B Nick Sogard 3B Caleb Durbin C Connor Wong OF Mike Trout OF Ceddanne Rafaela OF Henry Bolte P Gerrit Cole P Walbert Urena SS Zach Neto,,,
2581,5211903534,cwthrow24 (1/20),0,76,1B Matt Olson 2B Vaughn Grissom 3B Denzer Guzman C Moises Ballesteros OF Ronald Acuna Jr. OF Mike Trout OF Heriberto Hernandez P Chris Sale P Gage Jump SS Zach Neto,,,
2582,5211754822,tbjones2121 (2/20),0,75.9,1B Kyle Stowers 2B Xavier Edwards 3B Javier Sanoja C Joe Mack OF Mike Trout OF Michael Harris II OF Jakob Marsee P Chris Sale P Jake Bennett SS Zach Neto,,,
2582,5211920284,rod288 (11/20),0,75.9,1B Nolan Schanuel 2B Xavier Edwards 3B Vaughn Grissom C Drake Baldwin OF Mike Trout OF Jakob Marsee OF Wade Meckler P Chris Sale P Jake Bennett SS Zach Neto,,,
2582,5212029875,markt35 (17/20),0,75.9,1B Kyle Stowers 2B Xavier Edwards 3B Javier Sanoja C Joe Mack OF Ceddanne Rafaela OF Jakob Marsee OF Josh Lowe P Chris Sale P Jake Bennett SS Zach Neto,,,
2582,5212128880,slpendy (6/20),0,75.9,1B Matt Olson 2B Xavier Edwards 3B Caleb Durbin C Connor Wong OF Mike Trout OF Ceddanne Rafaela OF Jarren Duran P Chris Sale P Jake Bennett SS Andruw Monasterio,,,
2582,5212210652,eharig09 (13/20),0,75.9,1B Matt Olson 2B Vaughn Grissom 3B Javier Sanoja C Drake Baldwin OF Ronald Acuna Jr. OF Heriberto Hernandez OF Griffin Conine P Chris Sale P Jake Bennett SS Mauricio Dubon,,,
2587,5211980699,rsumrall (19/20),0,75.65,1B Matt Olson 2B Ozzie Albies 3B Amed Rosario C Drake Baldwin OF Ronald Acuna Jr. OF Michael Harris II OF Spencer Jones P Walbert Urena P Jake Bennett SS George Lombard Jr.,,,
2587,5212100452,csurunnerccr (4/20),0,75.65,1B Matt Olson 2B Ozzie Albies 3B Jose Caballero C Drake Baldwin OF Ronald Acuna Jr. OF Trent Grisham OF Jahmai Jones P Walbert Urena P Jake Bennett SS Mauricio Dubon,,,
2589,5211976321,tpyo (6/20),0,75.45,1B Kyle Stowers 2B Vaughn Grissom 3B Denzer Guzman C Drake Baldwin OF Mike Trout OF Henry Bolte OF Josh Lowe P Chris Sale P Gerrit Cole SS Zach Neto,,,
2590,5211780335,Anthonykorobellis (3/20),0,75.35,1B Matt Olson 2B Nick Sogard 3B Caleb Durbin C Brian Serven OF Ronald Acuna Jr. OF Jarren Duran OF Eli White P Chris Sale P Walbert Urena SS Andruw Monasterio,,,
2590,5211895992,cowboys767 (15/20),0,75.35,1B Matt Olson 2B Nick Sogard 3B Caleb Durbin C Connor Wong OF Mike Trout OF Ceddanne Rafaela OF Jahmai Jones P Chris Sale P Walbert Urena SS Zach Neto,,,
2590,5212110505,JaserD (15/20),0,75.35,1B Nolan Schanuel 2B Vaughn Grissom 3B Tommy White C Jonah Heim OF Mike Trout OF Tyler Soderstrom OF Henry Bolte P Chris Sale P Walbert Urena SS Jacob Wilson,,,
2590,5212206081,jjimka66 (16/20),0,75.35,1B Matt Olson 2B Nick Sogard 3B Caleb Durbin C Drake Baldwin OF Ronald Acuna Jr. OF Ceddanne Rafaela OF Mauricio Dubon P Chris Sale P Walbert Urena SS Jim Jarvis,,,
2590,5212243527,BuckeyeCity (8/20),0,75.35,1B Matt Olson 2B Ozzie Albies 3B Austin Riley C Connor Wong OF Ronald Acuna Jr. OF Ceddanne Rafaela OF Jahmai Jones P Chris Sale P Walbert Urena SS Mauricio Dubon,,,
2595,5211746325,j-wolf05 (20/20),0,75.2,1B Ben Rice 2B Vaughn Grissom 3B Amed Rosario C Moises Ballesteros OF Mike Trout OF Spencer Jones OF Wade Meckler P Gerrit Cole P Walbert Urena SS Zach Neto,,,
2595,5211752498,seiferidjosh80 (7/20),0,75.2,1B Willson Contreras 2B Vaughn Grissom 3B Jose Caballero C Jonah Heim OF Mike Trout OF Eli White OF Jahmai Jones P Gerrit Cole P Walbert Urena SS Zach Neto,,,
2595,5211941689,Sallibone,0,75.2,1B Nolan Schanuel 2B Ozzie Albies 3B Caleb Durbin C Connor Wong OF Mike Trout OF Ceddanne Rafaela OF Jarren Duran P Gerrit Cole P Walbert Urena SS George Lombard Jr.,,,
2595,5212156388,cw1tt (4/20),0,75.2,1B Ben Rice 2B Nick Sogard 3B Caleb Durbin C Connor Wong OF Mike Trout OF Ceddanne Rafaela OF Eli White P Gerrit Cole P Walbert Urena SS Zach Neto,,,
2599,5211916586,smk5430 (16/20),0,74.9,1B Nolan Schanuel 2B Nick Sogard 3B Austin Riley C Drake Baldwin OF Ronald Acuna Jr. OF Michael Harris II OF Wade Meckler P Chris Sale P Jake Bennett SS Zach Neto,,,
2599,5211926329,thundrenterprises (9/20),0,74.9,1B Kyle Stowers 2B Xavier Edwards 3B Denzer Guzman C Moises Ballesteros OF Mike Trout OF Jakob Marsee OF Griffin Conine P Chris Sale P Jake Bennett SS Zach Neto,,,
2599,5212197596,Skralph (12/20),0,74.9,1B Willson Contreras 2B Vaughn Grissom 3B Caleb Durbin C Moises Ballesteros OF Ronald Acuna Jr. OF Ceddanne Rafaela OF Eli White P Chris Sale P Jake Bennett SS Andruw Monasterio,,,
2602,5211770628,peltifreeze89 (14/20),0,74.85,1B Kyle Stowers 2B Vaughn Grissom 3B Denzer Guzman C Moises Ballesteros OF Trent Grisham OF Heliot Ramos OF Josh Lowe P Gerrit Cole P Gage Jump SS Zach Neto,,,
2603,5212104115,TY54321 (7/20),0,74.45,1B Kyle Stowers 2B Vaughn Grissom 3B Caleb Durbin C Tyler Heineman OF Mike Trout OF Eli White OF Josh Lowe P Chris Sale P Gerrit Cole SS Zach Neto,,,
2604,5212077348,JRill (2/4),0,74.35,1B Matt Olson 2B Xavier Edwards 3B Caleb Durbin C Connor Wong OF Mike Trout OF Ceddanne Rafaela OF Jarren Duran P Chris Sale P Walbert Urena SS George Lombard Jr.,,,
2604,5212128894,slpendy (20/20),0,74.35,1B Willson Contreras 2B Vaughn Grissom 3B Caleb Durbin C Connor Wong OF Ronald Acuna Jr. OF Ceddanne Rafaela OF Mike Yastrzemski P Chris Sale P Walbert Urena SS Andruw Monasterio,,,
2604,5212224498,vstar1300 (5/9),0,74.35,1B Matt Olson 2B Nick Sogard 3B Austin Riley C Jonah Heim OF Ronald Acuna Jr. OF Michael Harris II OF Mauricio Dubon P Chris Sale P Walbert Urena SS Andruw Monasterio,,,
2607,5211746320,j-wolf05 (15/20),0,74.2,1B Willson Contreras 2B Vaughn Grissom 3B Caleb Durbin C Connor Wong OF Mike Trout OF Ceddanne Rafaela OF Henry Bolte P Gerrit Cole P Walbert Urena SS Andruw Monasterio,,,
2607,5212026004,rschindler14 (10/20),0,74.2,1B Willson Contreras 2B Vaughn Grissom 3B Caleb Durbin C Moises Ballesteros OF Ceddanne Rafaela OF Jarren Duran OF Jahmai Jones P Gerrit Cole P Walbert Urena SS Zach Neto,,,
2609,5212045307,bmosley21 (1/20),0,73.95,1B Matt Olson 2B Ozzie Albies 3B Amed Rosario C Drake Baldwin OF Ronald Acuna Jr. OF Michael Harris II OF Heliot Ramos P Sandy Alcantara P Jake Bennett SS Jose Caballero,,,
2609,5212141220,ac919 (20/20),0,73.95,1B Matt Olson 2B Ozzie Albies 3B Amed Rosario C Drake Baldwin OF Ronald Acuna Jr. OF Ceddanne Rafaela OF Heliot Ramos P Sandy Alcantara P Jake Bennett SS Jose Caballero,,,
2609,5212200423,goaliman12 (18/20),0,73.95,1B Matt Olson 2B Ozzie Albies 3B Amed Rosario C Drake Baldwin OF Ronald Acuna Jr. OF Michael Harris II OF Heliot Ramos P Sandy Alcantara P Jake Bennett SS Jose Caballero,,,
2612,5211580861,ivymoose (4/20),0,73.9,1B Matt Olson 2B Nick Sogard 3B Caleb Durbin C Connor Wong OF Mike Trout OF Ceddanne Rafaela OF Jarren Duran P Chris Sale P Jake Bennett SS Otto Lopez,,,
2612,5211863502,cookiemonsterules,0,73.9,1B Matt Olson 2B Nick Sogard 3B Caleb Durbin C Connor Wong OF Mike Trout OF Ceddanne Rafaela OF Jarren Duran P Chris Sale P Jake Bennett SS Otto Lopez,,,
2612,5211926188,pat_the_hat2 (6/20),0,73.9,1B Willson Contreras 2B Nick Sogard 3B Caleb Durbin C Tyler Heineman OF Mike Trout OF Ceddanne Rafaela OF Wade Meckler P Chris Sale P Jake Bennett SS Zach Neto,,,
2612,5212100454,csurunnerccr (6/20),0,73.9,1B Willson Contreras 2B Ozzie Albies 3B Austin Riley C Connor Wong OF Ronald Acuna Jr. OF Ceddanne Rafaela OF Mauricio Dubon P Chris Sale P Jake Bennett SS Andruw Monasterio,,,
2612,5212116123,stock2mail (4/20),0,73.9,1B Willson Contreras 2B Ozzie Albies 3B Caleb Durbin C Connor Wong OF Ronald Acuna Jr. OF Ceddanne Rafaela OF Jarren Duran P Chris Sale P Jake Bennett SS Mauricio Dubon,,,
2612,5212185051,cdt123 (5/11),0,73.9,1B Willson Contreras 2B Nick Sogard 3B Caleb Durbin C Drake Baldwin OF Ceddanne Rafaela OF Michael Harris II OF Jarren Duran P Chris Sale P Jake Bennett SS Mauricio Dubon,,,
2618,5212128882,slpendy (8/20),0,73.45,1B Willson Contreras 2B Vaughn Grissom 3B Denzer Guzman C Joe Mack OF Mike Trout OF Griffin Conine OF Wade Meckler P Chris Sale P Gerrit Cole SS Zach Neto,,,
2618,5212132490,Toney367 (17/20),0,73.45,1B Willson Contreras 2B Ozzie Albies 3B Caleb Durbin C Connor Wong OF Heliot Ramos OF Jarren Duran OF Eli White P Chris Sale P Gerrit Cole SS Zach Neto,,,
2620,5211811841,Wanna_Square_Up1567 (2/20),0,73.35,1B Willson Contreras 2B Ozzie Albies 3B Austin Riley C Jonah Heim OF Tyler Soderstrom OF Michael Harris II OF Mike Yastrzemski P Chris Sale P Walbert Urena SS Mauricio Dubon,,,
2620,5211895981,cowboys767 (4/20),0,73.35,1B Willson Contreras 2B Ozzie Albies 3B Caleb Durbin C Drake Baldwin OF Ceddanne Rafaela OF Eli White OF Jahmai Jones P Chris Sale P Walbert Urena SS Zach Neto,,,
2620,5211896865,UniversalFriend (7/20),0,73.35,1B Matt Olson 2B Nick Sogard 3B Caleb Durbin C Drake Baldwin OF Ceddanne Rafaela OF Jarren Duran OF Mike Yastrzemski P Chris Sale P Walbert Urena SS Andruw Monasterio,,,
2620,5211900164,leighton32 (11/13),0,73.35,1B Matt Olson 2B Nick Sogard 3B Max Muncy C Drake Baldwin OF Ceddanne Rafaela OF Jarren Duran OF Jahmai Jones P Chris Sale P Walbert Urena SS Andruw Monasterio,,,
2620,5211912318,Dennyban,0,73.35,1B Matt Olson 2B Xavier Edwards 3B Caleb Durbin C Brian Serven OF Ceddanne Rafaela OF Michael Harris II OF Jarren Duran P Chris Sale P Walbert Urena SS Jacob Wilson,,,
2620,5211913524,ttillie (10/20),0,73.35,1B Willson Contreras 2B Nick Sogard 3B Caleb Durbin C Jonah Heim OF Mike Trout OF Jarren Duran OF Mauricio Dubon P Chris Sale P Walbert Urena SS Andruw Monasterio,,,
2620,5212064683,henry296 (1/20),0,73.35,1B Willson Contreras 2B Ozzie Albies 3B Caleb Durbin C Drake Baldwin OF Ceddanne Rafaela OF Eli White OF Jahmai Jones P Chris Sale P Walbert Urena SS Zach Neto,,,
2620,5212146911,KHICKE11,0,73.35,1B Willson Contreras 2B Ozzie Albies 3B Caleb Durbin C Moises Ballesteros OF Tyler Soderstrom OF Ceddanne Rafaela OF Eli White P Chris Sale P Walbert Urena SS Jacob Wilson,,,
2620,5212155292,Yardbusters,0,73.35,1B Willson Contreras 2B Ozzie Albies 3B Caleb Durbin C Brian Serven OF Ronald Acuna Jr. OF Henry Bolte OF Eli White P Chris Sale P Walbert Urena SS Zach Neto,,,
2620,5212192608,mister_eddie6 (2/3),0,73.35,1B Nolan Schanuel 2B Vaughn Grissom 3B Caleb Durbin C Drake Baldwin OF Mike Trout OF Wade Meckler OF Jahmai Jones P Chris Sale P Walbert Urena SS Zach Neto,,,
2630,5212022902,jnwallen (20/20),0,73.2,1B Nolan Schanuel 2B Nick Sogard 3B Caleb Durbin C Moises Ballesteros OF Mike Trout OF Ceddanne Rafaela OF Jarren Duran P Gerrit Cole P Walbert Urena SS Andruw Monasterio,,,
2631,5212095518,woodreb5 (9/20),0,72.9,1B Nolan Schanuel 2B Vaughn Grissom 3B Caleb Durbin C Tyler Heineman OF Ronald Acuna Jr. OF Michael Harris II OF Wade Meckler P Chris Sale P Jake Bennett SS Zach Neto,,,
2631,5212210649,eharig09 (10/20),0,72.9,1B Kyle Stowers 2B Nick Sogard 3B Javier Sanoja C Joe Mack OF Michael Harris II OF Griffin Conine OF Owen Caissie P Chris Sale P Jake Bennett SS Jim Jarvis,,,
2633,5212008913,mack69 (18/20),0,72.65,1B Willson Contreras 2B Xavier Edwards 3B Caleb Durbin C Moises Ballesteros OF Ceddanne Rafaela OF Eli White OF Jahmai Jones P Walbert Urena P Jake Bennett SS Zach Neto,,,
2634,5211804404,AverageTuesday (6/20),0,72.45,1B Nolan Schanuel 2B Vaughn Grissom 3B Denzer Guzman C Moises Ballesteros OF Ceddanne Rafaela OF Jarren Duran OF Henry Bolte P Chris Sale P Gerrit Cole SS Zach Neto,,,
2635,5211700007,Sammy.Boy (10/20),0,72.35,1B Willson Contreras 2B Nick Sogard 3B Caleb Durbin C Tyler Heineman OF Mike Trout OF Wade Meckler OF Josh Lowe P Chris Sale P Walbert Urena SS Andruw Monasterio,,,
2635,5212243529,BuckeyeCity (10/20),0,72.35,1B Willson Contreras 2B Nick Sogard 3B Caleb Durbin C Drake Baldwin OF Mike Trout OF Wade Meckler OF Eli White P Chris Sale P Walbert Urena SS Andruw Monasterio,,,
2637,5211987056,ballaholick713 (14/20),0,72.2,1B Ben Rice 2B Vaughn Grissom 3B Amed Rosario C Moises Ballesteros OF Trent Grisham OF Heliot Ramos OF Spencer Jones P Gerrit Cole P Walbert Urena SS Zach Neto,,,
2637,5212112857,meyers2305 (3/20),0,72.2,1B Willson Contreras 2B Vaughn Grissom 3B Caleb Durbin C Austin Wells OF Ceddanne Rafaela OF Heliot Ramos OF Eli White P Gerrit Cole P Walbert Urena SS Andruw Monasterio,,,
2637,5212163714,TheFH (18/20),0,72.2,1B Ben Rice 2B Vaughn Grissom 3B Amed Rosario C Moises Ballesteros OF Mike Trout OF Heliot Ramos OF Wade Meckler P Gerrit Cole P Walbert Urena SS George Lombard Jr.,,,
2637,5212251298,txsr123 (8/20),0,72.2,1B Nolan Schanuel 2B Vaughn Grissom 3B Jose Caballero C Tyler Heineman OF Mike Trout OF Trent Grisham OF Josh Lowe P Gerrit Cole P Walbert Urena SS George Lombard Jr.,,,
2641,5211818244,okelly36 (1/4),0,71.9,1B Kyle Stowers 2B Ozzie Albies 3B Caleb Durbin C Joe Mack OF Mike Trout OF Ceddanne Rafaela OF Heriberto Hernandez P Chris Sale P Jake Bennett SS Andruw Monasterio,,,
2641,5211886683,TroyGilly91 (2/5),0,71.9,1B Matt Olson 2B Vaughn Grissom 3B Caleb Durbin C Connor Wong OF Ronald Acuna Jr. OF Michael Harris II OF Eli White P Chris Sale P Jake Bennett SS Andruw Monasterio,,,
2641,5212051124,LRoyTheKing (1/2),0,71.9,1B Kyle Stowers 2B Ozzie Albies 3B Austin Riley C Drake Baldwin OF Mike Trout OF Jakob Marsee OF Griffin Conine P Chris Sale P Jake Bennett SS Mauricio Dubon,,,
2641,5212081529,Awalker3081 (18/20),0,71.9,1B Kyle Stowers 2B Xavier Edwards 3B Vaughn Grissom C Joe Mack OF Mike Trout OF Jakob Marsee OF Griffin Conine P Chris Sale P Jake Bennett SS Zach Neto,,,
2641,5212103603,KelvinDubs (1/20),0,71.9,1B Matt Olson 2B Nick Sogard 3B Caleb Durbin C Connor Wong OF Ronald Acuna Jr. OF Michael Harris II OF Jarren Duran P Chris Sale P Jake Bennett SS Zach Neto,,,
2641,5212165299,BChap71 (2/5),0,71.9,1B Matt Olson 2B Ozzie Albies 3B Caleb Durbin C Joe Mack OF Ceddanne Rafaela OF Jarren Duran OF Wade Meckler P Chris Sale P Jake Bennett SS Otto Lopez,,,
2647,5211903549,cwthrow24 (16/20),0,71.75,1B Ben Rice 2B Ozzie Albies 3B Austin Riley C Drake Baldwin OF Mike Trout OF Trent Grisham OF Michael Harris II P Walbert Urena P Gage Jump SS Mauricio Dubon,,,
2648,5211865502,SeanDre (3/20),0,71.35,1B Willson Contreras 2B Vaughn Grissom 3B Max Muncy C Connor Wong OF Jarren Duran OF Lawrence Butler OF Jahmai Jones P Chris Sale P Walbert Urena SS Andruw Monasterio,,,
2648,5212235606,scohen21 (14/20),0,71.35,1B Willson Contreras 2B Ozzie Albies 3B Caleb Durbin C Connor Wong OF Ceddanne Rafaela OF Michael Harris II OF Jahmai Jones P Chris Sale P Walbert Urena SS Zach Neto,,,
2650,5211900161,leighton32 (8/13),0,71.2,1B Paul Goldschmidt 2B Nick Sogard 3B Amed Rosario C Brian Serven OF Ceddanne Rafaela OF Trent Grisham OF Jarren Duran P Gerrit Cole P Walbert Urena SS Andruw Monasterio,,,
2651,5212045320,bmosley21 (14/20),0,70.95,1B Matt Olson 2B Ozzie Albies 3B Amed Rosario C Drake Baldwin OF Ronald Acuna Jr. OF Heliot Ramos OF Jarren Duran P Sandy Alcantara P Jake Bennett SS Mauricio Dubon,,,
2652,5211890599,jw1984 (4/20),0,70.9,1B Nolan Schanuel 2B Ozzie Albies 3B Austin Riley C Drake Baldwin OF Ronald Acuna Jr. OF Wade Meckler OF Mauricio Dubon P Chris Sale P Jake Bennett SS Zach Neto,,,
2652,5211947136,JcClark18 (16/20),0,70.9,1B Matt Olson 2B Vaughn Grissom 3B Caleb Durbin C Drake Baldwin OF Ronald Acuna Jr. OF Michael Harris II OF Eli White P Chris Sale P Jake Bennett SS Mauricio Dubon,,,
2652,5212045319,bmosley21 (13/20),0,70.9,1B Matt Olson 2B Nick Sogard 3B Denzer Guzman C Drake Baldwin OF Ronald Acuna Jr. OF Michael Harris II OF Jarren Duran P Chris Sale P Jake Bennett SS Mauricio Dubon,,,
2652,5212077395,pthorpe25 (2/6),0,70.9,1B Willson Contreras 2B Ozzie Albies 3B Caleb Durbin C Moises Ballesteros OF Ceddanne Rafaela OF Trent Grisham OF Jarren Duran P Chris Sale P Jake Bennett SS Andruw Monasterio,,,
2652,5212081527,Awalker3081 (16/20),0,70.9,1B Kyle Stowers 2B Xavier Edwards 3B Vaughn Grissom C Joe Mack OF Mike Trout OF Heriberto Hernandez OF Jakob Marsee P Chris Sale P Jake Bennett SS Zach Neto,,,
2652,5212103615,KelvinDubs (13/20),0,70.9,1B Kyle Stowers 2B Xavier Edwards 3B Denzer Guzman C Drake Baldwin OF Mike Trout OF Heriberto Hernandez OF Griffin Conine P Chris Sale P Jake Bennett SS Zach Neto,,,
2652,5212226662,anthjimen (2/5),0,70.9,1B Matt Olson 2B Ozzie Albies 3B Caleb Durbin C Connor Wong OF Ronald Acuna Jr. OF Ceddanne Rafaela OF Heliot Ramos P Chris Sale P Jake Bennett SS Mauricio Dubon,,,
2652,5212242403,BigMart11 (6/20),0,70.9,1B Nolan Schanuel 2B Vaughn Grissom 3B Denzer Guzman C Moises Ballesteros OF Ronald Acuna Jr. OF Mike Trout OF Heriberto Hernandez P Chris Sale P Jake Bennett SS Otto Lopez,,,
2660,5211820283,bellsofwar3 (18/20),0,70.75,1B Nolan Schanuel 2B Nick Sogard 3B Vaughn Grissom C Moises Ballesteros OF Ceddanne Rafaela OF Jarren Duran OF Eli White P Gerrit Cole P Jake Bennett SS Andruw Monasterio,,,
2660,5211987049,ballaholick713 (7/20),0,70.75,1B Matt Olson 2B Ozzie Albies 3B Austin Riley C Jonah Heim OF Mike Trout OF Tyler Soderstrom OF Michael Harris II P Walbert Urena P Gage Jump SS Mauricio Dubon,,,
2662,5211939023,klukstr37,0,70.399994,1B Paul Goldschmidt 2B Ozzie Albies 3B Caleb Durbin C Drake Baldwin OF Mike Trout OF Ceddanne Rafaela OF Wade Meckler P Walbert Urena P Sandy Alcantara SS Zach Neto,,,
2662,5212242408,BigMart11 (11/20),0,70.399994,1B Paul Goldschmidt 2B Ozzie Albies 3B Tommy White C Drake Baldwin OF Ronald Acuna Jr. OF Michael Harris II OF Jarren Duran P Walbert Urena P Sandy Alcantara SS Mauricio Dubon,,,
2664,5211858103,mrbig91,0,70.35,1B Kyle Stowers 2B Xavier Edwards 3B Caleb Durbin C Joe Mack OF Ceddanne Rafaela OF Michael Harris II OF Jarren Duran P Chris Sale P Walbert Urena SS Otto Lopez,,,
2664,5211866473,az350z (17/20),0,70.35,1B Willson Contreras 2B Vaughn Grissom 3B Caleb Durbin C Moises Ballesteros OF Mike Trout OF Wade Meckler OF Jahmai Jones P Chris Sale P Walbert Urena SS Zach Neto,,,
2664,5211914063,drunkonpappy (20/20),0,70.35,1B Willson Contreras 2B Ozzie Albies 3B Austin Riley C Brian Serven OF Ronald Acuna Jr. OF Michael Harris II OF Henry Bolte P Chris Sale P Walbert Urena SS Mauricio Dubon,,,
2664,5212049213,chrispy2005 (1/20),0,70.35,1B Willson Contreras 2B Ozzie Albies 3B Austin Riley C Drake Baldwin OF Ceddanne Rafaela OF Michael Harris II OF Jahmai Jones P Chris Sale P Walbert Urena SS Mauricio Dubon,,,
2664,5212054107,wazzu24 (8/20),0,70.35,1B Willson Contreras 2B Ozzie Albies 3B Austin Riley C Drake Baldwin OF Ceddanne Rafaela OF Michael Harris II OF Jahmai Jones P Chris Sale P Walbert Urena SS Mauricio Dubon,,,
2664,5212095515,woodreb5 (6/20),0,70.35,1B Willson Contreras 2B Ozzie Albies 3B Caleb Durbin C Drake Baldwin OF Ronald Acuna Jr. OF Eli White OF Josh Lowe P Chris Sale P Walbert Urena SS Andruw Monasterio,,,
2664,5212141205,ac919 (5/20),0,70.35,1B Nolan Schanuel 2B Ozzie Albies 3B Caleb Durbin C Connor Wong OF Mike Trout OF Ceddanne Rafaela OF Jahmai Jones P Chris Sale P Walbert Urena SS Zach Neto,,,
2664,5212244498,MotownCats,0,70.35,1B Matt Olson 2B Nick Sogard 3B Caleb Durbin C Drake Baldwin OF Ceddanne Rafaela OF Michael Harris II OF Mauricio Dubon P Chris Sale P Walbert Urena SS Andruw Monasterio,,,
2672,5212112870,meyers2305 (16/20),0,70.2,1B Willson Contreras 2B Nick Sogard 3B Max Muncy C Connor Wong OF Heliot Ramos OF Jarren Duran OF Jahmai Jones P Gerrit Cole P Walbert Urena SS Zach Neto,,,
2673,5211746308,j-wolf05 (3/20),0,69.9,1B Nolan Schanuel 2B Xavier Edwards 3B Vaughn Grissom C Drake Baldwin OF Mike Trout OF Griffin Conine OF Wade Meckler P Chris Sale P Jake Bennett SS Zach Neto,,,
2673,5211746311,j-wolf05 (6/20),0,69.9,1B Matt Olson 2B Ozzie Albies 3B Vaughn Grissom C Drake Baldwin OF Ronald Acuna Jr. OF Mauricio Dubon OF Eli White P Chris Sale P Jake Bennett SS Andruw Monasterio,,,
2673,5211754827,tbjones2121 (7/20),0,69.9,1B Matt Olson 2B Vaughn Grissom 3B Denzer Guzman C Drake Baldwin OF Mike Trout OF Heriberto Hernandez OF Jahmai Jones P Chris Sale P Jake Bennett SS Zach Neto,,,
2673,5211794517,mythicalrhymer01 (1/6),0,69.9,1B Nolan Schanuel 2B Xavier Edwards 3B Vaughn Grissom C Drake Baldwin OF Mike Trout OF Griffin Conine OF Wade Meckler P Chris Sale P Jake Bennett SS Zach Neto,,,
2673,5212103611,KelvinDubs (9/20),0,69.9,1B Willson Contreras 2B Ozzie Albies 3B Austin Riley C Drake Baldwin OF Mike Trout OF Mike Yastrzemski OF Eli White P Chris Sale P Jake Bennett SS Andruw Monasterio,,,
2673,5212123591,niquisition (17/20),0,69.9,1B Nolan Schanuel 2B Xavier Edwards 3B Vaughn Grissom C Joe Mack OF Mike Trout OF Jakob Marsee OF Owen Caissie P Chris Sale P Jake Bennett SS Zach Neto,,,
2673,5212199203,dantheman78 (2/20),0,69.9,1B Nolan Schanuel 2B Xavier Edwards 3B Vaughn Grissom C Drake Baldwin OF Mike Trout OF Griffin Conine OF Wade Meckler P Chris Sale P Jake Bennett SS Zach Neto,,,
2673,5212206066,jjimka66 (1/20),0,69.9,1B Matt Olson 2B Vaughn Grissom 3B Caleb Durbin C Connor Wong OF Ronald Acuna Jr. OF Ceddanne Rafaela OF Jarren Duran P Chris Sale P Jake Bennett SS Andruw Monasterio,,,
2681,5212248700,GrinkleberryGronk,0,69.75,1B Matt Olson 2B Ozzie Albies 3B Amed Rosario C Drake Baldwin OF Ronald Acuna Jr. OF Heliot Ramos OF Mike Yastrzemski P Walbert Urena P Gage Jump SS Jose Caballero,,,
2682,5212129709,HoosierTide,0,69.65,1B Willson Contreras 2B Vaughn Grissom 3B Caleb Durbin C Drake Baldwin OF Ronald Acuna Jr. OF Michael Harris II OF Jahmai Jones P Walbert Urena P Jake Bennett SS Zach Neto,,,
2683,5212256336,lilmaryy (7/11),0,69.35,1B Matt Olson 2B Ozzie Albies 3B Caleb Durbin C Moises Ballesteros OF Ronald Acuna Jr. OF Mike Yastrzemski OF Mauricio Dubon P Chris Sale P Walbert Urena SS Zach Neto,,,
2684,5211866459,az350z (3/20),0,69,1B Matt Olson 2B Vaughn Grissom 3B Denzer Guzman C Drake Baldwin OF Mike Trout OF Michael Harris II OF Wade Meckler P Chris Sale P Gage Jump SS Zach Neto,,,
2684,5212163367,lklk88088 (2/20),0,69,1B Matt Olson 2B Vaughn Grissom 3B Denzer Guzman C Drake Baldwin OF Mike Trout OF Michael Harris II OF Wade Meckler P Chris Sale P Gage Jump SS Zach Neto,,,
2686,5212002124,austin60915 (2/20),0,68.9,1B Kyle Stowers 2B Xavier Edwards 3B Vaughn Grissom C Drake Baldwin OF Mike Trout OF Griffin Conine OF Wade Meckler P Chris Sale P Jake Bennett SS Zach Neto,,,
2686,5212075740,mlief (18/20),0,68.9,1B Willson Contreras 2B Ozzie Albies 3B Caleb Durbin C Moises Ballesteros OF Ceddanne Rafaela OF Michael Harris II OF Eli White P Chris Sale P Jake Bennett SS Andruw Monasterio,,,
2686,5212077398,pthorpe25 (5/6),0,68.9,1B Matt Olson 2B Ozzie Albies 3B Denzer Guzman C Drake Baldwin OF Ronald Acuna Jr. OF Michael Harris II OF Eli White P Chris Sale P Jake Bennett SS Andruw Monasterio,,,
2689,5212138724,Dricou (5/10),0,68.75,1B Willson Contreras 2B Vaughn Grissom 3B Caleb Durbin C Moises Ballesteros OF Mike Trout OF Ceddanne Rafaela OF Wade Meckler P Gerrit Cole P Jake Bennett SS Zach Neto,,,
2689,5212183662,seth1374 (11/20),0,68.75,1B Willson Contreras 2B Vaughn Grissom 3B Caleb Durbin C Moises Ballesteros OF Mike Trout OF Ceddanne Rafaela OF Wade Meckler P Gerrit Cole P Jake Bennett SS Zach Neto,,,
2691,5212128884,slpendy (10/20),0,68.65,1B Matt Olson 2B Ozzie Albies 3B Austin Riley C Drake Baldwin OF Ronald Acuna Jr. OF Heliot Ramos OF Jahmai Jones P Walbert Urena P Jake Bennett SS Andruw Monasterio,,,
2692,5211865500,SeanDre (1/20),0,68.35,1B Willson Contreras 2B Nick Sogard 3B Tommy White C Brian Serven OF Ceddanne Rafaela OF Jarren Duran OF Lawrence Butler P Chris Sale P Walbert Urena SS Andruw Monasterio,,,
2692,5211926279,mcafeend (3/20),0,68.35,1B Willson Contreras 2B Ozzie Albies 3B Caleb Durbin C Connor Wong OF Ronald Acuna Jr. OF Michael Harris II OF Eli White P Chris Sale P Walbert Urena SS Andruw Monasterio,,,
2692,5212002138,austin60915 (16/20),0,68.35,1B Willson Contreras 2B Vaughn Grissom 3B Caleb Durbin C Drake Baldwin OF Ceddanne Rafaela OF Eli White OF Jahmai Jones P Chris Sale P Walbert Urena SS Zach Neto,,,
2692,5212064692,henry296 (10/20),0,68.35,1B Willson Contreras 2B Vaughn Grissom 3B Caleb Durbin C Drake Baldwin OF Ceddanne Rafaela OF Eli White OF Jahmai Jones P Chris Sale P Walbert Urena SS Zach Neto,,,
2692,5212072919,Whoson1st66 (3/5),0,68.35,1B Nolan Schanuel 2B Nick Sogard 3B Amed Rosario C Drake Baldwin OF Mike Trout OF Michael Harris II OF Henry Bolte P Chris Sale P Walbert Urena SS Jacob Wilson,,,
2692,5212121440,Chadg20 (20/20),0,68.35,1B Willson Contreras 2B Nick Sogard 3B Denzer Guzman C Drake Baldwin OF Ronald Acuna Jr. OF Ceddanne Rafaela OF Eli White P Chris Sale P Walbert Urena SS Andruw Monasterio,,,
2698,5212224507,vstar1300 (6/9),0,68.3,1B Matt Olson 2B Xavier Edwards 3B Austin Riley C Drake Baldwin OF Mike Trout OF Michael Harris II OF Heliot Ramos P Jake Bennett P Gage Jump SS Zach Neto,,,
2699,5211754821,tbjones2121 (1/20),0,68.2,1B Ben Rice 2B Nick Sogard 3B Amed Rosario C Connor Wong OF Ceddanne Rafaela OF Heliot Ramos OF Jarren Duran P Gerrit Cole P Walbert Urena SS Andruw Monasterio,,,
2699,5211913517,ttillie (3/20),0,68.2,1B Willson Contreras 2B Nick Sogard 3B Vaughn Grissom C Jonah Heim OF Mike Trout OF Henry Bolte OF Eli White P Gerrit Cole P Walbert Urena SS Zach Neto,,,
2701,5211854989,jrollins227,0,67.9,1B Willson Contreras 2B Vaughn Grissom 3B Caleb Durbin C Joe Mack OF Ronald Acuna Jr. OF Ceddanne Rafaela OF Jarren Duran P Chris Sale P Jake Bennett SS Alika Williams,,,
2701,5211927557,underdogz2K15 (1/2),0,67.9,1B Matt Olson 2B Ozzie Albies 3B Austin Riley C Jonah Heim OF Ceddanne Rafaela OF Michael Harris II OF Wade Meckler P Chris Sale P Jake Bennett SS Andruw Monasterio,,,
2701,5212124071,ballgame1881 (2/15),0,67.9,1B Matt Olson 2B Nick Sogard 3B Austin Riley C Connor Wong OF Ronald Acuna Jr. OF Ceddanne Rafaela OF Jarren Duran P Chris Sale P Jake Bennett SS Mauricio Dubon,,,
2701,5212242407,BigMart11 (10/20),0,67.9,1B Willson Contreras 2B Nick Sogard 3B Vaughn Grissom C Connor Wong OF Mike Trout OF Ceddanne Rafaela OF Wade Meckler P Chris Sale P Jake Bennett SS Andruw Monasterio,,,
2705,5212064689,henry296 (7/20),0,67.399994,1B Paul Goldschmidt 2B Ozzie Albies 3B Amed Rosario C Drake Baldwin OF Ronald Acuna Jr. OF Michael Harris II OF Heliot Ramos P Walbert Urena P Sandy Alcantara SS Jose Caballero,,,
2706,5211693928,chelseafinest (2/2),0,67.35,1B Matt Olson 2B Ozzie Albies 3B Max Muncy C Jonah Heim OF Tyler Soderstrom OF Trent Grisham OF Eli White P Chris Sale P Walbert Urena SS Jacob Wilson,,,
2706,5212100462,csurunnerccr (14/20),0,67.35,1B Willson Contreras 2B Ozzie Albies 3B Caleb Durbin C Connor Wong OF Mike Trout OF Michael Harris II OF Mike Yastrzemski P Chris Sale P Walbert Urena SS Andruw Monasterio,,,
2706,5212227928,anthjimen (3/5),0,67.35,1B Matt Olson 2B Ozzie Albies 3B Caleb Durbin C Drake Baldwin OF Ceddanne Rafaela OF Griffin Conine OF Mauricio Dubon P Chris Sale P Walbert Urena SS Andruw Monasterio,,,
2709,5212128879,slpendy (5/20),0,67.2,1B Willson Contreras 2B Vaughn Grissom 3B Caleb Durbin C Jonah Heim OF Ceddanne Rafaela OF Heliot Ramos OF Eli White P Gerrit Cole P Walbert Urena SS Andruw Monasterio,,,
2709,5212195432,mister_eddie6 (3/3),0,67.2,1B Willson Contreras 2B Vaughn Grissom 3B Jose Caballero C Connor Wong OF Ceddanne Rafaela OF Jarren Duran OF Jahmai Jones P Gerrit Cole P Walbert Urena SS Zach Neto,,,
2709,5212243537,BuckeyeCity (18/20),0,67.2,1B Willson Contreras 2B Nick Sogard 3B Tommy White C Jonah Heim OF Ceddanne Rafaela OF Heliot Ramos OF Jarren Duran P Gerrit Cole P Walbert Urena SS Andruw Monasterio,,,
2712,5211792426,Swishdakyng (16/20),0,66.9,1B Matt Olson 2B Ozzie Albies 3B Austin Riley C Connor Wong OF Michael Harris II OF Jarren Duran OF Henry Bolte P Chris Sale P Jake Bennett SS Jacob Wilson,,,
2712,5211937428,sportsfan14 (10/20),0,66.9,1B Matt Olson 2B Nick Sogard 3B Caleb Durbin C Connor Wong OF Mike Trout OF Ceddanne Rafaela OF Jarren Duran P Chris Sale P Jake Bennett SS Mauricio Dubon,,,
2712,5212000967,MamaKay1122 (10/13),0,66.9,1B Willson Contreras 2B Vaughn Grissom 3B Javier Sanoja C Connor Wong OF Ronald Acuna Jr. OF Ceddanne Rafaela OF Michael Harris II P Chris Sale P Jake Bennett SS Mauricio Dubon,,,
2712,5212073541,LionKing1957 (1/4),0,66.9,1B Matt Olson 2B Anthony Seigler 3B Caleb Durbin C Drake Baldwin OF Ceddanne Rafaela OF Michael Harris II OF Dominic Smith P Chris Sale P Jake Bennett SS Andruw Monasterio,,,
2712,5212073544,LionKing1957 (4/4),0,66.9,1B Matt Olson 2B Vaughn Grissom 3B Caleb Durbin C Drake Baldwin OF Ceddanne Rafaela OF Michael Harris II OF Dominic Smith P Chris Sale P Jake Bennett SS Andruw Monasterio,,,
2712,5212170252,itrevinoz2 (4/12),0,66.9,1B Willson Contreras 2B Ozzie Albies 3B Denzer Guzman C Drake Baldwin OF Ronald Acuna Jr. OF Mike Trout OF Josh Lowe P Chris Sale P Jake Bennett SS Mauricio Dubon,,,
2712,5212183655,seth1374 (4/20),0,66.9,1B Willson Contreras 2B Vaughn Grissom 3B Caleb Durbin C Moises Ballesteros OF Ceddanne Rafaela OF Jarren Duran OF Wade Meckler P Chris Sale P Jake Bennett SS Andruw Monasterio,,,
2719,5211879579,stevenhenry43211 (17/20),0,66.399994,1B Matt Olson 2B Nick Sogard 3B Jose Caballero C Joe Mack OF Ronald Acuna Jr. OF Mike Trout OF Jarren Duran P Walbert Urena P Sandy Alcantara SS Zach Neto,,,
2720,5212128887,slpendy (13/20),0,66.35,1B Matt Olson 2B Ozzie Albies 3B Caleb Durbin C Brian Serven OF Ronald Acuna Jr. OF Michael Harris II OF Eli White P Chris Sale P Walbert Urena SS Mauricio Dubon,,,
2720,5212205539,BChap71 (5/5),0,66.35,1B Matt Olson 2B Vaughn Grissom 3B Caleb Durbin C Connor Wong OF Ronald Acuna Jr. OF Ceddanne Rafaela OF Wade Meckler P Chris Sale P Walbert Urena SS Andruw Monasterio,,,
2722,5211865510,SeanDre (11/20),0,66.2,1B Paul Goldschmidt 2B Alika Williams 3B Denzer Guzman C Austin Wells OF Mike Trout OF Heliot Ramos OF Jarren Duran P Gerrit Cole P Walbert Urena SS Andruw Monasterio,,,
2722,5211888592,jason0615 (4/4),0,66.2,1B Willson Contreras 2B Ozzie Albies 3B Max Muncy C Jonah Heim OF Ceddanne Rafaela OF Jarren Duran OF Heriberto Hernandez P Gerrit Cole P Walbert Urena SS Jacob Wilson,,,
2724,5211746310,j-wolf05 (5/20),0,65.9,1B Matt Olson 2B Ozzie Albies 3B Vaughn Grissom C Drake Baldwin OF Mike Trout OF Wade Meckler OF Mike Yastrzemski P Chris Sale P Jake Bennett SS Mauricio Dubon,,,
2724,5211937431,sportsfan14 (13/20),0,65.9,1B Willson Contreras 2B Nick Sogard 3B Caleb Durbin C Moises Ballesteros OF Ceddanne Rafaela OF Michael Harris II OF Eli White P Chris Sale P Jake Bennett SS Zach Neto,,,
2724,5212054104,wazzu24 (5/20),0,65.9,1B Kyle Stowers 2B Xavier Edwards 3B Austin Riley C Tyler Heineman OF Mike Trout OF Wade Meckler OF Josh Lowe P Chris Sale P Jake Bennett SS Zach Neto,,,
2724,5212102166,jabberjaww (14/20),0,65.9,1B Nolan Schanuel 2B Ozzie Albies 3B Denzer Guzman C Drake Baldwin OF Ronald Acuna Jr. OF Michael Harris II OF Mauricio Dubon P Chris Sale P Jake Bennett SS Zach Neto,,,
2724,5212170255,itrevinoz2 (7/12),0,65.9,1B Nolan Schanuel 2B Nick Sogard 3B Vaughn Grissom C Tyler Heineman OF Ronald Acuna Jr. OF Mike Trout OF Ceddanne Rafaela P Chris Sale P Jake Bennett SS Zach Neto,,,
2724,5212210650,eharig09 (11/20),0,65.9,1B Matt Olson 2B Ozzie Albies 3B Tommy White C Joe Mack OF Michael Harris II OF Griffin Conine OF Owen Caissie P Chris Sale P Jake Bennett SS Otto Lopez,,,
2730,5211896859,UniversalFriend (1/20),0,65.65,1B Paul Goldschmidt 2B Ozzie Albies 3B Amed Rosario C Austin Wells OF Ronald Acuna Jr. OF Michael Harris II OF Heliot Ramos P Walbert Urena P Jake Bennett SS George Lombard Jr.,,,
2731,5211700013,Sammy.Boy (16/20),0,65.35,1B Willson Contreras 2B Nick Sogard 3B Austin Riley C Drake Baldwin OF Ronald Acuna Jr. OF Jarren Duran OF Eli White P Chris Sale P Walbert Urena SS Andruw Monasterio,,,
2731,5211780349,Anthonykorobellis (17/20),0,65.35,1B Matt Olson 2B Ozzie Albies 3B Austin Riley C Connor Wong OF Ceddanne Rafaela OF Jarren Duran OF Jahmai Jones P Chris Sale P Walbert Urena SS Andruw Monasterio,,,
2731,5211900166,leighton32 (13/13),0,65.35,1B Willson Contreras 2B Alika Williams 3B Tommy White C Brian Serven OF Mike Trout OF Tyler Soderstrom OF Henry Bolte P Chris Sale P Walbert Urena SS Zach Neto,,,
2731,5212103620,KelvinDubs (18/20),0,65.35,1B Willson Contreras 2B Alika Williams 3B Tommy White C Brian Serven OF Mike Trout OF Tyler Soderstrom OF Lawrence Butler P Chris Sale P Walbert Urena SS Zach Neto,,,
2731,5212206075,jjimka66 (10/20),0,65.35,1B Willson Contreras 2B Nick Sogard 3B Austin Riley C Drake Baldwin OF Ronald Acuna Jr. OF Jarren Duran OF Eli White P Chris Sale P Walbert Urena SS Andruw Monasterio,,,
2736,5212064702,henry296 (20/20),0,65.2,1B Paul Goldschmidt 2B Ozzie Albies 3B Jose Caballero C Moises Ballesteros OF Ronald Acuna Jr. OF Trent Grisham OF Heliot Ramos P Gerrit Cole P Walbert Urena SS Zach Neto,,,
2737,5211716700,T41129130907 (3/20),0,64.9,1B Nolan Schanuel 2B Ozzie Albies 3B Austin Riley C Joe Mack OF Ronald Acuna Jr. OF Mike Trout OF Michael Harris II P Chris Sale P Jake Bennett SS Mauricio Dubon,,,
2737,5211746309,j-wolf05 (4/20),0,64.9,1B Willson Contreras 2B Nick Sogard 3B Vaughn Grissom C Drake Baldwin OF Mike Trout OF Ceddanne Rafaela OF Eli White P Chris Sale P Jake Bennett SS Andruw Monasterio,,,
2737,5211981763,Recovering_Bears_Fan (2/3),0,64.9,1B Luis Garcia Jr. 2B Ozzie Albies 3B Caleb Durbin C Drake Baldwin OF Wilyer Abreu OF Jarren Duran OF Wade Meckler P Chris Sale P Jake Bennett SS Jose Caballero,,,
2737,5212049221,chrispy2005 (9/20),0,64.9,1B Willson Contreras 2B Nick Sogard 3B Caleb Durbin C Connor Wong OF Mike Trout OF Ceddanne Rafaela OF Josh Lowe P Chris Sale P Jake Bennett SS Zach Neto,,,
2737,5212110509,JaserD (19/20),0,64.9,1B Matt Olson 2B Ozzie Albies 3B Austin Riley C Moises Ballesteros OF Ronald Acuna Jr. OF Wade Meckler OF Mauricio Dubon P Chris Sale P Jake Bennett SS Zach Neto,,,
2742,5211786286,tonzoo (2/2),0,64.35,1B Nolan Schanuel 2B Vaughn Grissom 3B Caleb Durbin C Connor Wong OF Ronald Acuna Jr. OF Ceddanne Rafaela OF Michael Harris II P Chris Sale P Walbert Urena SS Andruw Monasterio,,,
2742,5211804417,AverageTuesday (19/20),0,64.35,1B Willson Contreras 2B Ozzie Albies 3B Amed Rosario C Austin Wells OF Ronald Acuna Jr. OF Trent Grisham OF Heliot Ramos P Chris Sale P Walbert Urena SS Jose Caballero,,,
2742,5211856999,Bitmeee (7/20),0,64.35,1B Willson Contreras 2B Ozzie Albies 3B Caleb Durbin C Jonah Heim OF Ceddanne Rafaela OF Michael Harris II OF Eli White P Chris Sale P Walbert Urena SS Andruw Monasterio,,,
2742,5211879581,stevenhenry43211 (19/20),0,64.35,1B Kyle Stowers 2B Nick Sogard 3B Jose Caballero C Jonah Heim OF Tyler Soderstrom OF Michael Harris II OF Jarren Duran P Chris Sale P Walbert Urena SS Zach Neto,,,
2742,5211976329,tpyo (14/20),0,64.35,1B Willson Contreras 2B Ozzie Albies 3B Caleb Durbin C Jonah Heim OF Ceddanne Rafaela OF Michael Harris II OF Eli White P Chris Sale P Walbert Urena SS Andruw Monasterio,,,
2742,5212110504,JaserD (14/20),0,64.35,1B Matt Olson 2B Ozzie Albies 3B Vaughn Grissom C Drake Baldwin OF Ceddanne Rafaela OF Michael Harris II OF Jahmai Jones P Chris Sale P Walbert Urena SS Mauricio Dubon,,,
2742,5212185663,JBTribeTime,0,64.35,1B Willson Contreras 2B Vaughn Grissom 3B Tommy White C Connor Wong OF Ronald Acuna Jr. OF Ceddanne Rafaela OF Henry Bolte P Chris Sale P Walbert Urena SS Andruw Monasterio,,,
2749,5211865519,SeanDre (20/20),0,64.2,1B Nolan Schanuel 2B Nick Sogard 3B Vaughn Grissom C Moises Ballesteros OF Mike Trout OF Jarren Duran OF Wade Meckler P Gerrit Cole P Walbert Urena SS Andruw Monasterio,,,
2749,5211987050,ballaholick713 (8/20),0,64.2,1B Ben Rice 2B Nick Sogard 3B Vaughn Grissom C Moises Ballesteros OF Mike Trout OF Jarren Duran OF Wade Meckler P Gerrit Cole P Walbert Urena SS Zach Neto,,,
2751,5211952640,bbehnke20 (13/20),0,63.9,1B Willson Contreras 2B Vaughn Grissom 3B Caleb Durbin C Moises Ballesteros OF Ronald Acuna Jr. OF Ceddanne Rafaela OF Josh Lowe P Chris Sale P Jake Bennett SS Zach Neto,,,
2751,5211970932,jrevelle3 (12/20),0,63.9,1B Matt Olson 2B Ozzie Albies 3B Caleb Durbin C Connor Wong OF Ceddanne Rafaela OF Michael Harris II OF Jarren Duran P Chris Sale P Jake Bennett SS Andruw Monasterio,,,
2751,5212170258,itrevinoz2 (10/12),0,63.9,1B Nolan Schanuel 2B Vaughn Grissom 3B Javier Sanoja C Joe Mack OF Ronald Acuna Jr. OF Mike Trout OF Wade Meckler P Chris Sale P Jake Bennett SS Zach Neto,,,
2754,5212220954,don_al_corleone (5/7),0,63.75,1B Ben Rice 2B Vaughn Grissom 3B Jose Caballero C Moises Ballesteros OF Mike Trout OF Heliot Ramos OF Josh Lowe P Gerrit Cole P Jake Bennett SS Zach Neto,,,
2755,5211980689,rsumrall (9/20),0,63.65,1B Paul Goldschmidt 2B Ozzie Albies 3B Caleb Durbin C Drake Baldwin OF Ronald Acuna Jr. OF Trent Grisham OF Michael Harris II P Walbert Urena P Jake Bennett SS Mauricio Dubon,,,
2755,5211986338,slicksid27 (7/9),0,63.65,1B Kyle Stowers 2B Ozzie Albies 3B Jose Caballero C Austin Wells OF Ronald Acuna Jr. OF Mike Trout OF Tyler Soderstrom P Walbert Urena P Jake Bennett SS Zach Neto,,,
2755,5212077399,pthorpe25 (6/6),0,63.65,1B Matt Olson 2B Ozzie Albies 3B Caleb Durbin C Drake Baldwin OF Ronald Acuna Jr. OF Michael Harris II OF Wade Meckler P Walbert Urena P Jake Bennett SS Andruw Monasterio,,,
2758,5211926193,pat_the_hat2 (11/20),0,63.35,1B Nolan Schanuel 2B Nick Sogard 3B Caleb Durbin C Connor Wong OF Ronald Acuna Jr. OF Ceddanne Rafaela OF Jarren Duran P Chris Sale P Walbert Urena SS Zach Neto,,,
2758,5212081518,Awalker3081 (7/20),0,63.35,1B Willson Contreras 2B Nick Sogard 3B Vaughn Grissom C Connor Wong OF Mike Trout OF Eli White OF Jahmai Jones P Chris Sale P Walbert Urena SS Zach Neto,,,
2758,5212143300,llcoach311,0,63.35,1B Paul Goldschmidt 2B Xavier Edwards 3B Vaughn Grissom C Jonah Heim OF Mike Trout OF Heriberto Hernandez OF Wade Meckler P Chris Sale P Walbert Urena SS Zach Neto,,,
2758,5212256330,lilmaryy (1/11),0,63.35,1B Matt Olson 2B Vaughn Grissom 3B Austin Riley C Connor Wong OF Ronald Acuna Jr. OF Ceddanne Rafaela OF Jahmai Jones P Chris Sale P Walbert Urena SS Zach Neto,,,
2762,5211942995,bassguy39 (15/20),0,63.199997,1B Willson Contreras 2B Vaughn Grissom 3B Caleb Durbin C Tyler Heineman OF Mike Trout OF Ceddanne Rafaela OF Jarren Duran P Gerrit Cole P Walbert Urena SS Andruw Monasterio,,,
2762,5212163372,lklk88088 (7/20),0,63.199997,1B Nolan Schanuel 2B Vaughn Grissom 3B Caleb Durbin C Moises Ballesteros OF Mike Trout OF Ceddanne Rafaela OF Henry Bolte P Gerrit Cole P Walbert Urena SS Zach Neto,,,
2764,5211820276,bellsofwar3 (11/20),0,62.9,1B Nolan Schanuel 2B Ozzie Albies 3B Vaughn Grissom C Drake Baldwin OF Ronald Acuna Jr. OF Wade Meckler OF Josh Lowe P Chris Sale P Jake Bennett SS Zach Neto,,,
2764,5212002132,austin60915 (10/20),0,62.9,1B Kyle Stowers 2B Xavier Edwards 3B Vaughn Grissom C Drake Baldwin OF Mike Trout OF Griffin Conine OF Josh Lowe P Chris Sale P Jake Bennett SS Zach Neto,,,
2764,5212009851,chrism0rgan (15/20),0,62.9,1B Willson Contreras 2B Nick Sogard 3B Caleb Durbin C Connor Wong OF Mike Trout OF Michael Harris II OF Jarren Duran P Chris Sale P Jake Bennett SS Zach Neto,,,
2764,5212029877,markt35 (19/20),0,62.9,1B Nolan Schanuel 2B Vaughn Grissom 3B Denzer Guzman C Connor Wong OF Heriberto Hernandez OF Jakob Marsee OF Wade Meckler P Chris Sale P Jake Bennett SS Zach Neto,,,
2764,5212029878,markt35 (20/20),0,62.9,1B Nolan Schanuel 2B Vaughn Grissom 3B Denzer Guzman C Joe Mack OF Heriberto Hernandez OF Jakob Marsee OF Wade Meckler P Chris Sale P Jake Bennett SS Zach Neto,,,
2764,5212200422,goaliman12 (17/20),0,62.9,1B Matt Olson 2B Ozzie Albies 3B Denzer Guzman C Drake Baldwin OF Michael Harris II OF Wade Meckler OF Mike Yastrzemski P Chris Sale P Jake Bennett SS Zach Neto,,,
2764,5212252020,jeffylube (8/20),0,62.9,1B Matt Olson 2B Vaughn Grissom 3B Austin Riley C Drake Baldwin OF Ronald Acuna Jr. OF Mike Yastrzemski OF Josh Lowe P Chris Sale P Jake Bennett SS Zach Neto,,,
2764,5212252022,jeffylube (10/20),0,62.9,1B Matt Olson 2B Vaughn Grissom 3B Caleb Durbin C Drake Baldwin OF Mike Trout OF Michael Harris II OF Josh Lowe P Chris Sale P Jake Bennett SS Andruw Monasterio,,,
2772,5211866467,az350z (11/20),0,62.75,1B Willson Contreras 2B Vaughn Grissom 3B Caleb Durbin C Connor Wong OF Mike Trout OF Ceddanne Rafaela OF Eli White P Gerrit Cole P Jake Bennett SS Zach Neto,,,
2772,5212110962,xxmiddlefingerxx (2/2),0,62.75,1B Nolan Schanuel 2B Vaughn Grissom 3B Max Muncy C Jonah Heim OF Tyler Soderstrom OF Heriberto Hernandez OF Josh Lowe P Walbert Urena P Gage Jump SS Zach Neto,,,
2772,5212138725,Dricou (6/10),0,62.75,1B Ben Rice 2B Vaughn Grissom 3B Amed Rosario C Moises Ballesteros OF Mike Trout OF Heliot Ramos OF Wade Meckler P Gerrit Cole P Jake Bennett SS Zach Neto,,,
2775,5212181079,JoeNY07 (4/5),0,62.65,1B Matt Olson 2B Alika Williams 3B Jose Caballero C Moises Ballesteros OF Ronald Acuna Jr. OF Tyler Soderstrom OF Ceddanne Rafaela P Walbert Urena P Jake Bennett SS Andruw Monasterio,,,
2776,5212206083,jjimka66 (18/20),0,62.449997,1B Kyle Stowers 2B Vaughn Grissom 3B Denzer Guzman C Tyler Heineman OF Mike Trout OF Ceddanne Rafaela OF Jarren Duran P Chris Sale P Gerrit Cole SS Zach Neto,,,
2776,5212243524,BuckeyeCity (5/20),0,62.449997,1B Willson Contreras 2B Vaughn Grissom 3B Denzer Guzman C Connor Wong OF Mike Trout OF Ceddanne Rafaela OF Eli White P Chris Sale P Gerrit Cole SS Zach Neto,,,
2778,5211734419,kreller17 (5/20),0,62.35,1B Nolan Schanuel 2B Nick Sogard 3B Austin Riley C Tyler Heineman OF Ronald Acuna Jr. OF Mike Trout OF Wade Meckler P Chris Sale P Walbert Urena SS Zach Neto,,,
2778,5211903543,cwthrow24 (10/20),0,62.35,1B Matt Olson 2B Nick Sogard 3B Austin Riley C Drake Baldwin OF Ceddanne Rafaela OF Jarren Duran OF Mike Yastrzemski P Chris Sale P Walbert Urena SS Andruw Monasterio,,,
2778,5212072918,Whoson1st66 (2/5),0,62.35,1B Matt Olson 2B Ozzie Albies 3B Austin Riley C Moises Ballesteros OF Mike Trout OF Henry Bolte OF Wade Meckler P Chris Sale P Walbert Urena SS Jacob Wilson,,,
2778,5212072921,Whoson1st66 (5/5),0,62.35,1B Matt Olson 2B Ozzie Albies 3B Austin Riley C Moises Ballesteros OF Mike Trout OF Henry Bolte OF Wade Meckler P Chris Sale P Walbert Urena SS Jacob Wilson,,,
2778,5212103609,KelvinDubs (7/20),0,62.35,1B Matt Olson 2B Nick Sogard 3B Caleb Durbin C Connor Wong OF Mike Trout OF Ceddanne Rafaela OF Jarren Duran P Chris Sale P Walbert Urena SS Jacob Wilson,,,
2778,5212104126,TY54321 (18/20),0,62.35,1B Willson Contreras 2B Nick Sogard 3B Vaughn Grissom C Drake Baldwin OF Ceddanne Rafaela OF Jarren Duran OF Mike Yastrzemski P Chris Sale P Walbert Urena SS Andruw Monasterio,,,
2778,5212123589,niquisition (15/20),0,62.35,1B Willson Contreras 2B Alika Williams 3B Max Muncy C Drake Baldwin OF Mike Trout OF Tyler Soderstrom OF Eli White P Chris Sale P Walbert Urena SS Jacob Wilson,,,
2778,5212132480,Toney367 (7/20),0,62.35,1B Willson Contreras 2B Vaughn Grissom 3B Caleb Durbin C Moises Ballesteros OF Mike Trout OF Jarren Duran OF Jahmai Jones P Chris Sale P Walbert Urena SS Zach Neto,,,
2778,5212185047,cdt123 (1/11),0,62.35,1B Willson Contreras 2B Ozzie Albies 3B Caleb Durbin C Connor Wong OF Ceddanne Rafaela OF Michael Harris II OF Mauricio Dubon P Chris Sale P Walbert Urena SS Andruw Monasterio,,,
2778,5212209978,SaucyJack1001 (3/4),0,62.35,1B Matt Olson 2B Ozzie Albies 3B Austin Riley C Tyler Heineman OF Ronald Acuna Jr. OF Mike Trout OF Henry Bolte P Chris Sale P Walbert Urena SS Jim Jarvis,,,
2788,5211903550,cwthrow24 (17/20),0,62.199997,1B Willson Contreras 2B Vaughn Grissom 3B Caleb Durbin C Moises Ballesteros OF Mike Trout OF Ceddanne Rafaela OF Eli White P Gerrit Cole P Walbert Urena SS Andruw Monasterio,,,
2788,5212252832,colonelforbin22 (5/6),0,62.199997,1B Nolan Schanuel 2B Vaughn Grissom 3B Caleb Durbin C Brian Serven OF Mike Trout OF Ceddanne Rafaela OF Wade Meckler P Gerrit Cole P Walbert Urena SS Zach Neto,,,
2790,5211792414,Swishdakyng (4/20),0,61.9,1B Matt Olson 2B Ozzie Albies 3B Caleb Durbin C Drake Baldwin OF Michael Harris II OF Heliot Ramos OF Eli White P Chris Sale P Jake Bennett SS Mauricio Dubon,,,
2790,5211896195,jerseyboys,0,61.9,1B Kyle Stowers 2B Nick Sogard 3B Caleb Durbin C Joe Mack OF Mike Trout OF Ceddanne Rafaela OF Jarren Duran P Chris Sale P Jake Bennett SS Zach Neto,,,
2790,5211917281,LTskelter (12/20),0,61.9,1B Nolan Schanuel 2B Vaughn Grissom 3B Denzer Guzman C Drake Baldwin OF Ronald Acuna Jr. OF Michael Harris II OF Wade Meckler P Chris Sale P Jake Bennett SS Zach Neto,,,
2790,5212029876,markt35 (18/20),0,61.9,1B Kyle Stowers 2B Vaughn Grissom 3B Denzer Guzman C Connor Wong OF Heriberto Hernandez OF Jakob Marsee OF Wade Meckler P Chris Sale P Jake Bennett SS Zach Neto,,,
2794,5212100458,csurunnerccr (10/20),0,61.65,1B Matt Olson 2B Ozzie Albies 3B Amed Rosario C Drake Baldwin OF Ronald Acuna Jr. OF Michael Harris II OF Spencer Jones P Walbert Urena P Jake Bennett SS Jose Caballero,,,
2795,5211895995,cowboys767 (18/20),0,61.199997,1B Paul Goldschmidt 2B Vaughn Grissom 3B Jose Caballero C Austin Wells OF Ceddanne Rafaela OF Trent Grisham OF Heliot Ramos P Gerrit Cole P Walbert Urena SS Zach Neto,,,
2796,5211792427,Swishdakyng (17/20),0,60.949997,1B Matt Olson 2B Ozzie Albies 3B Max Muncy C Drake Baldwin OF Ceddanne Rafaela OF Michael Harris II OF Heliot Ramos P Sandy Alcantara P Jake Bennett SS Jim Jarvis,,,
2797,5212121433,Chadg20 (13/20),0,60.9,1B Willson Contreras 2B Vaughn Grissom 3B Caleb Durbin C Drake Baldwin OF Ceddanne Rafaela OF Wade Meckler OF Josh Lowe P Chris Sale P Jake Bennett SS Zach Neto,,,
2797,5212206074,jjimka66 (9/20),0,60.9,1B Willson Contreras 2B Vaughn Grissom 3B Caleb Durbin C Tyler Heineman OF Mike Trout OF Ceddanne Rafaela OF Wade Meckler P Chris Sale P Jake Bennett SS Zach Neto,,,
2797,5212252028,jeffylube (16/20),0,60.9,1B Willson Contreras 2B Vaughn Grissom 3B Caleb Durbin C Connor Wong OF Mike Trout OF Ceddanne Rafaela OF Heliot Ramos P Chris Sale P Jake Bennett SS Andruw Monasterio,,,
2800,5211952647,bbehnke20 (20/20),0,60.75,1B Willson Contreras 2B Vaughn Grissom 3B Denzer Guzman C Drake Baldwin OF Ronald Acuna Jr. OF Mike Trout OF Wade Meckler P Walbert Urena P Gage Jump SS Zach Neto,,,
2800,5211980695,rsumrall (15/20),0,60.75,1B Willson Contreras 2B Vaughn Grissom 3B Caleb Durbin C Connor Wong OF Ceddanne Rafaela OF Heliot Ramos OF Eli White P Gerrit Cole P Jake Bennett SS Zach Neto,,,
2800,5212100457,csurunnerccr (9/20),0,60.75,1B Willson Contreras 2B Vaughn Grissom 3B Denzer Guzman C Connor Wong OF Ceddanne Rafaela OF Heliot Ramos OF Eli White P Gerrit Cole P Jake Bennett SS Andruw Monasterio,,,
2803,5211418738,mikebkmm5 (2/3),0,60.65,1B Willson Contreras 2B Ozzie Albies 3B Caleb Durbin C Drake Baldwin OF Ceddanne Rafaela OF Jarren Duran OF Jahmai Jones P Walbert Urena P Jake Bennett SS Zach Neto,,,
2804,5211913528,ttillie (14/20),0,60.35,1B Matt Olson 2B Vaughn Grissom 3B Caleb Durbin C Connor Wong OF Ronald Acuna Jr. OF Ceddanne Rafaela OF Eli White P Chris Sale P Walbert Urena SS Andruw Monasterio,,,
2804,5212095519,woodreb5 (10/20),0,60.35,1B Matt Olson 2B Nick Sogard 3B Austin Riley C Connor Wong OF Ronald Acuna Jr. OF Ceddanne Rafaela OF Jarren Duran P Chris Sale P Walbert Urena SS Andruw Monasterio,,,
2804,5212204564,mariobr1709 (18/20),0,60.35,1B Matt Olson 2B Nick Sogard 3B Austin Riley C Jonah Heim OF Michael Harris II OF Jarren Duran OF Mike Yastrzemski P Chris Sale P Walbert Urena SS Jim Jarvis,,,
2804,5212242402,BigMart11 (5/20),0,60.35,1B Matt Olson 2B Ozzie Albies 3B Caleb Durbin C Drake Baldwin OF Mike Trout OF Mauricio Dubon OF Eli White P Chris Sale P Walbert Urena SS Andruw Monasterio,,,
2804,5212244809,LILANTHONY94,0,60.35,1B Willson Contreras 2B Vaughn Grissom 3B Austin Riley C Moises Ballesteros OF Mike Trout OF Henry Bolte OF Wade Meckler P Chris Sale P Walbert Urena SS Otto Lopez,,,
2809,5211835210,cachedinar (8/20),0,60.199997,1B Paul Goldschmidt 2B Vaughn Grissom 3B Jose Caballero C Austin Wells OF Mike Trout OF Trent Grisham OF Heliot Ramos P Gerrit Cole P Walbert Urena SS Zach Neto,,,
2809,5211926294,mcafeend (18/20),0,60.199997,1B Willson Contreras 2B Vaughn Grissom 3B Caleb Durbin C Connor Wong OF Mike Trout OF Ceddanne Rafaela OF Heliot Ramos P Gerrit Cole P Walbert Urena SS Andruw Monasterio,,,
2809,5211943000,bassguy39 (20/20),0,60.199997,1B Willson Contreras 2B Vaughn Grissom 3B Caleb Durbin C Connor Wong OF Ceddanne Rafaela OF Heliot Ramos OF Josh Lowe P Gerrit Cole P Walbert Urena SS Andruw Monasterio,,,
2809,5212183667,seth1374 (16/20),0,60.199997,1B Willson Contreras 2B Vaughn Grissom 3B Caleb Durbin C Tyler Heineman OF Mike Trout OF Ceddanne Rafaela OF Wade Meckler P Gerrit Cole P Walbert Urena SS Zach Neto,,,
2813,5211746312,j-wolf05 (7/20),0,59.9,1B Nolan Schanuel 2B Nick Sogard 3B Vaughn Grissom C Drake Baldwin OF Mike Trout OF Ceddanne Rafaela OF Wade Meckler P Chris Sale P Jake Bennett SS Zach Neto,,,
2813,5211856728,Stree (11/20),0,59.9,1B Willson Contreras 2B Nick Sogard 3B Austin Riley C Moises Ballesteros OF Mike Trout OF Michael Harris II OF Wade Meckler P Chris Sale P Jake Bennett SS Zach Neto,,,
2813,5211903548,cwthrow24 (15/20),0,59.9,1B Nolan Schanuel 2B Vaughn Grissom 3B Denzer Guzman C Drake Baldwin OF Mike Trout OF Heriberto Hernandez OF Jakob Marsee P Chris Sale P Jake Bennett SS Zach Neto,,,
2813,5212013384,zandwich (5/20),0,59.9,1B Kyle Stowers 2B Xavier Edwards 3B Austin Riley C Connor Wong OF Mike Trout OF Heliot Ramos OF Heriberto Hernandez P Chris Sale P Jake Bennett SS Zach Neto,,,
2817,5212237286,WinningEverday,0,59.65,1B Nolan Schanuel 2B Vaughn Grissom 3B Caleb Durbin C Drake Baldwin OF Ceddanne Rafaela OF Trent Grisham OF Michael Harris II P Walbert Urena P Jake Bennett SS George Lombard Jr.,,,
2818,5211835206,cachedinar (4/20),0,59.35,1B Nolan Schanuel 2B Ozzie Albies 3B Austin Riley C Drake Baldwin OF Ronald Acuna Jr. OF Mike Yastrzemski OF Josh Lowe P Chris Sale P Walbert Urena SS Zach Neto,,,
2818,5211863191,whoisjohngalt420 (15/20),0,59.35,1B Willson Contreras 2B Ozzie Albies 3B Austin Riley C Drake Baldwin OF Michael Harris II OF Mike Yastrzemski OF Eli White P Chris Sale P Walbert Urena SS Andruw Monasterio,,,
2818,5211926197,pat_the_hat2 (15/20),0,59.35,1B Nolan Schanuel 2B Vaughn Grissom 3B Caleb Durbin C Tyler Heineman OF Mike Trout OF Wade Meckler OF Eli White P Chris Sale P Walbert Urena SS Andruw Monasterio,,,
2818,5211976332,tpyo (17/20),0,59.35,1B Willson Contreras 2B Vaughn Grissom 3B Caleb Durbin C Drake Baldwin OF Ceddanne Rafaela OF Heriberto Hernandez OF Eli White P Chris Sale P Walbert Urena SS Andruw Monasterio,,,
2818,5211980691,rsumrall (11/20),0,59.35,1B Nolan Schanuel 2B Vaughn Grissom 3B Austin Riley C Drake Baldwin OF Ronald Acuna Jr. OF Mike Trout OF Mike Yastrzemski P Chris Sale P Walbert Urena SS Jim Jarvis,,,
2818,5211988456,Recovering_Bears_Fan (3/3),0,59.35,1B Matt Olson 2B Vaughn Grissom 3B Javier Sanoja C Moises Ballesteros OF Wilyer Abreu OF Tyler Soderstrom OF Heriberto Hernandez P Chris Sale P Walbert Urena SS Andruw Monasterio,,,
2818,5212075739,mlief (17/20),0,59.35,1B Ben Rice 2B Vaughn Grissom 3B Austin Riley C Drake Baldwin OF Michael Harris II OF Heliot Ramos OF Mike Yastrzemski P Chris Sale P Walbert Urena SS Mauricio Dubon,,,
2818,5212124959,hgh13,0,59.35,1B Nolan Schanuel 2B Ozzie Albies 3B Caleb Durbin C Jonah Heim OF Ceddanne Rafaela OF Michael Harris II OF Wade Meckler P Chris Sale P Walbert Urena SS Zach Neto,,,
2818,5212225491,rambito (3/20),0,59.35,1B Nick Sogard 2B Vaughn Grissom 3B Denzer Guzman C Connor Wong OF Ronald Acuna Jr. OF Jarren Duran OF Eli White P Chris Sale P Walbert Urena SS Andruw Monasterio,,,
2818,5212246046,snajuice (3/20),0,59.35,1B Matt Olson 2B Ozzie Albies 3B Austin Riley C Connor Wong OF Ronald Acuna Jr. OF Ceddanne Rafaela OF Mauricio Dubon P Chris Sale P Walbert Urena SS Andruw Monasterio,,,
2828,5211811858,Wanna_Square_Up1567 (19/20),0,59.199997,1B Nolan Schanuel 2B Nick Sogard 3B Amed Rosario C Tyler Heineman OF Mike Trout OF Ceddanne Rafaela OF Wade Meckler P Gerrit Cole P Walbert Urena SS Zach Neto,,,
2829,5211945731,aquafinatim (13/20),0,58.9,1B Willson Contreras 2B Vaughn Grissom 3B Denzer Guzman C Moises Ballesteros OF Ronald Acuna Jr. OF Ceddanne Rafaela OF Wade Meckler P Chris Sale P Jake Bennett SS Zach Neto,,,
2830,5211856724,Stree (7/20),0,58.75,1B Matt Olson 2B Ozzie Albies 3B Amed Rosario C Drake Baldwin OF Ronald Acuna Jr. OF Mike Trout OF Heliot Ramos P Walbert Urena P Gage Jump SS Mauricio Dubon,,,
2830,5211900162,leighton32 (9/13),0,58.75,1B Nolan Schanuel 2B Vaughn Grissom 3B Denzer Guzman C Drake Baldwin OF Ronald Acuna Jr. OF Heliot Ramos OF Wade Meckler P Walbert Urena P Gage Jump SS Zach Neto,,,
2830,5212054100,wazzu24 (1/20),0,58.75,1B Matt Olson 2B Ozzie Albies 3B Amed Rosario C Drake Baldwin OF Michael Harris II OF Heliot Ramos OF Mike Yastrzemski P Walbert Urena P Gage Jump SS Jose Caballero,,,
2833,5211903552,cwthrow24 (19/20),0,58.65,1B Matt Olson 2B Ozzie Albies 3B Jose Caballero C Drake Baldwin OF Ronald Acuna Jr. OF Michael Harris II OF Heliot Ramos P Walbert Urena P Jake Bennett SS George Lombard Jr.,,,
2833,5212009996,kozy6813 (2/20),0,58.65,1B Willson Contreras 2B Ozzie Albies 3B Caleb Durbin C Connor Wong OF Ronald Acuna Jr. OF Ceddanne Rafaela OF Michael Harris II P Walbert Urena P Jake Bennett SS Andruw Monasterio,,,
2835,5211842533,Gabe57 (12/20),0,58.399998,1B Willson Contreras 2B Ozzie Albies 3B Amed Rosario C Drake Baldwin OF Ceddanne Rafaela OF Michael Harris II OF Heliot Ramos P Walbert Urena P Sandy Alcantara SS Andruw Monasterio,,,
2836,5212087240,mamakuhn,0,58.35,1B Matt Olson 2B Ozzie Albies 3B Austin Riley C Drake Baldwin OF Ceddanne Rafaela OF Jarren Duran OF Mauricio Dubon P Chris Sale P Walbert Urena SS George Lombard Jr.,,,
2836,5212203616,mrxkronz (1/2),0,58.35,1B Nolan Schanuel 2B Ozzie Albies 3B Vaughn Grissom C Jonah Heim OF Mike Trout OF Michael Harris II OF Wade Meckler P Chris Sale P Walbert Urena SS Jacob Wilson,,,
2838,5212206068,jjimka66 (3/20),0,57.9,1B Matt Olson 2B Ozzie Albies 3B Austin Riley C Connor Wong OF Ronald Acuna Jr. OF Ceddanne Rafaela OF Jarren Duran P Chris Sale P Jake Bennett SS Jim Jarvis,,,
2838,5212252021,jeffylube (9/20),0,57.9,1B Matt Olson 2B Vaughn Grissom 3B Austin Riley C Drake Baldwin OF Ronald Acuna Jr. OF Wade Meckler OF Josh Lowe P Chris Sale P Jake Bennett SS Zach Neto,,,
2840,5211987051,ballaholick713 (9/20),0,57.75,1B Matt Olson 2B Ozzie Albies 3B Austin Riley C Tyler Heineman OF Ronald Acuna Jr. OF Mike Trout OF Michael Harris II P Walbert Urena P Gage Jump SS Zach Neto,,,
2841,5211843782,Boogie1208 (1/2),0,57.65,1B Nick Sogard 2B Ozzie Albies 3B Caleb Durbin C Drake Baldwin OF Ronald Acuna Jr. OF Ceddanne Rafaela OF Jarren Duran P Walbert Urena P Jake Bennett SS Zach Neto,,,
2841,5211856730,Stree (13/20),0,57.65,1B Matt Olson 2B Ozzie Albies 3B Caleb Durbin C Drake Baldwin OF Ronald Acuna Jr. OF Michael Harris II OF Josh Lowe P Walbert Urena P Jake Bennett SS Andruw Monasterio,,,
2841,5212204548,mariobr1709 (2/20),0,57.65,1B Willson Contreras 2B Vaughn Grissom 3B Caleb Durbin C Drake Baldwin OF Mike Trout OF Ceddanne Rafaela OF Jahmai Jones P Walbert Urena P Jake Bennett SS Zach Neto,,,
2844,5211856723,Stree (6/20),0,57.35,1B Nolan Schanuel 2B Vaughn Grissom 3B Caleb Durbin C Jonah Heim OF Ceddanne Rafaela OF Jarren Duran OF Henry Bolte P Chris Sale P Walbert Urena SS Zach Neto,,,
2844,5212111037,SpeedRacer101 (11/20),0,57.35,1B Matt Olson 2B Vaughn Grissom 3B Caleb Durbin C Drake Baldwin OF Ceddanne Rafaela OF Michael Harris II OF Mike Yastrzemski P Chris Sale P Walbert Urena SS Jim Jarvis,,,
2844,5212242412,BigMart11 (15/20),0,57.35,1B Nolan Schanuel 2B Vaughn Grissom 3B Denzer Guzman C Brian Serven OF Ronald Acuna Jr. OF Mike Trout OF Lawrence Butler P Chris Sale P Walbert Urena SS Zach Neto,,,
2847,5212111032,SpeedRacer101 (6/20),0,57.199997,1B Willson Contreras 2B Vaughn Grissom 3B Denzer Guzman C Tyler Heineman OF Mike Trout OF Jarren Duran OF Wade Meckler P Gerrit Cole P Walbert Urena SS Andruw Monasterio,,,
2848,5212156389,cw1tt (5/20),0,56.9,1B Matt Olson 2B Vaughn Grissom 3B Denzer Guzman C Drake Baldwin OF Mike Trout OF Wade Meckler OF Mike Yastrzemski P Chris Sale P Jake Bennett SS Zach Neto,,,
2849,5211811853,Wanna_Square_Up1567 (14/20),0,56.35,1B Willson Contreras 2B Ozzie Albies 3B Caleb Durbin C Connor Wong OF Mike Trout OF Ceddanne Rafaela OF Josh Lowe P Chris Sale P Walbert Urena SS Andruw Monasterio,,,
2849,5211981562,trout10,0,56.35,1B Paul Goldschmidt 2B Ozzie Albies 3B Max Muncy C Connor Wong OF Ronald Acuna Jr. OF Mike Trout OF Jarren Duran P Chris Sale P Walbert Urena SS Jacob Wilson,,,
2849,5212095527,woodreb5 (18/20),0,56.35,1B Willson Contreras 2B Ozzie Albies 3B Caleb Durbin C Drake Baldwin OF Ceddanne Rafaela OF Michael Harris II OF Josh Lowe P Chris Sale P Walbert Urena SS Mauricio Dubon,,,
2852,5212183654,seth1374 (3/20),0,55.9,1B Willson Contreras 2B Vaughn Grissom 3B Caleb Durbin C Connor Wong OF Ceddanne Rafaela OF Jarren Duran OF Wade Meckler P Chris Sale P Jake Bennett SS Zach Neto,,,
2852,5212256331,lilmaryy (2/11),0,55.9,1B Matt Olson 2B Vaughn Grissom 3B Amed Rosario C Drake Baldwin OF Ronald Acuna Jr. OF Mike Trout OF Eli White P Chris Sale P Jake Bennett SS Mauricio Dubon,,,
2854,5212054103,wazzu24 (4/20),0,55.65,1B Willson Contreras 2B Vaughn Grissom 3B Caleb Durbin C Drake Baldwin OF Ceddanne Rafaela OF Jarren Duran OF Jahmai Jones P Walbert Urena P Jake Bennett SS Zach Neto,,,
2855,5211811854,Wanna_Square_Up1567 (15/20),0,55.35,1B Matt Olson 2B Vaughn Grissom 3B Denzer Guzman C Moises Ballesteros OF Ronald Acuna Jr. OF Henry Bolte OF Wade Meckler P Chris Sale P Walbert Urena SS Zach Neto,,,
2855,5211976328,tpyo (13/20),0,55.35,1B Matt Olson 2B Ozzie Albies 3B Austin Riley C Jonah Heim OF Michael Harris II OF Heliot Ramos OF Henry Bolte P Chris Sale P Walbert Urena SS Mauricio Dubon,,,
2855,5212054115,wazzu24 (16/20),0,55.35,1B Willson Contreras 2B Vaughn Grissom 3B Caleb Durbin C Jonah Heim OF Mike Trout OF Jarren Duran OF Eli White P Chris Sale P Walbert Urena SS Andruw Monasterio,,,
2855,5212183657,seth1374 (6/20),0,55.35,1B Willson Contreras 2B Vaughn Grissom 3B Caleb Durbin C Moises Ballesteros OF Ceddanne Rafaela OF Jarren Duran OF Wade Meckler P Chris Sale P Walbert Urena SS Andruw Monasterio,,,
2859,5211926416,champ2015,0,54.9,1B Matt Olson 2B Vaughn Grissom 3B Caleb Durbin C Connor Wong OF Ceddanne Rafaela OF Michael Harris II OF Mauricio Dubon P Chris Sale P Jake Bennett SS Zach Neto,,,
2860,5211857012,Bitmeee (20/20),0,54.35,1B Nolan Schanuel 2B Vaughn Grissom 3B Tommy White C Moises Ballesteros OF Mike Trout OF Tyler Soderstrom OF Henry Bolte P Chris Sale P Walbert Urena SS Zach Neto,,,
2860,5211914049,drunkonpappy (6/20),0,54.35,1B Matt Olson 2B Ozzie Albies 3B Austin Riley C Moises Ballesteros OF Ronald Acuna Jr. OF Michael Harris II OF Josh Lowe P Chris Sale P Walbert Urena SS Andruw Monasterio,,,
2860,5211914053,drunkonpappy (10/20),0,54.35,1B Matt Olson 2B Ozzie Albies 3B Austin Riley C Moises Ballesteros OF Ronald Acuna Jr. OF Henry Bolte OF Josh Lowe P Chris Sale P Walbert Urena SS Zach Neto,,,
2860,5211926324,thundrenterprises (4/20),0,54.35,1B Willson Contreras 2B Ozzie Albies 3B Caleb Durbin C Drake Baldwin OF Ceddanne Rafaela OF Michael Harris II OF Eli White P Chris Sale P Walbert Urena SS Jim Jarvis,,,
2860,5211969104,uvajay (18/20),0,54.35,1B Matt Olson 2B Ozzie Albies 3B Tommy White C Brian Serven OF Ronald Acuna Jr. OF Ceddanne Rafaela OF Michael Harris II P Chris Sale P Walbert Urena SS Jim Jarvis,,,
2860,5212100461,csurunnerccr (13/20),0,54.35,1B Matt Olson 2B Nick Sogard 3B Denzer Guzman C Brian Serven OF Ronald Acuna Jr. OF Ceddanne Rafaela OF Jarren Duran P Chris Sale P Walbert Urena SS Zach Neto,,,
2866,5212195319,cdt123 (6/11),0,54.199997,1B Willson Contreras 2B Vaughn Grissom 3B Caleb Durbin C Connor Wong OF Mike Trout OF Jarren Duran OF Wade Meckler P Gerrit Cole P Walbert Urena SS Zach Neto,,,
2867,5212242410,BigMart11 (13/20),0,53.9,1B Matt Olson 2B Ozzie Albies 3B Vaughn Grissom C Drake Baldwin OF Michael Harris II OF Wade Meckler OF Mauricio Dubon P Chris Sale P Jake Bennett SS Zach Neto,,,
2868,5212072917,Whoson1st66 (1/5),0,53.65,1B Matt Olson 2B Nick Sogard 3B Amed Rosario C Drake Baldwin OF Ronald Acuna Jr. OF Mike Trout OF Josh Lowe P Walbert Urena P Jake Bennett SS Otto Lopez,,,
2869,5211857011,Bitmeee (19/20),0,53.35,1B Matt Olson 2B Ozzie Albies 3B Jose Caballero C Drake Baldwin OF Mike Trout OF Mike Yastrzemski OF Josh Lowe P Chris Sale P Walbert Urena SS Jim Jarvis,,,
2869,5211903540,cwthrow24 (7/20),0,53.35,1B Matt Olson 2B Ozzie Albies 3B Denzer Guzman C Drake Baldwin OF Ronald Acuna Jr. OF Ceddanne Rafaela OF Josh Lowe P Chris Sale P Walbert Urena SS Mauricio Dubon,,,
2869,5212104113,TY54321 (5/20),0,53.35,1B Nolan Schanuel 2B Ozzie Albies 3B Caleb Durbin C Drake Baldwin OF Mike Trout OF Wade Meckler OF Josh Lowe P Chris Sale P Walbert Urena SS Zach Neto,,,
2869,5212163699,TheFH (3/20),0,53.35,1B Matt Olson 2B Ozzie Albies 3B Denzer Guzman C Tyler Heineman OF Ronald Acuna Jr. OF Mike Trout OF Michael Harris II P Chris Sale P Walbert Urena SS Mauricio Dubon,,,
2869,5212230084,anthjimen (4/5),0,53.35,1B Nolan Schanuel 2B Vaughn Grissom 3B Austin Riley C Jonah Heim OF Ronald Acuna Jr. OF Michael Harris II OF Mauricio Dubon P Chris Sale P Walbert Urena SS Zach Neto,,,
2874,5211916583,smk5430 (13/20),0,52.9,1B Nolan Schanuel 2B Vaughn Grissom 3B Caleb Durbin C Moises Ballesteros OF Mike Trout OF Ceddanne Rafaela OF Michael Harris II P Chris Sale P Jake Bennett SS Zach Neto,,,
2875,5212177802,Moneygal,0,52.35,1B Nolan Schanuel 2B Nick Sogard 3B Vaughn Grissom C Drake Baldwin OF Mike Trout OF Wade Meckler OF Mauricio Dubon P Chris Sale P Walbert Urena SS Zach Neto,,,
2876,5211820270,bellsofwar3 (5/20),0,51.9,1B Nolan Schanuel 2B Vaughn Grissom 3B Caleb Durbin C Moises Ballesteros OF Mike Trout OF Ceddanne Rafaela OF Eli White P Chris Sale P Jake Bennett SS Zach Neto,,,
2876,5212163378,lklk88088 (13/20),0,51.9,1B Willson Contreras 2B Nick Sogard 3B Vaughn Grissom C Drake Baldwin OF Ceddanne Rafaela OF Jarren Duran OF Eli White P Chris Sale P Jake Bennett SS Zach Neto,,,
2878,5211767226,Clippy (1/2),0,51.65,1B Willson Contreras 2B Xavier Edwards 3B Austin Riley C Drake Baldwin OF Ronald Acuna Jr. OF Jarren Duran OF Owen Caissie P Walbert Urena P Jake Bennett SS Zach Neto,,,
2878,5211890609,jw1984 (14/20),0,51.65,1B Matt Olson 2B Ozzie Albies 3B Amed Rosario C Drake Baldwin OF Ronald Acuna Jr. OF Michael Harris II OF Heliot Ramos P Walbert Urena P Jake Bennett SS George Lombard Jr.,,,
2878,5212111039,SpeedRacer101 (13/20),0,51.65,1B Paul Goldschmidt 2B Ozzie Albies 3B Austin Riley C Drake Baldwin OF Mike Trout OF Heliot Ramos OF Mauricio Dubon P Walbert Urena P Jake Bennett SS George Lombard Jr.,,,
2878,5212197601,Skralph (17/20),0,51.65,1B Matt Olson 2B Ozzie Albies 3B Jose Caballero C Jonah Heim OF Ronald Acuna Jr. OF Ceddanne Rafaela OF Michael Harris II P Walbert Urena P Jake Bennett SS Mauricio Dubon,,,
2882,5211863183,whoisjohngalt420 (7/20),0,51.35,1B Matt Olson 2B Ozzie Albies 3B Denzer Guzman C Drake Baldwin OF Ceddanne Rafaela OF Michael Harris II OF Mauricio Dubon P Chris Sale P Walbert Urena SS Andruw Monasterio,,,
2882,5211879569,stevenhenry43211 (7/20),0,51.35,1B Nolan Schanuel 2B Nick Sogard 3B Graham Pauley C Connor Wong OF Ronald Acuna Jr. OF Mike Trout OF Ceddanne Rafaela P Chris Sale P Walbert Urena SS Zach Neto,,,
2882,5211882328,jason0615 (2/4),0,51.35,1B Matt Olson 2B Alika Williams 3B Austin Riley C Connor Wong OF Ronald Acuna Jr. OF Mike Trout OF Michael Harris II P Chris Sale P Walbert Urena SS Mauricio Dubon,,,
2882,5211920282,rod288 (9/20),0,51.35,1B Willson Contreras 2B Vaughn Grissom 3B Caleb Durbin C Moises Ballesteros OF Mike Trout OF Ceddanne Rafaela OF Eli White P Chris Sale P Walbert Urena SS Andruw Monasterio,,,
2882,5211926285,mcafeend (9/20),0,51.35,1B Willson Contreras 2B Nick Sogard 3B Denzer Guzman C Moises Ballesteros OF Mike Trout OF Ceddanne Rafaela OF Jarren Duran P Chris Sale P Walbert Urena SS Andruw Monasterio,,,
2882,5211990725,KristianFTM (7/20),0,51.35,1B Nolan Schanuel 2B Nick Sogard 3B Denzer Guzman C Drake Baldwin OF Mike Trout OF Ceddanne Rafaela OF Wade Meckler P Chris Sale P Walbert Urena SS Zach Neto,,,
2882,5212096303,Necreezy (2/3),0,51.35,1B Nolan Schanuel 2B Ozzie Albies 3B Caleb Durbin C Moises Ballesteros OF Mike Trout OF Ceddanne Rafaela OF Wade Meckler P Chris Sale P Walbert Urena SS Zach Neto,,,
2889,5211890613,jw1984 (18/20),0,51.199997,1B Paul Goldschmidt 2B Vaughn Grissom 3B Amed Rosario C Jonah Heim OF Mike Trout OF Wade Meckler OF Josh Lowe P Gerrit Cole P Walbert Urena SS Zach Neto,,,
2889,5212110506,JaserD (16/20),0,51.199997,1B Willson Contreras 2B Vaughn Grissom 3B Caleb Durbin C Connor Wong OF Mike Trout OF Ceddanne Rafaela OF Eli White P Gerrit Cole P Walbert Urena SS Zach Neto,,,
2889,5212199206,dantheman78 (5/20),0,51.199997,1B Willson Contreras 2B Vaughn Grissom 3B Caleb Durbin C Connor Wong OF Mike Trout OF Ceddanne Rafaela OF Eli White P Gerrit Cole P Walbert Urena SS Zach Neto,,,
2892,5211947139,JcClark18 (19/20),0,50.35,1B Willson Contreras 2B Nick Sogard 3B Vaughn Grissom C Drake Baldwin OF Mike Trout OF Jarren Duran OF Eli White P Chris Sale P Walbert Urena SS Andruw Monasterio,,,
2892,5212116126,stock2mail (7/20),0,50.35,1B Nolan Schanuel 2B Vaughn Grissom 3B Denzer Guzman C Drake Baldwin OF Ronald Acuna Jr. OF Michael Harris II OF Wade Meckler P Chris Sale P Walbert Urena SS Zach Neto,,,
2894,5211754833,tbjones2121 (13/20),0,49.65,1B Paul Goldschmidt 2B Ozzie Albies 3B Jose Caballero C Drake Baldwin OF Ronald Acuna Jr. OF Michael Harris II OF Heliot Ramos P Walbert Urena P Jake Bennett SS Mauricio Dubon,,,
2894,5211834115,whoadie50310 (3/4),0,49.65,1B Nolan Schanuel 2B Vaughn Grissom 3B Caleb Durbin C Drake Baldwin OF Ronald Acuna Jr. OF Mike Trout OF Wade Meckler P Walbert Urena P Jake Bennett SS Zach Neto,,,
2894,5211834586,Brick1926,0,49.65,1B Matt Olson 2B Vaughn Grissom 3B Caleb Durbin C Moises Ballesteros OF Ronald Acuna Jr. OF Mike Trout OF Ceddanne Rafaela P Walbert Urena P Jake Bennett SS Andruw Monasterio,,,
2894,5212045314,bmosley21 (8/20),0,49.65,1B Paul Goldschmidt 2B Ozzie Albies 3B Jose Caballero C Drake Baldwin OF Ronald Acuna Jr. OF Michael Harris II OF Heliot Ramos P Walbert Urena P Jake Bennett SS Mauricio Dubon,,,
2898,5212054111,wazzu24 (12/20),0,49.35,1B Matt Olson 2B Vaughn Grissom 3B Tommy White C Moises Ballesteros OF Ronald Acuna Jr. OF Henry Bolte OF Josh Lowe P Chris Sale P Walbert Urena SS Zach Neto,,,
2898,5212143047,TonyCaponey (2/2),0,49.35,1B Nolan Schanuel 2B Jonathan Ornelas 3B Caleb Durbin C Drake Baldwin OF Mike Trout OF Ceddanne Rafaela OF Wade Meckler P Chris Sale P Walbert Urena SS Zach Neto,,,
2900,5211866461,az350z (5/20),0,49.199997,1B Paul Goldschmidt 2B Vaughn Grissom 3B Jose Caballero C Moises Ballesteros OF Mike Trout OF Heliot Ramos OF Wade Meckler P Gerrit Cole P Walbert Urena SS Zach Neto,,,
2900,5212124082,ballgame1881 (13/15),0,49.199997,1B Paul Goldschmidt 2B Vaughn Grissom 3B Amed Rosario C Austin Wells OF Mike Trout OF Ceddanne Rafaela OF Heliot Ramos P Gerrit Cole P Walbert Urena SS Zach Neto,,,
2902,5211804407,AverageTuesday (9/20),0,48.9,1B Willson Contreras 2B Vaughn Grissom 3B Caleb Durbin C Connor Wong OF Mike Trout OF Jarren Duran OF Eli White P Chris Sale P Jake Bennett SS Zach Neto,,,
2902,5211804415,AverageTuesday (17/20),0,48.9,1B Matt Olson 2B Ozzie Albies 3B Vaughn Grissom C Tyler Heineman OF Mike Trout OF Michael Harris II OF Wade Meckler P Chris Sale P Jake Bennett SS Zach Neto,,,
2902,5211857002,Bitmeee (10/20),0,48.9,1B Kyle Stowers 2B Vaughn Grissom 3B Denzer Guzman C Drake Baldwin OF Mike Trout OF Michael Harris II OF Wade Meckler P Chris Sale P Jake Bennett SS Zach Neto,,,
2902,5212111046,SpeedRacer101 (20/20),0,48.9,1B Matt Olson 2B Ozzie Albies 3B Vaughn Grissom C Tyler Heineman OF Mike Trout OF Michael Harris II OF Wade Meckler P Chris Sale P Jake Bennett SS Zach Neto,,,
2906,5211952645,bbehnke20 (18/20),0,48.65,1B Matt Olson 2B Ozzie Albies 3B Austin Riley C Drake Baldwin OF Mike Trout OF Michael Harris II OF Jahmai Jones P Walbert Urena P Jake Bennett SS Zach Neto,,,
2906,5211968435,slicksid27 (2/9),0,48.65,1B Ben Rice 2B Ozzie Albies 3B Caleb Durbin C Moises Ballesteros OF Trent Grisham OF Michael Harris II OF Heliot Ramos P Walbert Urena P Jake Bennett SS Zach Neto,,,
2908,5211865508,SeanDre (9/20),0,48.35,1B Willson Contreras 2B Vaughn Grissom 3B Caleb Durbin C Moises Ballesteros OF Mike Trout OF Jarren Duran OF Eli White P Chris Sale P Walbert Urena SS Andruw Monasterio,,,
2908,5211896871,UniversalFriend (13/20),0,48.35,1B Nolan Schanuel 2B Vaughn Grissom 3B Denzer Guzman C Jonah Heim OF Michael Harris II OF Lawrence Butler OF Josh Lowe P Chris Sale P Walbert Urena SS Zach Neto,,,
2908,5211917272,LTskelter (3/20),0,48.35,1B Nolan Schanuel 2B Vaughn Grissom 3B Caleb Durbin C Drake Baldwin OF Mike Trout OF Wade Meckler OF Eli White P Chris Sale P Walbert Urena SS Zach Neto,,,
2908,5211945723,aquafinatim (5/20),0,48.35,1B Nolan Schanuel 2B Vaughn Grissom 3B Austin Riley C Drake Baldwin OF Mike Trout OF Wade Meckler OF Mike Yastrzemski P Chris Sale P Walbert Urena SS Zach Neto,,,
2908,5212251294,txsr123 (4/20),0,48.35,1B Matt Olson 2B Ozzie Albies 3B Vaughn Grissom C Tyler Heineman OF Ronald Acuna Jr. OF Michael Harris II OF Josh Lowe P Chris Sale P Walbert Urena SS Jim Jarvis,,,
2913,5212045316,bmosley21 (10/20),0,47.65,1B Matt Olson 2B Ozzie Albies 3B Amed Rosario C Drake Baldwin OF Ronald Acuna Jr. OF Heliot Ramos OF Mike Yastrzemski P Walbert Urena P Jake Bennett SS Jose Caballero,,,
2914,5211909323,Kappa212,0,46.9,1B Matt Olson 2B Vaughn Grissom 3B Austin Riley C Connor Wong OF Mike Trout OF Ceddanne Rafaela OF Jarren Duran P Chris Sale P Jake Bennett SS Andruw Monasterio,,,
2915,5212089473,mrclean913 (17/20),0,46.65,1B Ben Rice 2B Vaughn Grissom 3B Caleb Durbin C Moises Ballesteros OF Mike Trout OF Ceddanne Rafaela OF Wade Meckler P Walbert Urena P Jake Bennett SS Zach Neto,,,
2916,5211914054,drunkonpappy (11/20),0,46.35,1B Willson Contreras 2B Ozzie Albies 3B Denzer Guzman C Moises Ballesteros OF Ronald Acuna Jr. OF Michael Harris II OF Josh Lowe P Chris Sale P Walbert Urena SS Zach Neto,,,
2916,5212121436,Chadg20 (16/20),0,46.35,1B Ben Rice 2B Vaughn Grissom 3B Denzer Guzman C Drake Baldwin OF Heliot Ramos OF Wade Meckler OF Josh Lowe P Chris Sale P Walbert Urena SS Zach Neto,,,
2916,5212163705,TheFH (9/20),0,46.35,1B Nolan Schanuel 2B Vaughn Grissom 3B Caleb Durbin C Connor Wong OF Mike Trout OF Ceddanne Rafaela OF Wade Meckler P Chris Sale P Walbert Urena SS Zach Neto,,,
2919,5211811840,Wanna_Square_Up1567 (1/20),0,45.9,1B Willson Contreras 2B Vaughn Grissom 3B Denzer Guzman C Moises Ballesteros OF Mike Trout OF Ceddanne Rafaela OF Heriberto Hernandez P Chris Sale P Jake Bennett SS Zach Neto,,,
2920,5211926291,mcafeend (15/20),0,45.35,1B Matt Olson 2B Ozzie Albies 3B Denzer Guzman C Tyler Heineman OF Ronald Acuna Jr. OF Mike Trout OF Josh Lowe P Chris Sale P Walbert Urena SS Zach Neto,,,
2920,5212248683,Blerud15 (18/20),0,45.35,1B Matt Olson 2B Ozzie Albies 3B Max Muncy C Connor Wong OF Ronald Acuna Jr. OF Michael Harris II OF Eli White P Chris Sale P Walbert Urena SS Jim Jarvis,,,
2922,5211896566,WILDCATBALLERS (16/20),0,44.65,1B Matt Olson 2B Nick Sogard 3B Jose Caballero C Drake Baldwin OF Ronald Acuna Jr. OF Jarren Duran OF Eli White P Walbert Urena P Jake Bennett SS Zach Neto,,,
2922,5212110499,JaserD (9/20),0,44.65,1B Paul Goldschmidt 2B Vaughn Grissom 3B Jose Caballero C Drake Baldwin OF Ronald Acuna Jr. OF Mike Trout OF Wade Meckler P Walbert Urena P Jake Bennett SS Zach Neto,,,
2922,5212206078,jjimka66 (13/20),0,44.65,1B Willson Contreras 2B Ozzie Albies 3B Caleb Durbin C Connor Wong OF Ronald Acuna Jr. OF Ceddanne Rafaela OF Jarren Duran P Walbert Urena P Jake Bennett SS Zach Neto,,,
2925,5211990732,KristianFTM (14/20),0,44.35,1B Matt Olson 2B Vaughn Grissom 3B Denzer Guzman C Moises Ballesteros OF Ronald Acuna Jr. OF Michael Harris II OF Wade Meckler P Chris Sale P Walbert Urena SS Zach Neto,,,
2926,5212049231,chrispy2005 (19/20),0,44.199997,1B Paul Goldschmidt 2B Vaughn Grissom 3B Denzer Guzman C Moises Ballesteros OF Mike Trout OF Trent Grisham OF Heliot Ramos P Gerrit Cole P Walbert Urena SS Zach Neto,,,
2926,5212183669,seth1374 (18/20),0,44.199997,1B Willson Contreras 2B Vaughn Grissom 3B Denzer Guzman C Moises Ballesteros OF Ceddanne Rafaela OF Jarren Duran OF Wade Meckler P Gerrit Cole P Walbert Urena SS Zach Neto,,,
2928,5211693920,chelseafinest (1/2),0,43.65,1B Paul Goldschmidt 2B Vaughn Grissom 3B Amed Rosario C Drake Baldwin OF Ronald Acuna Jr. OF Mike Trout OF Ceddanne Rafaela P Walbert Urena P Jake Bennett SS Andruw Monasterio,,,
2928,5211780347,Anthonykorobellis (15/20),0,43.65,1B Paul Goldschmidt 2B Vaughn Grissom 3B Austin Riley C Drake Baldwin OF Ronald Acuna Jr. OF Mike Trout OF Heliot Ramos P Walbert Urena P Jake Bennett SS Andruw Monasterio,,,
2930,5212031789,slappey22 (4/7),0,43.35,1B Nolan Schanuel 2B Vaughn Grissom 3B Austin Riley C Drake Baldwin OF Mike Trout OF Griffin Conine OF Wade Meckler P Chris Sale P Walbert Urena SS Zach Neto,,,
2930,5212132474,Toney367 (1/20),0,43.35,1B Matt Olson 2B Vaughn Grissom 3B Denzer Guzman C Moises Ballesteros OF Ronald Acuna Jr. OF Michael Harris II OF Mauricio Dubon P Chris Sale P Walbert Urena SS Zach Neto,,,
2932,5211990728,KristianFTM (10/20),0,42.65,1B Paul Goldschmidt 2B Ozzie Albies 3B Jose Caballero C Drake Baldwin OF Ronald Acuna Jr. OF Michael Harris II OF Heliot Ramos P Walbert Urena P Jake Bennett SS Zach Neto,,,
2933,5211914056,drunkonpappy (13/20),0,42.35,1B Willson Contreras 2B Ozzie Albies 3B Austin Riley C Drake Baldwin OF Michael Harris II OF Mauricio Dubon OF Josh Lowe P Chris Sale P Walbert Urena SS Zach Neto,,,
2933,5211947123,JcClark18 (3/20),0,42.35,1B Nolan Schanuel 2B Vaughn Grissom 3B Austin Riley C Drake Baldwin OF Mike Trout OF Wade Meckler OF Mauricio Dubon P Chris Sale P Walbert Urena SS Zach Neto,,,
2933,5212199217,dantheman78 (16/20),0,42.35,1B Nolan Schanuel 2B Vaughn Grissom 3B Denzer Guzman C Moises Ballesteros OF Ronald Acuna Jr. OF Ceddanne Rafaela OF Michael Harris II P Chris Sale P Walbert Urena SS Zach Neto,,,
2936,5211779303,bigdave55er,0,41.65,1B Ben Rice 2B Vaughn Grissom 3B Austin Riley C Moises Ballesteros OF Mike Trout OF Ceddanne Rafaela OF Heliot Ramos P Walbert Urena P Jake Bennett SS Otto Lopez,,,
2937,5212002127,austin60915 (5/20),0,41.35,1B Nolan Schanuel 2B Alika Williams 3B Vaughn Grissom C Drake Baldwin OF Mike Trout OF Michael Harris II OF Wade Meckler P Chris Sale P Walbert Urena SS Zach Neto,,,
2937,5212071619,Joemac58 (2/10),0,41.35,1B Willson Contreras 2B Vaughn Grissom 3B Denzer Guzman C Moises Ballesteros OF Ronald Acuna Jr. OF Michael Harris II OF Josh Lowe P Chris Sale P Walbert Urena SS Zach Neto,,,
2939,5212206085,jjimka66 (20/20),0,40.9,1B Nolan Schanuel 2B Ozzie Albies 3B Vaughn Grissom C Moises Ballesteros OF Mike Trout OF Ceddanne Rafaela OF Jarren Duran P Chris Sale P Jake Bennett SS Zach Neto,,,
2940,5211896563,WILDCATBALLERS (13/20),0,40.65,1B Matt Olson 2B Nick Sogard 3B Austin Riley C Drake Baldwin OF Ronald Acuna Jr. OF Jarren Duran OF Eli White P Walbert Urena P Jake Bennett SS Zach Neto,,,
2940,5212045318,bmosley21 (12/20),0,40.65,1B Paul Goldschmidt 2B Ozzie Albies 3B Amed Rosario C Drake Baldwin OF Ronald Acuna Jr. OF Michael Harris II OF Heliot Ramos P Walbert Urena P Jake Bennett SS Jim Jarvis,,,
2940,5212045323,bmosley21 (17/20),0,40.65,1B Matt Olson 2B Ozzie Albies 3B Denzer Guzman C Drake Baldwin OF Ronald Acuna Jr. OF Michael Harris II OF Heliot Ramos P Walbert Urena P Jake Bennett SS Jose Caballero,,,
2943,5211857009,Bitmeee (17/20),0,40.35,1B Willson Contreras 2B Nick Sogard 3B Denzer Guzman C Connor Wong OF Mike Trout OF Ceddanne Rafaela OF Jarren Duran P Chris Sale P Walbert Urena SS Zach Neto,,,
2943,5211942988,bassguy39 (8/20),0,40.35,1B Matt Olson 2B Vaughn Grissom 3B Denzer Guzman C Drake Baldwin OF Mike Trout OF Michael Harris II OF Josh Lowe P Chris Sale P Walbert Urena SS Andruw Monasterio,,,
2943,5212128892,slpendy (18/20),0,40.35,1B Nolan Schanuel 2B Ozzie Albies 3B Austin Riley C Moises Ballesteros OF Mike Trout OF Michael Harris II OF Wade Meckler P Chris Sale P Walbert Urena SS Zach Neto,,,
2943,5212252031,jeffylube (19/20),0,40.35,1B Matt Olson 2B Vaughn Grissom 3B Denzer Guzman C Drake Baldwin OF Mike Trout OF Jakob Marsee OF Josh Lowe P Chris Sale P Walbert Urena SS Zach Neto,,,
2943,5212256338,lilmaryy (9/11),0,40.35,1B Willson Contreras 2B Ozzie Albies 3B Austin Riley C Connor Wong OF Ceddanne Rafaela OF Michael Harris II OF Jarren Duran P Chris Sale P Walbert Urena SS Mauricio Dubon,,,
2948,5212204556,mariobr1709 (10/20),0,39.35,1B Matt Olson 2B Ozzie Albies 3B Denzer Guzman C Tyler Heineman OF Mike Trout OF Michael Harris II OF Mauricio Dubon P Chris Sale P Walbert Urena SS Zach Neto,,,
2949,5211913519,ttillie (5/20),0,38.65,1B Matt Olson 2B Nick Sogard 3B Vaughn Grissom C Connor Wong OF Ronald Acuna Jr. OF Ceddanne Rafaela OF Michael Harris II P Walbert Urena P Jake Bennett SS Zach Neto,,,
2950,5211926187,pat_the_hat2 (5/20),0,38.35,1B Matt Olson 2B Vaughn Grissom 3B Denzer Guzman C Moises Ballesteros OF Ronald Acuna Jr. OF Ceddanne Rafaela OF Josh Lowe P Chris Sale P Walbert Urena SS Zach Neto,,,
2951,5212013387,zandwich (8/20),0,37.65,1B Nolan Schanuel 2B Vaughn Grissom 3B Denzer Guzman C Drake Baldwin OF Ronald Acuna Jr. OF Mike Trout OF Trent Grisham P Walbert Urena P Jake Bennett SS Zach Neto,,,
2951,5212095516,woodreb5 (7/20),0,37.65,1B Paul Goldschmidt 2B Vaughn Grissom 3B Austin Riley C Drake Baldwin OF Ronald Acuna Jr. OF Trent Grisham OF Heliot Ramos P Walbert Urena P Jake Bennett SS Zach Neto,,,
2953,5211724332,Discostupendously (8/10),0,37.35,1B Matt Olson 2B Vaughn Grissom 3B Denzer Guzman C Moises Ballesteros OF Mike Trout OF Henry Bolte OF Eli White P Chris Sale P Walbert Urena SS Zach Neto,,,
2953,5211780343,Anthonykorobellis (11/20),0,37.35,1B Nolan Schanuel 2B Vaughn Grissom 3B Denzer Guzman C Drake Baldwin OF Mike Trout OF Michael Harris II OF Mauricio Dubon P Chris Sale P Walbert Urena SS Zach Neto,,,
2953,5212071627,Joemac58 (10/10),0,37.35,1B Matt Olson 2B Ozzie Albies 3B Austin Riley C Connor Wong OF Ceddanne Rafaela OF Michael Harris II OF Jarren Duran P Chris Sale P Walbert Urena SS Mauricio Dubon,,,
2956,5212206070,jjimka66 (5/20),0,35.9,1B Matt Olson 2B Vaughn Grissom 3B Denzer Guzman C Moises Ballesteros OF Mike Trout OF Ceddanne Rafaela OF Jarren Duran P Chris Sale P Jake Bennett SS Zach Neto,,,
2957,5211920281,rod288 (8/20),0,35.65,1B Ben Rice 2B Vaughn Grissom 3B Denzer Guzman C Drake Baldwin OF Mike Trout OF Heliot Ramos OF Wade Meckler P Walbert Urena P Jake Bennett SS Zach Neto,,,
2957,5212045326,bmosley21 (20/20),0,35.65,1B Matt Olson 2B Vaughn Grissom 3B Austin Riley C Drake Baldwin OF Ronald Acuna Jr. OF Michael Harris II OF Heliot Ramos P Walbert Urena P Jake Bennett SS Jose Caballero,,,
2957,5212123575,niquisition (1/20),0,35.65,1B Matt Olson 2B Ozzie Albies 3B Amed Rosario C Drake Baldwin OF Mike Trout OF Heliot Ramos OF Mike Yastrzemski P Walbert Urena P Jake Bennett SS Mauricio Dubon,,,
2960,5212089461,mrclean913 (5/20),0,34.35,1B Matt Olson 2B Vaughn Grissom 3B Denzer Guzman C Drake Baldwin OF Mike Trout OF Wade Meckler OF Eli White P Chris Sale P Walbert Urena SS Zach Neto,,,
2961,5211896570,WILDCATBALLERS (20/20),0,33.65,1B Matt Olson 2B Ozzie Albies 3B Jose Caballero C Moises Ballesteros OF Ronald Acuna Jr. OF Jarren Duran OF Eli White P Walbert Urena P Jake Bennett SS Zach Neto,,,
2962,5212045317,bmosley21 (11/20),0,32.65,1B Matt Olson 2B Vaughn Grissom 3B Amed Rosario C Drake Baldwin OF Ronald Acuna Jr. OF Michael Harris II OF Heliot Ramos P Walbert Urena P Jake Bennett SS Mauricio Dubon,,,
2963,5211923419,theoldyounging (1/2),0,30.650002,1B Willson Contreras 2B Vaughn Grissom 3B Jose Caballero C Drake Baldwin OF Mike Trout OF Ceddanne Rafaela OF Mauricio Dubon P Walbert Urena P Jake Bennett SS Zach Neto,,,
2964,5211896567,WILDCATBALLERS (17/20),0,28.650002,1B Matt Olson 2B Nick Sogard 3B Austin Riley C Drake Baldwin OF Mike Trout OF Jarren Duran OF Eli White P Walbert Urena P Jake Bennett SS Zach Neto,,,
2965,5212097103,Oscaralatorre53,0,20.650002,1B Matt Olson 2B Jazz Chisholm Jr. 3B Austin Riley C Tyler Heineman OF Mike Trout OF Trent Grisham OF Jarren Duran P Walbert Urena P Jake Bennett SS Zach Neto,,,
2966,5212077746,AlbatrossBOS,0,0,,,,
2966,5212144110,bilbrd69 (1/5),0,0,,,,
2966,5212144148,bilbrd69 (2/5),0,0,,,,
2966,5212144167,bilbrd69 (3/5),0,0,,,,
2966,5212150777,bilbrd69 (4/5),0,0,,,,
2966,5212150857,bilbrd69 (5/5),0,0,,,,
2966,5212151255,DutchMamba,0,0,,,,
