Rank,EntryId,EntryName,TimeRemaining,Points,Lineup,,Player,Roster Position,%Drafted,FPTS
1,5220393360,Tarheels3,0,171.7,1B Alec Bohm 2B Xavier Edwards 3B Javier Sanoja C Agustin Ramirez OF Corbin Carroll OF Heriberto Hernandez OF Esteury Ruiz P Dylan Cease P Christian Scott SS Francisco Lindor,,Dylan Cease,P,58.10%,27.25
2,5220387062,sweetp3t3,0,169.7,1B Alec Bohm 2B Xavier Edwards 3B Javier Sanoja C Agustin Ramirez OF Bryce Harper OF Heriberto Hernandez OF Justin Crawford P Dylan Cease P Christian Scott SS Otto Lopez,,Francisco Lindor,SS,39.37%,7
3,5220505868,Drew8513,0,167.55,1B Jared Young 2B Xavier Edwards 3B Javier Sanoja C Agustin Ramirez OF Kody Clemens OF Heriberto Hernandez OF Esteury Ruiz P Dylan Cease P Eury Perez SS Francisco Lindor,,Eury Perez,P,37.41%,19.3
4,5220625015,jkelner,0,165.55,1B Alec Bohm 2B Xavier Edwards 3B Javier Sanoja C Agustin Ramirez OF Corbin Carroll OF Heriberto Hernandez OF Tim Tawa P Dylan Cease P Eury Perez SS Otto Lopez,,Corbin Carroll,OF,27.09%,8
5,5220313250,bbrvan,0,164.55,1B Jared Young 2B Xavier Edwards 3B Bo Bichette C Agustin Ramirez OF Heriberto Hernandez OF Esteury Ruiz OF Javier Sanoja P Dylan Cease P Eury Perez SS Francisco Lindor,,Carson Benge,OF,25.07%,0
6,5220211966,LOCNOTM,0,161.55,1B Jared Young 2B Xavier Edwards 3B Manny Machado C Agustin Ramirez OF Heriberto Hernandez OF Luis Rengifo OF Javier Sanoja P Dylan Cease P Eury Perez SS Otto Lopez,,Sean Burke,P,25.07%,0.95
7,5220514729,broncos21,0,160.7,1B Rafael Flores Jr. 2B Xavier Edwards 3B Javier Sanoja C Agustin Ramirez OF Bryan Reynolds OF Jake Mangum OF Heriberto Hernandez P Dylan Cease P Christian Scott SS Otto Lopez,,Heriberto Hernandez,OF,24.28%,20
7,5220619609,madballnj,0,160.7,1B Alec Bohm 2B Luis Arraez 3B Leo Jimenez C Agustin Ramirez OF Bryce Harper OF Heriberto Hernandez OF Javier Sanoja P Dylan Cease P Christian Scott SS Otto Lopez,,Christian Scott,P,23.95%,21.45
9,5220172816,ivymoose,0,159.55,1B Alec Bohm 2B Luis Arraez 3B Bryson Stott C Agustin Ramirez OF Heriberto Hernandez OF Javier Sanoja OF Edmundo Sosa P Dylan Cease P Eury Perez SS Otto Lopez,,Agustin Ramirez,C,23.22%,21
10,5220389464,Wanna_Square_Up1567,0,157.7,1B Matt Olson 2B Bryson Stott 3B Leo Jimenez C Agustin Ramirez OF Michael Harris II OF Heriberto Hernandez OF Javier Sanoja P Dylan Cease P Christian Scott SS Otto Lopez,,Jared Young,1B,22.77%,12
11,5220465785,dvjr1983,0,155.55,1B Jared Young 2B Xavier Edwards 3B Bo Bichette C Agustin Ramirez OF Carson Benge OF Heriberto Hernandez OF Javier Sanoja P Dylan Cease P Ryan Weathers SS Otto Lopez,,A.J. Ewing,OF,19.01%,2
12,5220568308,boundsb2323,0,154.7,1B Josh Bell 2B Royce Lewis 3B Brooks Lee C Agustin Ramirez OF Kody Clemens OF Trevor Larnach OF Javier Sanoja P Dylan Cease P Christian Scott SS Francisco Lindor,,Gabriel Moreno,C,15.26%,14
13,5220675506,fantasynerd,0,154.6,1B Matt Olson 2B Brett Baty 3B Alec Bohm C Agustin Ramirez OF Ronald Acuna Jr. OF Heriberto Hernandez OF Mike Yastrzemski P Eury Perez P Ryan Weathers SS Francisco Lindor,,Kyle Schwarber,1B,13.74%,9
14,5220557045,dhmo831,0,154.55,1B Abimelec Ortiz 2B Xavier Edwards 3B Leo Jimenez C Agustin Ramirez OF Bryce Harper OF Heriberto Hernandez OF Javier Sanoja P Dylan Cease P Eury Perez SS Francisco Lindor,,Bryce Harper,OF,12.90%,9
15,5220567846,cheeseisgood,0,154.05,1B Matt Olson 2B Xavier Edwards 3B Javier Sanoja C Agustin Ramirez OF Corbin Carroll OF Heriberto Hernandez OF Mike Yastrzemski P Dylan Cease P Dean Kremer SS Otto Lopez,,Bryson Stott,3B,12.84%,5
16,5220654044,alexyudelson,0,153.75,1B Matt Olson 2B Xavier Edwards 3B Charles McAdoo C Drake Baldwin OF Heriberto Hernandez OF Jakob Marsee OF Javier Sanoja P Dylan Cease P Bryce Elder SS Otto Lopez,,Geraldo Perdomo,SS,12.79%,0
17,5220037428,mwiller77,0,153.7,1B Rafael Flores Jr. 2B Brandon Lowe 3B Javier Sanoja C Agustin Ramirez OF Esmerlyn Valdez OF Heriberto Hernandez OF Jakob Marsee P Dylan Cease P Christian Scott SS Otto Lopez,,Byron Buxton,OF,12.73%,0
18,5220408156,Jflo_11,0,153.6,1B Kyle Schwarber 2B Xavier Edwards 3B Brooks Lee C Agustin Ramirez OF Trevor Larnach OF Heriberto Hernandez OF Javier Sanoja P Eury Perez P Ryan Weathers SS Otto Lopez,,Bryson Stott,2B,12.56%,5
19,5220337886,DraftKingsEAD,0,153.55,1B Josh Bell 2B Royce Lewis 3B Brooks Lee C Agustin Ramirez OF Kody Clemens OF Heriberto Hernandez OF Esteury Ruiz P Dylan Cease P Eury Perez SS Kaelen Culpepper,,Ryan Weathers,P,11.72%,18.3
20,5220414137,Hallemary,0,151.55,1B Jared Young 2B Kody Clemens 3B Brooks Lee C Agustin Ramirez OF Byron Buxton OF Heriberto Hernandez OF Esteury Ruiz P Dylan Cease P Eury Perez SS Jared Triolo,,Otto Lopez,SS,11.22%,7
20,5220472511,cjhartley91,0,151.55,1B Abimelec Ortiz 2B Xavier Edwards 3B Javier Sanoja C Agustin Ramirez OF Corbin Carroll OF Heriberto Hernandez OF Esteury Ruiz P Dylan Cease P Eury Perez SS Geraldo Perdomo,,Ketel Marte,2B,10.71%,4
20,5220596611,tjshearer21,0,151.55,1B Jared Young 2B Kody Clemens 3B Brooks Lee C Agustin Ramirez OF Byron Buxton OF Heriberto Hernandez OF Esteury Ruiz P Dylan Cease P Eury Perez SS Jared Triolo,,Xavier Edwards,2B,10.15%,14
20,5220698532,The_Created_Void,0,151.55,1B Abimelec Ortiz 2B Kody Clemens 3B Leo Jimenez C Agustin Ramirez OF Heriberto Hernandez OF Esteury Ruiz OF Javier Sanoja P Dylan Cease P Eury Perez SS CJ Abrams,,Bo Bichette,3B,10.15%,16
24,5220578187,Nuggets33,0,150.7,1B Ty France 2B Xavier Edwards 3B Javier Sanoja C Agustin Ramirez OF Fernando Tatis Jr. OF Heriberto Hernandez OF Gavin Sheets P Dylan Cease P Christian Scott SS Otto Lopez,,Josh Bell,1B,8.75%,5
25,5220179128,mitchellmorse30,0,150.55,1B Abimelec Ortiz 2B Xavier Edwards 3B Javier Sanoja C Agustin Ramirez OF George Springer OF Heriberto Hernandez OF Esteury Ruiz P Dylan Cease P Eury Perez SS Francisco Lindor,,Trevor Larnach,OF,8.69%,5
26,5220545478,jayzuus,0,149.7,1B Kyle Schwarber 2B Xavier Edwards 3B Leo Jimenez C Agustin Ramirez OF Fernando Tatis Jr. OF Heriberto Hernandez OF Javier Sanoja P Dylan Cease P Christian Scott SS Edmundo Sosa,,Luis Arraez,2B,8.41%,7
27,5220447089,mzubs11,0,149.55,1B Kyle Schwarber 2B Bryson Stott 3B Alec Bohm C Gabriel Moreno OF Heriberto Hernandez OF Javier Sanoja OF Justin Crawford P Dylan Cease P Eury Perez SS Jared Triolo,,Luis Torrens,C,8.36%,16
27,5220629653,sixfootfive,0,149.55,1B Alec Bohm 2B Xavier Edwards 3B Leo Jimenez C Agustin Ramirez OF Corbin Carroll OF Jarren Duran OF Javier Sanoja P Dylan Cease P Eury Perez SS Otto Lopez,,Wilyer Abreu,OF,8.24%,2
29,5220489905,FlyingBurritos,0,148.75,1B Munetaka Murakami 2B Sam Antonacci 3B Miguel Vargas C Agustin Ramirez OF Heriberto Hernandez OF Jakob Marsee OF Javier Sanoja P Eury Perez P Christian Scott SS Otto Lopez,,Matt Olson,1B,8.19%,25
30,5220734563,jab76r,0,148.7,1B Josh Bell 2B Xavier Edwards 3B Javier Sanoja C Agustin Ramirez OF Michael Harris II OF Trevor Larnach OF Heriberto Hernandez P Dylan Cease P Christian Scott SS Otto Lopez,,Drake Baldwin,C,8.02%,14
31,5220661080,slicknative,0,148.55,1B Alec Bohm 2B Xavier Edwards 3B Bryson Stott C Agustin Ramirez OF Heriberto Hernandez OF Esteury Ruiz OF Max Kepler P Dylan Cease P Ryan Weathers SS Otto Lopez,,Alejandro Kirk,C,7.80%,5
32,5220498167,Pinneyaj,0,148.05,1B Alec Bohm 2B Xavier Edwards 3B Bryson Stott C Agustin Ramirez OF Bryce Harper OF Heriberto Hernandez OF Javier Sanoja P Dylan Cease P Patrick Sandoval SS Otto Lopez,,Javier Sanoja,3B,7.63%,20
32,5220683114,walleyehanson,0,148.05,1B Munetaka Murakami 2B Xavier Edwards 3B Javier Sanoja C Agustin Ramirez OF Sam Antonacci OF Heriberto Hernandez OF Braden Montgomery P Dylan Cease P Dean Kremer SS Otto Lopez,,Michael Harris II,OF,7.57%,8
34,5220458556,eaglesnation83,0,147.9,1B Alec Bohm 2B Kody Clemens 3B Brooks Lee C Drake Baldwin OF Michael Harris II OF Esmerlyn Valdez OF Brandon Marsh P Dylan Cease P Drew Anderson SS Kaelen Culpepper,,Andrew Painter,P,7.40%,-0.75
35,5220681573,DuceIsWild,0,147.7,1B Jared Young 2B Ketel Marte 3B Eugenio Suarez C Agustin Ramirez OF Corbin Carroll OF Heriberto Hernandez OF Javier Sanoja P Dylan Cease P Christian Scott SS Francisco Lindor,,Patrick Sandoval,P,7.01%,-0.2
36,5220362391,burritobryan,0,147.55,1B Kyle Schwarber 2B Bryson Stott 3B Alec Bohm C Agustin Ramirez OF Heriberto Hernandez OF Esteury Ruiz OF Justin Crawford P Dylan Cease P Eury Perez SS Edmundo Sosa,,Brandon Marsh,OF,7.01%,2
36,5220397456,tbf129,0,147.55,1B Jared Young 2B Brett Baty 3B Javier Sanoja C Agustin Ramirez OF Fernando Tatis Jr. OF Heriberto Hernandez OF Esteury Ruiz P Dylan Cease P Eury Perez SS Francisco Lindor,,Nolan Arenado,3B,6.90%,0
36,5220574836,LinkSinc,0,147.55,1B Abimelec Ortiz 2B Xavier Edwards 3B Brady House C Agustin Ramirez OF Heriberto Hernandez OF Jacob Young OF Javier Sanoja P Dylan Cease P Eury Perez SS Otto Lopez,,Alec Bohm,3B,6.84%,25
39,5220526659,jettyray,0,146.75,1B Josh Bell 2B Xavier Edwards 3B Brooks Lee C Agustin Ramirez OF Byron Buxton OF Kody Clemens OF Heriberto Hernandez P Eury Perez P Christian Scott SS Otto Lopez,,Ceddanne Rafaela,OF,6.73%,0
40,5220466467,Pjg1979,0,146.55,1B Abimelec Ortiz 2B Ketel Marte 3B Charles McAdoo C Agustin Ramirez OF Corbin Carroll OF Heriberto Hernandez OF Javier Sanoja P Dylan Cease P Eury Perez SS Francisco Lindor,,Ronald Acuna Jr.,OF,6.67%,12
40,5220612283,jm.foster,0,146.55,1B Jared Young 2B Jorge Polanco 3B Bo Bichette C Agustin Ramirez OF Kody Clemens OF Carson Benge OF Heriberto Hernandez P Dylan Cease P Eury Perez SS Francisco Lindor,,Rafael Flores Jr.,C,6.62%,7
42,5220071788,rolltidechamps,0,145.75,1B Matt Olson 2B Kody Clemens 3B Miguel Vargas C Drake Baldwin OF Javier Sanoja OF Mike Yastrzemski OF Tim Tawa P Eury Perez P Christian Scott SS Francisco Lindor,,Abimelec Ortiz,1B,6.56%,14
43,5219960408,gilbertformvp,0,145.55,1B Charles McAdoo 2B Xavier Edwards 3B Javier Sanoja C Agustin Ramirez OF Corbin Carroll OF Heriberto Hernandez OF Luis Robert Jr. P Dylan Cease P Eury Perez SS Otto Lopez,,Brett Bateman,OF,6.56%,0
43,5220279717,csurunnerccr,0,145.55,1B Nick Sogard 2B Xavier Edwards 3B Javier Sanoja C Agustin Ramirez OF Ceddanne Rafaela OF Heriberto Hernandez OF Luis Rengifo P Dylan Cease P Eury Perez SS Otto Lopez,,Sam Antonacci,2B,6.51%,6
43,5220371815,vicxy10,0,145.55,1B Bryce Harper 2B Xavier Edwards 3B Javier Sanoja C Agustin Ramirez OF Heriberto Hernandez OF Edmundo Sosa OF Brett Bateman P Dylan Cease P Eury Perez SS Otto Lopez,,Jackson Merrill,OF,6.51%,7
46,5220180750,kldawg72179,0,145.35,1B Kyle Schwarber 2B Xavier Edwards 3B Charles McAdoo C Agustin Ramirez OF Heriberto Hernandez OF Javier Sanoja OF Brett Bateman P Dylan Cease P Casey Mize SS Otto Lopez,,Jorge Polanco,2B,6.23%,5
47,5219970490,LASGolf1985,0,144.7,1B Ty France 2B Jake Cronenworth 3B Javier Sanoja C Agustin Ramirez OF Fernando Tatis Jr. OF Heriberto Hernandez OF Esteury Ruiz P Dylan Cease P Christian Scott SS Otto Lopez,,Kody Clemens,OF,6.11%,19
47,5220105468,prettihunter3,0,144.7,1B Bryce Harper 2B Xavier Edwards 3B Bryson Stott C Agustin Ramirez OF Heriberto Hernandez OF Javier Sanoja OF Brett Bateman P Dylan Cease P Christian Scott SS Otto Lopez,,Royce Lewis,2B,5.95%,9
49,5220621878,icealford,0,144.55,1B Abimelec Ortiz 2B Xavier Edwards 3B Jorge Polanco C Agustin Ramirez OF Daylen Lile OF Heriberto Hernandez OF Javier Sanoja P Dylan Cease P Eury Perez SS CJ Abrams,,Fernando Tatis Jr.,OF,5.83%,6
50,5220321177,sapadon,0,143.55,1B Jared Young 2B Xavier Edwards 3B Javier Sanoja C Luis Torrens OF Corbin Carroll OF Carson Benge OF Heriberto Hernandez P Dylan Cease P Eury Perez SS Francisco Lindor,,Luis Robert Jr.,OF,5.83%,3
50,5220440212,allidoisnap,0,143.55,1B Jared Young 2B Ketel Marte 3B Jorge Polanco C Agustin Ramirez OF Corbin Carroll OF Heriberto Hernandez OF Javier Sanoja P Dylan Cease P Eury Perez SS Francisco Lindor,,Brooks Lee,3B,5.83%,20
50,5220574512,MrM86,0,143.55,1B Abimelec Ortiz 2B Ketel Marte 3B Leo Jimenez C Agustin Ramirez OF Corbin Carroll OF Heriberto Hernandez OF Javier Sanoja P Dylan Cease P Eury Perez SS Otto Lopez,,Kaelen Culpepper,SS,5.78%,5
53,5220465735,duffydb69,0,142.75,1B Matt Olson 2B Ozzie Albies 3B Bo Bichette C Connor Wong OF Ronald Acuna Jr. OF George Springer OF Edmundo Sosa P Dylan Cease P Bryce Elder SS Andres Gimenez,,Eugenio Suarez,3B,5.78%,7
54,5220241672,LoganGrewe50,0,142.55,1B Jared Young 2B Royce Lewis 3B Bryson Stott C Agustin Ramirez OF A.J. Ewing OF Heriberto Hernandez OF Javier Sanoja P Dylan Cease P Eury Perez SS Otto Lopez,,Javier Sanoja,OF,5.72%,20
54,5220300608,lurch123,0,142.55,1B Jared Young 2B Royce Lewis 3B Bryson Stott C Agustin Ramirez OF A.J. Ewing OF Heriberto Hernandez OF Javier Sanoja P Dylan Cease P Eury Perez SS Otto Lopez,,Munetaka Murakami,1B,5.61%,16
54,5220314148,Troha77,0,142.55,1B Jared Young 2B Royce Lewis 3B Bryson Stott C Agustin Ramirez OF A.J. Ewing OF Heriberto Hernandez OF Javier Sanoja P Dylan Cease P Eury Perez SS Otto Lopez,,Charles McAdoo,3B,5.50%,6
54,5220329476,supremexjp,0,142.55,1B Jared Young 2B Xavier Edwards 3B Javier Sanoja C Agustin Ramirez OF Carson Benge OF A.J. Ewing OF Heriberto Hernandez P Dylan Cease P Eury Perez SS Otto Lopez,,Bryce Elder,P,5.44%,18.5
54,5220406917,JRizzo88,0,142.55,1B Jared Young 2B Royce Lewis 3B Bryson Stott C Agustin Ramirez OF A.J. Ewing OF Heriberto Hernandez OF Javier Sanoja P Dylan Cease P Eury Perez SS Otto Lopez,,Steven Kwan,OF,5.44%,0
54,5220422241,rsulzener,0,142.55,1B Jared Young 2B Royce Lewis 3B Bryson Stott C Agustin Ramirez OF A.J. Ewing OF Heriberto Hernandez OF Javier Sanoja P Dylan Cease P Eury Perez SS Otto Lopez,,Kody Clemens,2B,5.33%,19
54,5220424619,bvarjas,0,142.55,1B Jared Young 2B Royce Lewis 3B Bryson Stott C Agustin Ramirez OF A.J. Ewing OF Heriberto Hernandez OF Javier Sanoja P Dylan Cease P Eury Perez SS Otto Lopez,,George Springer,OF,5.27%,0
54,5220443593,calsmash,0,142.55,1B Jared Young 2B Xavier Edwards 3B Javier Sanoja C Agustin Ramirez OF Carson Benge OF A.J. Ewing OF Heriberto Hernandez P Dylan Cease P Eury Perez SS Francisco Lindor,,Mike Yastrzemski,OF,5.16%,0
54,5220492584,Wolverines1016,0,142.55,1B Abimelec Ortiz 2B Xavier Edwards 3B Javier Sanoja C Keibert Ruiz OF Heriberto Hernandez OF Esteury Ruiz OF Jacob Young P Dylan Cease P Eury Perez SS Otto Lopez,,Adley Rutschman,C,5.05%,2
54,5220505697,SnowGoon99,0,142.55,1B Jared Young 2B Xavier Edwards 3B Javier Sanoja C Agustin Ramirez OF Carson Benge OF A.J. Ewing OF Heriberto Hernandez P Dylan Cease P Eury Perez SS Otto Lopez,,Esteury Ruiz,OF,4.99%,8
54,5220532001,Dcline3333,0,142.55,1B Jared Young 2B Xavier Edwards 3B Javier Sanoja C Agustin Ramirez OF Carson Benge OF A.J. Ewing OF Heriberto Hernandez P Dylan Cease P Eury Perez SS Francisco Lindor,,Dean Kremer,P,4.99%,11.8
54,5220556893,mattf19,0,142.55,1B Jared Young 2B Xavier Edwards 3B Javier Sanoja C Agustin Ramirez OF Carson Benge OF A.J. Ewing OF Heriberto Hernandez P Dylan Cease P Eury Perez SS Francisco Lindor,,Jake Cronenworth,2B,4.88%,14
54,5220583248,Bert201,0,142.55,1B Jared Young 2B Royce Lewis 3B Bryson Stott C Agustin Ramirez OF A.J. Ewing OF Heriberto Hernandez OF Javier Sanoja P Dylan Cease P Eury Perez SS Otto Lopez,,Tim Tawa,OF,4.88%,4
54,5220584954,echad252,0,142.55,1B Jared Young 2B Royce Lewis 3B Bryson Stott C Agustin Ramirez OF A.J. Ewing OF Heriberto Hernandez OF Javier Sanoja P Dylan Cease P Eury Perez SS Otto Lopez,,Victor Caratini,C,4.88%,2
54,5220608731,blaira33,0,142.55,1B Jared Young 2B Royce Lewis 3B Bryson Stott C Agustin Ramirez OF A.J. Ewing OF Heriberto Hernandez OF Javier Sanoja P Dylan Cease P Eury Perez SS Otto Lopez,,Miguel Vargas,3B,4.77%,16
54,5220676134,beek10,0,142.55,1B Matt Olson 2B Brett Baty 3B Colt Keith C Agustin Ramirez OF Ronald Acuna Jr. OF Dominic Smith OF Daz Cameron P Dylan Cease P Eury Perez SS Geraldo Perdomo,,Brett Baty,2B,4.66%,7
54,5220703641,delersh1,0,142.55,1B Kyle Schwarber 2B Xavier Edwards 3B Nick Yorke C Agustin Ramirez OF Heriberto Hernandez OF Esteury Ruiz OF Brett Bateman P Dylan Cease P Eury Perez SS Otto Lopez,,Luke Keaschall,OF,4.49%,2
54,5220713690,Albal2010,0,142.55,1B Jared Young 2B Royce Lewis 3B Bryson Stott C Agustin Ramirez OF A.J. Ewing OF Heriberto Hernandez OF Javier Sanoja P Dylan Cease P Eury Perez SS Otto Lopez,,Chase Meidroth,2B,4.43%,2
72,5220285925,TheHyperCritic,0,142.05,1B Matt Olson 2B Xavier Edwards 3B Javier Sanoja C Agustin Ramirez OF Michael Harris II OF Heriberto Hernandez OF Mike Yastrzemski P Dylan Cease P Patrick Sandoval SS Otto Lopez,,Caleb Durbin,3B,4.32%,3
73,5220583328,DaWiddys,0,141.7,1B Jared Young 2B Xavier Edwards 3B Bo Bichette C Agustin Ramirez OF Carson Benge OF Heriberto Hernandez OF Luis Robert Jr. P Dylan Cease P Christian Scott SS Francisco Lindor,,Jorge Polanco,3B,4.21%,5
73,5220704990,souleater99,0,141.7,1B Josh Bell 2B Xavier Edwards 3B Javier Sanoja C Agustin Ramirez OF Corbin Carroll OF Trevor Larnach OF Heriberto Hernandez P Dylan Cease P Christian Scott SS Geraldo Perdomo,,Alec Bohm,1B,4.15%,25
73,5220710565,VivaLaRevolucion,0,141.7,1B Jared Young 2B Sam Antonacci 3B Alec Bohm C Agustin Ramirez OF Byron Buxton OF Heriberto Hernandez OF Jakob Marsee P Dylan Cease P Christian Scott SS Francisco Lindor,,Nick Sogard,2B,4.09%,0
73,5220732401,IceIceBrady,0,141.7,1B Jared Young 2B Bryson Stott 3B Javier Sanoja C Agustin Ramirez OF Byron Buxton OF Heriberto Hernandez OF Esteury Ruiz P Dylan Cease P Christian Scott SS Otto Lopez,,CJ Abrams,SS,4.09%,0
77,5220117916,cptnspaulding,0,141.55,1B Jared Young 2B Ketel Marte 3B Leo Jimenez C Agustin Ramirez OF Corbin Carroll OF Heriberto Hernandez OF Javier Sanoja P Dylan Cease P Eury Perez SS Otto Lopez,,Ernie Clement,2B,3.98%,2
77,5220208413,pac10joe,0,141.55,1B Royce Lewis 2B Xavier Edwards 3B Brooks Lee C Agustin Ramirez OF Trevor Larnach OF Spencer Jones OF Javier Sanoja P Dylan Cease P Ryan Weathers SS Otto Lopez,,Casey Mize,P,3.98%,21.1
77,5220254193,adua711,0,141.55,1B Jared Young 2B Xavier Edwards 3B Bo Bichette C Agustin Ramirez OF Heriberto Hernandez OF Luis Robert Jr. OF Jakob Marsee P Dylan Cease P Eury Perez SS Otto Lopez,,Ty France,1B,3.93%,0
77,5220530069,pmaz1115,0,141.55,1B Matt Olson 2B Jake Cronenworth 3B Charles McAdoo C Agustin Ramirez OF Michael Harris II OF George Springer OF Gavin Sheets P Dylan Cease P Eury Perez SS Otto Lopez,,Andruw Monasterio,SS,3.93%,0
77,5220612249,Varncass,0,141.55,1B Ty France 2B Xavier Edwards 3B Charles McAdoo C Agustin Ramirez OF Jackson Merrill OF Heriberto Hernandez OF Javier Sanoja P Dylan Cease P Eury Perez SS Otto Lopez,,Colson Montgomery,SS,3.81%,8
77,5220665659,SpeedRacer101,0,141.55,1B Ty France 2B Jake Cronenworth 3B Manny Machado C Agustin Ramirez OF Jackson Merrill OF Heriberto Hernandez OF Javier Sanoja P Dylan Cease P Eury Perez SS Xander Bogaerts,,Braden Montgomery,OF,3.81%,5
77,5220671668,Bdk1977,0,141.55,1B Tim Tawa 2B Xavier Edwards 3B Javier Sanoja C Agustin Ramirez OF Corbin Carroll OF Heriberto Hernandez OF Esteury Ruiz P Dylan Cease P Eury Perez SS Geraldo Perdomo,,Brett Baty,OF,3.70%,7
84,5220441921,kcflopshot,0,140.7,1B Alec Bohm 2B Sam Antonacci 3B Jared Triolo C Agustin Ramirez OF Byron Buxton OF Heriberto Hernandez OF Esteury Ruiz P Dylan Cease P Christian Scott SS Otto Lopez,,Michael Soroka,P,3.70%,14.55
84,5220513239,streetceli88,0,140.7,1B Jared Young 2B Xavier Edwards 3B Bo Bichette C Agustin Ramirez OF Carson Benge OF A.J. Ewing OF Heriberto Hernandez P Dylan Cease P Christian Scott SS Francisco Lindor,,Daylen Lile,OF,3.70%,4
84,5220525132,cobbyturk,0,140.7,1B Jared Young 2B Xavier Edwards 3B Bo Bichette C Agustin Ramirez OF Brandon Marsh OF Carson Benge OF Heriberto Hernandez P Dylan Cease P Christian Scott SS Otto Lopez,,Edmundo Sosa,SS,3.59%,8
84,5220555089,cjacobs986,0,140.7,1B Jared Young 2B Xavier Edwards 3B Bo Bichette C Agustin Ramirez OF Carson Benge OF A.J. Ewing OF Heriberto Hernandez P Dylan Cease P Christian Scott SS Francisco Lindor,,Sam Antonacci,OF,3.37%,6
84,5220598288,SharpieBling,0,140.7,1B Jared Young 2B Xavier Edwards 3B Bo Bichette C Agustin Ramirez OF Carson Benge OF A.J. Ewing OF Heriberto Hernandez P Dylan Cease P Christian Scott SS Francisco Lindor,,Ozzie Albies,2B,3.37%,2
84,5220610288,Buckeye-Ninja,0,140.7,1B Jared Young 2B Xavier Edwards 3B Bo Bichette C Agustin Ramirez OF Carson Benge OF A.J. Ewing OF Heriberto Hernandez P Dylan Cease P Christian Scott SS Francisco Lindor,,Brian Navarreto,C,3.37%,0
90,5219989641,RedViper,0,140.55,1B Kyle Schwarber 2B Jake Cronenworth 3B Javier Sanoja C Agustin Ramirez OF Heriberto Hernandez OF Luis Robert Jr. OF Brett Bateman P Dylan Cease P Eury Perez SS Francisco Lindor,,Nick Lodolo,P,3.25%,12.25
90,5220348695,HeechNYC,0,140.55,1B Josh Bell 2B Brett Baty 3B Brooks Lee C Luis Torrens OF Kody Clemens OF Carson Benge OF Heriberto Hernandez P Dylan Cease P Eury Perez SS Francisco Lindor,,Royce Lewis,1B,3.14%,9
90,5220473488,neech74,0,140.55,1B Abimelec Ortiz 2B Xavier Edwards 3B Javier Sanoja C Agustin Ramirez OF Heriberto Hernandez OF Jakob Marsee OF Jacob Young P Dylan Cease P Eury Perez SS CJ Abrams,,Brady House,3B,3.08%,2
90,5220665973,pekopf,0,140.55,1B Josh Bell 2B Xavier Edwards 3B Javier Sanoja C Agustin Ramirez OF Trevor Larnach OF Heriberto Hernandez OF Luke Keaschall P Dylan Cease P Eury Perez SS Otto Lopez,,Andrew Benintendi,OF,2.97%,2
90,5220742831,luke22duke22,0,140.55,1B Jared Young 2B Luis Arraez 3B Bryson Stott C Agustin Ramirez OF A.J. Ewing OF Heriberto Hernandez OF Javier Sanoja P Dylan Cease P Eury Perez SS Otto Lopez,,Chase DeLauter,OF,2.97%,0
95,5220709697,ybz16kg,0,139.75,1B Matt Olson 2B Jake Cronenworth 3B Alec Bohm C Rafael Flores Jr. OF Bryce Harper OF Ronald Acuna Jr. OF Brett Bateman P Eury Perez P Christian Scott SS Otto Lopez,,Esmerlyn Valdez,OF,2.97%,16
96,5220375496,Pillagingpirate,0,139.7,1B Jared Young 2B Brett Baty 3B Bo Bichette C Agustin Ramirez OF Corbin Carroll OF Carson Benge OF Heriberto Hernandez P Dylan Cease P Christian Scott SS Francisco Lindor,,Elly De La Cruz,SS,2.97%,2
96,5220559007,PresidentLeach,0,139.7,1B Jared Young 2B Jorge Polanco 3B Bo Bichette C Agustin Ramirez OF Corbin Carroll OF A.J. Ewing OF Heriberto Hernandez P Dylan Cease P Christian Scott SS Francisco Lindor,,Jakob Marsee,OF,2.86%,2
98,5220264069,hfkrh000,0,139.55,1B Jared Young 2B Xavier Edwards 3B Bo Bichette C Agustin Ramirez OF Carson Benge OF Luis Robert Jr. OF Javier Sanoja P Dylan Cease P Eury Perez SS Francisco Lindor,,Daz Cameron,OF,2.86%,7
98,5220287903,CHEEZER7,0,139.55,1B Jared Young 2B Xavier Edwards 3B Bo Bichette C Agustin Ramirez OF Carson Benge OF Luis Robert Jr. OF Javier Sanoja P Dylan Cease P Eury Perez SS Francisco Lindor,,James McCann,C,2.86%,6
98,5220290833,chicos33,0,139.55,1B Charles McAdoo 2B Xavier Edwards 3B Colt Keith C Agustin Ramirez OF Daylen Lile OF Brandon Marsh OF Heriberto Hernandez P Dylan Cease P Eury Perez SS Otto Lopez,,Drew Anderson,P,2.80%,11.65
98,5220352834,JJSaenz,0,139.55,1B Alec Bohm 2B Xavier Edwards 3B Bryson Stott C Brian Navarreto OF Bryce Harper OF Heriberto Hernandez OF Javier Sanoja P Dylan Cease P Eury Perez SS Javier Baez,,Tim Tawa,1B,2.80%,4
98,5220375513,Darkwarriors75,0,139.55,1B Jared Young 2B Nick Sogard 3B Bryson Stott C Agustin Ramirez OF Corbin Carroll OF Heriberto Hernandez OF Javier Sanoja P Dylan Cease P Eury Perez SS Francisco Lindor,,Max Kepler,OF,2.80%,3
98,5220436786,rch871,0,139.55,1B Jared Young 2B Nick Sogard 3B Bryson Stott C Agustin Ramirez OF Corbin Carroll OF Heriberto Hernandez OF Javier Sanoja P Dylan Cease P Eury Perez SS Francisco Lindor,,JJ Bleday,OF,2.75%,2
98,5220497798,HPM81,0,139.55,1B Jared Young 2B Nick Sogard 3B Bryson Stott C Agustin Ramirez OF Corbin Carroll OF Heriberto Hernandez OF Javier Sanoja P Dylan Cease P Eury Perez SS Francisco Lindor,,Jose Ramirez,3B,2.58%,8
98,5220557543,tuck8989,0,139.55,1B Matt Olson 2B Nick Sogard 3B Colt Keith C Agustin Ramirez OF Corbin Carroll OF Heriberto Hernandez OF Brett Bateman P Dylan Cease P Eury Perez SS Andruw Monasterio,,J.T. Realmuto,C,2.47%,0
98,5220619400,fimp77,0,139.55,1B Jared Young 2B Nick Sogard 3B Bryson Stott C Agustin Ramirez OF Corbin Carroll OF Heriberto Hernandez OF Javier Sanoja P Dylan Cease P Eury Perez SS Francisco Lindor,,Kazuma Okamoto,3B,2.47%,9
98,5220632714,J-Rock-R,0,139.55,1B Jared Young 2B Nick Sogard 3B Bryson Stott C Agustin Ramirez OF Corbin Carroll OF Heriberto Hernandez OF Javier Sanoja P Dylan Cease P Eury Perez SS Francisco Lindor,,Manny Machado,3B,2.47%,4
98,5220681711,sheckwill,0,139.55,1B Jared Young 2B Nick Sogard 3B Bryson Stott C Agustin Ramirez OF Corbin Carroll OF Heriberto Hernandez OF Javier Sanoja P Dylan Cease P Eury Perez SS Francisco Lindor,,Leo Jimenez,3B,2.41%,3
98,5220734320,gabegarcia83,0,139.55,1B Alec Bohm 2B Xavier Edwards 3B Eugenio Suarez C Keibert Ruiz OF Heriberto Hernandez OF Esteury Ruiz OF Jakob Marsee P Dylan Cease P Eury Perez SS Otto Lopez,,Justin Crawford,OF,2.41%,5
98,5220739318,colinbennett20,0,139.55,1B Jared Young 2B Nick Sogard 3B Bryson Stott C Agustin Ramirez OF Corbin Carroll OF Heriberto Hernandez OF Javier Sanoja P Dylan Cease P Eury Perez SS Francisco Lindor,,Edmundo Sosa,OF,2.36%,8
98,5220744798,ShaneMc8,0,139.55,1B Jared Young 2B Xavier Edwards 3B Bo Bichette C Luis Torrens OF Carson Benge OF Heriberto Hernandez OF Esteury Ruiz P Dylan Cease P Eury Perez SS Francisco Lindor,,Jared Triolo,SS,2.36%,5
112,5220610563,smh810,0,139.25,1B Matt Olson 2B Xavier Edwards 3B Javier Sanoja C Agustin Ramirez OF Michael Harris II OF Heriberto Hernandez OF Dominic Smith P Sean Burke P Ryan Weathers SS Otto Lopez,,Trent Grisham,OF,2.30%,0
113,5220617850,bohicabuddy,0,139.1,1B Matt Olson 2B Kody Clemens 3B Javier Sanoja C Agustin Ramirez OF Byron Buxton OF Heriberto Hernandez OF Esteury Ruiz P Eury Perez P Patrick Sandoval SS Otto Lopez,,Drew Romo,C,2.24%,16
114,5220689180,glenflores4,0,138.75,1B Kyle Schwarber 2B Bryson Stott 3B Alec Bohm C Drake Baldwin OF Bryce Harper OF Luis Rengifo OF Tristan Peters P Eury Perez P Christian Scott SS Edmundo Sosa,,Tanner Bibee,P,2.24%,7.5
115,5219997303,tomkriger,0,138.55,1B Jared Young 2B Ketel Marte 3B Javier Sanoja C Agustin Ramirez OF Carson Benge OF Heriberto Hernandez OF Esteury Ruiz P Dylan Cease P Eury Perez SS Otto Lopez,,Colson Montgomery,3B,2.19%,8
115,5220520646,mjv2009,0,138.55,1B Jared Young 2B Royce Lewis 3B Javier Sanoja C Agustin Ramirez OF Carson Benge OF Heriberto Hernandez OF Luis Robert Jr. P Dylan Cease P Eury Perez SS Francisco Lindor,,Ryan McMahon,3B,2.19%,0
115,5220541005,rrod133,0,138.55,1B Nick Sogard 2B Xavier Edwards 3B Javier Sanoja C Agustin Ramirez OF Jarren Duran OF Trevor Larnach OF Heriberto Hernandez P Dylan Cease P Eury Perez SS Otto Lopez,,Bryan Reynolds,OF,2.19%,18
115,5220617853,jgings28,0,138.55,1B Jared Young 2B Bryson Stott 3B Alec Bohm C Agustin Ramirez OF Carson Benge OF A.J. Ewing OF Heriberto Hernandez P Dylan Cease P Eury Perez SS Francisco Lindor,,Nick Sogard,1B,2.13%,0
115,5220620802,DFS_Rookie,0,138.55,1B Tim Tawa 2B Xavier Edwards 3B Javier Sanoja C Agustin Ramirez OF Corbin Carroll OF Trevor Larnach OF Heriberto Hernandez P Dylan Cease P Eury Perez SS Geraldo Perdomo,,Jarren Duran,OF,2.13%,5
120,5220274751,flatliners2134,0,138.05,1B Munetaka Murakami 2B Sam Antonacci 3B Miguel Vargas C Agustin Ramirez OF Heriberto Hernandez OF Braden Montgomery OF Daz Cameron P Dylan Cease P Dean Kremer SS Colson Montgomery,,Sal Stewart,1B,2.08%,0
121,5220717286,reidjones1915,0,137.75,1B Josh Bell 2B Kody Clemens 3B Javier Sanoja C Agustin Ramirez OF Byron Buxton OF Trevor Larnach OF Heriberto Hernandez P Eury Perez P Christian Scott SS Otto Lopez,,Dylan Crews,OF,2.08%,0
122,5220494321,miner2380,0,137.7,1B Matt Olson 2B Ozzie Albies 3B Javier Sanoja C Agustin Ramirez OF Michael Harris II OF Esteury Ruiz OF Jakob Marsee P Dylan Cease P Christian Scott SS Jim Jarvis,,Bryce Harper,1B,2.02%,9
122,5220581707,newnew50,0,137.7,1B Josh Bell 2B Xavier Edwards 3B Javier Sanoja C Agustin Ramirez OF Carson Benge OF A.J. Ewing OF Heriberto Hernandez P Dylan Cease P Christian Scott SS Otto Lopez,,Kazuma Okamoto,1B,1.96%,9
124,5220696667,UltimateWin4,0,137.6,1B Ben Rice 2B Jose Caballero 3B Javier Sanoja C Agustin Ramirez OF Trent Grisham OF Heriberto Hernandez OF Jakob Marsee P Eury Perez P Ryan Weathers SS Otto Lopez,,Matt McLain,2B,1.91%,0
125,5220371769,JRaab,0,137.55,1B Jared Young 2B Sam Antonacci 3B Jorge Polanco C Agustin Ramirez OF Byron Buxton OF Heriberto Hernandez OF Javier Sanoja P Dylan Cease P Eury Perez SS Francisco Lindor,,Jim Jarvis,SS,1.85%,3
125,5220468244,Dmoney361,0,137.55,1B Abimelec Ortiz 2B Xavier Edwards 3B Jared Triolo C Agustin Ramirez OF Michael Harris II OF A.J. Ewing OF Heriberto Hernandez P Dylan Cease P Eury Perez SS Otto Lopez,,Miguel Vargas,1B,1.79%,16
125,5220541754,Bazoinkles,0,137.55,1B Jared Young 2B Royce Lewis 3B Javier Sanoja C Agustin Ramirez OF Carson Benge OF A.J. Ewing OF Heriberto Hernandez P Dylan Cease P Eury Perez SS Francisco Lindor,,Gavin Sheets,OF,1.79%,14
125,5220550267,harrisevan114,0,137.55,1B Jared Young 2B Jorge Polanco 3B Bo Bichette C Agustin Ramirez OF Corbin Carroll OF A.J. Ewing OF Javier Sanoja P Dylan Cease P Eury Perez SS Francisco Lindor,,Luis Garcia Jr.,1B,1.79%,7
125,5220577377,JasonLazaros,0,137.55,1B Jared Young 2B Jorge Polanco 3B Bo Bichette C Agustin Ramirez OF Corbin Carroll OF A.J. Ewing OF Javier Sanoja P Dylan Cease P Eury Perez SS Francisco Lindor,,Ben Rice,C,1.79%,16
130,5220719746,RyanCox421,0,137.2,1B Nick Yorke 2B Xavier Edwards 3B Eugenio Suarez C Agustin Ramirez OF Heriberto Hernandez OF Esteury Ruiz OF Javier Sanoja P Dylan Cease P Sean Burke SS Elly De La Cruz,,Xander Bogaerts,SS,1.74%,9
131,5220489815,TXBeran,0,136.75,1B Munetaka Murakami 2B Xavier Edwards 3B Colson Montgomery C Agustin Ramirez OF Sam Antonacci OF Heriberto Hernandez OF Braden Montgomery P Ryan Weathers P Christian Scott SS Otto Lopez,,Jacob Young,OF,1.74%,3
132,5220343260,samsli,0,136.55,1B Jared Young 2B Nick Sogard 3B Javier Sanoja C Agustin Ramirez OF Corbin Carroll OF A.J. Ewing OF Heriberto Hernandez P Dylan Cease P Eury Perez SS Francisco Lindor,,Spencer Jones,OF,1.68%,0
132,5220539319,Oziumrules,0,136.55,1B Abimelec Ortiz 2B Xavier Edwards 3B Charles McAdoo C Agustin Ramirez OF Byron Buxton OF Heriberto Hernandez OF Esteury Ruiz P Dylan Cease P Eury Perez SS Otto Lopez,,Gleyber Torres,2B,1.57%,10
132,5220566806,Firesauce11,0,136.55,1B Bryce Harper 2B Luis Arraez 3B Bryson Stott C Agustin Ramirez OF Heriberto Hernandez OF Javier Sanoja OF Mike Yastrzemski P Dylan Cease P Eury Perez SS Edmundo Sosa,,Tristan Peters,OF,1.51%,11
132,5220589789,JimmyJamNY,0,136.55,1B Jared Young 2B Xavier Edwards 3B Charles McAdoo C Agustin Ramirez OF Bryce Harper OF Heriberto Hernandez OF Esteury Ruiz P Dylan Cease P Eury Perez SS Geraldo Perdomo,,Michael Toglia,1B,1.51%,0
136,5220546009,Ponta01,0,135.7,1B Munetaka Murakami 2B Xavier Edwards 3B Jared Triolo C Agustin Ramirez OF Heriberto Hernandez OF Jakob Marsee OF Andrew Benintendi P Dylan Cease P Christian Scott SS Otto Lopez,,Austin Riley,3B,1.51%,12
136,5220721126,swgmys,0,135.7,1B Jared Young 2B Bryson Stott 3B Brooks Lee C Agustin Ramirez OF Byron Buxton OF Heriberto Hernandez OF Luke Keaschall P Dylan Cease P Christian Scott SS Francisco Lindor,,Charles McAdoo,1B,1.51%,6
138,5220338835,kreller17,0,135.55,1B Abimelec Ortiz 2B Xavier Edwards 3B Nick Yorke C Agustin Ramirez OF Carson Benge OF Heriberto Hernandez OF Luis Robert Jr. P Dylan Cease P Eury Perez SS CJ Abrams,,George Lombard Jr.,SS,1.51%,14
138,5220551063,AMayberry23,0,135.55,1B Abimelec Ortiz 2B Xavier Edwards 3B Bryson Stott C Agustin Ramirez OF Sam Antonacci OF Heriberto Hernandez OF Jakob Marsee P Dylan Cease P Eury Perez SS Otto Lopez,,Luis Rengifo,OF,1.51%,17
138,5220571410,aaronaround,0,135.55,1B Matt Olson 2B Royce Lewis 3B Brooks Lee C Drake Baldwin OF Michael Harris II OF Kody Clemens OF Trevor Larnach P Ryan Weathers P Nick Lodolo SS Kaelen Culpepper,,Jake Irvin,P,1.46%,10.9
141,5220447419,coopsamuels,0,135.2,1B Jared Young 2B Kody Clemens 3B Javier Sanoja C Agustin Ramirez OF Carson Benge OF Heriberto Hernandez OF Esteury Ruiz P Dylan Cease P Sean Burke SS Otto Lopez,,Colt Keith,3B,1.35%,19
141,5220596554,SaintDenee,0,135.2,1B Abimelec Ortiz 2B Jake Cronenworth 3B Alec Bohm C Gabriel Moreno OF Bryce Harper OF Heriberto Hernandez OF Tim Tawa P Dylan Cease P Sean Burke SS Francisco Lindor,,Keibert Ruiz,C,1.35%,10
143,5220564708,smartin417,0,135.1,1B Ty France 2B Kody Clemens 3B Brooks Lee C Gabriel Moreno OF Corbin Carroll OF Esmerlyn Valdez OF Heriberto Hernandez P Eury Perez P Dean Kremer SS Francisco Lindor,,Jared Triolo,3B,1.35%,5
144,5220461600,TeeJayOrTj,0,134.95,1B Kyle Schwarber 2B Xavier Edwards 3B Bryson Stott C Agustin Ramirez OF Bryce Harper OF Heriberto Hernandez OF Javier Sanoja P Ryan Weathers P Drew Anderson SS Otto Lopez,,Freddy Fermin,C,1.35%,3
145,5220341253,blueguy,0,134.75,1B Munetaka Murakami 2B Jorge Polanco 3B Miguel Vargas C Drew Romo OF Michael Harris II OF Sam Antonacci OF Heriberto Hernandez P Eury Perez P Christian Scott SS Otto Lopez,,Brayan Rocchio,SS,1.35%,2
145,5220556153,wjgrimes,0,134.75,1B Matt Olson 2B Ozzie Albies 3B Austin Riley C Drew Romo OF Ronald Acuna Jr. OF Michael Harris II OF Tristan Peters P Eury Perez P Christian Scott SS Colson Montgomery,,Dominic Smith,OF,1.23%,5
147,5220214766,R-E-L-A-X,0,134.7,1B Sal Stewart 2B Xavier Edwards 3B Ke'Bryan Hayes C Agustin Ramirez OF JJ Bleday OF Heriberto Hernandez OF Javier Sanoja P Dylan Cease P Christian Scott SS Otto Lopez,,Connor Wong,C,1.12%,21
147,5220292383,Dybdahl21,0,134.7,1B Royce Lewis 2B Sam Antonacci 3B Brooks Lee C Agustin Ramirez OF Byron Buxton OF Trevor Larnach OF Heriberto Hernandez P Dylan Cease P Christian Scott SS Kaelen Culpepper,,Kevin McGonigle,SS,1.07%,2
147,5220490885,Duckaneer,0,134.7,1B Matt Olson 2B Xavier Edwards 3B Leo Jimenez C Agustin Ramirez OF Ronald Acuna Jr. OF Michael Harris II OF Mike Yastrzemski P Dylan Cease P Christian Scott SS Jim Jarvis,,Kevin McGonigle,3B,1.01%,2
147,5220604863,soxf4n,0,134.7,1B Jared Young 2B Xavier Edwards 3B Ke'Bryan Hayes C Agustin Ramirez OF Bryce Harper OF Corbin Carroll OF Heriberto Hernandez P Dylan Cease P Christian Scott SS Geraldo Perdomo,,Brandon Lowe,2B,1.01%,12
147,5220657647,land_of_the_lock,0,134.7,1B Jared Young 2B Jorge Polanco 3B Eugenio Suarez C Agustin Ramirez OF Fernando Tatis Jr. OF Corbin Carroll OF Heriberto Hernandez P Dylan Cease P Christian Scott SS Francisco Lindor,,Jo Adell,OF,1.01%,0
152,5220569996,RattlerBlack,0,134.6,1B Abimelec Ortiz 2B Xavier Edwards 3B Javier Sanoja C Agustin Ramirez OF Carson Benge OF Heriberto Hernandez OF Esteury Ruiz P Eury Perez P Ryan Weathers SS CJ Abrams,,Nathaniel Lowe,1B,1.01%,5
153,5220510660,truson,0,134.55,1B Jared Young 2B Nick Sogard 3B Javier Sanoja C Agustin Ramirez OF Corbin Carroll OF Carson Benge OF Heriberto Hernandez P Dylan Cease P Eury Perez SS Francisco Lindor,,Anthony Seigler,2B,1.01%,9
153,5220599336,BTDynasty1911,0,134.55,1B Tim Tawa 2B Bryson Stott 3B Alec Bohm C Agustin Ramirez OF Corbin Carroll OF Trevor Larnach OF Heriberto Hernandez P Dylan Cease P Eury Perez SS Geraldo Perdomo,,Jorbit Vivas,2B,1.01%,7
153,5220738079,kenny7575,0,134.55,1B Tim Tawa 2B Bryson Stott 3B Alec Bohm C Agustin Ramirez OF Corbin Carroll OF Trevor Larnach OF Heriberto Hernandez P Dylan Cease P Eury Perez SS Geraldo Perdomo,,Javier Baez,SS,0.95%,0
153,5220744053,mogoodie,0,134.55,1B Kyle Schwarber 2B Bryson Stott 3B Javier Sanoja C Agustin Ramirez OF Heriberto Hernandez OF Justin Crawford OF Edmundo Sosa P Dylan Cease P Eury Perez SS Geraldo Perdomo,,TJ Friedl,OF,0.95%,0
157,5220163964,BuildBetBigger,0,133.9,1B Josh Bell 2B Xavier Edwards 3B Brooks Lee C Agustin Ramirez OF Byron Buxton OF Heriberto Hernandez OF Esteury Ruiz P Dylan Cease P Drew Anderson SS Otto Lopez,,Rafael Flores Jr.,1B,0.90%,7
158,5220586998,BeRex,0,133.75,1B Kyle Schwarber 2B Xavier Edwards 3B Javier Sanoja C Agustin Ramirez OF Carson Benge OF A.J. Ewing OF Heriberto Hernandez P Eury Perez P Christian Scott SS Francisco Lindor,,Nick Yorke,3B,0.90%,17
159,5220592983,SEANYCASH,0,133.7,1B Josh Bell 2B Bryson Stott 3B Alec Bohm C Gabriel Moreno OF Kody Clemens OF Brandon Marsh OF Edmundo Sosa P Dylan Cease P Christian Scott SS Francisco Lindor,,Jose Caballero,2B,0.90%,14
159,5220728779,5hrkoolaid,0,133.7,1B Matt Olson 2B Jake Cronenworth 3B Manny Machado C Freddy Fermin OF Michael Harris II OF Luis Rengifo OF Brett Baty P Dylan Cease P Christian Scott SS Francisco Lindor,,Spencer Torkelson,1B,0.84%,2
161,5220598134,ginnywop,0,133.6,1B Josh Bell 2B Royce Lewis 3B Brooks Lee C Luis Torrens OF Byron Buxton OF Kody Clemens OF Javier Sanoja P Eury Perez P Ryan Weathers SS Francisco Lindor,,Zach McKinstry,OF,0.84%,4
162,5220488733,patmicmac,0,133.55,1B Royce Lewis 2B Bryson Stott 3B Alec Bohm C Luis Torrens OF Bryce Harper OF Kody Clemens OF Mike Yastrzemski P Dylan Cease P Ryan Weathers SS Jared Triolo,,Jose Trevino,C,0.84%,6
162,5220567695,DirtyBastards,0,133.55,1B Tim Tawa 2B Xavier Edwards 3B Jorge Polanco C Agustin Ramirez OF Corbin Carroll OF Heriberto Hernandez OF Esteury Ruiz P Dylan Cease P Eury Perez SS Otto Lopez,,Jake Mangum,OF,0.79%,5
162,5220654893,TY54321,0,133.55,1B Tim Tawa 2B Ketel Marte 3B Leo Jimenez C Agustin Ramirez OF Corbin Carroll OF Heriberto Hernandez OF Javier Sanoja P Dylan Cease P Eury Perez SS Otto Lopez,,Andres Gimenez,SS,0.79%,13
165,5220540816,cavs44,0,132.75,1B Alec Bohm 2B Luis Arraez 3B Caleb Durbin C Drake Baldwin OF Michael Harris II OF Esmerlyn Valdez OF Heriberto Hernandez P Ryan Weathers P Christian Scott SS Geraldo Perdomo,,Billy Cook,OF,0.79%,2
166,5220103415,4courtney4,0,132.7,1B Josh Bell 2B Royce Lewis 3B Javier Sanoja C Agustin Ramirez OF Byron Buxton OF Kody Clemens OF Luke Keaschall P Dylan Cease P Christian Scott SS Edmundo Sosa,,Dillon Dingler,C,0.73%,9
166,5220657934,fillyfan2002,0,132.7,1B Jared Young 2B Royce Lewis 3B Bo Bichette C Luis Torrens OF Kody Clemens OF Carson Benge OF Trevor Larnach P Dylan Cease P Christian Scott SS Francisco Lindor,,Jorge Barrosa,OF,0.73%,0
166,5220696964,botto16,0,132.7,1B Sal Stewart 2B Jake Cronenworth 3B Javier Sanoja C Agustin Ramirez OF Carson Benge OF A.J. Ewing OF Heriberto Hernandez P Dylan Cease P Christian Scott SS Otto Lopez,,Jorbit Vivas,3B,0.73%,7
166,5220708715,SoonersTide,0,132.7,1B Matt Olson 2B Brett Baty 3B Jorge Polanco C Agustin Ramirez OF Corbin Carroll OF Esteury Ruiz OF Luis Robert Jr. P Dylan Cease P Christian Scott SS Otto Lopez,,Max Clark,OF,0.67%,5
166,5220745195,mundy35,0,132.7,1B Charles McAdoo 2B Ketel Marte 3B Javier Sanoja C Gabriel Moreno OF Corbin Carroll OF Bryan Reynolds OF Daz Cameron P Dylan Cease P Christian Scott SS Francisco Lindor,,Heliot Ramos,OF,0.56%,12
171,5220525723,jamclav,0,132.55,1B Abimelec Ortiz 2B Sam Antonacci 3B Jorge Polanco C Agustin Ramirez OF Corbin Carroll OF Heriberto Hernandez OF Braden Montgomery P Dylan Cease P Eury Perez SS Francisco Lindor,,Henry Davis,C,0.56%,2
171,5220619398,Bye_product,0,132.55,1B Jared Young 2B Nick Sogard 3B Alec Bohm C Gabriel Moreno OF Corbin Carroll OF Heriberto Hernandez OF Steven Kwan P Dylan Cease P Eury Perez SS Francisco Lindor,,Austin Wells,C,0.56%,0
171,5220675719,Blow-by-u,0,132.55,1B Jared Young 2B Bryson Stott 3B Javier Sanoja C Gabriel Moreno OF Corbin Carroll OF Heriberto Hernandez OF Brett Bateman P Dylan Cease P Eury Perez SS Francisco Lindor,,Ben Rice,1B,0.50%,16
171,5220744303,kodeg,0,132.55,1B Jared Young 2B Xavier Edwards 3B Kazuma Okamoto C Agustin Ramirez OF Carson Benge OF Heriberto Hernandez OF Luis Robert Jr. P Dylan Cease P Eury Perez SS Otto Lopez,,Javier Baez,OF,0.39%,0
175,5220669278,nickytheeye,0,132.5,1B Kyle Schwarber 2B Xavier Edwards 3B Charles McAdoo C Agustin Ramirez OF Bryce Harper OF Heriberto Hernandez OF Javier Sanoja P Dylan Cease P Andrew Painter SS Otto Lopez,,Dominic Smith,1B,0.39%,5
176,5220680191,iluverica,0,132.25,1B Rafael Flores Jr. 2B Xavier Edwards 3B Jared Triolo C Agustin Ramirez OF Bryan Reynolds OF Heriberto Hernandez OF Javier Sanoja P Sean Burke P Eury Perez SS Otto Lopez,,Ke'Bryan Hayes,3B,0.34%,2
177,5220709698,RAYVENZ52,0,131.9,1B Abimelec Ortiz 2B Xavier Edwards 3B Javier Sanoja C Agustin Ramirez OF Dylan Crews OF Daylen Lile OF Heriberto Hernandez P Dylan Cease P Drew Anderson SS CJ Abrams,,Andres Chaparro,1B,0.34%,0
178,5220707149,Jkataliaf44,0,131.8,1B Alec Bohm 2B Chase Meidroth 3B Caleb Durbin C Agustin Ramirez OF Kody Clemens OF Ceddanne Rafaela OF Sam Antonacci P Dylan Cease P Michael Soroka SS George Lombard Jr.,,Travis Bazzana,2B,0.34%,0
178,5220744958,jksb123,0,131.8,1B Matt Olson 2B Xavier Edwards 3B Austin Riley C Drew Romo OF Wilyer Abreu OF Bryan Reynolds OF Spencer Jones P Eury Perez P Bryce Elder SS Francisco Lindor,,Myles Straw,OF,0.34%,2
180,5220678965,demetrius.bailey,0,131.6,1B Jared Young 2B Bryson Stott 3B Brooks Lee C Agustin Ramirez OF Corbin Carroll OF Kody Clemens OF Brandon Marsh P Eury Perez P Ryan Weathers SS Francisco Lindor,,Victor Caratini,1B,0.28%,2
180,5220696481,mrblazeone314,0,131.6,1B Munetaka Murakami 2B Sam Antonacci 3B Miguel Vargas C Agustin Ramirez OF Heriberto Hernandez OF Braden Montgomery OF Andrew Benintendi P Eury Perez P Ryan Weathers SS Edmundo Sosa,,Rhys Hoskins,1B,0.28%,2
180,5220735686,TBirdSCIL,0,131.6,1B Alec Bohm 2B Luis Arraez 3B Bryson Stott C Agustin Ramirez OF Bryce Harper OF Heriberto Hernandez OF Mike Yastrzemski P Eury Perez P Ryan Weathers SS Francisco Lindor,,Eduardo Valencia,C,0.22%,0
183,5220416423,Satch65,0,131.55,1B Josh Bell 2B Xavier Edwards 3B Javier Sanoja C Victor Caratini OF Byron Buxton OF Kody Clemens OF Heriberto Hernandez P Dylan Cease P Eury Perez SS Kaelen Culpepper,,Austin Hedges,C,0.22%,0
183,5220432757,zestfulyclean,0,131.55,1B Matt Olson 2B Jorbit Vivas 3B Brooks Lee C Drake Baldwin OF Daylen Lile OF Trevor Larnach OF Dominic Smith P Dylan Cease P Eury Perez SS Kaelen Culpepper,,Lake Bachar,P,0.22%,12.95
183,5220451762,Redfish23,0,131.55,1B Abimelec Ortiz 2B Jake Cronenworth 3B Nolan Arenado C Luis Torrens OF Fernando Tatis Jr. OF Corbin Carroll OF Javier Sanoja P Dylan Cease P Eury Perez SS Otto Lopez,,Nick Yorke,1B,0.22%,17
183,5220646994,natsfan49,0,131.55,1B Bryce Harper 2B Jake Cronenworth 3B Alec Bohm C Gabriel Moreno OF Sam Antonacci OF Luke Keaschall OF Andrew Benintendi P Dylan Cease P Eury Perez SS Andres Gimenez,,Francisco Alvarez,C,0.17%,0
183,5220666745,bionicknee,0,131.55,1B Royce Lewis 2B Kody Clemens 3B Brooks Lee C Brian Navarreto OF Heriberto Hernandez OF Esteury Ruiz OF Jakob Marsee P Dylan Cease P Eury Perez SS Otto Lopez,,Jose Caballero,SS,0.17%,14
183,5220711678,lefty4488,0,131.55,1B Michael Toglia 2B Xavier Edwards 3B Eugenio Suarez C Agustin Ramirez OF Heriberto Hernandez OF Jakob Marsee OF Javier Sanoja P Dylan Cease P Ryan Weathers SS Elly De La Cruz,,Lars Nootbaar,OF,0.17%,0
189,5220708146,laxmike80,0,131.25,1B Josh Bell 2B Xavier Edwards 3B Brooks Lee C Agustin Ramirez OF Kody Clemens OF Trevor Larnach OF Heriberto Hernandez P Sean Burke P Eury Perez SS Otto Lopez,,Angel Genao,2B,0.11%,0
190,5220435728,atong126,0,131.05,1B Josh Bell 2B Xavier Edwards 3B Javier Sanoja C Agustin Ramirez OF Byron Buxton OF Trevor Larnach OF Heriberto Hernandez P Dylan Cease P Dean Kremer SS Otto Lopez,,Luis Campusano,C,0.11%,0
191,5220384866,dogg47,0,131,1B Kyle Schwarber 2B Bryson Stott 3B Javier Sanoja C Agustin Ramirez OF Corbin Carroll OF Trevor Larnach OF Heriberto Hernandez P Michael Soroka P Christian Scott SS Francisco Lindor,,Jazz Chisholm Jr.,2B,0.11%,8
192,5220742505,sthuffman5,0,130.85,1B Ty France 2B Xavier Edwards 3B Javier Sanoja C Agustin Ramirez OF Corbin Carroll OF Jackson Merrill OF Heriberto Hernandez P Eury Perez P Michael Soroka SS Otto Lopez,,Kahlil Watson,OF,0.11%,0
193,5220229933,nickenyon6,0,130.7,1B Jared Young 2B Bryson Stott 3B Eugenio Suarez C Agustin Ramirez OF Corbin Carroll OF A.J. Ewing OF Heriberto Hernandez P Dylan Cease P Christian Scott SS Francisco Lindor,,Ryan Jeffers,C,0.11%,0
193,5220288958,chrissair,0,130.7,1B Jared Young 2B Bryson Stott 3B Eugenio Suarez C Agustin Ramirez OF Corbin Carroll OF A.J. Ewing OF Heriberto Hernandez P Dylan Cease P Christian Scott SS Francisco Lindor,,Hunter Barco,P,0.11%,6.95
193,5220313652,butchismyhomie,0,130.7,1B Jared Young 2B Bryson Stott 3B Eugenio Suarez C Agustin Ramirez OF Corbin Carroll OF A.J. Ewing OF Heriberto Hernandez P Dylan Cease P Christian Scott SS Francisco Lindor,,Hector Rodriguez,OF,0.06%,0
193,5220520453,cashmoney1977,0,130.7,1B Jared Young 2B Bryson Stott 3B Eugenio Suarez C Agustin Ramirez OF Corbin Carroll OF A.J. Ewing OF Heriberto Hernandez P Dylan Cease P Christian Scott SS Francisco Lindor,,Edgar Quero,C,0.06%,0
193,5220642427,Finagle1338,0,130.7,1B Jared Young 2B Bryson Stott 3B Eugenio Suarez C Agustin Ramirez OF Corbin Carroll OF A.J. Ewing OF Heriberto Hernandez P Dylan Cease P Christian Scott SS Francisco Lindor,,Ha-Seong Kim,SS,0.06%,0
193,5220711543,cmoran4697,0,130.7,1B Josh Bell 2B Kody Clemens 3B Eugenio Suarez C Agustin Ramirez OF Byron Buxton OF Trevor Larnach OF Heriberto Hernandez P Dylan Cease P Christian Scott SS Kaelen Culpepper,,Jack Brannigan,SS,0.06%,0
199,5220321204,dfs_ads,0,130.55,1B Jared Young 2B Xavier Edwards 3B Jorge Polanco C Agustin Ramirez OF A.J. Ewing OF Heriberto Hernandez OF Luis Robert Jr. P Dylan Cease P Eury Perez SS Francisco Lindor,,Cristian Pache,OF,0.06%,0
199,5220433173,Bgoebert,0,130.55,1B Jared Young 2B Jake Cronenworth 3B Javier Sanoja C Agustin Ramirez OF Corbin Carroll OF Carson Benge OF A.J. Ewing P Dylan Cease P Eury Perez SS Francisco Lindor,,Gage Workman,2B,0.06%,0
199,5220487684,lklk88088,0,130.55,1B Nick Sogard 2B Xavier Edwards 3B Javier Sanoja C Agustin Ramirez OF Carson Benge OF A.J. Ewing OF Heriberto Hernandez P Dylan Cease P Eury Perez SS Otto Lopez,,Rikuu Nishida,OF,0.06%,0
199,5220588911,jpintar23,0,130.55,1B Jared Young 2B Kody Clemens 3B Brooks Lee C Agustin Ramirez OF Carson Benge OF Luis Robert Jr. OF Luke Keaschall P Dylan Cease P Eury Perez SS Francisco Lindor,,Emmanuel Rodriguez,OF,0.06%,0
199,5220713696,ydoja2,0,130.55,1B Ty France 2B Jorge Polanco 3B Manny Machado C Agustin Ramirez OF Jackson Merrill OF Heriberto Hernandez OF Javier Sanoja P Dylan Cease P Eury Perez SS Otto Lopez,,Juan Yepez,1B,0.06%,0
204,5220322643,mrains88,0,130.2,1B Jared Young 2B Xavier Edwards 3B Javier Sanoja C Agustin Ramirez OF Carson Benge OF Heriberto Hernandez OF Esteury Ruiz P Dylan Cease P Sean Burke SS Francisco Lindor,,Thayron Liranzo,C,0.06%,0
205,5220579253,kellyboykc,0,129.95,1B Josh Bell 2B Royce Lewis 3B Brooks Lee C Agustin Ramirez OF Byron Buxton OF Kody Clemens OF Heriberto Hernandez P Tanner Bibee P Christian Scott SS Otto Lopez,,Christian Arroyo,3B,0.06%,0
206,5220528358,jcate50,0,129.75,1B Matt Olson 2B Bryson Stott 3B Kazuma Okamoto C Luis Torrens OF Kody Clemens OF George Springer OF Jacob Young P Dylan Cease P Bryce Elder SS Francisco Lindor,,Davis Schneider,2B,0.06%,0
206,5220529962,jlp4765,0,129.75,1B Jared Young 2B Sam Antonacci 3B Bo Bichette C Gabriel Moreno OF Bryce Harper OF Heriberto Hernandez OF Braden Montgomery P Eury Perez P Christian Scott SS Francisco Lindor,,Angel Martinez,OF,0.06%,0
206,5220677267,samsonite136,0,129.75,1B Jared Young 2B Brandon Lowe 3B Bo Bichette C Agustin Ramirez OF Carson Benge OF A.J. Ewing OF Heriberto Hernandez P Ryan Weathers P Christian Scott SS Otto Lopez,,Austin Hays,OF,0.06%,0
209,5220333205,Hoily,0,129.7,1B Josh Bell 2B Royce Lewis 3B Brooks Lee C Luis Torrens OF Kody Clemens OF Carson Benge OF Trevor Larnach P Dylan Cease P Christian Scott SS Francisco Lindor,,Shawn Ross,C,0.06%,0
209,5220488313,JcClark18,0,129.7,1B Sal Stewart 2B Xavier Edwards 3B Eugenio Suarez C Agustin Ramirez OF Heriberto Hernandez OF Esteury Ruiz OF Tim Tawa P Dylan Cease P Christian Scott SS Otto Lopez,,Angel Genao,3B,0.06%,0
209,5220548603,Retnuh1203,0,129.7,1B Jared Young 2B Ketel Marte 3B Javier Sanoja C Gabriel Moreno OF Corbin Carroll OF Heriberto Hernandez OF Max Kepler P Dylan Cease P Christian Scott SS Geraldo Perdomo,,Eli White,OF,0.06%,0
209,5220690000,doughboys123,0,129.7,1B Kyle Schwarber 2B Xavier Edwards 3B Leo Jimenez C Agustin Ramirez OF Kody Clemens OF Esteury Ruiz OF Brett Bateman P Dylan Cease P Christian Scott SS Otto Lopez,,Spencer Horwitz,1B,0.06%,0
213,5220247708,KLeh22,0,129.55,1B Tim Tawa 2B Bryson Stott 3B Javier Sanoja C Agustin Ramirez OF Corbin Carroll OF Trevor Larnach OF Heriberto Hernandez P Dylan Cease P Eury Perez SS Geraldo Perdomo,,Griffin Conine,1B,0.06%,4
213,5220451001,greeniemeanies,0,129.55,1B Matt Olson 2B Jorge Polanco 3B Leo Jimenez C Agustin Ramirez OF Carson Benge OF A.J. Ewing OF Heriberto Hernandez P Dylan Cease P Eury Perez SS Francisco Lindor,,Jose Tena,2B,0.06%,0
213,5220451790,lbolt,0,129.55,1B Jared Young 2B Ketel Marte 3B Charles McAdoo C Agustin Ramirez OF Jackson Merrill OF Sam Antonacci OF Heriberto Hernandez P Dylan Cease P Eury Perez SS Francisco Lindor,,Mauricio Dubon,OF,0.06%,0
213,5220457911,afromale,0,129.55,1B Tim Tawa 2B Bryson Stott 3B Javier Sanoja C Agustin Ramirez OF Corbin Carroll OF Trevor Larnach OF Heriberto Hernandez P Dylan Cease P Eury Perez SS Geraldo Perdomo,,Ildemaro Vargas,1B,0.06%,14
213,5220471243,sboynton10,0,129.55,1B Jared Young 2B Jorge Polanco 3B Miguel Vargas C Agustin Ramirez OF Carson Benge OF A.J. Ewing OF Heriberto Hernandez P Dylan Cease P Eury Perez SS Francisco Lindor,,Nick Gonzales,2B,0.06%,0
213,5220472891,danblah25,0,129.55,1B Tim Tawa 2B Bryson Stott 3B Javier Sanoja C Agustin Ramirez OF Corbin Carroll OF Trevor Larnach OF Heriberto Hernandez P Dylan Cease P Eury Perez SS Geraldo Perdomo,,,
213,5220475932,jdrujon,0,129.55,1B Tim Tawa 2B Bryson Stott 3B Javier Sanoja C Agustin Ramirez OF Corbin Carroll OF Trevor Larnach OF Heriberto Hernandez P Dylan Cease P Eury Perez SS Geraldo Perdomo,,,
213,5220513509,carlitoxpkb,0,129.55,1B Bryce Harper 2B Luis Arraez 3B Bryson Stott C Agustin Ramirez OF Esteury Ruiz OF Javier Sanoja OF Justin Crawford P Dylan Cease P Eury Perez SS Edmundo Sosa,,,
213,5220644577,JohnMc4Life,0,129.55,1B Tim Tawa 2B Bryson Stott 3B Javier Sanoja C Agustin Ramirez OF Corbin Carroll OF Trevor Larnach OF Heriberto Hernandez P Dylan Cease P Eury Perez SS Geraldo Perdomo,,,
213,5220694403,thetylercrowley,0,129.55,1B Abimelec Ortiz 2B Xavier Edwards 3B Leo Jimenez C Agustin Ramirez OF Dylan Crews OF Daylen Lile OF Heriberto Hernandez P Dylan Cease P Eury Perez SS Otto Lopez,,,
213,5220741143,dallascowboysbaby,0,129.55,1B Tim Tawa 2B Bryson Stott 3B Javier Sanoja C Agustin Ramirez OF Corbin Carroll OF Trevor Larnach OF Heriberto Hernandez P Dylan Cease P Eury Perez SS Geraldo Perdomo,,,
224,5220366605,slater5150,0,128.8,1B Jared Young 2B Jake Cronenworth 3B Jorge Polanco C Agustin Ramirez OF Byron Buxton OF Corbin Carroll OF Heriberto Hernandez P Dylan Cease P Michael Soroka SS Francisco Lindor,,,
225,5220569884,brenttompkins22,0,128.75,1B Matt Olson 2B Jake Cronenworth 3B Austin Riley C Freddy Fermin OF Ronald Acuna Jr. OF Michael Harris II OF Mike Yastrzemski P Dylan Cease P Bryce Elder SS Xander Bogaerts,,,
226,5220296011,pickens81,0,128.7,1B Matt Olson 2B Jake Cronenworth 3B Manny Machado C Drake Baldwin OF Fernando Tatis Jr. OF Gavin Sheets OF Brett Bateman P Dylan Cease P Christian Scott SS Jim Jarvis,,,
226,5220351439,Jrg714,0,128.7,1B Josh Bell 2B Kody Clemens 3B Leo Jimenez C Agustin Ramirez OF Byron Buxton OF Trevor Larnach OF Javier Sanoja P Dylan Cease P Christian Scott SS Francisco Lindor,,,
226,5220534709,Wiscoman67,0,128.7,1B Alec Bohm 2B Ozzie Albies 3B Nolan Arenado C Agustin Ramirez OF Daylen Lile OF Carson Benge OF Heriberto Hernandez P Dylan Cease P Christian Scott SS Colson Montgomery,,,
226,5220621843,Jimbobwae42,0,128.7,1B Miguel Vargas 2B Ketel Marte 3B Alec Bohm C Luis Torrens OF Corbin Carroll OF Steven Kwan OF Tim Tawa P Dylan Cease P Christian Scott SS Francisco Lindor,,,
226,5220663791,jacore3,0,128.7,1B Miguel Vargas 2B Sam Antonacci 3B Alec Bohm C James McCann OF Ceddanne Rafaela OF Heriberto Hernandez OF Steven Kwan P Dylan Cease P Christian Scott SS Francisco Lindor,,,
231,5220605675,garchos,0,128.6,1B Kyle Schwarber 2B Bryson Stott 3B Javier Sanoja C Agustin Ramirez OF Corbin Carroll OF Heriberto Hernandez OF Edmundo Sosa P Eury Perez P Ryan Weathers SS Geraldo Perdomo,,,
232,5220053568,mcnasty5252,0,128.55,1B Jared Young 2B Jorge Polanco 3B Miguel Vargas C Agustin Ramirez OF Carson Benge OF A.J. Ewing OF Heriberto Hernandez P Dylan Cease P Ryan Weathers SS Francisco Lindor,,,
232,5220314613,shawnsullivanjr13,0,128.55,1B Kyle Schwarber 2B Xavier Edwards 3B Leo Jimenez C Agustin Ramirez OF Heriberto Hernandez OF Mike Yastrzemski OF Edmundo Sosa P Dylan Cease P Eury Perez SS Otto Lopez,,,
232,5220530227,rsumrall,0,128.55,1B Alec Bohm 2B Luis Arraez 3B Bryson Stott C Brian Navarreto OF Bryce Harper OF Heriberto Hernandez OF Esteury Ruiz P Dylan Cease P Eury Perez SS Edmundo Sosa,,,
232,5220559862,cluc81,0,128.55,1B Abimelec Ortiz 2B Jorge Polanco 3B Bryson Stott C Agustin Ramirez OF Corbin Carroll OF A.J. Ewing OF Heriberto Hernandez P Dylan Cease P Eury Perez SS Francisco Lindor,,,
232,5220562180,juliocesarmb,0,128.55,1B Rafael Flores Jr. 2B Angel Genao 3B Brooks Lee C Alejandro Kirk OF Esmerlyn Valdez OF Jackson Merrill OF Heriberto Hernandez P Dylan Cease P Eury Perez SS Francisco Lindor,,,
232,5220587791,tlaugen70,0,128.55,1B Alec Bohm 2B Bryson Stott 3B Brooks Lee C Gabriel Moreno OF Bryce Harper OF Luke Keaschall OF Spencer Jones P Dylan Cease P Ryan Weathers SS Edmundo Sosa,,,
232,5220655300,SIRNBT1,0,128.55,1B Nick Yorke 2B Ernie Clement 3B Bryson Stott C Agustin Ramirez OF Corbin Carroll OF Bryan Reynolds OF Tim Tawa P Dylan Cease P Eury Perez SS Francisco Lindor,,,
232,5220704321,DEMETRICK21,0,128.55,1B Ben Rice 2B Jorge Polanco 3B Eugenio Suarez C Dillon Dingler OF Heriberto Hernandez OF Javier Sanoja OF Mike Yastrzemski P Dylan Cease P Eury Perez SS Jared Triolo,,,
232,5220730864,bkowens52,0,128.55,1B Kyle Schwarber 2B Royce Lewis 3B Alec Bohm C Victor Caratini OF Kody Clemens OF Trevor Larnach OF Edmundo Sosa P Dylan Cease P Eury Perez SS Kaelen Culpepper,,,
241,5220550501,JJFalcon,0,128.4,1B Matt Olson 2B Jake Cronenworth 3B Brooks Lee C Rafael Flores Jr. OF Corbin Carroll OF A.J. Ewing OF Trevor Larnach P Eury Perez P Casey Mize SS Otto Lopez,,,
242,5220475519,Runninrebel02,0,128.05,1B Matt Olson 2B Ketel Marte 3B Leo Jimenez C Agustin Ramirez OF Corbin Carroll OF Heriberto Hernandez OF Javier Sanoja P Dylan Cease P Patrick Sandoval SS Geraldo Perdomo,,,
242,5220658902,Mige1,0,128.05,1B Sal Stewart 2B Xavier Edwards 3B Eugenio Suarez C Agustin Ramirez OF Ceddanne Rafaela OF Heriberto Hernandez OF Javier Sanoja P Dylan Cease P Dean Kremer SS Otto Lopez,,,
244,5220541223,sh-13,0,127.75,1B Abimelec Ortiz 2B Xavier Edwards 3B Brady House C Agustin Ramirez OF Dylan Crews OF Daylen Lile OF Heriberto Hernandez P Dylan Cease P Bryce Elder SS Otto Lopez,,,
245,5220728968,cpee15,0,127.7,1B Royce Lewis 2B Xavier Edwards 3B Jared Triolo C Agustin Ramirez OF Corbin Carroll OF Heriberto Hernandez OF Jakob Marsee P Dylan Cease P Christian Scott SS Geraldo Perdomo,,,
246,5220311427,scboll,0,127.55,1B Jared Young 2B Nick Sogard 3B Javier Sanoja C Gabriel Moreno OF Corbin Carroll OF Heriberto Hernandez OF Steven Kwan P Dylan Cease P Eury Perez SS Francisco Lindor,,,
246,5220487954,ericm210,0,127.55,1B Munetaka Murakami 2B Gleyber Torres 3B Colt Keith C Drew Romo OF Sam Antonacci OF Andrew Benintendi OF Zach McKinstry P Dylan Cease P Eury Perez SS Colson Montgomery,,,
246,5220536391,ryan070187,0,127.55,1B Matt Olson 2B Jake Cronenworth 3B Colt Keith C Dillon Dingler OF Tim Tawa OF Edmundo Sosa OF Brett Bateman P Dylan Cease P Eury Perez SS Kevin McGonigle,,,
246,5220573280,Mrhelo,0,127.55,1B Abimelec Ortiz 2B Royce Lewis 3B Bo Bichette C Gabriel Moreno OF Carson Benge OF Brett Baty OF Gavin Sheets P Dylan Cease P Eury Perez SS Francisco Lindor,,,
246,5220579601,avg_gam_tre,0,127.55,1B Jared Young 2B Bryson Stott 3B Alec Bohm C Luis Torrens OF Bryce Harper OF Carson Benge OF Brett Baty P Dylan Cease P Eury Perez SS Francisco Lindor,,,
246,5220625049,gtang001,0,127.55,1B Jared Young 2B Bryson Stott 3B Alec Bohm C Luis Torrens OF Bryce Harper OF Carson Benge OF Brett Baty P Dylan Cease P Eury Perez SS Francisco Lindor,,,
246,5220638421,Alex20001,0,127.55,1B Matt Olson 2B Jake Cronenworth 3B Charles McAdoo C Drew Romo OF Ronald Acuna Jr. OF Corbin Carroll OF Mike Yastrzemski P Dylan Cease P Eury Perez SS Andruw Monasterio,,,
246,5220651838,coachk728,0,127.55,1B Jared Young 2B Kody Clemens 3B Bryson Stott C Luis Torrens OF Carson Benge OF A.J. Ewing OF Heriberto Hernandez P Dylan Cease P Eury Perez SS Francisco Lindor,,,
246,5220698355,Jig-is-up,0,127.55,1B Jared Young 2B Xavier Edwards 3B Bo Bichette C Agustin Ramirez OF A.J. Ewing OF Jakob Marsee OF Brett Baty P Dylan Cease P Eury Perez SS Francisco Lindor,,,
255,5220651297,JayMan8955,0,127.2,1B Jared Young 2B Xavier Edwards 3B Bryson Stott C Agustin Ramirez OF Carson Benge OF Heriberto Hernandez OF Javier Sanoja P Dylan Cease P Sean Burke SS Francisco Lindor,,,
256,5220406239,ramtor,0,127.05,1B Royce Lewis 2B Xavier Edwards 3B Javier Sanoja C Agustin Ramirez OF Corbin Carroll OF Heriberto Hernandez OF Esteury Ruiz P Dylan Cease P Patrick Sandoval SS Geraldo Perdomo,,,
257,5220706939,dillmaak2022,0,126.9,1B Josh Bell 2B Xavier Edwards 3B Bryson Stott C Agustin Ramirez OF Corbin Carroll OF Heriberto Hernandez OF Esteury Ruiz P Dylan Cease P Drew Anderson SS Otto Lopez,,,
258,5220515099,jabbo123,0,126.75,1B Luis Garcia Jr. 2B Xavier Edwards 3B Leo Jimenez C Ben Rice OF Trent Grisham OF Heliot Ramos OF Heriberto Hernandez P Eury Perez P Christian Scott SS George Lombard Jr.,,,
258,5220698078,DayByDay,0,126.75,1B Matt Olson 2B Jake Cronenworth 3B Bryson Stott C Drake Baldwin OF Ronald Acuna Jr. OF Michael Harris II OF Mike Yastrzemski P Eury Perez P Christian Scott SS Edmundo Sosa,,,
260,5220436705,ocdobv,0,126.7,1B Munetaka Murakami 2B Brett Baty 3B Miguel Vargas C Drew Romo OF Sam Antonacci OF A.J. Ewing OF Edmundo Sosa P Dylan Cease P Christian Scott SS Francisco Lindor,,,
260,5220661357,Dhadron,0,126.7,1B Jared Young 2B Luis Arraez 3B Bryson Stott C Luis Torrens OF Bryce Harper OF Heriberto Hernandez OF Jakob Marsee P Dylan Cease P Christian Scott SS Francisco Lindor,,,
260,5220718625,Tommy71,0,126.7,1B Royce Lewis 2B Luis Arraez 3B Alec Bohm C Victor Caratini OF Bryce Harper OF Kody Clemens OF Luke Keaschall P Dylan Cease P Christian Scott SS Kaelen Culpepper,,,
263,5220110467,rajonrondough,0,126.55,1B Jared Young 2B Jorge Polanco 3B Bryson Stott C Agustin Ramirez OF Corbin Carroll OF A.J. Ewing OF Heriberto Hernandez P Dylan Cease P Eury Perez SS Francisco Lindor,,,
263,5220319766,AaronCosta,0,126.55,1B Matt Olson 2B Ozzie Albies 3B Nick Yorke C Drake Baldwin OF Ronald Acuna Jr. OF Mike Yastrzemski OF Billy Cook P Dylan Cease P Eury Perez SS Edmundo Sosa,,,
263,5220370501,slick300800,0,126.55,1B Jared Young 2B Jorge Polanco 3B Eugenio Suarez C Agustin Ramirez OF Corbin Carroll OF Carson Benge OF Heriberto Hernandez P Dylan Cease P Eury Perez SS Francisco Lindor,,,
263,5220444112,ra8erfan111,0,126.55,1B Abimelec Ortiz 2B Sam Antonacci 3B Charles McAdoo C Agustin Ramirez OF Byron Buxton OF Corbin Carroll OF Heriberto Hernandez P Dylan Cease P Eury Perez SS Jared Triolo,,,
263,5220554866,tenpin07,0,126.55,1B Abimelec Ortiz 2B Royce Lewis 3B Alec Bohm C Luis Torrens OF Corbin Carroll OF Carson Benge OF Luke Keaschall P Dylan Cease P Ryan Weathers SS Francisco Lindor,,,
263,5220566848,Casey0504,0,126.55,1B Jared Young 2B Jorge Polanco 3B Bryson Stott C Agustin Ramirez OF Corbin Carroll OF A.J. Ewing OF Heriberto Hernandez P Dylan Cease P Eury Perez SS Francisco Lindor,,,
263,5220681604,RDNDO,0,126.55,1B Jared Young 2B Jorge Polanco 3B Bryson Stott C Agustin Ramirez OF Corbin Carroll OF A.J. Ewing OF Heriberto Hernandez P Dylan Cease P Eury Perez SS Francisco Lindor,,,
263,5220717294,bull159192,0,126.55,1B Abimelec Ortiz 2B Jake Cronenworth 3B Colt Keith C Gabriel Moreno OF Ronald Acuna Jr. OF Corbin Carroll OF Mike Yastrzemski P Dylan Cease P Ryan Weathers SS Javier Baez,,,
263,5220745228,zwack222,0,126.55,1B Jared Young 2B Jorge Polanco 3B Bryson Stott C Agustin Ramirez OF Corbin Carroll OF A.J. Ewing OF Heriberto Hernandez P Dylan Cease P Eury Perez SS Francisco Lindor,,,
272,5220640541,Markp64,0,126.5,1B Kyle Schwarber 2B Xavier Edwards 3B Colson Montgomery C Agustin Ramirez OF Jackson Merrill OF Heriberto Hernandez OF Gavin Sheets P Dylan Cease P Andrew Painter SS Otto Lopez,,,
273,5220476917,sugewhite41,0,126.2,1B Kazuma Okamoto 2B Xavier Edwards 3B Javier Sanoja C Agustin Ramirez OF Carson Benge OF Heriberto Hernandez OF Brett Baty P Dylan Cease P Sean Burke SS Francisco Lindor,,,
274,5220348190,LeVerticalDFS,0,125.9,1B Matt Olson 2B Jake Cronenworth 3B Colt Keith C Drake Baldwin OF Ronald Acuna Jr. OF Dylan Crews OF Mike Yastrzemski P Dylan Cease P Drew Anderson SS Jim Jarvis,,,
275,5220307891,fvrtv6,0,125.75,1B Matt Olson 2B Ozzie Albies 3B Nolan Arenado C Drake Baldwin OF Ronald Acuna Jr. OF Michael Harris II OF Javier Sanoja P Bryce Elder P Nick Lodolo SS George Lombard Jr.,,,
276,5220465721,Skinny_Joey,0,125.7,1B Kyle Schwarber 2B Bryson Stott 3B Javier Sanoja C Agustin Ramirez OF Brandon Marsh OF Justin Crawford OF Edmundo Sosa P Dylan Cease P Christian Scott SS Francisco Lindor,,,
276,5220508434,forlife36,0,125.7,1B Alec Bohm 2B Bryson Stott 3B Bo Bichette C Luis Torrens OF Corbin Carroll OF Jarren Duran OF A.J. Ewing P Dylan Cease P Christian Scott SS Geraldo Perdomo,,,
276,5220512666,geocom,0,125.7,1B Kyle Schwarber 2B Xavier Edwards 3B Jorge Polanco C Gabriel Moreno OF Carson Benge OF Javier Sanoja OF Edmundo Sosa P Dylan Cease P Christian Scott SS Francisco Lindor,,,
276,5220696488,SeanyB231,0,125.7,1B Tim Tawa 2B Ketel Marte 3B Nolan Arenado C Agustin Ramirez OF Corbin Carroll OF Heriberto Hernandez OF Javier Sanoja P Dylan Cease P Christian Scott SS Geraldo Perdomo,,,
276,5220723385,Fluffhead017,0,125.7,1B Josh Bell 2B Royce Lewis 3B Bryson Stott C Agustin Ramirez OF Corbin Carroll OF Kody Clemens OF Justin Crawford P Dylan Cease P Christian Scott SS Jared Triolo,,,
281,5220444576,mymanpotznpanz,0,125.55,1B Kyle Schwarber 2B Jorge Polanco 3B Charles McAdoo C Agustin Ramirez OF Heriberto Hernandez OF Esteury Ruiz OF Luis Robert Jr. P Dylan Cease P Eury Perez SS Francisco Lindor,,,
281,5220475854,bck4gators,0,125.55,1B Jared Young 2B Xavier Edwards 3B Javier Sanoja C Agustin Ramirez OF Carson Benge OF A.J. Ewing OF Luis Robert Jr. P Dylan Cease P Eury Perez SS Francisco Lindor,,,
281,5220480431,dsulecki,0,125.55,1B Jared Young 2B Jake Cronenworth 3B Jose Ramirez C Luis Torrens OF Carson Benge OF A.J. Ewing OF Heriberto Hernandez P Dylan Cease P Eury Perez SS Francisco Lindor,,,
281,5220601025,chuckyz33,0,125.55,1B Matt Olson 2B Ketel Marte 3B Leo Jimenez C Brian Navarreto OF Heriberto Hernandez OF Javier Sanoja OF Mike Yastrzemski P Dylan Cease P Eury Perez SS Otto Lopez,,,
281,5220685869,brwchris88,0,125.55,1B Abimelec Ortiz 2B Xavier Edwards 3B Javier Sanoja C Brian Navarreto OF Byron Buxton OF Daylen Lile OF Heriberto Hernandez P Dylan Cease P Eury Perez SS Otto Lopez,,,
281,5220729821,wormlove3,0,125.55,1B Kyle Schwarber 2B Brandon Lowe 3B Alec Bohm C Rafael Flores Jr. OF Bryan Reynolds OF Jarren Duran OF A.J. Ewing P Casey Mize P Christian Scott SS Jared Triolo,,,
287,5220737735,dfingerb,0,125.4,1B Jared Young 2B Ketel Marte 3B Javier Sanoja C Luis Torrens OF Fernando Tatis Jr. OF Corbin Carroll OF Kody Clemens P Eury Perez P Casey Mize SS Geraldo Perdomo,,,
288,5220283390,mgm1342,0,124.75,1B Kyle Schwarber 2B Bryson Stott 3B Alec Bohm C Agustin Ramirez OF Bryce Harper OF A.J. Ewing OF Trevor Larnach P Eury Perez P Christian Scott SS Edmundo Sosa,,,
288,5220431017,Chili77,0,124.75,1B Kyle Schwarber 2B Bryson Stott 3B Eugenio Suarez C Gabriel Moreno OF A.J. Ewing OF Heriberto Hernandez OF Javier Sanoja P Eury Perez P Christian Scott SS Francisco Lindor,,,
288,5220607802,Johste1255,0,124.75,1B Jared Young 2B Kody Clemens 3B Brooks Lee C Luis Torrens OF Byron Buxton OF Carson Benge OF Trevor Larnach P Dylan Cease P Bryce Elder SS Francisco Lindor,,,
291,5220245149,lukecappo,0,124.7,1B Jared Young 2B Bryson Stott 3B Alec Bohm C Luis Torrens OF Bryce Harper OF Carson Benge OF A.J. Ewing P Dylan Cease P Christian Scott SS Francisco Lindor,,,
291,5220309576,AGGIES1515,0,124.7,1B Alec Bohm 2B Brandon Lowe 3B Jose Ramirez C Agustin Ramirez OF Corbin Carroll OF Bryan Reynolds OF Jake Mangum P Christian Scott P Andrew Painter SS Francisco Lindor,,,
291,5220460558,Sleddog79,0,124.7,1B Matt Olson 2B Ozzie Albies 3B Brooks Lee C Drake Baldwin OF Ronald Acuna Jr. OF Michael Harris II OF Trevor Larnach P Christian Scott P Nick Lodolo SS Kaelen Culpepper,,,
294,5220274770,ekimnotloh,0,124.55,1B Jared Young 2B Xavier Edwards 3B Brady House C Agustin Ramirez OF Carson Benge OF A.J. Ewing OF Heriberto Hernandez P Dylan Cease P Eury Perez SS Francisco Lindor,,,
294,5220417732,Jerry2044,0,124.55,1B Kyle Schwarber 2B Jake Cronenworth 3B Colt Keith C J.T. Realmuto OF Jackson Merrill OF Heriberto Hernandez OF Braden Montgomery P Dylan Cease P Ryan Weathers SS Jared Triolo,,,
294,5220432139,timmort2,0,124.55,1B Jared Young 2B Jake Cronenworth 3B Eugenio Suarez C Drake Baldwin OF A.J. Ewing OF Heriberto Hernandez OF Luis Robert Jr. P Dylan Cease P Ryan Weathers SS Francisco Lindor,,,
294,5220506137,endlessmike03,0,124.55,1B Josh Bell 2B Kody Clemens 3B Leo Jimenez C Agustin Ramirez OF Byron Buxton OF Trevor Larnach OF Heriberto Hernandez P Dylan Cease P Eury Perez SS Jared Triolo,,,
294,5220528371,allyoucanbe,0,124.55,1B Jared Young 2B Jake Cronenworth 3B Eugenio Suarez C Drake Baldwin OF A.J. Ewing OF Heriberto Hernandez OF Luis Robert Jr. P Dylan Cease P Ryan Weathers SS Francisco Lindor,,,
294,5220667660,tonerman40,0,124.55,1B Jared Young 2B Jake Cronenworth 3B Eugenio Suarez C Drake Baldwin OF A.J. Ewing OF Heriberto Hernandez OF Luis Robert Jr. P Dylan Cease P Ryan Weathers SS Francisco Lindor,,,
300,5220356611,daddyshark423,0,124.25,1B Miguel Vargas 2B Sam Antonacci 3B Javier Sanoja C Agustin Ramirez OF Heriberto Hernandez OF Braden Montgomery OF Esteury Ruiz P Sean Burke P Eury Perez SS Colson Montgomery,,,
300,5220577799,DW13,0,124.25,1B Matt Olson 2B Kody Clemens 3B Brooks Lee C Rafael Flores Jr. OF Byron Buxton OF Heriberto Hernandez OF Esteury Ruiz P Sean Burke P Eury Perez SS Kaelen Culpepper,,,
302,5220287488,frisbeediver,0,124.2,1B Jared Young 2B Xavier Edwards 3B Javier Sanoja C Agustin Ramirez OF Carson Benge OF A.J. Ewing OF Heriberto Hernandez P Dylan Cease P Sean Burke SS Francisco Lindor,,,
302,5220341833,Tiger4Life44,0,124.2,1B Jared Young 2B Xavier Edwards 3B Javier Sanoja C Agustin Ramirez OF Carson Benge OF A.J. Ewing OF Heriberto Hernandez P Dylan Cease P Sean Burke SS Otto Lopez,,,
302,5220381404,ImaDonk11,0,124.2,1B Jared Young 2B Xavier Edwards 3B Javier Sanoja C Agustin Ramirez OF Carson Benge OF A.J. Ewing OF Heriberto Hernandez P Dylan Cease P Sean Burke SS Francisco Lindor,,,
302,5220538979,alexstout,0,124.2,1B Jared Young 2B Xavier Edwards 3B Javier Sanoja C Agustin Ramirez OF Carson Benge OF A.J. Ewing OF Heriberto Hernandez P Dylan Cease P Sean Burke SS Francisco Lindor,,,
302,5220655678,JERKER19,0,124.2,1B Jared Young 2B Xavier Edwards 3B Javier Sanoja C Agustin Ramirez OF Carson Benge OF A.J. Ewing OF Heriberto Hernandez P Dylan Cease P Sean Burke SS Otto Lopez,,,
302,5220698925,rlogz,0,124.2,1B Jared Young 2B Xavier Edwards 3B Javier Sanoja C Agustin Ramirez OF Carson Benge OF A.J. Ewing OF Heriberto Hernandez P Dylan Cease P Sean Burke SS Otto Lopez,,,
308,5220387805,DancinPaul,0,124.05,1B Royce Lewis 2B Kody Clemens 3B Bo Bichette C Gabriel Moreno OF Ronald Acuna Jr. OF George Springer OF Myles Straw P Dylan Cease P Dean Kremer SS Andres Gimenez,,,
309,5220429125,BOOKMAHON,0,123.75,1B Munetaka Murakami 2B Sam Antonacci 3B Miguel Vargas C Rafael Flores Jr. OF Heriberto Hernandez OF Esteury Ruiz OF Andrew Benintendi P Eury Perez P Christian Scott SS Colson Montgomery,,,
309,5220531112,RINO19,0,123.75,1B Bryce Harper 2B Xavier Edwards 3B Javier Sanoja C Agustin Ramirez OF Brandon Marsh OF A.J. Ewing OF Esteury Ruiz P Eury Perez P Christian Scott SS Otto Lopez,,,
309,5220678921,djames0981,0,123.75,1B Ben Rice 2B Jose Caballero 3B Kazuma Okamoto C Drake Baldwin OF Daylen Lile OF Brett Baty OF Mike Yastrzemski P Dylan Cease P Bryce Elder SS George Lombard Jr.,,,
309,5220707212,wlcjr1963,0,123.75,1B Kyle Schwarber 2B Jake Cronenworth 3B Eugenio Suarez C Agustin Ramirez OF Byron Buxton OF Corbin Carroll OF Heriberto Hernandez P Ryan Weathers P Christian Scott SS Jared Triolo,,,
313,5220474541,Cowboys37144,0,123.7,1B Matt Olson 2B Jorge Polanco 3B Bo Bichette C Brian Navarreto OF Ronald Acuna Jr. OF Luis Robert Jr. OF Brett Baty P Dylan Cease P Christian Scott SS Francisco Lindor,,,
313,5220701392,OSULegends,0,123.7,1B Jared Young 2B Jorge Polanco 3B Brooks Lee C Victor Caratini OF Bryce Harper OF Byron Buxton OF Heriberto Hernandez P Dylan Cease P Christian Scott SS Francisco Lindor,,,
315,5220544534,willplaygreat49,0,123.6,1B Jared Young 2B Royce Lewis 3B Bo Bichette C Agustin Ramirez OF Kody Clemens OF Carson Benge OF A.J. Ewing P Eury Perez P Ryan Weathers SS Francisco Lindor,,,
316,5220193128,totoroll33,0,123.55,1B Abimelec Ortiz 2B Jake Cronenworth 3B Bryson Stott C Rafael Flores Jr. OF Corbin Carroll OF A.J. Ewing OF Heriberto Hernandez P Dylan Cease P Eury Perez SS Francisco Lindor,,,
316,5220613415,devouredbychaos,0,123.55,1B Abimelec Ortiz 2B Bryson Stott 3B Javier Sanoja C Agustin Ramirez OF Corbin Carroll OF A.J. Ewing OF Steven Kwan P Dylan Cease P Eury Perez SS Francisco Lindor,,,
316,5220668173,CouldBeTravis,0,123.55,1B Matt Olson 2B Jake Cronenworth 3B Manny Machado C Freddy Fermin OF Michael Harris II OF Jackson Merrill OF Gavin Sheets P Dylan Cease P Eury Perez SS Brayan Rocchio,,,
316,5220669155,Heavyd2369,0,123.55,1B Alec Bohm 2B Ernie Clement 3B Kazuma Okamoto C Rafael Flores Jr. OF Bryan Reynolds OF Esmerlyn Valdez OF George Springer P Dylan Cease P Eury Perez SS Geraldo Perdomo,,,
320,5220621666,fourfororr,0,123.35,1B Josh Bell 2B Kody Clemens 3B Eugenio Suarez C Agustin Ramirez OF Ronald Acuna Jr. OF Byron Buxton OF Heriberto Hernandez P Christian Scott P Jake Irvin SS Otto Lopez,,,
321,5220677226,fladman,0,122.8,1B Matt Olson 2B Luis Arraez 3B Charles McAdoo C Drake Baldwin OF Ronald Acuna Jr. OF Michael Harris II OF Mike Yastrzemski P Ryan Weathers P Bryce Elder SS Jose Caballero,,,
322,5220365040,DrNickIsIn,0,122.75,1B Nick Sogard 2B Kody Clemens 3B Javier Sanoja C Connor Wong OF Byron Buxton OF Ceddanne Rafaela OF Heriberto Hernandez P Eury Perez P Christian Scott SS Elly De La Cruz,,,
322,5220670717,camjr1_0,0,122.75,1B Josh Bell 2B Royce Lewis 3B Brooks Lee C Drake Baldwin OF Kody Clemens OF Luke Keaschall OF Brett Bateman P Dylan Cease P Bryce Elder SS Colson Montgomery,,,
324,5220265781,nyceguy516,0,122.7,1B Jared Young 2B Ketel Marte 3B Alec Bohm C Luis Torrens OF Corbin Carroll OF Carson Benge OF A.J. Ewing P Dylan Cease P Christian Scott SS Francisco Lindor,,,
324,5220474990,jah_586,0,122.7,1B Jared Young 2B Jorge Polanco 3B Jose Ramirez C Luis Torrens OF Byron Buxton OF Kody Clemens OF Brett Baty P Dylan Cease P Christian Scott SS Francisco Lindor,,,
324,5220689992,givemesleeps,0,122.7,1B Matt Olson 2B Luis Arraez 3B Brooks Lee C Victor Caratini OF Michael Harris II OF Dominic Smith OF Mike Yastrzemski P Dylan Cease P Christian Scott SS Francisco Lindor,,,
324,5220715388,Brendanw_25,0,122.7,1B Josh Bell 2B Kody Clemens 3B Brooks Lee C Drew Romo OF Byron Buxton OF Carson Benge OF Brett Baty P Dylan Cease P Christian Scott SS Francisco Lindor,,,
328,5220183309,AJSuperman,0,122.55,1B Kyle Schwarber 2B Xavier Edwards 3B Charles McAdoo C Brian Navarreto OF Carson Benge OF Heriberto Hernandez OF Javier Sanoja P Dylan Cease P Eury Perez SS Otto Lopez,,,
328,5220429809,bhnupe,0,122.55,1B Abimelec Ortiz 2B Jake Cronenworth 3B Charles McAdoo C Agustin Ramirez OF Corbin Carroll OF Daylen Lile OF A.J. Ewing P Dylan Cease P Eury Perez SS Francisco Lindor,,,
328,5220513839,jethro7e,0,122.55,1B Jared Young 2B Bryson Stott 3B Alec Bohm C Luis Torrens OF Corbin Carroll OF Carson Benge OF Luis Robert Jr. P Dylan Cease P Eury Perez SS Francisco Lindor,,,
328,5220531027,cashceddy77,0,122.55,1B Jared Young 2B Xavier Edwards 3B Bo Bichette C Agustin Ramirez OF Carson Benge OF A.J. Ewing OF Tim Tawa P Dylan Cease P Eury Perez SS Francisco Lindor,,,
328,5220677247,Jamie8238,0,122.55,1B Nick Sogard 2B Jake Cronenworth 3B Bryson Stott C Agustin Ramirez OF Corbin Carroll OF Heriberto Hernandez OF Esteury Ruiz P Dylan Cease P Eury Perez SS Geraldo Perdomo,,,
328,5220718211,Fn_Ralph,0,122.55,1B Jared Young 2B Royce Lewis 3B Bryson Stott C Agustin Ramirez OF A.J. Ewing OF Heriberto Hernandez OF Brett Bateman P Dylan Cease P Eury Perez SS Otto Lopez,,,
334,5220482475,lewisdale,0,122.25,1B Alec Bohm 2B Jorge Polanco 3B Bryson Stott C Agustin Ramirez OF Byron Buxton OF Kody Clemens OF Heriberto Hernandez P Sean Burke P Eury Perez SS Francisco Lindor,,,
335,5220657600,eckenrode10,0,122.2,1B Kyle Schwarber 2B Bryson Stott 3B Alec Bohm C Luis Torrens OF Bryce Harper OF Gavin Sheets OF Tristan Peters P Dylan Cease P Sean Burke SS Kaelen Culpepper,,,
336,5220702686,BrandonS1107,0,122.05,1B Jared Young 2B Royce Lewis 3B Brady House C Agustin Ramirez OF Ronald Acuna Jr. OF Carson Benge OF Heriberto Hernandez P Dylan Cease P Dean Kremer SS Francisco Lindor,,,
337,5220606344,Wise_Coyote,0,121.7,1B Jared Young 2B Jorge Polanco 3B Eugenio Suarez C Agustin Ramirez OF Byron Buxton OF Sam Antonacci OF Heriberto Hernandez P Dylan Cease P Christian Scott SS Kevin McGonigle,,,
338,5220389932,shaunb24,0,121.55,1B Alec Bohm 2B Chase Meidroth 3B Eugenio Suarez C Gabriel Moreno OF Corbin Carroll OF Tim Tawa OF Edmundo Sosa P Dylan Cease P Eury Perez SS Francisco Lindor,,,
338,5220534037,dpatel8,0,121.55,1B Jared Young 2B Bryson Stott 3B Charles McAdoo C Luis Torrens OF Bryce Harper OF Carson Benge OF Heriberto Hernandez P Dylan Cease P Eury Perez SS Francisco Lindor,,,
338,5220586775,BigHommie904,0,121.55,1B Jared Young 2B Jake Cronenworth 3B Bo Bichette C Drew Romo OF Corbin Carroll OF Carson Benge OF A.J. Ewing P Dylan Cease P Eury Perez SS Francisco Lindor,,,
338,5220627014,kevsully,0,121.55,1B Abimelec Ortiz 2B Jorge Polanco 3B Nick Yorke C Agustin Ramirez OF Byron Buxton OF Corbin Carroll OF Luis Robert Jr. P Dylan Cease P Eury Perez SS Francisco Lindor,,,
338,5220737434,Andy41golf,0,121.55,1B Jared Young 2B Bryson Stott 3B Alec Bohm C Luis Torrens OF Michael Harris II OF Carson Benge OF A.J. Ewing P Dylan Cease P Eury Perez SS Francisco Lindor,,,
343,5220467261,leopard1,0,121.5,1B Jared Young 2B Luis Arraez 3B Alec Bohm C Gabriel Moreno OF Wilyer Abreu OF Corbin Carroll OF Heriberto Hernandez P Dylan Cease P Andrew Painter SS Otto Lopez,,,
344,5220518957,JesusToews,0,121.25,1B Matt Olson 2B Kody Clemens 3B Bo Bichette C James McCann OF Ronald Acuna Jr. OF Carson Benge OF Luis Robert Jr. P Christian Scott P Dean Kremer SS Francisco Lindor,,,
345,5220115802,ChokeHoldem1,0,120.7,1B Tim Tawa 2B Ketel Marte 3B Javier Sanoja C Gabriel Moreno OF Corbin Carroll OF Heriberto Hernandez OF Jakob Marsee P Dylan Cease P Christian Scott SS Geraldo Perdomo,,,
345,5220494969,fredm84,0,120.7,1B Jared Young 2B Sam Antonacci 3B Jorge Polanco C Agustin Ramirez OF Byron Buxton OF Corbin Carroll OF Heriberto Hernandez P Dylan Cease P Christian Scott SS Geraldo Perdomo,,,
345,5220628617,russo122691,0,120.7,1B Kyle Schwarber 2B Bryson Stott 3B Alec Bohm C Luis Torrens OF Carson Benge OF A.J. Ewing OF Edmundo Sosa P Dylan Cease P Christian Scott SS Francisco Lindor,,,
345,5220691727,EZNothard,0,120.7,1B Nick Yorke 2B Brett Baty 3B Brooks Lee C Rafael Flores Jr. OF Byron Buxton OF Corbin Carroll OF Sam Antonacci P Dylan Cease P Christian Scott SS Francisco Lindor,,,
349,5220292790,Adols9,0,120.55,1B Jared Young 2B Brett Baty 3B Charles McAdoo C Gabriel Moreno OF Corbin Carroll OF Carson Benge OF Heriberto Hernandez P Dylan Cease P Eury Perez SS Francisco Lindor,,,
349,5220402642,irish126,0,120.55,1B Jared Young 2B Jorge Polanco 3B Eugenio Suarez C Agustin Ramirez OF Byron Buxton OF A.J. Ewing OF Heriberto Hernandez P Dylan Cease P Eury Perez SS Francisco Lindor,,,
349,5220423299,mspozto,0,120.55,1B Jared Young 2B Jake Cronenworth 3B Charles McAdoo C Drake Baldwin OF Corbin Carroll OF Carson Benge OF Heriberto Hernandez P Dylan Cease P Eury Perez SS Geraldo Perdomo,,,
349,5220448146,Graytwhitehype,0,120.55,1B Jared Young 2B Bryson Stott 3B Bo Bichette C Gabriel Moreno OF Carson Benge OF Heriberto Hernandez OF Brett Bateman P Dylan Cease P Eury Perez SS Francisco Lindor,,,
349,5220473992,EGrizzly123,0,120.55,1B Miguel Vargas 2B Kody Clemens 3B Caleb Durbin C Luis Torrens OF Corbin Carroll OF Luis Robert Jr. OF Tim Tawa P Dylan Cease P Eury Perez SS Kaelen Culpepper,,,
349,5220524744,Evilempire2626,0,120.55,1B Jared Young 2B Jake Cronenworth 3B Alec Bohm C Austin Wells OF Ronald Acuna Jr. OF Byron Buxton OF Tim Tawa P Dylan Cease P Eury Perez SS Francisco Lindor,,,
349,5220612627,UrbaneArcher107,0,120.55,1B Jared Young 2B Brett Baty 3B Bryson Stott C Agustin Ramirez OF Carson Benge OF A.J. Ewing OF Heriberto Hernandez P Dylan Cease P Eury Perez SS Francisco Lindor,,,
349,5220655383,neterka,0,120.55,1B Jared Young 2B Brett Baty 3B Bryson Stott C Rafael Flores Jr. OF Corbin Carroll OF Heriberto Hernandez OF Esteury Ruiz P Dylan Cease P Eury Perez SS Francisco Lindor,,,
349,5220727088,jromani12,0,120.55,1B Alec Bohm 2B Luis Arraez 3B Bryson Stott C Brian Navarreto OF Heriberto Hernandez OF Esteury Ruiz OF Jakob Marsee P Dylan Cease P Eury Perez SS Otto Lopez,,,
358,5220612275,KarrosHair,0,120.25,1B Matt Olson 2B Jorge Polanco 3B Bo Bichette C Drake Baldwin OF Ronald Acuna Jr. OF Michael Harris II OF Mike Yastrzemski P Christian Scott P Dean Kremer SS Francisco Lindor,,,
359,5220556012,Stree,0,119.75,1B Ty France 2B Jake Cronenworth 3B Manny Machado C Agustin Ramirez OF Fernando Tatis Jr. OF Jackson Merrill OF Heriberto Hernandez P Eury Perez P Christian Scott SS Otto Lopez,,,
359,5220615654,Jackie2424,0,119.75,1B Matt Olson 2B Brett Baty 3B Charles McAdoo C Drake Baldwin OF Ronald Acuna Jr. OF Michael Harris II OF Brett Bateman P Eury Perez P Christian Scott SS Francisco Lindor,,,
361,5220048692,bkreider,0,119.7,1B Spencer Torkelson 2B Gleyber Torres 3B Colt Keith C Agustin Ramirez OF Corbin Carroll OF Javier Baez OF Zach McKinstry P Dylan Cease P Christian Scott SS Otto Lopez,,,
361,5220725104,HPYHRS,0,119.7,1B Charles McAdoo 2B Luis Arraez 3B Bo Bichette C Alejandro Kirk OF Michael Harris II OF Heriberto Hernandez OF Luke Keaschall P Dylan Cease P Christian Scott SS Otto Lopez,,,
363,5220234829,cyruscyrus,0,119.55,1B Miguel Vargas 2B Chase Meidroth 3B Brooks Lee C Drew Romo OF Jackson Merrill OF Trevor Larnach OF Mike Yastrzemski P Dylan Cease P Eury Perez SS Francisco Lindor,,,
363,5220323471,hallitg,0,119.55,1B Jared Young 2B Ketel Marte 3B Javier Sanoja C Brian Navarreto OF Corbin Carroll OF Heriberto Hernandez OF Jakob Marsee P Dylan Cease P Eury Perez SS Otto Lopez,,,
363,5220334255,DNation86,0,119.55,1B Jared Young 2B Nick Sogard 3B Bryson Stott C Agustin Ramirez OF Corbin Carroll OF Heriberto Hernandez OF Steven Kwan P Dylan Cease P Eury Perez SS Francisco Lindor,,,
363,5220404992,rd7242,0,119.55,1B Bryce Harper 2B Bryson Stott 3B Alec Bohm C Brian Navarreto OF Heriberto Hernandez OF Jakob Marsee OF Justin Crawford P Dylan Cease P Eury Perez SS Francisco Lindor,,,
363,5220717036,kimmiserin,0,119.55,1B Bryce Harper 2B Jose Caballero 3B Alec Bohm C Rafael Flores Jr. OF Jackson Merrill OF Chase DeLauter OF Jacob Young P Dylan Cease P Ryan Weathers SS Xander Bogaerts,,,
368,5220521053,jc000000,0,119.5,1B Kyle Schwarber 2B Jorge Polanco 3B Javier Sanoja C Agustin Ramirez OF Bryce Harper OF A.J. Ewing OF Heriberto Hernandez P Dylan Cease P Andrew Painter SS Otto Lopez,,,
368,5220648966,Jphat08,0,119.5,1B Matt Olson 2B Bryson Stott 3B Charles McAdoo C Drake Baldwin OF Ronald Acuna Jr. OF Michael Harris II OF Daz Cameron P Dylan Cease P Nick Lodolo SS Jim Jarvis,,,
370,5220461603,mike34771,0,119.4,1B Matt Olson 2B Nick Sogard 3B Alec Bohm C Drake Baldwin OF Ronald Acuna Jr. OF Michael Harris II OF Justin Crawford P Sean Burke P Christian Scott SS Edmundo Sosa,,,
371,5220608729,Tosatapout,0,119.25,1B Royce Lewis 2B Kody Clemens 3B Brooks Lee C Agustin Ramirez OF Byron Buxton OF Trevor Larnach OF Heriberto Hernandez P Sean Burke P Eury Perez SS Jared Triolo,,,
372,5220070816,mikevickdoggydaycare,0,119.1,1B Miguel Vargas 2B Xavier Edwards 3B Javier Sanoja C Agustin Ramirez OF Wilyer Abreu OF Ceddanne Rafaela OF Heriberto Hernandez P Eury Perez P Patrick Sandoval SS Otto Lopez,,,
373,5220312163,ghester69,0,119.05,1B Royce Lewis 2B Kody Clemens 3B Brooks Lee C Brian Navarreto OF Byron Buxton OF Trevor Larnach OF Heriberto Hernandez P Dylan Cease P Dean Kremer SS Francisco Lindor,,,
373,5220590701,rmhanimal,0,119.05,1B Abimelec Ortiz 2B Jorbit Vivas 3B Jose Ramirez C Agustin Ramirez OF Bryce Harper OF Byron Buxton OF Heriberto Hernandez P Michael Soroka P Bryce Elder SS Francisco Lindor,,,
375,5220375447,PUCKSINC,0,118.75,1B Kyle Schwarber 2B Kody Clemens 3B Bryson Stott C Luis Torrens OF Bryce Harper OF Trevor Larnach OF Daz Cameron P Dylan Cease P Bryce Elder SS Jim Jarvis,,,
375,5220571403,preeves4,0,118.75,1B Matt Olson 2B Jorge Polanco 3B Charles McAdoo C Luis Torrens OF Ronald Acuna Jr. OF Carson Benge OF A.J. Ewing P Dylan Cease P Bryce Elder SS Francisco Lindor,,,
377,5220311357,Toomuchskin,0,118.7,1B Jared Young 2B Nick Sogard 3B Eugenio Suarez C Gabriel Moreno OF Corbin Carroll OF A.J. Ewing OF Heriberto Hernandez P Dylan Cease P Christian Scott SS Francisco Lindor,,,
377,5220317686,SkatTrak,0,118.7,1B Josh Bell 2B Sam Antonacci 3B Bryson Stott C Agustin Ramirez OF Ronald Acuna Jr. OF Jackson Merrill OF Brett Bateman P Dylan Cease P Christian Scott SS Jose Caballero,,,
377,5220335913,jstodd22,0,118.7,1B Michael Toglia 2B Bryson Stott 3B Eugenio Suarez C Agustin Ramirez OF Corbin Carroll OF A.J. Ewing OF Heriberto Hernandez P Dylan Cease P Christian Scott SS Francisco Lindor,,,
377,5220494325,brownbank247,0,118.7,1B Jared Young 2B Nick Sogard 3B Eugenio Suarez C Gabriel Moreno OF Corbin Carroll OF A.J. Ewing OF Heriberto Hernandez P Dylan Cease P Christian Scott SS Francisco Lindor,,,
377,5220581439,floydian80,0,118.7,1B Spencer Torkelson 2B Brandon Lowe 3B Colt Keith C Brian Navarreto OF Heriberto Hernandez OF Esteury Ruiz OF Jakob Marsee P Dylan Cease P Christian Scott SS Otto Lopez,,,
377,5220708613,moreweaponsthanyou,0,118.7,1B Josh Bell 2B Brett Baty 3B Charles McAdoo C Agustin Ramirez OF Byron Buxton OF Kody Clemens OF Trevor Larnach P Dylan Cease P Christian Scott SS Francisco Lindor,,,
377,5220724026,mikenaz,0,118.7,1B Kyle Schwarber 2B Luis Arraez 3B Charles McAdoo C Adley Rutschman OF Kody Clemens OF A.J. Ewing OF Javier Sanoja P Dylan Cease P Christian Scott SS Jared Triolo,,,
384,5220303010,PopFlyBoy,0,118.55,1B Jared Young 2B Kody Clemens 3B Jorge Polanco C Luis Torrens OF Corbin Carroll OF A.J. Ewing OF Max Kepler P Dylan Cease P Eury Perez SS Francisco Lindor,,,
384,5220556138,benchpointdynasty,0,118.55,1B Jared Young 2B Nick Sogard 3B Leo Jimenez C Agustin Ramirez OF Corbin Carroll OF A.J. Ewing OF Heriberto Hernandez P Dylan Cease P Ryan Weathers SS Francisco Lindor,,,
384,5220629981,Yappin01,0,118.55,1B Kyle Schwarber 2B Bryson Stott 3B Javier Sanoja C Luis Torrens OF Bryce Harper OF Justin Crawford OF Mike Yastrzemski P Dylan Cease P Eury Perez SS Edmundo Sosa,,,
384,5220631556,UniversalFriend,0,118.55,1B Dominic Smith 2B Ketel Marte 3B Javier Sanoja C Brian Navarreto OF Corbin Carroll OF Heriberto Hernandez OF Esteury Ruiz P Dylan Cease P Eury Perez SS Otto Lopez,,,
388,5220723580,rgupta074,0,118.2,1B Ty France 2B Jake Cronenworth 3B Javier Sanoja C Agustin Ramirez OF Fernando Tatis Jr. OF Jackson Merrill OF Luis Rengifo P Dylan Cease P Sean Burke SS Jared Triolo,,,
389,5220493295,legreat19,0,118.15,1B Abimelec Ortiz 2B Kody Clemens 3B Nick Yorke C Keibert Ruiz OF Dylan Crews OF Esmerlyn Valdez OF Daylen Lile P Dylan Cease P Jake Irvin SS CJ Abrams,,,
390,5220705985,stupacjmu,0,118.05,1B Munetaka Murakami 2B Sam Antonacci 3B Colson Montgomery C Agustin Ramirez OF Heriberto Hernandez OF Andrew Benintendi OF Tristan Peters P Dylan Cease P Patrick Sandoval SS Francisco Lindor,,,
390,5220742462,love245555,0,118.05,1B Sal Stewart 2B Xavier Edwards 3B Eugenio Suarez C Agustin Ramirez OF A.J. Ewing OF Heriberto Hernandez OF Javier Sanoja P Dylan Cease P Patrick Sandoval SS Otto Lopez,,,
392,5220346818,mergedmerged,0,117.9,1B Jared Young 2B Ketel Marte 3B Bryson Stott C Agustin Ramirez OF Corbin Carroll OF A.J. Ewing OF Heriberto Hernandez P Dylan Cease P Drew Anderson SS Francisco Lindor,,,
392,5220408338,outlawpete5,0,117.9,1B Jared Young 2B Ketel Marte 3B Bryson Stott C Agustin Ramirez OF Corbin Carroll OF A.J. Ewing OF Heriberto Hernandez P Dylan Cease P Drew Anderson SS Francisco Lindor,,,
392,5220432276,iceit519,0,117.9,1B Jared Young 2B Ketel Marte 3B Bryson Stott C Agustin Ramirez OF Corbin Carroll OF A.J. Ewing OF Heriberto Hernandez P Dylan Cease P Drew Anderson SS Francisco Lindor,,,
392,5220549722,kpreme,0,117.9,1B Jared Young 2B Ketel Marte 3B Bryson Stott C Agustin Ramirez OF Corbin Carroll OF A.J. Ewing OF Heriberto Hernandez P Dylan Cease P Drew Anderson SS Francisco Lindor,,,
392,5220570508,flpngino,0,117.9,1B Jared Young 2B Ketel Marte 3B Bryson Stott C Agustin Ramirez OF Corbin Carroll OF A.J. Ewing OF Heriberto Hernandez P Dylan Cease P Drew Anderson SS Francisco Lindor,,,
392,5220651780,jdotho,0,117.9,1B Jared Young 2B Ketel Marte 3B Bryson Stott C Agustin Ramirez OF Corbin Carroll OF A.J. Ewing OF Heriberto Hernandez P Dylan Cease P Drew Anderson SS Francisco Lindor,,,
392,5220689885,bdgblitz,0,117.9,1B Jared Young 2B Ketel Marte 3B Bryson Stott C Agustin Ramirez OF Corbin Carroll OF A.J. Ewing OF Heriberto Hernandez P Dylan Cease P Drew Anderson SS Francisco Lindor,,,
392,5220741188,beazy887,0,117.9,1B Jared Young 2B Ketel Marte 3B Bryson Stott C Agustin Ramirez OF Corbin Carroll OF A.J. Ewing OF Heriberto Hernandez P Dylan Cease P Drew Anderson SS Francisco Lindor,,,
400,5220314331,CROM1000,0,117.8,1B Josh Bell 2B Royce Lewis 3B Javier Sanoja C Luis Torrens OF Byron Buxton OF Kody Clemens OF Trevor Larnach P Dylan Cease P Michael Soroka SS Brayan Rocchio,,,
400,5220712621,alocklear21,0,117.8,1B Nick Sogard 2B Jake Cronenworth 3B Kazuma Okamoto C Agustin Ramirez OF Bryce Harper OF Ronald Acuna Jr. OF Fernando Tatis Jr. P Eury Perez P Bryce Elder SS Xander Bogaerts,,,
402,5220495212,soonerdallas,0,117.75,1B Nathaniel Lowe 2B Xavier Edwards 3B Jose Ramirez C Agustin Ramirez OF Heriberto Hernandez OF Esteury Ruiz OF Steven Kwan P Dylan Cease P Tanner Bibee SS Otto Lopez,,,
402,5220603016,RmJack13,0,117.75,1B Jared Young 2B Luis Arraez 3B Bryson Stott C Agustin Ramirez OF Bryce Harper OF Corbin Carroll OF Edmundo Sosa P Eury Perez P Christian Scott SS Francisco Lindor,,,
402,5220675358,dkhesmer,0,117.75,1B Alec Bohm 2B Luis Arraez 3B Bryson Stott C Victor Caratini OF Kody Clemens OF Brandon Marsh OF Trevor Larnach P Dylan Cease P Bryce Elder SS Francisco Lindor,,,
402,5220677081,DKnoah,0,117.75,1B Royce Lewis 2B Jake Cronenworth 3B Bo Bichette C Gabriel Moreno OF Corbin Carroll OF JJ Bleday OF Ceddanne Rafaela P Eury Perez P Christian Scott SS George Lombard Jr.,,,
406,5220358948,Brooklyn_Ballers,0,117.7,1B Jared Young 2B Jorge Polanco 3B Eugenio Suarez C Agustin Ramirez OF Byron Buxton OF Heriberto Hernandez OF Jakob Marsee P Dylan Cease P Christian Scott SS Elly De La Cruz,,,
406,5220455564,crackbabies,0,117.7,1B Jared Young 2B Jorge Polanco 3B Eugenio Suarez C Agustin Ramirez OF Byron Buxton OF Heriberto Hernandez OF Jakob Marsee P Dylan Cease P Christian Scott SS Elly De La Cruz,,,
406,5220628510,mrcontinental,0,117.7,1B Jared Young 2B Jorge Polanco 3B Eugenio Suarez C Agustin Ramirez OF Byron Buxton OF Heriberto Hernandez OF Jakob Marsee P Dylan Cease P Christian Scott SS Elly De La Cruz,,,
406,5220656080,Det5135,0,117.7,1B Jared Young 2B Sam Antonacci 3B Jorge Polanco C Agustin Ramirez OF Byron Buxton OF Heriberto Hernandez OF Luis Robert Jr. P Dylan Cease P Christian Scott SS Kevin McGonigle,,,
406,5220670052,Fishermanfuzz,0,117.7,1B Jared Young 2B Sam Antonacci 3B Jorge Polanco C Agustin Ramirez OF Byron Buxton OF Heriberto Hernandez OF Luis Robert Jr. P Dylan Cease P Christian Scott SS Kevin McGonigle,,,
411,5220684263,jjdgablessta,0,117.65,1B Sal Stewart 2B Ketel Marte 3B Alec Bohm C Agustin Ramirez OF Brandon Marsh OF Heriberto Hernandez OF Max Kepler P Casey Mize P Michael Soroka SS Otto Lopez,,,
412,5220236695,Midwest5,0,117.55,1B Abimelec Ortiz 2B Sam Antonacci 3B Bryson Stott C Agustin Ramirez OF Carson Benge OF Trevor Larnach OF Heriberto Hernandez P Dylan Cease P Eury Perez SS Geraldo Perdomo,,,
412,5220323082,timrowland09,0,117.55,1B Kyle Schwarber 2B Bryson Stott 3B Javier Sanoja C Brian Navarreto OF Bryce Harper OF Heriberto Hernandez OF Brett Bateman P Dylan Cease P Eury Perez SS Edmundo Sosa,,,
412,5220406633,bean74,0,117.55,1B Jared Young 2B Bryson Stott 3B Jared Triolo C Gabriel Moreno OF Corbin Carroll OF Heriberto Hernandez OF Steven Kwan P Dylan Cease P Eury Perez SS Francisco Lindor,,,
412,5220438539,lpratts,0,117.55,1B Kyle Schwarber 2B Bryson Stott 3B Javier Sanoja C Brian Navarreto OF Bryce Harper OF Heriberto Hernandez OF Brett Bateman P Dylan Cease P Eury Perez SS Edmundo Sosa,,,
412,5220521950,cjsanders85,0,117.55,1B Jared Young 2B Brett Baty 3B Brooks Lee C Alejandro Kirk OF Byron Buxton OF Carson Benge OF Javier Sanoja P Dylan Cease P Eury Perez SS Francisco Lindor,,,
412,5220605922,logan956,0,117.55,1B Kyle Schwarber 2B Bryson Stott 3B Javier Sanoja C Brian Navarreto OF Bryce Harper OF Heriberto Hernandez OF Brett Bateman P Dylan Cease P Eury Perez SS Edmundo Sosa,,,
412,5220627515,Gobluedp,0,117.55,1B Jared Young 2B Nick Sogard 3B Bo Bichette C Gabriel Moreno OF Carson Benge OF A.J. Ewing OF Javier Sanoja P Dylan Cease P Eury Perez SS Francisco Lindor,,,
412,5220715235,Gronkowski69,0,117.55,1B Jared Young 2B Ketel Marte 3B Jorge Polanco C Agustin Ramirez OF Carson Benge OF A.J. Ewing OF Heriberto Hernandez P Dylan Cease P Eury Perez SS Francisco Lindor,,,
412,5220743368,Nemesis3,0,117.55,1B Ty France 2B Xavier Edwards 3B Jorbit Vivas C Agustin Ramirez OF Carson Benge OF Heriberto Hernandez OF Jakob Marsee P Dylan Cease P Eury Perez SS Otto Lopez,,,
421,5220512714,RoonMan,0,117.5,1B Kyle Schwarber 2B Xavier Edwards 3B Bryson Stott C Agustin Ramirez OF Bryce Harper OF Heriberto Hernandez OF Justin Crawford P Dylan Cease P Andrew Painter SS Edmundo Sosa,,,
422,5220616809,irockkretros,0,117.25,1B Alec Bohm 2B Jorge Polanco 3B Bo Bichette C Luis Torrens OF Bryce Harper OF Ronald Acuna Jr. OF Brett Baty P Sean Burke P Eury Perez SS Francisco Lindor,,,
423,5220360876,UndisputablE,0,117.1,1B Matt Olson 2B Gleyber Torres 3B Colt Keith C Drake Baldwin OF Michael Harris II OF Max Clark OF Zach McKinstry P Ryan Weathers P Dean Kremer SS Kevin McGonigle,,,
423,5220624614,IChuckUpDaDeuces,0,117.1,1B Matt Olson 2B Xavier Edwards 3B Javier Sanoja C Drake Baldwin OF Michael Harris II OF Esteury Ruiz OF Jakob Marsee P Eury Perez P Patrick Sandoval SS Otto Lopez,,,
425,5220427457,TimmyGah,0,117.05,1B Abimelec Ortiz 2B Ketel Marte 3B Brooks Lee C Rafael Flores Jr. OF Corbin Carroll OF Esmerlyn Valdez OF A.J. Ewing P Dylan Cease P Dean Kremer SS Francisco Lindor,,,
425,5220701426,skillet300,0,117.05,1B Matt Olson 2B Nick Sogard 3B Kazuma Okamoto C Drake Baldwin OF Kody Clemens OF Daylen Lile OF Daz Cameron P Dylan Cease P Dean Kremer SS Geraldo Perdomo,,,
427,5220602166,Alumni50,0,116.75,1B Kyle Schwarber 2B Brett Baty 3B Alec Bohm C Luis Torrens OF Bryce Harper OF Carson Benge OF Luis Robert Jr. P Eury Perez P Christian Scott SS Francisco Lindor,,,
427,5220629587,estoneberg36,0,116.75,1B Josh Bell 2B Royce Lewis 3B Alec Bohm C Agustin Ramirez OF Bryce Harper OF Byron Buxton OF Brandon Marsh P Eury Perez P Christian Scott SS Kaelen Culpepper,,,
427,5220689817,RustyBGood,0,116.75,1B Jared Young 2B Ketel Marte 3B Bo Bichette C Agustin Ramirez OF Corbin Carroll OF Michael Harris II OF Mike Yastrzemski P Eury Perez P Christian Scott SS Francisco Lindor,,,
427,5220709326,tbsports69,0,116.75,1B Matt Olson 2B Ketel Marte 3B Nick Yorke C Gabriel Moreno OF Corbin Carroll OF Michael Harris II OF Mike Yastrzemski P Eury Perez P Christian Scott SS Geraldo Perdomo,,,
427,5220712769,JoAndrew,0,116.75,1B Jared Young 2B Jorge Polanco 3B Brooks Lee C Drake Baldwin OF Bryce Harper OF Ronald Acuna Jr. OF Trevor Larnach P Ryan Weathers P Christian Scott SS Geraldo Perdomo,,,
427,5220729810,mr2damnpicky,0,116.75,1B Luis Garcia Jr. 2B Brett Baty 3B Alec Bohm C Ben Rice OF Trent Grisham OF Heliot Ramos OF Luke Keaschall P Eury Perez P Christian Scott SS Francisco Lindor,,,
433,5220303169,Sam-I-Am,0,116.7,1B Kyle Schwarber 2B Kody Clemens 3B Charles McAdoo C Victor Caratini OF Carson Benge OF Trevor Larnach OF Javier Sanoja P Dylan Cease P Christian Scott SS Francisco Lindor,,,
433,5220570506,Treball,0,116.7,1B Josh Bell 2B Royce Lewis 3B Jorge Polanco C Luis Torrens OF Byron Buxton OF Kody Clemens OF Brett Baty P Dylan Cease P Christian Scott SS Francisco Lindor,,,
435,5220457908,WilcoxFantasy,0,116.6,1B Kyle Schwarber 2B Bryson Stott 3B Alec Bohm C Luis Torrens OF Bryce Harper OF Spencer Jones OF Edmundo Sosa P Eury Perez P Ryan Weathers SS Francisco Lindor,,,
436,5220079452,bluester111,0,116.55,1B Jared Young 2B Bryson Stott 3B Nolan Arenado C Gabriel Moreno OF Corbin Carroll OF Javier Sanoja OF Tim Tawa P Dylan Cease P Eury Perez SS Francisco Lindor,,,
436,5220423707,doran,0,116.55,1B Kyle Schwarber 2B Bryson Stott 3B Alec Bohm C Agustin Ramirez OF Bryce Harper OF Brandon Marsh OF Heriberto Hernandez P Eury Perez P Andrew Painter SS Otto Lopez,,,
436,5220424659,markushook,0,116.55,1B Abimelec Ortiz 2B Bryson Stott 3B Brooks Lee C Agustin Ramirez OF Corbin Carroll OF A.J. Ewing OF Steven Kwan P Dylan Cease P Eury Perez SS Geraldo Perdomo,,,
436,5220554775,kjlecomte,0,116.55,1B Josh Bell 2B Kody Clemens 3B Brooks Lee C Gabriel Moreno OF Trevor Larnach OF Max Kepler OF Tim Tawa P Dylan Cease P Eury Perez SS Geraldo Perdomo,,,
436,5220580805,markandrewbray,0,116.55,1B Jared Young 2B Bryson Stott 3B Alec Bohm C Rafael Flores Jr. OF Corbin Carroll OF Sam Antonacci OF Mike Yastrzemski P Dylan Cease P Eury Perez SS Francisco Lindor,,,
436,5220688209,losdiaz1,0,116.55,1B Tim Tawa 2B Bryson Stott 3B Javier Sanoja C Agustin Ramirez OF Corbin Carroll OF Trevor Larnach OF Steven Kwan P Dylan Cease P Eury Perez SS Francisco Lindor,,,
436,5220714087,unkydomfreebands,0,116.55,1B Jared Young 2B Ketel Marte 3B Jorge Polanco C Gabriel Moreno OF Corbin Carroll OF Heriberto Hernandez OF Brett Baty P Dylan Cease P Eury Perez SS Geraldo Perdomo,,,
436,5220735749,atrich44,0,116.55,1B Alec Bohm 2B Gleyber Torres 3B Brady House C Alejandro Kirk OF Corbin Carroll OF Heriberto Hernandez OF Steven Kwan P Dylan Cease P Eury Perez SS Andruw Monasterio,,,
436,5220735925,kingthurl,0,116.55,1B Kyle Schwarber 2B Jorge Polanco 3B Javier Sanoja C James McCann OF Kody Clemens OF Trent Grisham OF Jackson Merrill P Dylan Cease P Ryan Weathers SS Kaelen Culpepper,,,
436,5220742915,RCRays22,0,116.55,1B Alec Bohm 2B Xavier Edwards 3B Nolan Arenado C Alejandro Kirk OF Fernando Tatis Jr. OF Heriberto Hernandez OF Brett Bateman P Dylan Cease P Eury Perez SS Geraldo Perdomo,,,
446,5220485306,kevinreider4,0,116.25,1B Munetaka Murakami 2B Bryson Stott 3B Alec Bohm C Drew Romo OF Bryce Harper OF Sam Antonacci OF Tristan Peters P Sean Burke P Eury Perez SS Colson Montgomery,,,
447,5220453187,makeitrainonem,0,116.2,1B Jared Young 2B Brett Baty 3B Brooks Lee C Agustin Ramirez OF Kody Clemens OF Carson Benge OF A.J. Ewing P Dylan Cease P Sean Burke SS Francisco Lindor,,,
448,5220446285,45stoirtap,0,116.05,1B Kyle Schwarber 2B Bryson Stott 3B Alec Bohm C Connor Wong OF Ceddanne Rafaela OF Brandon Marsh OF Javier Sanoja P Dylan Cease P Patrick Sandoval SS Otto Lopez,,,
449,5220615815,Dubbs2o2o,0,115.8,1B Josh Bell 2B Kody Clemens 3B Brooks Lee C Luis Torrens OF Carson Benge OF A.J. Ewing OF Trevor Larnach P Dylan Cease P Michael Soroka SS Francisco Lindor,,,
449,5220685731,peky0401,0,115.8,1B Kyle Schwarber 2B Royce Lewis 3B Brooks Lee C Henry Davis OF Bryce Harper OF Kody Clemens OF Trevor Larnach P Eury Perez P Bryce Elder SS Kaelen Culpepper,,,
451,5220409741,magicpower,0,115.75,1B Jared Young 2B Kody Clemens 3B Bryson Stott C Agustin Ramirez OF Bryce Harper OF Carson Benge OF A.J. Ewing P Eury Perez P Christian Scott SS Francisco Lindor,,,
451,5220570038,howandwhy17,0,115.75,1B Munetaka Murakami 2B Brett Baty 3B Miguel Vargas C Luis Torrens OF A.J. Ewing OF Braden Montgomery OF Tristan Peters P Dylan Cease P Tanner Bibee SS Colson Montgomery,,,
453,5220457941,timtimtim0130,0,115.7,1B Jared Young 2B Chase Meidroth 3B Colson Montgomery C Gabriel Moreno OF Corbin Carroll OF Braden Montgomery OF Tristan Peters P Dylan Cease P Christian Scott SS Francisco Lindor,,,
453,5220523753,uheameboi23,0,115.7,1B Jared Young 2B Nick Sogard 3B Bryson Stott C Agustin Ramirez OF Byron Buxton OF A.J. Ewing OF Heriberto Hernandez P Dylan Cease P Christian Scott SS Francisco Lindor,,,
453,5220732761,jrwalsh316,0,115.7,1B Alec Bohm 2B Luis Arraez 3B Bryson Stott C Drake Baldwin OF Carson Benge OF Justin Crawford OF Tim Tawa P Dylan Cease P Christian Scott SS Francisco Lindor,,,
456,5220342818,LesterNygaard,0,115.55,1B Josh Bell 2B Royce Lewis 3B Alec Bohm C Alejandro Kirk OF Kody Clemens OF Trevor Larnach OF Luke Keaschall P Dylan Cease P Ryan Weathers SS Andruw Monasterio,,,
456,5220513484,jackson_0824,0,115.55,1B Jared Young 2B Bryson Stott 3B Javier Sanoja C Agustin Ramirez OF Brandon Marsh OF Carson Benge OF A.J. Ewing P Dylan Cease P Eury Perez SS Francisco Lindor,,,
456,5220528104,cloudllc,0,115.55,1B Kyle Schwarber 2B Brett Baty 3B Alec Bohm C Luis Torrens OF Brandon Marsh OF Carson Benge OF A.J. Ewing P Dylan Cease P Eury Perez SS Edmundo Sosa,,,
456,5220545776,jaydog1313,0,115.55,1B Tim Tawa 2B Chase Meidroth 3B Javier Sanoja C Agustin Ramirez OF Corbin Carroll OF Jackson Merrill OF Steven Kwan P Dylan Cease P Eury Perez SS Francisco Lindor,,,
456,5220600156,mattrix83,0,115.55,1B Abimelec Ortiz 2B Jake Cronenworth 3B Manny Machado C Rafael Flores Jr. OF Corbin Carroll OF A.J. Ewing OF Heriberto Hernandez P Dylan Cease P Eury Perez SS Geraldo Perdomo,,,
456,5220614867,jeffvanz,0,115.55,1B Jared Young 2B Jorge Polanco 3B Bo Bichette C Agustin Ramirez OF Corbin Carroll OF Carson Benge OF Steven Kwan P Dylan Cease P Eury Perez SS Francisco Lindor,,,
456,5220679373,vego07,0,115.55,1B Jared Young 2B Royce Lewis 3B Manny Machado C Luis Torrens OF Jackson Merrill OF Carson Benge OF Gavin Sheets P Dylan Cease P Eury Perez SS Francisco Lindor,,,
463,5220440060,yanier.t,0,115.35,1B Royce Lewis 2B Jorge Polanco 3B Bo Bichette C Victor Caratini OF Fernando Tatis Jr. OF Kody Clemens OF Trevor Larnach P Dylan Cease P Casey Mize SS Kaelen Culpepper,,,
464,5220538053,hunchoharry,0,115.25,1B Munetaka Murakami 2B Brandon Lowe 3B Nick Yorke C Rafael Flores Jr. OF Ronald Acuna Jr. OF Kody Clemens OF Daz Cameron P Sean Burke P Eury Perez SS Jared Triolo,,,
465,5220227262,mohawk86,0,115.2,1B Ty France 2B Jake Cronenworth 3B Manny Machado C Agustin Ramirez OF Jackson Merrill OF Javier Sanoja OF Gavin Sheets P Dylan Cease P Sean Burke SS Francisco Lindor,,,
466,5220624720,NYGFan56,0,114.95,1B Kyle Schwarber 2B Bryson Stott 3B Alec Bohm C Luis Torrens OF Bryce Harper OF Brandon Marsh OF A.J. Ewing P Christian Scott P Bryce Elder SS Francisco Lindor,,,
467,5220299312,Heffner,0,114.7,1B Josh Bell 2B Royce Lewis 3B Charles McAdoo C Agustin Ramirez OF Byron Buxton OF Trevor Larnach OF Heriberto Hernandez P Dylan Cease P Christian Scott SS Geraldo Perdomo,,,
467,5220378587,redem7,0,114.7,1B Kyle Schwarber 2B Jorge Polanco 3B Alec Bohm C Luis Torrens OF Brandon Marsh OF Carson Benge OF A.J. Ewing P Dylan Cease P Christian Scott SS Francisco Lindor,,,
467,5220604866,MooreKris14,0,114.7,1B Matt Olson 2B Ozzie Albies 3B Bo Bichette C Gabriel Moreno OF A.J. Ewing OF Mike Yastrzemski OF Daz Cameron P Dylan Cease P Christian Scott SS Geraldo Perdomo,,,
470,5220571746,LTskelter,0,114.6,1B Kyle Schwarber 2B Luis Arraez 3B Leo Jimenez C Agustin Ramirez OF A.J. Ewing OF Heriberto Hernandez OF Esteury Ruiz P Eury Perez P Ryan Weathers SS Otto Lopez,,,
470,5220742530,ryanjagnew19761,0,114.6,1B Royce Lewis 2B Luis Arraez 3B Bryson Stott C Agustin Ramirez OF Carson Benge OF Heriberto Hernandez OF Esteury Ruiz P Eury Perez P Ryan Weathers SS Francisco Lindor,,,
472,5220319713,TimpDMann,0,114.55,1B Jared Young 2B Jorge Polanco 3B Javier Sanoja C Gabriel Moreno OF Corbin Carroll OF Carson Benge OF A.J. Ewing P Dylan Cease P Eury Perez SS Francisco Lindor,,,
472,5220453026,cwhat,0,114.55,1B Jared Young 2B Jorge Polanco 3B Javier Sanoja C Gabriel Moreno OF Corbin Carroll OF Carson Benge OF A.J. Ewing P Dylan Cease P Eury Perez SS Francisco Lindor,,,
472,5220554858,hoppinball26,0,114.55,1B Alec Bohm 2B Luis Arraez 3B Bryson Stott C Brian Navarreto OF Brandon Marsh OF Heriberto Hernandez OF Jakob Marsee P Dylan Cease P Eury Perez SS Otto Lopez,,,
472,5220594117,BAMAJOE,0,114.55,1B Abimelec Ortiz 2B Chase Meidroth 3B Javier Sanoja C Agustin Ramirez OF Carson Benge OF Esteury Ruiz OF Jacob Young P Dylan Cease P Eury Perez SS CJ Abrams,,,
472,5220692149,Schlaurizzle,0,114.55,1B Jared Young 2B Nick Sogard 3B Jorge Polanco C Gabriel Moreno OF Corbin Carroll OF A.J. Ewing OF Heriberto Hernandez P Dylan Cease P Eury Perez SS Francisco Lindor,,,
472,5220703378,Halvy_07,0,114.55,1B Josh Bell 2B Kody Clemens 3B Jared Triolo C Agustin Ramirez OF Byron Buxton OF Trevor Larnach OF Esteury Ruiz P Dylan Cease P Eury Perez SS Kaelen Culpepper,,,
478,5220473534,colonelforbin22,0,114.4,1B Munetaka Murakami 2B Bryson Stott 3B Jorge Polanco C Ben Rice OF Sam Antonacci OF Braden Montgomery OF Esteury Ruiz P Casey Mize P Ryan Weathers SS George Lombard Jr.,,,
479,5220629601,willpyne,0,114.25,1B Jared Young 2B Kody Clemens 3B Miguel Vargas C Gabriel Moreno OF Byron Buxton OF Heriberto Hernandez OF Esteury Ruiz P Sean Burke P Eury Perez SS Kaelen Culpepper,,,
480,5220691467,muskyman21,0,114.2,1B Miguel Vargas 2B Sam Antonacci 3B Austin Riley C Agustin Ramirez OF Braden Montgomery OF Tristan Peters OF Daz Cameron P Dylan Cease P Sean Burke SS Colson Montgomery,,,
481,5220659036,mikeyyo,0,114.05,1B Jared Young 2B Xavier Edwards 3B Bryson Stott C Agustin Ramirez OF Corbin Carroll OF Carson Benge OF Heriberto Hernandez P Dylan Cease P Patrick Sandoval SS Francisco Lindor,,,
482,5220399203,JRIDGE,0,113.75,1B Matt Olson 2B Bryson Stott 3B Alec Bohm C Drake Baldwin OF Ronald Acuna Jr. OF Michael Harris II OF George Springer P Bryce Elder P Andrew Painter SS Francisco Lindor,,,
482,5220446350,CallMeGrizz,0,113.75,1B Jared Young 2B Luis Arraez 3B Leo Jimenez C Agustin Ramirez OF Bryce Harper OF Carson Benge OF Heriberto Hernandez P Dylan Cease P Tanner Bibee SS Otto Lopez,,,
482,5220692933,kylehaeussler,0,113.75,1B Tim Tawa 2B Ketel Marte 3B Miguel Vargas C Gabriel Moreno OF Corbin Carroll OF Heriberto Hernandez OF Jorge Barrosa P Eury Perez P Christian Scott SS Otto Lopez,,,
485,5220483232,willhays10,0,113.7,1B Kyle Schwarber 2B Jorge Polanco 3B Alec Bohm C Brian Navarreto OF Bryce Harper OF Brandon Marsh OF Edmundo Sosa P Dylan Cease P Christian Scott SS Francisco Lindor,,,
486,5220173554,soonerbernie2002,0,113.55,1B Jared Young 2B Xavier Edwards 3B Leo Jimenez C Agustin Ramirez OF Michael Harris II OF Carson Benge OF A.J. Ewing P Dylan Cease P Eury Perez SS Francisco Lindor,,,
486,5220182065,Keroppi613,0,113.55,1B Charles McAdoo 2B Jake Cronenworth 3B Manny Machado C Agustin Ramirez OF Fernando Tatis Jr. OF Jackson Merrill OF Jo Adell P Dylan Cease P Eury Perez SS Xander Bogaerts,,,
486,5220293760,krav4747,0,113.55,1B Jared Young 2B Brett Baty 3B Bryson Stott C Rafael Flores Jr. OF Wilyer Abreu OF Heriberto Hernandez OF Esteury Ruiz P Dylan Cease P Ryan Weathers SS Francisco Lindor,,,
486,5220331471,tbjones2121,0,113.55,1B Abimelec Ortiz 2B Xavier Edwards 3B Leo Jimenez C Keibert Ruiz OF Daylen Lile OF Jakob Marsee OF Javier Sanoja P Dylan Cease P Eury Perez SS CJ Abrams,,,
486,5220460908,jjral11,0,113.55,1B Jared Young 2B Nick Sogard 3B Charles McAdoo C Gabriel Moreno OF Corbin Carroll OF Carson Benge OF Heriberto Hernandez P Dylan Cease P Eury Perez SS Francisco Lindor,,,
486,5220495650,robertdej,0,113.55,1B Abimelec Ortiz 2B Royce Lewis 3B Charles McAdoo C James McCann OF Byron Buxton OF Trevor Larnach OF Heriberto Hernandez P Dylan Cease P Eury Perez SS Francisco Lindor,,,
486,5220512554,King_Cole22,0,113.55,1B Jared Young 2B Jorge Polanco 3B Javier Sanoja C Agustin Ramirez OF Byron Buxton OF Carson Benge OF A.J. Ewing P Dylan Cease P Eury Perez SS Francisco Lindor,,,
486,5220533204,bengalbry,0,113.55,1B Kyle Schwarber 2B Jorge Polanco 3B Nick Yorke C Drake Baldwin OF Carson Benge OF Brett Baty OF Edmundo Sosa P Dylan Cease P Eury Perez SS Francisco Lindor,,,
486,5220673728,Pootnami,0,113.55,1B Jared Young 2B Kody Clemens 3B Brooks Lee C Victor Caratini OF Carson Benge OF A.J. Ewing OF Trevor Larnach P Dylan Cease P Eury Perez SS Francisco Lindor,,,
486,5220705941,thedimsum,0,113.55,1B Alec Bohm 2B Jorbit Vivas 3B Ke'Bryan Hayes C Gabriel Moreno OF Bryce Harper OF Ceddanne Rafaela OF Brandon Marsh P Dylan Cease P Eury Perez SS Edmundo Sosa,,,
486,5220736938,tharris2023,0,113.55,1B Josh Bell 2B Royce Lewis 3B Leo Jimenez C Agustin Ramirez OF Byron Buxton OF Trevor Larnach OF Heriberto Hernandez P Dylan Cease P Ryan Weathers SS Kaelen Culpepper,,,
486,5220739513,case987,0,113.55,1B Royce Lewis 2B Bryson Stott 3B Brooks Lee C Victor Caratini OF Wilyer Abreu OF Kody Clemens OF Justin Crawford P Dylan Cease P Eury Perez SS Kaelen Culpepper,,,
498,5220551692,cmack063,0,113.4,1B Matt Olson 2B Xavier Edwards 3B Javier Sanoja C Brian Navarreto OF Michael Harris II OF Heriberto Hernandez OF Jakob Marsee P Sean Burke P Christian Scott SS Elly De La Cruz,,,
498,5220642702,MessiMadness,0,113.4,1B Kyle Schwarber 2B Xavier Edwards 3B Leo Jimenez C Agustin Ramirez OF Bryce Harper OF Heriberto Hernandez OF Edmundo Sosa P Sean Burke P Christian Scott SS Otto Lopez,,,
500,5220639751,klokworked,0,113.25,1B Jared Young 2B Kody Clemens 3B Bo Bichette C Agustin Ramirez OF Corbin Carroll OF Luis Robert Jr. OF Brett Baty P Sean Burke P Eury Perez SS Francisco Lindor,,,
501,5220650071,WalkingWounded,0,113.15,1B Matt Olson 2B Jake Cronenworth 3B Charles McAdoo C Jose Trevino OF Ronald Acuna Jr. OF Michael Harris II OF Zach McKinstry P Dylan Cease P Jake Irvin SS CJ Abrams,,,
502,5220682532,xXxPLOSIVE,0,113.05,1B Jared Young 2B Royce Lewis 3B Bo Bichette C Victor Caratini OF Byron Buxton OF Heriberto Hernandez OF Esteury Ruiz P Dylan Cease P Dean Kremer SS Francisco Lindor,,,
502,5220725229,bunker1970,0,113.05,1B Jared Young 2B Kody Clemens 3B Bryson Stott C Gabriel Moreno OF Bryce Harper OF Brandon Marsh OF Heriberto Hernandez P Dylan Cease P Patrick Sandoval SS Kaelen Culpepper,,,
504,5220315048,jnwallen,0,112.8,1B Josh Bell 2B Xavier Edwards 3B Javier Sanoja C Brian Navarreto OF Byron Buxton OF Trevor Larnach OF Heriberto Hernandez P Dylan Cease P Michael Soroka SS Otto Lopez,,,
504,5220660735,Dashersacct,0,112.8,1B Matt Olson 2B Brett Baty 3B Bo Bichette C Keibert Ruiz OF Daylen Lile OF Heliot Ramos OF Mike Yastrzemski P Ryan Weathers P Bryce Elder SS Elly De La Cruz,,,
506,5220380862,goldengoose007,0,112.75,1B Royce Lewis 2B Kody Clemens 3B Brooks Lee C Luis Torrens OF Byron Buxton OF Carson Benge OF A.J. Ewing P Ryan Weathers P Christian Scott SS Francisco Lindor,,,
506,5220685649,jpvictory,0,112.75,1B Kazuma Okamoto 2B Anthony Seigler 3B Bo Bichette C Connor Wong OF Byron Buxton OF Carson Benge OF Trevor Larnach P Dylan Cease P Bryce Elder SS Francisco Lindor,,,
508,5220611996,gusbroun,0,112.7,1B Abimelec Ortiz 2B Jorbit Vivas 3B Bo Bichette C James McCann OF Ronald Acuna Jr. OF Carson Benge OF A.J. Ewing P Dylan Cease P Christian Scott SS Francisco Lindor,,,
508,5220682176,kiztulance09,0,112.7,1B Jared Young 2B Ketel Marte 3B Bo Bichette C J.T. Realmuto OF Corbin Carroll OF Heriberto Hernandez OF Tim Tawa P Dylan Cease P Christian Scott SS Geraldo Perdomo,,,
508,5220708727,MoDonoho,0,112.7,1B Matt Olson 2B Ozzie Albies 3B Bryson Stott C Drake Baldwin OF Ronald Acuna Jr. OF Michael Harris II OF Justin Crawford P Christian Scott P Nick Lodolo SS Edmundo Sosa,,,
508,5220726576,myres12384,0,112.7,1B Miguel Vargas 2B Anthony Seigler 3B Bryson Stott C Connor Wong OF Michael Harris II OF Ceddanne Rafaela OF Jarren Duran P Dylan Cease P Christian Scott SS Andruw Monasterio,,,
508,5220727008,JohnFR,0,112.7,1B Kyle Schwarber 2B Bryson Stott 3B Alec Bohm C Gabriel Moreno OF Brandon Marsh OF Justin Crawford OF Tim Tawa P Dylan Cease P Christian Scott SS Geraldo Perdomo,,,
513,5220556482,Chesublimino,0,112.6,1B Jared Young 2B Bryson Stott 3B Jose Ramirez C Agustin Ramirez OF Carson Benge OF A.J. Ewing OF Heriberto Hernandez P Eury Perez P Ryan Weathers SS Francisco Lindor,,,
514,5220301933,Hootfish,0,112.55,1B Josh Bell 2B Kody Clemens 3B Brooks Lee C Victor Caratini OF Bryce Harper OF Brandon Marsh OF Justin Crawford P Dylan Cease P Ryan Weathers SS Kaelen Culpepper,,,
514,5220369731,Teamonalysis,0,112.55,1B Charles McAdoo 2B Ernie Clement 3B Kazuma Okamoto C Alejandro Kirk OF Ronald Acuna Jr. OF Heriberto Hernandez OF Braden Montgomery P Dylan Cease P Eury Perez SS Otto Lopez,,,
514,5220471464,dexter68,0,112.55,1B Jared Young 2B Kody Clemens 3B Jorge Polanco C Luis Torrens OF Byron Buxton OF A.J. Ewing OF Trevor Larnach P Dylan Cease P Eury Perez SS Francisco Lindor,,,
514,5220508828,melo1025,0,112.55,1B Jared Young 2B Jake Cronenworth 3B Bo Bichette C James McCann OF Corbin Carroll OF Carson Benge OF Tim Tawa P Dylan Cease P Ryan Weathers SS Francisco Lindor,,,
514,5220585551,kdzo33,0,112.55,1B Jared Young 2B Kody Clemens 3B Jorge Polanco C Luis Torrens OF Byron Buxton OF A.J. Ewing OF Trevor Larnach P Dylan Cease P Eury Perez SS Francisco Lindor,,,
514,5220653961,MillionDollarPoker,0,112.55,1B Jared Young 2B Jorge Polanco 3B Bo Bichette C Agustin Ramirez OF Byron Buxton OF Trevor Larnach OF Steven Kwan P Dylan Cease P Eury Perez SS Francisco Lindor,,,
514,5220708985,sasmallen,0,112.55,1B Michael Toglia 2B Jorge Polanco 3B Bryson Stott C Agustin Ramirez OF Corbin Carroll OF Carson Benge OF Heriberto Hernandez P Dylan Cease P Eury Perez SS Francisco Lindor,,,
514,5220709367,wormds,0,112.55,1B Abimelec Ortiz 2B Jorge Polanco 3B Leo Jimenez C Agustin Ramirez OF Byron Buxton OF Corbin Carroll OF Esteury Ruiz P Dylan Cease P Eury Perez SS Francisco Lindor,,,
514,5220744102,chrismana,0,112.55,1B Matt Olson 2B Jake Cronenworth 3B Jose Ramirez C Gabriel Moreno OF Carson Benge OF Steven Kwan OF Brett Bateman P Dylan Cease P Eury Perez SS Jared Triolo,,,
523,5220730461,MattConnell,0,112.5,1B Rafael Flores Jr. 2B Brett Baty 3B Miguel Vargas C Alejandro Kirk OF Corbin Carroll OF Esmerlyn Valdez OF Heriberto Hernandez P Dylan Cease P Andrew Painter SS Francisco Lindor,,,
524,5220592591,Gabe3524,0,112.35,1B Bryce Harper 2B Xavier Edwards 3B Charles McAdoo C James McCann OF Brandon Marsh OF Heriberto Hernandez OF Brett Bateman P Dylan Cease P Casey Mize SS Otto Lopez,,,
524,5220724547,therealbeef,0,112.35,1B Alec Bohm 2B Luis Arraez 3B Eugenio Suarez C Dillon Dingler OF Bryan Reynolds OF Jackson Merrill OF Zach McKinstry P Casey Mize P Nick Lodolo SS Kevin McGonigle,,,
524,5220728661,8dub,0,112.35,1B Munetaka Murakami 2B Sam Antonacci 3B Miguel Vargas C Rafael Flores Jr. OF Bryan Reynolds OF Esmerlyn Valdez OF Braden Montgomery P Casey Mize P Andrew Painter SS Colson Montgomery,,,
527,5220711999,Blackshirts21,0,112.25,1B Jared Young 2B Ketel Marte 3B Bo Bichette C Agustin Ramirez OF Corbin Carroll OF Heriberto Hernandez OF Tim Tawa P Sean Burke P Eury Perez SS Francisco Lindor,,,
528,5220359271,USaki2meISaki2U,0,112.2,1B Rafael Flores Jr. 2B Nick Sogard 3B Alec Bohm C Connor Wong OF Wilyer Abreu OF Brandon Marsh OF Heriberto Hernandez P Dylan Cease P Sean Burke SS Francisco Lindor,,,
529,5220604625,tlib21,0,111.9,1B Matt Olson 2B Ketel Marte 3B Colt Keith C Drake Baldwin OF Michael Harris II OF Max Kepler OF Mike Yastrzemski P Dylan Cease P Drew Anderson SS Javier Baez,,,
530,5220468693,Taylormade2003,0,111.75,1B Kyle Schwarber 2B Ernie Clement 3B Bo Bichette C Luis Torrens OF Kody Clemens OF Carson Benge OF A.J. Ewing P Eury Perez P Christian Scott SS Francisco Lindor,,,
530,5220687413,meechigan416,0,111.75,1B Ben Rice 2B Jose Caballero 3B Alec Bohm C Austin Wells OF Bryce Harper OF Trent Grisham OF Spencer Jones P Eury Perez P Christian Scott SS Francisco Lindor,,,
532,5220313574,Dswag69,0,111.7,1B Bryce Harper 2B Bryson Stott 3B Javier Sanoja C Brian Navarreto OF Carson Benge OF A.J. Ewing OF Heriberto Hernandez P Dylan Cease P Christian Scott SS Otto Lopez,,,
532,5220475531,errn123,0,111.7,1B Josh Bell 2B Kody Clemens 3B Brooks Lee C Victor Caratini OF Wilyer Abreu OF Braden Montgomery OF Jacob Young P Dylan Cease P Christian Scott SS Francisco Lindor,,,
532,5220596863,Royals_1985,0,111.7,1B Matt Olson 2B Ketel Marte 3B Brooks Lee C Victor Caratini OF Corbin Carroll OF Mike Yastrzemski OF Tim Tawa P Dylan Cease P Christian Scott SS Geraldo Perdomo,,,
532,5220621074,greatko,0,111.7,1B Jared Young 2B Jorge Polanco 3B Brooks Lee C Drake Baldwin OF Byron Buxton OF Luis Robert Jr. OF Luke Keaschall P Dylan Cease P Christian Scott SS Francisco Lindor,,,
532,5220630806,texansl,0,111.7,1B Jared Young 2B Jorge Polanco 3B Eugenio Suarez C Agustin Ramirez OF Byron Buxton OF Corbin Carroll OF Luis Robert Jr. P Dylan Cease P Christian Scott SS Francisco Lindor,,,
532,5220669589,ChipSkylark696,0,111.7,1B Jared Young 2B Jorge Polanco 3B Eugenio Suarez C Agustin Ramirez OF Corbin Carroll OF Sam Antonacci OF Jakob Marsee P Dylan Cease P Christian Scott SS Elly De La Cruz,,,
532,5220685547,Troysinger,0,111.7,1B Jared Young 2B Jorge Polanco 3B Eugenio Suarez C Agustin Ramirez OF Byron Buxton OF Corbin Carroll OF Luis Robert Jr. P Dylan Cease P Christian Scott SS Francisco Lindor,,,
532,5220707651,cowboyup4998,0,111.7,1B Jared Young 2B Jorge Polanco 3B Eugenio Suarez C Agustin Ramirez OF Byron Buxton OF Corbin Carroll OF Luis Robert Jr. P Dylan Cease P Christian Scott SS Francisco Lindor,,,
540,5220369671,Linedrivers,0,111.6,1B Dominic Smith 2B Xavier Edwards 3B Jose Ramirez C Drake Baldwin OF Luis Robert Jr. OF Luis Rengifo OF Justin Crawford P Eury Perez P Ryan Weathers SS Colson Montgomery,,,
541,5220185532,chomz14,0,111.55,1B Abimelec Ortiz 2B Ketel Marte 3B Bryson Stott C Agustin Ramirez OF Carson Benge OF Esteury Ruiz OF Brett Baty P Dylan Cease P Ryan Weathers SS Francisco Lindor,,,
541,5220429116,edub1976,0,111.55,1B Abimelec Ortiz 2B Ketel Marte 3B Leo Jimenez C Gabriel Moreno OF Corbin Carroll OF Jakob Marsee OF Javier Sanoja P Dylan Cease P Eury Perez SS Geraldo Perdomo,,,
541,5220492467,kcnative25,0,111.55,1B Ty France 2B Jake Cronenworth 3B Manny Machado C Brian Navarreto OF Fernando Tatis Jr. OF Heriberto Hernandez OF Gavin Sheets P Dylan Cease P Eury Perez SS Otto Lopez,,,
541,5220623142,lenhartj,0,111.55,1B Jared Young 2B Ernie Clement 3B Bo Bichette C Luis Torrens OF Corbin Carroll OF Carson Benge OF Tim Tawa P Dylan Cease P Eury Perez SS Francisco Lindor,,,
541,5220627932,theoneandonly99,0,111.55,1B Kyle Schwarber 2B Luis Arraez 3B Alec Bohm C Luis Torrens OF Carson Benge OF A.J. Ewing OF Luke Keaschall P Dylan Cease P Ryan Weathers SS Kaelen Culpepper,,,
541,5220635489,Kimbingwa,0,111.55,1B Jared Young 2B Bryson Stott 3B Brady House C Agustin Ramirez OF Corbin Carroll OF A.J. Ewing OF Edmundo Sosa P Dylan Cease P Eury Perez SS Francisco Lindor,,,
541,5220653123,fantasymaster,0,111.55,1B Josh Bell 2B Bryson Stott 3B Eugenio Suarez C Agustin Ramirez OF Trevor Larnach OF Heriberto Hernandez OF Luke Keaschall P Dylan Cease P Eury Perez SS Geraldo Perdomo,,,
541,5220685187,ryno5000,0,111.55,1B Abimelec Ortiz 2B Ketel Marte 3B Charles McAdoo C Drake Baldwin OF Carson Benge OF Heriberto Hernandez OF Brett Bateman P Dylan Cease P Eury Perez SS Francisco Lindor,,,
541,5220687781,LevineLegend,0,111.55,1B Josh Bell 2B Royce Lewis 3B Bryson Stott C Luis Torrens OF Byron Buxton OF Trevor Larnach OF Javier Sanoja P Dylan Cease P Eury Perez SS Kaelen Culpepper,,,
550,5220493044,bustitwideopen,0,111.25,1B Josh Bell 2B Luis Arraez 3B Bryson Stott C Agustin Ramirez OF Sam Antonacci OF Heriberto Hernandez OF Javier Sanoja P Sean Burke P Eury Perez SS Otto Lopez,,,
551,5220738662,rwbaca22,0,111.1,1B Alec Bohm 2B Gleyber Torres 3B Austin Riley C Gabriel Moreno OF Michael Harris II OF Ceddanne Rafaela OF Esmerlyn Valdez P Eury Perez P Patrick Sandoval SS Francisco Lindor,,,
552,5220312158,TNeidert,0,111.05,1B Matt Olson 2B Ozzie Albies 3B Charles McAdoo C Drake Baldwin OF Ronald Acuna Jr. OF George Springer OF Brett Bateman P Dylan Cease P Dean Kremer SS Andres Gimenez,,,
552,5220379681,rlk481,0,111.05,1B Munetaka Murakami 2B Brett Baty 3B Miguel Vargas C Rafael Flores Jr. OF Kody Clemens OF Carson Benge OF Brett Bateman P Dylan Cease P Dean Kremer SS Francisco Lindor,,,
552,5220559993,vigiljp05,0,111.05,1B Munetaka Murakami 2B Kody Clemens 3B Charles McAdoo C James McCann OF Byron Buxton OF Trevor Larnach OF Heriberto Hernandez P Dylan Cease P Dean Kremer SS Geraldo Perdomo,,,
555,5220721556,nrp8598,0,110.9,1B Tim Tawa 2B Ketel Marte 3B Javier Sanoja C Gabriel Moreno OF Corbin Carroll OF JJ Bleday OF Heriberto Hernandez P Dylan Cease P Drew Anderson SS Geraldo Perdomo,,,
556,5220508251,redbeardo,0,110.8,1B Abimelec Ortiz 2B Sam Antonacci 3B Brooks Lee C Adley Rutschman OF Bryan Reynolds OF Jackson Merrill OF Chase DeLauter P Dylan Cease P Michael Soroka SS Brayan Rocchio,,,
556,5220533757,amibe,0,110.8,1B Josh Bell 2B Xavier Edwards 3B Alec Bohm C Drake Baldwin OF Wilyer Abreu OF Dylan Crews OF Ceddanne Rafaela P Eury Perez P Bryce Elder SS Andres Gimenez,,,
558,5220398371,Minneapolice,0,110.75,1B Kyle Schwarber 2B Kody Clemens 3B Brooks Lee C Alejandro Kirk OF Bryce Harper OF Jarren Duran OF Trevor Larnach P Bryce Elder P Nick Lodolo SS Colson Montgomery,,,
558,5220570023,tjspence24,0,110.75,1B Matt Olson 2B Brett Baty 3B Brooks Lee C Victor Caratini OF Daylen Lile OF Carson Benge OF Daz Cameron P Dylan Cease P Bryce Elder SS CJ Abrams,,,
560,5220466016,brielly1972,0,110.7,1B Jared Young 2B Jorge Polanco 3B Kevin McGonigle C Drake Baldwin OF Carson Benge OF A.J. Ewing OF Javier Sanoja P Dylan Cease P Christian Scott SS Francisco Lindor,,,
560,5220503011,rmfeel,0,110.7,1B Kyle Schwarber 2B Bryson Stott 3B Alec Bohm C Jose Trevino OF Carson Benge OF A.J. Ewing OF Edmundo Sosa P Dylan Cease P Christian Scott SS Francisco Lindor,,,
560,5220506165,don_black,0,110.7,1B Sal Stewart 2B Brett Baty 3B Alec Bohm C Luis Torrens OF JJ Bleday OF A.J. Ewing OF Luis Robert Jr. P Dylan Cease P Christian Scott SS Francisco Lindor,,,
560,5220611223,RuthlessVillain,0,110.7,1B Ty France 2B Bryson Stott 3B Brooks Lee C Freddy Fermin OF Fernando Tatis Jr. OF Jackson Merrill OF Gavin Sheets P Dylan Cease P Christian Scott SS Francisco Lindor,,,
564,5220239159,bigpete3281,0,110.6,1B Munetaka Murakami 2B Sam Antonacci 3B Miguel Vargas C Rafael Flores Jr. OF Esmerlyn Valdez OF Braden Montgomery OF Andrew Benintendi P Eury Perez P Ryan Weathers SS Jared Triolo,,,
565,5220412014,fsufarmer2,0,110.55,1B Abimelec Ortiz 2B Royce Lewis 3B Javier Sanoja C Alejandro Kirk OF Byron Buxton OF Corbin Carroll OF Jacob Young P Dylan Cease P Eury Perez SS Kaelen Culpepper,,,
565,5220510597,tross2255,0,110.55,1B Kyle Schwarber 2B Ernie Clement 3B Brooks Lee C Rafael Flores Jr. OF Kody Clemens OF Max Clark OF Mike Yastrzemski P Dylan Cease P Eury Perez SS Brayan Rocchio,,,
565,5220526857,BlitzKing,0,110.55,1B Abimelec Ortiz 2B Jorge Polanco 3B Brady House C Dillon Dingler OF Max Clark OF Heriberto Hernandez OF Luis Robert Jr. P Dylan Cease P Ryan Weathers SS Francisco Lindor,,,
565,5220543023,ohiolevi,0,110.55,1B Josh Bell 2B Kody Clemens 3B Javier Sanoja C Alejandro Kirk OF Byron Buxton OF Luke Keaschall OF Justin Crawford P Dylan Cease P Eury Perez SS Edmundo Sosa,,,
565,5220559549,tweyerich,0,110.55,1B Jared Young 2B Ketel Marte 3B Jorge Polanco C Gabriel Moreno OF Carson Benge OF A.J. Ewing OF Javier Sanoja P Dylan Cease P Eury Perez SS Francisco Lindor,,,
565,5220728778,mtwurth,0,110.55,1B Nathaniel Lowe 2B Bryson Stott 3B Alec Bohm C James McCann OF Wilyer Abreu OF Michael Harris II OF Gavin Sheets P Dylan Cease P Ryan Weathers SS Geraldo Perdomo,,,
571,5220587678,makemoney73,0,110.45,1B Jared Young 2B Xavier Edwards 3B Bo Bichette C Agustin Ramirez OF Wilyer Abreu OF Kody Clemens OF Carson Benge P Sean Burke P Bryce Elder SS Otto Lopez,,,
572,5220382386,Buttcrackers,0,110.4,1B Josh Bell 2B Royce Lewis 3B Brooks Lee C Victor Caratini OF Ronald Acuna Jr. OF Heriberto Hernandez OF Luke Keaschall P Eury Perez P Casey Mize SS Geraldo Perdomo,,,
573,5220287483,mk18_18-BB,0,110.35,1B Josh Bell 2B Luis Arraez 3B Alec Bohm C Alejandro Kirk OF Corbin Carroll OF Jackson Merrill OF Andrew Benintendi P Dylan Cease P Casey Mize SS Jim Jarvis,,,
574,5220090210,aschuite,0,110.25,1B Jared Young 2B Nick Sogard 3B Javier Sanoja C Agustin Ramirez OF Wilyer Abreu OF Corbin Carroll OF Heriberto Hernandez P Sean Burke P Eury Perez SS Francisco Lindor,,,
575,5220373480,OussyMoosy,0,110,1B Ben Rice 2B Brett Baty 3B Jose Ramirez C Agustin Ramirez OF Byron Buxton OF Heliot Ramos OF Trevor Larnach P Michael Soroka P Christian Scott SS Jared Triolo,,,
576,5219729897,ShineCrazyDiamond,0,109.95,1B Munetaka Murakami 2B Bryson Stott 3B Miguel Vargas C J.T. Realmuto OF Michael Harris II OF Sam Antonacci OF Tristan Peters P Christian Scott P Bryce Elder SS Colson Montgomery,,,
577,5220434815,73pd2x,0,109.75,1B Matt Olson 2B Jorge Polanco 3B Bo Bichette C Drake Baldwin OF Carson Benge OF Luis Robert Jr. OF Javier Baez P Ryan Weathers P Christian Scott SS Francisco Lindor,,,
577,5220714671,rharker,0,109.75,1B Matt Olson 2B Luis Arraez 3B Bryson Stott C Drake Baldwin OF Michael Harris II OF Brandon Marsh OF Mike Yastrzemski P Eury Perez P Christian Scott SS Edmundo Sosa,,,
579,5220285710,rt1835reid,0,109.7,1B Dominic Smith 2B Xavier Edwards 3B Caleb Durbin C Adley Rutschman OF Heriberto Hernandez OF Esteury Ruiz OF Jakob Marsee P Dylan Cease P Christian Scott SS Otto Lopez,,,
579,5220290471,rubbsy,0,109.7,1B Kyle Schwarber 2B Jorge Polanco 3B Eugenio Suarez C Agustin Ramirez OF Corbin Carroll OF Steven Kwan OF Zach McKinstry P Dylan Cease P Christian Scott SS Francisco Lindor,,,
579,5220699973,gokullect,0,109.7,1B Kyle Schwarber 2B Luis Arraez 3B Bryson Stott C Luis Torrens OF Bryce Harper OF Brett Baty OF Brett Bateman P Dylan Cease P Christian Scott SS Edmundo Sosa,,,
579,5220705426,king2messiyah,0,109.7,1B Kyle Schwarber 2B Luis Arraez 3B Bryson Stott C Luis Torrens OF Bryce Harper OF Brett Baty OF Brett Bateman P Dylan Cease P Christian Scott SS Edmundo Sosa,,,
583,5220696490,ajmccann,0,109.6,1B Royce Lewis 2B Luis Arraez 3B Alec Bohm C James McCann OF Michael Harris II OF Jake Mangum OF Max Clark P Eury Perez P Ryan Weathers SS Otto Lopez,,,
584,5220203271,Rc3584,0,109.55,1B Josh Bell 2B Kody Clemens 3B Alec Bohm C J.T. Realmuto OF Byron Buxton OF Brandon Marsh OF Edmundo Sosa P Dylan Cease P Ryan Weathers SS Kaelen Culpepper,,,
584,5220246646,dongta,0,109.55,1B Jared Young 2B Chase Meidroth 3B Bryson Stott C Alejandro Kirk OF Corbin Carroll OF Heriberto Hernandez OF Tim Tawa P Dylan Cease P Eury Perez SS Francisco Lindor,,,
584,5220303361,motrue,0,109.55,1B Jared Young 2B Brett Baty 3B Colson Montgomery C Rafael Flores Jr. OF Carson Benge OF A.J. Ewing OF Heriberto Hernandez P Dylan Cease P Eury Perez SS Francisco Lindor,,,
584,5220602944,theveney1,0,109.55,1B Jared Young 2B Jorge Polanco 3B Bryson Stott C Agustin Ramirez OF Corbin Carroll OF A.J. Ewing OF Luis Robert Jr. P Dylan Cease P Eury Perez SS Francisco Lindor,,,
584,5220616453,uvajay,0,109.55,1B Rafael Flores Jr. 2B Ozzie Albies 3B Nick Yorke C Drake Baldwin OF Ronald Acuna Jr. OF Michael Harris II OF Brett Bateman P Dylan Cease P Eury Perez SS Jim Jarvis,,,
584,5220657821,HuntinDave,0,109.55,1B Jared Young 2B Ketel Marte 3B Nolan Arenado C Luis Torrens OF Corbin Carroll OF Esteury Ruiz OF Edmundo Sosa P Dylan Cease P Eury Perez SS Francisco Lindor,,,
584,5220725948,NFerraro11,0,109.55,1B Josh Bell 2B Royce Lewis 3B Bo Bichette C Luis Torrens OF Byron Buxton OF Trevor Larnach OF Brett Baty P Dylan Cease P Eury Perez SS Kaelen Culpepper,,,
591,5220365668,JoshOSU25,0,109.5,1B Josh Bell 2B Royce Lewis 3B Bo Bichette C Victor Caratini OF Kody Clemens OF Trevor Larnach OF Daz Cameron P Dylan Cease P Nick Lodolo SS Francisco Lindor,,,
592,5220650798,ryanbeck,0,109.25,1B Abimelec Ortiz 2B Nick Sogard 3B Eugenio Suarez C Gabriel Moreno OF Corbin Carroll OF Kody Clemens OF Heriberto Hernandez P Sean Burke P Eury Perez SS Francisco Lindor,,,
593,5220650062,dcarle6869,0,109.2,1B Jared Young 2B Brett Baty 3B Javier Sanoja C Rafael Flores Jr. OF Corbin Carroll OF Carson Benge OF Heriberto Hernandez P Dylan Cease P Sean Burke SS Francisco Lindor,,,
593,5220716269,mets29wright5,0,109.2,1B Jared Young 2B Kody Clemens 3B Brooks Lee C Luis Torrens OF Carson Benge OF A.J. Ewing OF Trevor Larnach P Dylan Cease P Sean Burke SS Francisco Lindor,,,
595,5220666739,dantheman78,0,109.05,1B Sal Stewart 2B Xavier Edwards 3B Eugenio Suarez C Agustin Ramirez OF Trevor Larnach OF Heriberto Hernandez OF Esteury Ruiz P Dylan Cease P Patrick Sandoval SS Otto Lopez,,,
596,5220741075,SpartyPants,0,108.9,1B Bryce Harper 2B Bryson Stott 3B Brooks Lee C Agustin Ramirez OF Kody Clemens OF Brandon Marsh OF Trevor Larnach P Casey Mize P Patrick Sandoval SS Otto Lopez,,,
597,5220534979,jeter101,0,108.7,1B Munetaka Murakami 2B Kody Clemens 3B Manny Machado C Agustin Ramirez OF Jo Adell OF Steven Kwan OF Brett Bateman P Dylan Cease P Christian Scott SS Andruw Monasterio,,,
597,5220563446,bearsden1975,0,108.7,1B Alec Bohm 2B Luis Arraez 3B Bryson Stott C Brian Navarreto OF Bryce Harper OF A.J. Ewing OF Justin Crawford P Dylan Cease P Christian Scott SS Francisco Lindor,,,
597,5220646169,seth1374,0,108.7,1B Josh Bell 2B Jorge Polanco 3B Brooks Lee C Victor Caratini OF Byron Buxton OF Kody Clemens OF A.J. Ewing P Dylan Cease P Christian Scott SS Francisco Lindor,,,
597,5220702999,215Free,0,108.7,1B Jared Young 2B Kody Clemens 3B Bo Bichette C Victor Caratini OF Carson Benge OF A.J. Ewing OF Luke Keaschall P Dylan Cease P Christian Scott SS Francisco Lindor,,,
597,5220741707,crookedzebra,0,108.7,1B Kyle Schwarber 2B Brett Baty 3B Charles McAdoo C Gabriel Moreno OF Bryce Harper OF Edmundo Sosa OF Brett Bateman P Dylan Cease P Christian Scott SS Francisco Lindor,,,
602,5220441963,epadol,0,108.6,1B Bryce Harper 2B Bryson Stott 3B Jorbit Vivas C Agustin Ramirez OF Carson Benge OF A.J. Ewing OF Heriberto Hernandez P Eury Perez P Ryan Weathers SS Francisco Lindor,,,
602,5220535928,Tbit79,0,108.6,1B Munetaka Murakami 2B Ketel Marte 3B Nolan Arenado C Gabriel Moreno OF Corbin Carroll OF Heriberto Hernandez OF Tim Tawa P Eury Perez P Ryan Weathers SS Kaelen Culpepper,,,
604,5220241457,cdf1228,0,108.55,1B Kyle Schwarber 2B Bryson Stott 3B Jared Triolo C Luis Torrens OF Carson Benge OF Javier Sanoja OF Mike Yastrzemski P Dylan Cease P Eury Perez SS Francisco Lindor,,,
604,5220290776,mgz32,0,108.55,1B Jared Young 2B Xavier Edwards 3B Nolan Arenado C Agustin Ramirez OF Corbin Carroll OF Max Kepler OF Tim Tawa P Dylan Cease P Eury Perez SS Geraldo Perdomo,,,
604,5220296328,BFreeman,0,108.55,1B Josh Bell 2B Bryson Stott 3B Jorge Polanco C Agustin Ramirez OF Trevor Larnach OF Heriberto Hernandez OF Steven Kwan P Dylan Cease P Ryan Weathers SS Elly De La Cruz,,,
604,5220403241,jimlexxx,0,108.55,1B Jared Young 2B Ketel Marte 3B Bo Bichette C Gabriel Moreno OF A.J. Ewing OF Brett Baty OF Brett Bateman P Dylan Cease P Eury Perez SS Francisco Lindor,,,
604,5220547836,rdixon13,0,108.55,1B Abimelec Ortiz 2B Xavier Edwards 3B Javier Sanoja C Brian Navarreto OF Daylen Lile OF Esteury Ruiz OF Jakob Marsee P Dylan Cease P Eury Perez SS CJ Abrams,,,
604,5220620550,chriszeno15,0,108.55,1B Miguel Vargas 2B Ernie Clement 3B Jose Ramirez C Alejandro Kirk OF Luis Rengifo OF TJ Friedl OF Daz Cameron P Dylan Cease P Eury Perez SS Francisco Lindor,,,
604,5220688322,eldave1975,0,108.55,1B Abimelec Ortiz 2B Bryson Stott 3B Alec Bohm C Gabriel Moreno OF Byron Buxton OF Luke Keaschall OF Jacob Young P Dylan Cease P Ryan Weathers SS Geraldo Perdomo,,,
604,5220692284,keatonspops,0,108.55,1B Josh Bell 2B Sam Antonacci 3B Alec Bohm C Rafael Flores Jr. OF Bryan Reynolds OF Brandon Marsh OF Steven Kwan P Dylan Cease P Ryan Weathers SS Geraldo Perdomo,,,
604,5220713131,HERO32,0,108.55,1B Bryce Harper 2B Ketel Marte 3B Charles McAdoo C Gabriel Moreno OF Byron Buxton OF Michael Harris II OF Javier Sanoja P Casey Mize P Christian Scott SS Jared Triolo,,,
613,5220717480,ShinyEnis,0,108.5,1B Royce Lewis 2B Kody Clemens 3B Brooks Lee C Alejandro Kirk OF Bryce Harper OF Carson Benge OF Luke Keaschall P Dylan Cease P Nick Lodolo SS Kaelen Culpepper,,,
614,5220504605,Css2615,0,108.25,1B Munetaka Murakami 2B Sam Antonacci 3B Miguel Vargas C Drew Romo OF Corbin Carroll OF Gavin Sheets OF Tim Tawa P Sean Burke P Eury Perez SS Colson Montgomery,,,
615,5220616168,godfatherofgainz,0,108.2,1B Tim Tawa 2B Xavier Edwards 3B Leo Jimenez C Agustin Ramirez OF Corbin Carroll OF Heriberto Hernandez OF Max Kepler P Dylan Cease P Sean Burke SS Otto Lopez,,,
616,5220432070,BaltimoreBomberz,0,108.1,1B Abimelec Ortiz 2B Brandon Lowe 3B Jose Ramirez C Rafael Flores Jr. OF Esmerlyn Valdez OF Jake Mangum OF Esteury Ruiz P Eury Perez P Dean Kremer SS Francisco Lindor,,,
617,5220625524,Bwilson84,0,107.8,1B Matt Olson 2B Luis Arraez 3B Bryson Stott C Drake Baldwin OF Michael Harris II OF Dominic Smith OF Mike Yastrzemski P Ryan Weathers P Bryce Elder SS Otto Lopez,,,
618,5220408715,Jennleo27,0,107.75,1B Matt Olson 2B Ozzie Albies 3B Bo Bichette C Drew Romo OF Bryce Harper OF Byron Buxton OF Ceddanne Rafaela P Bryce Elder P Nick Lodolo SS Xander Bogaerts,,,
618,5220412206,SaucyJack1001,0,107.75,1B Matt Olson 2B Luis Arraez 3B Charles McAdoo C Victor Caratini OF Ronald Acuna Jr. OF Michael Harris II OF Lars Nootbaar P Eury Perez P Christian Scott SS Otto Lopez,,,
620,5220334752,walsean1,0,107.7,1B Jared Young 2B Ketel Marte 3B Jorge Polanco C Agustin Ramirez OF Corbin Carroll OF Carson Benge OF A.J. Ewing P Dylan Cease P Christian Scott SS Francisco Lindor,,,
620,5220570090,jpforno,0,107.7,1B Jared Young 2B Sam Antonacci 3B Jorge Polanco C Agustin Ramirez OF Corbin Carroll OF Luis Robert Jr. OF Luke Keaschall P Dylan Cease P Christian Scott SS Elly De La Cruz,,,
620,5220612911,TwineTickler,0,107.7,1B Jared Young 2B Ketel Marte 3B Jorge Polanco C Agustin Ramirez OF Corbin Carroll OF Carson Benge OF A.J. Ewing P Dylan Cease P Christian Scott SS Francisco Lindor,,,
620,5220628595,Dudeoflife,0,107.7,1B Jared Young 2B Ketel Marte 3B Jorge Polanco C Agustin Ramirez OF Corbin Carroll OF Carson Benge OF A.J. Ewing P Dylan Cease P Christian Scott SS Francisco Lindor,,,
620,5220642038,moriabalrogs,0,107.7,1B Jared Young 2B Sam Antonacci 3B Jorge Polanco C Agustin Ramirez OF Byron Buxton OF Corbin Carroll OF Steven Kwan P Dylan Cease P Christian Scott SS Francisco Lindor,,,
620,5220680949,BubRub,0,107.7,1B Jared Young 2B Ketel Marte 3B Jorge Polanco C Agustin Ramirez OF Corbin Carroll OF Carson Benge OF A.J. Ewing P Dylan Cease P Christian Scott SS Francisco Lindor,,,
626,5220578632,TheoTruthDFS,0,107.65,1B Luis Garcia Jr. 2B Jose Caballero 3B Ryan McMahon C Ben Rice OF Trent Grisham OF Esteury Ruiz OF Javier Sanoja P Casey Mize P Michael Soroka SS Otto Lopez,,,
627,5219743715,chuckbake1,0,107.55,1B Abimelec Ortiz 2B Brett Baty 3B Colson Montgomery C Drew Romo OF Corbin Carroll OF Carson Benge OF A.J. Ewing P Dylan Cease P Ryan Weathers SS Francisco Lindor,,,
627,5220268470,bonif4cio,0,107.55,1B Josh Bell 2B Jorge Polanco 3B Brooks Lee C Victor Caratini OF Byron Buxton OF Heriberto Hernandez OF Luke Keaschall P Dylan Cease P Eury Perez SS Francisco Lindor,,,
627,5220344322,Spukuff,0,107.55,1B Matt Olson 2B Bryson Stott 3B Nolan Arenado C Luis Torrens OF Bryce Harper OF Corbin Carroll OF Heriberto Hernandez P Ryan Weathers P Andrew Painter SS Francisco Lindor,,,
627,5220486946,xpac,0,107.55,1B Abimelec Ortiz 2B Jorge Polanco 3B Nolan Arenado C Gabriel Moreno OF Corbin Carroll OF Chase DeLauter OF Heriberto Hernandez P Dylan Cease P Eury Perez SS Geraldo Perdomo,,,
627,5220701697,saints_fan3209,0,107.55,1B Matt Olson 2B Sam Antonacci 3B Eugenio Suarez C Drake Baldwin OF Chase DeLauter OF Justin Crawford OF Brett Bateman P Dylan Cease P Ryan Weathers SS Kaelen Culpepper,,,
627,5220711105,dbishop999,0,107.55,1B Jared Young 2B Ozzie Albies 3B Bo Bichette C Agustin Ramirez OF Carson Benge OF Luis Robert Jr. OF Mike Yastrzemski P Dylan Cease P Eury Perez SS Francisco Lindor,,,
627,5220731714,goolie1228,0,107.55,1B Jared Young 2B Sam Antonacci 3B Jorge Polanco C Agustin Ramirez OF Byron Buxton OF Esteury Ruiz OF Jakob Marsee P Dylan Cease P Eury Perez SS Francisco Lindor,,,
627,5220744364,DrK1986NYM,0,107.55,1B Miguel Vargas 2B Luis Arraez 3B Jorge Polanco C Luis Torrens OF Carson Benge OF Luis Robert Jr. OF Brett Baty P Dylan Cease P Eury Perez SS Otto Lopez,,,
635,5220657458,msauter12,0,107.2,1B Josh Bell 2B Kody Clemens 3B Brooks Lee C Drake Baldwin OF Daylen Lile OF Trevor Larnach OF Daz Cameron P Dylan Cease P Sean Burke SS Kaelen Culpepper,,,
635,5220683496,jaykluginator,0,107.2,1B Kyle Schwarber 2B Xavier Edwards 3B Leo Jimenez C Agustin Ramirez OF Brandon Marsh OF Trevor Larnach OF Javier Sanoja P Dylan Cease P Sean Burke SS Kaelen Culpepper,,,
637,5220307398,CDizzle75,0,106.75,1B Kazuma Okamoto 2B Jose Caballero 3B Brady House C Agustin Ramirez OF Fernando Tatis Jr. OF Daylen Lile OF Max Clark P Dylan Cease P Bryce Elder SS Geraldo Perdomo,,,
637,5220688956,KABOOMBIGBen,0,106.75,1B Jared Young 2B Luis Arraez 3B Bo Bichette C Freddy Fermin OF Bryce Harper OF Carson Benge OF Brett Baty P Dylan Cease P Bryce Elder SS Francisco Lindor,,,
639,5220399195,gwpsr,0,106.7,1B Abimelec Ortiz 2B Matt McLain 3B Bo Bichette C Keibert Ruiz OF Daylen Lile OF Jackson Merrill OF Carson Benge P Dylan Cease P Christian Scott SS Francisco Lindor,,,
639,5220577707,King521,0,106.7,1B Charles McAdoo 2B Jorge Polanco 3B Bo Bichette C Gabriel Moreno OF Corbin Carroll OF Carson Benge OF A.J. Ewing P Dylan Cease P Christian Scott SS Francisco Lindor,,,
639,5220631690,tleddon85,0,106.7,1B Jared Young 2B Jake Cronenworth 3B Nolan Arenado C Gabriel Moreno OF Fernando Tatis Jr. OF Corbin Carroll OF Tim Tawa P Dylan Cease P Christian Scott SS Geraldo Perdomo,,,
639,5220655703,sal-tee-17,0,106.7,1B Jared Young 2B Jorge Polanco 3B Eugenio Suarez C Agustin Ramirez OF Byron Buxton OF Esteury Ruiz OF Luis Robert Jr. P Dylan Cease P Christian Scott SS Elly De La Cruz,,,
639,5220698367,KliqNickNyc,0,106.7,1B Jared Young 2B Ernie Clement 3B Bo Bichette C Drake Baldwin OF Carson Benge OF A.J. Ewing OF Dominic Smith P Dylan Cease P Christian Scott SS Francisco Lindor,,,
639,5220703943,droeder55,0,106.7,1B Matt Olson 2B Ozzie Albies 3B Nick Yorke C Drake Baldwin OF Ronald Acuna Jr. OF Corbin Carroll OF Michael Harris II P Christian Scott P Andrew Painter SS Geraldo Perdomo,,,
639,5220714063,demonator492,0,106.7,1B Tim Tawa 2B Jorge Polanco 3B Eugenio Suarez C Gabriel Moreno OF Byron Buxton OF Corbin Carroll OF Heriberto Hernandez P Dylan Cease P Christian Scott SS Geraldo Perdomo,,,
639,5220743657,mgateris22,0,106.7,1B Kyle Schwarber 2B Luis Arraez 3B Alec Bohm C Brian Navarreto OF Bryce Harper OF Steven Kwan OF Edmundo Sosa P Dylan Cease P Christian Scott SS Geraldo Perdomo,,,
647,5220200409,chuckiepow,0,106.55,1B Josh Bell 2B Kody Clemens 3B Brooks Lee C Victor Caratini OF Sam Antonacci OF Trevor Larnach OF Max Kepler P Dylan Cease P Eury Perez SS Geraldo Perdomo,,,
647,5220300487,crristof,0,106.55,1B Jared Young 2B Xavier Edwards 3B Brady House C Gabriel Moreno OF Daylen Lile OF Carson Benge OF Daz Cameron P Dylan Cease P Eury Perez SS Otto Lopez,,,
647,5220390875,Millville27,0,106.55,1B Jared Young 2B Bryson Stott 3B Alec Bohm C Rafael Flores Jr. OF Brandon Marsh OF Carson Benge OF A.J. Ewing P Dylan Cease P Eury Perez SS Francisco Lindor,,,
647,5220613398,tomjg2,0,106.55,1B Charles McAdoo 2B Nick Sogard 3B Jose Ramirez C Alejandro Kirk OF Fernando Tatis Jr. OF Esmerlyn Valdez OF Gavin Sheets P Dylan Cease P Eury Perez SS Jared Triolo,,,
647,5220707640,LaRunGood,0,106.55,1B Josh Bell 2B Jake Cronenworth 3B Austin Riley C Adley Rutschman OF Fernando Tatis Jr. OF Brandon Marsh OF Gavin Sheets P Dylan Cease P Eury Perez SS Jared Triolo,,,
652,5220324639,texascub,0,106.4,1B Kyle Schwarber 2B Bryson Stott 3B Alec Bohm C Agustin Ramirez OF Bryce Harper OF Brandon Marsh OF Esteury Ruiz P Sean Burke P Christian Scott SS Kaelen Culpepper,,,
652,5220449608,Pickle-Bender,0,106.4,1B Tim Tawa 2B Royce Lewis 3B Bryson Stott C Gabriel Moreno OF Kody Clemens OF Jackson Merrill OF Carson Benge P Eury Perez P Casey Mize SS Colson Montgomery,,,
654,5220423566,dcousins989,0,106.3,1B Josh Bell 2B Royce Lewis 3B Austin Riley C Drake Baldwin OF Byron Buxton OF Michael Harris II OF Kody Clemens P Bryce Elder P Dean Kremer SS Xander Bogaerts,,,
655,5220512644,LRoyTheKing,0,106.25,1B Abimelec Ortiz 2B Kody Clemens 3B Brady House C Agustin Ramirez OF Heriberto Hernandez OF Esteury Ruiz OF Jakob Marsee P Sean Burke P Eury Perez SS CJ Abrams,,,
655,5220619901,ynot4greg21,0,106.25,1B Matt Olson 2B Xavier Edwards 3B Austin Riley C Brian Navarreto OF Fernando Tatis Jr. OF Jakob Marsee OF Javier Sanoja P Sean Burke P Eury Perez SS Otto Lopez,,,
655,5220743667,GoPackGo1213,0,106.25,1B Kazuma Okamoto 2B Xavier Edwards 3B Alec Bohm C Agustin Ramirez OF Bryce Harper OF Chase DeLauter OF Javier Baez P Sean Burke P Eury Perez SS Colson Montgomery,,,
658,5220378879,Nitram99,0,106.2,1B Abimelec Ortiz 2B Bryson Stott 3B Kazuma Okamoto C Rafael Flores Jr. OF Esmerlyn Valdez OF George Springer OF Heriberto Hernandez P Dylan Cease P Sean Burke SS Francisco Lindor,,,
658,5220580464,BushWood_2229,0,106.2,1B Matt Olson 2B Royce Lewis 3B Nolan Arenado C Drake Baldwin OF Byron Buxton OF Heriberto Hernandez OF Edmundo Sosa P Eury Perez P Jake Irvin SS Geraldo Perdomo,,,
660,5220657275,laken04,0,106.1,1B Matt Olson 2B Ozzie Albies 3B Colt Keith C Drake Baldwin OF Ronald Acuna Jr. OF Jackson Merrill OF Javier Baez P Ryan Weathers P Patrick Sandoval SS Xander Bogaerts,,,
661,5220429854,gooey911,0,105.95,1B Matt Olson 2B Matt McLain 3B Charles McAdoo C Drake Baldwin OF Ronald Acuna Jr. OF JJ Bleday OF Carson Benge P Christian Scott P Bryce Elder SS Francisco Lindor,,,
662,5220352523,T_revor,0,105.9,1B Michael Toglia 2B Ketel Marte 3B Bryson Stott C Agustin Ramirez OF Corbin Carroll OF A.J. Ewing OF Heriberto Hernandez P Dylan Cease P Drew Anderson SS Francisco Lindor,,,
662,5220486060,macyfan,0,105.9,1B Michael Toglia 2B Ketel Marte 3B Bryson Stott C Agustin Ramirez OF Corbin Carroll OF A.J. Ewing OF Heriberto Hernandez P Dylan Cease P Drew Anderson SS Francisco Lindor,,,
662,5220586864,fidelity88j,0,105.9,1B Michael Toglia 2B Ketel Marte 3B Bryson Stott C Agustin Ramirez OF Corbin Carroll OF A.J. Ewing OF Heriberto Hernandez P Dylan Cease P Drew Anderson SS Francisco Lindor,,,
665,5220332560,mustafael,0,105.75,1B Matt Olson 2B Jorge Polanco 3B Eugenio Suarez C Drake Baldwin OF Michael Harris II OF Dominic Smith OF Mike Yastrzemski P Ryan Weathers P Christian Scott SS Elly De La Cruz,,,
665,5220599826,caryreynolds11,0,105.75,1B Jared Young 2B Ketel Marte 3B Bo Bichette C Gabriel Moreno OF Corbin Carroll OF A.J. Ewing OF Luis Robert Jr. P Ryan Weathers P Christian Scott SS Francisco Lindor,,,
665,5220701354,zach.chartraw,0,105.75,1B Jared Young 2B Ketel Marte 3B Bo Bichette C Gabriel Moreno OF Corbin Carroll OF A.J. Ewing OF Luis Robert Jr. P Ryan Weathers P Christian Scott SS Francisco Lindor,,,
665,5220727012,tigerman4313,0,105.75,1B Andres Chaparro 2B Jake Cronenworth 3B Eugenio Suarez C Drake Baldwin OF Ronald Acuna Jr. OF Ceddanne Rafaela OF Carson Benge P Dylan Cease P Bryce Elder SS Andres Gimenez,,,
669,5220516520,okgac15,0,105.7,1B Jared Young 2B Jorge Polanco 3B Nolan Arenado C Gabriel Moreno OF Corbin Carroll OF Michael Harris II OF Luis Robert Jr. P Dylan Cease P Christian Scott SS Francisco Lindor,,,
669,5220589372,bwestinmilehigh,0,105.7,1B Jared Young 2B Jorge Polanco 3B Kevin McGonigle C Agustin Ramirez OF Byron Buxton OF Esteury Ruiz OF Jakob Marsee P Dylan Cease P Christian Scott SS Francisco Lindor,,,
669,5220638385,XAKAX,0,105.7,1B Matt Olson 2B Nick Sogard 3B Brooks Lee C Victor Caratini OF Byron Buxton OF Trevor Larnach OF George Springer P Dylan Cease P Christian Scott SS Jared Triolo,,,
669,5220682916,HornHighYo7275,0,105.7,1B Jared Young 2B Brett Baty 3B Eugenio Suarez C Gabriel Moreno OF Corbin Carroll OF Carson Benge OF A.J. Ewing P Dylan Cease P Christian Scott SS Francisco Lindor,,,
669,5220698026,cleetus17,0,105.7,1B Jared Young 2B Ketel Marte 3B Kazuma Okamoto C Rafael Flores Jr. OF Esmerlyn Valdez OF Carson Benge OF A.J. Ewing P Dylan Cease P Christian Scott SS Francisco Lindor,,,
669,5220742489,JaysonHill,0,105.7,1B Jared Young 2B Sam Antonacci 3B Jorge Polanco C Agustin Ramirez OF Byron Buxton OF Esteury Ruiz OF Luis Robert Jr. P Dylan Cease P Christian Scott SS Kevin McGonigle,,,
675,5220406370,dirtbag02,0,105.6,1B Munetaka Murakami 2B Chase Meidroth 3B Miguel Vargas C Gabriel Moreno OF Sam Antonacci OF Brett Bateman OF Daz Cameron P Eury Perez P Ryan Weathers SS Francisco Lindor,,,
676,5220035702,Camtheman325,0,105.55,1B Jared Young 2B Sam Antonacci 3B Bo Bichette C Alejandro Kirk OF Carson Benge OF A.J. Ewing OF Tristan Peters P Dylan Cease P Eury Perez SS Francisco Lindor,,,
676,5220308590,Krakow84,0,105.55,1B Munetaka Murakami 2B Bryson Stott 3B Miguel Vargas C Drew Romo OF Braden Montgomery OF Andrew Benintendi OF Mike Yastrzemski P Dylan Cease P Ryan Weathers SS Andruw Monasterio,,,
676,5220448661,cj351,0,105.55,1B Kyle Schwarber 2B Bryson Stott 3B Nick Yorke C Rafael Flores Jr. OF Bryce Harper OF Brandon Marsh OF Billy Cook P Dylan Cease P Eury Perez SS Edmundo Sosa,,,
676,5220457677,DirtyO37,0,105.55,1B Josh Bell 2B Royce Lewis 3B Charles McAdoo C Rafael Flores Jr. OF Byron Buxton OF Kody Clemens OF Trevor Larnach P Dylan Cease P Eury Perez SS Edmundo Sosa,,,
676,5220472937,peltifreeze89,0,105.55,1B Andres Chaparro 2B Jorge Polanco 3B Bo Bichette C Luis Torrens OF Corbin Carroll OF Daylen Lile OF Luis Robert Jr. P Dylan Cease P Eury Perez SS Francisco Lindor,,,
676,5220714115,BakedKarma,0,105.55,1B Kyle Schwarber 2B Luis Arraez 3B Bryson Stott C Brian Navarreto OF Heriberto Hernandez OF Esteury Ruiz OF Jakob Marsee P Dylan Cease P Eury Perez SS Edmundo Sosa,,,
676,5220743415,hph26us1,0,105.55,1B Kyle Schwarber 2B Jorge Polanco 3B Leo Jimenez C Agustin Ramirez OF Bryce Harper OF Carson Benge OF Brett Baty P Dylan Cease P Eury Perez SS Jared Triolo,,,
683,5220238723,bennybaseball011,0,105.5,1B Jared Young 2B Brett Baty 3B Alec Bohm C Gabriel Moreno OF Ronald Acuna Jr. OF Wilyer Abreu OF Ceddanne Rafaela P Dylan Cease P Andrew Painter SS Francisco Lindor,,,
684,5220681154,thedutchoven420,0,105.35,1B Nick Sogard 2B Anthony Seigler 3B Miguel Vargas C Connor Wong OF Wilyer Abreu OF Ceddanne Rafaela OF Spencer Jones P Dylan Cease P Casey Mize SS Xander Bogaerts,,,
685,5220695727,Rickinfl,0,105.3,1B Royce Lewis 2B Kody Clemens 3B Nolan Arenado C Gabriel Moreno OF Bryan Reynolds OF Michael Harris II OF Ceddanne Rafaela P Bryce Elder P Dean Kremer SS Otto Lopez,,,
686,5220240912,Scoring32,0,105.25,1B Jared Young 2B Xavier Edwards 3B Bo Bichette C Gabriel Moreno OF Carson Benge OF A.J. Ewing OF Heriberto Hernandez P Sean Burke P Eury Perez SS Francisco Lindor,,,
686,5220482995,prime8,0,105.25,1B Miguel Vargas 2B Kody Clemens 3B Leo Jimenez C Brian Navarreto OF Byron Buxton OF Heriberto Hernandez OF Javier Sanoja P Sean Burke P Eury Perez SS Otto Lopez,,,
686,5220742383,sstrinni,0,105.25,1B Abimelec Ortiz 2B Xavier Edwards 3B Miguel Vargas C Rafael Flores Jr. OF Michael Harris II OF Carson Benge OF Heriberto Hernandez P Sean Burke P Ryan Weathers SS Francisco Lindor,,,
689,5220503666,crackers03,0,105.2,1B Abimelec Ortiz 2B Sam Antonacci 3B Eugenio Suarez C Agustin Ramirez OF Carson Benge OF Heriberto Hernandez OF Luke Keaschall P Dylan Cease P Sean Burke SS Francisco Lindor,,,
689,5220657253,cdubbs4564,0,105.2,1B Matt Olson 2B Bryson Stott 3B Charles McAdoo C Brian Navarreto OF Michael Harris II OF Kody Clemens OF Daz Cameron P Dylan Cease P Sean Burke SS Francisco Lindor,,,
691,5220531025,mrclean023,0,105.05,1B Munetaka Murakami 2B Royce Lewis 3B Miguel Vargas C Drew Romo OF Byron Buxton OF Sam Antonacci OF Mike Yastrzemski P Dylan Cease P Dean Kremer SS Jim Jarvis,,,
691,5220705930,tylaiviac,0,105.05,1B Josh Bell 2B Ketel Marte 3B Brooks Lee C Gabriel Moreno OF Corbin Carroll OF Kody Clemens OF Max Kepler P Dylan Cease P Patrick Sandoval SS Kaelen Culpepper,,,
693,5220628611,GreenTailShiner,0,104.9,1B Tim Tawa 2B Jake Cronenworth 3B Manny Machado C Gabriel Moreno OF Fernando Tatis Jr. OF Corbin Carroll OF Jackson Merrill P Dylan Cease P Drew Anderson SS Xander Bogaerts,,,
694,5220509444,catdogg,0,104.75,1B Royce Lewis 2B Ozzie Albies 3B Brooks Lee C Gabriel Moreno OF Bryce Harper OF Byron Buxton OF Dominic Smith P Eury Perez P Christian Scott SS Kaelen Culpepper,,,
694,5220648634,Bsmooth,0,104.75,1B Alec Bohm 2B Ozzie Albies 3B Bryson Stott C James McCann OF Daylen Lile OF Brandon Marsh OF Heriberto Hernandez P Eury Perez P Christian Scott SS CJ Abrams,,,
694,5220665653,totalWAr24,0,104.75,1B Matt Olson 2B Ozzie Albies 3B Bo Bichette C Victor Caratini OF Wilyer Abreu OF Kody Clemens OF Ceddanne Rafaela P Bryce Elder P Nick Lodolo SS Colson Montgomery,,,
694,5220685635,danvita50,0,104.75,1B Kyle Schwarber 2B Bryson Stott 3B Alec Bohm C Brian Navarreto OF Bryce Harper OF Brandon Marsh OF Brett Baty P Eury Perez P Christian Scott SS Francisco Lindor,,,
694,5220714229,bubbatron,0,104.75,1B Matt Olson 2B Xavier Edwards 3B Jorge Polanco C Gabriel Moreno OF Ronald Acuna Jr. OF Mike Yastrzemski OF TJ Friedl P Dylan Cease P Tanner Bibee SS Geraldo Perdomo,,,
699,5220349037,blooketmane,0,104.7,1B Jared Young 2B Brett Baty 3B Jorge Polanco C Gabriel Moreno OF Byron Buxton OF Corbin Carroll OF Luis Robert Jr. P Dylan Cease P Christian Scott SS Francisco Lindor,,,
699,5220453543,machd1,0,104.7,1B Kazuma Okamoto 2B Jorge Polanco 3B Bryson Stott C Gabriel Moreno OF Ceddanne Rafaela OF Esmerlyn Valdez OF Jackson Merrill P Dylan Cease P Christian Scott SS Geraldo Perdomo,,,
699,5220556906,sportsfan882,0,104.7,1B Jared Young 2B Bryson Stott 3B Bo Bichette C Drake Baldwin OF Carson Benge OF A.J. Ewing OF Brett Bateman P Dylan Cease P Christian Scott SS Francisco Lindor,,,
699,5220721081,trybicki,0,104.7,1B Munetaka Murakami 2B Sam Antonacci 3B Bryson Stott C J.T. Realmuto OF Braden Montgomery OF Justin Crawford OF Tristan Peters P Dylan Cease P Christian Scott SS Colson Montgomery,,,
703,5220282154,brysonlindsey27,0,104.55,1B Munetaka Murakami 2B Chase Meidroth 3B Brady House C Alejandro Kirk OF Kody Clemens OF Luke Keaschall OF Brett Baty P Dylan Cease P Eury Perez SS Kaelen Culpepper,,,
703,5220419554,avalance05,0,104.55,1B Munetaka Murakami 2B Matt McLain 3B Eugenio Suarez C Victor Caratini OF A.J. Ewing OF Heriberto Hernandez OF Zach McKinstry P Dylan Cease P Eury Perez SS Francisco Lindor,,,
703,5220489227,Magic02506,0,104.55,1B Kyle Schwarber 2B Bryson Stott 3B Alec Bohm C Brian Navarreto OF Corbin Carroll OF Brandon Marsh OF Justin Crawford P Dylan Cease P Ryan Weathers SS Kaelen Culpepper,,,
703,5220567217,mflores23,0,104.55,1B Abimelec Ortiz 2B Royce Lewis 3B Nolan Arenado C Luis Torrens OF Corbin Carroll OF Carson Benge OF Tim Tawa P Dylan Cease P Eury Perez SS Francisco Lindor,,,
703,5220588466,TonyD29,0,104.55,1B Abimelec Ortiz 2B Sam Antonacci 3B Jorge Polanco C Agustin Ramirez OF Byron Buxton OF Luis Robert Jr. OF Jakob Marsee P Dylan Cease P Eury Perez SS Francisco Lindor,,,
708,5220578005,dbran4,0,104.5,1B Jared Young 2B Bryson Stott 3B Bo Bichette C Luis Torrens OF Ronald Acuna Jr. OF Corbin Carroll OF A.J. Ewing P Dylan Cease P Andrew Painter SS Francisco Lindor,,,
708,5220716446,bpetzold21,0,104.5,1B Bryce Harper 2B Nick Sogard 3B Eugenio Suarez C Drew Romo OF Corbin Carroll OF Esmerlyn Valdez OF Daz Cameron P Dylan Cease P Nick Lodolo SS Kevin McGonigle,,,
710,5219853279,mshp2024,0,104.45,1B Matt Olson 2B Royce Lewis 3B Bryson Stott C Drake Baldwin OF Michael Harris II OF Kody Clemens OF Mike Yastrzemski P Sean Burke P Bryce Elder SS Kaelen Culpepper,,,
711,5220449895,sheetrock17,0,104.4,1B Josh Bell 2B Luis Arraez 3B Colt Keith C J.T. Realmuto OF Ronald Acuna Jr. OF Corbin Carroll OF Spencer Jones P Casey Mize P Ryan Weathers SS George Lombard Jr.,,,
711,5220586307,MoneyCometh2MeNow,0,104.4,1B Alec Bohm 2B Luis Arraez 3B Jose Ramirez C Alejandro Kirk OF Chase DeLauter OF Javier Sanoja OF Steven Kwan P Casey Mize P Ryan Weathers SS Geraldo Perdomo,,,
713,5220638449,GK33411,0,104.25,1B Munetaka Murakami 2B Xavier Edwards 3B Jorge Polanco C Agustin Ramirez OF Carson Benge OF A.J. Ewing OF Heriberto Hernandez P Sean Burke P Ryan Weathers SS Francisco Lindor,,,
714,5219874434,sportsfanatic89,0,104.2,1B Michael Toglia 2B Matt McLain 3B Javier Sanoja C Agustin Ramirez OF Corbin Carroll OF Carson Benge OF Heriberto Hernandez P Dylan Cease P Sean Burke SS Otto Lopez,,,
714,5220510078,wrwatson3,0,104.2,1B Alec Bohm 2B Kody Clemens 3B Brooks Lee C J.T. Realmuto OF Brandon Marsh OF Trevor Larnach OF Justin Crawford P Dylan Cease P Sean Burke SS Andruw Monasterio,,,
714,5220666026,skinpie23,0,104.2,1B Michael Toglia 2B Matt McLain 3B Javier Sanoja C Agustin Ramirez OF Corbin Carroll OF Carson Benge OF Heriberto Hernandez P Dylan Cease P Sean Burke SS Otto Lopez,,,
714,5220735273,NinerFaithfull,0,104.2,1B Kazuma Okamoto 2B Ozzie Albies 3B Brooks Lee C Victor Caratini OF JJ Bleday OF Jackson Merrill OF Heriberto Hernandez P Dylan Cease P Sean Burke SS George Lombard Jr.,,,
718,5220614781,mkp23,0,103.9,1B Matt Olson 2B Ozzie Albies 3B Jorge Polanco C Henry Davis OF Ronald Acuna Jr. OF Corbin Carroll OF Michael Harris II P Dylan Cease P Drew Anderson SS Jim Jarvis,,,
719,5220435262,H8RFree,0,103.8,1B Matt Olson 2B Jorbit Vivas 3B Brady House C Drake Baldwin OF Ronald Acuna Jr. OF Dylan Crews OF Daylen Lile P Ryan Weathers P Bryce Elder SS Jim Jarvis,,,
720,5220249936,zokin,0,103.75,1B Luis Garcia Jr. 2B Jose Caballero 3B Jorge Polanco C Ben Rice OF Trent Grisham OF A.J. Ewing OF Heliot Ramos P Eury Perez P Christian Scott SS Francisco Lindor,,,
720,5220463243,jrevelle3,0,103.75,1B Luis Garcia Jr. 2B Jose Caballero 3B Ryan McMahon C Ben Rice OF Kody Clemens OF Trent Grisham OF Brett Bateman P Eury Perez P Christian Scott SS Otto Lopez,,,
720,5220661253,Sactown85,0,103.75,1B Dominic Smith 2B Nick Sogard 3B Kazuma Okamoto C Agustin Ramirez OF Michael Harris II OF Kody Clemens OF George Springer P Dylan Cease P Tanner Bibee SS Francisco Lindor,,,
720,5220734068,ballinonu626,0,103.75,1B Sal Stewart 2B Jose Caballero 3B Colson Montgomery C Victor Caratini OF Kody Clemens OF Trevor Larnach OF Jacob Young P Dylan Cease P Bryce Elder SS Francisco Lindor,,,
724,5220102292,Harry1962,0,103.7,1B Jared Young 2B Nick Sogard 3B Miguel Vargas C Rafael Flores Jr. OF Wilyer Abreu OF Ceddanne Rafaela OF Tristan Peters P Dylan Cease P Christian Scott SS Francisco Lindor,,,
724,5220239112,tannerds12,0,103.7,1B Jared Young 2B Jorge Polanco 3B Bryson Stott C Gabriel Moreno OF Byron Buxton OF Corbin Carroll OF Tim Tawa P Dylan Cease P Christian Scott SS Francisco Lindor,,,
724,5220405326,bishops1800,0,103.7,1B Kyle Schwarber 2B Jorge Polanco 3B Ryan McMahon C Austin Wells OF Bryce Harper OF Michael Harris II OF Kody Clemens P Dylan Cease P Christian Scott SS Kaelen Culpepper,,,
724,5220489142,MisterWrestling2,0,103.7,1B Matt Olson 2B Ernie Clement 3B Charles McAdoo C Alejandro Kirk OF Michael Harris II OF A.J. Ewing OF George Springer P Dylan Cease P Christian Scott SS Francisco Lindor,,,
724,5220529685,xxhustlexx,0,103.7,1B Ty France 2B Jake Cronenworth 3B Nolan Arenado C Gabriel Moreno OF Fernando Tatis Jr. OF Jackson Merrill OF Gavin Sheets P Dylan Cease P Christian Scott SS Geraldo Perdomo,,,
724,5220718192,brink7,0,103.7,1B Kyle Schwarber 2B Luis Arraez 3B Bryson Stott C Drew Romo OF Bryce Harper OF Brandon Marsh OF Billy Cook P Dylan Cease P Christian Scott SS Kaelen Culpepper,,,
730,5220239096,FrozenFromundaCheese,0,103.6,1B Kyle Schwarber 2B Ketel Marte 3B Nick Yorke C Gabriel Moreno OF Corbin Carroll OF Brett Baty OF Brett Bateman P Eury Perez P Ryan Weathers SS Francisco Lindor,,,
731,5220513935,puppet0311,0,103.55,1B Kyle Schwarber 2B Luis Arraez 3B Bryson Stott C Drew Romo OF Bryce Harper OF Brett Bateman OF Daz Cameron P Dylan Cease P Ryan Weathers SS Jared Triolo,,,
731,5220554849,allenkrueger1994,0,103.55,1B Royce Lewis 2B Ernie Clement 3B Jorge Polanco C Brian Navarreto OF Bryce Harper OF Corbin Carroll OF Kody Clemens P Dylan Cease P Eury Perez SS Kaelen Culpepper,,,
731,5220664562,T.palega,0,103.55,1B Andres Chaparro 2B Xavier Edwards 3B Leo Jimenez C Agustin Ramirez OF Dylan Crews OF Daylen Lile OF Esteury Ruiz P Dylan Cease P Eury Perez SS Otto Lopez,,,
731,5220726897,KingOfQueens2326,0,103.55,1B Jared Young 2B Xavier Edwards 3B Bo Bichette C Brian Navarreto OF Sam Antonacci OF Carson Benge OF A.J. Ewing P Dylan Cease P Eury Perez SS Francisco Lindor,,,
735,5220744045,fccparker,0,103.5,1B Matt Olson 2B Jorge Polanco 3B Charles McAdoo C Drake Baldwin OF Ronald Acuna Jr. OF Michael Harris II OF Brett Bateman P Dylan Cease P Andrew Painter SS Francisco Lindor,,,
736,5220545941,Fantasizer,0,103.4,1B Griffin Conine 2B Gleyber Torres 3B Bryson Stott C Alejandro Kirk OF Jackson Merrill OF Heriberto Hernandez OF Braden Montgomery P Eury Perez P Casey Mize SS Francisco Lindor,,,
736,5220737240,Brewhaus,0,103.4,1B Alec Bohm 2B Chase Meidroth 3B Bo Bichette C Agustin Ramirez OF Corbin Carroll OF Carson Benge OF A.J. Ewing P Sean Burke P Christian Scott SS Francisco Lindor,,,
738,5220590362,moneymike2424,0,103.25,1B Munetaka Murakami 2B Sam Antonacci 3B Miguel Vargas C Henry Davis OF Heriberto Hernandez OF Braden Montgomery OF Tristan Peters P Sean Burke P Eury Perez SS Otto Lopez,,,
739,5220468179,dlpwaldo,0,103.2,1B Jared Young 2B Xavier Edwards 3B Jose Ramirez C Freddy Fermin OF Carson Benge OF Luis Rengifo OF Gavin Sheets P Dylan Cease P Sean Burke SS Francisco Lindor,,,
739,5220494946,babymaker47,0,103.2,1B Kazuma Okamoto 2B Luis Arraez 3B Bo Bichette C Drake Baldwin OF Bryan Reynolds OF Jackson Merrill OF Brandon Marsh P Eury Perez P Jake Irvin SS Geraldo Perdomo,,,
739,5220724601,mikeredd,0,103.2,1B Kyle Schwarber 2B Bryson Stott 3B Alec Bohm C Victor Caratini OF Kody Clemens OF Trevor Larnach OF Justin Crawford P Dylan Cease P Sean Burke SS Kaelen Culpepper,,,
742,5220483132,RJ_Football5000,0,103.05,1B Josh Bell 2B Sam Antonacci 3B Brooks Lee C Rafael Flores Jr. OF Byron Buxton OF Kody Clemens OF JJ Bleday P Dylan Cease P Dean Kremer SS Jared Triolo,,,
743,5220728369,rvpassaro,0,103,1B Kyle Schwarber 2B Bryson Stott 3B Caleb Durbin C Alejandro Kirk OF Kody Clemens OF A.J. Ewing OF Luis Rengifo P Michael Soroka P Christian Scott SS Francisco Lindor,,,
744,5220738696,Jnaylor07,0,102.85,1B Tim Tawa 2B Xavier Edwards 3B Javier Sanoja C Gabriel Moreno OF Corbin Carroll OF Jackson Merrill OF Jakob Marsee P Eury Perez P Michael Soroka SS Geraldo Perdomo,,,
745,5220728099,lilmark906,0,102.8,1B Bryce Harper 2B Chase Meidroth 3B Miguel Vargas C Rafael Flores Jr. OF Wilyer Abreu OF Michael Harris II OF Edmundo Sosa P Ryan Weathers P Bryce Elder SS George Lombard Jr.,,,
746,5220334431,styval,0,102.75,1B Luis Garcia Jr. 2B Jose Caballero 3B Jorge Polanco C Ben Rice OF Trent Grisham OF A.J. Ewing OF Heliot Ramos P Ryan Weathers P Christian Scott SS Francisco Lindor,,,
746,5220462993,ctaylor1790,0,102.75,1B Josh Bell 2B Bryson Stott 3B Alec Bohm C Rafael Flores Jr. OF Bryce Harper OF Wilyer Abreu OF Luke Keaschall P Dylan Cease P Bryce Elder SS Brayan Rocchio,,,
746,5220509908,colbyhornet,0,102.75,1B Matt Olson 2B Ketel Marte 3B Jorge Polanco C Gabriel Moreno OF Corbin Carroll OF Luis Robert Jr. OF Max Kepler P Eury Perez P Christian Scott SS Geraldo Perdomo,,,
746,5220542424,gamblingman7,0,102.75,1B Jared Young 2B Chase Meidroth 3B Miguel Vargas C Luis Torrens OF Wilyer Abreu OF Corbin Carroll OF Carson Benge P Ryan Weathers P Christian Scott SS Francisco Lindor,,,
746,5220542842,tfa0820,0,102.75,1B Bryce Harper 2B Brett Baty 3B Charles McAdoo C Connor Wong OF Dylan Crews OF Ceddanne Rafaela OF Jackson Merrill P Dylan Cease P Bryce Elder SS Francisco Lindor,,,
751,5220303090,karolsuds,0,102.7,1B Josh Bell 2B Ernie Clement 3B Alec Bohm C Alejandro Kirk OF Corbin Carroll OF Carson Benge OF Luke Keaschall P Dylan Cease P Christian Scott SS Francisco Lindor,,,
751,5220345867,drunkonpappy,0,102.7,1B Michael Toglia 2B Matt McLain 3B Eugenio Suarez C Agustin Ramirez OF JJ Bleday OF A.J. Ewing OF Heriberto Hernandez P Dylan Cease P Christian Scott SS Elly De La Cruz,,,
751,5220470433,devonmaya,0,102.7,1B Jared Young 2B Luis Arraez 3B Bo Bichette C Rafael Flores Jr. OF Brandon Marsh OF Carson Benge OF Luis Robert Jr. P Dylan Cease P Christian Scott SS Francisco Lindor,,,
751,5220710557,gpweaver6,0,102.7,1B Tim Tawa 2B Jake Cronenworth 3B Eugenio Suarez C Gabriel Moreno OF Corbin Carroll OF Chase DeLauter OF Carson Benge P Dylan Cease P Christian Scott SS Francisco Lindor,,,
751,5220732966,MikeD619,0,102.7,1B Kyle Schwarber 2B Ketel Marte 3B Colt Keith C James McCann OF Corbin Carroll OF Edmundo Sosa OF Jorge Barrosa P Dylan Cease P Christian Scott SS Geraldo Perdomo,,,
756,5220492508,keithluck,0,102.6,1B Abimelec Ortiz 2B Bryson Stott 3B Caleb Durbin C Agustin Ramirez OF Bryce Harper OF Jackson Merrill OF Sam Antonacci P Eury Perez P Ryan Weathers SS Geraldo Perdomo,,,
757,5220351166,AverageTuesday,0,102.55,1B Rafael Flores Jr. 2B Bryson Stott 3B Nick Yorke C Henry Davis OF Bryce Harper OF Fernando Tatis Jr. OF Jake Mangum P Dylan Cease P Eury Perez SS Jared Triolo,,,
757,5220612492,GameOnLetsGo,0,102.55,1B Abimelec Ortiz 2B Jorge Polanco 3B Leo Jimenez C Keibert Ruiz OF Dylan Crews OF Daylen Lile OF Javier Sanoja P Dylan Cease P Eury Perez SS CJ Abrams,,,
757,5220614118,whitey141414,0,102.55,1B Abimelec Ortiz 2B Sam Antonacci 3B Jose Ramirez C Rafael Flores Jr. OF Ceddanne Rafaela OF Esmerlyn Valdez OF Steven Kwan P Dylan Cease P Eury Perez SS Jared Triolo,,,
757,5220622378,CorieVenegas,0,102.55,1B Kazuma Okamoto 2B Ketel Marte 3B Ryan McMahon C Gabriel Moreno OF Ronald Acuna Jr. OF Michael Harris II OF Luis Rengifo P Eury Perez P Nick Lodolo SS Francisco Lindor,,,
757,5220627958,chisox33,0,102.55,1B Kyle Schwarber 2B Bryson Stott 3B Alec Bohm C James McCann OF Brandon Marsh OF Justin Crawford OF Tim Tawa P Dylan Cease P Eury Perez SS Geraldo Perdomo,,,
757,5220628297,DreamchaserJC,0,102.55,1B Michael Toglia 2B Ketel Marte 3B Nolan Arenado C Agustin Ramirez OF Corbin Carroll OF Heriberto Hernandez OF Tim Tawa P Dylan Cease P Ryan Weathers SS Geraldo Perdomo,,,
757,5220643865,milligolf,0,102.55,1B Andres Chaparro 2B Xavier Edwards 3B Javier Sanoja C Brian Navarreto OF Heriberto Hernandez OF Jakob Marsee OF Mike Yastrzemski P Dylan Cease P Eury Perez SS CJ Abrams,,,
757,5220695000,boxguy,0,102.55,1B Alec Bohm 2B Jorbit Vivas 3B Nolan Arenado C James McCann OF Corbin Carroll OF Michael Harris II OF Max Kepler P Dylan Cease P Ryan Weathers SS Geraldo Perdomo,,,
757,5220710584,toomanny,0,102.55,1B Kazuma Okamoto 2B Jose Caballero 3B Bryson Stott C Gabriel Moreno OF Michael Harris II OF Spencer Jones OF TJ Friedl P Dylan Cease P Ryan Weathers SS Francisco Lindor,,,
766,5220262128,DeckinIt27,0,102.35,1B Bryce Harper 2B Anthony Seigler 3B Kazuma Okamoto C Drake Baldwin OF Michael Harris II OF Mike Yastrzemski OF Brett Bateman P Dylan Cease P Casey Mize SS Kaelen Culpepper,,,
766,5220656677,gggreg,0,102.35,1B Josh Bell 2B Ernie Clement 3B Kazuma Okamoto C Victor Caratini OF Fernando Tatis Jr. OF Heriberto Hernandez OF Jacob Young P Dylan Cease P Casey Mize SS Otto Lopez,,,
768,5220708750,skinznfinz86,0,102.25,1B Munetaka Murakami 2B Kody Clemens 3B Miguel Vargas C James McCann OF Dylan Crews OF Jake Mangum OF Carson Benge P Christian Scott P Dean Kremer SS Francisco Lindor,,,
769,5220321780,impeccablycomingup,0,102.2,1B Jared Young 2B Brett Baty 3B Bryson Stott C Agustin Ramirez OF Carson Benge OF A.J. Ewing OF Heriberto Hernandez P Dylan Cease P Sean Burke SS Francisco Lindor,,,
769,5220738714,teachwild,0,102.2,1B Kyle Schwarber 2B Bryson Stott 3B Alec Bohm C Luis Torrens OF Carson Benge OF Tim Tawa OF Edmundo Sosa P Dylan Cease P Sean Burke SS Francisco Lindor,,,
771,5220585013,jusnit,0,102.15,1B Matt Olson 2B Jorbit Vivas 3B Brady House C Keibert Ruiz OF Ronald Acuna Jr. OF Michael Harris II OF Mike Yastrzemski P Dylan Cease P Jake Irvin SS Geraldo Perdomo,,,
772,5220548682,lionfan914,0,102.1,1B Abimelec Ortiz 2B Ozzie Albies 3B Bo Bichette C Keibert Ruiz OF Ronald Acuna Jr. OF Michael Harris II OF A.J. Ewing P Eury Perez P Dean Kremer SS Francisco Lindor,,,
773,5220487463,ck1kaminski,0,102.05,1B Matt Olson 2B Bryson Stott 3B Alec Bohm C Drake Baldwin OF Bryce Harper OF Ronald Acuna Jr. OF Corbin Carroll P Patrick Sandoval P Andrew Painter SS Jared Triolo,,,
774,5220684338,Slick517,0,101.75,1B Luis Garcia Jr. 2B Xavier Edwards 3B Jorge Polanco C Ben Rice OF Trent Grisham OF Heliot Ramos OF Spencer Jones P Eury Perez P Christian Scott SS Francisco Lindor,,,
774,5220728642,getschmoney,0,101.75,1B Jared Young 2B Jorge Polanco 3B Eugenio Suarez C Drake Baldwin OF Bryce Harper OF Corbin Carroll OF Carson Benge P Ryan Weathers P Christian Scott SS Francisco Lindor,,,
776,5220349075,zroth2,0,101.7,1B Jared Young 2B Brett Baty 3B Jorge Polanco C Drake Baldwin OF Corbin Carroll OF Carson Benge OF Mike Yastrzemski P Dylan Cease P Christian Scott SS Francisco Lindor,,,
776,5220510948,croz30069,0,101.7,1B Kazuma Okamoto 2B Bryson Stott 3B Alec Bohm C J.T. Realmuto OF Daylen Lile OF Carson Benge OF Luis Robert Jr. P Dylan Cease P Christian Scott SS Francisco Lindor,,,
776,5220514258,dmann8888,0,101.7,1B Alec Bohm 2B Luis Arraez 3B Bryson Stott C J.T. Realmuto OF Corbin Carroll OF Max Kepler OF Justin Crawford P Dylan Cease P Christian Scott SS Geraldo Perdomo,,,
779,5220299364,FatManMagic,0,101.55,1B Kyle Schwarber 2B Jorge Polanco 3B Bryson Stott C Luis Torrens OF Brandon Marsh OF Luis Robert Jr. OF Edmundo Sosa P Dylan Cease P Eury Perez SS Otto Lopez,,,
779,5220686313,Mytime55,0,101.55,1B Kyle Schwarber 2B Jorge Polanco 3B Charles McAdoo C J.T. Realmuto OF Michael Harris II OF Heriberto Hernandez OF Brett Bateman P Dylan Cease P Eury Perez SS Francisco Lindor,,,
779,5220694495,tical1994,0,101.55,1B Jared Young 2B Brett Baty 3B Alec Bohm C J.T. Realmuto OF Brandon Marsh OF Carson Benge OF A.J. Ewing P Dylan Cease P Eury Perez SS Francisco Lindor,,,
779,5220743352,nickmarti1993,0,101.55,1B Nick Sogard 2B Ketel Marte 3B Javier Sanoja C Victor Caratini OF Carson Benge OF A.J. Ewing OF Heriberto Hernandez P Dylan Cease P Eury Perez SS Otto Lopez,,,
783,5220547055,hyside,0,101.5,1B Alec Bohm 2B Bryson Stott 3B Bo Bichette C Gabriel Moreno OF Corbin Carroll OF Carson Benge OF Steven Kwan P Dylan Cease P Andrew Painter SS Francisco Lindor,,,
784,5220487934,hsojsenoj,0,101.4,1B Munetaka Murakami 2B Bryson Stott 3B Javier Sanoja C Adley Rutschman OF Wilyer Abreu OF Jackson Merrill OF Andrew Benintendi P Casey Mize P Ryan Weathers SS Edmundo Sosa,,,
784,5220720137,Choker12,0,101.4,1B Munetaka Murakami 2B Sam Antonacci 3B Miguel Vargas C Agustin Ramirez OF Luis Robert Jr. OF Andrew Benintendi OF Brett Baty P Sean Burke P Christian Scott SS Colson Montgomery,,,
786,5220303634,squatman2008,0,101.35,1B Josh Bell 2B Chase Meidroth 3B Brooks Lee C Victor Caratini OF Byron Buxton OF Trevor Larnach OF Tristan Peters P Dylan Cease P Casey Mize SS Colson Montgomery,,,
787,5220441510,maxk3293,0,101.3,1B Munetaka Murakami 2B Sam Antonacci 3B Austin Riley C Drake Baldwin OF Ronald Acuna Jr. OF Michael Harris II OF Mike Yastrzemski P Tanner Bibee P Dean Kremer SS George Lombard Jr.,,,
788,5220083441,LTLDidUKnow,0,101.25,1B Jared Young 2B Royce Lewis 3B Miguel Vargas C Luis Torrens OF Kody Clemens OF Carson Benge OF A.J. Ewing P Sean Burke P Eury Perez SS Francisco Lindor,,,
788,5220518697,PokerChump,0,101.25,1B Matt Olson 2B Ozzie Albies 3B Jorge Polanco C Drake Baldwin OF Ronald Acuna Jr. OF Michael Harris II OF Brett Baty P Christian Scott P Patrick Sandoval SS Francisco Lindor,,,
788,5220594530,lancestevee4,0,101.25,1B Munetaka Murakami 2B Jake Cronenworth 3B Miguel Vargas C Agustin Ramirez OF A.J. Ewing OF Trevor Larnach OF Brett Bateman P Sean Burke P Eury Perez SS Otto Lopez,,,
788,5220687782,VIP_Swag,0,101.25,1B Jared Young 2B Bryson Stott 3B Alec Bohm C Agustin Ramirez OF Bryce Harper OF Carson Benge OF A.J. Ewing P Sean Burke P Eury Perez SS Francisco Lindor,,,
788,5220705042,mbrune101,0,101.25,1B Matt Olson 2B Ketel Marte 3B Charles McAdoo C Gabriel Moreno OF Corbin Carroll OF Carson Benge OF Heriberto Hernandez P Sean Burke P Ryan Weathers SS Kaelen Culpepper,,,
788,5220712633,AlamoTex,0,101.25,1B Josh Bell 2B Royce Lewis 3B Brooks Lee C Luis Torrens OF Kody Clemens OF Carson Benge OF Trevor Larnach P Sean Burke P Eury Perez SS Francisco Lindor,,,
794,5220328182,maccat33,0,101.2,1B Kyle Schwarber 2B Brett Baty 3B Alec Bohm C Drew Romo OF A.J. Ewing OF Luis Robert Jr. OF Tim Tawa P Dylan Cease P Sean Burke SS Francisco Lindor,,,
794,5220520124,DraftGuru12,0,101.2,1B Alec Bohm 2B Chase Meidroth 3B Brady House C Rafael Flores Jr. OF Corbin Carroll OF Chase DeLauter OF Heriberto Hernandez P Dylan Cease P Sean Burke SS Xander Bogaerts,,,
796,5220687510,b732216,0,100.9,1B Matt Olson 2B Xavier Edwards 3B Javier Sanoja C Adley Rutschman OF Michael Harris II OF Brandon Marsh OF Andrew Benintendi P Casey Mize P Patrick Sandoval SS Otto Lopez,,,
797,5220508830,meyers2305,0,100.8,1B Abimelec Ortiz 2B Jorbit Vivas 3B Bo Bichette C Keibert Ruiz OF Carson Benge OF A.J. Ewing OF Luis Robert Jr. P Dylan Cease P Michael Soroka SS Francisco Lindor,,,
798,5220479704,Nealkid1,0,100.75,1B Kyle Schwarber 2B Luis Arraez 3B Alec Bohm C Rafael Flores Jr. OF Brandon Marsh OF Carson Benge OF Max Kepler P Eury Perez P Christian Scott SS Francisco Lindor,,,
798,5220664359,mattd2121,0,100.75,1B Jared Young 2B Ketel Marte 3B Alec Bohm C J.T. Realmuto OF Bryce Harper OF Corbin Carroll OF Luis Robert Jr. P Ryan Weathers P Christian Scott SS Geraldo Perdomo,,,
798,5220726826,aman1969,0,100.75,1B Munetaka Murakami 2B Luis Arraez 3B Ryan McMahon C Freddy Fermin OF Carson Benge OF Jarren Duran OF Luis Rengifo P Dylan Cease P Bryce Elder SS Francisco Lindor,,,
801,5220387845,tinderella,0,100.7,1B Michael Toglia 2B Matt McLain 3B Eugenio Suarez C Agustin Ramirez OF JJ Bleday OF Carson Benge OF Heriberto Hernandez P Dylan Cease P Christian Scott SS Elly De La Cruz,,,
801,5220629671,pjtymiss,0,100.7,1B Jared Young 2B Royce Lewis 3B Bo Bichette C Brian Navarreto OF Byron Buxton OF Trevor Larnach OF Luis Robert Jr. P Dylan Cease P Christian Scott SS Francisco Lindor,,,
801,5220698448,mkpullano,0,100.7,1B Tim Tawa 2B Brett Baty 3B Bo Bichette C Gabriel Moreno OF Corbin Carroll OF Carson Benge OF Max Kepler P Dylan Cease P Christian Scott SS Geraldo Perdomo,,,
804,5220509504,bdschultheis,0,100.55,1B Matt Olson 2B Nick Sogard 3B Caleb Durbin C Drake Baldwin OF Ronald Acuna Jr. OF Michael Harris II OF Heriberto Hernandez P Eury Perez P Andrew Painter SS Andruw Monasterio,,,
804,5220652239,JetsIrish,0,100.55,1B Munetaka Murakami 2B Nick Sogard 3B Miguel Vargas C Alejandro Kirk OF Sam Antonacci OF Braden Montgomery OF Zach McKinstry P Dylan Cease P Ryan Weathers SS Jim Jarvis,,,
804,5220721132,DoloMitex478,0,100.55,1B Jared Young 2B Luis Arraez 3B Bryson Stott C Luis Torrens OF Brandon Marsh OF A.J. Ewing OF Luis Robert Jr. P Dylan Cease P Eury Perez SS Francisco Lindor,,,
804,5220740718,rmartins2323,0,100.55,1B Nick Sogard 2B Chase Meidroth 3B Bo Bichette C Gabriel Moreno OF A.J. Ewing OF Heriberto Hernandez OF Steven Kwan P Dylan Cease P Eury Perez SS Geraldo Perdomo,,,
808,5220543202,Mojo19,0,100.5,1B Kyle Schwarber 2B Luis Arraez 3B Bo Bichette C Luis Torrens OF Bryce Harper OF Brandon Marsh OF Brett Baty P Dylan Cease P Andrew Painter SS Edmundo Sosa,,,
809,5220417806,stingerz22,0,100.4,1B Jared Young 2B Kody Clemens 3B Bo Bichette C Agustin Ramirez OF Byron Buxton OF Carson Benge OF Luis Robert Jr. P Sean Burke P Christian Scott SS Francisco Lindor,,,
809,5220661374,GreatTabbarinos,0,100.4,1B Munetaka Murakami 2B Brett Baty 3B Brooks Lee C Victor Caratini OF Wilyer Abreu OF Carson Benge OF Max Clark P Eury Perez P Casey Mize SS Colson Montgomery,,,
811,5220095664,rizzogizmo,0,100.25,1B Josh Bell 2B Royce Lewis 3B Bo Bichette C Luis Torrens OF Kody Clemens OF Trevor Larnach OF Luis Robert Jr. P Sean Burke P Eury Perez SS Francisco Lindor,,,
811,5220319835,LakeBum23,0,100.25,1B Jared Young 2B Xavier Edwards 3B Bo Bichette C Agustin Ramirez OF Jackson Merrill OF Carson Benge OF Luis Robert Jr. P Sean Burke P Eury Perez SS Francisco Lindor,,,
813,5220640206,beast...MODE,0,100.2,1B Jared Young 2B Kody Clemens 3B Brooks Lee C Alejandro Kirk OF Carson Benge OF A.J. Ewing OF Brett Baty P Dylan Cease P Sean Burke SS Francisco Lindor,,,
814,5220518023,lukeanthony,0,100.1,1B Matt Olson 2B Ketel Marte 3B Nolan Arenado C Connor Wong OF Corbin Carroll OF Michael Harris II OF Max Kepler P Eury Perez P Dean Kremer SS Geraldo Perdomo,,,
815,5220688030,JNahal,0,100.05,1B Royce Lewis 2B Ketel Marte 3B Brooks Lee C Gabriel Moreno OF Corbin Carroll OF Luke Keaschall OF Tim Tawa P Dylan Cease P Dean Kremer SS Geraldo Perdomo,,,
815,5220688515,DaBanker,0,100.05,1B Josh Bell 2B Kody Clemens 3B Bo Bichette C Rafael Flores Jr. OF Carson Benge OF A.J. Ewing OF Trevor Larnach P Dylan Cease P Dean Kremer SS Francisco Lindor,,,
817,5220540125,quinzioam,0,100,1B Jared Young 2B Sam Antonacci 3B Kazuma Okamoto C Agustin Ramirez OF Fernando Tatis Jr. OF Wilyer Abreu OF Corbin Carroll P Michael Soroka P Christian Scott SS Geraldo Perdomo,,,
818,5220742420,jesseem,0,99.9,1B Matt Olson 2B Nick Sogard 3B Austin Riley C Drake Baldwin OF Byron Buxton OF A.J. Ewing OF Dominic Smith P Dylan Cease P Drew Anderson SS Jim Jarvis,,,
819,5220688013,amptrampscoin,0,99.85,1B Kyle Schwarber 2B Kody Clemens 3B Colson Montgomery C Drew Romo OF Carson Benge OF George Springer OF Brett Baty P Eury Perez P Michael Soroka SS Francisco Lindor,,,
819,5220718284,avery98z,0,99.85,1B Jared Young 2B Bryson Stott 3B Bo Bichette C Luis Torrens OF Bryce Harper OF Brandon Marsh OF Carson Benge P Ryan Weathers P Michael Soroka SS Francisco Lindor,,,
821,5220483789,morganelizabeth2,0,99.8,1B Jared Young 2B Brett Baty 3B Colson Montgomery C Drake Baldwin OF Ronald Acuna Jr. OF Carson Benge OF A.J. Ewing P Eury Perez P Bryce Elder SS Francisco Lindor,,,
822,5220556771,willoc729,0,99.75,1B Michael Toglia 2B Matt McLain 3B Miguel Vargas C Gabriel Moreno OF Corbin Carroll OF Heriberto Hernandez OF TJ Friedl P Ryan Weathers P Christian Scott SS Elly De La Cruz,,,
822,5220705624,bknapple1,0,99.75,1B Kyle Schwarber 2B Bryson Stott 3B Bo Bichette C Rafael Flores Jr. OF Bryce Harper OF Carson Benge OF Justin Crawford P Eury Perez P Christian Scott SS Edmundo Sosa,,,
824,5220335906,ClassicIndividuals,0,99.7,1B Tim Tawa 2B Sam Antonacci 3B Miguel Vargas C Victor Caratini OF Michael Harris II OF A.J. Ewing OF Braden Montgomery P Dylan Cease P Christian Scott SS Colson Montgomery,,,
824,5220476892,toddunc336,0,99.7,1B Ty France 2B Bryson Stott 3B Ryan McMahon C Gabriel Moreno OF Corbin Carroll OF Luis Rengifo OF TJ Friedl P Dylan Cease P Christian Scott SS Francisco Lindor,,,
824,5220560874,beckynjayd,0,99.7,1B Victor Caratini 2B Kody Clemens 3B Bo Bichette C Brian Navarreto OF Byron Buxton OF Trevor Larnach OF Luke Keaschall P Dylan Cease P Christian Scott SS Francisco Lindor,,,
827,5220229387,shellycooney0306,0,99.55,1B Alec Bohm 2B Luis Arraez 3B Bryson Stott C Drake Baldwin OF Bryce Harper OF Corbin Carroll OF Jake Mangum P Eury Perez P Andrew Painter SS Edmundo Sosa,,,
827,5220374358,jscgolf,0,99.55,1B Jared Young 2B Brett Baty 3B Austin Riley C Drake Baldwin OF Carson Benge OF A.J. Ewing OF Mike Yastrzemski P Dylan Cease P Ryan Weathers SS Francisco Lindor,,,
827,5220415218,jeast5656,0,99.55,1B Alec Bohm 2B Brandon Lowe 3B Nolan Arenado C J.T. Realmuto OF Max Kepler OF Justin Crawford OF Edmundo Sosa P Dylan Cease P Eury Perez SS Geraldo Perdomo,,,
827,5220503379,Bengalville,0,99.55,1B Victor Caratini 2B Kody Clemens 3B Brooks Lee C Brian Navarreto OF Byron Buxton OF Trevor Larnach OF Steven Kwan P Dylan Cease P Eury Perez SS Francisco Lindor,,,
827,5220551053,seabie123,0,99.55,1B Nick Yorke 2B Ketel Marte 3B Nolan Arenado C Rafael Flores Jr. OF JJ Bleday OF Heriberto Hernandez OF Billy Cook P Dylan Cease P Ryan Weathers SS Elly De La Cruz,,,
827,5220608800,klavastj,0,99.55,1B Munetaka Murakami 2B Ketel Marte 3B Nolan Arenado C Drew Romo OF Corbin Carroll OF Kody Clemens OF Sam Antonacci P Ryan Weathers P Nick Lodolo SS Geraldo Perdomo,,,
827,5220642725,Itsdee_21,0,99.55,1B Josh Bell 2B Royce Lewis 3B Javier Sanoja C Rafael Flores Jr. OF Byron Buxton OF Trevor Larnach OF Luke Keaschall P Dylan Cease P Eury Perez SS Jared Triolo,,,
827,5220708977,KenSilman,0,99.55,1B Munetaka Murakami 2B Luis Arraez 3B Nolan Arenado C Henry Davis OF Bryce Harper OF Steven Kwan OF Gavin Sheets P Dylan Cease P Eury Perez SS Kaelen Culpepper,,,
835,5220680704,FPLLC,0,99.45,1B Kyle Schwarber 2B Sam Antonacci 3B Alec Bohm C Luis Torrens OF Ronald Acuna Jr. OF Wilyer Abreu OF Luke Keaschall P Sean Burke P Bryce Elder SS Edmundo Sosa,,,
836,5220598160,dougiefreshie,0,99.4,1B Kyle Schwarber 2B Kody Clemens 3B Nolan Arenado C Connor Wong OF Trent Grisham OF Luke Keaschall OF Steven Kwan P Eury Perez P Casey Mize SS Colson Montgomery,,,
837,5220635886,kevin0708,0,99.25,1B Abimelec Ortiz 2B Bryson Stott 3B Caleb Durbin C Gabriel Moreno OF Corbin Carroll OF Heriberto Hernandez OF Esteury Ruiz P Sean Burke P Eury Perez SS Francisco Lindor,,,
837,5220638725,bubsfantasy,0,99.25,1B Jared Young 2B Bryson Stott 3B Alec Bohm C Luis Torrens OF Fernando Tatis Jr. OF Corbin Carroll OF Carson Benge P Sean Burke P Eury Perez SS Francisco Lindor,,,
839,5220040984,irv19,0,99.2,1B Abimelec Ortiz 2B Chase Meidroth 3B Charles McAdoo C Rafael Flores Jr. OF Corbin Carroll OF Jackson Merrill OF Heriberto Hernandez P Dylan Cease P Sean Burke SS Francisco Lindor,,,
839,5220384816,swaggybees,0,99.2,1B Jared Young 2B Ketel Marte 3B Jorge Polanco C Agustin Ramirez OF Carson Benge OF A.J. Ewing OF Heriberto Hernandez P Dylan Cease P Sean Burke SS Francisco Lindor,,,
839,5220651262,niners24boom,0,99.2,1B Miguel Vargas 2B Jake Cronenworth 3B Jose Ramirez C Luis Torrens OF George Springer OF Luis Rengifo OF Brett Bateman P Dylan Cease P Sean Burke SS Geraldo Perdomo,,,
839,5220732894,stuckycouchers,0,99.2,1B Munetaka Murakami 2B Jorge Polanco 3B Nick Yorke C Drew Romo OF Corbin Carroll OF Jackson Merrill OF Billy Cook P Dylan Cease P Sean Burke SS CJ Abrams,,,
843,5220289431,GRMays33,0,99.05,1B Royce Lewis 2B Ernie Clement 3B Bo Bichette C Drake Baldwin OF Byron Buxton OF Jo Adell OF Dominic Smith P Dylan Cease P Dean Kremer SS George Lombard Jr.,,,
843,5220660753,jaredsilver,0,99.05,1B Josh Bell 2B Kody Clemens 3B Charles McAdoo C Victor Caratini OF Bryce Harper OF Daylen Lile OF Heriberto Hernandez P Dylan Cease P Patrick Sandoval SS Otto Lopez,,,
843,5220695400,NextSignal,0,99.05,1B Jared Young 2B Brett Baty 3B Brady House C Luis Torrens OF Ronald Acuna Jr. OF Byron Buxton OF Daylen Lile P Dylan Cease P Dean Kremer SS Francisco Lindor,,,
846,5220477689,rybutts13,0,99,1B Jared Young 2B Ketel Marte 3B Bo Bichette C Gabriel Moreno OF Corbin Carroll OF Carson Benge OF A.J. Ewing P Michael Soroka P Christian Scott SS Francisco Lindor,,,
846,5220688548,StayintheFray2026,0,99,1B Kyle Schwarber 2B Jake Cronenworth 3B Bo Bichette C James McCann OF Bryce Harper OF Jackson Merrill OF Andrew Benintendi P Michael Soroka P Christian Scott SS Geraldo Perdomo,,,
848,5220540476,Nutzydog,0,98.85,1B Luis Garcia Jr. 2B Sam Antonacci 3B Kazuma Okamoto C Gabriel Moreno OF Corbin Carroll OF Chase DeLauter OF Esteury Ruiz P Eury Perez P Michael Soroka SS Andres Gimenez,,,
849,5220557829,FHUSlater2000,0,98.8,1B Alec Bohm 2B Luis Arraez 3B Bryson Stott C Gabriel Moreno OF Bryce Harper OF Corbin Carroll OF Chase DeLauter P Ryan Weathers P Tanner Bibee SS Kaelen Culpepper,,,
850,5220321275,Jthrill,0,98.75,1B Charles McAdoo 2B Bryson Stott 3B Miguel Vargas C Gabriel Moreno OF Corbin Carroll OF Carson Benge OF A.J. Ewing P Eury Perez P Christian Scott SS Francisco Lindor,,,
850,5220392929,goofybh207,0,98.75,1B Miguel Vargas 2B Royce Lewis 3B Javier Sanoja C Gabriel Moreno OF Byron Buxton OF Carson Benge OF Steven Kwan P Ryan Weathers P Christian Scott SS Geraldo Perdomo,,,
850,5220542414,MostRickyTick,0,98.75,1B Jared Young 2B Jake Cronenworth 3B Jorge Polanco C Rafael Flores Jr. OF Fernando Tatis Jr. OF Trent Grisham OF Jackson Merrill P Dylan Cease P Bryce Elder SS Elly De La Cruz,,,
850,5220706238,ChrisCopps33,0,98.75,1B Kyle Schwarber 2B Bryson Stott 3B Alec Bohm C Alejandro Kirk OF Chase DeLauter OF Luke Keaschall OF Brett Bateman P Dylan Cease P Bryce Elder SS Francisco Lindor,,,
854,5220474868,leighton32,0,98.7,1B Tim Tawa 2B Ketel Marte 3B Bryson Stott C Gabriel Moreno OF Bryce Harper OF Gavin Sheets OF Jorge Barrosa P Dylan Cease P Christian Scott SS Geraldo Perdomo,,,
854,5220536913,hester8157,0,98.7,1B Jared Young 2B Matt McLain 3B Eugenio Suarez C Gabriel Moreno OF Corbin Carroll OF Carson Benge OF A.J. Ewing P Dylan Cease P Christian Scott SS Francisco Lindor,,,
856,5220721327,chetman5000,0,98.65,1B Josh Bell 2B Sam Antonacci 3B Nolan Arenado C Gabriel Moreno OF Corbin Carroll OF Jarren Duran OF Luis Rengifo P Casey Mize P Michael Soroka SS Colson Montgomery,,,
857,5220523919,DCB1,0,98.6,1B Ben Rice 2B Jorge Polanco 3B Austin Riley C Drake Baldwin OF Byron Buxton OF Heliot Ramos OF George Springer P Casey Mize P Bryce Elder SS Javier Baez,,,
858,5220300953,mathyewjoeza,0,98.55,1B Kyle Schwarber 2B Jake Cronenworth 3B Manny Machado C J.T. Realmuto OF Fernando Tatis Jr. OF Jackson Merrill OF Gavin Sheets P Casey Mize P Christian Scott SS Brayan Rocchio,,,
858,5220324937,Schoey17,0,98.55,1B Spencer Torkelson 2B Anthony Seigler 3B Caleb Durbin C Connor Wong OF Michael Harris II OF Jarren Duran OF Zach McKinstry P Dylan Cease P Eury Perez SS Andruw Monasterio,,,
858,5220499511,welchy81,0,98.55,1B Jared Young 2B Sam Antonacci 3B Colson Montgomery C James McCann OF Carson Benge OF A.J. Ewing OF Tristan Peters P Dylan Cease P Eury Perez SS Francisco Lindor,,,
858,5220508424,sixsixx,0,98.55,1B Jared Young 2B Bryson Stott 3B Eugenio Suarez C Rafael Flores Jr. OF Corbin Carroll OF Carson Benge OF Brett Baty P Dylan Cease P Ryan Weathers SS Francisco Lindor,,,
862,5220561743,wano0916,0,98.5,1B Josh Bell 2B Ketel Marte 3B Nolan Arenado C Gabriel Moreno OF Corbin Carroll OF Kody Clemens OF Tim Tawa P Dylan Cease P Nick Lodolo SS Kaelen Culpepper,,,
862,5220670832,jerseyburglar,0,98.5,1B Bryce Harper 2B Bryson Stott 3B Alec Bohm C Alejandro Kirk OF Kody Clemens OF Carson Benge OF Andrew Benintendi P Dylan Cease P Andrew Painter SS Francisco Lindor,,,
862,5220713611,daigledani22,0,98.5,1B Kyle Schwarber 2B Bryson Stott 3B Javier Sanoja C Luis Torrens OF Wilyer Abreu OF Carson Benge OF Heriberto Hernandez P Dylan Cease P Andrew Painter SS Geraldo Perdomo,,,
865,5220375714,zspeer131,0,98.4,1B Royce Lewis 2B Kody Clemens 3B Brooks Lee C Luis Torrens OF Byron Buxton OF Carson Benge OF Trevor Larnach P Sean Burke P Christian Scott SS Francisco Lindor,,,
865,5220689148,CSommermann,0,98.4,1B Alec Bohm 2B Luis Arraez 3B Bryson Stott C Drake Baldwin OF Bryce Harper OF Michael Harris II OF Mike Yastrzemski P Sean Burke P Christian Scott SS Edmundo Sosa,,,
867,5220445032,metzykid23,0,98.25,1B Alec Bohm 2B Luis Arraez 3B Bryson Stott C Luis Torrens OF Bryce Harper OF Brandon Marsh OF Brett Baty P Sean Burke P Eury Perez SS Francisco Lindor,,,
867,5220533322,bad_elip,0,98.25,1B Abimelec Ortiz 2B Kody Clemens 3B Bo Bichette C Luis Torrens OF Daylen Lile OF Carson Benge OF A.J. Ewing P Sean Burke P Eury Perez SS Francisco Lindor,,,
867,5220692103,mm0802,0,98.25,1B Royce Lewis 2B Kody Clemens 3B Bo Bichette C Agustin Ramirez OF Byron Buxton OF Carson Benge OF Trevor Larnach P Christian Scott P Patrick Sandoval SS Francisco Lindor,,,
867,5220703643,DanThaMan940,0,98.25,1B Jared Young 2B Luis Arraez 3B Alec Bohm C Luis Torrens OF Bryce Harper OF Carson Benge OF A.J. Ewing P Sean Burke P Eury Perez SS Francisco Lindor,,,
871,5220243538,Ant330,0,98.05,1B Jared Young 2B Royce Lewis 3B Bo Bichette C Victor Caratini OF Byron Buxton OF Corbin Carroll OF Kody Clemens P Dylan Cease P Patrick Sandoval SS Kaelen Culpepper,,,
872,5220498172,fjennings,0,97.8,1B Miguel Vargas 2B Bryson Stott 3B Ryan McMahon C Ben Rice OF Bryce Harper OF Luis Robert Jr. OF Brett Baty P Ryan Weathers P Bryce Elder SS Kaelen Culpepper,,,
873,5220432044,gregcroteau,0,97.75,1B Josh Bell 2B Royce Lewis 3B Bo Bichette C Gabriel Moreno OF Carson Benge OF Trevor Larnach OF Luke Keaschall P Ryan Weathers P Christian Scott SS Francisco Lindor,,,
873,5220645945,PackRBack,0,97.75,1B Matt Olson 2B Ketel Marte 3B Nolan Arenado C Drake Baldwin OF Corbin Carroll OF Max Kepler OF Mike Yastrzemski P Eury Perez P Christian Scott SS Jim Jarvis,,,
875,5220110028,Drewski9090,0,97.7,1B Abimelec Ortiz 2B Ketel Marte 3B Eugenio Suarez C Gabriel Moreno OF Corbin Carroll OF A.J. Ewing OF Steven Kwan P Dylan Cease P Christian Scott SS Geraldo Perdomo,,,
875,5220464192,mollyballs,0,97.7,1B Josh Bell 2B Ozzie Albies 3B Bo Bichette C Victor Caratini OF Byron Buxton OF Kody Clemens OF Luke Keaschall P Dylan Cease P Christian Scott SS Jim Jarvis,,,
875,5220470431,rwdw0822,0,97.7,1B Kyle Schwarber 2B Brett Baty 3B Jorge Polanco C Luis Torrens OF Byron Buxton OF Carson Benge OF Justin Crawford P Dylan Cease P Christian Scott SS Francisco Lindor,,,
875,5220541950,NazzAttack,0,97.7,1B Bryce Harper 2B Luis Arraez 3B Jose Ramirez C Alejandro Kirk OF Jarren Duran OF Mike Yastrzemski OF Myles Straw P Dylan Cease P Christian Scott SS Andres Gimenez,,,
875,5220668336,zach_barney,0,97.7,1B Jared Young 2B Sam Antonacci 3B Jared Triolo C Rafael Flores Jr. OF Ronald Acuna Jr. OF Chase DeLauter OF Carson Benge P Dylan Cease P Christian Scott SS Francisco Lindor,,,
875,5220677128,thebumpsta,0,97.7,1B Jared Young 2B Brett Baty 3B Bryson Stott C Rafael Flores Jr. OF Bryce Harper OF Carson Benge OF A.J. Ewing P Dylan Cease P Christian Scott SS Francisco Lindor,,,
881,5220476970,GingerAttack,0,97.55,1B Abimelec Ortiz 2B Jorge Polanco 3B Bo Bichette C Brian Navarreto OF Daylen Lile OF A.J. Ewing OF Luis Robert Jr. P Dylan Cease P Eury Perez SS Francisco Lindor,,,
881,5220493941,tattt3,0,97.55,1B Kyle Schwarber 2B Bryson Stott 3B Jorge Polanco C Luis Torrens OF Bryce Harper OF Brandon Marsh OF Jorge Barrosa P Dylan Cease P Eury Perez SS Kaelen Culpepper,,,
881,5220677766,Jmb_DFS,0,97.55,1B Charles McAdoo 2B Jake Cronenworth 3B Manny Machado C Alejandro Kirk OF Fernando Tatis Jr. OF Jackson Merrill OF George Springer P Dylan Cease P Eury Perez SS Xander Bogaerts,,,
881,5220681441,LionelHutz,0,97.55,1B Jared Young 2B Brett Baty 3B Nolan Arenado C Gabriel Moreno OF Corbin Carroll OF Carson Benge OF Tim Tawa P Dylan Cease P Ryan Weathers SS Francisco Lindor,,,
881,5220720180,elijah5595,0,97.55,1B Jared Young 2B Luis Arraez 3B Bryson Stott C Gabriel Moreno OF Bryce Harper OF Tim Tawa OF Brett Bateman P Dylan Cease P Eury Perez SS Geraldo Perdomo,,,
886,5220550612,pete0six,0,97.5,1B Ty France 2B Luis Arraez 3B Alec Bohm C Freddy Fermin OF Bryce Harper OF Fernando Tatis Jr. OF Gavin Sheets P Dylan Cease P Andrew Painter SS Francisco Lindor,,,
887,5220498111,Blaker283,0,97.4,1B Kyle Schwarber 2B Brett Baty 3B Colson Montgomery C Luis Torrens OF Kody Clemens OF Sam Antonacci OF Luis Robert Jr. P Sean Burke P Christian Scott SS Francisco Lindor,,,
887,5220676414,bkh1990,0,97.4,1B Bryce Harper 2B Luis Arraez 3B Bryson Stott C Jose Trevino OF Fernando Tatis Jr. OF Gavin Sheets OF Zach McKinstry P Casey Mize P Ryan Weathers SS Francisco Lindor,,,
889,5220535995,bg1481,0,97.25,1B Munetaka Murakami 2B Chase Meidroth 3B Miguel Vargas C Agustin Ramirez OF Sam Antonacci OF Steven Kwan OF Edmundo Sosa P Sean Burke P Eury Perez SS Colson Montgomery,,,
889,5220644105,fanofme,0,97.25,1B Matt Olson 2B Chase Meidroth 3B Bo Bichette C Gabriel Moreno OF Luke Keaschall OF Steven Kwan OF Tristan Peters P Sean Burke P Eury Perez SS Francisco Lindor,,,
891,5220138757,wallsack32,0,97.2,1B Jared Young 2B Luis Arraez 3B Bryson Stott C Luis Torrens OF Carson Benge OF A.J. Ewing OF Heriberto Hernandez P Dylan Cease P Sean Burke SS Francisco Lindor,,,
891,5220642426,SJStrauss,0,97.2,1B Abimelec Ortiz 2B Nick Sogard 3B Jose Ramirez C Freddy Fermin OF George Springer OF Heriberto Hernandez OF Luis Rengifo P Dylan Cease P Sean Burke SS Francisco Lindor,,,
891,5220704761,RodFarva,0,97.2,1B Jared Young 2B Kody Clemens 3B Charles McAdoo C Rafael Flores Jr. OF Wilyer Abreu OF Esmerlyn Valdez OF Mike Yastrzemski P Dylan Cease P Sean Burke SS Francisco Lindor,,,
891,5220712630,bluto786,0,97.2,1B Kyle Schwarber 2B Ketel Marte 3B Brooks Lee C Drake Baldwin OF Byron Buxton OF Michael Harris II OF Daz Cameron P Eury Perez P Jake Irvin SS Kaelen Culpepper,,,
895,5220708617,bradderf,0,97.15,1B Matt Olson 2B Luis Arraez 3B Bryson Stott C Keibert Ruiz OF Ceddanne Rafaela OF Daylen Lile OF Max Kepler P Dylan Cease P Jake Irvin SS Kaelen Culpepper,,,
896,5220580954,sikey3,0,97.1,1B Matt Olson 2B Nick Sogard 3B Caleb Durbin C Agustin Ramirez OF Wilyer Abreu OF Ceddanne Rafaela OF Heriberto Hernandez P Eury Perez P Patrick Sandoval SS Otto Lopez,,,
897,5220602176,JSB31,0,97.05,1B Josh Bell 2B Royce Lewis 3B Charles McAdoo C Rafael Flores Jr. OF Byron Buxton OF Kody Clemens OF Trevor Larnach P Dylan Cease P Dean Kremer SS Francisco Lindor,,,
898,5220687404,souge369,0,96.95,1B Munetaka Murakami 2B Ozzie Albies 3B Javier Sanoja C Adley Rutschman OF Michael Harris II OF Brandon Marsh OF Daz Cameron P Christian Scott P Bryce Elder SS CJ Abrams,,,
899,5220316716,raxman190,0,96.75,1B Alec Bohm 2B Travis Bazzana 3B Jose Ramirez C J.T. Realmuto OF Corbin Carroll OF Brandon Marsh OF Justin Crawford P Eury Perez P Christian Scott SS Edmundo Sosa,,,
899,5220381077,eduvaleus,0,96.75,1B Sal Stewart 2B Bryson Stott 3B Eugenio Suarez C Agustin Ramirez OF JJ Bleday OF Heriberto Hernandez OF TJ Friedl P Ryan Weathers P Christian Scott SS Elly De La Cruz,,,
899,5220544693,Audisav,0,96.75,1B Spencer Horwitz 2B Xavier Edwards 3B Bo Bichette C Adley Rutschman OF Ceddanne Rafaela OF Esmerlyn Valdez OF Esteury Ruiz P Eury Perez P Christian Scott SS Andruw Monasterio,,,
899,5220552028,djpop10,0,96.75,1B Kyle Schwarber 2B Royce Lewis 3B Javier Sanoja C Brian Navarreto OF Bryce Harper OF Byron Buxton OF Trevor Larnach P Ryan Weathers P Christian Scott SS Kaelen Culpepper,,,
899,5220586159,twobeasts,0,96.75,1B Kyle Schwarber 2B Anthony Seigler 3B Alec Bohm C Adley Rutschman OF Bryce Harper OF Byron Buxton OF Steven Kwan P Ryan Weathers P Christian Scott SS Jim Jarvis,,,
899,5220668295,rainmaker73,0,96.75,1B Josh Bell 2B Luis Arraez 3B Eugenio Suarez C Alejandro Kirk OF Bryan Reynolds OF JJ Bleday OF Brandon Marsh P Dylan Cease P Bryce Elder SS Jared Triolo,,,
899,5220671630,rhconnor01,0,96.75,1B Josh Bell 2B Jake Cronenworth 3B Kazuma Okamoto C James McCann OF Wilyer Abreu OF Michael Harris II OF Jackson Merrill P Dylan Cease P Bryce Elder SS Geraldo Perdomo,,,
899,5220734564,crice23,0,96.75,1B Kyle Schwarber 2B Jorge Polanco 3B Bryson Stott C Luis Torrens OF Bryce Harper OF A.J. Ewing OF Luis Robert Jr. P Eury Perez P Christian Scott SS Francisco Lindor,,,
907,5220356850,sharksbay99,0,96.7,1B Sal Stewart 2B Jorge Polanco 3B Bo Bichette C Alejandro Kirk OF Michael Harris II OF Luke Keaschall OF Dominic Smith P Dylan Cease P Christian Scott SS Francisco Lindor,,,
907,5220490167,DictatorDuncan,0,96.7,1B Jared Young 2B Jorge Polanco 3B Nolan Arenado C Gabriel Moreno OF Corbin Carroll OF Carson Benge OF A.J. Ewing P Dylan Cease P Christian Scott SS Francisco Lindor,,,
907,5220497924,dearyn,0,96.7,1B Josh Bell 2B Ernie Clement 3B Brooks Lee C Gabriel Moreno OF Byron Buxton OF Trevor Larnach OF Luke Keaschall P Dylan Cease P Christian Scott SS Geraldo Perdomo,,,
907,5220580789,mtftw16,0,96.7,1B Jared Young 2B Ketel Marte 3B Jorge Polanco C Gabriel Moreno OF Corbin Carroll OF A.J. Ewing OF Max Kepler P Dylan Cease P Christian Scott SS Geraldo Perdomo,,,
907,5220596178,walterwalleye,0,96.7,1B Jared Young 2B Chase Meidroth 3B Bryson Stott C Gabriel Moreno OF Sam Antonacci OF Carson Benge OF A.J. Ewing P Dylan Cease P Christian Scott SS Francisco Lindor,,,
907,5220658989,eharig09,0,96.7,1B Matt Olson 2B Anthony Seigler 3B Eugenio Suarez C Adley Rutschman OF Wilyer Abreu OF Ceddanne Rafaela OF Mike Yastrzemski P Dylan Cease P Christian Scott SS Jim Jarvis,,,
907,5220723434,rmatthews440,0,96.7,1B Nick Sogard 2B Xavier Edwards 3B Bryson Stott C Brian Navarreto OF Wilyer Abreu OF Ceddanne Rafaela OF Heriberto Hernandez P Dylan Cease P Christian Scott SS Otto Lopez,,,
907,5220724703,Bigjeff234,0,96.7,1B Josh Bell 2B Royce Lewis 3B Bo Bichette C Victor Caratini OF A.J. Ewing OF Trevor Larnach OF Luke Keaschall P Dylan Cease P Christian Scott SS Francisco Lindor,,,
915,5220345314,dada2188,0,96.55,1B Jared Young 2B Luis Arraez 3B Bo Bichette C Luis Torrens OF Bryce Harper OF Ronald Acuna Jr. OF Carson Benge P Ryan Weathers P Andrew Painter SS Francisco Lindor,,,
915,5220360789,michaelvogt223,0,96.55,1B Munetaka Murakami 2B Gleyber Torres 3B Miguel Vargas C Agustin Ramirez OF Sam Antonacci OF Braden Montgomery OF Andrew Benintendi P Eury Perez P Andrew Painter SS Kevin McGonigle,,,
915,5220454615,af6retired,0,96.55,1B Alec Bohm 2B Luis Arraez 3B Bryson Stott C Victor Caratini OF Byron Buxton OF Trevor Larnach OF Luke Keaschall P Dylan Cease P Ryan Weathers SS Kaelen Culpepper,,,
915,5220529538,Barks,0,96.55,1B Jared Young 2B Ketel Marte 3B Bo Bichette C James McCann OF Carson Benge OF A.J. Ewing OF Tim Tawa P Dylan Cease P Ryan Weathers SS Francisco Lindor,,,
915,5220584648,mgiord15,0,96.55,1B Jared Young 2B Sam Antonacci 3B Bo Bichette C Rafael Flores Jr. OF Carson Benge OF A.J. Ewing OF Steven Kwan P Dylan Cease P Eury Perez SS Francisco Lindor,,,
915,5220632468,wbergland,0,96.55,1B Josh Bell 2B Royce Lewis 3B Charles McAdoo C Victor Caratini OF Kody Clemens OF Carson Benge OF Luke Keaschall P Dylan Cease P Eury Perez SS Francisco Lindor,,,
915,5220653684,erich28,0,96.55,1B Kyle Schwarber 2B Luis Arraez 3B Jorbit Vivas C Victor Caratini OF Byron Buxton OF Heriberto Hernandez OF Brett Bateman P Dylan Cease P Eury Perez SS Kaelen Culpepper,,,
915,5220658896,thesnod,0,96.55,1B Charles McAdoo 2B Nick Sogard 3B Bo Bichette C Alejandro Kirk OF Wilyer Abreu OF Jackson Merrill OF Daz Cameron P Dylan Cease P Eury Perez SS Francisco Lindor,,,
915,5220731192,aysjays1,0,96.55,1B Abimelec Ortiz 2B Bryson Stott 3B Nolan Arenado C Gabriel Moreno OF Corbin Carroll OF Trevor Larnach OF Tim Tawa P Dylan Cease P Eury Perez SS Geraldo Perdomo,,,
924,5220362814,lilmaryy,0,96.5,1B Jared Young 2B Ozzie Albies 3B Bryson Stott C Drake Baldwin OF Corbin Carroll OF Michael Harris II OF Dominic Smith P Dylan Cease P Nick Lodolo SS Jim Jarvis,,,
924,5220706606,AllStarInc,0,96.5,1B Kyle Schwarber 2B Luis Arraez 3B Colt Keith C Alejandro Kirk OF Bryce Harper OF Esmerlyn Valdez OF Steven Kwan P Dylan Cease P Andrew Painter SS Jared Triolo,,,
926,5220554649,Kiyoonlee87,0,96.4,1B Royce Lewis 2B Ketel Marte 3B Javier Sanoja C Agustin Ramirez OF Corbin Carroll OF A.J. Ewing OF Max Kepler P Sean Burke P Christian Scott SS Otto Lopez,,,
926,5220593774,Goodfellas97,0,96.4,1B Munetaka Murakami 2B Sam Antonacci 3B Miguel Vargas C Luis Torrens OF Brandon Marsh OF Carson Benge OF Tristan Peters P Sean Burke P Christian Scott SS Francisco Lindor,,,
926,5220734069,ststephen99,0,96.4,1B Josh Bell 2B Ernie Clement 3B Brooks Lee C Gabriel Moreno OF Corbin Carroll OF George Springer OF Daz Cameron P Eury Perez P Casey Mize SS CJ Abrams,,,
929,5220328088,jetsfan8183,0,96.25,1B Bryce Harper 2B Bryson Stott 3B Alec Bohm C Brian Navarreto OF Brandon Marsh OF Heriberto Hernandez OF Esteury Ruiz P Sean Burke P Eury Perez SS Francisco Lindor,,,
929,5220380075,loeffler8888,0,96.25,1B Jared Young 2B Xavier Edwards 3B Javier Sanoja C Agustin Ramirez OF Byron Buxton OF Carson Benge OF A.J. Ewing P Sean Burke P Eury Perez SS Francisco Lindor,,,
929,5220411022,declanf0702,0,96.25,1B Jared Young 2B Bryson Stott 3B Alec Bohm C Luis Torrens OF Bryce Harper OF Brandon Marsh OF Carson Benge P Sean Burke P Eury Perez SS Francisco Lindor,,,
929,5220467952,bizz2020,0,96.25,1B Rafael Flores Jr. 2B Brandon Lowe 3B Jared Triolo C Gabriel Moreno OF Bryan Reynolds OF Carson Benge OF Heriberto Hernandez P Sean Burke P Eury Perez SS Geraldo Perdomo,,,
929,5220491367,WhiteyFL,0,96.25,1B Jared Young 2B Bryson Stott 3B Bo Bichette C Gabriel Moreno OF Carson Benge OF A.J. Ewing OF Heriberto Hernandez P Sean Burke P Eury Perez SS Francisco Lindor,,,
929,5220540786,AverillsAvengers,0,96.25,1B Kyle Schwarber 2B Jake Cronenworth 3B Kazuma Okamoto C Dillon Dingler OF Bryce Harper OF Byron Buxton OF Javier Sanoja P Christian Scott P Patrick Sandoval SS Kaelen Culpepper,,,
929,5220593108,Ibn1031,0,96.25,1B Matt Olson 2B Ozzie Albies 3B Colson Montgomery C Drake Baldwin OF Michael Harris II OF Justin Crawford OF Tristan Peters P Sean Burke P Eury Perez SS Jim Jarvis,,,
929,5220610939,sportsfreak0013,0,96.25,1B Matt Olson 2B Ozzie Albies 3B Charles McAdoo C Drake Baldwin OF Michael Harris II OF Mike Yastrzemski OF Gavin Sheets P Sean Burke P Eury Perez SS Francisco Lindor,,,
929,5220692735,ace573,0,96.25,1B Alec Bohm 2B Jorbit Vivas 3B Charles McAdoo C Gabriel Moreno OF Ronald Acuna Jr. OF Wilyer Abreu OF Corbin Carroll P Sean Burke P Eury Perez SS Brayan Rocchio,,,
929,5220718424,figaro1223,0,96.25,1B Josh Bell 2B Kody Clemens 3B Bo Bichette C Dillon Dingler OF Carson Benge OF A.J. Ewing OF Trevor Larnach P Christian Scott P Dean Kremer SS Francisco Lindor,,,
939,5220593113,Millsy67,0,96.2,1B Abimelec Ortiz 2B Sam Antonacci 3B Charles McAdoo C Rafael Flores Jr. OF Corbin Carroll OF Carson Benge OF Heriberto Hernandez P Dylan Cease P Sean Burke SS Francisco Lindor,,,
939,5220690651,mammen,0,96.2,1B Miguel Vargas 2B Chase Meidroth 3B Bo Bichette C Alejandro Kirk OF Brett Baty OF Tristan Peters OF Tim Tawa P Dylan Cease P Sean Burke SS Francisco Lindor,,,
939,5220716059,mpcox,0,96.2,1B Jared Young 2B Nick Sogard 3B Jorge Polanco C Gabriel Moreno OF Corbin Carroll OF A.J. Ewing OF Heriberto Hernandez P Dylan Cease P Sean Burke SS Francisco Lindor,,,
942,5220114440,cyouse5,0,96.15,1B Matt Olson 2B Sam Antonacci 3B Bryson Stott C Dillon Dingler OF Bryce Harper OF Wilyer Abreu OF Esmerlyn Valdez P Jake Irvin P Andrew Painter SS George Lombard Jr.,,,
942,5220247043,rome7789,0,96.15,1B Abimelec Ortiz 2B Jake Cronenworth 3B Manny Machado C Freddy Fermin OF Fernando Tatis Jr. OF George Springer OF Luis Rengifo P Dylan Cease P Jake Irvin SS CJ Abrams,,,
944,5220543256,KraftyHawk,0,96.05,1B Sal Stewart 2B Kody Clemens 3B Jose Ramirez C Freddy Fermin OF Trevor Larnach OF George Springer OF Gavin Sheets P Dylan Cease P Dean Kremer SS Colson Montgomery,,,
944,5220630141,CHS1984Ronaldthill,0,96.05,1B Royce Lewis 2B Ketel Marte 3B Brooks Lee C Victor Caratini OF Michael Harris II OF Trevor Larnach OF Luke Keaschall P Dylan Cease P Dean Kremer SS Francisco Lindor,,,
946,5220705611,homErb0y,0,95.85,1B Nathaniel Lowe 2B Bryson Stott 3B Nolan Arenado C Agustin Ramirez OF Corbin Carroll OF Esmerlyn Valdez OF Chase DeLauter P Eury Perez P Michael Soroka SS Francisco Lindor,,,
947,5220658493,WuShox,0,95.8,1B Kyle Schwarber 2B Jorbit Vivas 3B Charles McAdoo C Adley Rutschman OF Bryce Harper OF Esmerlyn Valdez OF Brett Bateman P Dylan Cease P Michael Soroka SS Jared Triolo,,,
947,5220705607,zettlemoyer,0,95.8,1B Abimelec Ortiz 2B Bryson Stott 3B Jorge Polanco C Gabriel Moreno OF Byron Buxton OF Daylen Lile OF Justin Crawford P Dylan Cease P Michael Soroka SS Francisco Lindor,,,
947,5220741666,stunod28,0,95.8,1B Kazuma Okamoto 2B Ernie Clement 3B Bryson Stott C Rafael Flores Jr. OF Fernando Tatis Jr. OF Esmerlyn Valdez OF Jackson Merrill P Dylan Cease P Michael Soroka SS Brayan Rocchio,,,
950,5220467187,BigAlKeno1,0,95.75,1B Victor Caratini 2B Luis Arraez 3B Caleb Durbin C Gabriel Moreno OF Wilyer Abreu OF Ceddanne Rafaela OF Heriberto Hernandez P Eury Perez P Christian Scott SS Francisco Lindor,,,
951,5220423752,statnerds,0,95.7,1B Kyle Schwarber 2B Xavier Edwards 3B Bryson Stott C Agustin Ramirez OF Bryce Harper OF Esteury Ruiz OF Jakob Marsee P Christian Scott P Andrew Painter SS Otto Lopez,,,
951,5220578618,rjkid1,0,95.7,1B Royce Lewis 2B Ketel Marte 3B Nolan Arenado C James McCann OF Kody Clemens OF Trevor Larnach OF Tim Tawa P Dylan Cease P Christian Scott SS Geraldo Perdomo,,,
953,5220270409,The_Staleys,0,95.6,1B Jared Young 2B Luis Arraez 3B Bryson Stott C Luis Torrens OF Bryce Harper OF Carson Benge OF A.J. Ewing P Eury Perez P Ryan Weathers SS Francisco Lindor,,,
953,5220588313,JHP225,0,95.6,1B Jared Young 2B Luis Arraez 3B Bryson Stott C Luis Torrens OF Bryce Harper OF Carson Benge OF A.J. Ewing P Eury Perez P Ryan Weathers SS Francisco Lindor,,,
955,5220476434,micheletmatt,0,95.55,1B Nathaniel Lowe 2B Jake Cronenworth 3B Bryson Stott C Gabriel Moreno OF Corbin Carroll OF Max Kepler OF Lars Nootbaar P Dylan Cease P Eury Perez SS Geraldo Perdomo,,,
955,5220674435,SmokingSquash,0,95.55,1B Josh Bell 2B Chase Meidroth 3B Eugenio Suarez C Alejandro Kirk OF Jackson Merrill OF Heriberto Hernandez OF Luis Robert Jr. P Dylan Cease P Eury Perez SS Geraldo Perdomo,,,
955,5220682346,tpreston12,0,95.55,1B Abimelec Ortiz 2B Ernie Clement 3B Kazuma Okamoto C Gabriel Moreno OF Corbin Carroll OF Carson Benge OF Luke Keaschall P Dylan Cease P Eury Perez SS Geraldo Perdomo,,,
955,5220715260,BIGB44,0,95.55,1B Jared Young 2B Chase Meidroth 3B Caleb Durbin C Victor Caratini OF Kody Clemens OF Daylen Lile OF Jackson Merrill P Dylan Cease P Eury Perez SS Geraldo Perdomo,,,
959,5220721587,FootlongCheezesteak,0,95.5,1B Miguel Vargas 2B Chase Meidroth 3B Kazuma Okamoto C Gabriel Moreno OF Fernando Tatis Jr. OF George Springer OF Gavin Sheets P Dylan Cease P Andrew Painter SS Colson Montgomery,,,
960,5220382322,Goldseries,0,95.45,1B Kyle Schwarber 2B Jorge Polanco 3B Brooks Lee C Agustin Ramirez OF Byron Buxton OF Kody Clemens OF Brandon Marsh P Sean Burke P Bryce Elder SS Andruw Monasterio,,,
961,5220567201,ratinacage66,0,95.4,1B Alec Bohm 2B Bryson Stott 3B Bo Bichette C J.T. Realmuto OF Bryce Harper OF Corbin Carroll OF A.J. Ewing P Sean Burke P Christian Scott SS Edmundo Sosa,,,
962,5220464300,popimpin,0,95.25,1B Kyle Schwarber 2B Bryson Stott 3B Alec Bohm C Luis Torrens OF Bryce Harper OF Brandon Marsh OF Brett Baty P Sean Burke P Eury Perez SS Brayan Rocchio,,,
963,5220472661,llmc,0,95.2,1B Kyle Schwarber 2B Xavier Edwards 3B Alec Bohm C Brian Navarreto OF Bryce Harper OF Byron Buxton OF Luke Keaschall P Ryan Weathers P Jake Irvin SS Otto Lopez,,,
963,5220526882,jmcfall,0,95.2,1B Ty France 2B Jake Cronenworth 3B Manny Machado C Gabriel Moreno OF Corbin Carroll OF Gavin Sheets OF Tim Tawa P Dylan Cease P Sean Burke SS Xander Bogaerts,,,
963,5220558435,kush69,0,95.2,1B Victor Caratini 2B Xavier Edwards 3B Leo Jimenez C Luis Torrens OF Byron Buxton OF Trevor Larnach OF Heriberto Hernandez P Dylan Cease P Sean Burke SS Francisco Lindor,,,
963,5220677125,divide8by10,0,95.2,1B Matt Olson 2B Matt McLain 3B Charles McAdoo C Drake Baldwin OF Ronald Acuna Jr. OF Dominic Smith OF Mike Yastrzemski P Dylan Cease P Sean Burke SS Kaelen Culpepper,,,
963,5220708785,pbg007,0,95.2,1B Jared Young 2B Jake Cronenworth 3B Nick Yorke C Rafael Flores Jr. OF Wilyer Abreu OF Corbin Carroll OF Carson Benge P Dylan Cease P Sean Burke SS Francisco Lindor,,,
968,5219916498,Sheltonjl17,0,95.1,1B Matt Olson 2B Sam Antonacci 3B Bryson Stott C Drake Baldwin OF Kody Clemens OF Chase DeLauter OF Steven Kwan P Ryan Weathers P Patrick Sandoval SS Colson Montgomery,,,
968,5220681829,barrysg21,0,95.1,1B Josh Bell 2B Royce Lewis 3B Brady House C Adley Rutschman OF Byron Buxton OF Kody Clemens OF Heriberto Hernandez P Eury Perez P Dean Kremer SS Otto Lopez,,,
970,5220581393,greengoon,0,95.05,1B Munetaka Murakami 2B Ernie Clement 3B Jorbit Vivas C Agustin Ramirez OF Bryce Harper OF Carson Benge OF Tristan Peters P Sean Burke P Casey Mize SS Otto Lopez,,,
971,5220622873,radagast23,0,94.8,1B Jared Young 2B Bryson Stott 3B Nolan Arenado C Gabriel Moreno OF Corbin Carroll OF Carson Benge OF Daz Cameron P Dylan Cease P Michael Soroka SS Francisco Lindor,,,
972,5220675568,Smcrobb,0,94.75,1B Ty France 2B Nick Sogard 3B Colt Keith C Jose Trevino OF Wilyer Abreu OF Michael Harris II OF Sam Antonacci P Dylan Cease P Bryce Elder SS Colson Montgomery,,,
972,5220726593,Wingman73,0,94.75,1B Miguel Vargas 2B Kody Clemens 3B Caleb Durbin C Rafael Flores Jr. OF Carson Benge OF Jarren Duran OF Andrew Benintendi P Eury Perez P Christian Scott SS Kevin McGonigle,,,
974,5220300789,ishbuu1010,0,94.7,1B Jared Young 2B Ketel Marte 3B Nolan Arenado C Gabriel Moreno OF Carson Benge OF A.J. Ewing OF Brett Baty P Dylan Cease P Christian Scott SS Francisco Lindor,,,
974,5220703396,ktown26,0,94.7,1B Jared Young 2B Ketel Marte 3B Nolan Arenado C Gabriel Moreno OF Carson Benge OF A.J. Ewing OF Brett Baty P Dylan Cease P Christian Scott SS Francisco Lindor,,,
976,5220705385,Cubben,0,94.6,1B Tim Tawa 2B Bryson Stott 3B Miguel Vargas C Alejandro Kirk OF Jackson Merrill OF Heriberto Hernandez OF Mike Yastrzemski P Eury Perez P Ryan Weathers SS CJ Abrams,,,
976,5220731667,chandler3345,0,94.6,1B Munetaka Murakami 2B Ketel Marte 3B Kazuma Okamoto C Drake Baldwin OF Corbin Carroll OF Jackson Merrill OF Luis Rengifo P Patrick Sandoval P Dean Kremer SS Colson Montgomery,,,
976,5220739764,frozenogre,0,94.6,1B Miguel Vargas 2B Luis Arraez 3B Bryson Stott C Gabriel Moreno OF Byron Buxton OF Sam Antonacci OF A.J. Ewing P Casey Mize P Bryce Elder SS Kaelen Culpepper,,,
979,5220369899,TheLand91,0,94.55,1B Jared Young 2B Brett Baty 3B Caleb Durbin C Alejandro Kirk OF Byron Buxton OF Corbin Carroll OF Esteury Ruiz P Dylan Cease P Eury Perez SS Kaelen Culpepper,,,
979,5220511654,jbodnar79,0,94.55,1B Jared Young 2B Ketel Marte 3B Bo Bichette C Rafael Flores Jr. OF Carson Benge OF A.J. Ewing OF Brett Bateman P Dylan Cease P Eury Perez SS Francisco Lindor,,,
979,5220534962,KeriMorris,0,94.55,1B Royce Lewis 2B Bryson Stott 3B Nolan Arenado C Luis Torrens OF Corbin Carroll OF Daylen Lile OF Luke Keaschall P Dylan Cease P Ryan Weathers SS Kaelen Culpepper,,,
979,5220548114,sunsemparchi,0,94.55,1B Jared Young 2B Nick Sogard 3B Bo Bichette C Luis Torrens OF Wilyer Abreu OF Ceddanne Rafaela OF A.J. Ewing P Dylan Cease P Eury Perez SS Andruw Monasterio,,,
979,5220649686,mello610,0,94.55,1B Abimelec Ortiz 2B Gleyber Torres 3B Manny Machado C Gabriel Moreno OF Fernando Tatis Jr. OF Corbin Carroll OF Steven Kwan P Eury Perez P Nick Lodolo SS Francisco Lindor,,,
979,5220711381,bdunnjr,0,94.55,1B Munetaka Murakami 2B Sam Antonacci 3B Bo Bichette C Luis Torrens OF Ronald Acuna Jr. OF Wilyer Abreu OF Ceddanne Rafaela P Eury Perez P Andrew Painter SS Edmundo Sosa,,,
985,5220269103,mrfb,0,94.5,1B Jared Young 2B Ketel Marte 3B Charles McAdoo C Gabriel Moreno OF Ronald Acuna Jr. OF Corbin Carroll OF Braden Montgomery P Dylan Cease P Andrew Painter SS Francisco Lindor,,,
985,5220440676,nit5555,0,94.5,1B Jared Young 2B Ketel Marte 3B Bo Bichette C Gabriel Moreno OF Corbin Carroll OF Carson Benge OF Brett Baty P Dylan Cease P Andrew Painter SS Francisco Lindor,,,
987,5220330316,stiggy24,0,94.3,1B Josh Bell 2B Royce Lewis 3B Bryson Stott C Drake Baldwin OF Byron Buxton OF Kody Clemens OF Trevor Larnach P Bryce Elder P Dean Kremer SS Francisco Lindor,,,
988,5220616556,Irishmurph1977,0,94.25,1B Alec Bohm 2B Sam Antonacci 3B Brady House C Rafael Flores Jr. OF Fernando Tatis Jr. OF Bryan Reynolds OF Jacob Young P Sean Burke P Eury Perez SS Otto Lopez,,,
988,5220722344,liberatemelord1,0,94.25,1B Munetaka Murakami 2B Jorge Polanco 3B Miguel Vargas C James McCann OF Bryan Reynolds OF Jarren Duran OF Steven Kwan P Sean Burke P Eury Perez SS Colson Montgomery,,,
990,5220596853,tom.kingery28,0,94.2,1B Jared Young 2B Kody Clemens 3B Bo Bichette C Victor Caratini OF Trevor Larnach OF Luis Robert Jr. OF Luke Keaschall P Dylan Cease P Sean Burke SS Francisco Lindor,,,
990,5220630033,squirrelpatroldk,0,94.2,1B Matt Olson 2B Ketel Marte 3B Bryson Stott C Gabriel Moreno OF Corbin Carroll OF Michael Harris II OF Jorge Barrosa P Eury Perez P Jake Irvin SS Geraldo Perdomo,,,
992,5220300945,Rutt22,0,94.15,1B Munetaka Murakami 2B Luis Arraez 3B Miguel Vargas C Gabriel Moreno OF Bryce Harper OF Fernando Tatis Jr. OF Jackson Merrill P Jake Irvin P Andrew Painter SS Xander Bogaerts,,,
993,5220315593,NIUDave85,0,94.05,1B Michael Toglia 2B Matt McLain 3B Bryson Stott C Agustin Ramirez OF Fernando Tatis Jr. OF Corbin Carroll OF Heriberto Hernandez P Dylan Cease P Patrick Sandoval SS Francisco Lindor,,,
994,5220510594,andysoucheray,0,93.9,1B Royce Lewis 2B Kody Clemens 3B Nolan Arenado C Drake Baldwin OF Ronald Acuna Jr. OF Byron Buxton OF Zach McKinstry P Casey Mize P Dean Kremer SS Jim Jarvis,,,
995,5220331827,TMT409,0,93.85,1B Jared Young 2B Nick Sogard 3B Bo Bichette C Luis Torrens OF Wilyer Abreu OF Corbin Carroll OF Ceddanne Rafaela P Ryan Weathers P Michael Soroka SS Francisco Lindor,,,
996,5220213722,zandwich,0,93.75,1B Nick Sogard 2B Xavier Edwards 3B Eugenio Suarez C Adley Rutschman OF Ceddanne Rafaela OF Jarren Duran OF Heriberto Hernandez P Dylan Cease P Bryce Elder SS Andruw Monasterio,,,
996,5220568068,Krawiec2,0,93.75,1B Jared Young 2B Kody Clemens 3B Bryson Stott C J.T. Realmuto OF Bryce Harper OF Carson Benge OF A.J. Ewing P Ryan Weathers P Christian Scott SS Francisco Lindor,,,
996,5220639345,RandyScores,0,93.75,1B Matt Olson 2B Ozzie Albies 3B Eugenio Suarez C Drake Baldwin OF JJ Bleday OF Max Kepler OF Mike Yastrzemski P Eury Perez P Christian Scott SS Geraldo Perdomo,,,
996,5220701141,anbob,0,93.75,1B Kyle Schwarber 2B Xavier Edwards 3B Jorge Polanco C Agustin Ramirez OF Bryce Harper OF Heriberto Hernandez OF Esteury Ruiz P Sean Burke P Patrick Sandoval SS Francisco Lindor,,,
1000,5220406262,Moeg196,0,93.7,1B Jared Young 2B Bryson Stott 3B Nolan Arenado C Francisco Alvarez OF Corbin Carroll OF Carson Benge OF Heriberto Hernandez P Dylan Cease P Christian Scott SS Geraldo Perdomo,,,
1000,5220649437,GSlam,0,93.7,1B Matt Olson 2B Nick Sogard 3B Bo Bichette C Alejandro Kirk OF Ronald Acuna Jr. OF Corbin Carroll OF Ceddanne Rafaela P Christian Scott P Andrew Painter SS Francisco Lindor,,,
1002,5220131440,jester11,0,93.6,1B Josh Bell 2B Royce Lewis 3B Bo Bichette C Agustin Ramirez OF Byron Buxton OF Trevor Larnach OF Mike Yastrzemski P Eury Perez P Ryan Weathers SS Geraldo Perdomo,,,
1003,5220160202,time2feast,0,93.55,1B Jared Young 2B Bryson Stott 3B Bo Bichette C J.T. Realmuto OF Bryce Harper OF Carson Benge OF A.J. Ewing P Casey Mize P Christian Scott SS Francisco Lindor,,,
1003,5220453538,CFinch,0,93.55,1B Kyle Schwarber 2B Luis Arraez 3B Bryson Stott C Brian Navarreto OF Bryce Harper OF Justin Crawford OF Daz Cameron P Dylan Cease P Eury Perez SS Kaelen Culpepper,,,
1003,5220456952,abo21,0,93.55,1B Jared Young 2B Bryson Stott 3B Charles McAdoo C Drake Baldwin OF Corbin Carroll OF A.J. Ewing OF Mike Yastrzemski P Dylan Cease P Eury Perez SS Geraldo Perdomo,,,
1003,5220505249,rphdallas,0,93.55,1B Jared Young 2B Chase Meidroth 3B Bo Bichette C Rafael Flores Jr. OF Carson Benge OF George Springer OF Luis Robert Jr. P Dylan Cease P Eury Perez SS Francisco Lindor,,,
1003,5220521038,Jeff_Walls,0,93.55,1B Jared Young 2B Sam Antonacci 3B Jorge Polanco C Rafael Flores Jr. OF Corbin Carroll OF Carson Benge OF A.J. Ewing P Dylan Cease P Eury Perez SS Francisco Lindor,,,
1003,5220554887,Reido8,0,93.55,1B Jared Young 2B Ozzie Albies 3B Leo Jimenez C Drake Baldwin OF Carson Benge OF A.J. Ewing OF Brett Baty P Dylan Cease P Eury Perez SS Francisco Lindor,,,
1003,5220605143,ctrain03,0,93.55,1B Jared Young 2B Matt McLain 3B Jorge Polanco C Gabriel Moreno OF Corbin Carroll OF Carson Benge OF A.J. Ewing P Dylan Cease P Ryan Weathers SS Francisco Lindor,,,
1003,5220616296,Quivalier,0,93.55,1B Alec Bohm 2B Chase Meidroth 3B Austin Riley C Austin Wells OF JJ Bleday OF Jackson Merrill OF Chase DeLauter P Dylan Cease P Ryan Weathers SS Geraldo Perdomo,,,
1003,5220670560,tangledsnow,0,93.55,1B Kyle Schwarber 2B Bryson Stott 3B Bo Bichette C Brian Navarreto OF Brandon Marsh OF Jakob Marsee OF Justin Crawford P Dylan Cease P Eury Perez SS Edmundo Sosa,,,
1003,5220724250,MikeOck69420,0,93.55,1B Charles McAdoo 2B Sam Antonacci 3B Manny Machado C Alejandro Kirk OF Ronald Acuna Jr. OF Steven Kwan OF Daz Cameron P Dylan Cease P Eury Perez SS Otto Lopez,,,
1003,5220727003,wmorris23,0,93.55,1B Kyle Schwarber 2B Anthony Seigler 3B Charles McAdoo C Adley Rutschman OF Wilyer Abreu OF Zach McKinstry OF Daz Cameron P Dylan Cease P Eury Perez SS Colson Montgomery,,,
1003,5220732409,mgearman,0,93.55,1B Nick Sogard 2B Xavier Edwards 3B Javier Sanoja C Brian Navarreto OF Wilyer Abreu OF Ceddanne Rafaela OF Tim Tawa P Dylan Cease P Eury Perez SS Otto Lopez,,,
1015,5220337052,cachedinar,0,93.4,1B Munetaka Murakami 2B Jose Caballero 3B Bo Bichette C Luis Torrens OF Trent Grisham OF Carson Benge OF A.J. Ewing P Sean Burke P Christian Scott SS Francisco Lindor,,,
1015,5220471267,rschoon3,0,93.4,1B Alec Bohm 2B Luis Arraez 3B Bryson Stott C Luis Torrens OF Bryce Harper OF Brandon Marsh OF Chase DeLauter P Sean Burke P Christian Scott SS Francisco Lindor,,,
1015,5220609405,smittys.crew,0,93.4,1B Matt Olson 2B Sam Antonacci 3B Austin Riley C Victor Caratini OF Ronald Acuna Jr. OF Jackson Merrill OF A.J. Ewing P Sean Burke P Christian Scott SS Jared Triolo,,,
1018,5220303400,bravito199,0,93.25,1B Jared Young 2B Bryson Stott 3B Eugenio Suarez C Gabriel Moreno OF Corbin Carroll OF Carson Benge OF Heriberto Hernandez P Sean Burke P Eury Perez SS Francisco Lindor,,,
1018,5220553809,srwolfboy777,0,93.25,1B Jared Young 2B Luis Arraez 3B Bryson Stott C Agustin Ramirez OF Kody Clemens OF Carson Benge OF A.J. Ewing P Sean Burke P Eury Perez SS Francisco Lindor,,,
1018,5220685759,dudju,0,93.25,1B Jared Young 2B Royce Lewis 3B Jorge Polanco C Agustin Ramirez OF Byron Buxton OF Kody Clemens OF Carson Benge P Sean Burke P Eury Perez SS Francisco Lindor,,,
1018,5220743916,tnasty86,0,93.25,1B Kyle Schwarber 2B Bryson Stott 3B Javier Sanoja C Brian Navarreto OF Bryce Harper OF Brandon Marsh OF Heriberto Hernandez P Sean Burke P Eury Perez SS Edmundo Sosa,,,
1022,5220529568,WaitTilNextYear,0,93.2,1B Jared Young 2B Luis Arraez 3B Bo Bichette C Luis Torrens OF Jackson Merrill OF Carson Benge OF Steven Kwan P Dylan Cease P Sean Burke SS Francisco Lindor,,,
1022,5220565834,J-Law87,0,93.2,1B Royce Lewis 2B Brett Baty 3B Brooks Lee C Luis Torrens OF Fernando Tatis Jr. OF Carson Benge OF A.J. Ewing P Dylan Cease P Sean Burke SS Kaelen Culpepper,,,
1022,5220686459,oneworld60,0,93.2,1B Kazuma Okamoto 2B Bryson Stott 3B Brady House C Agustin Ramirez OF JJ Bleday OF Esmerlyn Valdez OF Braden Montgomery P Dylan Cease P Sean Burke SS Kaelen Culpepper,,,
1022,5220714073,darrell83sears,0,93.2,1B Abimelec Ortiz 2B Xavier Edwards 3B Bryson Stott C Rafael Flores Jr. OF Bryan Reynolds OF Brett Bateman OF Daz Cameron P Dylan Cease P Sean Burke SS CJ Abrams,,,
1026,5220482404,dogyballs,0,93,1B Jared Young 2B Ketel Marte 3B Jorge Polanco C Gabriel Moreno OF Corbin Carroll OF Max Kepler OF Tim Tawa P Michael Soroka P Christian Scott SS Francisco Lindor,,,
1027,5220465850,goppie,0,92.95,1B Kyle Schwarber 2B Luis Arraez 3B Bryson Stott C Drew Romo OF Bryce Harper OF Byron Buxton OF Brandon Marsh P Christian Scott P Bryce Elder SS Kaelen Culpepper,,,
1028,5220551338,Rthlang,0,92.85,1B Jared Young 2B Gleyber Torres 3B Brady House C Gabriel Moreno OF Wilyer Abreu OF Corbin Carroll OF Tim Tawa P Eury Perez P Michael Soroka SS Francisco Lindor,,,
1029,5220413370,gmathews57,0,92.75,1B Kyle Schwarber 2B Jake Cronenworth 3B Bo Bichette C Freddy Fermin OF Brandon Marsh OF Carson Benge OF A.J. Ewing P Ryan Weathers P Christian Scott SS Francisco Lindor,,,
1029,5220490567,blnielson63,0,92.75,1B Munetaka Murakami 2B Xavier Edwards 3B Colson Montgomery C Drake Baldwin OF Ronald Acuna Jr. OF Heriberto Hernandez OF Dominic Smith P Sean Burke P Patrick Sandoval SS Jim Jarvis,,,
1029,5220599415,NORTHFORK888,0,92.75,1B Matt Olson 2B Anthony Seigler 3B Ke'Bryan Hayes C Drake Baldwin OF Michael Harris II OF Chase DeLauter OF Mike Yastrzemski P Dylan Cease P Tanner Bibee SS Geraldo Perdomo,,,
1029,5220684886,Mucca,0,92.75,1B Jared Young 2B Luis Arraez 3B Bryson Stott C Rafael Flores Jr. OF Bryce Harper OF Corbin Carroll OF Brandon Marsh P Eury Perez P Christian Scott SS Brayan Rocchio,,,
1033,5220568418,ptity4real,0,92.7,1B Josh Bell 2B Chase Meidroth 3B Brooks Lee C Alejandro Kirk OF Byron Buxton OF Ceddanne Rafaela OF Jackson Merrill P Dylan Cease P Christian Scott SS Kaelen Culpepper,,,
1034,5220537682,bookem5,0,92.55,1B Kazuma Okamoto 2B Bryson Stott 3B Bo Bichette C Alejandro Kirk OF A.J. Ewing OF Trevor Larnach OF Tim Tawa P Dylan Cease P Eury Perez SS Geraldo Perdomo,,,
1034,5220734769,Allgood100,0,92.55,1B Kyle Schwarber 2B Bryson Stott 3B Alec Bohm C Luis Torrens OF Bryce Harper OF Corbin Carroll OF Brandon Marsh P Eury Perez P Andrew Painter SS Geraldo Perdomo,,,
1034,5220741664,akabruski,0,92.55,1B Rhys Hoskins 2B Xavier Edwards 3B Jose Ramirez C Gabriel Moreno OF Carson Benge OF Steven Kwan OF Brett Baty P Dylan Cease P Ryan Weathers SS Brayan Rocchio,,,
1034,5220744314,dhudgin1,0,92.55,1B Jared Young 2B Ketel Marte 3B Charles McAdoo C Drake Baldwin OF Corbin Carroll OF Luke Keaschall OF Brett Bateman P Dylan Cease P Eury Perez SS Geraldo Perdomo,,,
1038,5220530951,EnchantedLlama,0,92.5,1B Munetaka Murakami 2B Sam Antonacci 3B Miguel Vargas C Drake Baldwin OF Ronald Acuna Jr. OF Luis Robert Jr. OF Brett Baty P Nick Lodolo P Andrew Painter SS Francisco Lindor,,,
1038,5220723100,ScooterMcGavin77,0,92.5,1B Nathaniel Lowe 2B Jake Cronenworth 3B Bo Bichette C Gabriel Moreno OF JJ Bleday OF Carson Benge OF TJ Friedl P Dylan Cease P Nick Lodolo SS Elly De La Cruz,,,
1040,5220519314,themtm,0,92.25,1B Ty France 2B Brandon Lowe 3B Javier Sanoja C Gabriel Moreno OF Byron Buxton OF Jake Mangum OF Jakob Marsee P Eury Perez P Lake Bachar SS Otto Lopez,,,
1040,5220566583,kstryk,0,92.25,1B Kyle Schwarber 2B Jorge Polanco 3B Alec Bohm C Agustin Ramirez OF Carson Benge OF A.J. Ewing OF Luis Robert Jr. P Sean Burke P Eury Perez SS Francisco Lindor,,,
1040,5220721319,Jpc1214,0,92.25,1B Munetaka Murakami 2B Ernie Clement 3B Miguel Vargas C Alejandro Kirk OF Sam Antonacci OF Braden Montgomery OF Gavin Sheets P Sean Burke P Eury Perez SS Colson Montgomery,,,
1043,5220389363,mj2377,0,92.2,1B Kyle Schwarber 2B Ketel Marte 3B Alec Bohm C James McCann OF Sam Antonacci OF Steven Kwan OF Brett Bateman P Dylan Cease P Sean Burke SS George Lombard Jr.,,,
1043,5220517438,Romo2Witten82,0,92.2,1B Jared Young 2B Sam Antonacci 3B Bo Bichette C Drew Romo OF Carson Benge OF A.J. Ewing OF Braden Montgomery P Dylan Cease P Sean Burke SS Francisco Lindor,,,
1043,5220610239,sklein123,0,92.2,1B Charles McAdoo 2B Bryson Stott 3B Alec Bohm C Gabriel Moreno OF Corbin Carroll OF Brandon Marsh OF Tim Tawa P Dylan Cease P Sean Burke SS Geraldo Perdomo,,,
1043,5220719809,tempdowg,0,92.2,1B Kyle Schwarber 2B Jorbit Vivas 3B Charles McAdoo C Drew Romo OF Bryce Harper OF Ronald Acuna Jr. OF Brett Bateman P Dylan Cease P Sean Burke SS Kaelen Culpepper,,,
1047,5220372780,jimrong79,0,92.05,1B Tim Tawa 2B Jake Cronenworth 3B Nolan Arenado C Gabriel Moreno OF Fernando Tatis Jr. OF Corbin Carroll OF Jackson Merrill P Dylan Cease P Dean Kremer SS Geraldo Perdomo,,,
1047,5220535530,feldkamp24,0,92.05,1B Charles McAdoo 2B Ketel Marte 3B Jose Ramirez C Freddy Fermin OF Fernando Tatis Jr. OF Luis Rengifo OF Luke Keaschall P Dylan Cease P Dean Kremer SS Francisco Lindor,,,
1047,5220664608,geNet1x,0,92.05,1B Kyle Schwarber 2B Luis Arraez 3B Alec Bohm C Alejandro Kirk OF Bryce Harper OF A.J. Ewing OF Brett Bateman P Dylan Cease P Patrick Sandoval SS Edmundo Sosa,,,
1050,5220400674,Martwar,0,91.95,1B Abimelec Ortiz 2B Ozzie Albies 3B Nolan Arenado C Drake Baldwin OF Bryce Harper OF Wilyer Abreu OF Michael Harris II P Christian Scott P Bryce Elder SS Jim Jarvis,,,
1050,5220416782,Birdzofprey15,0,91.95,1B Matt Olson 2B Ozzie Albies 3B Caleb Durbin C Adley Rutschman OF Ronald Acuna Jr. OF Michael Harris II OF Mike Yastrzemski P Christian Scott P Bryce Elder SS Andruw Monasterio,,,
1052,5220715238,cdagostino,0,91.8,1B Royce Lewis 2B Chase Meidroth 3B Colt Keith C Drew Romo OF Bryce Harper OF Byron Buxton OF A.J. Ewing P Eury Perez P Tanner Bibee SS Colson Montgomery,,,
1053,5220529731,reefahmadness,0,91.75,1B Matt Olson 2B Ozzie Albies 3B Nolan Arenado C Drake Baldwin OF Michael Harris II OF Max Kepler OF Mike Yastrzemski P Ryan Weathers P Christian Scott SS Geraldo Perdomo,,,
1054,5220201419,P6060,0,91.7,1B Josh Bell 2B Royce Lewis 3B Caleb Durbin C Rafael Flores Jr. OF Byron Buxton OF Kody Clemens OF Brett Bateman P Dylan Cease P Christian Scott SS Andruw Monasterio,,,
1054,5220641331,sthigpen29,0,91.7,1B Jared Young 2B Brett Baty 3B Nolan Arenado C Gabriel Moreno OF Corbin Carroll OF Carson Benge OF A.J. Ewing P Dylan Cease P Christian Scott SS Geraldo Perdomo,,,
1056,5220459724,1914Joshcam03,0,91.55,1B Jared Young 2B Brett Baty 3B Bo Bichette C Victor Caratini OF Byron Buxton OF A.J. Ewing OF Steven Kwan P Dylan Cease P Ryan Weathers SS Francisco Lindor,,,
1056,5220473717,SpartyAJU,0,91.55,1B Jared Young 2B Brandon Lowe 3B Nick Yorke C Adley Rutschman OF Dylan Crews OF Brett Bateman OF Billy Cook P Dylan Cease P Eury Perez SS CJ Abrams,,,
1056,5220679615,hanleyp20,0,91.55,1B Matt Olson 2B Ketel Marte 3B Nolan Arenado C Drake Baldwin OF Corbin Carroll OF Heriberto Hernandez OF Max Kepler P Ryan Weathers P Andrew Painter SS Geraldo Perdomo,,,
1056,5220719399,OldEnglishChains,0,91.55,1B Abimelec Ortiz 2B Chase Meidroth 3B Brooks Lee C Rafael Flores Jr. OF Wilyer Abreu OF Carson Benge OF George Springer P Dylan Cease P Eury Perez SS Geraldo Perdomo,,,
1060,5219877288,W3Th3B3st,0,91.5,1B Matt Olson 2B Ernie Clement 3B Austin Riley C Drake Baldwin OF Corbin Carroll OF George Springer OF Tim Tawa P Dylan Cease P Andrew Painter SS Geraldo Perdomo,,,
1060,5220215193,SLBMLightshow,0,91.5,1B Bryce Harper 2B Jorge Polanco 3B Bo Bichette C Luis Torrens OF Michael Harris II OF Daylen Lile OF Carson Benge P Dylan Cease P Andrew Painter SS Francisco Lindor,,,
1060,5220492176,wave85,0,91.5,1B Matt Olson 2B Nick Sogard 3B Charles McAdoo C Drake Baldwin OF Ronald Acuna Jr. OF Michael Harris II OF Mike Yastrzemski P Dylan Cease P Andrew Painter SS Geraldo Perdomo,,,
1060,5220654050,Jonestown000,0,91.5,1B Jared Young 2B Luis Arraez 3B Bryson Stott C Rafael Flores Jr. OF Bryce Harper OF Esmerlyn Valdez OF Brandon Marsh P Dylan Cease P Andrew Painter SS Francisco Lindor,,,
1064,5220284310,sirleged7777,0,91.4,1B Miguel Vargas 2B Sam Antonacci 3B Bo Bichette C Luis Torrens OF Carson Benge OF Braden Montgomery OF Luis Robert Jr. P Sean Burke P Christian Scott SS Francisco Lindor,,,
1064,5220473539,Gregoryc4279,0,91.4,1B Matt Olson 2B Matt McLain 3B Kazuma Okamoto C Eduardo Valencia OF Dylan Crews OF Sam Antonacci OF Heliot Ramos P Casey Mize P Ryan Weathers SS Javier Baez,,,
1064,5220619883,TopDogs106,0,91.4,1B Kyle Schwarber 2B Sam Antonacci 3B Miguel Vargas C Drew Romo OF Bryce Harper OF Justin Crawford OF Brett Bateman P Sean Burke P Christian Scott SS Colson Montgomery,,,
1064,5220687610,Dperrin13,0,91.4,1B Luis Garcia Jr. 2B Jake Cronenworth 3B Colson Montgomery C Adley Rutschman OF Michael Harris II OF Ceddanne Rafaela OF Daylen Lile P Eury Perez P Casey Mize SS Edmundo Sosa,,,
1068,5220214177,lichter17,0,91.25,1B Jared Young 2B Jake Cronenworth 3B Manny Machado C Agustin Ramirez OF Fernando Tatis Jr. OF Jackson Merrill OF Carson Benge P Sean Burke P Eury Perez SS Francisco Lindor,,,
1068,5220744061,kylejay07,0,91.25,1B Kyle Schwarber 2B Bryson Stott 3B Alec Bohm C James McCann OF Fernando Tatis Jr. OF Jackson Merrill OF Tim Tawa P Sean Burke P Eury Perez SS Xander Bogaerts,,,
1070,5220413525,bigballa3232,0,91.2,1B Kyle Schwarber 2B Bryson Stott 3B Alec Bohm C Brian Navarreto OF Bryce Harper OF Steven Kwan OF Brett Baty P Dylan Cease P Sean Burke SS Edmundo Sosa,,,
1071,5220177216,NewEngland,0,91.05,1B Jared Young 2B Chase Meidroth 3B Miguel Vargas C Gabriel Moreno OF Corbin Carroll OF Ceddanne Rafaela OF Steven Kwan P Dylan Cease P Dean Kremer SS Geraldo Perdomo,,,
1071,5220406944,az350z,0,91.05,1B Abimelec Ortiz 2B Brett Baty 3B Bo Bichette C Keibert Ruiz OF Carson Benge OF A.J. Ewing OF Luis Robert Jr. P Dylan Cease P Dean Kremer SS CJ Abrams,,,
1071,5220511926,mqb420,0,91.05,1B Matt Olson 2B Jazz Chisholm Jr. 3B Austin Riley C Dillon Dingler OF Bryan Reynolds OF Michael Harris II OF Chase DeLauter P Dean Kremer P Andrew Painter SS Geraldo Perdomo,,,
1071,5220679320,Oyage,0,91.05,1B Royce Lewis 2B Jorbit Vivas 3B Bo Bichette C Luis Torrens OF Byron Buxton OF George Springer OF Tim Tawa P Dylan Cease P Dean Kremer SS CJ Abrams,,,
1071,5220702776,texagent99,0,91.05,1B Matt Olson 2B Chase Meidroth 3B Miguel Vargas C Alejandro Kirk OF Corbin Carroll OF Jarren Duran OF Mike Yastrzemski P Dylan Cease P Patrick Sandoval SS Jim Jarvis,,,
1071,5220716760,ryanlj,0,91.05,1B Jared Young 2B Royce Lewis 3B Brooks Lee C Victor Caratini OF Byron Buxton OF Carson Benge OF A.J. Ewing P Dylan Cease P Dean Kremer SS Francisco Lindor,,,
1077,5220400272,expostulate,0,90.95,1B Alec Bohm 2B Luis Arraez 3B Bryson Stott C J.T. Realmuto OF Bryce Harper OF Wilyer Abreu OF Trent Grisham P Tanner Bibee P Christian Scott SS George Lombard Jr.,,,
1078,5220710570,Jammarley13,0,90.899994,1B Rafael Flores Jr. 2B Ketel Marte 3B Jared Triolo C Drake Baldwin OF Bryan Reynolds OF Esmerlyn Valdez OF Jake Mangum P Lake Bachar P Hunter Barco SS Elly De La Cruz,,,
1079,5220707224,coachcd13,0,90.85,1B Abimelec Ortiz 2B Luis Arraez 3B Bryson Stott C Connor Wong OF Bryce Harper OF Kody Clemens OF Daylen Lile P Sean Burke P Jake Irvin SS CJ Abrams,,,
1080,5220723475,Grandhope,0,90.8,1B Alec Bohm 2B Bryson Stott 3B Manny Machado C James McCann OF Byron Buxton OF Dylan Crews OF Brett Bateman P Dylan Cease P Michael Soroka SS Xander Bogaerts,,,
1080,5220732449,BRIDAUG,0,90.8,1B Alec Bohm 2B Matt McLain 3B Caleb Durbin C James McCann OF Wilyer Abreu OF Corbin Carroll OF Braden Montgomery P Dylan Cease P Michael Soroka SS Andruw Monasterio,,,
1082,5220390639,Stikman07,0,90.75,1B Sal Stewart 2B Luis Arraez 3B Alec Bohm C Gabriel Moreno OF Carson Benge OF Jacob Young OF Brett Bateman P Dylan Cease P Tanner Bibee SS Francisco Lindor,,,
1082,5220533961,dislng2me75,0,90.75,1B Jared Young 2B Sam Antonacci 3B Colson Montgomery C Rafael Flores Jr. OF Wilyer Abreu OF Corbin Carroll OF Carson Benge P Eury Perez P Christian Scott SS Francisco Lindor,,,
1084,5220401900,CLanders6390,0,90.7,1B Jared Young 2B Chase Meidroth 3B Nolan Arenado C James McCann OF Corbin Carroll OF Jackson Merrill OF Carson Benge P Dylan Cease P Christian Scott SS Francisco Lindor,,,
1084,5220479070,Dynaformer,0,90.7,1B Munetaka Murakami 2B Kody Clemens 3B Angel Genao C Luis Campusano OF Chase DeLauter OF Carson Benge OF Kahlil Watson P Dylan Cease P Christian Scott SS Francisco Lindor,,,
1084,5220720290,stiles_12,0,90.7,1B Jared Young 2B Ketel Marte 3B Nolan Arenado C Rafael Flores Jr. OF Corbin Carroll OF Carson Benge OF Tim Tawa P Dylan Cease P Christian Scott SS Francisco Lindor,,,
1087,5220402392,TroyGilly91,0,90.6,1B Nick Sogard 2B Xavier Edwards 3B Javier Sanoja C Adley Rutschman OF Ceddanne Rafaela OF Esteury Ruiz OF Jakob Marsee P Eury Perez P Ryan Weathers SS Otto Lopez,,,
1087,5220524643,sitkow,0,90.6,1B Ty France 2B Chase Meidroth 3B Colson Montgomery C Adley Rutschman OF Bryan Reynolds OF Jackson Merrill OF Carson Benge P Casey Mize P Bryce Elder SS George Lombard Jr.,,,
1089,5220467960,souelle2,0,90.55,1B Kazuma Okamoto 2B Ketel Marte 3B Charles McAdoo C James McCann OF Corbin Carroll OF George Springer OF Tim Tawa P Dylan Cease P Eury Perez SS Francisco Lindor,,,
1089,5220469202,RickyDavis,0,90.55,1B Jared Young 2B Ernie Clement 3B Bo Bichette C Alejandro Kirk OF Carson Benge OF A.J. Ewing OF George Springer P Dylan Cease P Eury Perez SS Francisco Lindor,,,
1089,5220494951,mpritchard1,0,90.55,1B Royce Lewis 2B Bryson Stott 3B Charles McAdoo C Brian Navarreto OF Byron Buxton OF Kody Clemens OF Trevor Larnach P Dylan Cease P Eury Perez SS Andruw Monasterio,,,
1089,5220731102,DRMRFANTASY,0,90.55,1B Nick Sogard 2B Anthony Seigler 3B Jared Triolo C Henry Davis OF Wilyer Abreu OF Bryan Reynolds OF Ceddanne Rafaela P Dylan Cease P Eury Perez SS Colson Montgomery,,,
1093,5220459140,Zabes,0,90.4,1B Josh Bell 2B Sam Antonacci 3B Charles McAdoo C Rafael Flores Jr. OF Wilyer Abreu OF Corbin Carroll OF Esmerlyn Valdez P Eury Perez P Casey Mize SS Andruw Monasterio,,,
1093,5220742615,doreman,0,90.4,1B Kyle Schwarber 2B Bryson Stott 3B Leo Jimenez C Rafael Flores Jr. OF Bryan Reynolds OF JJ Bleday OF Mike Yastrzemski P Casey Mize P Ryan Weathers SS Francisco Lindor,,,
1095,5220454600,sami_peja,0,90.25,1B Munetaka Murakami 2B Jorge Polanco 3B Miguel Vargas C Luis Torrens OF Sam Antonacci OF Carson Benge OF Braden Montgomery P Sean Burke P Ryan Weathers SS Francisco Lindor,,,
1095,5220699312,Stewieq42,0,90.25,1B Munetaka Murakami 2B Jorge Polanco 3B Colson Montgomery C Ben Rice OF Trevor Larnach OF Mike Yastrzemski OF Gavin Sheets P Sean Burke P Ryan Weathers SS Francisco Lindor,,,
1095,5220737851,tommyd0805,0,90.25,1B Matt Olson 2B Bryson Stott 3B Charles McAdoo C Drake Baldwin OF Corbin Carroll OF Jackson Merrill OF Steven Kwan P Sean Burke P Eury Perez SS Jared Triolo,,,
1098,5220524051,aolson72178,0,90.2,1B Jared Young 2B Kody Clemens 3B Brooks Lee C Victor Caratini OF Carson Benge OF A.J. Ewing OF George Springer P Dylan Cease P Sean Burke SS Francisco Lindor,,,
1098,5220673813,tomigirl1951,0,90.2,1B Munetaka Murakami 2B Gleyber Torres 3B Bryson Stott C Alejandro Kirk OF Tristan Peters OF Edmundo Sosa OF Brett Bateman P Dylan Cease P Sean Burke SS Francisco Lindor,,,
1098,5220689130,underdogz2K15,0,90.2,1B Abimelec Ortiz 2B Sam Antonacci 3B Leo Jimenez C Brian Navarreto OF Trevor Larnach OF Heriberto Hernandez OF Daz Cameron P Dylan Cease P Sean Burke SS Otto Lopez,,,
1098,5220744379,vol1954,0,90.2,1B Kazuma Okamoto 2B Sam Antonacci 3B Ryan McMahon C Agustin Ramirez OF A.J. Ewing OF George Springer OF Luis Rengifo P Dylan Cease P Sean Burke SS Francisco Lindor,,,
1102,5220707216,BayRaider24,0,90.1,1B Ty France 2B Chase Meidroth 3B Brooks Lee C Gabriel Moreno OF Fernando Tatis Jr. OF Esmerlyn Valdez OF Jackson Merrill P Ryan Weathers P Patrick Sandoval SS Francisco Lindor,,,
1103,5220502605,Railroader71,0,90,1B Matt Olson 2B Travis Bazzana 3B Austin Riley C Drake Baldwin OF Michael Harris II OF Chase DeLauter OF Dominic Smith P Tanner Bibee P Bryce Elder SS Andruw Monasterio,,,
1104,5220444986,T-Bird33,0,89.8,1B Luis Garcia Jr. 2B Xavier Edwards 3B Bo Bichette C Rafael Flores Jr. OF Jackson Merrill OF Chase DeLauter OF Jarren Duran P Eury Perez P Tanner Bibee SS Francisco Lindor,,,
1105,5220600492,Bradylogan,0,89.75,1B Josh Bell 2B Nick Sogard 3B Colt Keith C Adley Rutschman OF Corbin Carroll OF Michael Harris II OF Ceddanne Rafaela P Dylan Cease P Bryce Elder SS Brayan Rocchio,,,
1106,5220404266,629buc,0,89.7,1B Josh Bell 2B Ozzie Albies 3B Alec Bohm C J.T. Realmuto OF Byron Buxton OF Brandon Marsh OF A.J. Ewing P Dylan Cease P Christian Scott SS Kaelen Culpepper,,,
1106,5220469391,jgolfer33,0,89.7,1B Kyle Schwarber 2B Bryson Stott 3B Nolan Arenado C James McCann OF Bryce Harper OF Tim Tawa OF Jorge Barrosa P Dylan Cease P Christian Scott SS Edmundo Sosa,,,
1106,5220672466,nicnac2136,0,89.7,1B Kyle Schwarber 2B Ozzie Albies 3B Bryson Stott C Drake Baldwin OF Ronald Acuna Jr. OF Heriberto Hernandez OF Mike Yastrzemski P Christian Scott P Andrew Painter SS Otto Lopez,,,
1106,5220701702,TOMHAY,0,89.7,1B Royce Lewis 2B Bryson Stott 3B Charles McAdoo C Victor Caratini OF Bryce Harper OF Byron Buxton OF Trevor Larnach P Dylan Cease P Christian Scott SS Kaelen Culpepper,,,
1106,5220724327,Frenchy0721,0,89.7,1B Miguel Vargas 2B Bryson Stott 3B Austin Riley C Gabriel Moreno OF Ceddanne Rafaela OF Jackson Merrill OF Carson Benge P Christian Scott P Nick Lodolo SS Kevin McGonigle,,,
1111,5220346426,treeman51672,0,89.6,1B Royce Lewis 2B Luis Arraez 3B Colson Montgomery C Victor Caratini OF Kody Clemens OF Ceddanne Rafaela OF Steven Kwan P Eury Perez P Ryan Weathers SS Francisco Lindor,,,
1112,5220451002,trapp365,0,89.5,1B Kyle Schwarber 2B Ketel Marte 3B Alec Bohm C Alejandro Kirk OF Wilyer Abreu OF George Springer OF Brett Bateman P Dylan Cease P Nick Lodolo SS Kaelen Culpepper,,,
1112,5220689804,bfeinber42,0,89.5,1B Bryce Harper 2B Bryson Stott 3B Alec Bohm C Gabriel Moreno OF Corbin Carroll OF Brandon Marsh OF Brett Bateman P Dylan Cease P Andrew Painter SS Geraldo Perdomo,,,
1114,5220743951,kingofall,0,89.45,1B Jared Young 2B Kody Clemens 3B Ryan McMahon C Drake Baldwin OF Bryce Harper OF JJ Bleday OF Daz Cameron P Sean Burke P Bryce Elder SS Francisco Lindor,,,
1115,5220448939,Frankpj,0,89.25,1B Munetaka Murakami 2B Chase Meidroth 3B Miguel Vargas C Victor Caratini OF Sam Antonacci OF Heriberto Hernandez OF Mike Yastrzemski P Sean Burke P Ryan Weathers SS Colson Montgomery,,,
1115,5220679608,Picasso1012,0,89.25,1B Abimelec Ortiz 2B Chase Meidroth 3B Bryson Stott C Gabriel Moreno OF Fernando Tatis Jr. OF Corbin Carroll OF Esmerlyn Valdez P Sean Burke P Ryan Weathers SS Kaelen Culpepper,,,
1115,5220687574,bobhonsey,0,89.25,1B Jared Young 2B Jorge Polanco 3B Brooks Lee C Gabriel Moreno OF Byron Buxton OF Corbin Carroll OF Luis Robert Jr. P Sean Burke P Eury Perez SS Francisco Lindor,,,
1115,5220694782,cwhiteheart,0,89.25,1B Nick Sogard 2B Ketel Marte 3B Javier Sanoja C Agustin Ramirez OF Corbin Carroll OF A.J. Ewing OF Esteury Ruiz P Sean Burke P Ryan Weathers SS Otto Lopez,,,
1119,5220606345,Marciboy12,0,89.2,1B Kyle Schwarber 2B Anthony Seigler 3B Kazuma Okamoto C Luis Torrens OF Brandon Marsh OF Sam Antonacci OF Andrew Benintendi P Dylan Cease P Sean Burke SS Edmundo Sosa,,,
1119,5220666419,mattyp233,0,89.2,1B Charles McAdoo 2B Bryson Stott 3B Brady House C Luis Torrens OF Corbin Carroll OF Braden Montgomery OF Luis Rengifo P Dylan Cease P Sean Burke SS Kevin McGonigle,,,
1119,5220705958,TNTONE,0,89.2,1B Charles McAdoo 2B Luis Arraez 3B Nolan Arenado C Gabriel Moreno OF Bryce Harper OF Bryan Reynolds OF Billy Cook P Dylan Cease P Sean Burke SS Kaelen Culpepper,,,
1119,5220719810,StevieFlo21,0,89.2,1B Kyle Schwarber 2B Jorge Polanco 3B Charles McAdoo C Drew Romo OF Bryce Harper OF Wilyer Abreu OF Brett Bateman P Dylan Cease P Sean Burke SS George Lombard Jr.,,,
1123,5220629538,c_chamak,0,89.05,1B Nathaniel Lowe 2B Ozzie Albies 3B Bo Bichette C Austin Wells OF Ronald Acuna Jr. OF Michael Harris II OF Steven Kwan P Dylan Cease P Dean Kremer SS Francisco Lindor,,,
1124,5220728771,ptssportsbar,0,88.9,1B Tim Tawa 2B Jorge Polanco 3B Bo Bichette C Dillon Dingler OF Bryce Harper OF Max Clark OF Brett Bateman P Dylan Cease P Drew Anderson SS Kevin McGonigle,,,
1125,5220601745,jhorrall777,0,88.85,1B Josh Bell 2B Royce Lewis 3B Nolan Arenado C Agustin Ramirez OF Byron Buxton OF Kody Clemens OF Andrew Benintendi P Ryan Weathers P Michael Soroka SS Geraldo Perdomo,,,
1126,5220716444,obie101,0,88.8,1B Kyle Schwarber 2B Luis Arraez 3B Bryson Stott C Luis Torrens OF Bryce Harper OF Brandon Marsh OF Brett Baty P Michael Soroka P Nick Lodolo SS Francisco Lindor,,,
1127,5220477403,rareiam,0,88.75,1B Josh Bell 2B Luis Arraez 3B Caleb Durbin C Ryan Jeffers OF Sam Antonacci OF Carson Benge OF Heriberto Hernandez P Eury Perez P Christian Scott SS Francisco Lindor,,,
1127,5220613617,TheDCarman,0,88.75,1B Kyle Schwarber 2B Jose Caballero 3B Bo Bichette C Austin Wells OF Trent Grisham OF Carson Benge OF A.J. Ewing P Eury Perez P Christian Scott SS Francisco Lindor,,,
1129,5220529267,tightenUPson,0,88.7,1B Jared Young 2B Luis Arraez 3B Bryson Stott C Victor Caratini OF Brandon Marsh OF Carson Benge OF Trevor Larnach P Dylan Cease P Christian Scott SS Francisco Lindor,,,
1129,5220569972,crazytrav10,0,88.7,1B Sal Stewart 2B Jake Cronenworth 3B Charles McAdoo C Alejandro Kirk OF Byron Buxton OF Michael Harris II OF Brett Bateman P Dylan Cease P Christian Scott SS Francisco Lindor,,,
1129,5220596842,meggydee29,0,88.7,1B Sal Stewart 2B Matt McLain 3B Eugenio Suarez C Agustin Ramirez OF Esteury Ruiz OF Jakob Marsee OF TJ Friedl P Dylan Cease P Christian Scott SS Elly De La Cruz,,,
1129,5220687779,battlekat1,0,88.7,1B Charles McAdoo 2B Ernie Clement 3B Kazuma Okamoto C Alejandro Kirk OF Ronald Acuna Jr. OF Fernando Tatis Jr. OF George Springer P Dylan Cease P Christian Scott SS Geraldo Perdomo,,,
1129,5220706061,JesseLions4Life,0,88.7,1B Rafael Flores Jr. 2B Gleyber Torres 3B Kevin McGonigle C Luis Torrens OF Luis Robert Jr. OF Steven Kwan OF Javier Baez P Dylan Cease P Christian Scott SS Elly De La Cruz,,,
1129,5220708033,droid1232,0,88.7,1B Jared Young 2B Jorge Polanco 3B Bryson Stott C J.T. Realmuto OF Bryce Harper OF Carson Benge OF A.J. Ewing P Dylan Cease P Christian Scott SS Francisco Lindor,,,
1135,5220106839,Storm5,0,88.55,1B Nick Sogard 2B Kody Clemens 3B Nolan Arenado C Gabriel Moreno OF A.J. Ewing OF Luis Robert Jr. OF Tim Tawa P Dylan Cease P Eury Perez SS Geraldo Perdomo,,,
1135,5220694781,natroslezka,0,88.55,1B Kazuma Okamoto 2B Ernie Clement 3B Jose Ramirez C Alejandro Kirk OF Bryan Reynolds OF George Springer OF Steven Kwan P Dylan Cease P Eury Perez SS Javier Baez,,,
1135,5220725443,hoppinjavs6,0,88.55,1B Jared Young 2B Jorge Polanco 3B Brady House C Keibert Ruiz OF Daylen Lile OF Carson Benge OF A.J. Ewing P Dylan Cease P Eury Perez SS Francisco Lindor,,,
1135,5220741763,DosElephantes,0,88.55,1B Nathaniel Lowe 2B Royce Lewis 3B Caleb Durbin C Rafael Flores Jr. OF Esmerlyn Valdez OF Jo Adell OF Andrew Benintendi P Dylan Cease P Eury Perez SS Geraldo Perdomo,,,
1139,5220337902,Jnkns1,0,88.5,1B Munetaka Murakami 2B Brett Baty 3B Eugenio Suarez C Keibert Ruiz OF Corbin Carroll OF Jackson Merrill OF Steven Kwan P Dylan Cease P Andrew Painter SS Francisco Lindor,,,
1139,5220441972,RSH427R,0,88.5,1B Jared Young 2B Ketel Marte 3B Colson Montgomery C Agustin Ramirez OF Corbin Carroll OF Carson Benge OF A.J. Ewing P Dylan Cease P Andrew Painter SS Francisco Lindor,,,
1141,5220648702,harmon2121,0,88.4,1B Munetaka Murakami 2B Sam Antonacci 3B Miguel Vargas C Luis Torrens OF Carson Benge OF A.J. Ewing OF Luke Keaschall P Sean Burke P Christian Scott SS Colson Montgomery,,,
1142,5220489680,r1boomer,0,88.35,1B Nick Sogard 2B Ernie Clement 3B Javier Sanoja C Rafael Flores Jr. OF Bryce Harper OF Wilyer Abreu OF George Springer P Dylan Cease P Casey Mize SS Javier Baez,,,
1142,5220567154,billk6300s,0,88.35,1B Jared Young 2B Luis Arraez 3B Jorge Polanco C Freddy Fermin OF Sam Antonacci OF Trevor Larnach OF George Springer P Dylan Cease P Casey Mize SS Elly De La Cruz,,,
1144,5220556764,fyi42,0,88.25,1B Josh Bell 2B Ketel Marte 3B Brooks Lee C Luis Torrens OF Corbin Carroll OF Daylen Lile OF Tim Tawa P Sean Burke P Eury Perez SS Francisco Lindor,,,
1144,5220619890,Schmidtzp,0,88.25,1B Matt Olson 2B Ozzie Albies 3B Javier Sanoja C James McCann OF Corbin Carroll OF Jo Adell OF Steven Kwan P Sean Burke P Eury Perez SS Otto Lopez,,,
1146,5220254912,jordanh415,0,88.2,1B Ty France 2B Brett Baty 3B Jorge Polanco C Agustin Ramirez OF Fernando Tatis Jr. OF Carson Benge OF Gavin Sheets P Dylan Cease P Sean Burke SS Francisco Lindor,,,
1146,5220290463,cjm419,0,88.2,1B Kyle Schwarber 2B Ernie Clement 3B Alec Bohm C Drew Romo OF George Springer OF Edmundo Sosa OF Brett Bateman P Dylan Cease P Sean Burke SS CJ Abrams,,,
1146,5220536994,Jwikoff2,0,88.2,1B Jared Young 2B Jorge Polanco 3B Kevin McGonigle C Agustin Ramirez OF Byron Buxton OF Luis Robert Jr. OF Jacob Young P Dylan Cease P Lake Bachar SS Elly De La Cruz,,,
1146,5220720490,LarryA13,0,88.2,1B Royce Lewis 2B Bryson Stott 3B Brooks Lee C Rafael Flores Jr. OF Bryce Harper OF Luke Keaschall OF Brett Bateman P Dylan Cease P Sean Burke SS Edmundo Sosa,,,
1146,5220744380,jakeneverloses,0,88.2,1B Abimelec Ortiz 2B Luis Arraez 3B Bo Bichette C Adley Rutschman OF Esmerlyn Valdez OF Trevor Larnach OF Brett Bateman P Dylan Cease P Sean Burke SS Andruw Monasterio,,,
1151,5220683111,srort,0,88.1,1B Ty France 2B Kody Clemens 3B Ryan McMahon C Drake Baldwin OF Byron Buxton OF George Springer OF Luis Rengifo P Eury Perez P Dean Kremer SS Francisco Lindor,,,
1152,5220409199,mattintexas,0,88.05,1B Alec Bohm 2B Bryson Stott 3B Brady House C Gabriel Moreno OF Corbin Carroll OF Dylan Crews OF Mike Yastrzemski P Dylan Cease P Patrick Sandoval SS Francisco Lindor,,,
1152,5220549983,dcmayes,0,88.05,1B Ty France 2B Royce Lewis 3B Charles McAdoo C Alejandro Kirk OF Byron Buxton OF A.J. Ewing OF Heriberto Hernandez P Dylan Cease P Dean Kremer SS Francisco Lindor,,,
1152,5220663404,gauvdawg326,0,88.05,1B Charles McAdoo 2B Bryson Stott 3B Bo Bichette C Luis Torrens OF Bryce Harper OF Brandon Marsh OF Carson Benge P Dylan Cease P Patrick Sandoval SS Francisco Lindor,,,
1155,5220133807,Roho,0,88,1B Bryce Harper 2B Bryson Stott 3B Brooks Lee C J.T. Realmuto OF Kody Clemens OF Brandon Marsh OF Carson Benge P Tanner Bibee P Bryce Elder SS Francisco Lindor,,,
1156,5220524649,sade2595,0,87.95,1B Munetaka Murakami 2B Royce Lewis 3B Colson Montgomery C J.T. Realmuto OF Brandon Marsh OF Carson Benge OF Luis Rengifo P Tanner Bibee P Christian Scott SS Francisco Lindor,,,
1157,5220515861,Smiley2008,0,87.9,1B Spencer Torkelson 2B Jorge Polanco 3B Colt Keith C Dillon Dingler OF Bryce Harper OF Jacob Young OF Steven Kwan P Dylan Cease P Drew Anderson SS Kevin McGonigle,,,
1157,5220554778,bmroberts24,0,87.9,1B Bryce Harper 2B Matt McLain 3B Austin Riley C Henry Davis OF Ronald Acuna Jr. OF Fernando Tatis Jr. OF Ceddanne Rafaela P Casey Mize P Dean Kremer SS George Lombard Jr.,,,
1159,5220720901,KHooks1222,0,87.8,1B Miguel Vargas 2B Ernie Clement 3B Austin Riley C Jose Trevino OF Byron Buxton OF Jackson Merrill OF Carson Benge P Eury Perez P Bryce Elder SS Francisco Lindor,,,
1160,5220471488,luckyman4812,0,87.75,1B Royce Lewis 2B Luis Arraez 3B Bo Bichette C J.T. Realmuto OF Brandon Marsh OF A.J. Ewing OF Trevor Larnach P Ryan Weathers P Christian Scott SS Francisco Lindor,,,
1160,5220488106,ahtnap,0,87.75,1B Kyle Schwarber 2B Jorge Polanco 3B Miguel Vargas C Brian Navarreto OF Corbin Carroll OF George Springer OF Daz Cameron P Dylan Cease P Tanner Bibee SS Colson Montgomery,,,
1160,5220566403,Jay1112,0,87.75,1B Jared Young 2B Sam Antonacci 3B Jorge Polanco C Adley Rutschman OF Wilyer Abreu OF Corbin Carroll OF Steven Kwan P Dylan Cease P Bryce Elder SS Francisco Lindor,,,
1160,5220598246,ShpIt2Papi,0,87.75,1B Jared Young 2B Ketel Marte 3B Nolan Arenado C Gabriel Moreno OF Corbin Carroll OF Carson Benge OF A.J. Ewing P Eury Perez P Christian Scott SS Francisco Lindor,,,
1160,5220698477,bpiksta,0,87.75,1B Abimelec Ortiz 2B Sam Antonacci 3B Jose Ramirez C Agustin Ramirez OF Byron Buxton OF Fernando Tatis Jr. OF Corbin Carroll P Bryce Elder P Andrew Painter SS Francisco Lindor,,,
1165,5220172335,awilhite,0,87.7,1B Kyle Schwarber 2B Bryson Stott 3B Ke'Bryan Hayes C Victor Caratini OF Bryce Harper OF Brandon Marsh OF Luke Keaschall P Dylan Cease P Christian Scott SS Edmundo Sosa,,,
1166,5220719091,Puggie555,0,87.6,1B Jared Young 2B Ketel Marte 3B Bryson Stott C Gabriel Moreno OF Corbin Carroll OF Carson Benge OF Mike Yastrzemski P Eury Perez P Ryan Weathers SS Francisco Lindor,,,
1167,5220438634,bhowez,0,87.55,1B Alec Bohm 2B Luis Arraez 3B Bryson Stott C Drake Baldwin OF Bryce Harper OF Carson Benge OF A.J. Ewing P Eury Perez P Andrew Painter SS Francisco Lindor,,,
1167,5220446729,RTSV5,0,87.55,1B Royce Lewis 2B Luis Arraez 3B Bryson Stott C Victor Caratini OF Bryce Harper OF Byron Buxton OF Trevor Larnach P Casey Mize P Christian Scott SS Edmundo Sosa,,,
1167,5220535933,salatso22,0,87.55,1B Kyle Schwarber 2B Brett Baty 3B Jorge Polanco C J.T. Realmuto OF A.J. Ewing OF Luis Robert Jr. OF Edmundo Sosa P Dylan Cease P Eury Perez SS Francisco Lindor,,,
1167,5220548885,JMoneyMakerJones,0,87.55,1B Abimelec Ortiz 2B Nick Sogard 3B Charles McAdoo C Gabriel Moreno OF Corbin Carroll OF Carson Benge OF Brett Bateman P Dylan Cease P Ryan Weathers SS CJ Abrams,,,
1167,5220712875,arod0126,0,87.55,1B Jared Young 2B Brett Baty 3B Nolan Arenado C James McCann OF Corbin Carroll OF Carson Benge OF A.J. Ewing P Dylan Cease P Ryan Weathers SS Francisco Lindor,,,
1172,5220068623,raiderright,0,87.5,1B Jared Young 2B Ozzie Albies 3B Kazuma Okamoto C Keibert Ruiz OF Bryce Harper OF Michael Harris II OF Luis Robert Jr. P Dylan Cease P Andrew Painter SS Colson Montgomery,,,
1172,5220714504,Scoopasaurus,0,87.5,1B Munetaka Murakami 2B Ernie Clement 3B Eugenio Suarez C Rafael Flores Jr. OF Michael Harris II OF Ceddanne Rafaela OF Jackson Merrill P Dylan Cease P Andrew Painter SS George Lombard Jr.,,,
1174,5220548611,westchesterlions,0,87.35,1B Rafael Flores Jr. 2B Jake Cronenworth 3B Kevin McGonigle C Gabriel Moreno OF Corbin Carroll OF Esmerlyn Valdez OF Sam Antonacci P Casey Mize P Andrew Painter SS CJ Abrams,,,
1175,5220271639,harkeychustle,0,87.25,1B Abimelec Ortiz 2B Sam Antonacci 3B Alec Bohm C Rafael Flores Jr. OF Corbin Carroll OF Jackson Merrill OF Javier Baez P Sean Burke P Eury Perez SS CJ Abrams,,,
1175,5220530013,Hoakjeff,0,87.25,1B Kyle Schwarber 2B Ketel Marte 3B Leo Jimenez C Gabriel Moreno OF Corbin Carroll OF Heriberto Hernandez OF Tim Tawa P Sean Burke P Eury Perez SS Kaelen Culpepper,,,
1175,5220608780,miguelfit,0,87.25,1B Josh Bell 2B Royce Lewis 3B Brooks Lee C Drake Baldwin OF Ronald Acuna Jr. OF Luke Keaschall OF Mike Yastrzemski P Sean Burke P Eury Perez SS Kaelen Culpepper,,,
1175,5220732045,killacraig,0,87.25,1B Abimelec Ortiz 2B Jake Cronenworth 3B Bryson Stott C Gabriel Moreno OF Fernando Tatis Jr. OF Jackson Merrill OF Carson Benge P Sean Burke P Eury Perez SS Francisco Lindor,,,
1175,5220734020,jtmas,0,87.25,1B Alec Bohm 2B Ketel Marte 3B Nolan Arenado C Gabriel Moreno OF Corbin Carroll OF Braden Montgomery OF Tristan Peters P Sean Burke P Eury Perez SS Geraldo Perdomo,,,
1180,5220435651,love2lyns,0,87.2,1B Michael Toglia 2B Nick Sogard 3B Eugenio Suarez C Agustin Ramirez OF Wilyer Abreu OF Heriberto Hernandez OF Jakob Marsee P Dylan Cease P Sean Burke SS Otto Lopez,,,
1180,5220509329,skiski2424,0,87.2,1B Kyle Schwarber 2B Jake Cronenworth 3B Manny Machado C Alejandro Kirk OF Trevor Larnach OF George Springer OF Gavin Sheets P Dylan Cease P Sean Burke SS Edmundo Sosa,,,
1182,5220657812,Lukeav93,0,87.05,1B Kyle Schwarber 2B Jorge Polanco 3B Brady House C Agustin Ramirez OF Wilyer Abreu OF Corbin Carroll OF Tim Tawa P Dylan Cease P Patrick Sandoval SS Xander Bogaerts,,,
1182,5220711312,tcovey_3,0,87.05,1B Royce Lewis 2B Kody Clemens 3B Charles McAdoo C Victor Caratini OF Byron Buxton OF Carson Benge OF Trevor Larnach P Dylan Cease P Dean Kremer SS Francisco Lindor,,,
1184,5220476929,jrock54564,0,86.95,1B Spencer Torkelson 2B Gleyber Torres 3B Bryson Stott C Alejandro Kirk OF Wilyer Abreu OF Bryan Reynolds OF Esmerlyn Valdez P Tanner Bibee P Christian Scott SS Andruw Monasterio,,,
1185,5220619309,katoboy44,0,86.8,1B Kazuma Okamoto 2B Jake Cronenworth 3B Jose Ramirez C Gabriel Moreno OF Corbin Carroll OF Jackson Merrill OF George Springer P Michael Soroka P Nick Lodolo SS Geraldo Perdomo,,,
1186,5220511185,Beatles333,0,86.7,1B Josh Bell 2B Jake Cronenworth 3B Bryson Stott C Rafael Flores Jr. OF Byron Buxton OF Carson Benge OF Steven Kwan P Dylan Cease P Christian Scott SS Francisco Lindor,,,
1186,5220671242,bigorangebuffalo,0,86.7,1B Kyle Schwarber 2B Luis Arraez 3B Jorge Polanco C Brian Navarreto OF Byron Buxton OF Luke Keaschall OF Edmundo Sosa P Dylan Cease P Christian Scott SS Francisco Lindor,,,
1188,5220718317,allmil,0,86.6,1B Kyle Schwarber 2B Royce Lewis 3B Bryson Stott C Luis Torrens OF Byron Buxton OF Carson Benge OF Justin Crawford P Eury Perez P Ryan Weathers SS Kaelen Culpepper,,,
1189,5220549675,5Dolans2020,0,86.55,1B Kyle Schwarber 2B Bryson Stott 3B Jorge Polanco C Brian Navarreto OF Bryce Harper OF Brandon Marsh OF Justin Crawford P Dylan Cease P Eury Perez SS Kaelen Culpepper,,,
1190,5220401150,TeamOtis13,0,86.5,1B Tim Tawa 2B Chase Meidroth 3B Brooks Lee C Gabriel Moreno OF Byron Buxton OF Kody Clemens OF Trevor Larnach P Sean Burke P Michael Soroka SS Francisco Lindor,,,
1191,5220627498,thinman2001,0,86.4,1B Jared Young 2B Chase Meidroth 3B Miguel Vargas C Luis Torrens OF Sam Antonacci OF Carson Benge OF Braden Montgomery P Sean Burke P Christian Scott SS Francisco Lindor,,,
1192,5220489437,tkanne24,0,86.25,1B Kyle Schwarber 2B Bryson Stott 3B Alec Bohm C Adley Rutschman OF Ronald Acuna Jr. OF Ceddanne Rafaela OF Justin Crawford P Christian Scott P Patrick Sandoval SS Francisco Lindor,,,
1192,5220499297,marksgelfand,0,86.25,1B Kyle Schwarber 2B Kody Clemens 3B Jorge Polanco C Luis Torrens OF Bryce Harper OF Brandon Marsh OF A.J. Ewing P Sean Burke P Ryan Weathers SS Kaelen Culpepper,,,
1192,5220525732,MichaelTherrien,0,86.25,1B Kyle Schwarber 2B Jorge Polanco 3B Bryson Stott C Agustin Ramirez OF Bryce Harper OF Brett Baty OF Tim Tawa P Sean Burke P Ryan Weathers SS Francisco Lindor,,,
1195,5220507457,smdorsey33,0,86.2,1B Munetaka Murakami 2B Chase Meidroth 3B Colson Montgomery C Luis Torrens OF Sam Antonacci OF Braden Montgomery OF Steven Kwan P Dylan Cease P Sean Burke SS Jared Triolo,,,
1195,5220718701,Jasonsb1,0,86.2,1B Jared Young 2B Royce Lewis 3B Charles McAdoo C Alejandro Kirk OF Kody Clemens OF Carson Benge OF George Springer P Dylan Cease P Sean Burke SS Francisco Lindor,,,
1197,5220476546,tjames3221,0,86.05,1B Jared Young 2B Ketel Marte 3B Jorge Polanco C Agustin Ramirez OF Corbin Carroll OF Carson Benge OF A.J. Ewing P Dylan Cease P Patrick Sandoval SS Francisco Lindor,,,
1197,5220502184,SkyU27,0,86.05,1B Jared Young 2B Ketel Marte 3B Nolan Arenado C Gabriel Moreno OF Corbin Carroll OF A.J. Ewing OF Brett Baty P Dylan Cease P Dean Kremer SS Geraldo Perdomo,,,
1197,5220715914,macdady88,0,86.05,1B Matt Olson 2B Anthony Seigler 3B Charles McAdoo C Alejandro Kirk OF Ronald Acuna Jr. OF Wilyer Abreu OF Carson Benge P Dylan Cease P Patrick Sandoval SS Javier Baez,,,
1200,5220745126,AMBUSH,0,85.95,1B Josh Bell 2B Luis Arraez 3B Bo Bichette C Gabriel Moreno OF Bryce Harper OF Byron Buxton OF Carson Benge P Ryan Weathers P Drew Anderson SS Kaelen Culpepper,,,
1201,5220010641,FishFoodBonus,0,85.75,1B Michael Toglia 2B Ernie Clement 3B Bryson Stott C Drake Baldwin OF Ronald Acuna Jr. OF George Springer OF Brett Bateman P Dylan Cease P Bryce Elder SS Francisco Lindor,,,
1201,5220445639,mvp1987,0,85.75,1B Kyle Schwarber 2B Brett Baty 3B Bo Bichette C J.T. Realmuto OF Brandon Marsh OF Carson Benge OF Justin Crawford P Ryan Weathers P Christian Scott SS Francisco Lindor,,,
1201,5220507607,tomassopicasso,0,85.75,1B Josh Bell 2B Sam Antonacci 3B Manny Machado C Adley Rutschman OF Bryce Harper OF Bryan Reynolds OF JJ Bleday P Bryce Elder P Nick Lodolo SS Xander Bogaerts,,,
1201,5220564102,cmiller0624,0,85.75,1B Nick Sogard 2B Sam Antonacci 3B Caleb Durbin C Agustin Ramirez OF Corbin Carroll OF Ceddanne Rafaela OF Carson Benge P Eury Perez P Christian Scott SS Otto Lopez,,,
1201,5220702171,cramerj76,0,85.75,1B Kyle Schwarber 2B Luis Arraez 3B Bryson Stott C Victor Caratini OF Michael Harris II OF Daylen Lile OF Mike Yastrzemski P Dylan Cease P Bryce Elder SS Kaelen Culpepper,,,
1206,5220389435,bigtop1399,0,85.7,1B Josh Bell 2B Kody Clemens 3B Charles McAdoo C Alejandro Kirk OF Byron Buxton OF A.J. Ewing OF George Springer P Dylan Cease P Christian Scott SS Geraldo Perdomo,,,
1206,5220506244,aurum48,0,85.7,1B Tim Tawa 2B Ketel Marte 3B Eugenio Suarez C Gabriel Moreno OF Corbin Carroll OF Chase DeLauter OF TJ Friedl P Dylan Cease P Christian Scott SS Geraldo Perdomo,,,
1206,5220632537,watershed1,0,85.7,1B Josh Bell 2B Ketel Marte 3B Eugenio Suarez C Gabriel Moreno OF Carson Benge OF George Springer OF Brett Bateman P Dylan Cease P Christian Scott SS Francisco Lindor,,,
1209,5220560830,whitewillie,0,85.55,1B Abimelec Ortiz 2B Jose Tena 3B Nolan Arenado C Gabriel Moreno OF Corbin Carroll OF Daylen Lile OF Lars Nootbaar P Dylan Cease P Ryan Weathers SS Geraldo Perdomo,,,
1209,5220708333,stumpfest,0,85.55,1B Andres Chaparro 2B Sam Antonacci 3B Brady House C Rafael Flores Jr. OF Bryce Harper OF Wilyer Abreu OF Brett Bateman P Dylan Cease P Eury Perez SS Andres Gimenez,,,
1211,5220656510,dbarela72,0,85.5,1B Kyle Schwarber 2B Brett Baty 3B Bryson Stott C Luis Torrens OF Carson Benge OF A.J. Ewing OF Mike Yastrzemski P Dylan Cease P Nick Lodolo SS Francisco Lindor,,,
1212,5220289807,oklablue,0,85.4,1B Munetaka Murakami 2B Chase Meidroth 3B Miguel Vargas C Edgar Quero OF Byron Buxton OF Kody Clemens OF Trevor Larnach P Sean Burke P Christian Scott SS Kaelen Culpepper,,,
1213,5220433390,Mikie21,0,85.35,1B Josh Bell 2B Bryson Stott 3B Kazuma Okamoto C Rafael Flores Jr. OF Bryce Harper OF Corbin Carroll OF A.J. Ewing P Casey Mize P Nick Lodolo SS Francisco Lindor,,,
1214,5220665238,6ringslater,0,85.25,1B Abimelec Ortiz 2B Luis Arraez 3B Bo Bichette C Gabriel Moreno OF Sam Antonacci OF Carson Benge OF Luke Keaschall P Sean Burke P Ryan Weathers SS Francisco Lindor,,,
1215,5219768706,Mackdawg44,0,85.2,1B Munetaka Murakami 2B Sam Antonacci 3B Miguel Vargas C Rafael Flores Jr. OF Braden Montgomery OF Andrew Benintendi OF Brett Bateman P Dylan Cease P Sean Burke SS Kaelen Culpepper,,,
1215,5220415235,Britrubig21,0,85.2,1B Jared Young 2B Nick Sogard 3B Bo Bichette C Drew Romo OF Daylen Lile OF Carson Benge OF A.J. Ewing P Dylan Cease P Sean Burke SS Francisco Lindor,,,
1215,5220574171,bcargerm,0,85.2,1B Tim Tawa 2B Sam Antonacci 3B Miguel Vargas C Drew Romo OF Wilyer Abreu OF Braden Montgomery OF Brett Bateman P Dylan Cease P Sean Burke SS Colson Montgomery,,,
1215,5220686262,quinceylu,0,85.2,1B Matt Olson 2B Sam Antonacci 3B Jorbit Vivas C Drake Baldwin OF Ronald Acuna Jr. OF Michael Harris II OF Dominic Smith P Sean Burke P Andrew Painter SS Colson Montgomery,,,
1215,5220732037,jefferson4,0,85.2,1B Kyle Schwarber 2B Bryson Stott 3B Caleb Durbin C Connor Wong OF Bryce Harper OF Justin Crawford OF Billy Cook P Dylan Cease P Sean Burke SS Jim Jarvis,,,
1220,5220596002,QBKillaz,0,85.1,1B Ty France 2B Jorge Polanco 3B Austin Riley C Drake Baldwin OF Fernando Tatis Jr. OF Corbin Carroll OF Luis Robert Jr. P Ryan Weathers P Dean Kremer SS Francisco Lindor,,,
1221,5220671004,justw8andc,0,85.05,1B Ty France 2B Ketel Marte 3B Nolan Arenado C Gabriel Moreno OF Corbin Carroll OF Heriberto Hernandez OF Brett Bateman P Dylan Cease P Dean Kremer SS Geraldo Perdomo,,,
1222,5220486970,nbr1sxrfn,0,84.85,1B Abimelec Ortiz 2B Gleyber Torres 3B Bryson Stott C Gabriel Moreno OF Byron Buxton OF A.J. Ewing OF Spencer Jones P Ryan Weathers P Michael Soroka SS Francisco Lindor,,,
1222,5220689839,locobazooka,0,84.85,1B Josh Bell 2B Kody Clemens 3B Jose Ramirez C Rafael Flores Jr. OF Chase DeLauter OF Trevor Larnach OF Steven Kwan P Eury Perez P Michael Soroka SS Francisco Lindor,,,
1224,5220443681,Howardthedog,0,84.75,1B Josh Bell 2B Kody Clemens 3B Manny Machado C Austin Hedges OF Byron Buxton OF Fernando Tatis Jr. OF Trevor Larnach P Eury Perez P Christian Scott SS Kaelen Culpepper,,,
1225,5220396698,REINY66,0,84.7,1B Spencer Torkelson 2B Luis Arraez 3B Colson Montgomery C Drake Baldwin OF Corbin Carroll OF Jackson Merrill OF Trevor Larnach P Christian Scott P Nick Lodolo SS Geraldo Perdomo,,,
1225,5220510941,bobbo015,0,84.7,1B Josh Bell 2B Brett Baty 3B Jose Ramirez C Adley Rutschman OF Carson Benge OF George Springer OF Daz Cameron P Dylan Cease P Christian Scott SS Francisco Lindor,,,
1225,5220613603,ATR27,0,84.7,1B Tim Tawa 2B Ketel Marte 3B Kevin McGonigle C Gabriel Moreno OF Corbin Carroll OF Zach McKinstry OF Brett Bateman P Dylan Cease P Christian Scott SS Geraldo Perdomo,,,
1228,5220392321,Amp_Smith50B,0,84.6,1B Kyle Schwarber 2B Chase Meidroth 3B Bo Bichette C James McCann OF Carson Benge OF Luis Robert Jr. OF Tim Tawa P Eury Perez P Ryan Weathers SS Francisco Lindor,,,
1229,5220356029,schneiderman8,0,84.55,1B Jared Young 2B Jorge Polanco 3B Caleb Durbin C Adley Rutschman OF Wilyer Abreu OF Carson Benge OF Brett Baty P Dylan Cease P Eury Perez SS Francisco Lindor,,,
1229,5220731203,jlj0214,0,84.55,1B Michael Toglia 2B Matt McLain 3B Nolan Arenado C Rafael Flores Jr. OF Ronald Acuna Jr. OF Corbin Carroll OF Max Kepler P Dylan Cease P Eury Perez SS Edmundo Sosa,,,
1231,5220439631,romeisburning27,0,84.5,1B Munetaka Murakami 2B Jake Cronenworth 3B Brady House C Drake Baldwin OF Michael Harris II OF JJ Bleday OF Carson Benge P Dylan Cease P Andrew Painter SS Brayan Rocchio,,,
1231,5220445232,terminator31,0,84.5,1B Tim Tawa 2B Ketel Marte 3B Miguel Vargas C Gabriel Moreno OF Braden Montgomery OF Andrew Benintendi OF Jorge Barrosa P Dylan Cease P Nick Lodolo SS Geraldo Perdomo,,,
1231,5220668553,cellos213,0,84.5,1B Kyle Schwarber 2B Bryson Stott 3B Kazuma Okamoto C Luis Torrens OF Bryce Harper OF Brandon Marsh OF George Springer P Dylan Cease P Andrew Painter SS Edmundo Sosa,,,
1231,5220719565,Zealonsunited,0,84.5,1B Matt Olson 2B Ketel Marte 3B Nolan Arenado C James McCann OF Ronald Acuna Jr. OF Corbin Carroll OF Mike Yastrzemski P Dylan Cease P Andrew Painter SS Jim Jarvis,,,
1235,5220686359,daddyerv,0,84.35,1B Sal Stewart 2B Ernie Clement 3B Eugenio Suarez C Alejandro Kirk OF Bryce Harper OF George Springer OF Brett Bateman P Dylan Cease P Casey Mize SS Andres Gimenez,,,
1236,5220564195,brandonjbaker1992,0,84.25,1B Alec Bohm 2B Ketel Marte 3B Nolan Arenado C Gabriel Moreno OF Corbin Carroll OF Luke Keaschall OF Tim Tawa P Sean Burke P Eury Perez SS Francisco Lindor,,,
1236,5220567824,cuzimaballa20,0,84.25,1B Matt Olson 2B Bryson Stott 3B Bo Bichette C Drake Baldwin OF Carson Benge OF A.J. Ewing OF Mike Yastrzemski P Sean Burke P Ryan Weathers SS Jim Jarvis,,,
1236,5220637001,Bigkeydet70,0,84.25,1B Luis Garcia Jr. 2B Kody Clemens 3B Charles McAdoo C Ben Rice OF Trent Grisham OF Andrew Benintendi OF Spencer Jones P Sean Burke P Eury Perez SS George Lombard Jr.,,,
1236,5220642404,Easymoneyty13,0,84.25,1B Kyle Schwarber 2B Bryson Stott 3B Miguel Vargas C Drew Romo OF Brandon Marsh OF Sam Antonacci OF Andrew Benintendi P Sean Burke P Eury Perez SS Edmundo Sosa,,,
1240,5220674678,gatorback,0,84.2,1B Jared Young 2B Jorge Polanco 3B Bo Bichette C Adley Rutschman OF Wilyer Abreu OF Jarren Duran OF Daz Cameron P Dylan Cease P Sean Burke SS Francisco Lindor,,,
1240,5220718197,sprtwlf,0,84.2,1B Jared Young 2B Xavier Edwards 3B Nolan Arenado C Alejandro Kirk OF Wilyer Abreu OF Esmerlyn Valdez OF Daz Cameron P Dylan Cease P Sean Burke SS Andruw Monasterio,,,
1242,5220680834,ericmcq3121,0,84.1,1B Munetaka Murakami 2B Sam Antonacci 3B Miguel Vargas C Connor Wong OF Wilyer Abreu OF Ceddanne Rafaela OF Jarren Duran P Ryan Weathers P Patrick Sandoval SS Andruw Monasterio,,,
1243,5220393407,4prongdigger,0,84.05,1B Munetaka Murakami 2B Brandon Lowe 3B Jose Ramirez C Drew Romo OF Ceddanne Rafaela OF Chase DeLauter OF Braden Montgomery P Michael Soroka P Tanner Bibee SS Jared Triolo,,,
1243,5220594507,rpdelane6911,0,84.05,1B Josh Bell 2B Chase Meidroth 3B Bo Bichette C Alejandro Kirk OF Ceddanne Rafaela OF A.J. Ewing OF Heriberto Hernandez P Dylan Cease P Patrick Sandoval SS Francisco Lindor,,,
1243,5220663230,MJG83,0,84.05,1B Abimelec Ortiz 2B Bryson Stott 3B Jorbit Vivas C Drake Baldwin OF Corbin Carroll OF Carson Benge OF A.J. Ewing P Dylan Cease P Patrick Sandoval SS Francisco Lindor,,,
1243,5220680815,rmurdy21,0,84.05,1B Matt Olson 2B Matt McLain 3B Manny Machado C Connor Wong OF Corbin Carroll OF Tim Tawa OF Brett Bateman P Sean Burke P Casey Mize SS CJ Abrams,,,
1243,5220711262,budaman3195,0,84.05,1B Josh Bell 2B Ernie Clement 3B Charles McAdoo C Drake Baldwin OF Byron Buxton OF Michael Harris II OF Jacob Young P Dylan Cease P Dean Kremer SS Francisco Lindor,,,
1248,5220552762,itsjust90,0,83.8,1B Royce Lewis 2B Jorbit Vivas 3B Jose Ramirez C Ben Rice OF Ronald Acuna Jr. OF Esmerlyn Valdez OF Jo Adell P Michael Soroka P Andrew Painter SS Brayan Rocchio,,,
1249,5220467236,yankees988,0,83.75,1B Ty France 2B Jake Cronenworth 3B Manny Machado C Adley Rutschman OF Wilyer Abreu OF Ceddanne Rafaela OF Jacob Young P Dylan Cease P Bryce Elder SS Andres Gimenez,,,
1250,5220401959,Jwitdabucks,0,83.7,1B Michael Toglia 2B Ketel Marte 3B Eugenio Suarez C Gabriel Moreno OF Corbin Carroll OF JJ Bleday OF Jorge Barrosa P Dylan Cease P Christian Scott SS Geraldo Perdomo,,,
1250,5220616587,AdamShulman,0,83.7,1B Josh Bell 2B Royce Lewis 3B Jorge Polanco C Victor Caratini OF Byron Buxton OF A.J. Ewing OF Trevor Larnach P Dylan Cease P Christian Scott SS Francisco Lindor,,,
1250,5220635659,jeffcliffy,0,83.7,1B Kyle Schwarber 2B Jorge Polanco 3B Bryson Stott C Brian Navarreto OF Byron Buxton OF Luke Keaschall OF Brett Baty P Dylan Cease P Christian Scott SS Francisco Lindor,,,
1250,5220675810,cwjohnsen,0,83.7,1B Josh Bell 2B Royce Lewis 3B Bryson Stott C Victor Caratini OF Carson Benge OF Trevor Larnach OF Luke Keaschall P Dylan Cease P Christian Scott SS Francisco Lindor,,,
1250,5220681511,dragnalus,0,83.7,1B Jared Young 2B Ernie Clement 3B Nolan Arenado C Alejandro Kirk OF Corbin Carroll OF Michael Harris II OF Carson Benge P Dylan Cease P Christian Scott SS Geraldo Perdomo,,,
1255,5220712913,mister_eddie6,0,83.6,1B Luis Garcia Jr. 2B Brett Baty 3B Ryan McMahon C Ben Rice OF Trent Grisham OF Carson Benge OF A.J. Ewing P Eury Perez P Ryan Weathers SS George Lombard Jr.,,,
1256,5220644575,Peteysixteen,0,83.55,1B Nick Sogard 2B Brandon Lowe 3B Caleb Durbin C Rafael Flores Jr. OF Wilyer Abreu OF Bryan Reynolds OF Esmerlyn Valdez P Eury Perez P Andrew Painter SS Francisco Lindor,,,
1257,5220356781,House868,0,83.5,1B Matt Olson 2B Bryson Stott 3B Charles McAdoo C Alejandro Kirk OF Bryce Harper OF Jackson Merrill OF George Springer P Dylan Cease P Andrew Painter SS Geraldo Perdomo,,,
1257,5220461476,one-eyedBelle,0,83.5,1B Kyle Schwarber 2B Bryson Stott 3B Alec Bohm C Gabriel Moreno OF Bryce Harper OF Corbin Carroll OF Brandon Marsh P Nick Lodolo P Andrew Painter SS Geraldo Perdomo,,,
1257,5220524265,Mason.Sallee,0,83.5,1B Kyle Schwarber 2B Bryson Stott 3B Brady House C Alejandro Kirk OF Corbin Carroll OF Carson Benge OF Heriberto Hernandez P Dylan Cease P Andrew Painter SS Edmundo Sosa,,,
1260,5220721539,spudbaseball,0,83.45,1B Nathaniel Lowe 2B Xavier Edwards 3B Jose Ramirez C Agustin Ramirez OF Jackson Merrill OF Carson Benge OF A.J. Ewing P Sean Burke P Bryce Elder SS Otto Lopez,,,
1261,5220280217,cfraijo89,0,83.4,1B Kyle Schwarber 2B Ernie Clement 3B Bo Bichette C Alejandro Kirk OF Fernando Tatis Jr. OF Jarren Duran OF Mike Yastrzemski P Eury Perez P Casey Mize SS Javier Baez,,,
1261,5220471158,Irshava2656,0,83.399994,1B Kazuma Okamoto 2B Travis Bazzana 3B Bo Bichette C J.T. Realmuto OF Bryce Harper OF Michael Harris II OF Carson Benge P Christian Scott P Lake Bachar SS Francisco Lindor,,,
1263,5220696133,stever619,0,83.35,1B Munetaka Murakami 2B Bryson Stott 3B Kazuma Okamoto C Alejandro Kirk OF Bryce Harper OF Sam Antonacci OF Carson Benge P Casey Mize P Nick Lodolo SS Andruw Monasterio,,,
1264,5220665387,DrParadise,0,83.3,1B Matt Olson 2B Gleyber Torres 3B Bryson Stott C Agustin Ramirez OF Chase DeLauter OF Carson Benge OF A.J. Ewing P Bryce Elder P Patrick Sandoval SS Elly De La Cruz,,,
1265,5220287976,likenoah,0,83.25,1B Nick Sogard 2B Ozzie Albies 3B Ryan McMahon C Connor Wong OF Ronald Acuna Jr. OF Wilyer Abreu OF Heriberto Hernandez P Sean Burke P Ryan Weathers SS Francisco Lindor,,,
1265,5220428863,mindofnostrezz,0,83.25,1B Jared Young 2B Bryson Stott 3B Miguel Vargas C Gabriel Moreno OF Carson Benge OF A.J. Ewing OF Brett Baty P Sean Burke P Eury Perez SS Francisco Lindor,,,
1265,5220482817,chumking,0,83.25,1B Kyle Schwarber 2B Bryson Stott 3B Alec Bohm C Rafael Flores Jr. OF Brandon Marsh OF Braden Montgomery OF Andrew Benintendi P Sean Burke P Eury Perez SS Colson Montgomery,,,
1265,5220635099,Merlotbroham,0,83.25,1B Josh Bell 2B Bryson Stott 3B Alec Bohm C Gabriel Moreno OF Bryce Harper OF Max Kepler OF Luke Keaschall P Sean Burke P Eury Perez SS Geraldo Perdomo,,,
1265,5220664130,bfinney09,0,83.25,1B Kyle Schwarber 2B Luis Arraez 3B Bryson Stott C Luis Torrens OF Bryce Harper OF Luke Keaschall OF Brett Baty P Sean Burke P Eury Perez SS Edmundo Sosa,,,
1265,5220667620,Daddy-Dango,0,83.25,1B Jared Young 2B Brett Baty 3B Jose Ramirez C Drake Baldwin OF Ronald Acuna Jr. OF Michael Harris II OF Mike Yastrzemski P Sean Burke P Ryan Weathers SS Jim Jarvis,,,
1271,5220422800,kernt7,0,83.2,1B Royce Lewis 2B Chase Meidroth 3B Brooks Lee C Victor Caratini OF Byron Buxton OF Sam Antonacci OF Tristan Peters P Dylan Cease P Sean Burke SS Kaelen Culpepper,,,
1271,5220711941,sloppiedeuce,0,83.2,1B Kyle Schwarber 2B Gleyber Torres 3B Jared Triolo C Ben Rice OF Fernando Tatis Jr. OF Steven Kwan OF Brett Bateman P Eury Perez P Jake Irvin SS Otto Lopez,,,
1271,5220741651,HeatFan2015,0,83.2,1B Alec Bohm 2B Luis Arraez 3B Bryson Stott C J.T. Realmuto OF Byron Buxton OF Trevor Larnach OF Edmundo Sosa P Dylan Cease P Sean Burke SS Kaelen Culpepper,,,
1274,5220202214,bullet1964,0,83.05,1B Kazuma Okamoto 2B Ozzie Albies 3B Brooks Lee C Alejandro Kirk OF Trevor Larnach OF George Springer OF Max Kepler P Dylan Cease P Dean Kremer SS CJ Abrams,,,
1274,5220431985,thewizardone1,0,83.05,1B Abimelec Ortiz 2B Royce Lewis 3B Jorbit Vivas C Victor Caratini OF Bryce Harper OF Dylan Crews OF Jacob Young P Dylan Cease P Dean Kremer SS CJ Abrams,,,
1274,5220446374,hlpr,0,83.05,1B Tim Tawa 2B Ketel Marte 3B Nolan Arenado C Gabriel Moreno OF Corbin Carroll OF Carson Benge OF Brett Baty P Dylan Cease P Dean Kremer SS Francisco Lindor,,,
1274,5220520187,katokid12,0,83.05,1B Munetaka Murakami 2B Sam Antonacci 3B Charles McAdoo C Victor Caratini OF Byron Buxton OF Carson Benge OF Brett Baty P Dylan Cease P Dean Kremer SS Francisco Lindor,,,
1274,5220682509,lounicosia,0,83.05,1B Josh Bell 2B Ernie Clement 3B Colson Montgomery C Gabriel Moreno OF Kody Clemens OF Daylen Lile OF Andrew Benintendi P Sean Burke P Casey Mize SS Francisco Lindor,,,
1279,5220532328,pipolechap,0,82.9,1B Tim Tawa 2B Ketel Marte 3B Jorge Polanco C Gabriel Moreno OF Corbin Carroll OF Carson Benge OF A.J. Ewing P Dylan Cease P Drew Anderson SS Francisco Lindor,,,
1279,5220578416,SaintsClair,0,82.9,1B Tim Tawa 2B Ketel Marte 3B Jorge Polanco C Gabriel Moreno OF Corbin Carroll OF Carson Benge OF A.J. Ewing P Dylan Cease P Drew Anderson SS Francisco Lindor,,,
1281,5220458282,ambee12,0,82.8,1B Tim Tawa 2B Ketel Marte 3B Nolan Arenado C Gabriel Moreno OF A.J. Ewing OF Luis Robert Jr. OF Brett Baty P Dylan Cease P Michael Soroka SS Francisco Lindor,,,
1281,5220727091,gdb6699,0,82.8,1B Alec Bohm 2B Bryson Stott 3B Nolan Arenado C Alejandro Kirk OF Fernando Tatis Jr. OF Chase DeLauter OF Brett Bateman P Dylan Cease P Michael Soroka SS Geraldo Perdomo,,,
1283,5220744312,charlr31,0,82.75,1B Kyle Schwarber 2B Luis Arraez 3B Bryson Stott C Alejandro Kirk OF Bryce Harper OF Brandon Marsh OF Mike Yastrzemski P Eury Perez P Christian Scott SS Kaelen Culpepper,,,
1284,5220545972,Mucci193,0,82.7,1B Ty France 2B Ketel Marte 3B Eugenio Suarez C Drake Baldwin OF Ronald Acuna Jr. OF Corbin Carroll OF Tim Tawa P Christian Scott P Nick Lodolo SS Geraldo Perdomo,,,
1285,5220416731,sbaker000,0,82.6,1B Jared Young 2B Ketel Marte 3B Nolan Arenado C Gabriel Moreno OF Corbin Carroll OF A.J. Ewing OF Trevor Larnach P Eury Perez P Ryan Weathers SS Geraldo Perdomo,,,
1286,5220598264,dwalsh1212,0,82.55,1B Jared Young 2B Bryson Stott 3B Nolan Arenado C Gabriel Moreno OF Carson Benge OF A.J. Ewing OF Luis Robert Jr. P Dylan Cease P Eury Perez SS Geraldo Perdomo,,,
1286,5220666005,ryanland,0,82.55,1B Jared Young 2B Jorge Polanco 3B Brady House C Keibert Ruiz OF Daylen Lile OF Carson Benge OF Jacob Young P Dylan Cease P Eury Perez SS CJ Abrams,,,
1288,5220427611,dfriel6654,0,82.25,1B Alec Bohm 2B Bryson Stott 3B Nolan Arenado C Gabriel Moreno OF Wilyer Abreu OF Corbin Carroll OF Jo Adell P Sean Burke P Eury Perez SS Edmundo Sosa,,,
1288,5220559454,kuriouskev23,0,82.25,1B Luis Garcia Jr. 2B Kody Clemens 3B Jorge Polanco C Ben Rice OF Carson Benge OF A.J. Ewing OF Spencer Jones P Sean Burke P Ryan Weathers SS George Lombard Jr.,,,
1288,5220587426,vikings4ryan,0,82.25,1B Royce Lewis 2B Kody Clemens 3B Bo Bichette C Alejandro Kirk OF Byron Buxton OF Carson Benge OF Trevor Larnach P Christian Scott P Patrick Sandoval SS Francisco Lindor,,,
1288,5220659300,AlmightyGabe,0,82.25,1B Josh Bell 2B Royce Lewis 3B Charles McAdoo C Alejandro Kirk OF Byron Buxton OF Kody Clemens OF Trevor Larnach P Sean Burke P Eury Perez SS Andres Gimenez,,,
1288,5220727134,MyNameIsBuck,0,82.25,1B Abimelec Ortiz 2B Jorbit Vivas 3B Bo Bichette C Gabriel Moreno OF Carson Benge OF A.J. Ewing OF Luis Robert Jr. P Sean Burke P Ryan Weathers SS Francisco Lindor,,,
1293,5220303179,gwells23,0,82.2,1B Josh Bell 2B Jorge Polanco 3B Brooks Lee C Victor Caratini OF Corbin Carroll OF Trevor Larnach OF Luke Keaschall P Dylan Cease P Sean Burke SS Francisco Lindor,,,
1293,5220436847,Mpuzio34,0,82.2,1B Royce Lewis 2B Matt McLain 3B Bryson Stott C Gabriel Moreno OF Bryce Harper OF Luke Keaschall OF Daz Cameron P Dylan Cease P Sean Burke SS Edmundo Sosa,,,
1293,5220569412,Leithal13,0,82.2,1B Jared Young 2B Ketel Marte 3B Nolan Arenado C Luis Torrens OF Corbin Carroll OF Max Kepler OF Tim Tawa P Dylan Cease P Sean Burke SS Francisco Lindor,,,
1293,5220613075,katy50,0,82.2,1B Matt Olson 2B Sam Antonacci 3B Caleb Durbin C Gabriel Moreno OF Bryan Reynolds OF Esmerlyn Valdez OF Chase DeLauter P Sean Burke P Andrew Painter SS Geraldo Perdomo,,,
1293,5220730882,darrent,0,82.2,1B Bryce Harper 2B Bryson Stott 3B Charles McAdoo C Rafael Flores Jr. OF George Springer OF Heriberto Hernandez OF Brett Bateman P Dylan Cease P Sean Burke SS Francisco Lindor,,,
1298,5219871718,drpimpsumn,0,82.1,1B Jared Young 2B Jake Cronenworth 3B Kevin McGonigle C Gabriel Moreno OF Fernando Tatis Jr. OF Corbin Carroll OF Carson Benge P Eury Perez P Patrick Sandoval SS Francisco Lindor,,,
1298,5220478733,tksauns22,0,82.1,1B Munetaka Murakami 2B Royce Lewis 3B Miguel Vargas C Freddy Fermin OF Ceddanne Rafaela OF Sam Antonacci OF Braden Montgomery P Eury Perez P Patrick Sandoval SS Colson Montgomery,,,
1298,5220644584,Yesbabi,0,82.1,1B Josh Bell 2B Royce Lewis 3B Alec Bohm C Alejandro Kirk OF Ronald Acuna Jr. OF Byron Buxton OF Wilyer Abreu P Eury Perez P Patrick Sandoval SS Kaelen Culpepper,,,
1298,5220676166,dean78904,0,82.1,1B Luis Garcia Jr. 2B Kody Clemens 3B Ryan McMahon C Ben Rice OF Trent Grisham OF A.J. Ewing OF Spencer Jones P Eury Perez P Dean Kremer SS Francisco Lindor,,,
1298,5220707683,getingreen,0,82.1,1B Matt Olson 2B Brett Baty 3B Ryan McMahon C Drake Baldwin OF Ronald Acuna Jr. OF Fernando Tatis Jr. OF Carson Benge P Ryan Weathers P Patrick Sandoval SS Javier Baez,,,
1303,5220540102,HighsideRcn,0,82.05,1B Tim Tawa 2B Chase Meidroth 3B Ryan McMahon C Gabriel Moreno OF Ronald Acuna Jr. OF Corbin Carroll OF Max Kepler P Dylan Cease P Dean Kremer SS Geraldo Perdomo,,,
1304,5220658429,dacoltz,0,81.95,1B Abimelec Ortiz 2B Ketel Marte 3B Jorbit Vivas C Gabriel Moreno OF Corbin Carroll OF Dylan Crews OF Daylen Lile P Eury Perez P Drew Anderson SS CJ Abrams,,,
1305,5220429545,kokidd60,0,81.9,1B Alec Bohm 2B Sam Antonacci 3B Nolan Arenado C Gabriel Moreno OF Bryce Harper OF Ceddanne Rafaela OF Carson Benge P Casey Mize P Patrick Sandoval SS Francisco Lindor,,,
1305,5220711098,spartydawgz75,0,81.9,1B Kyle Schwarber 2B Bryson Stott 3B Colt Keith C Alejandro Kirk OF Bryce Harper OF JJ Bleday OF Jackson Merrill P Nick Lodolo P Drew Anderson SS Kevin McGonigle,,,
1307,5220589424,CoachSoftball26,0,81.8,1B Ty France 2B Royce Lewis 3B Eugenio Suarez C James McCann OF Fernando Tatis Jr. OF Jackson Merrill OF Steven Kwan P Dylan Cease P Michael Soroka SS Kaelen Culpepper,,,
1308,5220069852,samthamancann,0,81.75,1B Ty France 2B Chase Meidroth 3B Kazuma Okamoto C Drake Baldwin OF Michael Harris II OF Luis Robert Jr. OF Jo Adell P Dylan Cease P Bryce Elder SS Javier Baez,,,
1308,5220307348,from_Fresno,0,81.75,1B Josh Bell 2B Ketel Marte 3B Nolan Arenado C Victor Caratini OF Corbin Carroll OF Kody Clemens OF Max Kepler P Eury Perez P Christian Scott SS Geraldo Perdomo,,,
1308,5220586049,Zugg,0,81.75,1B Kyle Schwarber 2B Bryson Stott 3B Colt Keith C Henry Davis OF Bryce Harper OF Chase DeLauter OF Mike Yastrzemski P Dylan Cease P Tanner Bibee SS Jim Jarvis,,,
1308,5220640268,GWPeppers,0,81.75,1B Josh Bell 2B Anthony Seigler 3B Colson Montgomery C Victor Caratini OF Wilyer Abreu OF Corbin Carroll OF Ceddanne Rafaela P Eury Perez P Christian Scott SS Francisco Lindor,,,
1308,5220657217,swift280,0,81.75,1B Kyle Schwarber 2B Ozzie Albies 3B Bo Bichette C Adley Rutschman OF A.J. Ewing OF Spencer Jones OF Tim Tawa P Ryan Weathers P Christian Scott SS Francisco Lindor,,,
1308,5220674843,scotty1970,0,81.75,1B Matt Olson 2B Kody Clemens 3B Miguel Vargas C Jose Trevino OF Bryce Harper OF Sam Antonacci OF Mike Yastrzemski P Sean Burke P Patrick Sandoval SS Andruw Monasterio,,,
1314,5220094706,11rowe,0,81.7,1B Charles McAdoo 2B Ketel Marte 3B Kazuma Okamoto C Alejandro Kirk OF Wilyer Abreu OF Chase DeLauter OF Steven Kwan P Dylan Cease P Christian Scott SS Francisco Lindor,,,
1314,5220529931,astockstill,0,81.7,1B Nick Sogard 2B Anthony Seigler 3B Nolan Arenado C Gabriel Moreno OF Wilyer Abreu OF Corbin Carroll OF Jorge Barrosa P Dylan Cease P Christian Scott SS Geraldo Perdomo,,,
1314,5220723375,ShowboatKing,0,81.7,1B Michael Toglia 2B Royce Lewis 3B Eugenio Suarez C Jose Trevino OF JJ Bleday OF Trevor Larnach OF Luke Keaschall P Dylan Cease P Christian Scott SS Elly De La Cruz,,,
1317,5220125489,chelterbrand,0,81.55,1B Ty France 2B Xavier Edwards 3B Colt Keith C Adley Rutschman OF Carson Benge OF Jo Adell OF Steven Kwan P Dylan Cease P Eury Perez SS Geraldo Perdomo,,,
1317,5220419542,Fortyoz,0,81.55,1B Ty France 2B Nick Sogard 3B Charles McAdoo C Rafael Flores Jr. OF Corbin Carroll OF A.J. Ewing OF Trevor Larnach P Dylan Cease P Eury Perez SS Francisco Lindor,,,
1317,5220654496,ametz15,0,81.55,1B Jared Young 2B Royce Lewis 3B Jared Triolo C Rafael Flores Jr. OF Carson Benge OF A.J. Ewing OF Mike Yastrzemski P Dylan Cease P Eury Perez SS CJ Abrams,,,
1317,5220664672,whelanjm11,0,81.55,1B Josh Bell 2B Ketel Marte 3B Bryson Stott C James McCann OF Corbin Carroll OF Brett Bateman OF Daz Cameron P Dylan Cease P Eury Perez SS Geraldo Perdomo,,,
1317,5220699326,townythetiger,0,81.55,1B Munetaka Murakami 2B Sam Antonacci 3B Bo Bichette C Drake Baldwin OF Carson Benge OF A.J. Ewing OF Luis Robert Jr. P Ryan Weathers P Andrew Painter SS Francisco Lindor,,,
1317,5220726284,Coryt22,0,81.55,1B Matt Olson 2B Ketel Marte 3B Charles McAdoo C Rafael Flores Jr. OF Fernando Tatis Jr. OF Corbin Carroll OF Ceddanne Rafaela P Eury Perez P Andrew Painter SS Francisco Lindor,,,
1323,5220577366,legggggggggy,0,81.5,1B Miguel Vargas 2B Chase Meidroth 3B Brady House C Gabriel Moreno OF Wilyer Abreu OF Corbin Carroll OF Max Kepler P Dylan Cease P Andrew Painter SS Edmundo Sosa,,,
1323,5220611598,noahopz,0,81.5,1B Alec Bohm 2B Ernie Clement 3B Bryson Stott C Gabriel Moreno OF Bryce Harper OF Chase DeLauter OF Brett Bateman P Dylan Cease P Andrew Painter SS CJ Abrams,,,
1325,5220449064,T.Martin,0,81.4,1B Munetaka Murakami 2B Ernie Clement 3B Miguel Vargas C Alejandro Kirk OF Wilyer Abreu OF George Springer OF Kahlil Watson P Eury Perez P Casey Mize SS Geraldo Perdomo,,,
1325,5220517535,cj97825,0,81.4,1B Jared Young 2B Chase Meidroth 3B Miguel Vargas C Rafael Flores Jr. OF Corbin Carroll OF Jackson Merrill OF Carson Benge P Sean Burke P Christian Scott SS Francisco Lindor,,,
1325,5220740153,rjhiller,0,81.4,1B Jared Young 2B Bryson Stott 3B Eugenio Suarez C Gabriel Moreno OF Wilyer Abreu OF Corbin Carroll OF Tim Tawa P Sean Burke P Christian Scott SS Francisco Lindor,,,
1328,5220538374,ajb04,0,81.3,1B Kyle Schwarber 2B Bryson Stott 3B Alec Bohm C Gabriel Moreno OF Bryce Harper OF Corbin Carroll OF Tim Tawa P Tanner Bibee P Patrick Sandoval SS Geraldo Perdomo,,,
1329,5220420949,redrum305,0,81.25,1B Jared Young 2B Luis Arraez 3B Bryson Stott C Gabriel Moreno OF Bryce Harper OF Carson Benge OF Daz Cameron P Sean Burke P Eury Perez SS Francisco Lindor,,,
1329,5220614820,romegator,0,81.25,1B Kyle Schwarber 2B Xavier Edwards 3B Charles McAdoo C Luis Torrens OF Bryce Harper OF Carson Benge OF A.J. Ewing P Sean Burke P Eury Perez SS Jared Triolo,,,
1331,5220654584,odutim,0,81.2,1B Kyle Schwarber 2B Bryson Stott 3B Bo Bichette C Luis Torrens OF Corbin Carroll OF Ceddanne Rafaela OF Heriberto Hernandez P Sean Burke P Andrew Painter SS Francisco Lindor,,,
1331,5220726829,MonteJr5,0,81.2,1B Matt Olson 2B Matt McLain 3B Ryan McMahon C Freddy Fermin OF Michael Harris II OF George Springer OF Luis Rengifo P Dylan Cease P Sean Burke SS Geraldo Perdomo,,,
1333,5220345319,tori6,0,81.05,1B Charles McAdoo 2B Brandon Lowe 3B Caleb Durbin C Adley Rutschman OF Wilyer Abreu OF Bryan Reynolds OF Esmerlyn Valdez P Michael Soroka P Tanner Bibee SS Andruw Monasterio,,,
1333,5220393742,TimmyD1125,0,81.05,1B Matt Olson 2B Chase Meidroth 3B Brooks Lee C Eduardo Valencia OF George Springer OF Angel Martinez OF Austin Hays P Dylan Cease P Patrick Sandoval SS Francisco Lindor,,,
1333,5220454560,Jeremyrenk,0,81.05,1B Alec Bohm 2B Ketel Marte 3B Nolan Arenado C Gabriel Moreno OF Jackson Merrill OF Brandon Marsh OF A.J. Ewing P Dylan Cease P Patrick Sandoval SS Andruw Monasterio,,,
1333,5220605999,jayahrr,0,81.05,1B Kyle Schwarber 2B Anthony Seigler 3B Bryson Stott C Adley Rutschman OF Bryce Harper OF Jarren Duran OF Daz Cameron P Dylan Cease P Patrick Sandoval SS Edmundo Sosa,,,
1333,5220743895,Wfrazier,0,81.05,1B Josh Bell 2B Brett Baty 3B Brooks Lee C Rafael Flores Jr. OF Byron Buxton OF Michael Harris II OF Trevor Larnach P Sean Burke P Casey Mize SS Francisco Lindor,,,
1338,5220635839,dodgerfan3325,0,80.8,1B Kazuma Okamoto 2B Brett Baty 3B Brady House C Alejandro Kirk OF Dylan Crews OF Esmerlyn Valdez OF Carson Benge P Dylan Cease P Michael Soroka SS Geraldo Perdomo,,,
1339,5220320168,k-mac,0,80.7,1B Sal Stewart 2B Jorge Polanco 3B Eugenio Suarez C Jose Trevino OF JJ Bleday OF Luis Robert Jr. OF Brett Baty P Dylan Cease P Christian Scott SS Elly De La Cruz,,,
1339,5220622825,olsuperdave1b,0,80.7,1B Jared Young 2B Royce Lewis 3B Jared Triolo C Henry Davis OF Byron Buxton OF Carson Benge OF A.J. Ewing P Dylan Cease P Christian Scott SS Kevin McGonigle,,,
1341,5220380854,edgelesscart,0,80.55,1B Abimelec Ortiz 2B Ernie Clement 3B Brady House C Alejandro Kirk OF Dylan Crews OF Daylen Lile OF Daz Cameron P Dylan Cease P Eury Perez SS CJ Abrams,,,
1341,5220739953,fnorris1818,0,80.55,1B Kyle Schwarber 2B Luis Arraez 3B Miguel Vargas C Alejandro Kirk OF Carson Benge OF Jarren Duran OF Brett Baty P Eury Perez P Nick Lodolo SS Geraldo Perdomo,,,
1343,5220533107,unico10,0,80.5,1B Abimelec Ortiz 2B Nick Sogard 3B Brady House C Drew Romo OF Wilyer Abreu OF Ceddanne Rafaela OF Jackson Merrill P Dylan Cease P Nick Lodolo SS CJ Abrams,,,
1344,5220552276,sdot2350,0,80.4,1B Jared Young 2B Kody Clemens 3B Bo Bichette C Victor Caratini OF Byron Buxton OF Carson Benge OF A.J. Ewing P Sean Burke P Christian Scott SS Francisco Lindor,,,
1344,5220570077,dublinking,0,80.4,1B Matt Olson 2B Ozzie Albies 3B Bryson Stott C Drake Baldwin OF Carson Benge OF Dominic Smith OF Mike Yastrzemski P Sean Burke P Christian Scott SS Francisco Lindor,,,
1344,5220725030,the4amigos,0,80.4,1B Tim Tawa 2B Ernie Clement 3B Colson Montgomery C Gabriel Moreno OF Ronald Acuna Jr. OF Corbin Carroll OF Max Kepler P Sean Burke P Christian Scott SS Otto Lopez,,,
1347,5220640211,moldova,0,80.35,1B Munetaka Murakami 2B Sam Antonacci 3B Miguel Vargas C Keibert Ruiz OF Daylen Lile OF Braden Montgomery OF Andrew Benintendi P Michael Soroka P Patrick Sandoval SS Francisco Lindor,,,
1347,5220682322,Alexben06,0,80.35,1B Rafael Flores Jr. 2B Jake Cronenworth 3B Charles McAdoo C Drake Baldwin OF Byron Buxton OF JJ Bleday OF Daylen Lile P Casey Mize P Nick Lodolo SS CJ Abrams,,,
1349,5220735923,sgibson619,0,80.25,1B Alec Bohm 2B Brett Baty 3B Nolan Arenado C Rafael Flores Jr. OF Fernando Tatis Jr. OF Wilyer Abreu OF Corbin Carroll P Sean Burke P Eury Perez SS Jared Triolo,,,
1350,5220538073,jp_walkemdown,0,80.2,1B Nick Sogard 2B Sam Antonacci 3B Miguel Vargas C Freddy Fermin OF Corbin Carroll OF Jackson Merrill OF Brett Baty P Dylan Cease P Sean Burke SS Kaelen Culpepper,,,
1350,5220696286,jerbk2134,0,80.2,1B Miguel Vargas 2B Ernie Clement 3B Brady House C Rafael Flores Jr. OF Michael Harris II OF Braden Montgomery OF Luis Robert Jr. P Dylan Cease P Sean Burke SS Xander Bogaerts,,,
1352,5220439386,adavison,0,80.05,1B Ty France 2B Xavier Edwards 3B Manny Machado C Brian Navarreto OF Fernando Tatis Jr. OF Heriberto Hernandez OF Jakob Marsee P Dylan Cease P Patrick Sandoval SS Otto Lopez,,,
1352,5220743465,roborick822,0,80.05,1B Jared Young 2B Royce Lewis 3B Charles McAdoo C Adley Rutschman OF Byron Buxton OF Carson Benge OF Trevor Larnach P Dylan Cease P Dean Kremer SS Francisco Lindor,,,
1354,5220611458,Hershh,0,80,1B Kazuma Okamoto 2B Ketel Marte 3B Bo Bichette C Alejandro Kirk OF Corbin Carroll OF A.J. Ewing OF George Springer P Michael Soroka P Christian Scott SS Geraldo Perdomo,,,
1355,5220693108,kyleputt,0,79.75,1B Kyle Schwarber 2B Jorge Polanco 3B Ryan McMahon C Ben Rice OF Carson Benge OF A.J. Ewing OF Spencer Jones P Eury Perez P Christian Scott SS Francisco Lindor,,,
1355,5220711661,UAFLEX2140,0,79.75,1B Tim Tawa 2B Ketel Marte 3B Nolan Arenado C Gabriel Moreno OF Corbin Carroll OF Carson Benge OF A.J. Ewing P Eury Perez P Christian Scott SS Francisco Lindor,,,
1357,5220536437,hart03,0,79.7,1B Kyle Schwarber 2B Bryson Stott 3B Leo Jimenez C Brian Navarreto OF Brandon Marsh OF Jakob Marsee OF Edmundo Sosa P Dylan Cease P Christian Scott SS Elly De La Cruz,,,
1357,5220625417,davem,0,79.7,1B Spencer Torkelson 2B Bryson Stott 3B Eugenio Suarez C Adley Rutschman OF Jarren Duran OF Jo Adell OF Andrew Benintendi P Dylan Cease P Christian Scott SS Colson Montgomery,,,
1357,5220703949,bsablin,0,79.7,1B Royce Lewis 2B Bryson Stott 3B Bo Bichette C Adley Rutschman OF Wilyer Abreu OF Ceddanne Rafaela OF Trevor Larnach P Christian Scott P Nick Lodolo SS Francisco Lindor,,,
1360,5220303816,JackMino-Altherr,0,79.55,1B Sal Stewart 2B Gleyber Torres 3B Ryan McMahon C Ben Rice OF Fernando Tatis Jr. OF Braden Montgomery OF Brett Bateman P Casey Mize P Christian Scott SS Andruw Monasterio,,,
1360,5220566917,verdineka,0,79.55,1B Bryce Harper 2B Luis Arraez 3B Caleb Durbin C Gabriel Moreno OF Ronald Acuna Jr. OF Jackson Merrill OF Myles Straw P Eury Perez P Andrew Painter SS Francisco Lindor,,,
1362,5220417403,giantsquid,0,79.5,1B Abimelec Ortiz 2B Matt McLain 3B Eugenio Suarez C Keibert Ruiz OF JJ Bleday OF Daylen Lile OF Luis Robert Jr. P Dylan Cease P Nick Lodolo SS CJ Abrams,,,
1362,5220484279,Dennissallee,0,79.5,1B Alec Bohm 2B Ketel Marte 3B Bryson Stott C Gabriel Moreno OF Bryce Harper OF Corbin Carroll OF Max Kepler P Nick Lodolo P Andrew Painter SS CJ Abrams,,,
1362,5220628562,psumav,0,79.5,1B Kyle Schwarber 2B Jorge Polanco 3B Bryson Stott C Drew Romo OF Bryce Harper OF Carson Benge OF A.J. Ewing P Dylan Cease P Andrew Painter SS Francisco Lindor,,,
1362,5220688942,Jeffbro300,0,79.5,1B Kyle Schwarber 2B Chase Meidroth 3B Nolan Arenado C Luis Torrens OF Corbin Carroll OF Jackson Merrill OF Tim Tawa P Dylan Cease P Andrew Painter SS Francisco Lindor,,,
1366,5220433820,rsr3883,0,79.35,1B Nick Sogard 2B Gleyber Torres 3B Charles McAdoo C Adley Rutschman OF Wilyer Abreu OF Ceddanne Rafaela OF Tristan Peters P Dylan Cease P Casey Mize SS Andruw Monasterio,,,
1367,5220449123,cmoehn13,0,79.25,1B Kyle Schwarber 2B Bryson Stott 3B Alec Bohm C Rafael Flores Jr. OF Brandon Marsh OF Carson Benge OF Tim Tawa P Sean Burke P Eury Perez SS Francisco Lindor,,,
1367,5220575628,woodrovitch,0,79.25,1B Kyle Schwarber 2B Luis Arraez 3B Bryson Stott C Luis Torrens OF Bryce Harper OF Carson Benge OF Trevor Larnach P Christian Scott P Patrick Sandoval SS Francisco Lindor,,,
1369,5220523220,Tyriq0514,0,79.2,1B Kazuma Okamoto 2B Ernie Clement 3B Alec Bohm C Alejandro Kirk OF Byron Buxton OF Brandon Marsh OF Brett Bateman P Dylan Cease P Sean Burke SS Colson Montgomery,,,
1369,5220674735,jgbillscuse,0,79.2,1B Kyle Schwarber 2B Bryson Stott 3B Alec Bohm C Alejandro Kirk OF Brandon Marsh OF George Springer OF Brett Bateman P Dylan Cease P Sean Burke SS Kaelen Culpepper,,,
1371,5220587038,sheed6,0,79.1,1B Jared Young 2B Gleyber Torres 3B Bo Bichette C Dillon Dingler OF Daylen Lile OF Carson Benge OF A.J. Ewing P Eury Perez P Patrick Sandoval SS Francisco Lindor,,,
1372,5220604303,roonish87,0,79.05,1B Kyle Schwarber 2B Jake Cronenworth 3B Charles McAdoo C Alejandro Kirk OF Bryce Harper OF Wilyer Abreu OF Daz Cameron P Dylan Cease P Patrick Sandoval SS Andruw Monasterio,,,
1373,5220571679,TopCorner,0,78.9,1B Jared Young 2B Ketel Marte 3B Nolan Arenado C Gabriel Moreno OF Corbin Carroll OF Carson Benge OF A.J. Ewing P Dylan Cease P Drew Anderson SS Geraldo Perdomo,,,
1374,5220521508,shadd13,0,78.8,1B Luis Garcia Jr. 2B Gleyber Torres 3B Brady House C Keibert Ruiz OF Daylen Lile OF Jacob Young OF Dominic Smith P Eury Perez P Bryce Elder SS CJ Abrams,,,
1375,5220429790,needlunchmoney,0,78.75,1B Luis Garcia Jr. 2B Brett Baty 3B Ryan McMahon C Ben Rice OF Corbin Carroll OF Trent Grisham OF Spencer Jones P Eury Perez P Christian Scott SS Geraldo Perdomo,,,
1375,5220443551,kudos72off,0,78.75,1B Matt Olson 2B Ozzie Albies 3B Colson Montgomery C Shawn Ross OF Ronald Acuna Jr. OF Fernando Tatis Jr. OF Michael Harris II P Sean Burke P Dean Kremer SS Kaelen Culpepper,,,
1375,5220626899,chickenfoot597PF,0,78.75,1B Munetaka Murakami 2B Jake Cronenworth 3B Miguel Vargas C James McCann OF Fernando Tatis Jr. OF Jackson Merrill OF Braden Montgomery P Sean Burke P Patrick Sandoval SS Colson Montgomery,,,
1375,5220665606,Cstevenson96,0,78.75,1B Rhys Hoskins 2B Travis Bazzana 3B Jose Ramirez C Luis Torrens OF Chase DeLauter OF Carson Benge OF Steven Kwan P Dylan Cease P Bryce Elder SS Francisco Lindor,,,
1375,5220683773,bronxbs,0,78.75,1B Sal Stewart 2B Sam Antonacci 3B Caleb Durbin C Gabriel Moreno OF Ceddanne Rafaela OF Esmerlyn Valdez OF Spencer Jones P Ryan Weathers P Christian Scott SS Geraldo Perdomo,,,
1375,5220714003,NYMicky,0,78.75,1B Jared Young 2B Sam Antonacci 3B Miguel Vargas C Gabriel Moreno OF Corbin Carroll OF Carson Benge OF Luis Robert Jr. P Sean Burke P Dean Kremer SS Francisco Lindor,,,
1375,5220735694,Maloney14,0,78.75,1B Charles McAdoo 2B Ernie Clement 3B Jared Triolo C Alejandro Kirk OF Bryce Harper OF Sam Antonacci OF George Springer P Dylan Cease P Bryce Elder SS CJ Abrams,,,
1382,5220285736,nycgator12,0,78.55,1B Josh Bell 2B Nick Sogard 3B Jared Triolo C Gabriel Moreno OF Fernando Tatis Jr. OF A.J. Ewing OF Steven Kwan P Dylan Cease P Eury Perez SS Geraldo Perdomo,,,
1382,5220437531,n8thgr8,0,78.55,1B Charles McAdoo 2B Ketel Marte 3B Nolan Arenado C Gabriel Moreno OF Corbin Carroll OF Steven Kwan OF Brett Bateman P Dylan Cease P Eury Perez SS Geraldo Perdomo,,,
1384,5220657632,Wolfball,0,78.5,1B Munetaka Murakami 2B Matt McLain 3B Miguel Vargas C Gabriel Moreno OF Corbin Carroll OF Sam Antonacci OF Braden Montgomery P Nick Lodolo P Andrew Painter SS Elly De La Cruz,,,
1385,5220683990,scottaberg,0,78.4,1B Munetaka Murakami 2B Sam Antonacci 3B Miguel Vargas C Brian Navarreto OF Jackson Merrill OF A.J. Ewing OF Andrew Benintendi P Sean Burke P Christian Scott SS Francisco Lindor,,,
1385,5220686638,TECON3,0,78.4,1B Munetaka Murakami 2B Sam Antonacci 3B Miguel Vargas C Drew Romo OF Wilyer Abreu OF Ceddanne Rafaela OF Mike Yastrzemski P Sean Burke P Christian Scott SS Andruw Monasterio,,,
1385,5220727393,TKNation,0,78.4,1B Kyle Schwarber 2B Bryson Stott 3B Alec Bohm C James McCann OF Brandon Marsh OF Carson Benge OF A.J. Ewing P Sean Burke P Christian Scott SS Francisco Lindor,,,
1388,5220695164,Alamanni,0,78.3,1B Ty France 2B Luis Arraez 3B Bryson Stott C Gabriel Moreno OF Ronald Acuna Jr. OF Fernando Tatis Jr. OF Esmerlyn Valdez P Bryce Elder P Patrick Sandoval SS Andruw Monasterio,,,
1389,5220356523,Mr.Jay17,0,78.25,1B Jared Young 2B Luis Arraez 3B Bo Bichette C Gabriel Moreno OF Carson Benge OF A.J. Ewing OF Steven Kwan P Sean Burke P Eury Perez SS Francisco Lindor,,,
1389,5220489304,gmoneyez,0,78.25,1B Jared Young 2B Brandon Lowe 3B Bo Bichette C Rafael Flores Jr. OF Carson Benge OF A.J. Ewing OF Billy Cook P Sean Burke P Eury Perez SS Francisco Lindor,,,
1389,5220619263,mp1mp2,0,78.25,1B Munetaka Murakami 2B Bryson Stott 3B Colson Montgomery C Drew Romo OF Wilyer Abreu OF Carson Benge OF Tristan Peters P Sean Burke P Eury Perez SS Geraldo Perdomo,,,
1389,5220682238,BobCat2155,0,78.25,1B Kyle Schwarber 2B Bryson Stott 3B Jorge Polanco C Luis Torrens OF Bryce Harper OF Carson Benge OF Daz Cameron P Sean Burke P Eury Perez SS Francisco Lindor,,,
1389,5220732335,ElChap0_daReaper,0,78.25,1B Josh Bell 2B Royce Lewis 3B Jared Triolo C Gabriel Moreno OF Byron Buxton OF Kody Clemens OF Trevor Larnach P Sean Burke P Ryan Weathers SS Brayan Rocchio,,,
1394,5220326022,KenyanDrake,0,78.2,1B Munetaka Murakami 2B Ernie Clement 3B Kazuma Okamoto C Alejandro Kirk OF Sam Antonacci OF Andrew Benintendi OF Myles Straw P Dylan Cease P Sean Burke SS Colson Montgomery,,,
1394,5220403939,jbari64,0,78.2,1B Ty France 2B Jose Caballero 3B Caleb Durbin C Alejandro Kirk OF Sam Antonacci OF Max Clark OF Luis Rengifo P Dylan Cease P Sean Burke SS Andruw Monasterio,,,
1394,5220658898,paulcruise,0,78.2,1B Abimelec Ortiz 2B Nick Sogard 3B Charles McAdoo C Victor Caratini OF Wilyer Abreu OF Corbin Carroll OF Bryan Reynolds P Dylan Cease P Sean Burke SS Andruw Monasterio,,,
1394,5220688448,BMOQ,0,78.2,1B Royce Lewis 2B Sam Antonacci 3B Charles McAdoo C Alejandro Kirk OF Michael Harris II OF A.J. Ewing OF Braden Montgomery P Dylan Cease P Sean Burke SS Xander Bogaerts,,,
1398,5220508016,nickyflash1,0,78.1,1B Kyle Schwarber 2B Luis Arraez 3B Bryson Stott C Luis Torrens OF Bryce Harper OF A.J. Ewing OF Justin Crawford P Ryan Weathers P Patrick Sandoval SS Francisco Lindor,,,
1398,5220587672,anniefitz,0,78.1,1B Kazuma Okamoto 2B Ozzie Albies 3B Nolan Arenado C Gabriel Moreno OF Fernando Tatis Jr. OF Corbin Carroll OF Jo Adell P Eury Perez P Dean Kremer SS Colson Montgomery,,,
1400,5220490887,rondelt,0,78.05,1B Kazuma Okamoto 2B Nick Sogard 3B Caleb Durbin C Alejandro Kirk OF Bryce Harper OF Ceddanne Rafaela OF Esmerlyn Valdez P Dylan Cease P Patrick Sandoval SS Xander Bogaerts,,,
1400,5220586127,brianstacia,0,78.05,1B Kyle Schwarber 2B Brett Baty 3B Bryson Stott C Luis Torrens OF Carson Benge OF Jarren Duran OF A.J. Ewing P Dylan Cease P Patrick Sandoval SS Francisco Lindor,,,
1402,5220544449,Dcrkjas,0,78,1B Luis Garcia Jr. 2B Sam Antonacci 3B Bryson Stott C Victor Caratini OF Bryan Reynolds OF Daylen Lile OF A.J. Ewing P Casey Mize P Jake Irvin SS Elly De La Cruz,,,
1402,5220696239,hawleywood88,0,78,1B Josh Bell 2B Gleyber Torres 3B Nolan Arenado C J.T. Realmuto OF Bryan Reynolds OF JJ Bleday OF Ceddanne Rafaela P Michael Soroka P Christian Scott SS Otto Lopez,,,
1404,5220154368,wolfjb1,0,77.95,1B Kyle Schwarber 2B Bryson Stott 3B Nolan Arenado C Gabriel Moreno OF Corbin Carroll OF Max Kepler OF Brett Baty P Ryan Weathers P Drew Anderson SS Kevin McGonigle,,,
1405,5220500996,toby2977,0,77.8,1B Bryce Harper 2B Luis Arraez 3B Manny Machado C Ben Rice OF Max Clark OF Spencer Jones OF Steven Kwan P Ryan Weathers P Bryce Elder SS Javier Baez,,,
1406,5220703033,Frisco5x,0,77.75,1B Kyle Schwarber 2B Brett Baty 3B Ryan McMahon C Brian Navarreto OF Ronald Acuna Jr. OF Byron Buxton OF Luke Keaschall P Eury Perez P Christian Scott SS Francisco Lindor,,,
1407,5220622429,nuge15,0,77.7,1B Kyle Schwarber 2B Brett Baty 3B Nolan Arenado C J.T. Realmuto OF Carson Benge OF A.J. Ewing OF Luis Robert Jr. P Dylan Cease P Christian Scott SS Edmundo Sosa,,,
1408,5220379703,samsdog,0,77.6,1B Miguel Vargas 2B Chase Meidroth 3B Bo Bichette C Luis Torrens OF Ronald Acuna Jr. OF Brandon Marsh OF Chase DeLauter P Patrick Sandoval P Dean Kremer SS Elly De La Cruz,,,
1408,5220395279,ashimono,0,77.6,1B Josh Bell 2B Luis Arraez 3B Bryson Stott C Gabriel Moreno OF Trent Grisham OF Sam Antonacci OF Max Kepler P Eury Perez P Ryan Weathers SS Geraldo Perdomo,,,
1408,5220446321,Denslions13,0,77.6,1B Nathaniel Lowe 2B Ozzie Albies 3B Colt Keith C Adley Rutschman OF Michael Harris II OF Daylen Lile OF Carson Benge P Eury Perez P Ryan Weathers SS Geraldo Perdomo,,,
1408,5220541925,jcreevs,0,77.6,1B Josh Bell 2B Royce Lewis 3B Bryson Stott C Victor Caratini OF Corbin Carroll OF Daylen Lile OF Steven Kwan P Eury Perez P Ryan Weathers SS Francisco Lindor,,,
1412,5220676768,dirtyred718,0,77.55,1B Abimelec Ortiz 2B Bryson Stott 3B Caleb Durbin C Drake Baldwin OF Wilyer Abreu OF Corbin Carroll OF Trent Grisham P Eury Perez P Nick Lodolo SS Andruw Monasterio,,,
1413,5220614914,theicon3,0,77.5,1B Sal Stewart 2B Ketel Marte 3B Eugenio Suarez C Gabriel Moreno OF Corbin Carroll OF George Springer OF Brett Bateman P Dylan Cease P Nick Lodolo SS Jared Triolo,,,
1414,5220619889,Dillonator03,0,77.45,1B Matt Olson 2B Ozzie Albies 3B Nolan Arenado C Drake Baldwin OF Ronald Acuna Jr. OF Corbin Carroll OF Dominic Smith P Patrick Sandoval P Drew Anderson SS Geraldo Perdomo,,,
1415,5220692731,diorio1993,0,77.4,1B Luis Garcia Jr. 2B Ketel Marte 3B Bo Bichette C Austin Wells OF Ronald Acuna Jr. OF JJ Bleday OF Spencer Jones P Sean Burke P Christian Scott SS George Lombard Jr.,,,
1416,5220297629,post25,0,77.25,1B Ty France 2B Jorge Polanco 3B Manny Machado C Agustin Ramirez OF Fernando Tatis Jr. OF Jackson Merrill OF Brett Baty P Sean Burke P Eury Perez SS Francisco Lindor,,,
1417,5220433503,rickybobbyns,0,77.2,1B Abimelec Ortiz 2B Brett Baty 3B Brady House C Luis Torrens OF Dylan Crews OF Carson Benge OF Luis Robert Jr. P Dylan Cease P Sean Burke SS Francisco Lindor,,,
1417,5220634612,jsw1264,0,77.2,1B Jared Young 2B Nick Sogard 3B Nolan Arenado C Luis Torrens OF Fernando Tatis Jr. OF Corbin Carroll OF Brett Bateman P Dylan Cease P Sean Burke SS Francisco Lindor,,,
1417,5220642056,Drew571,0,77.2,1B Nathaniel Lowe 2B Sam Antonacci 3B Colson Montgomery C Agustin Ramirez OF Carson Benge OF A.J. Ewing OF Brett Baty P Dylan Cease P Sean Burke SS Andruw Monasterio,,,
1417,5220741672,gogosox2005,0,77.2,1B Jared Young 2B Chase Meidroth 3B Brooks Lee C James McCann OF Wilyer Abreu OF Carson Benge OF Steven Kwan P Dylan Cease P Sean Burke SS Francisco Lindor,,,
1421,5220369405,SoulJack,0,77.1,1B Munetaka Murakami 2B Sam Antonacci 3B Miguel Vargas C Adley Rutschman OF Trent Grisham OF Carson Benge OF Jorge Barrosa P Ryan Weathers P Dean Kremer SS Francisco Lindor,,,
1421,5220565106,RTR_Hope,0,77.1,1B Matt Olson 2B Ketel Marte 3B Jorge Polanco C Drake Baldwin OF Corbin Carroll OF A.J. Ewing OF Mike Yastrzemski P Eury Perez P Patrick Sandoval SS Geraldo Perdomo,,,
1423,5220386807,MoCityTexans,0,77.05,1B Nick Sogard 2B Royce Lewis 3B Caleb Durbin C Adley Rutschman OF Kody Clemens OF Ceddanne Rafaela OF Trevor Larnach P Dylan Cease P Dean Kremer SS Andruw Monasterio,,,
1423,5220711518,tdtwam,0,77.05,1B Kyle Schwarber 2B Bryson Stott 3B Eugenio Suarez C Rafael Flores Jr. OF Bryce Harper OF Chase DeLauter OF Steven Kwan P Michael Soroka P Bryce Elder SS Francisco Lindor,,,
1425,5220093084,Technics,0,76.9,1B Nathaniel Lowe 2B Matt McLain 3B Eugenio Suarez C Gabriel Moreno OF Corbin Carroll OF JJ Bleday OF TJ Friedl P Dylan Cease P Drew Anderson SS Elly De La Cruz,,,
1426,5220592979,gmull73,0,76.8,1B Josh Bell 2B Ozzie Albies 3B Caleb Durbin C Drake Baldwin OF Fernando Tatis Jr. OF Jake Mangum OF Jarren Duran P Ryan Weathers P Bryce Elder SS Andruw Monasterio,,,
1427,5220466230,houstonreese,0,76.75,1B Kyle Schwarber 2B Luis Arraez 3B Brooks Lee C Victor Caratini OF Bryce Harper OF Kody Clemens OF Trevor Larnach P Sean Burke P Patrick Sandoval SS Kaelen Culpepper,,,
1427,5220585066,mikeyspivak,0,76.75,1B Royce Lewis 2B Ernie Clement 3B Miguel Vargas C Gabriel Moreno OF Corbin Carroll OF Sam Antonacci OF Andrew Benintendi P Sean Burke P Dean Kremer SS Francisco Lindor,,,
1427,5220709075,STL-Horace,0,76.75,1B Sal Stewart 2B Xavier Edwards 3B Brady House C Jose Trevino OF Michael Harris II OF JJ Bleday OF Billy Cook P Dylan Cease P Tanner Bibee SS Colson Montgomery,,,
1427,5220737804,vishy2773,0,76.75,1B Luis Garcia Jr. 2B Jose Caballero 3B Ryan McMahon C Adley Rutschman OF Fernando Tatis Jr. OF Trent Grisham OF Brett Bateman P Eury Perez P Christian Scott SS Francisco Lindor,,,
1431,5220735330,kylehumann21,0,76.6,1B Ty France 2B Ernie Clement 3B Bryson Stott C Drake Baldwin OF Fernando Tatis Jr. OF Ceddanne Rafaela OF Andrew Benintendi P Casey Mize P Bryce Elder SS Colson Montgomery,,,
1432,5220374162,Thebook79,0,76.55,1B Munetaka Murakami 2B Bryson Stott 3B Caleb Durbin C Connor Wong OF Bryce Harper OF Wilyer Abreu OF Brandon Marsh P Eury Perez P Andrew Painter SS Geraldo Perdomo,,,
1432,5220563593,emdidds24,0,76.55,1B Miguel Vargas 2B Nick Sogard 3B Caleb Durbin C Alejandro Kirk OF Wilyer Abreu OF Ceddanne Rafaela OF George Springer P Casey Mize P Christian Scott SS Colson Montgomery,,,
1434,5220577187,chuckface8,0,76.5,1B Kyle Schwarber 2B Luis Arraez 3B Bryson Stott C Alejandro Kirk OF Bryce Harper OF George Springer OF Brett Baty P Dylan Cease P Andrew Painter SS Edmundo Sosa,,,
1435,5220676814,beenjammin98,0,76.4,1B Kyle Schwarber 2B Luis Arraez 3B Bryson Stott C Luis Torrens OF Bryce Harper OF Carson Benge OF Luis Robert Jr. P Sean Burke P Christian Scott SS Kaelen Culpepper,,,
1436,5220682889,Poboyz,0,76.3,1B Josh Bell 2B Ernie Clement 3B Colson Montgomery C Connor Wong OF Ronald Acuna Jr. OF Byron Buxton OF Jackson Merrill P Tanner Bibee P Dean Kremer SS Elly De La Cruz,,,
1437,5220455586,Shurikens,0,76.2,1B Jared Young 2B Gleyber Torres 3B Brady House C Alejandro Kirk OF Corbin Carroll OF Steven Kwan OF Tim Tawa P Dylan Cease P Sean Burke SS Francisco Lindor,,,
1437,5220623213,cadezane1,0,76.2,1B Tim Tawa 2B Jake Cronenworth 3B Nolan Arenado C Austin Wells OF Wilyer Abreu OF Corbin Carroll OF Bryan Reynolds P Dylan Cease P Sean Burke SS Brayan Rocchio,,,
1437,5220719775,Clippy,0,76.2,1B Josh Bell 2B Chase Meidroth 3B Brooks Lee C James McCann OF Trent Grisham OF Braden Montgomery OF Luke Keaschall P Dylan Cease P Sean Burke SS Colson Montgomery,,,
1440,5220320473,TobyTucker,0,76.05,1B Ty France 2B Xavier Edwards 3B Caleb Durbin C Alejandro Kirk OF Corbin Carroll OF Chase DeLauter OF Steven Kwan P Dylan Cease P Dean Kremer SS Otto Lopez,,,
1440,5220422400,mdeez34,0,76.05,1B Munetaka Murakami 2B Royce Lewis 3B Caleb Durbin C Gabriel Moreno OF Ceddanne Rafaela OF Max Clark OF Daz Cameron P Sean Burke P Casey Mize SS Andruw Monasterio,,,
1440,5220670662,sheiraas,0,76.05,1B Nick Sogard 2B Ketel Marte 3B Charles McAdoo C Gabriel Moreno OF Corbin Carroll OF Ceddanne Rafaela OF Jarren Duran P Dylan Cease P Dean Kremer SS Geraldo Perdomo,,,
1443,5220445249,Kopi11,0,75.75,1B Jared Young 2B Ketel Marte 3B Bo Bichette C Gabriel Moreno OF Corbin Carroll OF Carson Benge OF A.J. Ewing P Sean Burke P Dean Kremer SS Francisco Lindor,,,
1443,5220519434,PinkiChilli60,0,75.75,1B Kazuma Okamoto 2B Nick Sogard 3B Nolan Arenado C Alejandro Kirk OF Ronald Acuna Jr. OF Ceddanne Rafaela OF Brandon Marsh P Eury Perez P Christian Scott SS Francisco Lindor,,,
1443,5220523640,lombardiavenue,0,75.75,1B Josh Bell 2B Nick Sogard 3B Bryson Stott C Adley Rutschman OF Michael Harris II OF Jake Mangum OF Trevor Larnach P Dylan Cease P Bryce Elder SS Geraldo Perdomo,,,
1443,5220681531,raysanman,0,75.75,1B Munetaka Murakami 2B Chase Meidroth 3B Brady House C Rafael Flores Jr. OF Wilyer Abreu OF Ceddanne Rafaela OF Spencer Jones P Ryan Weathers P Christian Scott SS Francisco Lindor,,,
1447,5220608872,BuckeyeCity,0,75.6,1B Abimelec Ortiz 2B Ketel Marte 3B Nolan Arenado C James McCann OF Corbin Carroll OF Max Kepler OF Jacob Young P Eury Perez P Ryan Weathers SS CJ Abrams,,,
1447,5220646986,frankdrebin,0,75.6,1B Jared Young 2B Ketel Marte 3B Bo Bichette C Gabriel Moreno OF Corbin Carroll OF Carson Benge OF A.J. Ewing P Sean Burke P Drew Anderson SS Francisco Lindor,,,
1449,5220711077,Racer9ine,0,75.55,1B Kyle Schwarber 2B Bryson Stott 3B Jared Triolo C Drake Baldwin OF Bryce Harper OF Michael Harris II OF Brandon Marsh P Eury Perez P Andrew Painter SS Kaelen Culpepper,,,
1450,5220295722,bearcat_coach,0,75.5,1B Munetaka Murakami 2B Sam Antonacci 3B Miguel Vargas C J.T. Realmuto OF Brandon Marsh OF Andrew Benintendi OF Brett Bateman P Dylan Cease P Andrew Painter SS Otto Lopez,,,
1450,5220412592,sportsfan14,0,75.5,1B Abimelec Ortiz 2B Nick Sogard 3B Jorbit Vivas C Keibert Ruiz OF Wilyer Abreu OF Ceddanne Rafaela OF Jacob Young P Dylan Cease P Nick Lodolo SS CJ Abrams,,,
1450,5220729442,billythekid29,0,75.5,1B Matt Olson 2B Ernie Clement 3B Nolan Arenado C Alejandro Kirk OF Bryce Harper OF Corbin Carroll OF Brett Bateman P Dylan Cease P Andrew Painter SS Geraldo Perdomo,,,
1453,5220252250,Tamrac,0,75.45,1B Matt Olson 2B Ketel Marte 3B Austin Riley C Gabriel Moreno OF Corbin Carroll OF Mike Yastrzemski OF Tim Tawa P Sean Burke P Tanner Bibee SS Geraldo Perdomo,,,
1453,5220501426,Tf1960,0,75.45,1B Ty France 2B Ozzie Albies 3B Bo Bichette C Gabriel Moreno OF Bryce Harper OF Fernando Tatis Jr. OF Michael Harris II P Patrick Sandoval P Drew Anderson SS Xander Bogaerts,,,
1455,5220578968,geraldcolviniii,0,75.25,1B Josh Bell 2B Xavier Edwards 3B Caleb Durbin C Agustin Ramirez OF Wilyer Abreu OF Brandon Marsh OF Mike Yastrzemski P Sean Burke P Eury Perez SS Colson Montgomery,,,
1456,5220631435,kingofthahill1976,0,75.2,1B Ty France 2B Jake Cronenworth 3B Eugenio Suarez C James McCann OF Fernando Tatis Jr. OF Carson Benge OF Daz Cameron P Dylan Cease P Sean Burke SS Francisco Lindor,,,
1456,5220723107,hallmarkhubby,0,75.2,1B Royce Lewis 2B Ketel Marte 3B Nolan Arenado C Gabriel Moreno OF Carson Benge OF Jacob Young OF Tim Tawa P Dylan Cease P Sean Burke SS Andres Gimenez,,,
1458,5220339101,PhilipR7,0,75.15,1B Ben Rice 2B Ketel Marte 3B Bryson Stott C Drake Baldwin OF Daylen Lile OF George Springer OF Heriberto Hernandez P Jake Irvin P Andrew Painter SS Elly De La Cruz,,,
1459,5220394907,pegulavill,0,75.1,1B Matt Olson 2B Ozzie Albies 3B Caleb Durbin C Adley Rutschman OF Wilyer Abreu OF Michael Harris II OF Ceddanne Rafaela P Ryan Weathers P Dean Kremer SS Jim Jarvis,,,
1459,5220497866,jasnoper,0,75.1,1B Josh Bell 2B Bryson Stott 3B Eugenio Suarez C Victor Caratini OF Byron Buxton OF Corbin Carroll OF Michael Harris II P Christian Scott P Drew Anderson SS Francisco Lindor,,,
1461,5220566904,bertstheword,0,75.05,1B Nick Sogard 2B Brett Baty 3B Alec Bohm C Adley Rutschman OF Wilyer Abreu OF Carson Benge OF Jarren Duran P Dylan Cease P Patrick Sandoval SS Francisco Lindor,,,
1461,5220648239,tomdon73,0,75.05,1B Luis Garcia Jr. 2B Gleyber Torres 3B Kevin McGonigle C Ben Rice OF Trent Grisham OF Spencer Jones OF Zach McKinstry P Michael Soroka P Tanner Bibee SS George Lombard Jr.,,,
1461,5220739115,JuneBugKiller,0,75.05,1B Kyle Schwarber 2B Jorbit Vivas 3B Ryan McMahon C Ben Rice OF Trent Grisham OF A.J. Ewing OF Spencer Jones P Dylan Cease P Patrick Sandoval SS George Lombard Jr.,,,
1464,5220612863,Shazzam47,0,74.9,1B Sal Stewart 2B Matt McLain 3B Eugenio Suarez C Rafael Flores Jr. OF JJ Bleday OF Esmerlyn Valdez OF Billy Cook P Dylan Cease P Drew Anderson SS Elly De La Cruz,,,
1464,5220662741,eamuscatuli15,0,74.9,1B Sal Stewart 2B Matt McLain 3B Eugenio Suarez C Rafael Flores Jr. OF JJ Bleday OF Esmerlyn Valdez OF Billy Cook P Dylan Cease P Drew Anderson SS Elly De La Cruz,,,
1466,5220643857,droeber23,0,74.75,1B Munetaka Murakami 2B Sam Antonacci 3B Miguel Vargas C Gabriel Moreno OF Corbin Carroll OF Andrew Benintendi OF Brett Bateman P Sean Burke P Dean Kremer SS Geraldo Perdomo,,,
1467,5220404474,rickyrozay1986,0,74.6,1B Nick Sogard 2B Ketel Marte 3B Caleb Durbin C Gabriel Moreno OF Corbin Carroll OF Braden Montgomery OF Max Kepler P Eury Perez P Ryan Weathers SS Geraldo Perdomo,,,
1468,5220631727,BrocNessMonster,0,74.55,1B Kyle Schwarber 2B Ketel Marte 3B Nolan Arenado C Gabriel Moreno OF Bryce Harper OF Corbin Carroll OF Tim Tawa P Eury Perez P Andrew Painter SS Edmundo Sosa,,,
1468,5220700953,dpfkings,0,74.55,1B Jared Young 2B Chase Meidroth 3B Caleb Durbin C Adley Rutschman OF Wilyer Abreu OF Jarren Duran OF Myles Straw P Dylan Cease P Eury Perez SS Geraldo Perdomo,,,
1468,5220741146,j0rdantay10r,0,74.55,1B Kyle Schwarber 2B Luis Arraez 3B Colson Montgomery C J.T. Realmuto OF Bryce Harper OF Esteury Ruiz OF Edmundo Sosa P Eury Perez P Andrew Painter SS Otto Lopez,,,
1471,5220530074,mcampbell24,0,74.45,1B Munetaka Murakami 2B Chase Meidroth 3B Miguel Vargas C Connor Wong OF Sam Antonacci OF Carson Benge OF Braden Montgomery P Sean Burke P Tanner Bibee SS Geraldo Perdomo,,,
1472,5220458511,whitehot,0,74.4,1B Jared Young 2B Ketel Marte 3B Nolan Arenado C Gabriel Moreno OF Corbin Carroll OF Carson Benge OF Brett Baty P Sean Burke P Christian Scott SS Francisco Lindor,,,
1473,5220524091,LukeDavid22,0,74.25,1B Jared Young 2B Sam Antonacci 3B Brady House C Gabriel Moreno OF Corbin Carroll OF Carson Benge OF Braden Montgomery P Sean Burke P Eury Perez SS Francisco Lindor,,,
1473,5220579238,jdb19761,0,74.25,1B Josh Bell 2B Sam Antonacci 3B Caleb Durbin C Gabriel Moreno OF Wilyer Abreu OF Braden Montgomery OF Javier Sanoja P Sean Burke P Ryan Weathers SS Geraldo Perdomo,,,
1473,5220730156,LionKing1957,0,74.25,1B Kyle Schwarber 2B Brett Baty 3B Jorge Polanco C Luis Torrens OF Corbin Carroll OF A.J. Ewing OF George Springer P Sean Burke P Eury Perez SS Francisco Lindor,,,
1476,5220294133,krisnegus,0,74.2,1B Jared Young 2B Nick Sogard 3B Nolan Arenado C James McCann OF Corbin Carroll OF Ceddanne Rafaela OF Heriberto Hernandez P Dylan Cease P Sean Burke SS Geraldo Perdomo,,,
1476,5220389152,ksylv06,0,74.2,1B Ty France 2B Brett Baty 3B Manny Machado C Agustin Ramirez OF Jackson Merrill OF Carson Benge OF Braden Montgomery P Dylan Cease P Sean Burke SS Brayan Rocchio,,,
1476,5220476943,HardRocks,0,74.2,1B Kyle Schwarber 2B Jake Cronenworth 3B Nolan Arenado C Alejandro Kirk OF Jo Adell OF Tim Tawa OF Daz Cameron P Dylan Cease P Sean Burke SS Francisco Lindor,,,
1479,5220520618,Wilco311,0,74.1,1B Tim Tawa 2B Ketel Marte 3B Nolan Arenado C Agustin Ramirez OF Byron Buxton OF Corbin Carroll OF Kody Clemens P Ryan Weathers P Patrick Sandoval SS Geraldo Perdomo,,,
1480,5220570479,RodNick82,0,74,1B Sal Stewart 2B Ozzie Albies 3B Bo Bichette C Alejandro Kirk OF Bryan Reynolds OF Carson Benge OF George Springer P Tanner Bibee P Bryce Elder SS Francisco Lindor,,,
1481,5220571040,hoodsfromthewood,0,73.899994,1B Kyle Schwarber 2B Nick Sogard 3B Alec Bohm C Connor Wong OF Bryce Harper OF Wilyer Abreu OF Ceddanne Rafaela P Sean Burke P Hunter Barco SS Andruw Monasterio,,,
1482,5220366158,wazzu24,0,73.75,1B Ty France 2B Jake Cronenworth 3B Manny Machado C Adley Rutschman OF Fernando Tatis Jr. OF Ceddanne Rafaela OF Jackson Merrill P Eury Perez P Christian Scott SS Andruw Monasterio,,,
1483,5220711092,Troywiz34,0,73.7,1B Kyle Schwarber 2B Ketel Marte 3B Bryson Stott C Luis Torrens OF Bryce Harper OF Corbin Carroll OF A.J. Ewing P Christian Scott P Andrew Painter SS Geraldo Perdomo,,,
1484,5220556889,jsamtoy,0,73.55,1B Ty France 2B Ernie Clement 3B Manny Machado C Freddy Fermin OF Fernando Tatis Jr. OF Jackson Merrill OF Jo Adell P Dylan Cease P Eury Perez SS Kaelen Culpepper,,,
1485,5220512544,JLOVEDAY25,0,73.5,1B Ty France 2B Ketel Marte 3B Manny Machado C Gabriel Moreno OF Corbin Carroll OF Max Kepler OF Gavin Sheets P Dylan Cease P Andrew Painter SS Geraldo Perdomo,,,
1485,5220615319,fantasyhawk72,0,73.5,1B Jared Young 2B Ketel Marte 3B Nolan Arenado C Gabriel Moreno OF Corbin Carroll OF Carson Benge OF A.J. Ewing P Dylan Cease P Andrew Painter SS Francisco Lindor,,,
1487,5220569949,jsanders41,0,73.45,1B Abimelec Ortiz 2B Bryson Stott 3B Bo Bichette C Alejandro Kirk OF Wilyer Abreu OF Esmerlyn Valdez OF Chase DeLauter P Sean Burke P Tanner Bibee SS Francisco Lindor,,,
1488,5220182053,ujordan,0,73.25,1B Jared Young 2B Bryson Stott 3B Miguel Vargas C Alejandro Kirk OF Corbin Carroll OF Carson Benge OF Mike Yastrzemski P Sean Burke P Eury Perez SS Francisco Lindor,,,
1488,5220573314,chiefs2922,0,73.25,1B Jared Young 2B Bryson Stott 3B Bo Bichette C Rafael Flores Jr. OF Fernando Tatis Jr. OF Carson Benge OF George Springer P Sean Burke P Eury Perez SS Francisco Lindor,,,
1488,5220659581,jjjacquesjerry,0,73.25,1B Victor Caratini 2B Ozzie Albies 3B Austin Riley C Drake Baldwin OF Michael Harris II OF Andrew Benintendi OF Dominic Smith P Sean Burke P Eury Perez SS Colson Montgomery,,,
1488,5220677143,mikeyt-68,0,73.25,1B Kyle Schwarber 2B Luis Arraez 3B Bryson Stott C Luis Torrens OF Bryce Harper OF Brandon Marsh OF Jorge Barrosa P Sean Burke P Eury Perez SS Kaelen Culpepper,,,
1492,5220105955,cryanclt,0,73.2,1B Jared Young 2B Ketel Marte 3B Bo Bichette C Gabriel Moreno OF Ronald Acuna Jr. OF Corbin Carroll OF Steven Kwan P Sean Burke P Andrew Painter SS Francisco Lindor,,,
1492,5220351741,ravensrule22,0,73.2,1B Jared Young 2B Ketel Marte 3B Brady House C James McCann OF Corbin Carroll OF Luke Keaschall OF Tim Tawa P Dylan Cease P Sean Burke SS Francisco Lindor,,,
1492,5220440188,mickevcarter,0,73.2,1B Jared Young 2B Jorge Polanco 3B Bryson Stott C James McCann OF Corbin Carroll OF Carson Benge OF A.J. Ewing P Dylan Cease P Sean Burke SS Francisco Lindor,,,
1492,5220513307,getmoney81,0,73.2,1B Alec Bohm 2B Gleyber Torres 3B Nolan Arenado C Rafael Flores Jr. OF Ceddanne Rafaela OF Chase DeLauter OF Jacob Young P Dylan Cease P Sean Burke SS Andruw Monasterio,,,
1492,5220583370,eskolodz,0,73.2,1B Rafael Flores Jr. 2B Chase Meidroth 3B Miguel Vargas C Victor Caratini OF Braden Montgomery OF Luis Robert Jr. OF Andrew Benintendi P Dylan Cease P Sean Burke SS Colson Montgomery,,,
1492,5220646163,mikemitch1986,0,73.2,1B Jared Young 2B Nick Gonzales 3B Nolan Arenado C Rafael Flores Jr. OF Corbin Carroll OF Jackson Merrill OF Tim Tawa P Dylan Cease P Sean Burke SS Francisco Lindor,,,
1498,5220744952,brashears583,0,73.15,1B Spencer Torkelson 2B Jake Cronenworth 3B Manny Machado C Drake Baldwin OF Byron Buxton OF Michael Harris II OF George Springer P Nick Lodolo P Jake Irvin SS Edmundo Sosa,,,
1499,5220547522,Ptrav11,0,73.1,1B Abimelec Ortiz 2B Ketel Marte 3B Nolan Arenado C Agustin Ramirez OF Corbin Carroll OF Daylen Lile OF Max Kepler P Eury Perez P Patrick Sandoval SS CJ Abrams,,,
1500,5220381841,jordanz84,0,73.05,1B Ty France 2B Ernie Clement 3B Kazuma Okamoto C Alejandro Kirk OF Dylan Crews OF Daylen Lile OF Jackson Merrill P Dylan Cease P Dean Kremer SS Francisco Lindor,,,
1501,5220608322,Grnder_786,0,72.75,1B Luis Garcia Jr. 2B Ketel Marte 3B Ryan McMahon C Gabriel Moreno OF Corbin Carroll OF Trent Grisham OF Spencer Jones P Ryan Weathers P Christian Scott SS Geraldo Perdomo,,,
1502,5220693665,jh181630,0,72.6,1B Michael Toglia 2B Matt McLain 3B Eugenio Suarez C Agustin Ramirez OF Corbin Carroll OF JJ Bleday OF Heriberto Hernandez P Sean Burke P Drew Anderson SS Elly De La Cruz,,,
1502,5220726285,NeEdMoMoNeE,0,72.6,1B Jared Young 2B Brett Baty 3B Brady House C Keibert Ruiz OF Dylan Crews OF Daylen Lile OF Carson Benge P Eury Perez P Ryan Weathers SS CJ Abrams,,,
1504,5220585337,gors19,0,72.55,1B Jared Young 2B Sam Antonacci 3B Jose Ramirez C Alejandro Kirk OF Bryce Harper OF Wilyer Abreu OF Braden Montgomery P Eury Perez P Andrew Painter SS Francisco Lindor,,,
1505,5220559858,schwartw18,0,72.5,1B Matt Olson 2B Luis Arraez 3B Brady House C Adley Rutschman OF Fernando Tatis Jr. OF Corbin Carroll OF Daylen Lile P Nick Lodolo P Andrew Painter SS Francisco Lindor,,,
1505,5220713673,coolhand9009,0,72.5,1B Kyle Schwarber 2B Kody Clemens 3B Jorge Polanco C James McCann OF Byron Buxton OF Luis Robert Jr. OF Edmundo Sosa P Sean Burke P Michael Soroka SS Francisco Lindor,,,
1507,5220538125,hg2003,0,72.4,1B Miguel Vargas 2B Bryson Stott 3B Eugenio Suarez C Adley Rutschman OF Fernando Tatis Jr. OF George Springer OF Daz Cameron P Sean Burke P Christian Scott SS Francisco Lindor,,,
1508,5220652275,ballers31,0,72.25,1B Alec Bohm 2B Anthony Seigler 3B Caleb Durbin C Adley Rutschman OF Bryce Harper OF Wilyer Abreu OF Jacob Young P Sean Burke P Ryan Weathers SS Andruw Monasterio,,,
1508,5220709291,T2012,0,72.25,1B Kyle Schwarber 2B Bryson Stott 3B Alec Bohm C Victor Caratini OF Byron Buxton OF Brandon Marsh OF Luke Keaschall P Sean Burke P Ryan Weathers SS Edmundo Sosa,,,
1510,5220396750,jnevy04,0,72.2,1B Abimelec Ortiz 2B Jorbit Vivas 3B Bryson Stott C Rafael Flores Jr. OF Dylan Crews OF Daylen Lile OF Daz Cameron P Dylan Cease P Sean Burke SS CJ Abrams,,,
1510,5220576774,nini10,0,72.2,1B Jared Young 2B Ernie Clement 3B Bo Bichette C Alejandro Kirk OF Carson Benge OF A.J. Ewing OF George Springer P Dylan Cease P Sean Burke SS Francisco Lindor,,,
1510,5220633350,KPeezy3,0,72.2,1B Jared Young 2B Brett Baty 3B Eugenio Suarez C Freddy Fermin OF Fernando Tatis Jr. OF Carson Benge OF A.J. Ewing P Dylan Cease P Sean Burke SS Francisco Lindor,,,
1510,5220693348,teddykratz,0,72.2,1B Nick Sogard 2B Anthony Seigler 3B Bryson Stott C Alejandro Kirk OF Wilyer Abreu OF Kody Clemens OF Tim Tawa P Dylan Cease P Sean Burke SS Andruw Monasterio,,,
1514,5220499073,adamant48,0,72.1,1B Matt Olson 2B Chase Meidroth 3B Caleb Durbin C Ryan Jeffers OF Corbin Carroll OF Jackson Merrill OF Jo Adell P Ryan Weathers P Patrick Sandoval SS Xander Bogaerts,,,
1515,5220741449,alanaghan,0,72,1B Ty France 2B Ketel Marte 3B Nolan Arenado C Gabriel Moreno OF Corbin Carroll OF Jackson Merrill OF Luis Robert Jr. P Michael Soroka P Christian Scott SS Geraldo Perdomo,,,
1516,5220579529,mgvaldez02,0,71.95,1B Kyle Schwarber 2B Luis Arraez 3B Bryson Stott C Brian Navarreto OF Bryce Harper OF Brandon Marsh OF Luke Keaschall P Eury Perez P Drew Anderson SS Francisco Lindor,,,
1517,5220430512,defsoad,0,71.9,1B Michael Toglia 2B Matt McLain 3B Eugenio Suarez C Gabriel Moreno OF Corbin Carroll OF JJ Bleday OF Mike Yastrzemski P Dylan Cease P Drew Anderson SS Elly De La Cruz,,,
1518,5220690299,Redsoxwolf,0,71.75,1B Miguel Vargas 2B Nick Sogard 3B Austin Riley C Drake Baldwin OF Bryce Harper OF Carson Benge OF Javier Sanoja P Sean Burke P Patrick Sandoval SS Andruw Monasterio,,,
1519,5220542672,ramawh,0,71.7,1B Kyle Schwarber 2B Ketel Marte 3B Jorge Polanco C Gabriel Moreno OF Bryce Harper OF Corbin Carroll OF A.J. Ewing P Christian Scott P Andrew Painter SS Geraldo Perdomo,,,
1520,5220508484,Axtron40,0,71.6,1B Tim Tawa 2B Ketel Marte 3B Nolan Arenado C Luis Torrens OF Corbin Carroll OF Ceddanne Rafaela OF Brandon Marsh P Eury Perez P Ryan Weathers SS Geraldo Perdomo,,,
1520,5220547622,Saintfanvega,0,71.6,1B Alec Bohm 2B Bryson Stott 3B Ryan McMahon C Drake Baldwin OF Fernando Tatis Jr. OF Wilyer Abreu OF Carson Benge P Sean Burke P Drew Anderson SS Francisco Lindor,,,
1522,5220585035,Woods31,0,71.55,1B Michael Toglia 2B Luis Arraez 3B Eugenio Suarez C Jose Trevino OF JJ Bleday OF A.J. Ewing OF Jorge Barrosa P Dylan Cease P Ryan Weathers SS Elly De La Cruz,,,
1523,5220599126,realraystrick,0,71.5,1B Kyle Schwarber 2B Ernie Clement 3B Kazuma Okamoto C Alejandro Kirk OF Carson Benge OF George Springer OF Steven Kwan P Dylan Cease P Nick Lodolo SS Francisco Lindor,,,
1524,5220495660,smittay,0,71.4,1B Abimelec Ortiz 2B Ernie Clement 3B Caleb Durbin C Adley Rutschman OF Wilyer Abreu OF Corbin Carroll OF Ceddanne Rafaela P Eury Perez P Casey Mize SS Andruw Monasterio,,,
1524,5220519137,R42799,0,71.4,1B Michael Toglia 2B Jorge Polanco 3B Kazuma Okamoto C J.T. Realmuto OF Bryce Harper OF Byron Buxton OF Kody Clemens P Sean Burke P Christian Scott SS Francisco Lindor,,,
1526,5220252342,JakeTM021704,0,71.25,1B Kyle Schwarber 2B Brett Baty 3B Colson Montgomery C Luis Torrens OF Carson Benge OF A.J. Ewing OF Andrew Benintendi P Sean Burke P Eury Perez SS Francisco Lindor,,,
1526,5220503671,JRucker504,0,71.25,1B Abimelec Ortiz 2B Sam Antonacci 3B Colson Montgomery C Drew Romo OF Dylan Crews OF Daylen Lile OF Jacob Young P Sean Burke P Eury Perez SS CJ Abrams,,,
1526,5220638336,jalewis11,0,71.25,1B Matt Olson 2B Luis Arraez 3B Kevin McGonigle C Alejandro Kirk OF Wilyer Abreu OF George Springer OF Andrew Benintendi P Christian Scott P Patrick Sandoval SS Otto Lopez,,,
1529,5220533027,charbarj41,0,71.2,1B Josh Bell 2B Chase Meidroth 3B Nolan Arenado C Adley Rutschman OF George Springer OF Javier Sanoja OF Brett Baty P Dylan Cease P Sean Burke SS Otto Lopez,,,
1529,5220563543,alleghenyarrowheads,0,71.2,1B Jared Young 2B Ketel Marte 3B Nolan Arenado C Gabriel Moreno OF Corbin Carroll OF Jacob Young OF Billy Cook P Dylan Cease P Sean Burke SS Geraldo Perdomo,,,
1529,5220575545,BigBrixey,0,71.2,1B Kyle Schwarber 2B Jorbit Vivas 3B Bryson Stott C Victor Caratini OF Corbin Carroll OF Dominic Smith OF Daz Cameron P Dylan Cease P Sean Burke SS Geraldo Perdomo,,,
1529,5220716544,Tricksternate,0,71.2,1B Miguel Vargas 2B Xavier Edwards 3B Bryson Stott C Alejandro Kirk OF Ronald Acuna Jr. OF Kody Clemens OF Trent Grisham P Sean Burke P Andrew Painter SS Andruw Monasterio,,,
1533,5220475595,moscowmav,0,71.1,1B Luis Garcia Jr. 2B Ketel Marte 3B Bo Bichette C J.T. Realmuto OF Bryan Reynolds OF George Springer OF Steven Kwan P Eury Perez P Patrick Sandoval SS Otto Lopez,,,
1534,5220525080,STEEL8877,0,71.05,1B Josh Bell 2B Travis Bazzana 3B Kazuma Okamoto C Drake Baldwin OF Wilyer Abreu OF Brett Baty OF TJ Friedl P Dylan Cease P Patrick Sandoval SS Otto Lopez,,,
1534,5220673919,dburawski,0,71.05,1B Kyle Schwarber 2B Bryson Stott 3B Kevin McGonigle C Drake Baldwin OF Dylan Crews OF Myles Straw OF Daz Cameron P Dylan Cease P Patrick Sandoval SS Kaelen Culpepper,,,
1536,5220706252,kensauer,0,70.4,1B Munetaka Murakami 2B Bryson Stott 3B Eugenio Suarez C Jose Trevino OF Ronald Acuna Jr. OF Byron Buxton OF Steven Kwan P Sean Burke P Christian Scott SS Brayan Rocchio,,,
1537,5220687518,mjjanaes,0,70.35,1B Kazuma Okamoto 2B Bryson Stott 3B Bo Bichette C Alejandro Kirk OF Dylan Crews OF Carson Benge OF Andrew Benintendi P Casey Mize P Nick Lodolo SS CJ Abrams,,,
1538,5220641875,oneteezy,0,70.25,1B Kyle Schwarber 2B Bryson Stott 3B Bo Bichette C Henry Davis OF Carson Benge OF Luis Robert Jr. OF Edmundo Sosa P Sean Burke P Eury Perez SS Francisco Lindor,,,
1538,5220682332,smartellece,0,70.25,1B Miguel Vargas 2B Xavier Edwards 3B Bo Bichette C Victor Caratini OF Byron Buxton OF Andrew Benintendi OF Brett Bateman P Sean Burke P Eury Perez SS Geraldo Perdomo,,,
1540,5220574226,cyclones82,0,70.2,1B Josh Bell 2B Royce Lewis 3B Bryson Stott C Victor Caratini OF Trevor Larnach OF Luke Keaschall OF Brett Baty P Dylan Cease P Sean Burke SS Francisco Lindor,,,
1540,5220739952,Diplomats15,0,70.2,1B Alec Bohm 2B Chase Meidroth 3B Brady House C Alejandro Kirk OF Corbin Carroll OF Chase DeLauter OF Steven Kwan P Dylan Cease P Sean Burke SS Andruw Monasterio,,,
1542,5220520196,carlson2000,0,70.05,1B Abimelec Ortiz 2B Royce Lewis 3B Bryson Stott C Rafael Flores Jr. OF Fernando Tatis Jr. OF Jackson Merrill OF Chase DeLauter P Sean Burke P Casey Mize SS Geraldo Perdomo,,,
1542,5220572246,mrclean913,0,70.05,1B Sal Stewart 2B Jorge Polanco 3B Eugenio Suarez C Luis Torrens OF Fernando Tatis Jr. OF Carson Benge OF A.J. Ewing P Dylan Cease P Patrick Sandoval SS Francisco Lindor,,,
1542,5220651990,Paperhungry,0,70.05,1B Nick Sogard 2B Luis Arraez 3B Alec Bohm C Adley Rutschman OF Wilyer Abreu OF Brandon Marsh OF Jarren Duran P Dylan Cease P Patrick Sandoval SS Andruw Monasterio,,,
1545,5219894959,BigBlue74,0,69.95,1B Sal Stewart 2B Bryson Stott 3B Eugenio Suarez C Gabriel Moreno OF Michael Harris II OF Carson Benge OF George Springer P Tanner Bibee P Christian Scott SS Francisco Lindor,,,
1546,5220489817,gymdoortee,0,69.9,1B Spencer Torkelson 2B Brandon Lowe 3B Kevin McGonigle C Alejandro Kirk OF Corbin Carroll OF Bryan Reynolds OF Jake Mangum P Drew Anderson P Andrew Painter SS Otto Lopez,,,
1547,5220444409,sawcetheboss,0,69.85,1B Royce Lewis 2B Ernie Clement 3B Brooks Lee C Drake Baldwin OF Byron Buxton OF Corbin Carroll OF Trevor Larnach P Sean Burke P Jake Irvin SS Geraldo Perdomo,,,
1548,5220603285,ga33,0,69.75,1B Dominic Smith 2B Ozzie Albies 3B Caleb Durbin C Adley Rutschman OF Wilyer Abreu OF Ceddanne Rafaela OF Esmerlyn Valdez P Ryan Weathers P Christian Scott SS Andruw Monasterio,,,
1548,5220638384,jport7,0,69.75,1B Ty France 2B Chase Meidroth 3B Alec Bohm C Drake Baldwin OF Michael Harris II OF Jackson Merrill OF Sam Antonacci P Sean Burke P Patrick Sandoval SS Francisco Lindor,,,
1550,5220474894,JohnBongJovi,0,69.7,1B Sal Stewart 2B Royce Lewis 3B Eugenio Suarez C Luis Torrens OF Ceddanne Rafaela OF Trent Grisham OF Brandon Marsh P Christian Scott P Nick Lodolo SS Elly De La Cruz,,,
1551,5220416615,Naaz11,0,69.25,1B Jared Young 2B Ketel Marte 3B Nolan Arenado C Gabriel Moreno OF Corbin Carroll OF Carson Benge OF Tim Tawa P Sean Burke P Eury Perez SS Francisco Lindor,,,
1551,5220507080,jjordan02,0,69.25,1B Munetaka Murakami 2B Brett Baty 3B Miguel Vargas C Francisco Alvarez OF Carson Benge OF A.J. Ewing OF Eli White P Sean Burke P Eury Perez SS Colson Montgomery,,,
1551,5220622828,Prantzer28,0,69.25,1B Jared Young 2B Ketel Marte 3B Nolan Arenado C Gabriel Moreno OF Corbin Carroll OF Carson Benge OF Tim Tawa P Sean Burke P Eury Perez SS Francisco Lindor,,,
1551,5220647670,ChevChelios,0,69.25,1B Jared Young 2B Ketel Marte 3B Ryan McMahon C Luis Torrens OF Wilyer Abreu OF Corbin Carroll OF Carson Benge P Sean Burke P Eury Perez SS Francisco Lindor,,,
1551,5220688506,dcorion,0,69.25,1B Jared Young 2B Ketel Marte 3B Nolan Arenado C Gabriel Moreno OF Corbin Carroll OF Carson Benge OF Tim Tawa P Sean Burke P Eury Perez SS Francisco Lindor,,,
1551,5220727064,Jchockey13,0,69.25,1B Jared Young 2B Luis Arraez 3B Bryson Stott C Gabriel Moreno OF Brandon Marsh OF Carson Benge OF A.J. Ewing P Sean Burke P Eury Perez SS Francisco Lindor,,,
1551,5220733811,Hilvon,0,69.25,1B Royce Lewis 2B Bryson Stott 3B Manny Machado C Luis Torrens OF JJ Bleday OF Carson Benge OF Braden Montgomery P Sean Burke P Eury Perez SS Colson Montgomery,,,
1558,5220408130,evilump,0,69.2,1B Matt Olson 2B Ernie Clement 3B Kazuma Okamoto C Luis Torrens OF Michael Harris II OF A.J. Ewing OF Mike Yastrzemski P Sean Burke P Andrew Painter SS Francisco Lindor,,,
1558,5220615324,muckhocksauce,0,69.2,1B Charles McAdoo 2B Ernie Clement 3B Miguel Vargas C Alejandro Kirk OF Wilyer Abreu OF Luis Robert Jr. OF Brett Bateman P Dylan Cease P Sean Burke SS Francisco Lindor,,,
1558,5220628137,russe526,0,69.2,1B Bryce Harper 2B Jorge Polanco 3B Charles McAdoo C Rafael Flores Jr. OF Jackson Merrill OF Carson Benge OF Steven Kwan P Dylan Cease P Sean Burke SS Francisco Lindor,,,
1558,5220682503,ciesla1,0,69.2,1B Munetaka Murakami 2B Ernie Clement 3B Ke'Bryan Hayes C Alejandro Kirk OF Byron Buxton OF Dylan Crews OF Daz Cameron P Dylan Cease P Sean Burke SS Xander Bogaerts,,,
1562,5220689889,DFSTUNNA,0,69.05,1B Nathaniel Lowe 2B Jake Cronenworth 3B Jorbit Vivas C Adley Rutschman OF Bryce Harper OF Corbin Carroll OF George Springer P Michael Soroka P Tanner Bibee SS Elly De La Cruz,,,
1562,5220704150,birdsflyinghigh21,0,69.05,1B Ty France 2B Chase Meidroth 3B Brooks Lee C J.T. Realmuto OF Corbin Carroll OF Heliot Ramos OF George Springer P Dylan Cease P Patrick Sandoval SS Geraldo Perdomo,,,
1564,5220455297,bravesfan2366,0,68.75,1B Luis Garcia Jr. 2B Jorge Polanco 3B Jose Ramirez C Drake Baldwin OF Michael Harris II OF JJ Bleday OF Ceddanne Rafaela P Bryce Elder P Andrew Painter SS Otto Lopez,,,
1565,5220709277,cdodson29,0,68.55,1B Kyle Schwarber 2B Jake Cronenworth 3B Bryson Stott C Alejandro Kirk OF Wilyer Abreu OF Corbin Carroll OF Jackson Merrill P Eury Perez P Andrew Painter SS Geraldo Perdomo,,,
1566,5220494382,donthaveaname,0,68.45,1B Royce Lewis 2B Sam Antonacci 3B Bryson Stott C Alejandro Kirk OF Ronald Acuna Jr. OF Braden Montgomery OF Brett Bateman P Sean Burke P Bryce Elder SS Francisco Lindor,,,
1567,5220577694,jrow01,0,68.25,1B Luis Garcia Jr. 2B Ernie Clement 3B Kazuma Okamoto C Ben Rice OF Trent Grisham OF George Springer OF Spencer Jones P Sean Burke P Eury Perez SS George Lombard Jr.,,,
1567,5220657565,caporelli,0,68.25,1B Kyle Schwarber 2B Ozzie Albies 3B Alec Bohm C J.T. Realmuto OF Jackson Merrill OF Trevor Larnach OF Brett Bateman P Sean Burke P Eury Perez SS Geraldo Perdomo,,,
1567,5220702672,Royals_85,0,68.25,1B Abimelec Ortiz 2B Chase Meidroth 3B Nolan Arenado C Rafael Flores Jr. OF Fernando Tatis Jr. OF Corbin Carroll OF Tim Tawa P Sean Burke P Eury Perez SS Francisco Lindor,,,
1567,5220716322,kurupt,0,68.25,1B Bryce Harper 2B Bryson Stott 3B Jorge Polanco C Agustin Ramirez OF Corbin Carroll OF Carson Benge OF Steven Kwan P Sean Burke P Eury Perez SS Geraldo Perdomo,,,
1571,5220469592,GoHuskies206,0,68.2,1B Jared Young 2B Bryson Stott 3B Caleb Durbin C Alejandro Kirk OF Carson Benge OF Braden Montgomery OF Luis Robert Jr. P Dylan Cease P Sean Burke SS Francisco Lindor,,,
1571,5220532267,redyodagirl,0,68.2,1B Abimelec Ortiz 2B Brett Baty 3B Eugenio Suarez C Jose Trevino OF JJ Bleday OF A.J. Ewing OF TJ Friedl P Dylan Cease P Sean Burke SS Elly De La Cruz,,,
1571,5220673732,PluckB07,0,68.2,1B Josh Bell 2B Ketel Marte 3B Jared Triolo C Gabriel Moreno OF Corbin Carroll OF Tim Tawa OF Brett Bateman P Dylan Cease P Sean Burke SS Geraldo Perdomo,,,
1571,5220692116,esmith911,0,68.2,1B Jared Young 2B Chase Meidroth 3B Bryson Stott C Gabriel Moreno OF Chase DeLauter OF Carson Benge OF Brett Bateman P Dylan Cease P Sean Burke SS Francisco Lindor,,,
1571,5220702968,ETID76,0,68.2,1B Josh Bell 2B Brett Baty 3B Bryson Stott C Victor Caratini OF Bryce Harper OF Brandon Marsh OF Trevor Larnach P Dylan Cease P Sean Burke SS Kaelen Culpepper,,,
1576,5220682293,kevinmar,0,68.1,1B Kyle Schwarber 2B Luis Arraez 3B Caleb Durbin C Agustin Ramirez OF Bryce Harper OF Ceddanne Rafaela OF Brett Bateman P Eury Perez P Patrick Sandoval SS Andruw Monasterio,,,
1576,5220728712,durrman785,0,68.1,1B Kyle Schwarber 2B Luis Arraez 3B Bryson Stott C Drake Baldwin OF Trevor Larnach OF Luke Keaschall OF Mike Yastrzemski P Eury Perez P Patrick Sandoval SS Francisco Lindor,,,
1578,5220712685,braves4life1,0,67.75,1B Josh Bell 2B Royce Lewis 3B Jorge Polanco C Victor Caratini OF Byron Buxton OF Corbin Carroll OF Kody Clemens P Sean Burke P Dean Kremer SS Francisco Lindor,,,
1579,5220487749,prescio0912,0,67.6,1B Tim Tawa 2B Ketel Marte 3B Jorbit Vivas C Adley Rutschman OF Wilyer Abreu OF Corbin Carroll OF Max Kepler P Eury Perez P Ryan Weathers SS Geraldo Perdomo,,,
1580,5220565880,RemyLebeau,0,67.55,1B Kazuma Okamoto 2B Matt McLain 3B Bo Bichette C Alejandro Kirk OF Daylen Lile OF Carson Benge OF A.J. Ewing P Eury Perez P Nick Lodolo SS CJ Abrams,,,
1580,5220656638,JaserD,0,67.55,1B Nick Sogard 2B Gleyber Torres 3B Caleb Durbin C Adley Rutschman OF Jarren Duran OF A.J. Ewing OF Steven Kwan P Dylan Cease P Ryan Weathers SS Andruw Monasterio,,,
1580,5220733476,ReadyToMeal,0,67.55,1B Charles McAdoo 2B Chase Meidroth 3B Brady House C Victor Caratini OF Daylen Lile OF Luis Robert Jr. OF Andrew Benintendi P Dylan Cease P Eury Perez SS CJ Abrams,,,
1583,5220586142,erich425,0,67.5,1B Kyle Schwarber 2B Luis Arraez 3B Bryson Stott C James McCann OF Bryce Harper OF Brandon Marsh OF Spencer Jones P Dylan Cease P Andrew Painter SS Jim Jarvis,,,
1583,5220729200,kermyroxy,0,67.5,1B Ty France 2B Brandon Lowe 3B Manny Machado C Drake Baldwin OF Fernando Tatis Jr. OF George Springer OF Brett Bateman P Dylan Cease P Andrew Painter SS Kaelen Culpepper,,,
1585,5220599616,jeffcombs,0,67.45,1B Kazuma Okamoto 2B Nick Sogard 3B Caleb Durbin C Alejandro Kirk OF Michael Harris II OF Esmerlyn Valdez OF Jarren Duran P Sean Burke P Bryce Elder SS Elly De La Cruz,,,
1586,5220659107,ramsey92275,0,67.4,1B Kazuma Okamoto 2B Ozzie Albies 3B Bo Bichette C Alejandro Kirk OF Byron Buxton OF Corbin Carroll OF George Springer P Sean Burke P Christian Scott SS Jared Triolo,,,
1587,5220294688,MJPSevens7,0,67.25,1B Ty France 2B Luis Arraez 3B Bryson Stott C Freddy Fermin OF Bryce Harper OF Fernando Tatis Jr. OF Luis Rengifo P Sean Burke P Eury Perez SS Ha-Seong Kim,,,
1587,5220511955,AngerTornado,0,67.25,1B Jared Young 2B Ketel Marte 3B Bryson Stott C Gabriel Moreno OF Corbin Carroll OF Carson Benge OF Tim Tawa P Sean Burke P Eury Perez SS Geraldo Perdomo,,,
1587,5220559327,LSUguy2007,0,67.25,1B Miguel Vargas 2B Chase Meidroth 3B Caleb Durbin C Adley Rutschman OF Wilyer Abreu OF Andrew Benintendi OF Tristan Peters P Sean Burke P Eury Perez SS Xander Bogaerts,,,
1587,5220674679,dizzytbaby,0,67.25,1B Luis Garcia Jr. 2B Brett Baty 3B Ryan McMahon C Ben Rice OF Trent Grisham OF Carson Benge OF Luis Robert Jr. P Sean Burke P Eury Perez SS George Lombard Jr.,,,
1591,5220642367,MajorMaiz,0,67.2,1B Kyle Schwarber 2B Xavier Edwards 3B Charles McAdoo C Agustin Ramirez OF Wilyer Abreu OF Corbin Carroll OF Carson Benge P Sean Burke P Andrew Painter SS Otto Lopez,,,
1591,5220657041,Hallbsure37,0,67.2,1B Josh Bell 2B Bryson Stott 3B Brady House C James McCann OF Sam Antonacci OF Braden Montgomery OF Andrew Benintendi P Dylan Cease P Sean Burke SS Colson Montgomery,,,
1593,5220708128,ocvicintn,0,67.05,1B Munetaka Murakami 2B Luis Arraez 3B Kazuma Okamoto C Austin Hedges OF Byron Buxton OF Corbin Carroll OF Max Kepler P Michael Soroka P Tanner Bibee SS Brayan Rocchio,,,
1594,5220613403,Qrucifer,0,66.8,1B Josh Bell 2B Nick Sogard 3B Jorge Polanco C Gabriel Moreno OF Jakob Marsee OF Steven Kwan OF Edmundo Sosa P Ryan Weathers P Tanner Bibee SS Francisco Lindor,,,
1595,5220403305,JLong456,0,66.5,1B Michael Toglia 2B Ketel Marte 3B Bryson Stott C Jose Trevino OF Michael Harris II OF JJ Bleday OF TJ Friedl P Dylan Cease P Nick Lodolo SS Elly De La Cruz,,,
1595,5220632506,Phil8650,0,66.5,1B Ildemaro Vargas 2B Bryson Stott 3B Caleb Durbin C Gabriel Moreno OF Corbin Carroll OF Carson Benge OF Steven Kwan P Sean Burke P Michael Soroka SS Francisco Lindor,,,
1595,5220703967,SP123,0,66.5,1B Bryce Harper 2B Luis Arraez 3B Manny Machado C Freddy Fermin OF Fernando Tatis Jr. OF Brandon Marsh OF Steven Kwan P Dylan Cease P Andrew Painter SS Xander Bogaerts,,,
1598,5220545151,Saylerboy,0,66.4,1B Nathaniel Lowe 2B Royce Lewis 3B Bryson Stott C Victor Caratini OF Byron Buxton OF Esmerlyn Valdez OF Carson Benge P Sean Burke P Christian Scott SS Francisco Lindor,,,
1598,5220700161,kmack62,0,66.4,1B Royce Lewis 2B Chase Meidroth 3B Caleb Durbin C Alejandro Kirk OF Ceddanne Rafaela OF Jackson Merrill OF Chase DeLauter P Eury Perez P Casey Mize SS Geraldo Perdomo,,,
1600,5220515178,stretchemlegs,0,66.25,1B Jared Young 2B Ketel Marte 3B Brady House C Luis Torrens OF Corbin Carroll OF Carson Benge OF Tim Tawa P Sean Burke P Eury Perez SS CJ Abrams,,,
1600,5220567085,mthyer,0,66.25,1B Rafael Flores Jr. 2B Bryson Stott 3B Caleb Durbin C Adley Rutschman OF Kody Clemens OF Brandon Marsh OF George Springer P Sean Burke P Eury Perez SS Colson Montgomery,,,
1600,5220639332,Tonybugs,0,66.25,1B Kazuma Okamoto 2B Xavier Edwards 3B Jose Ramirez C Alejandro Kirk OF Jake Mangum OF Trevor Larnach OF Steven Kwan P Sean Burke P Eury Perez SS Geraldo Perdomo,,,
1603,5220694928,touchdowntody,0,66.2,1B Kyle Schwarber 2B Ernie Clement 3B Bryson Stott C Alejandro Kirk OF Brandon Marsh OF Carson Benge OF Daz Cameron P Dylan Cease P Sean Burke SS Edmundo Sosa,,,
1603,5220729694,kozatron,0,66.2,1B Josh Bell 2B Bryson Stott 3B Alec Bohm C Rafael Flores Jr. OF Bryce Harper OF Byron Buxton OF Brandon Marsh P Sean Burke P Nick Lodolo SS Geraldo Perdomo,,,
1605,5220314590,Hitstyx9,0,66.05,1B Kyle Schwarber 2B Luis Arraez 3B Bryson Stott C Victor Caratini OF Bryce Harper OF Brandon Marsh OF Billy Cook P Dylan Cease P Patrick Sandoval SS Jim Jarvis,,,
1606,5220653573,bobmc3269,0,65.9,1B Ben Rice 2B Luis Arraez 3B Brady House C Adley Rutschman OF Bryce Harper OF Fernando Tatis Jr. OF Brett Bateman P Casey Mize P Patrick Sandoval SS Jim Jarvis,,,
1607,5220515499,BowDownToLSU,0,65.85,1B Ty France 2B Sam Antonacci 3B Bryson Stott C Rafael Flores Jr. OF Dylan Crews OF Ceddanne Rafaela OF Jackson Merrill P Ryan Weathers P Michael Soroka SS Colson Montgomery,,,
1608,5220293530,daddyaz13,0,65.8,1B Kyle Schwarber 2B Luis Arraez 3B Bryson Stott C Gabriel Moreno OF Bryce Harper OF Corbin Carroll OF Jorge Barrosa P Michael Soroka P Andrew Painter SS Geraldo Perdomo,,,
1609,5220563917,frasig,0,65.7,1B Kyle Schwarber 2B Kody Clemens 3B Bryson Stott C J.T. Realmuto OF Bryce Harper OF Byron Buxton OF Trevor Larnach P Patrick Sandoval P Jake Irvin SS Edmundo Sosa,,,
1610,5220359928,discgolfer,0,65.45,1B Josh Bell 2B Royce Lewis 3B Bo Bichette C Rafael Flores Jr. OF Byron Buxton OF Carson Benge OF Luke Keaschall P Sean Burke P Bryce Elder SS Francisco Lindor,,,
1611,5220413584,LisaLuck11,0,65.4,1B Matt Olson 2B Jazz Chisholm Jr. 3B Bryson Stott C J.T. Realmuto OF Carson Benge OF Trevor Larnach OF George Springer P Sean Burke P Christian Scott SS Geraldo Perdomo,,,
1612,5220398942,jrichie916,0,65.25,1B Munetaka Murakami 2B Sam Antonacci 3B Jorbit Vivas C J.T. Realmuto OF Brandon Marsh OF Braden Montgomery OF Andrew Benintendi P Sean Burke P Eury Perez SS Otto Lopez,,,
1612,5220513136,opbabored,0,65.25,1B Josh Bell 2B Royce Lewis 3B Austin Riley C Victor Caratini OF Ronald Acuna Jr. OF Byron Buxton OF Steven Kwan P Sean Burke P Eury Perez SS Kaelen Culpepper,,,
1612,5220641046,Rick174,0,65.25,1B Bryce Harper 2B Ketel Marte 3B Bryson Stott C James McCann OF Corbin Carroll OF Chase DeLauter OF Braden Montgomery P Christian Scott P Patrick Sandoval SS Francisco Lindor,,,
1615,5220380790,hopps1124,0,65.2,1B Nathaniel Lowe 2B Matt McLain 3B Caleb Durbin C Jose Trevino OF JJ Bleday OF Braden Montgomery OF Gavin Sheets P Dylan Cease P Sean Burke SS Elly De La Cruz,,,
1615,5220525731,vymo09,0,65.2,1B Miguel Vargas 2B Ernie Clement 3B Bryson Stott C Rafael Flores Jr. OF George Springer OF Braden Montgomery OF Luke Keaschall P Dylan Cease P Sean Burke SS Geraldo Perdomo,,,
1615,5220698437,groovecityhacksaw,0,65.2,1B Jared Young 2B Matt McLain 3B Bryson Stott C Rafael Flores Jr. OF Fernando Tatis Jr. OF Carson Benge OF Steven Kwan P Dylan Cease P Sean Burke SS Francisco Lindor,,,
1618,5220579702,huntsaa7,0,64.75,1B Luis Garcia Jr. 2B Royce Lewis 3B Charles McAdoo C Ben Rice OF Byron Buxton OF Trent Grisham OF Spencer Jones P Sean Burke P Dean Kremer SS George Lombard Jr.,,,
1619,5220733039,biggene6,0,64.45,1B Josh Bell 2B Luis Arraez 3B Caleb Durbin C Rafael Flores Jr. OF Corbin Carroll OF Michael Harris II OF George Springer P Sean Burke P Bryce Elder SS Francisco Lindor,,,
1620,5220742463,norcalnavy,0,64.3,1B Josh Bell 2B Sam Antonacci 3B Bo Bichette C Alejandro Kirk OF Ronald Acuna Jr. OF Corbin Carroll OF Dylan Crews P Tanner Bibee P Patrick Sandoval SS Jared Triolo,,,
1621,5220154347,blitzburgh07,0,64.25,1B Abimelec Ortiz 2B Sam Antonacci 3B Bryson Stott C Alejandro Kirk OF Wilyer Abreu OF Carson Benge OF Braden Montgomery P Sean Burke P Eury Perez SS Francisco Lindor,,,
1621,5220423556,Kpw87,0,64.25,1B Kyle Schwarber 2B Ketel Marte 3B Ryan McMahon C Luis Torrens OF Brandon Marsh OF Carson Benge OF Brett Baty P Sean Burke P Ryan Weathers SS Francisco Lindor,,,
1621,5220501956,Dillymonkeys,0,64.25,1B Josh Bell 2B Sam Antonacci 3B Brady House C Victor Caratini OF Byron Buxton OF Kody Clemens OF Andrew Benintendi P Sean Burke P Eury Perez SS Colson Montgomery,,,
1621,5220688482,solchekssoldiers,0,64.25,1B Kyle Schwarber 2B Bryson Stott 3B Leo Jimenez C Luis Torrens OF Brandon Marsh OF Carson Benge OF A.J. Ewing P Sean Burke P Eury Perez SS Francisco Lindor,,,
1625,5220311118,Fraruman,0,64.2,1B Kazuma Okamoto 2B Ketel Marte 3B Charles McAdoo C Alejandro Kirk OF Corbin Carroll OF George Springer OF Zach McKinstry P Dylan Cease P Sean Burke SS Geraldo Perdomo,,,
1625,5220680869,woodsoncb2,0,64.2,1B Josh Bell 2B Royce Lewis 3B Charles McAdoo C Victor Caratini OF Byron Buxton OF Carson Benge OF Trevor Larnach P Dylan Cease P Sean Burke SS Xander Bogaerts,,,
1627,5220499671,option.mercer,0,64.15,1B Kyle Schwarber 2B Luis Arraez 3B Bryson Stott C Gabriel Moreno OF Bryce Harper OF Corbin Carroll OF Brandon Marsh P Jake Irvin P Andrew Painter SS Geraldo Perdomo,,,
1627,5220539923,Coreym2223,0,64.15,1B Sal Stewart 2B Kody Clemens 3B Eugenio Suarez C James McCann OF Byron Buxton OF JJ Bleday OF Trevor Larnach P Nick Lodolo P Jake Irvin SS Elly De La Cruz,,,
1629,5220688268,roroshammami,0,63.85,1B Nick Sogard 2B Ketel Marte 3B Caleb Durbin C Gabriel Moreno OF Corbin Carroll OF Ceddanne Rafaela OF Jakob Marsee P Ryan Weathers P Michael Soroka SS Geraldo Perdomo,,,
1630,5220101371,EazyE84x,0,63.75,1B Jared Young 2B Ketel Marte 3B Bo Bichette C Gabriel Moreno OF Corbin Carroll OF Carson Benge OF A.J. Ewing P Sean Burke P Patrick Sandoval SS Francisco Lindor,,,
1631,5220403827,pinkandbrown44,0,63.7,1B Munetaka Murakami 2B Sam Antonacci 3B Colson Montgomery C Adley Rutschman OF Wilyer Abreu OF Carson Benge OF A.J. Ewing P Christian Scott P Andrew Painter SS Francisco Lindor,,,
1631,5220662668,nlaino32,0,63.7,1B Kyle Schwarber 2B Bryson Stott 3B Nolan Arenado C Rafael Flores Jr. OF Fernando Tatis Jr. OF Wilyer Abreu OF Jackson Merrill P Christian Scott P Andrew Painter SS Francisco Lindor,,,
1633,5220715828,tinywins,0,63.55,1B Sal Stewart 2B Ernie Clement 3B Jose Ramirez C Alejandro Kirk OF Luke Keaschall OF Steven Kwan OF Brett Bateman P Dylan Cease P Eury Perez SS Geraldo Perdomo,,,
1634,5220715870,jason4040,0,63.5,1B Kyle Schwarber 2B Luis Arraez 3B Bryson Stott C Brian Navarreto OF Bryce Harper OF George Springer OF Brett Bateman P Dylan Cease P Andrew Painter SS Francisco Lindor,,,
1635,5220428180,kmhollandsucks,0,63.25,1B Charles McAdoo 2B Sam Antonacci 3B Miguel Vargas C Alejandro Kirk OF Byron Buxton OF Andrew Benintendi OF Brett Bateman P Sean Burke P Eury Perez SS Colson Montgomery,,,
1636,5220415187,philjay82,0,63.2,1B Munetaka Murakami 2B Sam Antonacci 3B Jose Ramirez C Freddy Fermin OF Fernando Tatis Jr. OF George Springer OF Luis Rengifo P Sean Burke P Andrew Painter SS Francisco Lindor,,,
1636,5220483256,pandaBEAR83,0,63.2,1B Sal Stewart 2B Matt McLain 3B Eugenio Suarez C Luis Torrens OF JJ Bleday OF Luis Robert Jr. OF TJ Friedl P Dylan Cease P Sean Burke SS Francisco Lindor,,,
1636,5220565790,Thamanningfacedgod,0,63.2,1B Ty France 2B Gleyber Torres 3B Jared Triolo C Agustin Ramirez OF Ronald Acuna Jr. OF Corbin Carroll OF Dylan Crews P Sean Burke P Andrew Painter SS Francisco Lindor,,,
1636,5220617763,whipxwarren,0,63.2,1B Jared Young 2B Ernie Clement 3B Kazuma Okamoto C Alejandro Kirk OF Dylan Crews OF Carson Benge OF George Springer P Dylan Cease P Sean Burke SS Francisco Lindor,,,
1636,5220733008,ideagirl13,0,63.2,1B Matt Olson 2B Ketel Marte 3B Jared Triolo C Drake Baldwin OF Corbin Carroll OF Chase DeLauter OF Mike Yastrzemski P Sean Burke P Andrew Painter SS Francisco Lindor,,,
1641,5220522308,Timdog1,0,62.9,1B Ty France 2B Matt McLain 3B Jose Ramirez C Austin Hedges OF Fernando Tatis Jr. OF Michael Harris II OF George Springer P Dylan Cease P Drew Anderson SS Brayan Rocchio,,,
1642,5220618948,mmddyyyy,0,62.55,1B Ben Rice 2B Ketel Marte 3B Ryan McMahon C Gabriel Moreno OF Corbin Carroll OF Trent Grisham OF Max Kepler P Ryan Weathers P Andrew Painter SS Geraldo Perdomo,,,
1643,5220647046,JPME,0,62.5,1B Michael Toglia 2B Ozzie Albies 3B Eugenio Suarez C Drake Baldwin OF Michael Harris II OF Dominic Smith OF Mike Yastrzemski P Dylan Cease P Andrew Painter SS CJ Abrams,,,
1644,5220403048,crick1295,0,62.25,1B Kyle Schwarber 2B Luis Arraez 3B Javier Sanoja C Victor Caratini OF Dylan Crews OF Luis Robert Jr. OF Luke Keaschall P Sean Burke P Ryan Weathers SS Geraldo Perdomo,,,
1644,5220515026,tigolebitties91,0,62.25,1B Tim Tawa 2B Bryson Stott 3B Nolan Arenado C Gabriel Moreno OF Corbin Carroll OF Carson Benge OF Braden Montgomery P Sean Burke P Ryan Weathers SS Francisco Lindor,,,
1646,5220405486,MasterLaster,0,62.2,1B Munetaka Murakami 2B Chase Meidroth 3B Miguel Vargas C James McCann OF Corbin Carroll OF Braden Montgomery OF Andrew Benintendi P Sean Burke P Andrew Painter SS Francisco Lindor,,,
1646,5220559933,Ruhockey12,0,62.2,1B Tim Tawa 2B Ketel Marte 3B Bryson Stott C Gabriel Moreno OF Corbin Carroll OF Jackson Merrill OF Carson Benge P Sean Burke P Nick Lodolo SS Francisco Lindor,,,
1648,5220551680,tinman1967,0,62.1,1B Royce Lewis 2B Bryson Stott 3B Nolan Arenado C Gabriel Moreno OF Fernando Tatis Jr. OF Jackson Merrill OF Brandon Marsh P Eury Perez P Patrick Sandoval SS Geraldo Perdomo,,,
1648,5220701490,spd241,0,62.1,1B Kyle Schwarber 2B Luis Arraez 3B Brady House C Victor Caratini OF Corbin Carroll OF Ceddanne Rafaela OF Jackson Merrill P Ryan Weathers P Patrick Sandoval SS Xander Bogaerts,,,
1650,5220305238,z_money_333,0,62.05,1B Abimelec Ortiz 2B Ernie Clement 3B Caleb Durbin C Adley Rutschman OF Wilyer Abreu OF Ceddanne Rafaela OF Jarren Duran P Dylan Cease P Patrick Sandoval SS Francisco Lindor,,,
1650,5220520447,Scobra1111,0,62.05,1B Kyle Schwarber 2B Bryson Stott 3B Caleb Durbin C Drew Romo OF Wilyer Abreu OF Ceddanne Rafaela OF Brett Bateman P Dylan Cease P Patrick Sandoval SS Andruw Monasterio,,,
1650,5220727364,Oilers559799,0,62.05,1B Bryce Harper 2B Ernie Clement 3B Eugenio Suarez C Alejandro Kirk OF Ronald Acuna Jr. OF Ceddanne Rafaela OF Brett Bateman P Dylan Cease P Patrick Sandoval SS Andruw Monasterio,,,
1653,5220413426,scoats85,0,61.7,1B Kyle Schwarber 2B Luis Arraez 3B Bryson Stott C Adley Rutschman OF Bryce Harper OF Sam Antonacci OF Braden Montgomery P Patrick Sandoval P Jake Irvin SS Colson Montgomery,,,
1654,5220597220,laserman,0,61.5,1B Dominic Smith 2B Ozzie Albies 3B Austin Riley C Gabriel Moreno OF Corbin Carroll OF Ceddanne Rafaela OF Jarren Duran P Sean Burke P Michael Soroka SS Andruw Monasterio,,,
1654,5220742460,Gr8dhane,0,61.5,1B Kyle Schwarber 2B Ernie Clement 3B Charles McAdoo C Alejandro Kirk OF Trent Grisham OF George Springer OF Brett Bateman P Dylan Cease P Nick Lodolo SS CJ Abrams,,,
1656,5220395357,gr8487,0,61.45,1B Munetaka Murakami 2B Sam Antonacci 3B Miguel Vargas C Alejandro Kirk OF George Springer OF Andrew Benintendi OF Brett Bateman P Sean Burke P Tanner Bibee SS Colson Montgomery,,,
1657,5220687480,Steppoman,0,61.15,1B Kyle Schwarber 2B Chase Meidroth 3B Caleb Durbin C Gabriel Moreno OF Bryce Harper OF Wilyer Abreu OF Jake Mangum P Jake Irvin P Andrew Painter SS Otto Lopez,,,
1658,5220686409,swoody,0,61.1,1B Kyle Schwarber 2B Sam Antonacci 3B Charles McAdoo C Gabriel Moreno OF Corbin Carroll OF Spencer Jones OF Steven Kwan P Ryan Weathers P Patrick Sandoval SS CJ Abrams,,,
1659,5220579634,BAldous12,0,61.05,1B Nathaniel Lowe 2B Bryson Stott 3B Caleb Durbin C Drake Baldwin OF Ceddanne Rafaela OF Carson Benge OF Mauricio Dubon P Dylan Cease P Patrick Sandoval SS Otto Lopez,,,
1659,5220582883,mattste,0,61.05,1B Kazuma Okamoto 2B Ozzie Albies 3B Eugenio Suarez C Alejandro Kirk OF Corbin Carroll OF Ceddanne Rafaela OF Luis Robert Jr. P Dylan Cease P Patrick Sandoval SS Geraldo Perdomo,,,
1661,5220488707,mrgoodseats,0,60.9,1B Rhys Hoskins 2B Brett Baty 3B Jose Ramirez C Alejandro Kirk OF Chase DeLauter OF Jo Adell OF Steven Kwan P Dylan Cease P Drew Anderson SS CJ Abrams,,,
1661,5220706337,Maxlove5868,0,60.9,1B Kyle Schwarber 2B Sam Antonacci 3B Kazuma Okamoto C Ben Rice OF Wilyer Abreu OF Corbin Carroll OF Ceddanne Rafaela P Drew Anderson P Andrew Painter SS Javier Baez,,,
1663,5220349953,zacrudisail7,0,60.8,1B Sal Stewart 2B Bryson Stott 3B Ryan McMahon C Dillon Dingler OF Brandon Marsh OF George Springer OF TJ Friedl P Eury Perez P Bryce Elder SS Francisco Lindor,,,
1664,5220600142,Pojkl456,0,60.75,1B Ty France 2B Sam Antonacci 3B Bryson Stott C Gabriel Moreno OF Kody Clemens OF Jackson Merrill OF Brandon Marsh P Sean Burke P Patrick Sandoval SS Francisco Lindor,,,
1664,5220648552,bigtasty99,0,60.75,1B Abimelec Ortiz 2B Luis Arraez 3B Jose Ramirez C Gabriel Moreno OF Michael Harris II OF Chase DeLauter OF A.J. Ewing P Sean Burke P Patrick Sandoval SS Otto Lopez,,,
1666,5220395998,MintHillian,0,60.4,1B Ty France 2B Brett Baty 3B Manny Machado C Drake Baldwin OF Fernando Tatis Jr. OF George Springer OF TJ Friedl P Sean Burke P Christian Scott SS Francisco Lindor,,,
1666,5220679170,Domdee21,0,60.4,1B Josh Bell 2B Ketel Marte 3B Nolan Arenado C Gabriel Moreno OF Corbin Carroll OF Trevor Larnach OF Luke Keaschall P Sean Burke P Christian Scott SS Geraldo Perdomo,,,
1666,5220719749,Laiki,0,60.4,1B Ty France 2B Royce Lewis 3B Manny Machado C Drew Romo OF Wilyer Abreu OF Ceddanne Rafaela OF Jackson Merrill P Sean Burke P Christian Scott SS Andruw Monasterio,,,
1669,5220228792,christal17,0,60.25,1B Luis Garcia Jr. 2B Ketel Marte 3B Eugenio Suarez C Gabriel Moreno OF JJ Bleday OF Max Kepler OF Tim Tawa P Sean Burke P Ryan Weathers SS Geraldo Perdomo,,,
1669,5220501913,Turnski2,0,60.25,1B Sal Stewart 2B Sam Antonacci 3B Caleb Durbin C Ben Rice OF Jo Adell OF Luke Keaschall OF Brett Bateman P Sean Burke P Ryan Weathers SS Jose Caballero,,,
1669,5220711074,nolepole,0,60.25,1B Tim Tawa 2B Brett Baty 3B Nolan Arenado C Gabriel Moreno OF Byron Buxton OF Carson Benge OF Esteury Ruiz P Sean Burke P Eury Perez SS Francisco Lindor,,,
1672,5220320921,scoobydaniels,0,60.2,1B Josh Bell 2B Royce Lewis 3B Bryson Stott C Victor Caratini OF Byron Buxton OF Brandon Marsh OF Tim Tawa P Dylan Cease P Sean Burke SS Kaelen Culpepper,,,
1673,5220458230,tblades,0,60.15,1B Bryce Harper 2B Luis Arraez 3B Manny Machado C Alejandro Kirk OF Dylan Crews OF Max Clark OF Javier Baez P Bryce Elder P Drew Anderson SS CJ Abrams,,,
1674,5220490548,theblackhand666,0,60.050003,1B Kyle Schwarber 2B Jose Caballero 3B Ryan McMahon C Austin Wells OF Corbin Carroll OF Trent Grisham OF Spencer Jones P Sean Burke P Casey Mize SS Francisco Lindor,,,
1675,5220711333,Cory_Hawkins92,0,59.9,1B Royce Lewis 2B Nick Sogard 3B Caleb Durbin C Adley Rutschman OF Wilyer Abreu OF Ceddanne Rafaela OF Tristan Peters P Casey Mize P Dean Kremer SS CJ Abrams,,,
1676,5220581321,meitbe2014,0,59.75,1B Jared Young 2B Ketel Marte 3B Nolan Arenado C Gabriel Moreno OF Corbin Carroll OF Carson Benge OF A.J. Ewing P Sean Burke P Dean Kremer SS Francisco Lindor,,,
1677,5220501769,goudreau9,0,59.7,1B Munetaka Murakami 2B Royce Lewis 3B Austin Riley C Adley Rutschman OF Byron Buxton OF Wilyer Abreu OF Esteury Ruiz P Patrick Sandoval P Jake Irvin SS Geraldo Perdomo,,,
1678,5220574821,mrnice1,0,58.75,1B Josh Bell 2B Royce Lewis 3B Leo Jimenez C Gabriel Moreno OF Byron Buxton OF Corbin Carroll OF Kody Clemens P Sean Burke P Patrick Sandoval SS Geraldo Perdomo,,,
1679,5220486944,Getaway,0,58.45,1B Kyle Schwarber 2B Luis Arraez 3B Bryson Stott C Victor Caratini OF Bryce Harper OF Brandon Marsh OF Mike Yastrzemski P Sean Burke P Bryce Elder SS Kaelen Culpepper,,,
1680,5220520607,SigMonster42,0,58.4,1B Rhys Hoskins 2B Bryson Stott 3B Eugenio Suarez C Ben Rice OF Wilyer Abreu OF Carson Benge OF A.J. Ewing P Sean Burke P Christian Scott SS Brayan Rocchio,,,
1681,5220241439,PepperMonster,0,58.25,1B Jared Young 2B Sam Antonacci 3B Brady House C Rafael Flores Jr. OF Wilyer Abreu OF Carson Benge OF A.J. Ewing P Sean Burke P Eury Perez SS Francisco Lindor,,,
1681,5220370744,ralphgonzo10,0,58.25,1B Ty France 2B Chase Meidroth 3B Manny Machado C Luis Torrens OF Jackson Merrill OF Carson Benge OF A.J. Ewing P Sean Burke P Eury Perez SS Francisco Lindor,,,
1681,5220540895,redshirtfreshmn,0,58.25,1B Charles McAdoo 2B Ernie Clement 3B Jose Ramirez C Gabriel Moreno OF Corbin Carroll OF Chase DeLauter OF Steven Kwan P Sean Burke P Eury Perez SS Geraldo Perdomo,,,
1681,5220731246,jxp44,0,58.25,1B Charles McAdoo 2B Bryson Stott 3B Jose Ramirez C Rafael Flores Jr. OF Corbin Carroll OF Steven Kwan OF Tim Tawa P Sean Burke P Eury Perez SS CJ Abrams,,,
1685,5220466875,achris25,0,58.05,1B Kyle Schwarber 2B Luis Arraez 3B Bryson Stott C Rafael Flores Jr. OF Bryce Harper OF Carson Benge OF A.J. Ewing P Nick Lodolo P Patrick Sandoval SS Francisco Lindor,,,
1685,5220525206,belhost02,0,58.05,1B Kyle Schwarber 2B Ernie Clement 3B Jose Ramirez C Ben Rice OF Bryce Harper OF Ronald Acuna Jr. OF Brett Bateman P Patrick Sandoval P Andrew Painter SS Jim Jarvis,,,
1687,5220622897,markmajors,0,57.75,1B Kyle Schwarber 2B Luis Arraez 3B Nolan Arenado C Gabriel Moreno OF Bryce Harper OF Corbin Carroll OF Tim Tawa P Tanner Bibee P Andrew Painter SS Geraldo Perdomo,,,
1687,5220712007,mcgowee,0,57.75,1B Josh Bell 2B Royce Lewis 3B Brady House C Drake Baldwin OF Fernando Tatis Jr. OF Wilyer Abreu OF Luke Keaschall P Sean Burke P Dean Kremer SS Kaelen Culpepper,,,
1689,5220333595,Dmerkel1980,0,57.5,1B Kazuma Okamoto 2B Ketel Marte 3B Nolan Arenado C Gabriel Moreno OF Corbin Carroll OF Braden Montgomery OF Andrew Benintendi P Sean Burke P Michael Soroka SS Geraldo Perdomo,,,
1689,5220594573,biggie1414,0,57.5,1B Kazuma Okamoto 2B Ozzie Albies 3B Colson Montgomery C J.T. Realmuto OF Kody Clemens OF Brandon Marsh OF A.J. Ewing P Sean Burke P Michael Soroka SS Geraldo Perdomo,,,
1691,5220713743,nosliw12345,0,57.45,1B Josh Bell 2B Brandon Lowe 3B Jared Triolo C Rafael Flores Jr. OF Wilyer Abreu OF Bryan Reynolds OF Ceddanne Rafaela P Sean Burke P Tanner Bibee SS Andruw Monasterio,,,
1692,5220330181,Dbojangles,0,57.4,1B Kyle Schwarber 2B Luis Arraez 3B Bryson Stott C J.T. Realmuto OF Carson Benge OF A.J. Ewing OF Luis Robert Jr. P Sean Burke P Christian Scott SS Xander Bogaerts,,,
1693,5220405231,jmh30,0,57.25,1B Kyle Schwarber 2B Nick Sogard 3B Caleb Durbin C Gabriel Moreno OF Luke Keaschall OF Andrew Benintendi OF Steven Kwan P Sean Burke P Eury Perez SS Francisco Lindor,,,
1693,5220516379,jfladeboe,0,57.25,1B Michael Toglia 2B Royce Lewis 3B Ryan McMahon C Agustin Ramirez OF Byron Buxton OF Sam Antonacci OF Mike Yastrzemski P Sean Burke P Ryan Weathers SS Elly De La Cruz,,,
1695,5220373531,asplenjr,0,57.2,1B Kyle Schwarber 2B Ernie Clement 3B Charles McAdoo C Rafael Flores Jr. OF Byron Buxton OF Carson Benge OF Brett Bateman P Dylan Cease P Sean Burke SS Jared Triolo,,,
1695,5220673884,buckleyfan47,0,57.2,1B Tim Tawa 2B Anthony Seigler 3B Nolan Arenado C Gabriel Moreno OF Wilyer Abreu OF Ceddanne Rafaela OF Steven Kwan P Dylan Cease P Sean Burke SS Andruw Monasterio,,,
1697,5220676722,Bigjee74,0,57.050003,1B Nathaniel Lowe 2B Luis Arraez 3B Jorbit Vivas C Alejandro Kirk OF Bryce Harper OF Byron Buxton OF Carson Benge P Sean Burke P Casey Mize SS Brayan Rocchio,,,
1698,5220493291,lilherm,0,56.75,1B Munetaka Murakami 2B Sam Antonacci 3B Bryson Stott C Rafael Flores Jr. OF Wilyer Abreu OF Corbin Carroll OF Jackson Merrill P Sean Burke P Patrick Sandoval SS Kaelen Culpepper,,,
1699,5220365676,OzzyB11,0,56.25,1B Josh Bell 2B Nick Sogard 3B Bo Bichette C Adley Rutschman OF Carson Benge OF A.J. Ewing OF Trevor Larnach P Sean Burke P Ryan Weathers SS Francisco Lindor,,,
1700,5220428159,hutchs72,0,56.2,1B Kyle Schwarber 2B Luis Arraez 3B Bryson Stott C Luis Torrens OF Bryce Harper OF Carson Benge OF Max Kepler P Sean Burke P Andrew Painter SS Francisco Lindor,,,
1701,5220601030,mayostax305,0,56.1,1B Royce Lewis 2B Nick Sogard 3B Kazuma Okamoto C Adley Rutschman OF Byron Buxton OF Max Kepler OF Luke Keaschall P Eury Perez P Dean Kremer SS CJ Abrams,,,
1702,5220692427,briangoga24,0,55.55,1B Luis Garcia Jr. 2B Ketel Marte 3B Nolan Arenado C Ben Rice OF Corbin Carroll OF Max Kepler OF Spencer Jones P Ryan Weathers P Andrew Painter SS Geraldo Perdomo,,,
1703,5220629355,aaronlefever,0,55.5,1B Kyle Schwarber 2B Ernie Clement 3B Kevin McGonigle C Adley Rutschman OF Jackson Merrill OF Jarren Duran OF Andrew Benintendi P Dylan Cease P Andrew Painter SS Javier Baez,,,
1704,5220614373,opie29,0,55.45,1B Nick Sogard 2B Luis Arraez 3B Kazuma Okamoto C Drake Baldwin OF JJ Bleday OF Sam Antonacci OF Andrew Benintendi P Sean Burke P Tanner Bibee SS Otto Lopez,,,
1705,5220644672,cr323,0,55.3,1B Luis Garcia Jr. 2B Chase Meidroth 3B Kazuma Okamoto C Drake Baldwin OF Byron Buxton OF Luke Keaschall OF Jacob Young P Bryce Elder P Patrick Sandoval SS CJ Abrams,,,
1706,5220479653,whynot138,0,55.25,1B Ty France 2B Jorbit Vivas 3B Colson Montgomery C Keibert Ruiz OF Dylan Crews OF Jacob Young OF Brett Baty P Sean Burke P Eury Perez SS CJ Abrams,,,
1706,5220485551,billyp3010,0,55.25,1B Nick Sogard 2B Royce Lewis 3B Nolan Arenado C Adley Rutschman OF Ronald Acuna Jr. OF Wilyer Abreu OF Andrew Benintendi P Christian Scott P Patrick Sandoval SS Francisco Lindor,,,
1708,5220409250,lilrotor,0,54.8,1B Ty France 2B Chase Meidroth 3B Brady House C James McCann OF Chase DeLauter OF Jacob Young OF Steven Kwan P Dylan Cease P Michael Soroka SS CJ Abrams,,,
1709,5220581332,gschmidt82,0,54.2,1B Matt Olson 2B Jake Cronenworth 3B Caleb Durbin C Adley Rutschman OF Wilyer Abreu OF Corbin Carroll OF Ceddanne Rafaela P Sean Burke P Andrew Painter SS Andruw Monasterio,,,
1709,5220670055,swiper32,0,54.2,1B Michael Toglia 2B Matt McLain 3B Eugenio Suarez C Jose Trevino OF Dylan Crews OF JJ Bleday OF Daylen Lile P Dylan Cease P Sean Burke SS Francisco Lindor,,,
1711,5220556507,MG271973,0,54.1,1B Nick Sogard 2B Sam Antonacci 3B Miguel Vargas C Adley Rutschman OF Wilyer Abreu OF Ceddanne Rafaela OF Jacob Young P Ryan Weathers P Patrick Sandoval SS Francisco Lindor,,,
1712,5220441411,whiteydw,0,53.9,1B Kyle Schwarber 2B Luis Arraez 3B Kevin McGonigle C Dillon Dingler OF Bryce Harper OF Brandon Marsh OF Justin Crawford P Drew Anderson P Andrew Painter SS Javier Baez,,,
1713,5220286727,Byronn5,0,53.75,1B Michael Toglia 2B Nick Sogard 3B Caleb Durbin C Adley Rutschman OF Wilyer Abreu OF Ceddanne Rafaela OF Trevor Larnach P Ryan Weathers P Christian Scott SS Elly De La Cruz,,,
1714,5220525556,obcase,0,53.55,1B Jared Young 2B Bryson Stott 3B Miguel Vargas C J.T. Realmuto OF Wilyer Abreu OF Chase DeLauter OF Carson Benge P Eury Perez P Andrew Painter SS CJ Abrams,,,
1715,5220593546,bighahn10,0,53.25,1B Nathaniel Lowe 2B Travis Bazzana 3B Jose Ramirez C Alejandro Kirk OF Sam Antonacci OF Chase DeLauter OF Carson Benge P Sean Burke P Eury Perez SS Xander Bogaerts,,,
1715,5220696266,kacyisbaked,0,53.25,1B Josh Bell 2B Kody Clemens 3B Caleb Durbin C Adley Rutschman OF Byron Buxton OF Trevor Larnach OF Steven Kwan P Sean Burke P Ryan Weathers SS Andruw Monasterio,,,
1717,5220666035,jlg78,0,53.2,1B Kazuma Okamoto 2B Ernie Clement 3B Brady House C Alejandro Kirk OF Dylan Crews OF Brett Bateman OF Daz Cameron P Dylan Cease P Sean Burke SS CJ Abrams,,,
1718,5220706016,Golfwick,0,52.5,1B Kyle Schwarber 2B Ernie Clement 3B Kazuma Okamoto C Adley Rutschman OF Wilyer Abreu OF Steven Kwan OF Brett Bateman P Dylan Cease P Andrew Painter SS Kevin McGonigle,,,
1719,5220554470,dwatson11301978,0,52.25,1B Nick Sogard 2B Ketel Marte 3B Caleb Durbin C Gabriel Moreno OF Wilyer Abreu OF Jarren Duran OF Tim Tawa P Sean Burke P Eury Perez SS Geraldo Perdomo,,,
1720,5220733041,bettisnikko,0,52.2,1B Jared Young 2B Chase Meidroth 3B Nolan Arenado C James McCann OF Wilyer Abreu OF Ceddanne Rafaela OF Andrew Benintendi P Dylan Cease P Sean Burke SS Andruw Monasterio,,,
1721,5220425344,kcroyalfan,0,51.75,1B Ty France 2B Luis Arraez 3B Ryan McMahon C Alejandro Kirk OF Bryce Harper OF Fernando Tatis Jr. OF Luis Rengifo P Sean Burke P Patrick Sandoval SS Francisco Lindor,,,
1721,5220495456,Jadian777,0,51.75,1B Matt Olson 2B Ozzie Albies 3B Kazuma Okamoto C Adley Rutschman OF Daylen Lile OF Justin Crawford OF Tim Tawa P Sean Burke P Patrick Sandoval SS CJ Abrams,,,
1723,5220193514,klassicthegreat,0,51.45,1B Ty France 2B Bryson Stott 3B Manny Machado C Freddy Fermin OF Fernando Tatis Jr. OF Jackson Merrill OF Carson Benge P Sean Burke P Bryce Elder SS Francisco Lindor,,,
1724,5220727391,ricobrow48,0,51.25,1B Nick Sogard 2B Ernie Clement 3B Caleb Durbin C Adley Rutschman OF Wilyer Abreu OF Corbin Carroll OF JJ Bleday P Sean Burke P Ryan Weathers SS Andres Gimenez,,,
1725,5220677110,dawncats,0,50.7,1B Kyle Schwarber 2B Ketel Marte 3B Caleb Durbin C Alejandro Kirk OF Wilyer Abreu OF Ceddanne Rafaela OF George Springer P Christian Scott P Andrew Painter SS Francisco Lindor,,,
1726,5220676331,rob3lairjr3,0,50.55,1B Josh Bell 2B Ketel Marte 3B Jose Ramirez C Adley Rutschman OF George Springer OF Steven Kwan OF Brett Bateman P Eury Perez P Nick Lodolo SS CJ Abrams,,,
1727,5220624166,aco821,0,50.5,1B Kyle Schwarber 2B Nick Sogard 3B Colson Montgomery C Alejandro Kirk OF JJ Bleday OF Carson Benge OF Jo Adell P Dylan Cease P Andrew Painter SS Geraldo Perdomo,,,
1728,5220436827,SeanDre,0,50.25,1B Luis Garcia Jr. 2B Nick Sogard 3B Caleb Durbin C Adley Rutschman OF Wilyer Abreu OF Ceddanne Rafaela OF Esteury Ruiz P Christian Scott P Patrick Sandoval SS Otto Lopez,,,
1729,5220191314,Cathyrules1,0,50.2,1B Ty France 2B Luis Arraez 3B Colson Montgomery C Adley Rutschman OF Michael Harris II OF JJ Bleday OF Esmerlyn Valdez P Sean Burke P Andrew Painter SS Otto Lopez,,,
1729,5220701355,Larrydehart,0,50.2,1B Sal Stewart 2B Chase Meidroth 3B Nolan Arenado C Adley Rutschman OF Michael Harris II OF Ceddanne Rafaela OF Esmerlyn Valdez P Sean Burke P Nick Lodolo SS Xander Bogaerts,,,
1731,5220517812,wildcats25,0,50.05,1B Kyle Schwarber 2B Bryson Stott 3B Ryan McMahon C Luis Torrens OF Ronald Acuna Jr. OF Wilyer Abreu OF Ceddanne Rafaela P Patrick Sandoval P Andrew Painter SS Francisco Lindor,,,
1732,5220527904,HughZuck,0,49.2,1B Josh Bell 2B Ernie Clement 3B Kazuma Okamoto C Alejandro Kirk OF Byron Buxton OF George Springer OF Brett Bateman P Dylan Cease P Sean Burke SS Geraldo Perdomo,,,
1732,5220664913,Majik1016,0,49.2,1B Ty France 2B Chase Meidroth 3B Ryan McMahon C Alejandro Kirk OF Jackson Merrill OF George Springer OF Brett Bateman P Dylan Cease P Sean Burke SS Francisco Lindor,,,
1734,5220713499,swicktlm,0,48.8,1B Spencer Torkelson 2B Luis Arraez 3B Kevin McGonigle C Gabriel Moreno OF Corbin Carroll OF Chase DeLauter OF Brett Bateman P Michael Soroka P Andrew Painter SS Elly De La Cruz,,,
1735,5220148417,krism1956,0,48.75,1B Ty France 2B Sam Antonacci 3B Manny Machado C Alejandro Kirk OF Fernando Tatis Jr. OF Jackson Merrill OF Chase DeLauter P Sean Burke P Dean Kremer SS Colson Montgomery,,,
1735,5220708065,bthran,0,48.75,1B Miguel Vargas 2B Chase Meidroth 3B Caleb Durbin C Adley Rutschman OF Corbin Carroll OF Carson Benge OF Jarren Duran P Sean Burke P Dean Kremer SS Geraldo Perdomo,,,
1737,5220742793,retblatt216,0,48.5,1B Luis Garcia Jr. 2B Ketel Marte 3B Leo Jimenez C Rafael Flores Jr. OF Byron Buxton OF Braden Montgomery OF Jo Adell P Sean Burke P Michael Soroka SS Francisco Lindor,,,
1738,5220294862,sanzybear054,0,48.25,1B Royce Lewis 2B Bryson Stott 3B Caleb Durbin C Adley Rutschman OF Wilyer Abreu OF Ceddanne Rafaela OF Daz Cameron P Sean Burke P Eury Perez SS Andruw Monasterio,,,
1738,5220657284,i_wish_i_win,0,48.25,1B Abimelec Ortiz 2B Bryson Stott 3B Brady House C Alejandro Kirk OF Dylan Crews OF Brandon Marsh OF Spencer Jones P Sean Burke P Eury Perez SS CJ Abrams,,,
1740,5220252791,stevenins,0,48.2,1B Kyle Schwarber 2B Angel Genao 3B Charles McAdoo C Ben Rice OF Corbin Carroll OF Jackson Merrill OF Hector Rodriguez P Sean Burke P Andrew Painter SS Elly De La Cruz,,,
1741,5220053038,pointaufer,0,48.05,1B Spencer Torkelson 2B Gleyber Torres 3B Nolan Arenado C Eduardo Valencia OF Ronald Acuna Jr. OF Fernando Tatis Jr. OF Ceddanne Rafaela P Dean Kremer P Andrew Painter SS Francisco Lindor,,,
1741,5220366620,Jiwyman1,0,48.05,1B Josh Bell 2B Bryson Stott 3B Nolan Arenado C Drake Baldwin OF Ronald Acuna Jr. OF Ceddanne Rafaela OF Steven Kwan P Nick Lodolo P Patrick Sandoval SS CJ Abrams,,,
1743,5220559450,harmslayer,0,47.45,1B Dominic Smith 2B Ernie Clement 3B Brady House C Keibert Ruiz OF Byron Buxton OF Daylen Lile OF Jarren Duran P Sean Burke P Bryce Elder SS CJ Abrams,,,
1744,5220505219,tpyo,0,47.25,1B Ty France 2B Bryson Stott 3B Nolan Arenado C Gabriel Moreno OF Corbin Carroll OF Ceddanne Rafaela OF Brett Bateman P Sean Burke P Eury Perez SS Geraldo Perdomo,,,
1745,5220745202,juicemac10,0,47.2,1B Kyle Schwarber 2B Ketel Marte 3B Ryan McMahon C Gabriel Moreno OF Corbin Carroll OF A.J. Ewing OF Max Kepler P Sean Burke P Andrew Painter SS Francisco Lindor,,,
1746,5220210875,henhugh,0,46.85,1B Nick Sogard 2B Chase Meidroth 3B Colson Montgomery C Adley Rutschman OF Wilyer Abreu OF Ceddanne Rafaela OF Trent Grisham P Ryan Weathers P Michael Soroka SS Andruw Monasterio,,,
1747,5220436732,mayoroflsketittikaka,0,46.55,1B Ty France 2B Chase Meidroth 3B Ryan McMahon C Adley Rutschman OF Bryce Harper OF Fernando Tatis Jr. OF Luis Robert Jr. P Ryan Weathers P Andrew Painter SS Francisco Lindor,,,
1748,5220115519,joshuanvela,0,46.5,1B Spencer Torkelson 2B Ozzie Albies 3B Jared Triolo C J.T. Realmuto OF Fernando Tatis Jr. OF Jarren Duran OF TJ Friedl P Dylan Cease P Andrew Painter SS CJ Abrams,,,
1749,5220201989,marshholly,0,46.45,1B Spencer Torkelson 2B Gleyber Torres 3B Caleb Durbin C Francisco Alvarez OF Ronald Acuna Jr. OF Byron Buxton OF Corbin Carroll P Patrick Sandoval P Drew Anderson SS Geraldo Perdomo,,,
1750,5220474094,baker01,0,46.25,1B Rafael Flores Jr. 2B Luis Arraez 3B Nolan Arenado C J.T. Realmuto OF Carson Benge OF A.J. Ewing OF Luis Robert Jr. P Sean Burke P Eury Perez SS Francisco Lindor,,,
1751,5220320487,jhojacker,0,45.75,1B Royce Lewis 2B Chase Meidroth 3B Bryson Stott C Victor Caratini OF Byron Buxton OF Corbin Carroll OF George Springer P Sean Burke P Dean Kremer SS Francisco Lindor,,,
1752,5220641061,stlmyk,0,45.25,1B Ty France 2B Sam Antonacci 3B Nolan Arenado C Rafael Flores Jr. OF Chase DeLauter OF Carson Benge OF Trevor Larnach P Sean Burke P Eury Perez SS Francisco Lindor,,,
1753,5220648709,AlbatrossBOS,0,44.45,1B Kyle Schwarber 2B Luis Arraez 3B Bryson Stott C Brian Navarreto OF Bryce Harper OF Brandon Marsh OF Luke Keaschall P Sean Burke P Tanner Bibee SS Brayan Rocchio,,,
1754,5220477401,redzone408,0,44.3,1B Nick Sogard 2B Ketel Marte 3B Miguel Vargas C Adley Rutschman OF Wilyer Abreu OF Ceddanne Rafaela OF Jarren Duran P Tanner Bibee P Patrick Sandoval SS Colson Montgomery,,,
1755,5220319997,Thegoldcobra,0,44.1,1B Luis Garcia Jr. 2B Nick Sogard 3B Ryan McMahon C Ben Rice OF Wilyer Abreu OF Ceddanne Rafaela OF Trent Grisham P Eury Perez P Patrick Sandoval SS Andruw Monasterio,,,
1756,5220256854,ToddH13,0,43.2,1B Andres Chaparro 2B Sam Antonacci 3B Colson Montgomery C Rafael Flores Jr. OF Bryce Harper OF Byron Buxton OF Ceddanne Rafaela P Sean Burke P Nick Lodolo SS Andruw Monasterio,,,
1757,5220490732,Santa-Claus,0,42.75,1B Josh Bell 2B Nick Sogard 3B Charles McAdoo C Keibert Ruiz OF Byron Buxton OF Jackson Merrill OF Carson Benge P Sean Burke P Dean Kremer SS Elly De La Cruz,,,
1758,5220576694,fordf1,0,42.55,1B Bryce Harper 2B Ketel Marte 3B Kevin McGonigle C Austin Hedges OF Michael Harris II OF Trent Grisham OF Brandon Marsh P Ryan Weathers P Andrew Painter SS Javier Baez,,,
1759,5220718429,stevedudzic,0,41.75,1B Alec Bohm 2B Nick Sogard 3B Caleb Durbin C Adley Rutschman OF JJ Bleday OF Ceddanne Rafaela OF Jackson Merrill P Sean Burke P Patrick Sandoval SS Elly De La Cruz,,,
1760,5220522059,BrutustheBengal,0,41.45,1B Sal Stewart 2B Sam Antonacci 3B Bryson Stott C Alejandro Kirk OF Wilyer Abreu OF Ceddanne Rafaela OF A.J. Ewing P Sean Burke P Bryce Elder SS Brayan Rocchio,,,
1761,5220662554,movie_t,0,41.25,1B Nathaniel Lowe 2B Nick Sogard 3B Jose Ramirez C Austin Wells OF Corbin Carroll OF Trent Grisham OF Chase DeLauter P Sean Burke P Eury Perez SS Geraldo Perdomo,,,
1762,5220607201,rgendron22,0,41.2,1B Kyle Schwarber 2B Bryson Stott 3B Brady House C Rafael Flores Jr. OF Bryce Harper OF Carson Benge OF A.J. Ewing P Sean Burke P Andrew Painter SS Francisco Lindor,,,
1763,5220561503,greenrock,0,41.050003,1B Sal Stewart 2B Matt McLain 3B Kevin McGonigle C Freddy Fermin OF Carson Benge OF Max Clark OF Luke Keaschall P Sean Burke P Casey Mize SS Francisco Lindor,,,
1764,5220392385,juniorb06,0,39.5,1B Sal Stewart 2B Davis Schneider 3B Ryan McMahon C Luis Campusano OF Byron Buxton OF Fernando Tatis Jr. OF Chase DeLauter P Dylan Cease P Andrew Painter SS Francisco Lindor,,,
1765,5220418209,mlrlfd,0,39.45,1B Ty France 2B Chase Meidroth 3B Caleb Durbin C Adley Rutschman OF Fernando Tatis Jr. OF Ceddanne Rafaela OF Jackson Merrill P Sean Burke P Bryce Elder SS Andruw Monasterio,,,
1766,5220743858,Rigo-94,0,38.6,1B Spencer Torkelson 2B Nick Sogard 3B Kevin McGonigle C Adley Rutschman OF Bryce Harper OF Ronald Acuna Jr. OF Trent Grisham P Patrick Sandoval P Dean Kremer SS Javier Baez,,,
1767,5220581994,CHLEGACY1,0,37.75,1B Bryce Harper 2B Chase Meidroth 3B Bryson Stott C Gabriel Moreno OF Ceddanne Rafaela OF Jackson Merrill OF Carson Benge P Sean Burke P Patrick Sandoval SS Andruw Monasterio,,,
1768,5220612655,letsgobadgers,0,36.1,1B Ty France 2B Gleyber Torres 3B Caleb Durbin C Adley Rutschman OF Wilyer Abreu OF Ceddanne Rafaela OF Trent Grisham P Eury Perez P Patrick Sandoval SS Andruw Monasterio,,,
1769,5220655082,SoxPopuli,0,34.1,1B Rhys Hoskins 2B Ketel Marte 3B Ryan McMahon C Adley Rutschman OF Byron Buxton OF Ceddanne Rafaela OF Trevor Larnach P Eury Perez P Patrick Sandoval SS Kevin McGonigle,,,
1770,5220624573,gr8coach,0,32.9,1B Ty France 2B Ketel Marte 3B Caleb Durbin C Adley Rutschman OF Wilyer Abreu OF Corbin Carroll OF Max Kepler P Drew Anderson P Andrew Painter SS Geraldo Perdomo,,,
1771,5220534035,Hansf,0,30.35,1B Spencer Torkelson 2B Ozzie Albies 3B Bryson Stott C Eduardo Valencia OF Wilyer Abreu OF Ceddanne Rafaela OF Jarren Duran P Michael Soroka P Patrick Sandoval SS Geraldo Perdomo,,,
1772,5220723488,musty41,0,21.6,1B Sal Stewart 2B Ketel Marte 3B Kevin McGonigle C Adley Rutschman OF Wilyer Abreu OF Ceddanne Rafaela OF George Springer P Patrick Sandoval P Dean Kremer SS Andruw Monasterio,,,
1773,5220340019,TheKflan,0,10.15,1B Juan Yepez 2B Gage Workman 3B Christian Arroyo C Thayron Liranzo OF Cristian Pache OF Rikuu Nishida OF Emmanuel Rodriguez P Jake Irvin P Andrew Painter SS Jack Brannigan,,,
1774,5220393593,Sweeninator,0,0,,,,
1774,5220405302,Cdub70085,0,0,,,,
1774,5220462219,mcnallytm,0,0,,,,
1774,5220467094,joltman1974,0,0,,,,
1774,5220506704,fredalba1985,0,0,,,,
1774,5220580788,jaywill5502,0,0,,,,
1774,5220584953,cordog2878,0,0,,,,
1774,5220587225,lenn221,0,0,,,,
1774,5220604349,italianmamba24,0,0,,,,
1774,5220627558,jonjonlegend,0,0,,,,
