Rank,EntryId,EntryName,TimeRemaining,Points,Lineup,,Player,Roster Position,%Drafted,FPTS
1,5213278322,Chapel517,0,190.1,1B Pete Alonso 2B Jackson Holliday 3B Willi Castro C Ivan Herrera OF Jordan Walker OF Mickey Moniak OF Tyler O'Neill P Jesus Luzardo P Sean Manaea SS Masyn Winn,,Jacob Misiorowski,P,68.26%,22.5
2,5212861473,pegulavill,0,182.15,1B Pete Alonso 2B Jackson Holliday 3B Bryson Stott C J.T. Realmuto OF Kyle Schwarber OF Bryce Harper OF Leody Taveras P J.T. Ginn P Connor Prielipp SS Gunnar Henderson,,Jesus Luzardo,P,29.11%,32.75
3,5213221537,FERGYBALL,0,181.1,1B Alec Burleson 2B JJ Wetherholt 3B Jose Fermin C Francisco Alvarez OF A.J. Ewing OF Carson Benge OF Luis Robert Jr. P Jesus Luzardo P Sean Manaea SS Masyn Winn,,Pete Crow-Armstrong,OF,22.10%,11
4,5212836221,MJPSevens7,0,180.95,1B Alec Burleson 2B JJ Wetherholt 3B Bryson Stott C Jimmy Crooks OF Kyle Schwarber OF Bryce Harper OF Jordan Walker P Sean Manaea P Ryan Gusto SS Masyn Winn,,Wilyer Abreu,OF,20.64%,4
5,5213355205,BakedKarma,0,179.7,1B Pete Alonso 2B Nico Hoerner 3B Alex Bregman C Miguel Amaya OF Pete Crow-Armstrong OF Tyrone Taylor OF Tyler O'Neill P Jacob Misiorowski P Grayson Rodriguez SS Jackson Holliday,,George Lombard Jr.,SS,20.42%,0
6,5213205184,sh-13,0,175.25,1B Kyle Stowers 2B Jackson Holliday 3B Coby Mayo C Salvador Perez OF Griffin Conine OF Dylan Beavers OF Tyler O'Neill P Jacob Misiorowski P Jesus Luzardo SS Otto Lopez,,Nick Sogard,2B,20.02%,0
7,5213356848,KProc135,0,175.1,1B Michael Busch 2B Jackson Holliday 3B Alex Bregman C Jimmy Crooks OF Pete Crow-Armstrong OF Ian Happ OF Michael Conforto P Jesus Luzardo P Sean Manaea SS Gunnar Henderson,,Michael Busch,1B,17.84%,15
8,5212997375,randomoctopus,0,174.7,1B Bryce Harper 2B Bryson Stott 3B Ryan McMahon C Austin Wells OF Kyle Schwarber OF Dylan Beavers OF Colton Cowser P Cam Schlittler P Jesus Luzardo SS George Lombard Jr.,,Andruw Monasterio,SS,16.49%,0
9,5213141052,gmoneyez,0,174.25,1B Pete Alonso 2B Jackson Holliday 3B Coby Mayo C Jake Rogers OF Henry Bolte OF Lawrence Butler OF Colton Cowser P Jacob Misiorowski P Jesus Luzardo SS Gunnar Henderson,,Kumar Rocker,P,15.70%,-0.65
10,5213062151,slipperywhendry,0,174.1,1B Pete Alonso 2B Jackson Holliday 3B Alex Bregman C Brett Sullivan OF Pete Crow-Armstrong OF Dylan Beavers OF Tyler O'Neill P Jacob Misiorowski P Ryan Gusto SS Gunnar Henderson,,Alex Bregman,3B,15.37%,15
11,5212989717,statnerds,0,173.3,1B Michael Busch 2B Nico Hoerner 3B Alex Bregman C Jonah Heim OF Tyler Soderstrom OF Ian Happ OF Michael Conforto P Cam Schlittler P Sean Manaea SS George Lombard Jr.,,Jimmy Crooks,C,15.31%,2
12,5213362333,ptssportsbar,0,171.9,1B Kyle Stowers 2B JJ Wetherholt 3B Bo Bichette C Moises Ballesteros OF Kyle Schwarber OF Jackson Chourio OF Jake Mangum P Cade Povich P Michael McGreevy SS Francisco Lindor,,Ceddanne Rafaela,OF,14.64%,0
13,5212991336,lilmonsta47,0,171.3,1B Jeff McNeil 2B Jazz Chisholm Jr. 3B Bo Bichette C Jonah Heim OF Tyler Soderstrom OF A.J. Ewing OF Luis Robert Jr. P Cam Schlittler P Sean Manaea SS Andruw Monasterio,,Jarren Duran,OF,14.13%,0
14,5213112914,RINO19,0,170.45,1B Pete Alonso 2B Michael Massey 3B Nick Loftin C Salvador Perez OF Leody Taveras OF Dylan Beavers OF Colton Cowser P Jacob Misiorowski P Cam Schlittler SS Jackson Holliday,,Ryan Gusto,P,13.57%,10.6
15,5213242584,jcreevs,0,169.1,1B Bryce Harper 2B Luis Arraez 3B Bryson Stott C Austin Wells OF Kyle Schwarber OF Trent Grisham OF Spencer Jones P Jesus Luzardo P Sean Manaea SS George Lombard Jr.,,Ivan Herrera,C,13.40%,16
16,5213035278,Wilco311,0,168.85,1B Alec Burleson 2B Jackson Holliday 3B Bryson Stott C Carlos Narvaez OF Pete Crow-Armstrong OF Dylan Beavers OF Colton Cowser P Jacob Misiorowski P Sean Manaea SS Gunnar Henderson,,Alec Burleson,1B,13.07%,18
17,5213341976,andywxman,0,168.45,1B Michael Busch 2B Jackson Holliday 3B Coby Mayo C Carlos Narvaez OF Ian Happ OF Dylan Beavers OF Colton Cowser P Jacob Misiorowski P Cam Schlittler SS Dansby Swanson,,Ian Happ,OF,12.34%,24
18,5212583811,bkreider,0,167.45,1B Pete Alonso 2B Jackson Holliday 3B Denzer Guzman C Salvador Perez OF Tyler O'Neill OF Colton Cowser OF Josh Lowe P Jacob Misiorowski P Cam Schlittler SS Gunnar Henderson,,Salvador Perez,C,11.83%,5
18,5212991646,loveinstrong,0,167.45,1B Pete Alonso 2B Jackson Holliday 3B Coby Mayo C Jimmy Crooks OF Nathan Church OF Wade Meckler OF Leody Taveras P Jacob Misiorowski P Cam Schlittler SS Masyn Winn,,Jordan Walker,OF,10.82%,8
20,5212916285,LeVerticalDFS,0,166.1,1B Michael Busch 2B JJ Wetherholt 3B Alex Bregman C Ivan Herrera OF Jordan Walker OF Michael Conforto OF Brandon Lockridge P Jesus Luzardo P Sean Manaea SS Masyn Winn,,Bryson Stott,3B,10.60%,17
21,5213141903,Hitstyx9,0,164.95,1B Michael Busch 2B Luis Arraez 3B Bryson Stott C Austin Wells OF Pete Crow-Armstrong OF Kyle Schwarber OF Ian Happ P Sean Manaea P Ryan Gusto SS Bobby Witt Jr.,,Ryan McMahon,3B,10.54%,2
22,5212959634,gwpsr,0,164.7,1B Pete Alonso 2B Travis Bazzana 3B Bo Bichette C Jonah Heim OF Tyler Soderstrom OF Jake McCarthy OF Sam Antonacci P Shane Bieber P Sean Manaea SS Francisco Lindor,,Jake McCarthy,OF,10.49%,10
23,5213187765,ekimnotloh,0,164.1,1B TJ Rumfield 2B Nico Hoerner 3B Kyle Karros C Hunter Goodman OF Jake McCarthy OF Cole Carrigg OF Ian Happ P Jesus Luzardo P Sean Manaea SS Masyn Winn,,Jared Jones,P,9.87%,-9.85
24,5213028994,woodsoncb2,0,163.1,1B Michael Busch 2B Jackson Holliday 3B Alex Bregman C Miguel Amaya OF Pete Crow-Armstrong OF Ian Happ OF Tyler O'Neill P Jacob Misiorowski P Ryan Gusto SS Gunnar Henderson,,JJ Wetherholt,2B,9.81%,20
25,5213095315,quinzioam,0,162.85,1B Alec Burleson 2B Ernie Clement 3B Ezequiel Duran C Ivan Herrera OF Trent Grisham OF Heriberto Hernandez OF Griffin Conine P Jacob Misiorowski P Sean Manaea SS George Lombard Jr.,,Nick Loftin,3B,9.59%,0
26,5213340081,Mojo19,0,161.45,1B Michael Busch 2B Jackson Holliday 3B Alex Bregman C Carlos Narvaez OF Dylan Beavers OF Tyler O'Neill OF Colton Cowser P Jacob Misiorowski P Cam Schlittler SS Dansby Swanson,,Cam Schlittler,P,8.97%,33.95
27,5212827117,3thor3,0,161.3,1B Josh Bell 2B Marcus Semien 3B Ernie Clement C Francisco Alvarez OF Pete Crow-Armstrong OF Cole Carrigg OF Griffin Conine P Cam Schlittler P Sean Manaea SS Andruw Monasterio,,Michael Conforto,OF,8.75%,10
28,5213311136,Bearsfan17,0,160.85,1B Michael Busch 2B Nico Hoerner 3B Alex Bregman C Edgar Quero OF Pete Crow-Armstrong OF Brenton Doyle OF Ronny Simon P Jacob Misiorowski P Sean Manaea SS Jackson Holliday,,Dansby Swanson,SS,8.64%,7
29,5213231496,OVO_KIRKO,0,160.7,1B Kyle Stowers 2B Ronny Simon 3B Ezequiel Duran C Jimmy Crooks OF Jordan Walker OF Griffin Conine OF Randal Grichuk P Cam Schlittler P Jesus Luzardo SS Jackson Holliday,,Matthew Boyd,P,8.64%,16.95
30,5212998901,TopDogs106,0,160.2,1B Kyle Stowers 2B JJ Wetherholt 3B Alex Bregman C Ivan Herrera OF Heriberto Hernandez OF Griffin Conine OF Owen Caissie P Jesus Luzardo P Davis Martin SS Otto Lopez,,Steven Kwan,OF,8.64%,8
31,5213051723,Blaker283,0,159.7,1B Jared Young 2B Travis Bazzana 3B Bo Bichette C Hunter Goodman OF Mickey Moniak OF A.J. Ewing OF Luis Robert Jr. P Shane Bieber P Sean Manaea SS Francisco Lindor,,Ronny Simon,2B,8.58%,3
32,5212965120,magicpower,0,159.4,1B Alec Burleson 2B JJ Wetherholt 3B Bryson Stott C Hunter Goodman OF Tyler Soderstrom OF Jake McCarthy OF Lawrence Butler P Sean Manaea P Connor Prielipp SS Francisco Lindor,,Griffin Conine,OF,7.85%,32
33,5213011220,WilcoxFantasy,0,159.25,1B Pete Alonso 2B Jackson Holliday 3B Coby Mayo C Austin Wells OF Heliot Ramos OF Spencer Jones OF Tyler O'Neill P Jacob Misiorowski P Jesus Luzardo SS Gunnar Henderson,,Austin Wells,C,7.80%,3
34,5213093299,seabie123,0,159.1,1B Nolan Schanuel 2B Nick Sogard 3B Alex Bregman C Miguel Amaya OF Pete Crow-Armstrong OF Ian Happ OF Griffin Conine P Jacob Misiorowski P Ryan Gusto SS Otto Lopez,,Xavier Edwards,2B,7.74%,4
35,5213235038,TheDCarman,0,158.8,1B Pete Alonso 2B Nico Hoerner 3B Alex Bregman C Hunter Goodman OF Pete Crow-Armstrong OF Ian Happ OF Tyrone Taylor P Grayson Rodriguez P Ryan Gusto SS Bobby Witt Jr.,,Ezequiel Duran,3B,7.74%,6
36,5213259658,thebittercheese,0,158.5,1B Alec Burleson 2B JJ Wetherholt 3B Bryson Stott C Ivan Herrera OF Jordan Walker OF Leody Taveras OF Tyler O'Neill P Jesus Luzardo P Michael McGreevy SS Masyn Winn,,Nathan Church,OF,7.68%,8
37,5213348115,KenyanDrake,0,158.35,1B Michael Busch 2B JJ Wetherholt 3B Alex Bregman C Ivan Herrera OF Jordan Walker OF Ian Happ OF Michael Conforto P Jesus Luzardo P Ryan Gusto SS Dansby Swanson,,Kyle Karros,3B,7.68%,3
38,5213231707,miner2380,0,157.25,1B Munetaka Murakami 2B Jackson Holliday 3B Colson Montgomery C Edgar Quero OF Randal Grichuk OF Dylan Beavers OF Colton Cowser P Jacob Misiorowski P Jesus Luzardo SS Gunnar Henderson,,Sean Manaea,P,7.46%,37.35
38,5213243805,Alumni50,0,157.25,1B Michael Busch 2B Nico Hoerner 3B Alex Bregman C Austin Wells OF Ian Happ OF Michael Conforto OF Starling Marte P Jacob Misiorowski P Jesus Luzardo SS George Lombard Jr.,,Bobby Witt Jr.,SS,7.01%,2
40,5212864568,atong126,0,156.1,1B Kyle Stowers 2B Xavier Edwards 3B Alex Bregman C Miguel Amaya OF Pete Crow-Armstrong OF Griffin Conine OF Owen Caissie P Jesus Luzardo P Kumar Rocker SS Otto Lopez,,Jake Rogers,C,6.90%,5
41,5213064397,Trojan44,0,155.4,1B Pete Alonso 2B JJ Wetherholt 3B Coby Mayo C Ivan Herrera OF Jordan Walker OF Nathan Church OF Tyler O'Neill P Matthew Boyd P Joey Cantillo SS Gunnar Henderson,,Luis Arraez,2B,6.84%,2
42,5212945836,mvp1987,0,154.7,1B Bryce Harper 2B Luis Arraez 3B Javier Sanoja C Ivan Herrera OF Griffin Conine OF Jakob Marsee OF Nathan Church P Jesus Luzardo P Matthew Boyd SS Masyn Winn,,Kyle Schwarber,OF,6.79%,43
42,5213022343,cob1979,0,154.7,1B Alec Burleson 2B JJ Wetherholt 3B Coby Mayo C Ivan Herrera OF Jordan Walker OF Dylan Beavers OF Tyler O'Neill P Jacob Misiorowski P Grayson Rodriguez SS Jackson Holliday,,Anthony Seigler,2B,6.73%,5
42,5213032711,OldEnglishChains,0,154.7,1B Willson Contreras 2B Nico Hoerner 3B Ezequiel Duran C Miguel Amaya OF Bryce Harper OF Griffin Conine OF Jakob Marsee P Jesus Luzardo P Matthew Boyd SS George Lombard Jr.,,Jackson Chourio,OF,6.56%,18
45,5213015312,jonnyboyi4,0,153.85,1B Michael Busch 2B Nick Sogard 3B Alex Bregman C Jake Rogers OF Ian Happ OF Heriberto Hernandez OF Griffin Conine P Jacob Misiorowski P Sean Manaea SS Andruw Monasterio,,Masyn Winn,SS,6.56%,12
46,5212522372,greengoon,0,153.35,1B Luis Garcia Jr. 2B Xavier Edwards 3B Bryson Stott C William Contreras OF Kyle Schwarber OF Bryce Harper OF Starling Marte P Jesus Luzardo P Ryan Gusto SS Jackson Holliday,,Spencer Jones,OF,6.56%,2
47,5213063186,zspeer131,0,152.95,1B Bryce Harper 2B Luis Arraez 3B Alec Bohm C J.T. Realmuto OF Pete Crow-Armstrong OF Kyle Schwarber OF Michael Conforto P Sean Manaea P Ryan Gusto SS Dansby Swanson,,Andrew Vaughn,1B,6.39%,0
48,5213172318,whynot138,0,152.85,1B Michael Busch 2B Xavier Edwards 3B Alex Bregman C Miguel Amaya OF Ian Happ OF Griffin Conine OF Michael Conforto P Jacob Misiorowski P Kumar Rocker SS Otto Lopez,,Trea Turner,SS,6.39%,0
49,5213140858,Dfontenot4545,0,152.7,1B Alec Bohm 2B Bryson Stott 3B Alex Bregman C Ivan Herrera OF Ian Happ OF Brandon Marsh OF Justin Crawford P Jesus Luzardo P Matthew Boyd SS Dansby Swanson,,Nick Sogard,1B,6.34%,0
50,5212956489,JLong456,0,152.55,1B Michael Busch 2B Nico Hoerner 3B Bryson Stott C Miguel Amaya OF Bryan Reynolds OF Ian Happ OF Heliot Ramos P Cam Schlittler P Ryan Gusto SS Dansby Swanson,,Wyatt Langford,OF,6.23%,7
50,5213071811,ericm210,0,152.55,1B Michael Busch 2B Nico Hoerner 3B Nick Loftin C Miguel Amaya OF Pete Crow-Armstrong OF Ian Happ OF Starling Marte P Cam Schlittler P Ryan Gusto SS Bobby Witt Jr.,,Willson Contreras,1B,6.17%,6
52,5213069730,A.Burgos930,0,151.85,1B Michael Busch 2B Nico Hoerner 3B Nick Loftin C Salvador Perez OF Ian Happ OF Trent Grisham OF Tyrone Taylor P Jacob Misiorowski P Sean Manaea SS Dansby Swanson,,Ronny Simon,OF,6.17%,3
53,5213364841,cbelyea,0,151.45,1B Jared Young 2B Ronny Simon 3B Ernie Clement C Edgar Quero OF Jordan Walker OF Griffin Conine OF Starling Marte P Jacob Misiorowski P Cam Schlittler SS Jacob Wilson,,Tyrone Taylor,OF,6.00%,3
54,5213145315,needlunchmoney,0,151.25,1B Alec Burleson 2B Jazz Chisholm Jr. 3B Coby Mayo C Jimmy Crooks OF Dylan Beavers OF Tyler O'Neill OF Colton Cowser P Jacob Misiorowski P Jesus Luzardo SS Gunnar Henderson,,Henry Bolte,OF,5.95%,10
55,5213316262,trhuntjr,0,150.8,1B Jac Caglianone 2B Michael Massey 3B Alex Bregman C Gary Sanchez OF Jackson Chourio OF Ian Happ OF Starling Marte P Jesus Luzardo P Connor Prielipp SS Dansby Swanson,,Kyle Stowers,1B,5.78%,17
56,5213163153,TeeJayOrTj,0,150.5,1B Michael Busch 2B JJ Wetherholt 3B Alex Bregman C Jimmy Crooks OF Pete Crow-Armstrong OF Ian Happ OF Michael Conforto P Jesus Luzardo P Michael McGreevy SS Masyn Winn,,Bryce Harper,OF,5.72%,13
57,5213032442,tangledsnow,0,150.4,1B Kyle Stowers 2B Nico Hoerner 3B Alex Bregman C Miguel Amaya OF Pete Crow-Armstrong OF Kyle Schwarber OF Heriberto Hernandez P Connor Prielipp P Kumar Rocker SS Dansby Swanson,,Nathaniel Lowe,1B,5.61%,2
58,5212896784,wazzu24,0,149.45,1B Alec Burleson 2B Willi Castro 3B Coby Mayo C Jimmy Crooks OF Leody Taveras OF Dylan Beavers OF Tyler O'Neill P Jacob Misiorowski P Cam Schlittler SS Jackson Holliday,,Angel Genao,2B,5.44%,4
59,5212783562,sevans_theory,0,149.4,1B Michael Busch 2B JJ Wetherholt 3B Tommy White C Miguel Amaya OF Pete Crow-Armstrong OF Ian Happ OF Michael Conforto P Cam Schlittler P Davis Martin SS Masyn Winn,,Jackson Holliday,2B,5.33%,17
60,5213104834,mj2377,0,149.25,1B Nathaniel Lowe 2B Bryson Stott 3B Kyle Karros C Ivan Herrera OF Jake Mangum OF Griffin Conine OF Wade Meckler P Jacob Misiorowski P Jesus Luzardo SS George Lombard Jr.,,Grayson Rodriguez,P,5.33%,14.2
60,5213276177,paleface101,0,149.25,1B Michael Busch 2B Jackson Holliday 3B Coby Mayo C Austin Wells OF Wilyer Abreu OF Dylan Beavers OF Colton Cowser P Jacob Misiorowski P Jesus Luzardo SS Gunnar Henderson,,Jazz Chisholm Jr.,2B,5.33%,5
62,5213342068,chadrock78,0,149.2,1B Kyle Stowers 2B Jackson Holliday 3B Alex Bregman C Moises Ballesteros OF Jordan Walker OF Griffin Conine OF Henry Bolte P Jesus Luzardo P Joey Cantillo SS Otto Lopez,,Grant Holmes,P,5.27%,14.5
63,5212998344,dearyn,0,149.1,1B Kyle Stowers 2B Nick Sogard 3B Bryson Stott C Agustin Ramirez OF Kyle Schwarber OF Griffin Conine OF Justin Crawford P Jacob Misiorowski P Ryan Gusto SS Trea Turner,,Jose Fermin,3B,5.22%,0
63,5213136557,SigMonster42,0,149.1,1B Nathaniel Lowe 2B Marcus Semien 3B Bryson Stott C Ivan Herrera OF Tyler Soderstrom OF Chase DeLauter OF A.J. Ewing P Jesus Luzardo P Sean Manaea SS Francisco Lindor,,Wade Meckler,OF,5.22%,7
65,5213311233,Goodfellas97,0,148.85,1B Kyle Stowers 2B Xavier Edwards 3B Ezequiel Duran C Jimmy Crooks OF Jordan Walker OF Griffin Conine OF Nathan Church P Jacob Misiorowski P Sean Manaea SS Masyn Winn,,Cole Carrigg,OF,5.16%,7
66,5212798322,Docnow,0,148.7,1B Alec Burleson 2B JJ Wetherholt 3B Bryson Stott C Hunter Goodman OF Kyle Schwarber OF Ceddanne Rafaela OF Ronny Simon P Grayson Rodriguez P Grant Holmes SS Trea Turner,,Miguel Amaya,C,5.16%,21
67,5212999474,hunterramsey1975,0,148.25,1B Andrew Vaughn 2B Nick Sogard 3B Bo Bichette C Jonah Heim OF Carson Benge OF Henry Bolte OF Tyler O'Neill P Jacob Misiorowski P Jesus Luzardo SS Jackson Holliday,,Starling Marte,OF,4.77%,16
67,5213278548,iluverica,0,148.25,1B Michael Busch 2B JJ Wetherholt 3B Jose Fermin C Miguel Amaya OF Pete Crow-Armstrong OF Ian Happ OF Michael Conforto P Jesus Luzardo P Grant Holmes SS Trea Turner,,Joey Cantillo,P,4.66%,4.45
69,5213224591,trosewell,0,148.1,1B Michael Busch 2B Ronny Simon 3B Colson Montgomery C Edgar Quero OF Pete Crow-Armstrong OF Ceddanne Rafaela OF Sam Antonacci P Jesus Luzardo P Sean Manaea SS Jackson Holliday,,Trent Grisham,OF,4.60%,19
70,5213040858,bigh71,0,147.7,1B Nolan Schanuel 2B Jeff McNeil 3B Nick Loftin C Agustin Ramirez OF Jackson Chourio OF Mickey Moniak OF Colton Cowser P Cam Schlittler P Jesus Luzardo SS Masyn Winn,,Bryce Harper,1B,4.49%,13
71,5212894188,nycgator12,0,147.45,1B Nolan Schanuel 2B Nick Sogard 3B Alex Bregman C Miguel Amaya OF Steven Kwan OF Michael Conforto OF Wade Meckler P Jacob Misiorowski P Cam Schlittler SS Jackson Holliday,,Michael McGreevy,P,4.37%,8.75
72,5212950865,catsnbadgers,0,147.3,1B Ben Rice 2B Michael Massey 3B Ernie Clement C Salvador Perez OF Jake Mangum OF Tyler O'Neill OF Starling Marte P Cam Schlittler P Sean Manaea SS Bobby Witt Jr.,,Jackson Holliday,SS,4.09%,17
73,5212853715,crristof,0,147.25,1B Kyle Stowers 2B Luis Arraez 3B Bryson Stott C Elias Diaz OF Bryan Reynolds OF Jake Mangum OF Griffin Conine P Jesus Luzardo P Grant Holmes SS Otto Lopez,,TJ Rumfield,1B,4.04%,0
73,5213130447,cuzimaballa20,0,147.25,1B Jared Young 2B Xavier Edwards 3B Javier Sanoja C Jimmy Crooks OF Jordan Walker OF Griffin Conine OF Kyle Isbel P Jacob Misiorowski P Jesus Luzardo SS Masyn Winn,,Nolan Schanuel,1B,4.04%,13
73,5213283018,Chrisg628,0,147.25,1B Kyle Stowers 2B Jazz Chisholm Jr. 3B Ryan McMahon C Luke Maile OF Trent Grisham OF Griffin Conine OF Owen Caissie P Jacob Misiorowski P Jesus Luzardo SS George Lombard Jr.,,Jonah Heim,C,3.98%,7
73,5213310965,Jojobooboo,0,147.25,1B Kyle Stowers 2B Xavier Edwards 3B Ryan McMahon C Austin Wells OF Griffin Conine OF Michael Conforto OF Owen Caissie P Jacob Misiorowski P Jesus Luzardo SS Otto Lopez,,Bryan Torres,OF,3.98%,3
77,5212953291,Tarheels3,0,147.1,1B Michael Busch 2B Nico Hoerner 3B Alex Bregman C Jimmy Crooks OF Pete Crow-Armstrong OF Ian Happ OF Tyler O'Neill P Jacob Misiorowski P Ryan Gusto SS Masyn Winn,,Jose Ramirez,3B,3.98%,15
78,5213338731,Joemac58,0,146.8,1B Matt Olson 2B Jazz Chisholm Jr. 3B Ryan McMahon C Austin Wells OF Kyle Schwarber OF Bryce Harper OF Trent Grisham P Jesus Luzardo P Connor Prielipp SS George Lombard Jr.,,Luis Garcia Jr.,1B,3.93%,0
79,5212932175,Ant330,0,146.7,1B Michael Busch 2B JJ Wetherholt 3B Alex Bregman C Ivan Herrera OF Pete Crow-Armstrong OF Ian Happ OF Spencer Jones P Sean Manaea P Kumar Rocker SS Dansby Swanson,,Bryson Stott,2B,3.93%,17
79,5213000246,bassguy39,0,146.7,1B Pete Alonso 2B Jackson Holliday 3B Nick Loftin C Salvador Perez OF Pete Crow-Armstrong OF Dylan Beavers OF Tyler O'Neill P Jacob Misiorowski P Grayson Rodriguez SS Gunnar Henderson,,Mickey Moniak,OF,3.93%,3
81,5213015979,jayballin08,0,146.45,1B Michael Busch 2B Nick Sogard 3B Alex Bregman C Miguel Amaya OF Tyler O'Neill OF Starling Marte OF Josh Lowe P Jacob Misiorowski P Cam Schlittler SS Dansby Swanson,,Moises Ballesteros,C,3.87%,3
82,5212786106,adammeave3,0,146.4,1B Bryce Harper 2B Luis Arraez 3B Bryson Stott C Jimmy Crooks OF Kyle Schwarber OF Griffin Conine OF Henry Bolte P Matthew Boyd P Joey Cantillo SS Ezequiel Duran,,Otto Lopez,SS,3.87%,10
83,5212988826,dpastreck,0,146.3,1B Michael Busch 2B Marcus Semien 3B Miguel Vargas C Francisco Alvarez OF Pete Crow-Armstrong OF A.J. Ewing OF Randal Grichuk P Matthew Boyd P Sean Manaea SS Francisco Lindor,,Nico Hoerner,2B,3.81%,19
84,5213271000,Gobluedp,0,146.1,1B Michael Busch 2B Nico Hoerner 3B Alex Bregman C Jimmy Crooks OF Pete Crow-Armstrong OF Ian Happ OF Leody Taveras P Jacob Misiorowski P Ryan Gusto SS Jackson Holliday,,Nick Gonzales,3B,3.81%,0
85,5213149418,Brewhaus,0,145.25,1B Nolan Schanuel 2B Nick Sogard 3B Javier Sanoja C Jake Rogers OF Jackson Chourio OF Griffin Conine OF Steven Kwan P Jacob Misiorowski P Jesus Luzardo SS George Lombard Jr.,,Brett Bateman,OF,3.70%,8
86,5213082541,carmen23ny,0,145.1,1B Michael Busch 2B JJ Wetherholt 3B Alex Bregman C Miguel Amaya OF Wyatt Langford OF Ian Happ OF Michael Conforto P Jacob Misiorowski P Ryan Gusto SS Corey Seager,,Brandon Nimmo,OF,3.65%,18
87,5213267188,ekkoniks,0,145,1B Alec Burleson 2B Luis Arraez 3B Bryson Stott C Miguel Amaya OF Jordan Walker OF Griffin Conine OF Nathan Church P Jacob Misiorowski P Grant Holmes SS Tyler Tolbert,,Jake Burger,1B,3.65%,7
88,5213351811,geraldcolviniii,0,144.9,1B TJ Rumfield 2B Ronny Simon 3B Ezequiel Duran C Hunter Goodman OF Wilyer Abreu OF Griffin Conine OF Eli White P Cam Schlittler P Matthew Boyd SS Jackson Holliday,,Chase DeLauter,OF,3.59%,6
89,5213128329,squatman2008,0,144.7,1B Kyle Stowers 2B Xavier Edwards 3B Nick Loftin C Austin Wells OF Griffin Conine OF Jakob Marsee OF Owen Caissie P Cam Schlittler P Jesus Luzardo SS Trea Turner,,Davis Martin,P,3.59%,0.45
90,5213375189,coachk05,0,144.45,1B Alec Burleson 2B Ronny Simon 3B Ernie Clement C Jimmy Crooks OF Griffin Conine OF Henry Bolte OF Brett Bateman P Jacob Misiorowski P Cam Schlittler SS Ezequiel Duran,,J.T. Realmuto,C,3.59%,5
91,5213355762,nwhite12345,0,144.15,1B Pete Alonso 2B JJ Wetherholt 3B David Hamilton C Carlos Narvaez OF Jordan Walker OF Dylan Beavers OF Tyler O'Neill P Jacob Misiorowski P Randy Dobnak SS Gunnar Henderson,,Corey Seager,SS,3.53%,0
92,5213278454,Birdzofprey15,0,143.85,1B Alec Burleson 2B JJ Wetherholt 3B Bryson Stott C Jimmy Crooks OF Trent Grisham OF Heliot Ramos OF Nathan Church P Jacob Misiorowski P Sean Manaea SS George Lombard Jr.,,Esmerlyn Valdez,OF,3.48%,0
93,5213226791,divide8by10,0,143.7,1B Kyle Stowers 2B Ronny Simon 3B Nick Loftin C Agustin Ramirez OF Heriberto Hernandez OF Griffin Conine OF Henry Bolte P Cam Schlittler P Jesus Luzardo SS Otto Lopez,,Ezequiel Duran,SS,3.42%,6
94,5212819105,BrettW22,0,143.45,1B Michael Busch 2B Ronny Simon 3B Kyle Karros C Miguel Amaya OF Pete Crow-Armstrong OF Ian Happ OF Michael Conforto P Jacob Misiorowski P Matthew Boyd SS Jackson Holliday,,Gunnar Henderson,SS,3.42%,11
94,5213234267,Bimmerfan,0,143.45,1B Pete Alonso 2B Jackson Holliday 3B Nick Gonzales C Henry Davis OF Leody Taveras OF Tyler O'Neill OF Ronny Simon P Jacob Misiorowski P Cam Schlittler SS Jared Triolo,,Tyler Soderstrom,OF,3.37%,12
96,5213132444,Hatsy14,0,143.25,1B Kyle Stowers 2B Jackson Holliday 3B Bryson Stott C Edgar Quero OF Cole Carrigg OF A.J. Ewing OF Tyler O'Neill P Jacob Misiorowski P Jesus Luzardo SS George Lombard Jr.,,Agustin Ramirez,C,3.37%,2
97,5212998275,timmort2,0,143.1,1B Michael Busch 2B Jackson Holliday 3B Alex Bregman C Salvador Perez OF Pete Crow-Armstrong OF Ian Happ OF Starling Marte P Jacob Misiorowski P Ryan Gusto SS Dansby Swanson,,William Contreras,C,3.25%,0
97,5213276244,seth1374,0,143.1,1B Michael Busch 2B JJ Wetherholt 3B Alex Bregman C Ivan Herrera OF Ian Happ OF Jose Fermin OF Nathan Church P Jacob Misiorowski P Ryan Gusto SS Masyn Winn,,Connor Prielipp,P,3.25%,15.05
99,5212974662,aurum48,0,143.05,1B Alec Burleson 2B JJ Wetherholt 3B Bryson Stott C Ivan Herrera OF Kyle Schwarber OF Jordan Walker OF Bryan Torres P Joey Cantillo P Ryan Gusto SS Brayan Rocchio,,Jacob Wilson,SS,3.20%,3
99,5213153896,boondocksaintn1,0,143.05,1B Bryce Harper 2B Bryson Stott 3B Ryan McMahon C Austin Wells OF Kyle Schwarber OF Trent Grisham OF Spencer Jones P Cam Schlittler P J.T. Ginn SS George Lombard Jr.,,Luke Maile,C,3.14%,3
101,5212842852,bradyy.y,0,143,1B Michael Busch 2B Jackson Holliday 3B Alex Bregman C Jimmy Crooks OF Pete Crow-Armstrong OF Ian Happ OF Michael Conforto P Jacob Misiorowski P Grant Holmes SS Masyn Winn,,Eli White,OF,3.14%,13
102,5212966138,k-mac,0,142.85,1B Michael Busch 2B Ronny Simon 3B Alex Bregman C Miguel Amaya OF Pete Crow-Armstrong OF Ian Happ OF Griffin Conine P Jacob Misiorowski P Kumar Rocker SS George Lombard Jr.,,Brandon Marsh,OF,3.08%,5
103,5213352182,ogbubbaclark,0,142.55,1B Alec Burleson 2B Bryson Stott 3B Alex Bregman C J.T. Realmuto OF Kyle Schwarber OF Jordan Walker OF Wyatt Langford P Connor Prielipp P Grant Holmes SS Andruw Monasterio,,Braden Montgomery,OF,2.97%,4
104,5213276770,Brendanw_25,0,142.25,1B Nick Sogard 2B Jackson Holliday 3B Alex Bregman C Salvador Perez OF Griffin Conine OF Steven Kwan OF Ronny Simon P Jacob Misiorowski P Jesus Luzardo SS Dansby Swanson,,Owen Caissie,OF,2.92%,14
105,5213282542,vitob345,0,142.1,1B Bryce Harper 2B Xavier Edwards 3B Bryson Stott C Edgar Quero OF Wilyer Abreu OF Braden Montgomery OF Javier Sanoja P Jesus Luzardo P Sean Manaea SS Otto Lopez,,Cade Povich,P,2.80%,1.15
106,5212902690,spamamoto,0,141.95,1B Alec Burleson 2B JJ Wetherholt 3B Bryson Stott C Ivan Herrera OF Kyle Schwarber OF Bryce Harper OF Justin Crawford P Kumar Rocker P Ryan Gusto SS Trea Turner,,Justin Crawford,OF,2.75%,5
107,5212866728,emcipolla98,0,141.85,1B Alec Burleson 2B JJ Wetherholt 3B Jorge Polanco C Moises Ballesteros OF Jackson Chourio OF Nathan Church OF Bryan Torres P Jacob Misiorowski P Sean Manaea SS Masyn Winn,,Brayan Bello,P,2.75%,13.2
108,5212910926,treeman51672,0,141.7,1B Michael Busch 2B Luis Arraez 3B Bryson Stott C Agustin Ramirez OF Jake Bauers OF Cole Carrigg OF Owen Caissie P Jesus Luzardo P Matthew Boyd SS Masyn Winn,,Hunter Goodman,C,2.75%,19
108,5213342347,ac919,0,141.7,1B Michael Busch 2B Nico Hoerner 3B Alex Bregman C Salvador Perez OF Pete Crow-Armstrong OF Kyle Schwarber OF Tyrone Taylor P Grayson Rodriguez P Grant Holmes SS Bobby Witt Jr.,,Tommy White,3B,2.64%,2
108,5213364181,Ceegar,0,141.7,1B Bryce Harper 2B Luis Arraez 3B Bryson Stott C Jimmy Crooks OF Kyle Schwarber OF Justin Crawford OF Tyler O'Neill P Jacob Misiorowski P Grayson Rodriguez SS Andres Gimenez,,Jakob Marsee,OF,2.64%,8
111,5213357634,Bigjeff234,0,141.65,1B Michael Busch 2B JJ Wetherholt 3B Alex Bregman C Ivan Herrera OF Pete Crow-Armstrong OF Ian Happ OF Michael Conforto P Joey Cantillo P Grayson Rodriguez SS Masyn Winn,,Jac Caglianone,OF,2.64%,3
112,5212939546,bonif4cio,0,141.45,1B Nolan Schanuel 2B Adam Frazier 3B Alex Bregman C Ivan Herrera OF Jose Siri OF Wade Meckler OF Josh Lowe P Jacob Misiorowski P Cam Schlittler SS Masyn Winn,,Michael Harris II,OF,2.58%,5
113,5212852235,ChokeHoldem1,0,141.25,1B Michael Busch 2B Jonathan Ornelas 3B Alex Bregman C Carlos Narvaez OF Ian Happ OF Michael Conforto OF Leody Taveras P Jacob Misiorowski P Jesus Luzardo SS Dansby Swanson,,Tyler O'Neill,OF,2.58%,16
113,5213084608,mscroggs300,0,141.25,1B Andrew Vaughn 2B Nick Sogard 3B Alex Bregman C Jimmy Crooks OF Jake McCarthy OF Griffin Conine OF Michael Conforto P Jacob Misiorowski P Jesus Luzardo SS Jackson Holliday,,Heliot Ramos,OF,2.47%,0
113,5213096513,Casey0504,0,141.25,1B Michael Busch 2B Nick Sogard 3B Alex Bregman C Jimmy Crooks OF Ian Happ OF Michael Conforto OF Ronny Simon P Jacob Misiorowski P Jesus Luzardo SS Jackson Holliday,,Willi Castro,3B,2.41%,7
116,5212764741,drbrow24,0,141.1,1B Michael Busch 2B JJ Wetherholt 3B Alex Bregman C Jimmy Crooks OF Pete Crow-Armstrong OF Ian Happ OF Michael Conforto P Jesus Luzardo P Kumar Rocker SS Masyn Winn,,Josh Lowe,OF,2.41%,0
116,5212821529,meatbox36,0,141.1,1B Michael Busch 2B JJ Wetherholt 3B Alex Bregman C Jimmy Crooks OF Pete Crow-Armstrong OF Ian Happ OF Michael Conforto P Jesus Luzardo P Kumar Rocker SS Masyn Winn,,Denzer Guzman,3B,2.36%,0
116,5212826957,sirleged7777,0,141.1,1B Alec Burleson 2B JJ Wetherholt 3B Jose Fermin C Ivan Herrera OF Jordan Walker OF Griffin Conine OF Owen Caissie P Jacob Misiorowski P Ryan Gusto SS George Lombard Jr.,,Lawrence Butler,OF,2.36%,0
116,5212882072,texascub,0,141.1,1B Andrew Vaughn 2B Xavier Edwards 3B Javier Sanoja C William Contreras OF Jackson Chourio OF Jake Bauers OF Luis Lara P Jesus Luzardo P Sean Manaea SS Masyn Winn,,Miguel Vargas,3B,2.36%,11
116,5213345113,mongo326,0,141.1,1B Michael Busch 2B JJ Wetherholt 3B Alex Bregman C Jimmy Crooks OF Pete Crow-Armstrong OF Ian Happ OF Michael Conforto P Jesus Luzardo P Kumar Rocker SS Masyn Winn,,Francisco Lindor,SS,2.36%,11
121,5213193613,FatManMagic,0,140.85,1B Jac Caglianone 2B Brice Turang 3B Alex Bregman C Salvador Perez OF Ian Happ OF Griffin Conine OF Starling Marte P Jacob Misiorowski P Kumar Rocker SS Jackson Holliday,,Matt Olson,1B,2.30%,14
121,5213340629,jemerine,0,140.85,1B Nick Sogard 2B Bryson Stott 3B Ezequiel Duran C Jimmy Crooks OF Kyle Schwarber OF Wilyer Abreu OF Randal Grichuk P Jacob Misiorowski P Sean Manaea SS George Lombard Jr.,,Jake Mangum,OF,2.24%,17
123,5212835435,timuhl29,0,140.4,1B Bryce Harper 2B Ernie Clement 3B Bryson Stott C J.T. Realmuto OF Kyle Schwarber OF Owen Caissie OF Justin Crawford P Cam Schlittler P Davis Martin SS George Lombard Jr.,,Ben Rice,1B,2.13%,0
124,5212945334,RemyLebeau,0,140.25,1B Alec Burleson 2B JJ Wetherholt 3B Ryan McMahon C Brett Sullivan OF Jordan Walker OF Starling Marte OF Josh Lowe P Jacob Misiorowski P Jesus Luzardo SS Jim Jarvis,,Edgar Quero,C,2.13%,6
124,5212954790,ashimono,0,140.25,1B Nathaniel Lowe 2B Jackson Holliday 3B Bryson Stott C Elias Diaz OF Jarren Duran OF Jake Mangum OF Griffin Conine P Jacob Misiorowski P Jesus Luzardo SS George Lombard Jr.,,Ezequiel Tovar,SS,2.08%,0
126,5213207898,trybicki,0,139.85,1B Kyle Stowers 2B Xavier Edwards 3B Javier Sanoja C Ivan Herrera OF Jakob Marsee OF Nathan Church OF Bryan Torres P Jacob Misiorowski P Sean Manaea SS Otto Lopez,,Gary Sanchez,C,2.08%,9
126,5213278983,quinceylu,0,139.85,1B Michael Busch 2B JJ Wetherholt 3B Miguel Vargas C Miguel Amaya OF Ian Happ OF Henry Bolte OF Michael Conforto P Jacob Misiorowski P Kumar Rocker SS Dansby Swanson,,Willi Castro,2B,2.02%,7
126,5213356520,Jonnyrose,0,139.85,1B Michael Busch 2B Ronny Simon 3B Alex Bregman C Jimmy Crooks OF Pete Crow-Armstrong OF Ian Happ OF Michael Conforto P Jacob Misiorowski P Sean Manaea SS Ezequiel Tovar,,Jac Caglianone,1B,2.02%,3
129,5212640945,Ericleit69,0,139.7,1B Alec Burleson 2B JJ Wetherholt 3B Jose Fermin C Jimmy Crooks OF Kyle Schwarber OF Justin Crawford OF Ronny Simon P Jacob Misiorowski P Grayson Rodriguez SS Masyn Winn,,Javier Sanoja,3B,2.02%,14
129,5213046843,DCB1,0,139.7,1B Ben Rice 2B Davis Schneider 3B Miguel Vargas C Gary Sanchez OF Kyle Schwarber OF Trent Grisham OF Eli White P Cam Schlittler P Michael McGreevy SS Ezequiel Tovar,,Shane Bieber,P,1.96%,5.35
129,5213143759,mpritchard1,0,139.7,1B Kyle Stowers 2B JJ Wetherholt 3B Ezequiel Duran C Jimmy Crooks OF Heriberto Hernandez OF Griffin Conine OF Owen Caissie P Jacob Misiorowski P Brayan Bello SS Otto Lopez,,Heriberto Hernandez,OF,1.96%,3
129,5213256355,Dubbzz,0,139.7,1B Michael Busch 2B Nico Hoerner 3B Alex Bregman C Salvador Perez OF Brenton Doyle OF Tyler O'Neill OF Starling Marte P Jacob Misiorowski P Grayson Rodriguez SS Bobby Witt Jr.,,Mike Trout,OF,1.96%,0
133,5213113418,rybutts13,0,139.55,1B Jeff McNeil 2B Nico Hoerner 3B Alex Bregman C Jonah Heim OF Tyler Soderstrom OF Ian Happ OF Henry Bolte P Jacob Misiorowski P Connor Prielipp SS Jacob Wilson,,Brice Turang,2B,1.91%,7
134,5212845403,hydrodec2021,0,139.25,1B Nolan Schanuel 2B Willi Castro 3B Kyle Karros C Ivan Herrera OF Griffin Conine OF Steven Kwan OF Justin Crawford P Jacob Misiorowski P Jesus Luzardo SS Andruw Monasterio,,Ronald Acuna Jr.,OF,1.85%,0
134,5212852195,bragona,0,139.25,1B Kyle Stowers 2B Adam Frazier 3B Denzer Guzman C Moises Ballesteros OF Griffin Conine OF Jakob Marsee OF Owen Caissie P Jacob Misiorowski P Jesus Luzardo SS Zach Neto,,Drake Baldwin,C,1.85%,0
134,5212858913,profhit,0,139.25,1B Michael Busch 2B Ronny Simon 3B Alex Bregman C Jimmy Crooks OF Ian Happ OF Michael Conforto OF Tyrone Taylor P Jacob Misiorowski P Jesus Luzardo SS Masyn Winn,,Bryan Reynolds,OF,1.85%,5
134,5212969743,M.pierce1181,0,139.25,1B Michael Busch 2B Jackson Holliday 3B Alex Bregman C William Contreras OF Ian Happ OF Michael Conforto OF Tyler O'Neill P Jacob Misiorowski P Michael McGreevy SS Gunnar Henderson,,Tyler Tolbert,SS,1.85%,2
134,5213059715,theblackhand666,0,139.25,1B Andrew Vaughn 2B Jackson Holliday 3B Coby Mayo C Ivan Herrera OF Jarren Duran OF Leody Taveras OF Tyler O'Neill P Jacob Misiorowski P Jesus Luzardo SS Gunnar Henderson,,Salvador Perez,1B,1.68%,5
134,5213096402,djpop10,0,139.25,1B Kyle Stowers 2B Nick Sogard 3B Javier Sanoja C Austin Wells OF Wilyer Abreu OF Griffin Conine OF Owen Caissie P Jacob Misiorowski P Jesus Luzardo SS George Lombard Jr.,,Elias Diaz,C,1.68%,0
134,5213112412,Choker12,0,139.25,1B Nolan Schanuel 2B Xavier Edwards 3B Jose Fermin C Moises Ballesteros OF Griffin Conine OF Wade Meckler OF Owen Caissie P Jacob Misiorowski P Jesus Luzardo SS Gunnar Henderson,,Pete Alonso,1B,1.63%,41
141,5213093395,cw1tt,0,139.1,1B Nathaniel Lowe 2B Angel Genao 3B Jose Ramirez C Miguel Amaya OF Pete Crow-Armstrong OF Kyle Schwarber OF Steven Kwan P Jesus Luzardo P Kumar Rocker SS Brayan Rocchio,,Dylan Beavers,OF,1.63%,9
141,5213126569,bck4gators,0,139.1,1B Michael Busch 2B Nico Hoerner 3B Tommy White C Miguel Amaya OF Pete Crow-Armstrong OF Tyler Soderstrom OF Ian Happ P Jesus Luzardo P Kumar Rocker SS Jacob Wilson,,Alec Bohm,3B,1.57%,14
141,5213175935,sboynton10,0,139.1,1B Michael Busch 2B Nico Hoerner 3B Tommy White C Miguel Amaya OF Pete Crow-Armstrong OF Tyler Soderstrom OF Ian Happ P Jesus Luzardo P Kumar Rocker SS Jacob Wilson,,Zach Neto,SS,1.57%,7
144,5213058310,Boston1477,0,139.05,1B Alec Burleson 2B JJ Wetherholt 3B Javier Sanoja C Agustin Ramirez OF Jordan Walker OF Griffin Conine OF Nathan Church P Matthew Boyd P J.T. Ginn SS Otto Lopez,,Coby Mayo,3B,1.57%,14
145,5212777049,crackers03,0,138.7,1B Alec Burleson 2B Nick Sogard 3B Ezequiel Duran C Ivan Herrera OF Jake McCarthy OF Wyatt Langford OF Griffin Conine P Jesus Luzardo P Matthew Boyd SS George Lombard Jr.,,Randal Grichuk,OF,1.57%,9
145,5213280812,mikeyt-68,0,138.7,1B Bryce Harper 2B Luis Arraez 3B Bryson Stott C Edgar Quero OF Kyle Schwarber OF Brandon Marsh OF Starling Marte P Jacob Misiorowski P Grayson Rodriguez SS Luisangel Acuna,,Kazuma Okamoto,3B,1.51%,7
147,5213273958,thepickler,0,138.65,1B Michael Busch 2B JJ Wetherholt 3B Alex Bregman C Ivan Herrera OF Pete Crow-Armstrong OF Ian Happ OF Michael Conforto P Connor Prielipp P Ryan Gusto SS Bobby Witt Jr.,,Randy Dobnak,P,1.51%,4.65
148,5213293926,Tgroh11,0,138.3,1B Willson Contreras 2B Nick Sogard 3B Jose Ramirez C Jake Rogers OF Trent Grisham OF Jo Adell OF Randal Grichuk P Cam Schlittler P Sean Manaea SS Gunnar Henderson,,Jo Adell,OF,1.46%,2
149,5213308342,thesnod,0,138.25,1B TJ Rumfield 2B Jackson Holliday 3B Bo Bichette C Edgar Quero OF Spencer Jones OF Brenton Doyle OF Dominic Smith P Jacob Misiorowski P Jesus Luzardo SS Otto Lopez,,Ernie Clement,3B,1.46%,9
150,5212867780,olrat14,0,138.1,1B Michael Busch 2B Nick Sogard 3B Alex Bregman C Miguel Amaya OF Wilyer Abreu OF Ian Happ OF Trent Grisham P Jacob Misiorowski P Ryan Gusto SS Dansby Swanson,,Alejandro Kirk,C,1.40%,10
150,5213279049,MARIO5160,0,138.1,1B Jake Burger 2B Nick Sogard 3B Miguel Vargas C Jimmy Crooks OF Bryce Harper OF Carson Benge OF Owen Caissie P Jesus Luzardo P Sean Manaea SS Francisco Lindor,,Patrick Bailey,C,1.40%,4
152,5213082540,makemoney73,0,138,1B Alec Burleson 2B JJ Wetherholt 3B Nick Loftin C Moises Ballesteros OF Jordan Walker OF Griffin Conine OF Nathan Church P Jacob Misiorowski P Grant Holmes SS Masyn Winn,,J.T. Ginn,P,1.35%,10.1
153,5212790534,sixfootfive,0,137.85,1B Bryce Harper 2B Nick Sogard 3B Ryan McMahon C Jimmy Crooks OF Kyle Schwarber OF Justin Crawford OF Eli White P Jacob Misiorowski P Sean Manaea SS Trea Turner,,Luis Lara,OF,1.29%,0
154,5213219272,gggreg,0,137.25,1B Kazuma Okamoto 2B Xavier Edwards 3B Ezequiel Duran C Moises Ballesteros OF Kyle Schwarber OF Griffin Conine OF Josh Lowe P Jacob Misiorowski P Michael McGreevy SS Gunnar Henderson,,Ernie Clement,2B,1.29%,9
154,5213328858,mark421,0,137.25,1B Kyle Stowers 2B Ronny Simon 3B Nick Gonzales C Jake Rogers OF Kyle Schwarber OF Bryce Harper OF Brett Bateman P Jacob Misiorowski P Michael McGreevy SS Jackson Holliday,,Colton Cowser,OF,1.29%,21
156,5213011162,redyodagirl,0,137,1B Michael Busch 2B JJ Wetherholt 3B Alex Bregman C Jimmy Crooks OF Ian Happ OF Michael Conforto OF Tyrone Taylor P Jacob Misiorowski P Grant Holmes SS Gunnar Henderson,,Marcus Semien,2B,1.29%,7
157,5213302576,TheAnonymous1,0,136.85,1B Alec Burleson 2B Xavier Edwards 3B Jose Fermin C Agustin Ramirez OF Griffin Conine OF Nathan Church OF Bryan Torres P Jacob Misiorowski P Sean Manaea SS Otto Lopez,,Ozzie Albies,2B,1.29%,3
158,5212653074,LSC4,0,136.7,1B Michael Busch 2B Nico Hoerner 3B Alex Bregman C Austin Wells OF Brandon Marsh OF Heliot Ramos OF Luis Robert Jr. P Jesus Luzardo P Matthew Boyd SS Dansby Swanson,,Brenton Doyle,OF,1.29%,15
158,5213296013,klokworked,0,136.7,1B Michael Busch 2B Jackson Holliday 3B Alex Bregman C Jimmy Crooks OF Pete Crow-Armstrong OF Ian Happ OF Bryan Torres P Jesus Luzardo P Matthew Boyd SS George Lombard Jr.,,Munetaka Murakami,1B,1.23%,9
158,5213356013,pioneers14,0,136.7,1B Alec Burleson 2B JJ Wetherholt 3B Kyle Karros C Ivan Herrera OF Jordan Walker OF Spencer Jones OF Brett Bateman P Jesus Luzardo P Matthew Boyd SS Masyn Winn,,Austin Riley,3B,1.18%,0
161,5212947390,Tommy71,0,136.5,1B Alec Burleson 2B Nico Hoerner 3B Alex Bregman C Ivan Herrera OF Jordan Walker OF Ian Happ OF Michael Conforto P Joey Cantillo P Connor Prielipp SS Dansby Swanson,,Carson Benge,OF,1.12%,10
162,5213334687,robvaughan,0,136.45,1B Alec Burleson 2B Jackson Holliday 3B Jose Fermin C Brett Sullivan OF Jackson Chourio OF Nathan Church OF Bryan Torres P Jacob Misiorowski P Matthew Boyd SS Masyn Winn,,Jake Bauers,OF,1.12%,23
163,5213145486,chloesdad31,0,136.25,1B Alec Burleson 2B JJ Wetherholt 3B Max Muncy C Moises Ballesteros OF Brenton Doyle OF Henry Bolte OF Nathan Church P Jacob Misiorowski P Jesus Luzardo SS Luisangel Acuna,,Brayan Rocchio,SS,1.12%,3
163,5213261591,The_Queen_Is_Here,0,136.25,1B Alec Burleson 2B JJ Wetherholt 3B Kyle Karros C Ivan Herrera OF Jordan Walker OF Jake McCarthy OF Nathan Church P Jesus Luzardo P Grant Holmes SS Ezequiel Duran,,Justin Foscue,2B,1.12%,3
163,5213321719,jaascott26,0,136.25,1B Kyle Stowers 2B Jonathan Ornelas 3B Ezequiel Duran C Jimmy Crooks OF Griffin Conine OF Lawrence Butler OF Owen Caissie P Jacob Misiorowski P Jesus Luzardo SS Otto Lopez,,Luisangel Acuna,SS,1.12%,0
166,5213188990,rjkid1,0,136.1,1B Michael Busch 2B Xavier Edwards 3B Ryan McMahon C Miguel Amaya OF Pete Crow-Armstrong OF Ian Happ OF Trent Grisham P Jacob Misiorowski P Ryan Gusto SS Dansby Swanson,,Brandon Lockridge,OF,1.12%,0
167,5213018314,okgac15,0,135.85,1B Jared Young 2B JJ Wetherholt 3B Ezequiel Duran C Jimmy Crooks OF Jordan Walker OF Nathan Church OF Bryan Torres P Jacob Misiorowski P Sean Manaea SS Francisco Lindor,,Henry Davis,C,1.07%,0
167,5213267094,jpforno,0,135.85,1B Alec Burleson 2B Xavier Edwards 3B Jose Fermin C Agustin Ramirez OF Wyatt Langford OF Griffin Conine OF Wade Meckler P Jacob Misiorowski P Sean Manaea SS Ezequiel Duran,,Jose Fermin,OF,1.07%,0
169,5213320739,Papasfishin,0,135.8,1B Bryce Harper 2B Nick Sogard 3B Alex Bregman C Austin Wells OF Pete Crow-Armstrong OF Kyle Schwarber OF Ian Happ P Grayson Rodriguez P Ryan Gusto SS Bobby Witt Jr.,,David Hamilton,3B,1.07%,7
170,5213359880,robertsjett,0,135.4,1B Michael Busch 2B Nico Hoerner 3B Alex Bregman C Salvador Perez OF Pete Crow-Armstrong OF Ceddanne Rafaela OF Starling Marte P Sean Manaea P Connor Prielipp SS Bobby Witt Jr.,,Vladimir Guerrero Jr.,1B,1.07%,7
171,5213342408,eldave1975,0,135.3,1B Pete Alonso 2B Ernie Clement 3B Ezequiel Duran C Jake Rogers OF Pete Crow-Armstrong OF Kyle Schwarber OF Wilyer Abreu P Matthew Boyd P Kumar Rocker SS George Lombard Jr.,,Michael Massey,2B,0.95%,11
172,5212379061,mohawk86,0,135.25,1B Michael Busch 2B Jackson Holliday 3B Ryan McMahon C Salvador Perez OF Wyatt Langford OF Ian Happ OF Michael Conforto P Jacob Misiorowski P Jesus Luzardo SS George Lombard Jr.,,A.J. Ewing,OF,0.95%,8
172,5213115320,ryunalarcon,0,135.25,1B Kyle Stowers 2B Nick Sogard 3B Javier Sanoja C Austin Wells OF Ceddanne Rafaela OF Griffin Conine OF Owen Caissie P Jacob Misiorowski P Jesus Luzardo SS George Lombard Jr.,,Royce Lewis,1B,0.95%,0
174,5212874968,bona_man,0,135.1,1B Ben Rice 2B Jazz Chisholm Jr. 3B Bryson Stott C Austin Wells OF Kyle Schwarber OF Griffin Conine OF Spencer Jones P Jacob Misiorowski P Ryan Gusto SS George Lombard Jr.,,Brett Sullivan,C,0.95%,21
174,5213095001,aowsley,0,135.1,1B Bryce Harper 2B Jackson Holliday 3B Bryson Stott C Jimmy Crooks OF Kyle Schwarber OF Brandon Marsh OF Justin Crawford P Jacob Misiorowski P Ryan Gusto SS Andruw Monasterio,,Sam Antonacci,OF,0.95%,6
174,5213361315,symmetry629,0,135.1,1B Bryce Harper 2B Luis Arraez 3B Bryson Stott C Jimmy Crooks OF Kyle Schwarber OF Nathan Church OF Justin Crawford P Jacob Misiorowski P Ryan Gusto SS Masyn Winn,,Adam Frazier,2B,0.95%,3
177,5213011590,Naaz11,0,134.95,1B Bryce Harper 2B Luis Arraez 3B Bryson Stott C Jimmy Crooks OF Kyle Schwarber OF Nathan Church OF Bryan Torres P Jesus Luzardo P Grayson Rodriguez SS Trea Turner,,Max Muncy,3B,0.90%,7
178,5213083165,Chadg20,0,134.9,1B Kyle Stowers 2B Xavier Edwards 3B Kyle Karros C Miguel Amaya OF Pete Crow-Armstrong OF Griffin Conine OF Owen Caissie P Jesus Luzardo P Jared Jones SS Otto Lopez,,Travis Bazzana,2B,0.90%,2
179,5212784485,rmallery76,0,134.85,1B Alec Burleson 2B JJ Wetherholt 3B Jose Fermin C Jimmy Crooks OF Jakob Marsee OF Steven Kwan OF Nathan Church P Jacob Misiorowski P Sean Manaea SS Francisco Lindor,,Josh Bell,1B,0.90%,4
180,5212971064,rd7242,0,134.55,1B Michael Busch 2B Ronny Simon 3B Alex Bregman C Hunter Goodman OF Pete Crow-Armstrong OF Ian Happ OF Tyrone Taylor P Cam Schlittler P Ryan Gusto SS Jared Triolo,,Colson Montgomery,3B,0.84%,20
181,5213144835,zestfulyclean,0,134.45,1B Jake Bauers 2B Jackson Holliday 3B Coby Mayo C Jimmy Crooks OF Ian Happ OF Luis Lara OF Nathan Church P Jacob Misiorowski P Matthew Boyd SS Dansby Swanson,,Leody Taveras,OF,0.79%,10
181,5213234237,chicksdigthewongball,0,134.45,1B Michael Busch 2B Adam Frazier 3B Nick Loftin C Miguel Amaya OF Trent Grisham OF Michael Conforto OF Tyrone Taylor P Jacob Misiorowski P Cam Schlittler SS Dansby Swanson,,Jeff McNeil,2B,0.79%,12
183,5213299428,rickyrozay1986,0,134.4,1B Michael Busch 2B Nico Hoerner 3B Jose Ramirez C Jimmy Crooks OF Pete Crow-Armstrong OF Ian Happ OF Michael Conforto P Matthew Boyd P Joey Cantillo SS Jackson Holliday,,Alec Bohm,1B,0.73%,14
184,5213277010,bradleyfootball01,0,134.35,1B Pete Alonso 2B Jackson Holliday 3B Ezequiel Duran C Salvador Perez OF Kyle Schwarber OF Mike Trout OF Wyatt Langford P Jared Jones P Grayson Rodriguez SS Gunnar Henderson,,Jonathan Ornelas,2B,0.73%,0
185,5213020654,stephenk32,0,134.25,1B Kyle Stowers 2B Jackson Holliday 3B Javier Sanoja C Agustin Ramirez OF Cole Carrigg OF Jakob Marsee OF Owen Caissie P Jacob Misiorowski P Jesus Luzardo SS George Lombard Jr.,,Kazuma Okamoto,1B,0.73%,7
186,5213322808,kwwagner1142,0,134.1,1B Kyle Stowers 2B JJ Wetherholt 3B Jose Fermin C Jimmy Crooks OF Jordan Walker OF Jake McCarthy OF Griffin Conine P Jacob Misiorowski P Ryan Gusto SS Masyn Winn,,Bo Bichette,3B,0.67%,33
186,5213357034,YadiByNature,0,134.1,1B Alec Burleson 2B JJ Wetherholt 3B Ryan McMahon C Jimmy Crooks OF Pete Crow-Armstrong OF Jordan Walker OF Tyrone Taylor P Jesus Luzardo P Sean Manaea SS George Lombard Jr.,,Rafael Flores Jr.,C,0.67%,0
188,5213353442,TACOWATER1,0,133.95,1B Alec Burleson 2B JJ Wetherholt 3B Ezequiel Duran C Ivan Herrera OF Kyle Schwarber OF Jordan Walker OF Jake McCarthy P Kumar Rocker P Ryan Gusto SS Jacob Wilson,,Royce Lewis,2B,0.67%,0
189,5212906771,prettihunter3,0,133.85,1B Alec Burleson 2B JJ Wetherholt 3B Alex Bregman C Jimmy Crooks OF Ian Happ OF Michael Conforto OF Starling Marte P Jacob Misiorowski P Kumar Rocker SS Dansby Swanson,,Jeff McNeil,1B,0.62%,12
189,5213290385,Thompsk84,0,133.85,1B Alec Burleson 2B Angel Genao 3B Kyle Karros C Hunter Goodman OF Mickey Moniak OF Nathan Church OF Wade Meckler P Jacob Misiorowski P Sean Manaea SS Masyn Winn,,Brandon Lowe,2B,0.62%,0
191,5213098717,kurtisloh,0,133.8,1B Kyle Stowers 2B Xavier Edwards 3B Pedro Ramirez C Ivan Herrera OF Pete Crow-Armstrong OF Ian Happ OF Eli White P Joey Cantillo P Sean Manaea SS Zach Neto,,Colson Montgomery,SS,0.62%,20
192,5213330704,PapaKenneth,0,133.7,1B Michael Busch 2B Nico Hoerner 3B Alex Bregman C Miguel Amaya OF Pete Crow-Armstrong OF Tyler O'Neill OF Josh Lowe P Jacob Misiorowski P Grayson Rodriguez SS Corey Seager,,Luke Keaschall,OF,0.62%,5
193,5213214744,popimpin,0,133.5,1B Alec Burleson 2B JJ Wetherholt 3B Miguel Vargas C Ivan Herrera OF Jordan Walker OF Sam Antonacci OF Braden Montgomery P Sean Manaea P Cade Povich SS Masyn Winn,,Masataka Yoshida,OF,0.62%,0
194,5212834629,Drewski9090,0,133.25,1B Michael Busch 2B Nick Sogard 3B Alex Bregman C Miguel Amaya OF Wade Meckler OF Leody Taveras OF Tyrone Taylor P Jacob Misiorowski P Jesus Luzardo SS Dansby Swanson,,Trevor Larnach,OF,0.62%,0
194,5212851142,mcarter300,0,133.25,1B Kyle Stowers 2B Xavier Edwards 3B Jose Fermin C Jimmy Crooks OF Griffin Conine OF Nathan Church OF Bryan Torres P Jacob Misiorowski P Jesus Luzardo SS Masyn Winn,,Jared Young,1B,0.62%,18
194,5213261353,Santino7136,0,133.25,1B Kyle Stowers 2B Xavier Edwards 3B Jose Fermin C Jimmy Crooks OF Griffin Conine OF Nathan Church OF Bryan Torres P Jacob Misiorowski P Jesus Luzardo SS Masyn Winn,,Kyle Isbel,OF,0.62%,2
197,5212912542,reefahmadness,0,133.1,1B Michael Busch 2B Nico Hoerner 3B Alex Bregman C Jimmy Crooks OF Wyatt Langford OF Ian Happ OF Brandon Nimmo P Jacob Misiorowski P Ryan Gusto SS Corey Seager,,Jim Jarvis,SS,0.56%,0
198,5212912272,xlgtuna,0,132.95,1B Willson Contreras 2B JJ Wetherholt 3B Bryson Stott C Ivan Herrera OF Jackson Chourio OF Jordan Walker OF Ceddanne Rafaela P Sean Manaea P Ryan Gusto SS Andruw Monasterio,,Francisco Alvarez,C,0.56%,20
198,5213362843,eaglesnation83,0,132.95,1B Pete Alonso 2B Nick Sogard 3B Coby Mayo C Jimmy Crooks OF Ceddanne Rafaela OF Jarren Duran OF Griffin Conine P Jacob Misiorowski P Joey Cantillo SS Jackson Holliday,,Jake Bauers,1B,0.50%,23
200,5213103658,xxhustlexx,0,132.85,1B Willson Contreras 2B JJ Wetherholt 3B Tommy White C Jonah Heim OF Tyler Soderstrom OF Henry Bolte OF Eli White P Jacob Misiorowski P Sean Manaea SS Jacob Wilson,,Michael Lorenzen,P,0.50%,1.15
200,5213138752,DaWiddys,0,132.85,1B Alec Burleson 2B Xavier Edwards 3B Jose Fermin C Ivan Herrera OF Wyatt Langford OF Nathan Church OF Bryan Torres P Jacob Misiorowski P Sean Manaea SS Jackson Holliday,,Tommy White,1B,0.50%,2
200,5213343290,MillionDollarPoker,0,132.85,1B Michael Busch 2B Nick Sogard 3B Alex Bregman C Ivan Herrera OF Wilyer Abreu OF Michael Conforto OF Eli White P Jacob Misiorowski P Sean Manaea SS Andruw Monasterio,,Andres Gimenez,SS,0.45%,7
203,5213022337,Lloydy36x2,0,132.8,1B Bryce Harper 2B JJ Wetherholt 3B Alec Bohm C J.T. Realmuto OF Jordan Walker OF Nathan Church OF Justin Crawford P Jesus Luzardo P Connor Prielipp SS Masyn Winn,,Luis Robert Jr.,OF,0.45%,23
204,5212679656,DiegoBlazers,0,132.45,1B Nolan Schanuel 2B Ronny Simon 3B Nick Loftin C Alejandro Kirk OF Jackson Chourio OF Wade Meckler OF Brett Bateman P Jacob Misiorowski P Cam Schlittler SS Jackson Holliday,,Carlos Narvaez,C,0.45%,5
204,5213210585,H8RFree,0,132.45,1B Nathaniel Lowe 2B Xavier Edwards 3B Javier Sanoja C Jimmy Crooks OF Griffin Conine OF Jakob Marsee OF Owen Caissie P Jacob Misiorowski P Cam Schlittler SS George Lombard Jr.,,Chase Meidroth,2B,0.39%,0
204,5213329961,Aoteoroa,0,132.45,1B Jeff McNeil 2B Ronny Simon 3B Max Muncy C Ivan Herrera OF Jordan Walker OF Griffin Conine OF Jakob Marsee P Jacob Misiorowski P Matthew Boyd SS Zach Neto,,Javier Sanoja,OF,0.39%,14
207,5213003418,Jennleo27,0,132.35,1B Pete Alonso 2B JJ Wetherholt 3B Miguel Vargas C William Contreras OF Mickey Moniak OF Ceddanne Rafaela OF Griffin Conine P Cade Povich P Brayan Bello SS Gunnar Henderson,,Blaze Jordan,3B,0.39%,0
208,5213036764,caporelli,0,132.25,1B Dominic Smith 2B Ronny Simon 3B Willi Castro C Brett Sullivan OF Bryan Reynolds OF Trent Grisham OF Michael Conforto P Jacob Misiorowski P Jesus Luzardo SS Masyn Winn,,Myles Straw,OF,0.39%,5
208,5213219529,cluc81,0,132.25,1B Michael Busch 2B Anthony Seigler 3B Alex Bregman C Miguel Amaya OF Wade Meckler OF Tyrone Taylor OF Josh Lowe P Jacob Misiorowski P Jesus Luzardo SS Gunnar Henderson,,Caleb Durbin,3B,0.34%,2
208,5213358944,t2719t0,0,132.25,1B Jake Burger 2B Bryson Stott 3B Denzer Guzman C Victor Caratini OF Jake McCarthy OF Brandon Nimmo OF Luke Keaschall P Jacob Misiorowski P Jesus Luzardo SS Masyn Winn,,Jared Triolo,SS,0.34%,0
208,5213365757,spankdad6,0,132.25,1B Nathaniel Lowe 2B Angel Genao 3B Bryson Stott C Ivan Herrera OF Jake Mangum OF Brandon Nimmo OF Ronny Simon P Jacob Misiorowski P Jesus Luzardo SS George Lombard Jr.,,Esteury Ruiz,OF,0.34%,0
212,5212819908,PopFlyBoy,0,132.1,1B Alec Burleson 2B Nico Hoerner 3B Alex Bregman C Miguel Amaya OF Jordan Walker OF Nathan Church OF Tyrone Taylor P Jacob Misiorowski P Ryan Gusto SS Dansby Swanson,,Josh Smith,3B,0.34%,2
212,5212927743,DrNickIsIn,0,132.1,1B Alec Bohm 2B Nick Sogard 3B Bryson Stott C J.T. Realmuto OF Pete Crow-Armstrong OF Brandon Marsh OF Tyrone Taylor P Jesus Luzardo P Sean Manaea SS Dansby Swanson,,Brooks Lee,3B,0.34%,17
214,5212920174,willoc729,0,131.95,1B Michael Busch 2B Nico Hoerner 3B Nick Loftin C Miguel Amaya OF Jac Caglianone OF Ian Happ OF Starling Marte P Jacob Misiorowski P Joey Cantillo SS Dansby Swanson,,Dominic Smith,OF,0.34%,0
215,5213041855,73pd2x,0,131.85,1B Alec Burleson 2B JJ Wetherholt 3B Josh Smith C Ivan Herrera OF Jordan Walker OF Jose Fermin OF Brett Bateman P Jacob Misiorowski P Sean Manaea SS Ezequiel Tovar,,Kody Clemens,OF,0.28%,18
216,5213161196,bwhalen22,0,131.6,1B Alec Burleson 2B JJ Wetherholt 3B Alex Bregman C Ivan Herrera OF Jordan Walker OF Griffin Conine OF Starling Marte P Joey Cantillo P Jared Jones SS Masyn Winn,,Joe Mack,C,0.28%,9
217,5213129196,rmiller4444,0,131.45,1B Michael Busch 2B Nico Hoerner 3B Nick Loftin C Salvador Perez OF Eli White OF Starling Marte OF Josh Lowe P Jacob Misiorowski P Cam Schlittler SS Dansby Swanson,,Jared Triolo,3B,0.28%,0
218,5213168970,chris11bee11,0,131.3,1B Michael Busch 2B Anthony Seigler 3B Alex Bregman C Moises Ballesteros OF Pete Crow-Armstrong OF Wilyer Abreu OF Ian Happ P Matthew Boyd P Sean Manaea SS Andruw Monasterio,,Carson Kelly,C,0.22%,0
219,5213154835,wab5008,0,131.25,1B Alec Burleson 2B Ronny Simon 3B Ryan McMahon C Luke Maile OF Mickey Moniak OF Griffin Conine OF Brett Bateman P Jacob Misiorowski P Jesus Luzardo SS Dansby Swanson,,Kyle Manzardo,1B,0.22%,0
219,5213205636,psuitts1,0,131.25,1B Jared Young 2B Ronny Simon 3B Jose Fermin C Ivan Herrera OF Jordan Walker OF Bryan Torres OF Starling Marte P Jacob Misiorowski P Jesus Luzardo SS Masyn Winn,,Cam Cauley,OF,0.22%,10
219,5213268476,Akayjayfour,0,131.25,1B Nolan Schanuel 2B Xavier Edwards 3B Kyle Karros C Jimmy Crooks OF Heriberto Hernandez OF Griffin Conine OF Randal Grichuk P Jacob Misiorowski P Jesus Luzardo SS Otto Lopez,,Paul Goldschmidt,1B,0.22%,0
222,5213235603,pac10joe,0,131,1B Ben Rice 2B Xavier Edwards 3B Kazuma Okamoto C Alejandro Kirk OF Griffin Conine OF Henry Bolte OF Dylan Beavers P Cam Schlittler P Connor Prielipp SS Otto Lopez,,Jorge Polanco,3B,0.22%,0
223,5212721348,Technics,0,130.8,1B Michael Busch 2B Ronny Simon 3B Jose Ramirez C Salvador Perez OF Pete Crow-Armstrong OF Ian Happ OF Tyrone Taylor P Jesus Luzardo P Connor Prielipp SS Dansby Swanson,,Angel Martinez,OF,0.22%,0
224,5213334548,dbarela72,0,130.5,1B Nathaniel Lowe 2B Angel Genao 3B Bryson Stott C Patrick Bailey OF Kyle Schwarber OF Bryce Harper OF Chase DeLauter P Jesus Luzardo P Michael McGreevy SS Trea Turner,,Mike Yastrzemski,OF,0.22%,5
225,5213193025,Reido8,0,130.45,1B Kyle Stowers 2B Xavier Edwards 3B Kyle Karros C Agustin Ramirez OF Griffin Conine OF Owen Caissie OF Kyle Isbel P Jacob Misiorowski P Cam Schlittler SS Ezequiel Tovar,,Kody Clemens,2B,0.22%,18
225,5213326803,jacore3,0,130.45,1B Nick Sogard 2B Ronny Simon 3B Ezequiel Duran C Edgar Quero OF Jake Mangum OF Griffin Conine OF Wade Meckler P Jacob Misiorowski P Cam Schlittler SS Jacob Wilson,,Brett Baty,2B,0.22%,0
227,5212350843,tmarian,0,130.25,1B Matt Olson 2B Vaughn Grissom 3B Bo Bichette C Jonah Heim OF Ronald Acuna Jr. OF Tyler Soderstrom OF George Springer P Jesus Luzardo P Grant Holmes SS Jackson Holliday,,Erik Miller,P,0.22%,5.05
227,5212604611,llmc,0,130.25,1B Michael Busch 2B Anthony Seigler 3B Alec Bohm C Jake Rogers OF Kyle Schwarber OF Wilyer Abreu OF Eli White P Jacob Misiorowski P Michael McGreevy SS Andruw Monasterio,,Jose Caballero,SS,0.17%,0
227,5212787652,AJSuperman,0,130.25,1B Michael Busch 2B Ronny Simon 3B Alex Bregman C Salvador Perez OF Ian Happ OF Michael Conforto OF Tyrone Taylor P Jacob Misiorowski P Jesus Luzardo SS George Lombard Jr.,,Christian Encarnacion-Strand,3B,0.17%,0
227,5212989307,ricobrow48,0,130.25,1B Royce Lewis 2B Ernie Clement 3B Jorge Polanco C Alejandro Kirk OF Brandon Nimmo OF Luis Robert Jr. OF Randal Grichuk P Jacob Misiorowski P Jesus Luzardo SS Ezequiel Duran,,Pedro Ramirez,3B,0.17%,0
227,5213224641,darrent,0,130.25,1B Andrew Vaughn 2B Bryson Stott 3B Tommy White C Jimmy Crooks OF Wilyer Abreu OF Brandon Nimmo OF Griffin Conine P Jacob Misiorowski P Jesus Luzardo SS George Lombard Jr.,,Garrett Mitchell,OF,0.17%,5
227,5213249639,dragnalus,0,130.25,1B Michael Busch 2B Angel Genao 3B Nick Loftin C Austin Wells OF Pete Crow-Armstrong OF Griffin Conine OF Michael Conforto P Jacob Misiorowski P Jesus Luzardo SS George Lombard Jr.,,Andrew Benintendi,OF,0.17%,0
227,5213353572,ScuppersRevenge,0,130.25,1B Alec Bohm 2B Anthony Seigler 3B David Hamilton C Austin Wells OF Wyatt Langford OF Sam Antonacci OF Eli White P Jacob Misiorowski P Jesus Luzardo SS Colson Montgomery,,Seiya Suzuki,OF,0.17%,0
234,5212766589,CashLineCriminal,0,130.1,1B Michael Busch 2B Nick Sogard 3B Alex Bregman C Salvador Perez OF Pete Crow-Armstrong OF Ian Happ OF Michael Conforto P Jacob Misiorowski P Ryan Gusto SS Jackson Holliday,,Carter Jensen,C,0.17%,0
234,5212905074,Shane2K,0,130.1,1B Michael Busch 2B Nick Sogard 3B Alex Bregman C Salvador Perez OF Pete Crow-Armstrong OF Ian Happ OF Michael Conforto P Jacob Misiorowski P Ryan Gusto SS Jackson Holliday,,Davis Schneider,2B,0.17%,2
234,5213167398,griffalicious24,0,130.1,1B Michael Busch 2B Nick Sogard 3B Alex Bregman C Salvador Perez OF Pete Crow-Armstrong OF Ian Happ OF Michael Conforto P Jacob Misiorowski P Ryan Gusto SS Jackson Holliday,,Cam Cauley,2B,0.17%,10
234,5213170303,redskins1001,0,130.1,1B Alec Burleson 2B JJ Wetherholt 3B Ryan McMahon C Jimmy Crooks OF Pete Crow-Armstrong OF Ian Happ OF Nathan Church P Jacob Misiorowski P Ryan Gusto SS Masyn Winn,,George Springer,OF,0.11%,0
234,5213339105,kcortezz21,0,130.1,1B Michael Busch 2B Nick Sogard 3B Alex Bregman C Jimmy Crooks OF Pete Crow-Armstrong OF Ceddanne Rafaela OF Michael Conforto P Jesus Luzardo P Sean Manaea SS Dansby Swanson,,Jordan Beck,OF,0.11%,0
239,5212881626,scboll,0,130,1B Michael Busch 2B Nick Sogard 3B Alex Bregman C Miguel Amaya OF Wilyer Abreu OF Ian Happ OF Wade Meckler P Jacob Misiorowski P Grant Holmes SS Dansby Swanson,,Cooper Pratt,SS,0.11%,0
239,5212915753,pmealoy,0,130,1B Michael Busch 2B Anthony Seigler 3B Alex Bregman C Ivan Herrera OF Cole Carrigg OF Jarren Duran OF Brandon Nimmo P Jacob Misiorowski P Grant Holmes SS Jackson Holliday,,Mauricio Dubon,OF,0.11%,0
241,5212914085,CROM1000,0,129.95,1B Bryce Harper 2B Luis Arraez 3B Kyle Karros C J.T. Realmuto OF Kyle Schwarber OF Spencer Jones OF Starling Marte P Jesus Luzardo P Brayan Bello SS Trea Turner,,Josh Smith,2B,0.11%,2
242,5212561450,mercedesrules,0,129.85,1B Alec Burleson 2B JJ Wetherholt 3B Tommy White C Ivan Herrera OF Carson Benge OF Nathan Church OF Starling Marte P Jacob Misiorowski P Shane Bieber SS Masyn Winn,,Isaac Collins,OF,0.11%,0
242,5212830035,CLanders6390,0,129.85,1B Alec Burleson 2B Angel Genao 3B Willi Castro C Ivan Herrera OF Jake McCarthy OF Cole Carrigg OF Steven Kwan P Jacob Misiorowski P Sean Manaea SS George Lombard Jr.,,Jorge Soler,OF,0.11%,0
242,5213131452,RDiesel,0,129.85,1B Alec Burleson 2B JJ Wetherholt 3B Alec Bohm C Moises Ballesteros OF Griffin Conine OF Wade Meckler OF Owen Caissie P Jacob Misiorowski P Kumar Rocker SS Trea Turner,,Tyler Freeman,2B,0.11%,0
245,5212647498,sharksbay99,0,129.7,1B Jake Burger 2B Nick Sogard 3B Ryan McMahon C Elias Diaz OF Kyle Schwarber OF Jackson Chourio OF Jake McCarthy P Jesus Luzardo P Matthew Boyd SS George Lombard Jr.,,Jose Siri,OF,0.11%,19
246,5213096060,pekopf,0,129.65,1B Pete Alonso 2B Jackson Holliday 3B Christian Encarnacion-Strand C Ivan Herrera OF Jordan Walker OF Bryan Torres OF Dylan Beavers P Jacob Misiorowski P Cade Povich SS Masyn Winn,,Gabriel Gonzalez,OF,0.11%,0
247,5213171718,scottrdix,0,129.55,1B Alec Burleson 2B JJ Wetherholt 3B Alec Bohm C Moises Ballesteros OF Jordan Walker OF Griffin Conine OF Wade Meckler P Jacob Misiorowski P Erik Miller SS Trea Turner,,Troy Johnston,OF,0.11%,0
248,5212793789,Jnkns1,0,129.45,1B Salvador Perez 2B Nick Sogard 3B Tommy White C Miguel Amaya OF Pete Crow-Armstrong OF Kyle Schwarber OF Brett Bateman P Jacob Misiorowski P Matthew Boyd SS Luisangel Acuna,,Dominic Smith,1B,0.11%,0
249,5213144506,jeffylube,0,129.25,1B Michael Busch 2B Ronny Simon 3B Ryan McMahon C Austin Wells OF Pete Crow-Armstrong OF Ian Happ OF Tyler O'Neill P Jacob Misiorowski P Jesus Luzardo SS George Lombard Jr.,,Brett Baty,OF,0.11%,0
249,5213163917,Gronkowski69,0,129.25,1B Nolan Schanuel 2B Nick Sogard 3B Alex Bregman C Jimmy Crooks OF Ian Happ OF Michael Conforto OF Tyrone Taylor P Jacob Misiorowski P Jesus Luzardo SS Dansby Swanson,,Victor Caratini,C,0.11%,8
251,5212866333,shorack814,0,129.1,1B Michael Busch 2B Nick Sogard 3B Alex Bregman C Salvador Perez OF Ian Happ OF Trent Grisham OF Brandon Nimmo P Jacob Misiorowski P Ryan Gusto SS Trea Turner,,Davis Schneider,OF,0.11%,2
252,5212921083,daadogg,0,128.85,1B Matt Olson 2B Bryson Stott 3B Nick Loftin C Luke Maile OF Pete Crow-Armstrong OF Spencer Jones OF Tyler O'Neill P Jacob Misiorowski P Sean Manaea SS Ezequiel Duran,,Vaughn Grissom,2B,0.06%,0
252,5213021361,MacheteKills,0,128.85,1B Luis Garcia Jr. 2B Jeff McNeil 3B Bryson Stott C Salvador Perez OF Jake McCarthy OF Jarren Duran OF Owen Caissie P Jacob Misiorowski P Sean Manaea SS Francisco Lindor,,Patrick Sandoval,P,0.06%,0
252,5213258844,jbfones,0,128.85,1B Alec Burleson 2B Xavier Edwards 3B Javier Sanoja C Jimmy Crooks OF Jordan Walker OF Jakob Marsee OF Bryan Torres P Jacob Misiorowski P Sean Manaea SS Masyn Winn,,Connor Wong,C,0.06%,0
255,5212652907,rahtbarg,0,128.45,1B TJ Rumfield 2B Ronny Simon 3B Ezequiel Duran C Luke Maile OF Brandon Nimmo OF Griffin Conine OF Henry Bolte P Jacob Misiorowski P Cam Schlittler SS George Lombard Jr.,,Jacob Gonzalez,SS,0.06%,2
256,5213143993,firstdownpirates,0,128.25,1B Michael Busch 2B Jackson Holliday 3B Alex Bregman C Edgar Quero OF Ceddanne Rafaela OF Braden Montgomery OF Starling Marte P Jacob Misiorowski P Jesus Luzardo SS George Lombard Jr.,,Brian Serven,C,0.06%,0
256,5213188321,CouldBeTravis,0,128.25,1B Alec Burleson 2B JJ Wetherholt 3B Ryan McMahon C Jimmy Crooks OF Jordan Walker OF Heriberto Hernandez OF Griffin Conine P Jacob Misiorowski P Michael McGreevy SS Masyn Winn,,Lane Thomas,OF,0.06%,0
258,5213084060,benchpointdynasty,0,128.1,1B Michael Busch 2B Nick Sogard 3B Alec Bohm C J.T. Realmuto OF Kyle Schwarber OF Brandon Marsh OF Eli White P Jacob Misiorowski P Ryan Gusto SS Trea Turner,,Addison Barger,3B,0.06%,0
259,5213144178,bulbie44,0,127.9,1B Michael Busch 2B Ronny Simon 3B Alex Bregman C Salvador Perez OF Pete Crow-Armstrong OF Ian Happ OF Brenton Doyle P Jesus Luzardo P Jared Jones SS Jackson Holliday,,Christian Moore,OF,0.06%,0
260,5212806023,DraftKingsEAD,0,127.7,1B Vladimir Guerrero Jr. 2B Ernie Clement 3B Alex Bregman C Alejandro Kirk OF Pete Crow-Armstrong OF Ian Happ OF Brett Bateman P Jacob Misiorowski P Grayson Rodriguez SS Andres Gimenez,,Hayden Senger,C,0.06%,0
260,5212836471,shellycooney0306,0,127.7,1B Jeff McNeil 2B Luis Arraez 3B Bryson Stott C J.T. Realmuto OF Jac Caglianone OF Jake Mangum OF Justin Crawford P Cam Schlittler P Jesus Luzardo SS Luisangel Acuna,,Donovan Walton,2B,0.06%,7
262,5212795522,lucas232,0,127.45,1B Nolan Schanuel 2B Marcus Semien 3B Kyle Karros C Brett Sullivan OF Tyler Soderstrom OF Steven Kwan OF Wade Meckler P Jacob Misiorowski P Cam Schlittler SS George Lombard Jr.,,Kaelen Culpepper,SS,0.06%,0
262,5213022600,seahawks4444,0,127.45,1B Alec Bohm 2B Nick Sogard 3B Jose Fermin C J.T. Realmuto OF Wyatt Langford OF Brandon Nimmo OF Griffin Conine P Jacob Misiorowski P Matthew Boyd SS Masyn Winn,,Anthony Volpe,SS,0.06%,0
262,5213342409,southtexaspanic,0,127.45,1B Michael Busch 2B Anthony Seigler 3B Willi Castro C Agustin Ramirez OF Wyatt Langford OF Griffin Conine OF Steven Kwan P Jacob Misiorowski P Matthew Boyd SS Masyn Winn,,Oswaldo Cabrera,3B,0.06%,0
265,5212788396,headchopper,0,127.25,1B Michael Busch 2B Nico Hoerner 3B Ryan McMahon C Jimmy Crooks OF Ian Happ OF Heliot Ramos OF Michael Conforto P Jacob Misiorowski P Jesus Luzardo SS George Lombard Jr.,,Jose Caballero,3B,0.06%,0
265,5213285302,Dscheyder,0,127.25,1B Kyle Stowers 2B Nick Sogard 3B Bryson Stott C Jake Rogers OF Pete Crow-Armstrong OF Griffin Conine OF Owen Caissie P Jacob Misiorowski P Michael McGreevy SS Andruw Monasterio,,Tyler Heineman,C,0.06%,0
265,5213328628,supremeking69,0,127.25,1B Andrew Vaughn 2B Jackson Holliday 3B Ryan McMahon C Carlos Narvaez OF Pete Crow-Armstrong OF Henry Bolte OF Tyler O'Neill P Jacob Misiorowski P Jesus Luzardo SS Gunnar Henderson,,Gavin Williams,P,0.06%,0
268,5213005826,jgurtman33,0,127.15,1B Nolan Schanuel 2B Jazz Chisholm Jr. 3B Ezequiel Duran C Alejandro Kirk OF Kyle Schwarber OF Ceddanne Rafaela OF Spencer Jones P Cam Schlittler P Grayson Rodriguez SS George Lombard Jr.,,Sandy Alcantara,P,0.06%,0
269,5212865335,Dmerkel1980,0,127.1,1B Bryce Harper 2B Luis Arraez 3B Bryson Stott C Luke Maile OF Kyle Schwarber OF Brandon Marsh OF Henry Bolte P Jesus Luzardo P Kumar Rocker SS Tyler Tolbert,,Christian Yelich,OF,0.06%,0
269,5213292271,cxr.sxn,0,127.1,1B Michael Busch 2B Nick Sogard 3B Alex Bregman C Miguel Amaya OF Pete Crow-Armstrong OF Ian Happ OF Brett Bateman P Jacob Misiorowski P Ryan Gusto SS Trea Turner,,Bryan De La Cruz,OF,0.06%,0
271,5212917567,jordanz84,0,127,1B Josh Bell 2B Kody Clemens 3B Brooks Lee C Brett Sullivan OF Pete Crow-Armstrong OF Jake McCarthy OF Cole Carrigg P Matthew Boyd P Connor Prielipp SS Dansby Swanson,,Kahlil Watson,OF,0.06%,0
272,5213004155,Maddog1949,0,126.85,1B Alec Burleson 2B Xavier Edwards 3B Blaze Jordan C Ivan Herrera OF Jakob Marsee OF Nathan Church OF Bryan Torres P Jacob Misiorowski P Sean Manaea SS Otto Lopez,,Everson Pereira,OF,0.06%,0
272,5213114472,DictatorDuncan,0,126.85,1B Andrew Vaughn 2B Xavier Edwards 3B Alex Bregman C Ivan Herrera OF Jarren Duran OF Jakob Marsee OF Eli White P Jacob Misiorowski P Sean Manaea SS Francisco Lindor,,Christian Franklin,OF,0.06%,0
272,5213322370,Fishermanfuzz,0,126.85,1B Alec Burleson 2B Xavier Edwards 3B Ezequiel Duran C Moises Ballesteros OF Jordan Walker OF Nathan Church OF Bryan Torres P Jacob Misiorowski P Sean Manaea SS Jackson Holliday,,Nolan Gorman,3B,0.06%,0
275,5212946628,GLAlexander,0,126.8,1B Alec Burleson 2B Jazz Chisholm Jr. 3B Jose Fermin C Jimmy Crooks OF Kyle Schwarber OF Nathan Church OF Bryan Torres P Jesus Luzardo P Connor Prielipp SS Trea Turner,,Victor Scott II,OF,0.06%,0
275,5212962234,browns1234,0,126.8,1B Jac Caglianone 2B Ronny Simon 3B Bryson Stott C Ivan Herrera OF Chase DeLauter OF Ian Happ OF Steven Kwan P Jesus Luzardo P Connor Prielipp SS Bobby Witt Jr.,,Sean Murphy,C,0.06%,0
277,5212849515,Scowinston,0,126.7,1B Michael Busch 2B Jackson Holliday 3B David Hamilton C Elias Diaz OF Pete Crow-Armstrong OF Jackson Chourio OF Colton Cowser P Jacob Misiorowski P Brayan Bello SS Tyler Tolbert,,Rhys Hoskins,1B,0.06%,0
277,5213160654,Airliner34,0,126.7,1B Michael Busch 2B Ronny Simon 3B Alex Bregman C Jimmy Crooks OF Pete Crow-Armstrong OF Ian Happ OF Nathan Church P Jacob Misiorowski P Grayson Rodriguez SS Masyn Winn,,Pedro Ramirez,2B,0.06%,0
277,5213181497,lewisdale,0,126.7,1B Jake Burger 2B Nico Hoerner 3B Nick Loftin C Patrick Bailey OF Jac Caglianone OF Steven Kwan OF Nathan Church P Cam Schlittler P Jesus Luzardo SS Gunnar Henderson,,Leo Jimenez,3B,0.06%,2
280,5212834737,Buttcrackers,0,126.6,1B Bryce Harper 2B Bryson Stott 3B Ezequiel Duran C J.T. Realmuto OF Kyle Schwarber OF Jarren Duran OF Colton Cowser P Matthew Boyd P Randy Dobnak SS Trea Turner,,Rafael Flores Jr.,1B,0.06%,0
281,5212964863,alshanb228,0,126.55,1B Salvador Perez 2B Jackson Holliday 3B Nick Loftin C Rafael Flores Jr. OF Kyle Schwarber OF Bryce Harper OF Dylan Beavers P Jacob Misiorowski P Connor Prielipp SS Tyler Tolbert,,Victor Caratini,1B,0.06%,8
282,5212987953,ajmccann,0,126.45,1B TJ Rumfield 2B Ronny Simon 3B Ezequiel Duran C Moises Ballesteros OF Kyle Schwarber OF Randal Grichuk OF Eli White P Jacob Misiorowski P Matthew Boyd SS Otto Lopez,,Alan Roden,OF,0.06%,0
283,5213058316,dsulecki,0,126.35,1B Ben Rice 2B Jazz Chisholm Jr. 3B Nick Loftin C Austin Wells OF Kyle Schwarber OF Bryce Harper OF Trent Grisham P Jesus Luzardo P Ryan Gusto SS George Lombard Jr.,,,
284,5212928572,ametz15,0,126.25,1B TJ Rumfield 2B Nick Sogard 3B Bryson Stott C Jimmy Crooks OF Jake McCarthy OF Griffin Conine OF Henry Bolte P Jacob Misiorowski P Jesus Luzardo SS George Lombard Jr.,,,
285,5213117328,xDMRx23,0,126.1,1B Michael Busch 2B Jazz Chisholm Jr. 3B Alex Bregman C Salvador Perez OF Ian Happ OF Trent Grisham OF Tyrone Taylor P Jacob Misiorowski P Ryan Gusto SS Dansby Swanson,,,
285,5213235746,dcmayes,0,126.1,1B Michael Busch 2B Nick Sogard 3B Alex Bregman C Miguel Amaya OF Pete Crow-Armstrong OF Wilyer Abreu OF Michael Conforto P Jacob Misiorowski P Ryan Gusto SS Jackson Holliday,,,
287,5212925084,time2feast,0,125.85,1B Nathaniel Lowe 2B Nico Hoerner 3B Jose Ramirez C Miguel Amaya OF Chase DeLauter OF Ian Happ OF Michael Conforto P Jacob Misiorowski P Kumar Rocker SS Dansby Swanson,,,
287,5213114033,naticus,0,125.85,1B Alec Burleson 2B Xavier Edwards 3B Jose Fermin C Moises Ballesteros OF Jackson Chourio OF Nathan Church OF Bryan Torres P Jacob Misiorowski P Sean Manaea SS Masyn Winn,,,
289,5212875802,gehad79,0,125.7,1B Pete Alonso 2B Luis Arraez 3B Jose Ramirez C Carter Jensen OF Jake Bauers OF Jake McCarthy OF Chase DeLauter P Grayson Rodriguez P Grant Holmes SS Trea Turner,,,
290,5212829753,jbari64,0,125.65,1B Jared Young 2B Jeff McNeil 3B Bryson Stott C Rafael Flores Jr. OF Kyle Schwarber OF Kody Clemens OF Justin Crawford P Jacob Misiorowski P Jared Jones SS George Lombard Jr.,,,
291,5213367566,willsurge,0,125.45,1B Kyle Stowers 2B Jazz Chisholm Jr. 3B Kyle Karros C Moises Ballesteros OF Kyle Schwarber OF Brenton Doyle OF Josh Lowe P Jacob Misiorowski P Matthew Boyd SS Ezequiel Tovar,,,
292,5213288784,goolie1228,0,125.3,1B Alec Burleson 2B Xavier Edwards 3B Jose Fermin C Agustin Ramirez OF Jackson Chourio OF Jordan Walker OF Michael Conforto P Matthew Boyd P Sean Manaea SS Gunnar Henderson,,,
293,5213064786,BeRex,0,125.25,1B Nolan Schanuel 2B Ronny Simon 3B Nick Loftin C Salvador Perez OF Griffin Conine OF Steven Kwan OF Wade Meckler P Jacob Misiorowski P Jesus Luzardo SS Bobby Witt Jr.,,,
293,5213234331,wmorris23,0,125.25,1B Nick Sogard 2B JJ Wetherholt 3B Denzer Guzman C Brett Sullivan OF Ceddanne Rafaela OF Dylan Beavers OF Josh Lowe P Jacob Misiorowski P Jesus Luzardo SS Colson Montgomery,,,
293,5213302292,UrbaneArcher107,0,125.25,1B Salvador Perez 2B Nico Hoerner 3B Nick Loftin C Jimmy Crooks OF Ian Happ OF Michael Conforto OF Tyrone Taylor P Jacob Misiorowski P Jesus Luzardo SS Dansby Swanson,,,
296,5212788981,gmfamoso,0,125.1,1B Michael Busch 2B Michael Massey 3B Nick Loftin C Salvador Perez OF Pete Crow-Armstrong OF Griffin Conine OF Starling Marte P Jacob Misiorowski P Ryan Gusto SS Bobby Witt Jr.,,,
296,5213156397,njl151,0,125.1,1B Nathaniel Lowe 2B Luis Arraez 3B Bryson Stott C Jonah Heim OF Wilyer Abreu OF Tyler Soderstrom OF Steven Kwan P Jesus Luzardo P Sean Manaea SS Jacob Wilson,,,
296,5213234790,ck1kaminski,0,125.1,1B Bryce Harper 2B Luis Arraez 3B Bryson Stott C J.T. Realmuto OF Jake McCarthy OF Griffin Conine OF Owen Caissie P Jesus Luzardo P Kumar Rocker SS Trea Turner,,,
296,5213280940,Stress1,0,125.1,1B Jake Burger 2B Nick Sogard 3B Nick Loftin C Salvador Perez OF Kyle Schwarber OF Wyatt Langford OF Trent Grisham P Jacob Misiorowski P Ryan Gusto SS Gunnar Henderson,,,
300,5213224635,JSB31,0,125,1B Alec Burleson 2B JJ Wetherholt 3B Bryson Stott C Jimmy Crooks OF Jordan Walker OF Steven Kwan OF Ronny Simon P Jacob Misiorowski P Grant Holmes SS Masyn Winn,,,
301,5213220814,uheameboi23,0,124.95,1B Michael Busch 2B Nick Sogard 3B Alex Bregman C Salvador Perez OF Pete Crow-Armstrong OF Kyle Schwarber OF Ian Happ P Kumar Rocker P Ryan Gusto SS Bobby Witt Jr.,,,
302,5213254949,jjjacquesjerry,0,124.9,1B Salvador Perez 2B Luis Arraez 3B Alec Bohm C Miguel Amaya OF Kyle Schwarber OF Brandon Marsh OF Justin Crawford P Jesus Luzardo P Jared Jones SS Dansby Swanson,,,
303,5213364819,jstihl11,0,124.7,1B TJ Rumfield 2B Ronny Simon 3B Willi Castro C Ivan Herrera OF Cole Carrigg OF Brandon Nimmo OF Wade Meckler P Cam Schlittler P Jesus Luzardo SS George Lombard Jr.,,,
304,5213100021,Shazzam47,0,124.5,1B Bryce Harper 2B Bryson Stott 3B Max Muncy C J.T. Realmuto OF Kyle Schwarber OF Tyler Soderstrom OF Lawrence Butler P Jared Jones P Sean Manaea SS Trea Turner,,,
305,5213294039,rkadoerksen,0,124.3,1B Jac Caglianone 2B Luis Arraez 3B Tommy White C Luke Maile OF Jackson Chourio OF Wade Meckler OF Starling Marte P Cam Schlittler P Sean Manaea SS Bobby Witt Jr.,,,
306,5212850449,mlief,0,124.25,1B Andrew Vaughn 2B Anthony Seigler 3B Alex Bregman C Jake Rogers OF Ian Happ OF Michael Conforto OF Tyrone Taylor P Jacob Misiorowski P Jesus Luzardo SS Dansby Swanson,,,
306,5213195115,TwineTickler,0,124.25,1B Michael Busch 2B Jazz Chisholm Jr. 3B Ryan McMahon C Austin Wells OF Ian Happ OF Michael Conforto OF Tyrone Taylor P Jacob Misiorowski P Jesus Luzardo SS Dansby Swanson,,,
306,5213339032,mgvaldez02,0,124.25,1B Alec Burleson 2B Jackson Holliday 3B Nick Loftin C Ivan Herrera OF Jackson Chourio OF Jordan Walker OF Starling Marte P Jacob Misiorowski P Michael McGreevy SS Luisangel Acuna,,,
309,5213021750,Kev2626,0,124.1,1B Nathaniel Lowe 2B Angel Genao 3B Bryson Stott C J.T. Realmuto OF Kyle Schwarber OF Bryce Harper OF Steven Kwan P Jesus Luzardo P Kumar Rocker SS Trea Turner,,,
309,5213234855,Accventures,0,124.1,1B Pete Alonso 2B Jackson Holliday 3B Coby Mayo C Ivan Herrera OF Pete Crow-Armstrong OF Ronald Acuna Jr. OF Mike Trout P Matthew Boyd P Michael Lorenzen SS Dansby Swanson,,,
311,5212735801,scotte08,0,123.85,1B Alec Burleson 2B Nick Sogard 3B Ernie Clement C Jimmy Crooks OF Pete Crow-Armstrong OF Nathan Church OF Leody Taveras P Jacob Misiorowski P Sean Manaea SS Ezequiel Duran,,,
311,5213113862,SmoothButta2786,0,123.85,1B Bryce Harper 2B Anthony Seigler 3B Bryson Stott C Austin Wells OF Wilyer Abreu OF Jake McCarthy OF Justin Crawford P Jacob Misiorowski P Sean Manaea SS Andres Gimenez,,,
311,5213262746,mmain13,0,123.85,1B Michael Busch 2B Bryson Stott 3B Alex Bregman C Salvador Perez OF Jac Caglianone OF Ian Happ OF Starling Marte P Jacob Misiorowski P Kumar Rocker SS Dansby Swanson,,,
314,5213353909,hch2123,0,123.45,1B Kyle Stowers 2B Jazz Chisholm Jr. 3B Nick Loftin C Francisco Alvarez OF Trent Grisham OF Steven Kwan OF Ronny Simon P Jacob Misiorowski P Matthew Boyd SS Masyn Winn,,,
315,5212856495,josias,0,123.25,1B Jac Caglianone 2B Jackson Holliday 3B Nick Loftin C Salvador Perez OF Jake McCarthy OF Brenton Doyle OF Tyler O'Neill P Jacob Misiorowski P Jesus Luzardo SS Tyler Tolbert,,,
315,5213090144,Jbarrin3,0,123.25,1B Kyle Stowers 2B Ronny Simon 3B Nick Gonzales C Jimmy Crooks OF Esmerlyn Valdez OF Griffin Conine OF Owen Caissie P Jacob Misiorowski P Jesus Luzardo SS George Lombard Jr.,,,
315,5213181851,fillyfan2002,0,123.25,1B Nick Sogard 2B Anthony Seigler 3B Jose Ramirez C Jake Rogers OF Wilyer Abreu OF Dylan Beavers OF Eli White P Jacob Misiorowski P Jesus Luzardo SS Jackson Holliday,,,
315,5213268079,dpike0410,0,123.25,1B Alec Burleson 2B JJ Wetherholt 3B Ryan McMahon C Jimmy Crooks OF Jordan Walker OF Starling Marte OF Kyle Isbel P Jacob Misiorowski P Jesus Luzardo SS Jim Jarvis,,,
315,5213284694,Dynaformer,0,123.25,1B Michael Busch 2B Bryson Stott 3B Nick Loftin C Jimmy Crooks OF Wyatt Langford OF Ian Happ OF Ronny Simon P Jacob Misiorowski P Jesus Luzardo SS George Lombard Jr.,,,
320,5212843788,Dnucf8,0,123.1,1B Jac Caglianone 2B JJ Wetherholt 3B Bryson Stott C Moises Ballesteros OF Pete Crow-Armstrong OF Kyle Schwarber OF Jackson Chourio P Kumar Rocker P Michael McGreevy SS George Lombard Jr.,,,
320,5212944051,Chesublimino,0,123.1,1B Alec Burleson 2B JJ Wetherholt 3B Ryan McMahon C Ivan Herrera OF Jackson Chourio OF Jordan Walker OF Brett Bateman P Jacob Misiorowski P Ryan Gusto SS Luisangel Acuna,,,
320,5213318755,Pjg1979,0,123.1,1B Michael Busch 2B Nick Sogard 3B Alex Bregman C Miguel Amaya OF Pete Crow-Armstrong OF Michael Conforto OF Starling Marte P Jacob Misiorowski P Ryan Gusto SS Bobby Witt Jr.,,,
323,5213075945,bullfrog1976,0,122.95,1B Bryce Harper 2B Marcus Semien 3B Willi Castro C Ivan Herrera OF Jackson Chourio OF Mickey Moniak OF Ceddanne Rafaela P Sean Manaea P Ryan Gusto SS Francisco Lindor,,,
324,5213184858,dyarbrough7,0,122.9,1B Michael Busch 2B Cam Cauley 3B Alex Bregman C Jimmy Crooks OF Pete Crow-Armstrong OF Ian Happ OF Starling Marte P Jesus Luzardo P Jared Jones SS Dansby Swanson,,,
324,5213259091,boilermaker105,0,122.9,1B Bryce Harper 2B Nico Hoerner 3B Ryan McMahon C Ivan Herrera OF Kyle Schwarber OF Braden Montgomery OF Ronny Simon P Jesus Luzardo P Jared Jones SS George Lombard Jr.,,,
326,5212906285,slick300800,0,122.45,1B Michael Busch 2B Nick Sogard 3B Alex Bregman C Jimmy Crooks OF Michael Conforto OF Wade Meckler OF Josh Lowe P Jacob Misiorowski P Cam Schlittler SS Jackson Holliday,,,
327,5212895548,daddyshark423,0,122.3,1B Ben Rice 2B Jazz Chisholm Jr. 3B Ryan McMahon C Salvador Perez OF Trent Grisham OF Starling Marte OF Kyle Isbel P Cam Schlittler P Sean Manaea SS Bobby Witt Jr.,,,
328,5212946929,tvick,0,122.25,1B Michael Busch 2B Ronny Simon 3B Ryan McMahon C Austin Wells OF Pete Crow-Armstrong OF Michael Conforto OF Tyler O'Neill P Jacob Misiorowski P Jesus Luzardo SS Dansby Swanson,,,
328,5213095896,kidzero,0,122.25,1B Michael Busch 2B Ronny Simon 3B Alex Bregman C Miguel Amaya OF Jose Fermin OF Bryan Torres OF Tyrone Taylor P Jacob Misiorowski P Jesus Luzardo SS Dansby Swanson,,,
328,5213121158,Drew8513,0,122.25,1B Kyle Stowers 2B Xavier Edwards 3B Javier Sanoja C Agustin Ramirez OF Jarren Duran OF Owen Caissie OF Starling Marte P Jacob Misiorowski P Jesus Luzardo SS George Lombard Jr.,,,
328,5213142608,mattf19,0,122.25,1B Alec Burleson 2B JJ Wetherholt 3B Nick Loftin C Jimmy Crooks OF Nathan Church OF Wade Meckler OF Josh Lowe P Jacob Misiorowski P Jesus Luzardo SS Masyn Winn,,,
328,5213316871,Jimbobwae42,0,122.25,1B Michael Busch 2B Nick Sogard 3B Alex Bregman C Jake Rogers OF Steven Kwan OF Nathan Church OF Tyler O'Neill P Jacob Misiorowski P Jesus Luzardo SS Andruw Monasterio,,,
333,5212905840,berzaj23,0,122.1,1B Michael Busch 2B Nick Sogard 3B Alex Bregman C Austin Wells OF Pete Crow-Armstrong OF Ian Happ OF Michael Conforto P Jacob Misiorowski P Ryan Gusto SS Gunnar Henderson,,,
333,5213057686,MartyKirkman,0,122.1,1B Michael Busch 2B Jeff McNeil 3B Alex Bregman C Salvador Perez OF Pete Crow-Armstrong OF Ian Happ OF Lawrence Butler P Jacob Misiorowski P Ryan Gusto SS Dansby Swanson,,,
333,5213226240,jetsfan8183,0,122.1,1B Michael Busch 2B Bryson Stott 3B Max Muncy C Austin Wells OF Kyle Schwarber OF Wilyer Abreu OF Jarren Duran P Jacob Misiorowski P Ryan Gusto SS Andruw Monasterio,,,
333,5213359749,webdever,0,122.1,1B Michael Busch 2B Angel Genao 3B Jose Ramirez C Miguel Amaya OF Pete Crow-Armstrong OF Chase DeLauter OF Michael Conforto P Jacob Misiorowski P Ryan Gusto SS Dansby Swanson,,,
337,5212872207,olsuperdave1b,0,122,1B Kyle Stowers 2B Nick Sogard 3B Alex Bregman C Jake Rogers OF Wilyer Abreu OF Ceddanne Rafaela OF Griffin Conine P Jacob Misiorowski P Grant Holmes SS Masyn Winn,,,
338,5212974175,rmelden,0,121.85,1B Alec Burleson 2B Xavier Edwards 3B Blaze Jordan C Ivan Herrera OF Wyatt Langford OF Jakob Marsee OF Bryan Torres P Jacob Misiorowski P Sean Manaea SS Ezequiel Duran,,,
339,5213021663,vranovich,0,121.5,1B Nolan Schanuel 2B Brice Turang 3B Ezequiel Duran C Ivan Herrera OF Jordan Walker OF Esmerlyn Valdez OF Brandon Nimmo P Jesus Luzardo P Michael McGreevy SS Masyn Winn,,,
340,5212977363,MooreKris14,0,121.45,1B Andrew Vaughn 2B Jackson Holliday 3B Ezequiel Duran C Jimmy Crooks OF Jake Bauers OF Wyatt Langford OF Tyler O'Neill P Jacob Misiorowski P Matthew Boyd SS Gunnar Henderson,,,
340,5213258627,TheGoods007,0,121.45,1B Alec Burleson 2B Nick Sogard 3B Ezequiel Duran C Ivan Herrera OF Steven Kwan OF Henry Bolte OF Wade Meckler P Jacob Misiorowski P Matthew Boyd SS Jackson Holliday,,,
342,5213126227,bengalbry,0,121.3,1B Alec Burleson 2B Luis Arraez 3B Jose Fermin C Agustin Ramirez OF Jake McCarthy OF Cole Carrigg OF Randal Grichuk P Cam Schlittler P Sean Manaea SS Tyler Tolbert,,,
342,5213152135,Guesty,0,121.3,1B Ben Rice 2B Jazz Chisholm Jr. 3B Ernie Clement C Austin Wells OF A.J. Ewing OF Braden Montgomery OF Henry Bolte P Cam Schlittler P Sean Manaea SS Francisco Lindor,,,
342,5213354261,Elena2021,0,121.299995,1B Victor Caratini 2B Kody Clemens 3B Nick Gonzales C Ivan Herrera OF Kyle Schwarber OF Bryce Harper OF Trevor Larnach P J.T. Ginn P Brayan Bello SS Corey Seager,,,
345,5212886942,steveje,0,121.25,1B TJ Rumfield 2B Nick Sogard 3B Kyle Karros C Brett Sullivan OF Jake McCarthy OF Cole Carrigg OF Steven Kwan P Jacob Misiorowski P Jesus Luzardo SS Jackson Holliday,,,
345,5213344121,LilErbie,0,121.25,1B Michael Busch 2B Anthony Seigler 3B Ryan McMahon C Austin Wells OF Ian Happ OF Jarren Duran OF Michael Conforto P Jacob Misiorowski P Jesus Luzardo SS Dansby Swanson,,,
347,5213009146,chomz14,0,121.1,1B Bryce Harper 2B Anthony Seigler 3B Bryson Stott C Jake Rogers OF Kyle Schwarber OF Jarren Duran OF Justin Crawford P Jacob Misiorowski P Ryan Gusto SS Andruw Monasterio,,,
347,5213070522,mcafeend,0,121.1,1B Jake Burger 2B Bryson Stott 3B Ezequiel Duran C J.T. Realmuto OF Kyle Schwarber OF Brandon Marsh OF Justin Crawford P Jacob Misiorowski P Ryan Gusto SS George Lombard Jr.,,,
349,5213046620,sami_peja,0,121.05,1B Alec Burleson 2B JJ Wetherholt 3B Max Muncy C Ivan Herrera OF Jordan Walker OF Henry Bolte OF Nathan Church P Matthew Boyd P J.T. Ginn SS Zach Neto,,,
350,5213278530,fulltyme20,0,121,1B Michael Busch 2B JJ Wetherholt 3B Nick Loftin C Salvador Perez OF Pete Crow-Armstrong OF Michael Conforto OF Starling Marte P Jacob Misiorowski P Grant Holmes SS Dansby Swanson,,,
351,5212927818,mill4085,0,120.85,1B Jake Burger 2B Willi Castro 3B Ezequiel Duran C Elias Diaz OF Jake McCarthy OF Wyatt Langford OF Cole Carrigg P Jacob Misiorowski P Sean Manaea SS Jackson Holliday,,,
351,5213003833,fredm84,0,120.85,1B Kyle Stowers 2B Xavier Edwards 3B Jose Fermin C Ivan Herrera OF Wyatt Langford OF Nathan Church OF Bryan Torres P Jacob Misiorowski P Sean Manaea SS Ezequiel Duran,,,
351,5213305368,samsonite136,0,120.85,1B Alec Burleson 2B JJ Wetherholt 3B Jose Fermin C Jimmy Crooks OF Heriberto Hernandez OF Griffin Conine OF Owen Caissie P Jacob Misiorowski P Kumar Rocker SS Otto Lopez,,,
354,5213284801,Lang2,0,120.7,1B Alec Burleson 2B Xavier Edwards 3B Jose Fermin C Ivan Herrera OF Jackson Chourio OF Jordan Walker OF Bryan Torres P Shane Bieber P Sean Manaea SS Francisco Lindor,,,
355,5212946265,jefferyjames,0,120.45,1B Matt Olson 2B Luis Arraez 3B Ezequiel Duran C William Contreras OF Pete Crow-Armstrong OF Jackson Chourio OF Colton Cowser P Matthew Boyd P Grant Holmes SS Jackson Holliday,,,
356,5212692586,mitchellmorse30,0,120.25,1B Nolan Schanuel 2B Xavier Edwards 3B Denzer Guzman C Agustin Ramirez OF Griffin Conine OF Wade Meckler OF Josh Lowe P Jacob Misiorowski P Jesus Luzardo SS Zach Neto,,,
356,5213118495,bharp13888,0,120.25,1B Nathaniel Lowe 2B Bryson Stott 3B Ryan McMahon C Jimmy Crooks OF Bryce Harper OF Spencer Jones OF Michael Conforto P Jacob Misiorowski P Jesus Luzardo SS Jackson Holliday,,,
358,5213366108,toppdawg1979,0,120.15,1B Bryce Harper 2B Luis Arraez 3B Bryson Stott C Jimmy Crooks OF Kyle Schwarber OF Tyler Soderstrom OF Lawrence Butler P Matthew Boyd P Grayson Rodriguez SS Trea Turner,,,
359,5212949396,Dbojangles,0,120.1,1B Michael Busch 2B Bryson Stott 3B Alex Bregman C Austin Wells OF Pete Crow-Armstrong OF Jac Caglianone OF Starling Marte P Jacob Misiorowski P Ryan Gusto SS Dansby Swanson,,,
359,5213214465,KarrosHair,0,120.1,1B Michael Busch 2B Bryson Stott 3B Alex Bregman C Miguel Amaya OF Pete Crow-Armstrong OF Justin Crawford OF Tyrone Taylor P Jacob Misiorowski P Ryan Gusto SS Trea Turner,,,
359,5213222775,salatso22,0,120.1,1B Michael Busch 2B Nick Sogard 3B Alex Bregman C Miguel Amaya OF Pete Crow-Armstrong OF Michael Conforto OF Eli White P Jacob Misiorowski P Ryan Gusto SS Bobby Witt Jr.,,,
359,5213316396,Chrisas2017,0,120.1,1B Alec Burleson 2B JJ Wetherholt 3B Kyle Karros C Ivan Herrera OF Bryce Harper OF Jake McCarthy OF Steven Kwan P Jesus Luzardo P Kumar Rocker SS Ezequiel Tovar,,,
363,5212397379,Jaggers1,0,119.95,1B Matt Olson 2B Michael Massey 3B Colson Montgomery C Carson Kelly OF Kody Clemens OF Jake McCarthy OF Ian Happ P Matthew Boyd P Patrick Sandoval SS Ezequiel Duran,,,
364,5213038113,Wfrazier,0,119.85,1B Alec Burleson 2B Xavier Edwards 3B Ezequiel Duran C Moises Ballesteros OF Jackson Chourio OF Nathan Church OF Bryan Torres P Jacob Misiorowski P Sean Manaea SS George Lombard Jr.,,,
364,5213276633,ChipSkylark696,0,119.85,1B Alec Burleson 2B Xavier Edwards 3B Jose Fermin C Agustin Ramirez OF Jordan Walker OF Nathan Church OF Bryan Torres P Jacob Misiorowski P Sean Manaea SS Jackson Holliday,,,
366,5213049741,Jrg714,0,119.7,1B Nick Sogard 2B Nico Hoerner 3B Alex Bregman C Miguel Amaya OF Pete Crow-Armstrong OF Wilyer Abreu OF Jarren Duran P Shane Bieber P Sean Manaea SS Dansby Swanson,,,
366,5213174429,dogyballs,0,119.7,1B Bryce Harper 2B Luis Arraez 3B Alec Bohm C Elias Diaz OF Wyatt Langford OF Brandon Nimmo OF Cam Cauley P Jesus Luzardo P Matthew Boyd SS Ezequiel Duran,,,
366,5213177614,kgreen89,0,119.7,1B Jake Burger 2B Justin Foscue 3B Miguel Vargas C Elias Diaz OF Jackson Chourio OF Brandon Nimmo OF Dylan Beavers P Jacob Misiorowski P Grayson Rodriguez SS Jackson Holliday,,,
366,5213268413,jh181630,0,119.7,1B Michael Busch 2B Jazz Chisholm Jr. 3B Ryan McMahon C Austin Wells OF Pete Crow-Armstrong OF Ian Happ OF Tyrone Taylor P Jesus Luzardo P Matthew Boyd SS Dansby Swanson,,,
370,5212862375,curtissifford,0,119.45,1B Nolan Schanuel 2B Chase Meidroth 3B Javier Sanoja C Luke Maile OF A.J. Ewing OF Steven Kwan OF Isaac Collins P Jacob Misiorowski P Cam Schlittler SS Jackson Holliday,,,
370,5212964798,dcousins989,0,119.45,1B Nick Sogard 2B Jackson Holliday 3B Tommy White C Jonah Heim OF Henry Bolte OF Lawrence Butler OF Tyler O'Neill P Jacob Misiorowski P Cam Schlittler SS Gunnar Henderson,,,
370,5213132764,souelle2,0,119.45,1B Jake Burger 2B Ronny Simon 3B Alec Bohm C Jimmy Crooks OF Brandon Nimmo OF Nathan Church OF Justin Crawford P Jacob Misiorowski P Cam Schlittler SS Ezequiel Duran,,,
373,5212603814,hutchs72,0,119.3,1B Luis Garcia Jr. 2B JJ Wetherholt 3B Max Muncy C Jimmy Crooks OF Pete Crow-Armstrong OF Jordan Walker OF Michael Harris II P Matthew Boyd P Sean Manaea SS Masyn Winn,,,
374,5212901761,unkydomfreebands,0,119.1,1B Michael Busch 2B Ronny Simon 3B Nick Loftin C Miguel Amaya OF Pete Crow-Armstrong OF Ian Happ OF Michael Conforto P Jacob Misiorowski P Ryan Gusto SS Bobby Witt Jr.,,,
374,5213193826,HPM81,0,119.1,1B Michael Busch 2B Nick Sogard 3B Alex Bregman C Miguel Amaya OF Wilyer Abreu OF Ian Happ OF Jarren Duran P Jacob Misiorowski P Ryan Gusto SS Dansby Swanson,,,
374,5213298285,rtscarraher,0,119.1,1B Michael Busch 2B Nick Sogard 3B Alex Bregman C Miguel Amaya OF Wilyer Abreu OF Ian Happ OF Jarren Duran P Jacob Misiorowski P Ryan Gusto SS Dansby Swanson,,,
374,5213339154,A1HoosierSales,0,119.1,1B Jac Caglianone 2B Nico Hoerner 3B Kyle Karros C Moises Ballesteros OF Esmerlyn Valdez OF Ian Happ OF Griffin Conine P Jacob Misiorowski P Ryan Gusto SS Bobby Witt Jr.,,,
378,5213268134,LivingTheHighLife,0,119,1B Bryce Harper 2B Nick Sogard 3B Bryson Stott C Jake Rogers OF Kyle Schwarber OF Wilyer Abreu OF Brandon Marsh P Matthew Boyd P Connor Prielipp SS Andruw Monasterio,,,
379,5213102910,cobbyturk,0,118.9,1B Kyle Stowers 2B Xavier Edwards 3B Ezequiel Duran C Jimmy Crooks OF Wyatt Langford OF Brandon Nimmo OF Griffin Conine P Jesus Luzardo P Jared Jones SS Otto Lopez,,,
379,5213187010,jettyray,0,118.9,1B Alec Burleson 2B JJ Wetherholt 3B Nick Loftin C Ivan Herrera OF Jordan Walker OF Nathan Church OF Dylan Beavers P Jesus Luzardo P Jared Jones SS Jackson Holliday,,,
381,5213175189,EnchantedLlama,0,118.85,1B Michael Busch 2B Angel Genao 3B Alex Bregman C Ivan Herrera OF Wyatt Langford OF Ian Happ OF Michael Conforto P Jacob Misiorowski P Kumar Rocker SS Ezequiel Duran,,,
382,5212949403,YukDaDizzel,0,118.45,1B Alec Burleson 2B JJ Wetherholt 3B Ryan McMahon C Ivan Herrera OF Jordan Walker OF Wilyer Abreu OF Mickey Moniak P J.T. Ginn P Sean Manaea SS George Lombard Jr.,,,
382,5213350075,KutchKrewe,0,118.45,1B Matt Olson 2B Ronny Simon 3B Bryson Stott C Austin Wells OF Cole Carrigg OF Jake Mangum OF Wade Meckler P Jacob Misiorowski P Matthew Boyd SS Francisco Lindor,,,
384,5212867834,IKnowIt,0,118.35,1B Willson Contreras 2B Nick Sogard 3B Bryson Stott C Salvador Perez OF Kyle Schwarber OF Wilyer Abreu OF Jarren Duran P Jesus Luzardo P Ryan Gusto SS Andruw Monasterio,,,
384,5213054003,tomasricardos,0,118.35,1B Pete Alonso 2B Jackson Holliday 3B Nick Gonzales C Hunter Goodman OF Bryce Harper OF Esmerlyn Valdez OF Henry Bolte P Cade Povich P Grayson Rodriguez SS Jacob Wilson,,,
384,5213328424,Rol1crazymex,0,118.35,1B Nick Sogard 2B Xavier Edwards 3B Bryson Stott C J.T. Realmuto OF Bryce Harper OF Wilyer Abreu OF Griffin Conine P Jesus Luzardo P Ryan Gusto SS Trea Turner,,,
387,5212901107,harkeychustle,0,118.25,1B Nick Sogard 2B JJ Wetherholt 3B Denzer Guzman C Jake Rogers OF Jake McCarthy OF Steven Kwan OF Nathan Church P Jacob Misiorowski P Jesus Luzardo SS Masyn Winn,,,
387,5213106411,King521,0,118.25,1B Kyle Stowers 2B Xavier Edwards 3B Jose Fermin C Jimmy Crooks OF Jordan Walker OF Griffin Conine OF Owen Caissie P Jacob Misiorowski P Michael McGreevy SS Otto Lopez,,,
387,5213289663,pbecks1313,0,118.25,1B Nick Sogard 2B Anthony Seigler 3B Javier Sanoja C Jake Rogers OF Jackson Chourio OF Wade Meckler OF Owen Caissie P Jacob Misiorowski P Jesus Luzardo SS Andruw Monasterio,,,
390,5212753519,sweetp3t3,0,118.1,1B Michael Busch 2B Nick Sogard 3B Alex Bregman C Miguel Amaya OF Pete Crow-Armstrong OF Ian Happ OF Jarren Duran P Jesus Luzardo P Kumar Rocker SS Andruw Monasterio,,,
390,5212781826,CoachSavDFS,0,118.1,1B Nick Sogard 2B Nico Hoerner 3B Bryson Stott C Miguel Amaya OF Pete Crow-Armstrong OF Ceddanne Rafaela OF Michael Conforto P Jacob Misiorowski P Ryan Gusto SS Dansby Swanson,,,
390,5212884001,butchismyhomie,0,118.1,1B Michael Busch 2B Nick Sogard 3B Alex Bregman C Salvador Perez OF Pete Crow-Armstrong OF Ian Happ OF Brett Bateman P Jacob Misiorowski P Ryan Gusto SS Dansby Swanson,,,
390,5212951111,HornHighYo7275,0,118.1,1B Bryce Harper 2B Nick Sogard 3B Bryson Stott C Jimmy Crooks OF Kyle Schwarber OF Brandon Marsh OF Justin Crawford P Jacob Misiorowski P Ryan Gusto SS Andruw Monasterio,,,
390,5213010388,rsulzener,0,118.1,1B Michael Busch 2B Nick Sogard 3B Alex Bregman C Salvador Perez OF Pete Crow-Armstrong OF Ian Happ OF Brett Bateman P Jacob Misiorowski P Ryan Gusto SS Dansby Swanson,,,
390,5213015309,lurch123,0,118.1,1B Michael Busch 2B Nick Sogard 3B Alex Bregman C Salvador Perez OF Pete Crow-Armstrong OF Ian Happ OF Brett Bateman P Jacob Misiorowski P Ryan Gusto SS Dansby Swanson,,,
390,5213117347,ktownemt,0,118.1,1B Alec Burleson 2B JJ Wetherholt 3B Nick Loftin C Jimmy Crooks OF Jordan Walker OF Jarren Duran OF Heliot Ramos P Jesus Luzardo P Sean Manaea SS Andruw Monasterio,,,
390,5213148439,cashmoney1977,0,118.1,1B Michael Busch 2B Ronny Simon 3B Alex Bregman C Salvador Perez OF Pete Crow-Armstrong OF Trent Grisham OF Michael Conforto P Jacob Misiorowski P Ryan Gusto SS Dansby Swanson,,,
390,5213150442,csurunnerccr,0,118.1,1B Michael Busch 2B Anthony Seigler 3B Alex Bregman C Jake Rogers OF Pete Crow-Armstrong OF Ian Happ OF Michael Conforto P Jacob Misiorowski P Ryan Gusto SS Andruw Monasterio,,,
390,5213307628,Troha77,0,118.1,1B Michael Busch 2B Nick Sogard 3B Alex Bregman C Salvador Perez OF Pete Crow-Armstrong OF Ian Happ OF Brett Bateman P Jacob Misiorowski P Ryan Gusto SS Dansby Swanson,,,
390,5213335481,efortee,0,118.1,1B Michael Busch 2B Nick Sogard 3B Alex Bregman C Salvador Perez OF Pete Crow-Armstrong OF Ian Happ OF Brett Bateman P Jacob Misiorowski P Ryan Gusto SS Dansby Swanson,,,
390,5213364082,StevieFlo21,0,118.1,1B Michael Busch 2B Nick Sogard 3B Alex Bregman C Salvador Perez OF Pete Crow-Armstrong OF Ian Happ OF Brett Bateman P Jacob Misiorowski P Ryan Gusto SS Dansby Swanson,,,
402,5212904986,rrod133,0,118,1B Michael Busch 2B Jonathan Ornelas 3B Alex Bregman C Miguel Amaya OF Pete Crow-Armstrong OF Tyler Soderstrom OF Lawrence Butler P Jacob Misiorowski P Grant Holmes SS Dansby Swanson,,,
403,5212982379,Spicegren,0,117.95,1B Jake Bauers 2B Angel Genao 3B David Hamilton C William Contreras OF Sam Antonacci OF Trent Grisham OF Griffin Conine P Jacob Misiorowski P Joey Cantillo SS George Lombard Jr.,,,
404,5213048631,Geisfour,0,117.9,1B Alec Burleson 2B Bryson Stott 3B Alex Bregman C Jimmy Crooks OF Kyle Schwarber OF Jac Caglianone OF Carson Benge P Jared Jones P Michael McGreevy SS Francisco Lindor,,,
405,5212834279,krav4747,0,117.85,1B Andrew Vaughn 2B Willi Castro 3B Ezequiel Duran C Elias Diaz OF Wilyer Abreu OF Jake Bauers OF Brandon Nimmo P Jacob Misiorowski P Sean Manaea SS George Lombard Jr.,,,
405,5212877303,justutah,0,117.85,1B Jared Young 2B Xavier Edwards 3B Jose Fermin C Agustin Ramirez OF Jackson Chourio OF Wyatt Langford OF Bryan Torres P Jacob Misiorowski P Sean Manaea SS Ezequiel Duran,,,
405,5213114561,nedjoika44,0,117.85,1B Bryce Harper 2B Ronny Simon 3B Alec Bohm C Jake Rogers OF Kyle Schwarber OF Justin Crawford OF Eli White P Jacob Misiorowski P Kumar Rocker SS Trea Turner,,,
408,5212870151,vinpetrod,0,117.65,1B Nolan Schanuel 2B Donovan Walton 3B Kyle Karros C Joe Mack OF Pete Crow-Armstrong OF Kyle Schwarber OF Jordan Walker P Jacob Misiorowski P Michael Lorenzen SS Mauricio Dubon,,,
409,5212971643,AdamShulman,0,117.25,1B Alec Burleson 2B Jackson Holliday 3B Ryan McMahon C Jimmy Crooks OF Ceddanne Rafaela OF Nathan Church OF Bryan Torres P Jacob Misiorowski P Jesus Luzardo SS Masyn Winn,,,
409,5213134618,belak01,0,117.25,1B Salvador Perez 2B Michael Massey 3B Max Muncy C Jonah Heim OF Jac Caglianone OF Henry Bolte OF Starling Marte P Jacob Misiorowski P Jesus Luzardo SS Jacob Wilson,,,
409,5213251865,williebhollywood,0,117.25,1B Nick Sogard 2B Adam Frazier 3B Alex Bregman C Miguel Amaya OF Pete Crow-Armstrong OF Ian Happ OF Michael Harris II P Jacob Misiorowski P Michael McGreevy SS Dansby Swanson,,,
409,5213275459,ptity4real,0,117.25,1B TJ Rumfield 2B Luis Arraez 3B Bryson Stott C Jimmy Crooks OF Ian Happ OF Ronny Simon OF Brett Bateman P Jacob Misiorowski P Jesus Luzardo SS Ezequiel Duran,,,
409,5213295922,tjh3390,0,117.25,1B Munetaka Murakami 2B Ronny Simon 3B Colson Montgomery C Austin Wells OF Jake Mangum OF Henry Bolte OF Lawrence Butler P Jacob Misiorowski P Jesus Luzardo SS George Lombard Jr.,,,
409,5213298105,BleedORANGE,0,117.25,1B Andrew Vaughn 2B Nick Sogard 3B Ryan McMahon C Jimmy Crooks OF Jake McCarthy OF Wyatt Langford OF Ian Happ P Jacob Misiorowski P Jesus Luzardo SS Jackson Holliday,,,
409,5213352395,T2012,0,117.25,1B Michael Busch 2B Angel Genao 3B Ryan McMahon C Austin Wells OF Pete Crow-Armstrong OF Ian Happ OF Ronny Simon P Jacob Misiorowski P Jesus Luzardo SS George Lombard Jr.,,,
409,5213375240,rustyunicorn,0,117.25,1B Michael Busch 2B JJ Wetherholt 3B Denzer Guzman C Edgar Quero OF Pete Crow-Armstrong OF Ian Happ OF Michael Conforto P Jacob Misiorowski P Michael McGreevy SS Andruw Monasterio,,,
417,5213340823,mayostax305,0,117.2,1B Luis Garcia Jr. 2B JJ Wetherholt 3B Alex Bregman C Miguel Amaya OF Jordan Walker OF Michael Conforto OF Tyrone Taylor P Jesus Luzardo P Davis Martin SS Zach Neto,,,
418,5212755772,Thegoldcobra,0,117.1,1B Michael Busch 2B Angel Genao 3B Jose Ramirez C Patrick Bailey OF Pete Crow-Armstrong OF Ian Happ OF Steven Kwan P Jacob Misiorowski P Ryan Gusto SS Brayan Rocchio,,,
418,5212861443,Daphny15,0,117.1,1B Michael Busch 2B Nick Sogard 3B Alex Bregman C Ivan Herrera OF Pete Crow-Armstrong OF Ian Happ OF Ronny Simon P Jacob Misiorowski P Ryan Gusto SS George Lombard Jr.,,,
418,5213257567,Ruhockey12,0,117.1,1B Willson Contreras 2B Anthony Seigler 3B Bryson Stott C J.T. Realmuto OF Wilyer Abreu OF Ceddanne Rafaela OF Jake McCarthy P Jesus Luzardo P Sean Manaea SS George Lombard Jr.,,,
418,5213310962,JTFarley,0,117.1,1B Michael Busch 2B Nick Sogard 3B Alex Bregman C Miguel Amaya OF Pete Crow-Armstrong OF Jarren Duran OF Brenton Doyle P Jacob Misiorowski P Ryan Gusto SS Dansby Swanson,,,
422,5212849215,samsdog,0,116.95,1B Bryce Harper 2B Ronny Simon 3B Ryan McMahon C Jimmy Crooks OF Kyle Schwarber OF Jordan Walker OF Esmerlyn Valdez P Jesus Luzardo P Brayan Bello SS Corey Seager,,,
423,5213051324,crackbabies,0,116.85,1B Alec Burleson 2B Xavier Edwards 3B Kyle Karros C Ivan Herrera OF Ceddanne Rafaela OF Steven Kwan OF Nathan Church P Jacob Misiorowski P Sean Manaea SS George Lombard Jr.,,,
423,5213096517,prescio0912,0,116.85,1B Alec Burleson 2B Luis Arraez 3B Bryson Stott C Edgar Quero OF Kyle Schwarber OF Bryce Harper OF Wilyer Abreu P Kumar Rocker P Grant Holmes SS Trea Turner,,,
425,5213006947,giantsquid,0,116.7,1B Michael Busch 2B Adam Frazier 3B Alex Bregman C Salvador Perez OF Pete Crow-Armstrong OF Ian Happ OF Josh Lowe P Jacob Misiorowski P Grayson Rodriguez SS Dansby Swanson,,,
425,5213227397,Paulyforfun,0,116.7,1B Jac Caglianone 2B Nick Sogard 3B Nick Loftin C Edgar Quero OF Esmerlyn Valdez OF Ian Happ OF Michael Conforto P Cam Schlittler P Jesus Luzardo SS Dansby Swanson,,,
427,5213159886,daddyaz13,0,116.549995,1B Willson Contreras 2B JJ Wetherholt 3B Colson Montgomery C Ivan Herrera OF Wilyer Abreu OF Ceddanne Rafaela OF Jarren Duran P Sean Manaea P Brayan Bello SS Andruw Monasterio,,,
428,5213132252,ghester69,0,116.45,1B Alec Burleson 2B Xavier Edwards 3B Ryan McMahon C Jimmy Crooks OF Griffin Conine OF Spencer Jones OF Josh Lowe P Jacob Misiorowski P Cam Schlittler SS George Lombard Jr.,,,
429,5213314361,deelutt20,0,116.3,1B Josh Bell 2B Ernie Clement 3B Willi Castro C Victor Caratini OF Bryce Harper OF Wilyer Abreu OF Ceddanne Rafaela P Cam Schlittler P Sean Manaea SS Ezequiel Tovar,,,
430,5212914704,ra8erfan111,0,116.25,1B Nick Sogard 2B Anthony Seigler 3B Alex Bregman C Miguel Amaya OF Jarren Duran OF Michael Conforto OF Tyrone Taylor P Jacob Misiorowski P Jesus Luzardo SS Dansby Swanson,,,
430,5212968304,JRIDGE,0,116.25,1B Jake Burger 2B Angel Genao 3B Jose Fermin C Ivan Herrera OF Cole Carrigg OF Jakob Marsee OF Spencer Jones P Jacob Misiorowski P Jesus Luzardo SS Jackson Holliday,,,
430,5213004154,WaitTilNextYear,0,116.25,1B Alec Burleson 2B JJ Wetherholt 3B Tommy White C Jimmy Crooks OF Steven Kwan OF Nathan Church OF Bryan Torres P Jacob Misiorowski P Jesus Luzardo SS George Lombard Jr.,,,
430,5213044888,cdubbs4564,0,116.25,1B Michael Busch 2B Nick Sogard 3B Nick Loftin C Edgar Quero OF Wyatt Langford OF Ian Happ OF Ronny Simon P Jacob Misiorowski P Jesus Luzardo SS Ezequiel Duran,,,
430,5213365756,fritzter,0,116.25,1B Andrew Vaughn 2B Angel Genao 3B Kyle Karros C Salvador Perez OF Bryce Harper OF Braden Montgomery OF Griffin Conine P Jacob Misiorowski P Jesus Luzardo SS George Lombard Jr.,,,
435,5212778427,nickenyon6,0,116.1,1B Michael Busch 2B Nick Sogard 3B Alex Bregman C Salvador Perez OF Ian Happ OF Trent Grisham OF Tyrone Taylor P Jacob Misiorowski P Ryan Gusto SS Bobby Witt Jr.,,,
435,5212808592,BJS509021,0,116.1,1B Michael Busch 2B Nick Sogard 3B Alex Bregman C Salvador Perez OF Ian Happ OF Trent Grisham OF Tyrone Taylor P Jacob Misiorowski P Ryan Gusto SS Bobby Witt Jr.,,,
435,5212896515,chrissair,0,116.1,1B Michael Busch 2B Nick Sogard 3B Alex Bregman C Salvador Perez OF Ian Happ OF Trent Grisham OF Tyrone Taylor P Jacob Misiorowski P Ryan Gusto SS Bobby Witt Jr.,,,
435,5212977795,xXxPLOSIVE,0,116.1,1B Michael Busch 2B Nick Sogard 3B Alex Bregman C Salvador Perez OF Ian Happ OF Trent Grisham OF Tyrone Taylor P Jacob Misiorowski P Ryan Gusto SS Bobby Witt Jr.,,,
435,5212998550,medicine,0,116.1,1B Michael Busch 2B Nick Sogard 3B Alex Bregman C Salvador Perez OF Ian Happ OF Trent Grisham OF Tyrone Taylor P Jacob Misiorowski P Ryan Gusto SS Bobby Witt Jr.,,,
435,5213074609,rwdw0822,0,116.1,1B Nick Sogard 2B Anthony Seigler 3B Alex Bregman C Miguel Amaya OF Pete Crow-Armstrong OF Ian Happ OF Jarren Duran P Jacob Misiorowski P Ryan Gusto SS Dansby Swanson,,,
435,5213203860,mwr2001,0,116.1,1B Michael Busch 2B Nick Sogard 3B Alex Bregman C Salvador Perez OF Ian Happ OF Trent Grisham OF Tyrone Taylor P Jacob Misiorowski P Ryan Gusto SS Bobby Witt Jr.,,,
435,5213244984,fritzruby1,0,116.1,1B Michael Busch 2B Nick Sogard 3B Nick Loftin C Ivan Herrera OF Pete Crow-Armstrong OF Ian Happ OF Michael Conforto P Jacob Misiorowski P Ryan Gusto SS Dansby Swanson,,,
435,5213340382,kdsdawg,0,116.1,1B Alec Burleson 2B Luis Arraez 3B Tommy White C Ivan Herrera OF Mickey Moniak OF Jake McCarthy OF Griffin Conine P Jacob Misiorowski P Ryan Gusto SS George Lombard Jr.,,,
435,5213348390,kettyskrazies,0,116.1,1B Luis Garcia Jr. 2B Jazz Chisholm Jr. 3B Coby Mayo C William Contreras OF Jackson Chourio OF Cole Carrigg OF Spencer Jones P Jesus Luzardo P Sean Manaea SS George Lombard Jr.,,,
435,5213348476,rwuelfing,0,116.1,1B Michael Busch 2B Nick Sogard 3B Alex Bregman C Salvador Perez OF Ian Happ OF Trent Grisham OF Tyrone Taylor P Jacob Misiorowski P Ryan Gusto SS Bobby Witt Jr.,,,
435,5213361672,rajonrondough,0,116.1,1B Michael Busch 2B Nick Sogard 3B Nick Loftin C Ivan Herrera OF Pete Crow-Armstrong OF Ian Happ OF Michael Conforto P Jacob Misiorowski P Ryan Gusto SS Dansby Swanson,,,
447,5212902829,cjm419,0,115.95,1B Salvador Perez 2B Nico Hoerner 3B Jose Ramirez C Luke Maile OF Steven Kwan OF Colton Cowser OF Starling Marte P Jacob Misiorowski P Joey Cantillo SS Bobby Witt Jr.,,,
448,5212938761,underdogz2K15,0,115.85,1B Michael Busch 2B Nico Hoerner 3B Bryson Stott C Gary Sanchez OF Ian Happ OF Jarren Duran OF Ronny Simon P Jacob Misiorowski P Kumar Rocker SS Dansby Swanson,,,
448,5212989985,willpyne,0,115.85,1B Alec Burleson 2B JJ Wetherholt 3B Nick Loftin C Jimmy Crooks OF Bryce Harper OF Griffin Conine OF Wade Meckler P Jacob Misiorowski P Kumar Rocker SS Tyler Tolbert,,,
448,5213126516,BCool13,0,115.85,1B Michael Busch 2B Nico Hoerner 3B Alex Bregman C Jake Rogers OF Wilyer Abreu OF Ian Happ OF Michael Conforto P Jacob Misiorowski P Kumar Rocker SS Tyler Tolbert,,,
451,5213149401,wwestry,0,115.8,1B Bryce Harper 2B Luis Arraez 3B Jose Fermin C J.T. Realmuto OF Kyle Schwarber OF Nathan Church OF Bryan Torres P Joey Cantillo P Sean Manaea SS Trea Turner,,,
452,5212884693,theicon3,0,115.7,1B Alec Burleson 2B JJ Wetherholt 3B Ezequiel Duran C Ivan Herrera OF Jordan Walker OF Ronny Simon OF Brett Bateman P Jacob Misiorowski P Grayson Rodriguez SS George Lombard Jr.,,,
452,5213040282,PUCKSINC,0,115.7,1B Jake Burger 2B Jazz Chisholm Jr. 3B Alex Bregman C Brett Sullivan OF Tyler Soderstrom OF Trent Grisham OF Jarren Duran P Jacob Misiorowski P Grayson Rodriguez SS Andruw Monasterio,,,
454,5213356499,PluckB07,0,115.55,1B Kyle Stowers 2B Luis Arraez 3B Bryson Stott C J.T. Realmuto OF Bryce Harper OF Esmerlyn Valdez OF Griffin Conine P Jacob Misiorowski P Erik Miller SS Tyler Tolbert,,,
455,5212924282,floydtay,0,115.45,1B Jake Burger 2B Jackson Holliday 3B Coby Mayo C Salvador Perez OF Heriberto Hernandez OF Braden Montgomery OF Randal Grichuk P Jacob Misiorowski P Cam Schlittler SS George Lombard Jr.,,,
456,5213326818,brad221965,0,115.3,1B Michael Busch 2B Ronny Simon 3B Bryson Stott C Miguel Amaya OF Pete Crow-Armstrong OF Brandon Marsh OF Michael Conforto P Cam Schlittler P Kumar Rocker SS Trea Turner,,,
457,5212715110,mgm1342,0,115.25,1B TJ Rumfield 2B Nick Sogard 3B Kyle Karros C Brett Sullivan OF Jake McCarthy OF Cole Carrigg OF Wade Meckler P Jacob Misiorowski P Jesus Luzardo SS Masyn Winn,,,
457,5213268510,Kpw87,0,115.25,1B Jake Burger 2B Jackson Holliday 3B Ezequiel Duran C Salvador Perez OF Wyatt Langford OF Steven Kwan OF Henry Bolte P Jacob Misiorowski P Jesus Luzardo SS Ezequiel Tovar,,,
457,5213363823,fcossentino,0,115.25,1B Nolan Schanuel 2B Ronny Simon 3B Nick Loftin C Jimmy Crooks OF Bryce Harper OF Steven Kwan OF Brenton Doyle P Jacob Misiorowski P Jesus Luzardo SS Ezequiel Duran,,,
460,5213166950,astockstill,0,115.1,1B TJ Rumfield 2B JJ Wetherholt 3B Alex Bregman C Brett Sullivan OF Wilyer Abreu OF Jake McCarthy OF Wyatt Langford P Jesus Luzardo P Kumar Rocker SS Ezequiel Duran,,,
461,5212373196,cvillered,0,115,1B Kyle Stowers 2B Xavier Edwards 3B Jose Fermin C Ivan Herrera OF Jackson Chourio OF Nathan Church OF Bryan Torres P Jacob Misiorowski P Grant Holmes SS Masyn Winn,,,
461,5212955720,krism1956,0,115,1B Matt Olson 2B Luis Arraez 3B Bo Bichette C Miguel Amaya OF Ceddanne Rafaela OF Michael Harris II OF Tyrone Taylor P Jacob Misiorowski P Grant Holmes SS Andruw Monasterio,,,
463,5213015008,MostRickyTick,0,114.85,1B Alec Burleson 2B Bryson Stott 3B Jose Fermin C Agustin Ramirez OF Brandon Marsh OF Nathan Church OF Justin Crawford P Jacob Misiorowski P Sean Manaea SS Trea Turner,,,
463,5213045638,nofearkyleshere,0,114.85,1B Michael Busch 2B Nick Sogard 3B Alex Bregman C Miguel Amaya OF Wilyer Abreu OF Ian Happ OF Wade Meckler P Jacob Misiorowski P Kumar Rocker SS Dansby Swanson,,,
463,5213090045,Magic02506,0,114.85,1B Michael Busch 2B Anthony Seigler 3B Alex Bregman C Salvador Perez OF Wilyer Abreu OF Griffin Conine OF Michael Conforto P Jacob Misiorowski P Kumar Rocker SS Dansby Swanson,,,
463,5213312598,45stoirtap,0,114.85,1B Kazuma Okamoto 2B Anthony Seigler 3B Bryson Stott C Miguel Amaya OF Ceddanne Rafaela OF Jarren Duran OF Brandon Marsh P Jacob Misiorowski P Sean Manaea SS Andruw Monasterio,,,
467,5212938254,manz77,0,114.7,1B TJ Rumfield 2B Bryson Stott 3B Kyle Karros C Francisco Alvarez OF Jake McCarthy OF Cole Carrigg OF Carson Benge P Jacob Misiorowski P Grayson Rodriguez SS Francisco Lindor,,,
467,5212986982,chelseaturlock,0,114.7,1B Nolan Schanuel 2B Luis Arraez 3B Bryson Stott C Agustin Ramirez OF Bryce Harper OF Jake McCarthy OF Jakob Marsee P Jesus Luzardo P Matthew Boyd SS George Lombard Jr.,,,
467,5213175484,Dotzism,0,114.7,1B Alec Burleson 2B JJ Wetherholt 3B Ezequiel Duran C Ivan Herrera OF Jordan Walker OF Ronny Simon OF Brett Bateman P Jacob Misiorowski P Brayan Bello SS George Lombard Jr.,,,
467,5213303756,LunaticMonkey77,0,114.7,1B Tommy White 2B Jonathan Ornelas 3B Max Muncy C William Contreras OF Kyle Schwarber OF Bryce Harper OF Henry Bolte P Jacob Misiorowski P Grayson Rodriguez SS Jacob Wilson,,,
467,5213317074,beek10,0,114.7,1B Andrew Vaughn 2B Jazz Chisholm Jr. 3B Ryan McMahon C Austin Wells OF Kyle Schwarber OF Jackson Chourio OF Wyatt Langford P Jacob Misiorowski P Grayson Rodriguez SS George Lombard Jr.,,,
472,5212651839,swazbag,0,114.25,1B Nick Sogard 2B Ronny Simon 3B Nick Loftin C Ivan Herrera OF Trent Grisham OF Jake Mangum OF Braden Montgomery P Jacob Misiorowski P Jesus Luzardo SS George Lombard Jr.,,,
472,5212966499,JLArmstrong,0,114.25,1B Ben Rice 2B Brett Baty 3B Javier Sanoja C Agustin Ramirez OF Griffin Conine OF Jakob Marsee OF Ronny Simon P Jacob Misiorowski P Jesus Luzardo SS George Lombard Jr.,,,
472,5213085911,brownbank247,0,114.25,1B Michael Busch 2B Nick Sogard 3B Alex Bregman C Jimmy Crooks OF Michael Conforto OF Wade Meckler OF Tyrone Taylor P Jacob Misiorowski P Jesus Luzardo SS Dansby Swanson,,,
472,5213173960,Bgoebert,0,114.25,1B Salvador Perez 2B Nick Sogard 3B Nick Loftin C Jimmy Crooks OF Ian Happ OF Michael Conforto OF Starling Marte P Jacob Misiorowski P Jesus Luzardo SS Bobby Witt Jr.,,,
472,5213261471,Bigzyw,0,114.25,1B Nick Sogard 2B Angel Genao 3B Willi Castro C Jimmy Crooks OF Pete Crow-Armstrong OF Griffin Conine OF Ronny Simon P Jacob Misiorowski P Jesus Luzardo SS George Lombard Jr.,,,
472,5213274180,nrd53920,0,114.25,1B Michael Busch 2B Angel Genao 3B Leo Jimenez C Jimmy Crooks OF Pete Crow-Armstrong OF Jordan Walker OF Ian Happ P Jacob Misiorowski P Michael McGreevy SS Jackson Holliday,,,
472,5213333798,ZRytlewski,0,114.25,1B Alec Burleson 2B JJ Wetherholt 3B Denzer Guzman C Ivan Herrera OF Mickey Moniak OF Owen Caissie OF Brandon Lockridge P Jacob Misiorowski P Michael McGreevy SS Masyn Winn,,,
479,5212679986,Rey12263,0,114.1,1B Alec Burleson 2B JJ Wetherholt 3B Alex Bregman C Jimmy Crooks OF Wilyer Abreu OF Spencer Jones OF Nathan Church P Jacob Misiorowski P Ryan Gusto SS Masyn Winn,,,
479,5212820118,from_Fresno,0,114.1,1B Alec Burleson 2B JJ Wetherholt 3B Ryan McMahon C Jimmy Crooks OF Jordan Walker OF Trent Grisham OF Heliot Ramos P Jacob Misiorowski P Ryan Gusto SS Masyn Winn,,,
479,5212992358,JBTribeTime,0,114.1,1B Luis Garcia Jr. 2B Nick Sogard 3B Nick Loftin C Jimmy Crooks OF Pete Crow-Armstrong OF Wilyer Abreu OF Jake McCarthy P Jesus Luzardo P Sean Manaea SS Jackson Holliday,,,
479,5213173486,Bogey87,0,114.1,1B Michael Busch 2B Nick Sogard 3B Bryson Stott C Austin Wells OF Pete Crow-Armstrong OF Wilyer Abreu OF Griffin Conine P Jesus Luzardo P Kumar Rocker SS Trea Turner,,,
479,5213231306,PrimeTime420,0,114.1,1B TJ Rumfield 2B Anthony Seigler 3B Kyle Karros C Hunter Goodman OF Mickey Moniak OF Jake McCarthy OF Ian Happ P Jacob Misiorowski P Ryan Gusto SS Jackson Holliday,,,
479,5213329340,Ruthlzz2004,0,114.1,1B Willson Contreras 2B Nick Sogard 3B Alex Bregman C Jake Rogers OF Pete Crow-Armstrong OF Ian Happ OF Eli White P Jacob Misiorowski P Ryan Gusto SS Dansby Swanson,,,
479,5213330246,kong08,0,114.1,1B Willson Contreras 2B Nick Sogard 3B Alex Bregman C Jake Rogers OF Pete Crow-Armstrong OF Ian Happ OF Eli White P Jacob Misiorowski P Ryan Gusto SS Dansby Swanson,,,
486,5213171743,Wiscoman67,0,114,1B Kyle Stowers 2B Jazz Chisholm Jr. 3B Nick Gonzales C Salvador Perez OF Griffin Conine OF Luis Lara OF Jakob Marsee P Jacob Misiorowski P Grant Holmes SS Otto Lopez,,,
487,5213349142,BayRaider24,0,113.95,1B Jac Caglianone 2B Xavier Edwards 3B Ezequiel Duran C Austin Wells OF Jackson Chourio OF Esmerlyn Valdez OF Ian Happ P Jesus Luzardo P Brayan Bello SS Otto Lopez,,,
488,5212875352,harrisevan114,0,113.85,1B Michael Busch 2B Ronny Simon 3B Alex Bregman C Jimmy Crooks OF Pete Crow-Armstrong OF Ian Happ OF Michael Conforto P Jacob Misiorowski P Kumar Rocker SS Masyn Winn,,,
488,5212979046,PokerChump,0,113.85,1B Michael Busch 2B Ronny Simon 3B Alex Bregman C Jimmy Crooks OF Pete Crow-Armstrong OF Ian Happ OF Michael Conforto P Jacob Misiorowski P Kumar Rocker SS Masyn Winn,,,
488,5213055356,JasonLazaros,0,113.85,1B Michael Busch 2B Ronny Simon 3B Alex Bregman C Jimmy Crooks OF Pete Crow-Armstrong OF Ian Happ OF Michael Conforto P Jacob Misiorowski P Kumar Rocker SS Masyn Winn,,,
488,5213219419,bobhonsey,0,113.85,1B Alec Burleson 2B Xavier Edwards 3B Jose Fermin C Moises Ballesteros OF Wyatt Langford OF Nathan Church OF Bryan Torres P Jacob Misiorowski P Sean Manaea SS Gunnar Henderson,,,
492,5213053627,Taylormade2003,0,113.7,1B Michael Busch 2B Anthony Seigler 3B Bryson Stott C Miguel Amaya OF Pete Crow-Armstrong OF Jarren Duran OF Nathan Church P Jacob Misiorowski P Grayson Rodriguez SS Andruw Monasterio,,,
492,5213091777,styval,0,113.7,1B Michael Busch 2B Jazz Chisholm Jr. 3B Ryan McMahon C Austin Wells OF Pete Crow-Armstrong OF Ian Happ OF Michael Conforto P Jacob Misiorowski P Grayson Rodriguez SS Dansby Swanson,,,
492,5213308083,rmartins2323,0,113.7,1B Kyle Stowers 2B JJ Wetherholt 3B Kyle Karros C Jimmy Crooks OF Wyatt Langford OF Carson Benge OF Steven Kwan P Jacob Misiorowski P Brayan Bello SS Gunnar Henderson,,,
495,5212775441,meekfill,0,113.45,1B Nick Sogard 2B Anthony Seigler 3B Alex Bregman C Jimmy Crooks OF Henry Bolte OF Michael Conforto OF Tyrone Taylor P Jacob Misiorowski P Cam Schlittler SS Masyn Winn,,,
495,5213234037,fetz23,0,113.45,1B Nolan Schanuel 2B Jackson Holliday 3B Jared Triolo C Jimmy Crooks OF Pete Crow-Armstrong OF Wyatt Langford OF Ian Happ P Jacob Misiorowski P Matthew Boyd SS Ezequiel Tovar,,,
497,5213105974,Dhertz,0,113.4,1B Vladimir Guerrero Jr. 2B Ozzie Albies 3B Bryson Stott C Gary Sanchez OF Jackson Chourio OF Jarren Duran OF Steven Kwan P Cam Schlittler P Davis Martin SS Jackson Holliday,,,
497,5213335529,1914Joshcam03,0,113.4,1B Michael Busch 2B JJ Wetherholt 3B Alex Bregman C Ivan Herrera OF Pete Crow-Armstrong OF Jordan Walker OF Nathan Church P Shane Bieber P Connor Prielipp SS Ezequiel Tovar,,,
499,5212966909,MrCheezerton,0,113.25,1B Nolan Schanuel 2B Luis Arraez 3B Kazuma Okamoto C Salvador Perez OF Wyatt Langford OF Michael Harris II OF Griffin Conine P Jacob Misiorowski P Michael McGreevy SS Gunnar Henderson,,,
499,5213159284,kevinmar,0,113.25,1B Nathaniel Lowe 2B Angel Genao 3B Jose Ramirez C Jonah Heim OF Chase DeLauter OF Steven Kwan OF Starling Marte P Jacob Misiorowski P Jesus Luzardo SS George Lombard Jr.,,,
499,5213367023,Mel6Grand,0,113.25,1B Nathaniel Lowe 2B Ronny Simon 3B Miguel Vargas C Salvador Perez OF Trent Grisham OF Steven Kwan OF Henry Bolte P Jacob Misiorowski P Jesus Luzardo SS George Lombard Jr.,,,
502,5213251327,Vikingsfinest,0,113.2,1B Bryce Harper 2B Bryson Stott 3B Nick Loftin C William Contreras OF Kyle Schwarber OF Jackson Chourio OF Wyatt Langford P Davis Martin P Michael McGreevy SS Ezequiel Duran,,,
503,5212776754,SkyU27,0,113.1,1B Michael Busch 2B Nick Sogard 3B Alex Bregman C Jake Rogers OF Pete Crow-Armstrong OF Ian Happ OF Michael Conforto P Jacob Misiorowski P Ryan Gusto SS Andruw Monasterio,,,
503,5212823389,rizzogizmo,0,113.1,1B Kyle Stowers 2B Xavier Edwards 3B Ezequiel Duran C Ivan Herrera OF Wyatt Langford OF Heriberto Hernandez OF Brandon Nimmo P Jesus Luzardo P Kumar Rocker SS Otto Lopez,,,
503,5213044727,NYGFan56,0,113.1,1B Michael Busch 2B Nick Sogard 3B Alex Bregman C Jake Rogers OF Pete Crow-Armstrong OF Ian Happ OF Michael Conforto P Jacob Misiorowski P Ryan Gusto SS Andruw Monasterio,,,
503,5213047067,Adols9,0,113.1,1B Alec Burleson 2B JJ Wetherholt 3B Ryan McMahon C Ivan Herrera OF Pete Crow-Armstrong OF Jarren Duran OF Eli White P Jacob Misiorowski P Ryan Gusto SS George Lombard Jr.,,,
503,5213104855,Dhadron,0,113.1,1B Michael Busch 2B Ronny Simon 3B Alex Bregman C Jimmy Crooks OF Pete Crow-Armstrong OF Ian Happ OF Michael Conforto P Jacob Misiorowski P Ryan Gusto SS Trea Turner,,,
503,5213160123,chooch7072,0,113.1,1B Alec Burleson 2B JJ Wetherholt 3B Nick Gonzales C Jimmy Crooks OF Jordan Walker OF Jake Mangum OF Ronny Simon P Jacob Misiorowski P Ryan Gusto SS Masyn Winn,,,
503,5213342872,slammer60,0,113.1,1B Alec Burleson 2B Luis Arraez 3B Alex Bregman C Patrick Bailey OF Pete Crow-Armstrong OF Michael Conforto OF Bryan Torres P Jesus Luzardo P Shane Bieber SS Masyn Winn,,,
503,5213352357,orf499,0,113.1,1B Michael Busch 2B Ronny Simon 3B Alex Bregman C Ivan Herrera OF Pete Crow-Armstrong OF Jake McCarthy OF Michael Conforto P Jacob Misiorowski P Ryan Gusto SS George Lombard Jr.,,,
511,5213347979,tokkien,0,113,1B Royce Lewis 2B Kody Clemens 3B Brooks Lee C Salvador Perez OF Wilyer Abreu OF Luke Keaschall OF Brenton Doyle P Cam Schlittler P Connor Prielipp SS Andruw Monasterio,,,
512,5213358814,masteryoshi13,0,112.9,1B Vladimir Guerrero Jr. 2B Jazz Chisholm Jr. 3B Kazuma Okamoto C Alejandro Kirk OF Kyle Schwarber OF Bryce Harper OF Jackson Chourio P Michael McGreevy P Michael Lorenzen SS Trea Turner,,,
513,5213052100,Tterbler,0,112.5,1B Munetaka Murakami 2B Nico Hoerner 3B David Hamilton C Salvador Perez OF Pete Crow-Armstrong OF Esmerlyn Valdez OF Kahlil Watson P Jesus Luzardo P Michael McGreevy SS Colson Montgomery,,,
514,5212820667,edgelesscart,0,112.45,1B Vladimir Guerrero Jr. 2B Adam Frazier 3B Ernie Clement C Alejandro Kirk OF Wade Meckler OF Myles Straw OF Brett Bateman P Jacob Misiorowski P Cam Schlittler SS Zach Neto,,,
515,5213268852,fpaullywod,0,112.4,1B Jake Burger 2B Xavier Edwards 3B Ezequiel Duran C Jonah Heim OF Jackson Chourio OF Tyler Soderstrom OF Henry Bolte P Jesus Luzardo P Randy Dobnak SS Gunnar Henderson,,,
516,5213283176,bfeinber42,0,112.35,1B Nathaniel Lowe 2B Xavier Edwards 3B Bryson Stott C Ivan Herrera OF Jackson Chourio OF Jordan Walker OF Wilyer Abreu P Jesus Luzardo P Ryan Gusto SS George Lombard Jr.,,,
517,5213044619,justinmoser2,0,112.25,1B Nolan Schanuel 2B Angel Genao 3B Bryson Stott C Moises Ballesteros OF Chase DeLauter OF Jarren Duran OF Nathan Church P Jacob Misiorowski P Jesus Luzardo SS Ezequiel Duran,,,
517,5213191487,BakerTime13,0,112.25,1B Andrew Vaughn 2B Nick Sogard 3B Ezequiel Duran C Austin Wells OF Ian Happ OF Trent Grisham OF Michael Harris II P Jacob Misiorowski P Jesus Luzardo SS George Lombard Jr.,,,
517,5213367191,MeanMachine590,0,112.25,1B Nathaniel Lowe 2B Jackson Holliday 3B Kyle Karros C Ivan Herrera OF Cole Carrigg OF Braden Montgomery OF Steven Kwan P Jacob Misiorowski P Jesus Luzardo SS George Lombard Jr.,,,
520,5212781143,coopsamuels,0,112.1,1B Michael Busch 2B Nick Sogard 3B Alex Bregman C J.T. Realmuto OF Pete Crow-Armstrong OF Ian Happ OF Michael Conforto P Jesus Luzardo P Kumar Rocker SS Andruw Monasterio,,,
520,5212803354,NIUDave85,0,112.1,1B Michael Busch 2B Jazz Chisholm Jr. 3B Ryan McMahon C Salvador Perez OF Pete Crow-Armstrong OF Ian Happ OF Michael Conforto P Jacob Misiorowski P Ryan Gusto SS Dansby Swanson,,,
520,5212812477,sportsfanatic89,0,112.1,1B Michael Busch 2B Jazz Chisholm Jr. 3B Ryan McMahon C Salvador Perez OF Pete Crow-Armstrong OF Ian Happ OF Michael Conforto P Jacob Misiorowski P Ryan Gusto SS Dansby Swanson,,,
520,5212819490,T_revor,0,112.1,1B Michael Busch 2B Jazz Chisholm Jr. 3B Ryan McMahon C Salvador Perez OF Pete Crow-Armstrong OF Ian Happ OF Michael Conforto P Jacob Misiorowski P Ryan Gusto SS Dansby Swanson,,,
520,5212860362,dabears08,0,112.1,1B Michael Busch 2B Nick Sogard 3B Alex Bregman C Miguel Amaya OF Pete Crow-Armstrong OF Wilyer Abreu OF Eli White P Jacob Misiorowski P Ryan Gusto SS Andruw Monasterio,,,
520,5213084196,macyfan,0,112.1,1B Michael Busch 2B Jazz Chisholm Jr. 3B Ryan McMahon C Salvador Perez OF Pete Crow-Armstrong OF Ian Happ OF Michael Conforto P Jacob Misiorowski P Ryan Gusto SS Dansby Swanson,,,
520,5213142244,Evilempire2626,0,112.1,1B Andrew Vaughn 2B Nick Sogard 3B Alex Bregman C Miguel Amaya OF Pete Crow-Armstrong OF Ceddanne Rafaela OF Griffin Conine P Jacob Misiorowski P Ryan Gusto SS Andruw Monasterio,,,
520,5213354311,Schlaurizzle,0,112.1,1B Michael Busch 2B Nick Sogard 3B Alex Bregman C Ivan Herrera OF Wilyer Abreu OF Trent Grisham OF Tyrone Taylor P Jacob Misiorowski P Ryan Gusto SS Dansby Swanson,,,
520,5213354948,m4ch1n3m4n,0,112.1,1B Michael Busch 2B Jazz Chisholm Jr. 3B Ryan McMahon C Salvador Perez OF Pete Crow-Armstrong OF Ian Happ OF Michael Conforto P Jacob Misiorowski P Ryan Gusto SS Dansby Swanson,,,
529,5212829159,mcgowee,0,112,1B Kyle Stowers 2B Ronny Simon 3B Miguel Vargas C Luke Maile OF Wilyer Abreu OF Mickey Moniak OF Griffin Conine P Jacob Misiorowski P Grant Holmes SS Tyler Tolbert,,,
530,5213176773,dannydog04,0,111.95,1B Alec Burleson 2B Jazz Chisholm Jr. 3B Ryan McMahon C Austin Wells OF Kyle Schwarber OF Bryan Torres OF Brett Bateman P Jacob Misiorowski P Joey Cantillo SS Brayan Rocchio,,,
530,5213300664,endlessmike03,0,111.95,1B Alec Burleson 2B Xavier Edwards 3B David Hamilton C Moises Ballesteros OF Griffin Conine OF Wade Meckler OF Owen Caissie P Jacob Misiorowski P Joey Cantillo SS Trea Turner,,,
530,5213341011,kldawg72179,0,111.95,1B Michael Busch 2B Anthony Seigler 3B Alex Bregman C Jake Rogers OF Pete Crow-Armstrong OF Wilyer Abreu OF Tyrone Taylor P Jesus Luzardo P Grayson Rodriguez SS Dansby Swanson,,,
533,5212925109,ToddH13,0,111.85,1B Jac Caglianone 2B JJ Wetherholt 3B Kyle Karros C William Contreras OF Jake McCarthy OF Jarren Duran OF Starling Marte P Jacob Misiorowski P Sean Manaea SS George Lombard Jr.,,,
533,5213107951,lklk88088,0,111.85,1B Michael Busch 2B Nico Hoerner 3B Nick Loftin C Luke Maile OF Pete Crow-Armstrong OF Griffin Conine OF Tyrone Taylor P Jacob Misiorowski P Kumar Rocker SS Dansby Swanson,,,
533,5213150856,blooketmane,0,111.85,1B Michael Busch 2B Nico Hoerner 3B Alex Bregman C Salvador Perez OF Steven Kwan OF Michael Conforto OF Starling Marte P Jacob Misiorowski P Kumar Rocker SS Bobby Witt Jr.,,,
533,5213235577,KraftyHawk,0,111.85,1B Alec Burleson 2B Nick Sogard 3B Ryan McMahon C Luke Maile OF Jackson Chourio OF Mickey Moniak OF Myles Straw P Jacob Misiorowski P Sean Manaea SS Jacob Wilson,,,
533,5213235805,thag1407,0,111.85,1B Jake Bauers 2B Nico Hoerner 3B Ezequiel Duran C J.T. Realmuto OF Bryce Harper OF Jackson Chourio OF Wyatt Langford P Kumar Rocker P Grant Holmes SS Zach Neto,,,
533,5213349262,4LeftsMakeItRight,0,111.85,1B Willson Contreras 2B Xavier Edwards 3B Nick Loftin C William Contreras OF Jarren Duran OF Griffin Conine OF Nathan Church P Jacob Misiorowski P Sean Manaea SS Tyler Tolbert,,,
539,5213307133,heir1212,0,111.8,1B Michael Busch 2B JJ Wetherholt 3B Jose Fermin C Ivan Herrera OF Jordan Walker OF Jac Caglianone OF Spencer Jones P Jesus Luzardo P Connor Prielipp SS George Lombard Jr.,,,
540,5213082645,Scottyloot,0,111.7,1B Michael Busch 2B Bryson Stott 3B Kyle Karros C Salvador Perez OF Jake McCarthy OF Cole Carrigg OF Starling Marte P Jacob Misiorowski P Grayson Rodriguez SS Bobby Witt Jr.,,,
541,5213227980,Dcrkjas,0,111.6,1B Jake Burger 2B Willi Castro 3B Alec Bohm C Austin Wells OF Wyatt Langford OF Chase DeLauter OF Griffin Conine P Jacob Misiorowski P J.T. Ginn SS Jacob Wilson,,,
542,5213113670,habcommander,0,111.55,1B Alec Burleson 2B Marcus Semien 3B Ryan McMahon C Ivan Herrera OF Jackson Chourio OF Jake McCarthy OF Ronny Simon P Jacob Misiorowski P Connor Prielipp SS George Lombard Jr.,,,
543,5212730009,dgubatan,0,111.45,1B Andrew Vaughn 2B Nico Hoerner 3B David Hamilton C Gary Sanchez OF Ian Happ OF Luis Lara OF Michael Conforto P Jacob Misiorowski P Matthew Boyd SS Brayan Rocchio,,,
543,5213007365,NYblue28,0,111.45,1B Kyle Stowers 2B Xavier Edwards 3B Jose Fermin C Jimmy Crooks OF Heriberto Hernandez OF Griffin Conine OF Owen Caissie P Jacob Misiorowski P Matthew Boyd SS Corey Seager,,,
543,5213049991,morganelizabeth2,0,111.45,1B Jared Young 2B Brett Baty 3B Ryan McMahon C Austin Wells OF A.J. Ewing OF Carson Benge OF Ronny Simon P Jacob Misiorowski P Cam Schlittler SS Francisco Lindor,,,
543,5213071952,rolltidechamps,0,111.45,1B Salvador Perez 2B Jackson Holliday 3B Ryan McMahon C Jimmy Crooks OF Bryan Reynolds OF Ian Happ OF Josh Lowe P Jacob Misiorowski P Cam Schlittler SS George Lombard Jr.,,,
543,5213204361,rynwbr09,0,111.45,1B Jake Bauers 2B Brice Turang 3B Kazuma Okamoto C Alejandro Kirk OF Lawrence Butler OF Brandon Lockridge OF Eli White P Jacob Misiorowski P Matthew Boyd SS Masyn Winn,,,
548,5213265758,ECDUBBSTER,0,111.4,1B Bryce Harper 2B Anthony Seigler 3B Jose Ramirez C Rafael Flores Jr. OF Esteury Ruiz OF Griffin Conine OF Steven Kwan P Cam Schlittler P Joey Cantillo SS Ezequiel Tovar,,,
549,5213110461,soonerbernie2002,0,111.35,1B Michael Busch 2B Nico Hoerner 3B Alex Bregman C Salvador Perez OF Pete Crow-Armstrong OF Ian Happ OF Starling Marte P Jared Jones P Grayson Rodriguez SS Bobby Witt Jr.,,,
550,5212769728,bluester111,0,111.25,1B Nathaniel Lowe 2B Bryson Stott 3B Willi Castro C Salvador Perez OF Steven Kwan OF Henry Bolte OF Wade Meckler P Jacob Misiorowski P Jesus Luzardo SS Andruw Monasterio,,,
550,5212800227,AlphaDawg1,0,111.25,1B Nolan Schanuel 2B Bryson Stott 3B Ezequiel Duran C Salvador Perez OF Steven Kwan OF Spencer Jones OF Luke Keaschall P Jacob Misiorowski P Jesus Luzardo SS Andruw Monasterio,,,
550,5212916939,pinkandbrown44,0,111.25,1B Tommy White 2B JJ Wetherholt 3B Denzer Guzman C Moises Ballesteros OF Jordan Walker OF Nathan Church OF Ronny Simon P Jacob Misiorowski P Jesus Luzardo SS Masyn Winn,,,
550,5213052126,mickevcarter,0,111.25,1B Luis Garcia Jr. 2B Nick Sogard 3B Ryan McMahon C Austin Wells OF Ceddanne Rafaela OF Trent Grisham OF Griffin Conine P Jacob Misiorowski P Jesus Luzardo SS George Lombard Jr.,,,
550,5213062297,dcarle6869,0,111.25,1B Alec Burleson 2B Nick Sogard 3B Nick Loftin C Jimmy Crooks OF Trent Grisham OF Jarren Duran OF Josh Lowe P Jacob Misiorowski P Jesus Luzardo SS Jackson Holliday,,,
550,5213232384,mrgrief,0,111.25,1B Nick Sogard 2B Ronny Simon 3B Javier Sanoja C Salvador Perez OF Esmerlyn Valdez OF Jarren Duran OF Griffin Conine P Jacob Misiorowski P Jesus Luzardo SS Tyler Tolbert,,,
550,5213359789,mcron05,0,111.25,1B Alec Burleson 2B Jackson Holliday 3B Ryan McMahon C Jimmy Crooks OF Spencer Jones OF Nathan Church OF Wade Meckler P Jacob Misiorowski P Jesus Luzardo SS Trea Turner,,,
557,5213021724,budaman3195,0,111.2,1B Jake Burger 2B Luis Arraez 3B Jose Ramirez C Salvador Perez OF Griffin Conine OF Steven Kwan OF Ronny Simon P Jesus Luzardo P Joey Cantillo SS Bobby Witt Jr.,,,
558,5212875396,raiderthing,0,111.15,1B Alec Burleson 2B Bryson Stott 3B Jose Ramirez C Ivan Herrera OF Jordan Walker OF Chase DeLauter OF Angel Martinez P Matthew Boyd P Grayson Rodriguez SS George Lombard Jr.,,,
559,5212996265,Stree,0,111.1,1B Nathaniel Lowe 2B Angel Genao 3B Jose Ramirez C Miguel Amaya OF Pete Crow-Armstrong OF Chase DeLauter OF Steven Kwan P Jacob Misiorowski P Ryan Gusto SS Gunnar Henderson,,,
560,5212576901,Elpar11,0,110.95,1B Alec Burleson 2B Nick Sogard 3B Nick Loftin C Jimmy Crooks OF Bryce Harper OF Jake Bauers OF Griffin Conine P Jacob Misiorowski P Davis Martin SS George Lombard Jr.,,,
560,5213367195,okbosox26,0,110.95,1B Kyle Stowers 2B Xavier Edwards 3B Coby Mayo C Carlos Narvaez OF Mickey Moniak OF Heriberto Hernandez OF Griffin Conine P Jacob Misiorowski P Davis Martin SS Otto Lopez,,,
562,5213108075,cwiert17,0,110.9,1B Alec Burleson 2B JJ Wetherholt 3B Tommy White C Jimmy Crooks OF Jordan Walker OF Tyler Soderstrom OF Nathan Church P Jesus Luzardo P Cade Povich SS Zach Neto,,,
563,5212960753,Stikman07,0,110.85,1B Kyle Stowers 2B Anthony Seigler 3B Austin Riley C William Contreras OF Jac Caglianone OF Brandon Nimmo OF Steven Kwan P Jacob Misiorowski P Sean Manaea SS George Lombard Jr.,,,
563,5213048658,TopCorner,0,110.85,1B Jake Burger 2B Justin Foscue 3B Ezequiel Duran C Elias Diaz OF Pete Crow-Armstrong OF Ian Happ OF Michael Conforto P Jesus Luzardo P J.T. Ginn SS Dansby Swanson,,,
563,5213347802,clover99,0,110.85,1B Andrew Vaughn 2B Brice Turang 3B Coby Mayo C Ivan Herrera OF Pete Crow-Armstrong OF Steven Kwan OF Tyler O'Neill P Jacob Misiorowski P Kumar Rocker SS Jackson Holliday,,,
563,5213350309,Goatropers,0,110.85,1B Jake Burger 2B Travis Bazzana 3B Jose Ramirez C Elias Diaz OF Chase DeLauter OF Steven Kwan OF Michael Conforto P Jacob Misiorowski P Sean Manaea SS Brayan Rocchio,,,
567,5213047823,BOOKMAHON,0,110.7,1B Michael Busch 2B Ronny Simon 3B Alex Bregman C Austin Wells OF Pete Crow-Armstrong OF Ian Happ OF Tyrone Taylor P Jacob Misiorowski P Grayson Rodriguez SS Corey Seager,,,
567,5213288389,statedogg,0,110.7,1B Michael Busch 2B Ernie Clement 3B Nick Loftin C Salvador Perez OF Pete Crow-Armstrong OF Ian Happ OF Tyrone Taylor P Jacob Misiorowski P Grayson Rodriguez SS Dansby Swanson,,,
569,5213302651,iloveKAWS12,0,110.65,1B Alec Burleson 2B JJ Wetherholt 3B Bryson Stott C Jimmy Crooks OF Jordan Walker OF Spencer Jones OF Ronny Simon P Jacob Misiorowski P Cade Povich SS Jackson Holliday,,,
570,5213189059,sloppiedeuce,0,110.55,1B Kyle Stowers 2B JJ Wetherholt 3B Nick Loftin C Drake Baldwin OF Pete Crow-Armstrong OF Wade Meckler OF Brett Bateman P Cam Schlittler P Ryan Gusto SS Jacob Wilson,,,
571,5212537593,Sheltonjl17,0,110.5,1B Alec Burleson 2B Anthony Seigler 3B Bryson Stott C Ivan Herrera OF Jordan Walker OF Jarren Duran OF Brandon Marsh P Jesus Luzardo P Michael McGreevy SS Andruw Monasterio,,,
572,5213007538,pgomes11,0,110.3,1B Michael Busch 2B Nick Sogard 3B Alex Bregman C Jimmy Crooks OF Pete Crow-Armstrong OF Ian Happ OF Michael Conforto P Cam Schlittler P Kumar Rocker SS Andruw Monasterio,,,
572,5213132654,jsr2424,0,110.3,1B Alec Burleson 2B Ozzie Albies 3B Ryan McMahon C Ivan Herrera OF Ronald Acuna Jr. OF Jake McCarthy OF Wyatt Langford P Matthew Boyd P Sean Manaea SS Corey Seager,,,
574,5213100930,Heffner,0,110.25,1B Michael Busch 2B Nick Sogard 3B Alex Bregman C Jake Rogers OF Bryce Harper OF Ian Happ OF Wade Meckler P Jacob Misiorowski P Michael McGreevy SS Andruw Monasterio,,,
574,5213122191,tori6,0,110.25,1B Jake Burger 2B Michael Massey 3B Jose Fermin C Salvador Perez OF Cole Carrigg OF Brenton Doyle OF Nathan Church P Jacob Misiorowski P Jesus Luzardo SS Tyler Tolbert,,,
574,5213210686,GingerAttack,0,110.25,1B Michael Busch 2B Anthony Seigler 3B Nick Loftin C Miguel Amaya OF Pete Crow-Armstrong OF Ian Happ OF Tyrone Taylor P Jacob Misiorowski P Michael McGreevy SS Andruw Monasterio,,,
574,5213278874,DFS_Rookie,0,110.25,1B Nick Sogard 2B Anthony Seigler 3B Colson Montgomery C Miguel Amaya OF Ceddanne Rafaela OF Jarren Duran OF Randal Grichuk P Jacob Misiorowski P Jesus Luzardo SS Luisangel Acuna,,,
574,5213327064,ZackAHS,0,110.25,1B Nolan Schanuel 2B Nick Sogard 3B Bryson Stott C Austin Wells OF Pete Crow-Armstrong OF Steven Kwan OF Ronny Simon P Jacob Misiorowski P Jesus Luzardo SS George Lombard Jr.,,,
579,5213346185,Treebs,0,110.2,1B Alec Burleson 2B JJ Wetherholt 3B Bryson Stott C Jimmy Crooks OF Mickey Moniak OF Brandon Marsh OF Steven Kwan P Jesus Luzardo P Joey Cantillo SS George Lombard Jr.,,,
580,5212911794,ImaDonk11,0,110.1,1B Michael Busch 2B Angel Genao 3B Jose Ramirez C Jimmy Crooks OF Pete Crow-Armstrong OF Chase DeLauter OF Ian Happ P Jacob Misiorowski P Ryan Gusto SS George Lombard Jr.,,,
580,5213009046,muttcutts,0,110.1,1B Michael Busch 2B JJ Wetherholt 3B Jose Fermin C Ivan Herrera OF Jordan Walker OF Nathan Church OF Tyrone Taylor P Jacob Misiorowski P Ryan Gusto SS Dansby Swanson,,,
580,5213110411,mjv2009,0,110.1,1B Michael Busch 2B Ronny Simon 3B Alex Bregman C Salvador Perez OF Pete Crow-Armstrong OF Michael Conforto OF Starling Marte P Jacob Misiorowski P Ryan Gusto SS Bobby Witt Jr.,,,
580,5213355722,kutmaster,0,110.1,1B Michael Busch 2B Nick Sogard 3B Alex Bregman C Salvador Perez OF Jackson Chourio OF Wilyer Abreu OF Tyrone Taylor P Jacob Misiorowski P Ryan Gusto SS Jackson Holliday,,,
584,5213052341,cmack063,0,110,1B Jeff McNeil 2B Nico Hoerner 3B Tommy White C Jonah Heim OF Pete Crow-Armstrong OF Tyler Soderstrom OF Tyrone Taylor P Jacob Misiorowski P Grant Holmes SS Dansby Swanson,,,
585,5212878116,Adam454,0,109.95,1B Nathaniel Lowe 2B Willi Castro 3B Bryson Stott C Ivan Herrera OF Jordan Walker OF Chase DeLauter OF Cole Carrigg P Jesus Luzardo P Grayson Rodriguez SS Corey Seager,,,
585,5213102795,wano0916,0,109.95,1B Tommy White 2B Jonathan Ornelas 3B Alex Bregman C Brett Sullivan OF Pete Crow-Armstrong OF Ian Happ OF Tyrone Taylor P Jacob Misiorowski P Joey Cantillo SS Dansby Swanson,,,
587,5212989784,sheetrock17,0,109.9,1B Nathaniel Lowe 2B Luis Arraez 3B Ezequiel Duran C Salvador Perez OF Tyler Soderstrom OF Brandon Nimmo OF Spencer Jones P Cam Schlittler P Matthew Boyd SS Masyn Winn,,,
588,5213194625,AMayberry23,0,109.85,1B Alec Burleson 2B JJ Wetherholt 3B Ryan McMahon C Ivan Herrera OF Jordan Walker OF Nathan Church OF Starling Marte P Jacob Misiorowski P Kumar Rocker SS George Lombard Jr.,,,
589,5213134473,opie29,0,109.8,1B Matt Olson 2B Nico Hoerner 3B Jose Fermin C Salvador Perez OF Kyle Schwarber OF Jake McCarthy OF Michael Harris II P Joey Cantillo P Kumar Rocker SS Otto Lopez,,,
590,5213012438,Satch65,0,109.7,1B Michael Busch 2B Jackson Holliday 3B Alex Bregman C Jimmy Crooks OF Pete Crow-Armstrong OF Michael Conforto OF Tyrone Taylor P Jacob Misiorowski P Grayson Rodriguez SS Corey Seager,,,
590,5213176772,dexter68,0,109.7,1B Ben Rice 2B Jackson Holliday 3B Ryan McMahon C Ivan Herrera OF Trent Grisham OF Heliot Ramos OF Nathan Church P Jacob Misiorowski P Grayson Rodriguez SS Gunnar Henderson,,,
590,5213361320,jmbarrera19,0,109.7,1B Nick Sogard 2B Luis Arraez 3B Ryan McMahon C Jake Rogers OF Ceddanne Rafaela OF Trent Grisham OF Brenton Doyle P Cam Schlittler P Jesus Luzardo SS Andruw Monasterio,,,
593,5213100702,ronclaw47,0,109.65,1B Alec Burleson 2B JJ Wetherholt 3B Ryan McMahon C Austin Wells OF Jordan Walker OF Mickey Moniak OF Griffin Conine P Jacob Misiorowski P Cade Povich SS Jim Jarvis,,,
593,5213337193,bigpete3281,0,109.65,1B Matt Olson 2B Jackson Holliday 3B Coby Mayo C Ivan Herrera OF Wilyer Abreu OF Ceddanne Rafaela OF Colton Cowser P Jacob Misiorowski P Cade Povich SS Andruw Monasterio,,,
595,5213037438,ricogarcia95,0,109.600006,1B Nolan Schanuel 2B Jackson Holliday 3B Tommy White C Salvador Perez OF Jackson Chourio OF Bryan Reynolds OF Trevor Larnach P Cam Schlittler P Randy Dobnak SS Gunnar Henderson,,,
596,5213323542,BearWall13,0,109.55,1B Michael Busch 2B Nick Sogard 3B Miguel Vargas C Henry Davis OF Pete Crow-Armstrong OF Kyle Schwarber OF Bryce Harper P Kumar Rocker P Grayson Rodriguez SS Jacob Wilson,,,
597,5212633231,Shurikens,0,109.45,1B Nolan Schanuel 2B Marcus Semien 3B Willi Castro C Elias Diaz OF Brandon Nimmo OF Lawrence Butler OF Brett Bateman P Jacob Misiorowski P Cam Schlittler SS Andruw Monasterio,,,
597,5213126838,Redskinned26,0,109.45,1B Nolan Schanuel 2B Jackson Holliday 3B Coby Mayo C Moises Ballesteros OF Mike Trout OF Wade Meckler OF Dylan Beavers P Jacob Misiorowski P Matthew Boyd SS Zach Neto,,,
597,5213267673,rpdelane6911,0,109.45,1B Nick Sogard 2B Bryson Stott 3B Ryan McMahon C Austin Wells OF Jake McCarthy OF Trent Grisham OF Spencer Jones P Jacob Misiorowski P Cam Schlittler SS George Lombard Jr.,,,
600,5213022326,ramawh,0,109.35,1B Ben Rice 2B Jazz Chisholm Jr. 3B Bryson Stott C Agustin Ramirez OF Jake McCarthy OF Trent Grisham OF Heriberto Hernandez P Jesus Luzardo P Ryan Gusto SS Otto Lopez,,,
601,5212560220,ebric7,0,109.25,1B Jeff McNeil 2B Ronny Simon 3B Kyle Karros C Ivan Herrera OF Jake McCarthy OF Cole Carrigg OF Bryan Torres P Jacob Misiorowski P Jesus Luzardo SS Andruw Monasterio,,,
601,5212921226,Barks,0,109.25,1B Alec Burleson 2B Xavier Edwards 3B Ryan McMahon C Agustin Ramirez OF Jose Fermin OF Nathan Church OF Bryan Torres P Jacob Misiorowski P Jesus Luzardo SS Jackson Holliday,,,
601,5213176292,MJG83,0,109.25,1B Kazuma Okamoto 2B Nick Sogard 3B Jared Triolo C Alejandro Kirk OF Luis Robert Jr. OF Brandon Lockridge OF Ronny Simon P Jacob Misiorowski P Jesus Luzardo SS Francisco Lindor,,,
601,5213194689,bookem5,0,109.25,1B Andrew Vaughn 2B Anthony Seigler 3B Ezequiel Duran C Jimmy Crooks OF Steven Kwan OF Brenton Doyle OF Starling Marte P Jacob Misiorowski P Jesus Luzardo SS Bobby Witt Jr.,,,
601,5213197390,greenrock,0,109.25,1B Nathaniel Lowe 2B Jackson Holliday 3B Bryson Stott C Jake Rogers OF Ceddanne Rafaela OF Jake McCarthy OF Ronny Simon P Jacob Misiorowski P Jesus Luzardo SS George Lombard Jr.,,,
601,5213234330,battlekat1,0,109.25,1B TJ Rumfield 2B Nick Sogard 3B Denzer Guzman C Ivan Herrera OF Heriberto Hernandez OF Steven Kwan OF Brenton Doyle P Jacob Misiorowski P Jesus Luzardo SS Masyn Winn,,,
601,5213236580,Luiyopr,0,109.25,1B Nolan Schanuel 2B Brett Baty 3B Ryan McMahon C Elias Diaz OF A.J. Ewing OF Carson Benge OF Henry Bolte P Jacob Misiorowski P Jesus Luzardo SS Francisco Lindor,,,
601,5213332721,JohnnyDrama34,0,109.25,1B Michael Busch 2B Angel Genao 3B Bryson Stott C Austin Wells OF Wilyer Abreu OF Steven Kwan OF Ronny Simon P Jacob Misiorowski P Jesus Luzardo SS Andruw Monasterio,,,
601,5213361794,ShinyEnis,0,109.25,1B Josh Bell 2B Royce Lewis 3B Alex Bregman C Jimmy Crooks OF Brandon Nimmo OF Luke Keaschall OF Michael Conforto P Jacob Misiorowski P Jesus Luzardo SS George Lombard Jr.,,,
610,5212986979,B-R3NT,0,109.2,1B Kazuma Okamoto 2B Jackson Holliday 3B Ezequiel Duran C Joe Mack OF Jackson Chourio OF Mickey Moniak OF Tyler Soderstrom P Jesus Luzardo P Joey Cantillo SS George Lombard Jr.,,,
611,5212695755,TeamOtis13,0,109.1,1B Luis Garcia Jr. 2B Ernie Clement 3B Alex Bregman C Miguel Amaya OF Chase DeLauter OF Jake Mangum OF Michael Conforto P Cam Schlittler P Jared Jones SS Dansby Swanson,,,
611,5213257024,jeffcliffy,0,109.1,1B Nathaniel Lowe 2B Angel Genao 3B Jose Ramirez C Elias Diaz OF Kyle Schwarber OF Wyatt Langford OF Jo Adell P Jacob Misiorowski P Ryan Gusto SS Brayan Rocchio,,,
611,5213309114,geoffm33,0,109.1,1B Alec Burleson 2B JJ Wetherholt 3B Ernie Clement C Drake Baldwin OF Ronald Acuna Jr. OF Bryan Torres OF Randal Grichuk P Jacob Misiorowski P Ryan Gusto SS Jackson Holliday,,,
611,5213333625,Jackie2424,0,109.1,1B Alec Burleson 2B JJ Wetherholt 3B Nick Loftin C Jimmy Crooks OF Pete Crow-Armstrong OF Nathan Church OF Michael Conforto P Jacob Misiorowski P Ryan Gusto SS Dansby Swanson,,,
615,5213030675,blnielson63,0,108.95,1B Michael Busch 2B Brice Turang 3B Alex Bregman C Ivan Herrera OF Pete Crow-Armstrong OF Wilyer Abreu OF Ian Happ P Kumar Rocker P Ryan Gusto SS Dansby Swanson,,,
615,5213179058,rob252,0,108.95,1B Alec Bohm 2B Brice Turang 3B Ezequiel Duran C Joe Mack OF Cole Carrigg OF Brandon Nimmo OF Colton Cowser P Jacob Misiorowski P Joey Cantillo SS George Lombard Jr.,,,
615,5213287881,cleverst,0,108.95,1B Andrew Vaughn 2B Jackson Holliday 3B Jose Ramirez C Ivan Herrera OF Wilyer Abreu OF Jake McCarthy OF Jarren Duran P Jesus Luzardo P Grayson Rodriguez SS Corey Seager,,,
618,5213039067,dmhull2,0,108.85,1B Michael Busch 2B Angel Genao 3B Ezequiel Duran C Elias Diaz OF Pete Crow-Armstrong OF Wyatt Langford OF Griffin Conine P Jacob Misiorowski P Kumar Rocker SS Masyn Winn,,,
618,5213184247,masong2130,0,108.85,1B Alec Burleson 2B Xavier Edwards 3B Jorge Polanco C Agustin Ramirez OF Jordan Walker OF Nathan Church OF Bryan Torres P Jacob Misiorowski P Sean Manaea SS Ezequiel Duran,,,
620,5212897704,jcate50,0,108.7,1B Alec Burleson 2B Bryson Stott 3B Alex Bregman C Henry Davis OF Jake McCarthy OF Jarren Duran OF Michael Conforto P Jacob Misiorowski P Brayan Bello SS Brayan Rocchio,,,
620,5213354491,GMANINK,0,108.7,1B Nathaniel Lowe 2B Anthony Seigler 3B Bryson Stott C Luke Maile OF Jac Caglianone OF Braden Montgomery OF Jakob Marsee P Cam Schlittler P Jesus Luzardo SS Andruw Monasterio,,,
622,5213335046,JaredWolf1996,0,108.65,1B Kyle Stowers 2B Jeff McNeil 3B Javier Sanoja C Jonah Heim OF Tyler Soderstrom OF Henry Bolte OF Owen Caissie P Jacob Misiorowski P Jared Jones SS Otto Lopez,,,
623,5213261980,jimcon40,0,108.55,1B Michael Busch 2B Nick Sogard 3B Alex Bregman C Jimmy Crooks OF Bryce Harper OF Ian Happ OF Spencer Jones P Jacob Misiorowski P Connor Prielipp SS George Lombard Jr.,,,
623,5213366901,dmbrown81,0,108.55,1B Michael Busch 2B Nick Sogard 3B Alex Bregman C Miguel Amaya OF Pete Crow-Armstrong OF Jordan Walker OF Wilyer Abreu P Matthew Boyd P Ryan Gusto SS Dansby Swanson,,,
625,5212972968,trickpat12,0,108.5,1B Pete Alonso 2B Ozzie Albies 3B Jose Ramirez C Carter Jensen OF Ronald Acuna Jr. OF Mike Trout OF Jorge Soler P Sean Manaea P Michael Lorenzen SS Francisco Lindor,,,
626,5213021768,machd1,0,108.45,1B Jake Burger 2B Angel Genao 3B Bryson Stott C Luke Maile OF Esmerlyn Valdez OF Brandon Nimmo OF Ronny Simon P Jacob Misiorowski P Cam Schlittler SS George Lombard Jr.,,,
626,5213314916,Edd436811,0,108.45,1B Matt Olson 2B Willi Castro 3B Colson Montgomery C Francisco Alvarez OF Pete Crow-Armstrong OF Ceddanne Rafaela OF Michael Harris II P Matthew Boyd P Grant Holmes SS Andruw Monasterio,,,
628,5212956515,LadyKaos,0,108.4,1B Munetaka Murakami 2B Angel Genao 3B Miguel Vargas C Joe Mack OF Pete Crow-Armstrong OF Kyle Schwarber OF Gabriel Gonzalez P Matthew Boyd P Joey Cantillo SS George Lombard Jr.,,,
628,5213333565,MMMOSS76,0,108.4,1B Ben Rice 2B Ozzie Albies 3B Nick Gonzales C Austin Wells OF Kyle Schwarber OF Randal Grichuk OF Ronny Simon P Jesus Luzardo P Randy Dobnak SS Otto Lopez,,,
630,5212931643,patmicmac,0,108.25,1B Andrew Vaughn 2B Nick Sogard 3B Nick Loftin C Jimmy Crooks OF Pete Crow-Armstrong OF Ian Happ OF Tyler O'Neill P Jacob Misiorowski P Jesus Luzardo SS Luisangel Acuna,,,
630,5213014722,RTSV5,0,108.25,1B Jake Bauers 2B Nick Sogard 3B Kyle Karros C Ivan Herrera OF Luis Lara OF Nathan Church OF Bryan Torres P Jacob Misiorowski P Jesus Luzardo SS George Lombard Jr.,,,
630,5213030290,MrBaseballWorld,0,108.25,1B Nolan Schanuel 2B Marcus Semien 3B Bo Bichette C Moises Ballesteros OF Mike Trout OF Wyatt Langford OF Wade Meckler P Jacob Misiorowski P Michael McGreevy SS Zach Neto,,,
630,5213174362,donthaveaname,0,108.25,1B Nolan Schanuel 2B Ronny Simon 3B Bryson Stott C Luke Maile OF Cole Carrigg OF Jarren Duran OF Henry Bolte P Jacob Misiorowski P Jesus Luzardo SS George Lombard Jr.,,,
630,5213208302,vicwif,0,108.25,1B Andrew Vaughn 2B JJ Wetherholt 3B Alex Bregman C Jimmy Crooks OF Jackson Chourio OF Jarren Duran OF Michael Conforto P Jacob Misiorowski P Michael McGreevy SS Masyn Winn,,,
630,5213273447,Yappin01,0,108.25,1B Alec Burleson 2B Nick Sogard 3B Jose Fermin C Jimmy Crooks OF Jarren Duran OF Nathan Church OF Eli White P Jacob Misiorowski P Jesus Luzardo SS Masyn Winn,,,
630,5213315782,mhemin22,0,108.25,1B Alec Burleson 2B Nick Sogard 3B Jose Fermin C Jimmy Crooks OF Jarren Duran OF Nathan Church OF Eli White P Jacob Misiorowski P Jesus Luzardo SS Masyn Winn,,,
637,5213278352,mwear,0,108.1,1B Alec Burleson 2B Jazz Chisholm Jr. 3B Alex Bregman C Ivan Herrera OF Trent Grisham OF Heliot Ramos OF Spencer Jones P Jacob Misiorowski P Ryan Gusto SS George Lombard Jr.,,,
638,5213184173,prime8,0,108,1B Nathaniel Lowe 2B Jackson Holliday 3B Jose Ramirez C Patrick Bailey OF Jordan Walker OF Chase DeLauter OF Steven Kwan P Jacob Misiorowski P Grant Holmes SS Gunnar Henderson,,,
639,5213105433,epadol,0,107.95,1B Bryce Harper 2B Jazz Chisholm Jr. 3B Bryson Stott C J.T. Realmuto OF Trent Grisham OF Heliot Ramos OF Spencer Jones P Jesus Luzardo P Grayson Rodriguez SS Trea Turner,,,
640,5213306375,stuschlagel,0,107.9,1B Alec Burleson 2B Jackson Holliday 3B Ryan McMahon C Austin Wells OF Wilyer Abreu OF Jarren Duran OF Spencer Jones P Cam Schlittler P Matthew Boyd SS Gunnar Henderson,,,
641,5213095030,thegreatest88,0,107.85,1B Kyle Stowers 2B Luis Arraez 3B Bryson Stott C J.T. Realmuto OF Bryce Harper OF Griffin Conine OF Josh Lowe P Jacob Misiorowski P Kumar Rocker SS George Lombard Jr.,,,
641,5213128300,Jaylee55,0,107.85,1B Jared Young 2B JJ Wetherholt 3B Jose Fermin C Jimmy Crooks OF Jackson Chourio OF Nathan Church OF Bryan Torres P Jacob Misiorowski P Shane Bieber SS Gunnar Henderson,,,
643,5213206557,esco2320,0,107.8,1B Willson Contreras 2B Nick Sogard 3B Bryson Stott C William Contreras OF Kyle Schwarber OF Bryce Harper OF Wilyer Abreu P Grayson Rodriguez P Ryan Gusto SS Trea Turner,,,
644,5212909714,wallsack32,0,107.7,1B Nathaniel Lowe 2B JJ Wetherholt 3B Jose Ramirez C Ivan Herrera OF Jordan Walker OF Wilyer Abreu OF Chase DeLauter P Sean Manaea P Kumar Rocker SS Andruw Monasterio,,,
644,5212999374,valintino85,0,107.7,1B Salvador Perez 2B Ronny Simon 3B Alex Bregman C Moises Ballesteros OF Pete Crow-Armstrong OF Ian Happ OF Tyrone Taylor P Jacob Misiorowski P Grayson Rodriguez SS Dansby Swanson,,,
646,5213348165,Mackdawg44,0,107.65,1B Kyle Stowers 2B Xavier Edwards 3B Javier Sanoja C Jimmy Crooks OF Griffin Conine OF Steven Kwan OF Nathan Church P Jacob Misiorowski P Jared Jones SS Otto Lopez,,,
647,5212986267,tswift98,0,107.55,1B Michael Busch 2B Jazz Chisholm Jr. 3B Jose Ramirez C Drake Baldwin OF Pete Crow-Armstrong OF Ian Happ OF Tyrone Taylor P Matthew Boyd P Ryan Gusto SS Dansby Swanson,,,
648,5212780021,totoroll33,0,107.45,1B Michael Busch 2B Nick Sogard 3B Nick Loftin C Ivan Herrera OF Henry Bolte OF Wade Meckler OF Ronny Simon P Jacob Misiorowski P Cam Schlittler SS George Lombard Jr.,,,
648,5213198476,SkullandCrossbones,0,107.45,1B Alec Burleson 2B JJ Wetherholt 3B Alex Bregman C Jimmy Crooks OF Pete Crow-Armstrong OF Ceddanne Rafaela OF Bryan Torres P Matthew Boyd P Grant Holmes SS Dansby Swanson,,,
650,5212886359,Tigers13,0,107.25,1B Nolan Schanuel 2B Nick Sogard 3B Nick Loftin C Salvador Perez OF Trent Grisham OF Braden Montgomery OF Steven Kwan P Jacob Misiorowski P Jesus Luzardo SS Brayan Rocchio,,,
650,5213001097,sapadon,0,107.25,1B Alec Burleson 2B Xavier Edwards 3B Kyle Karros C Jimmy Crooks OF Jake McCarthy OF Ronny Simon OF Josh Lowe P Jacob Misiorowski P Jesus Luzardo SS Masyn Winn,,,
650,5213012669,Johste1255,0,107.25,1B Nick Sogard 2B Anthony Seigler 3B Ryan McMahon C Jake Rogers OF Jackson Chourio OF Jordan Walker OF Owen Caissie P Jacob Misiorowski P Jesus Luzardo SS Luisangel Acuna,,,
650,5213125679,pandaBEAR83,0,107.25,1B Alec Burleson 2B JJ Wetherholt 3B Ryan McMahon C Jimmy Crooks OF Jose Fermin OF Spencer Jones OF Nathan Church P Jacob Misiorowski P Jesus Luzardo SS George Lombard Jr.,,,
650,5213256072,mkippv,0,107.25,1B Nolan Schanuel 2B Angel Genao 3B Bryson Stott C Jonah Heim OF Cole Carrigg OF Heliot Ramos OF Braden Montgomery P Jacob Misiorowski P Jesus Luzardo SS George Lombard Jr.,,,
650,5213354263,Untouchables0724,0,107.25,1B Tommy White 2B Nick Sogard 3B Bryson Stott C Jonah Heim OF Ceddanne Rafaela OF Henry Bolte OF Starling Marte P Jacob Misiorowski P Jesus Luzardo SS Andruw Monasterio,,,
656,5213049990,colbyhornet,0,107.2,1B Alec Burleson 2B Nico Hoerner 3B Nick Loftin C Jimmy Crooks OF Pete Crow-Armstrong OF Michael Conforto OF Tyrone Taylor P Jesus Luzardo P Joey Cantillo SS Dansby Swanson,,,
657,5212918484,RDNDO,0,107.1,1B Michael Busch 2B Ronny Simon 3B Jose Ramirez C Jake Rogers OF Pete Crow-Armstrong OF Michael Conforto OF Eli White P Jacob Misiorowski P Ryan Gusto SS Bobby Witt Jr.,,,
657,5213061189,lastcall027,0,107.1,1B Kyle Stowers 2B Luis Arraez 3B Willi Castro C Hunter Goodman OF Jake McCarthy OF Heriberto Hernandez OF Tyler O'Neill P Jacob Misiorowski P Ryan Gusto SS George Lombard Jr.,,,
657,5213253560,alexstout,0,107.1,1B Michael Busch 2B Jazz Chisholm Jr. 3B Tommy White C Moises Ballesteros OF Pete Crow-Armstrong OF Tyler Soderstrom OF Ian Happ P Jesus Luzardo P Kumar Rocker SS Jacob Wilson,,,
657,5213280890,tristarto,0,107.1,1B Michael Busch 2B Nick Sogard 3B Alex Bregman C Jake Rogers OF Pete Crow-Armstrong OF Henry Bolte OF Starling Marte P Jacob Misiorowski P Ryan Gusto SS Bobby Witt Jr.,,,
661,5213069909,EazyE84x,0,106.95,1B Bryce Harper 2B Luis Arraez 3B Kyle Karros C Hunter Goodman OF Kyle Schwarber OF Jake McCarthy OF Cole Carrigg P Kumar Rocker P Ryan Gusto SS Trea Turner,,,
662,5213131841,jsamtoy,0,106.9,1B Jake Burger 2B Ronny Simon 3B Alex Bregman C Rafael Flores Jr. OF Pete Crow-Armstrong OF Michael Conforto OF Tyrone Taylor P Cam Schlittler P Matthew Boyd SS Dansby Swanson,,,
662,5213142356,bg1481,0,106.9,1B Michael Busch 2B Angel Genao 3B Alex Bregman C Henry Davis OF Pete Crow-Armstrong OF Ian Happ OF Steven Kwan P Jesus Luzardo P Jared Jones SS Dansby Swanson,,,
664,5213271314,mayorial,0,106.85,1B Royce Lewis 2B JJ Wetherholt 3B Jose Ramirez C Salvador Perez OF Garrett Mitchell OF Griffin Conine OF Steven Kwan P Jacob Misiorowski P Kumar Rocker SS George Lombard Jr.,,,
665,5213247002,caryreynolds11,0,106.75,1B Alec Burleson 2B JJ Wetherholt 3B Alex Bregman C Ivan Herrera OF Pete Crow-Armstrong OF Jordan Walker OF Jose Fermin P Cade Povich P Ryan Gusto SS Dansby Swanson,,,
666,5212644184,colonelforbin22,0,106.7,1B Luis Garcia Jr. 2B JJ Wetherholt 3B Miguel Vargas C Gary Sanchez OF Wyatt Langford OF Trent Grisham OF Jakob Marsee P Matthew Boyd P Michael McGreevy SS Zach Neto,,,
666,5213243454,jbabs47,0,106.7,1B Nick Sogard 2B Xavier Edwards 3B Javier Sanoja C Ivan Herrera OF Ceddanne Rafaela OF Jarren Duran OF Eli White P Jesus Luzardo P Matthew Boyd SS Otto Lopez,,,
666,5213258815,Mccready10,0,106.7,1B Alec Burleson 2B JJ Wetherholt 3B Ryan McMahon C Jimmy Crooks OF Jordan Walker OF Wilyer Abreu OF Bryan Torres P Jesus Luzardo P Matthew Boyd SS George Lombard Jr.,,,
669,5213366646,JordanDaBull,0,106.55,1B Michael Busch 2B Marcus Semien 3B Kyle Karros C Luke Maile OF Pete Crow-Armstrong OF Ian Happ OF Ronny Simon P Jacob Misiorowski P Connor Prielipp SS Jacob Wilson,,,
670,5213099976,JeffPikuza,0,106.45,1B Alec Burleson 2B Ronny Simon 3B Alex Bregman C Jimmy Crooks OF Wilyer Abreu OF Michael Conforto OF Tyrone Taylor P Jacob Misiorowski P Matthew Boyd SS Masyn Winn,,,
670,5213342294,OEW973,0,106.45,1B Andrew Vaughn 2B Jackson Holliday 3B Coby Mayo C Salvador Perez OF Jac Caglianone OF Spencer Jones OF Randal Grichuk P Jacob Misiorowski P Cam Schlittler SS George Lombard Jr.,,,
672,5213106032,MichaelTherrien,0,106.25,1B Alec Burleson 2B Jeff McNeil 3B Kyle Karros C Jake Rogers OF Mickey Moniak OF Henry Bolte OF Lawrence Butler P Jacob Misiorowski P Jesus Luzardo SS George Lombard Jr.,,,
672,5213160509,neterka,0,106.25,1B Nolan Schanuel 2B Ronny Simon 3B Ryan McMahon C Jimmy Crooks OF Pete Crow-Armstrong OF Wilyer Abreu OF Tyler O'Neill P Jacob Misiorowski P Jesus Luzardo SS George Lombard Jr.,,,
672,5213200574,sarabhome12,0,106.25,1B Michael Busch 2B Bryson Stott 3B Ezequiel Duran C Jonah Heim OF Ceddanne Rafaela OF Brandon Nimmo OF Jose Fermin P Jacob Misiorowski P Michael McGreevy SS Masyn Winn,,,
672,5213319239,craneb54,0,106.25,1B Nathaniel Lowe 2B Nick Sogard 3B Jose Ramirez C Austin Wells OF Jo Adell OF Michael Conforto OF Wade Meckler P Jacob Misiorowski P Jesus Luzardo SS Masyn Winn,,,
672,5213326576,markandrewbray,0,106.25,1B Jared Young 2B Nick Sogard 3B Ezequiel Duran C Ivan Herrera OF Jarren Duran OF Nathan Church OF Bryan Torres P Jacob Misiorowski P Jesus Luzardo SS George Lombard Jr.,,,
672,5213347089,Kingsilva707,0,106.25,1B Andrew Vaughn 2B Jackson Holliday 3B Max Muncy C Jonah Heim OF Wyatt Langford OF Henry Bolte OF Lawrence Butler P Jacob Misiorowski P Jesus Luzardo SS Jacob Wilson,,,
678,5212972547,CHS1984Ronaldthill,0,106.1,1B Salvador Perez 2B Luis Arraez 3B Ryan McMahon C Austin Wells OF Kyle Schwarber OF Bryce Harper OF Justin Crawford P Jacob Misiorowski P Ryan Gusto SS Trea Turner,,,
678,5213017419,emdidds24,0,106.1,1B Nolan Schanuel 2B JJ Wetherholt 3B Ryan McMahon C Jonah Heim OF Bryce Harper OF Wilyer Abreu OF Tyler Soderstrom P Jesus Luzardo P Kumar Rocker SS Jacob Wilson,,,
680,5213180506,DaBanker,0,105.95,1B Nick Sogard 2B Jackson Holliday 3B Ryan McMahon C Jimmy Crooks OF Kyle Schwarber OF Bryce Harper OF Spencer Jones P Jacob Misiorowski P Joey Cantillo SS George Lombard Jr.,,,
681,5213057935,noodlebuyer,0,105.9,1B Alec Burleson 2B JJ Wetherholt 3B Nick Gonzales C Ivan Herrera OF Jordan Walker OF Spencer Jones OF Nathan Church P Jesus Luzardo P Cade Povich SS George Lombard Jr.,,,
682,5213037195,evan15_15,0,105.85,1B Michael Busch 2B Jeff McNeil 3B Alec Bohm C Jonah Heim OF Chase DeLauter OF Jo Adell OF Brandon Nimmo P Jacob Misiorowski P Kumar Rocker SS Otto Lopez,,,
682,5213126864,DJHA95,0,105.85,1B Michael Busch 2B Nico Hoerner 3B Alex Bregman C Luke Maile OF Pete Crow-Armstrong OF Tyrone Taylor OF Starling Marte P Jacob Misiorowski P Kumar Rocker SS Tyler Tolbert,,,
682,5213354146,pars19,0,105.85,1B Kyle Stowers 2B Xavier Edwards 3B Max Muncy C Jimmy Crooks OF Pete Crow-Armstrong OF Griffin Conine OF Steven Kwan P Jacob Misiorowski P Kumar Rocker SS Jacob Wilson,,,
685,5213029341,carlson2000,0,105.8,1B Royce Lewis 2B Angel Genao 3B Bryson Stott C Ivan Herrera OF Pete Crow-Armstrong OF Jake McCarthy OF Jarren Duran P Jesus Luzardo P Connor Prielipp SS George Lombard Jr.,,,
686,5212879056,Cameronconrad10,0,105.7,1B TJ Rumfield 2B Luis Arraez 3B Bo Bichette C Austin Wells OF Jake McCarthy OF Jarren Duran OF Jakob Marsee P Jesus Luzardo P Matthew Boyd SS Trea Turner,,,
686,5213066820,MrPredetermine,0,105.7,1B Bryce Harper 2B Luis Arraez 3B Bryson Stott C Jimmy Crooks OF Brandon Marsh OF Henry Bolte OF Wade Meckler P Jesus Luzardo P Matthew Boyd SS Trea Turner,,,
686,5213152672,preeves4,0,105.7,1B Nathaniel Lowe 2B Angel Genao 3B Jose Ramirez C J.T. Realmuto OF Bryce Harper OF Chase DeLauter OF Steven Kwan P Jacob Misiorowski P Brayan Bello SS Jackson Holliday,,,
686,5213323273,zachkap15,0,105.7,1B Kyle Stowers 2B Nick Sogard 3B Bryson Stott C Jake Rogers OF Wilyer Abreu OF Ceddanne Rafaela OF Eli White P Jesus Luzardo P Matthew Boyd SS Trea Turner,,,
690,5212409111,Nerrticus,0,105.65,1B Jeff McNeil 2B Anthony Seigler 3B Bryson Stott C Luke Maile OF Kyle Schwarber OF Bryce Harper OF Jordan Beck P Jacob Misiorowski P Jared Jones SS Ezequiel Tovar,,,
690,5213180510,redshirtfreshmn,0,105.65,1B Alec Burleson 2B JJ Wetherholt 3B Bryson Stott C Jimmy Crooks OF Jake McCarthy OF Cole Carrigg OF Nathan Church P Jacob Misiorowski P Cade Povich SS George Lombard Jr.,,,
690,5213223979,WhiteyFL,0,105.65,1B Andrew Vaughn 2B Jackson Holliday 3B Alex Bregman C Jimmy Crooks OF Pete Crow-Armstrong OF Ian Happ OF Michael Conforto P Jacob Misiorowski P Cade Povich SS Jacob Wilson,,,
693,5213315328,SEANYCASH,0,105.55,1B Nick Sogard 2B Ronny Simon 3B Alex Bregman C Jake Rogers OF Pete Crow-Armstrong OF Ian Happ OF Tyrone Taylor P Jacob Misiorowski P Connor Prielipp SS Dansby Swanson,,,
694,5212755470,jester11,0,105.5,1B Luis Garcia Jr. 2B JJ Wetherholt 3B Denzer Guzman C Agustin Ramirez OF Pete Crow-Armstrong OF Kyle Schwarber OF Spencer Jones P Jared Jones P Sean Manaea SS George Lombard Jr.,,,
695,5212905823,fvrtv6,0,105.45,1B Nick Sogard 2B Jackson Holliday 3B Kyle Karros C Francisco Alvarez OF Heriberto Hernandez OF Braden Montgomery OF Spencer Jones P Jacob Misiorowski P Cam Schlittler SS George Lombard Jr.,,,
695,5213224600,gagsigsn,0,105.45,1B Alec Burleson 2B Xavier Edwards 3B Nick Loftin C William Contreras OF Jakob Marsee OF Nathan Church OF Starling Marte P Jacob Misiorowski P Matthew Boyd SS Masyn Winn,,,
695,5213270163,jkosh,0,105.45,1B Nolan Schanuel 2B Jeff McNeil 3B Nick Loftin C Luke Maile OF Jordan Walker OF Braden Montgomery OF Randal Grichuk P Jacob Misiorowski P Cam Schlittler SS George Lombard Jr.,,,
698,5212673164,michaelvogt223,0,105.35,1B Kyle Stowers 2B Xavier Edwards 3B Jose Ramirez C Ivan Herrera OF Jackson Chourio OF Jordan Walker OF Bryan Torres P Cade Povich P Brayan Bello SS Otto Lopez,,,
699,5212696523,joanofarc66,0,105.25,1B Bryce Harper 2B Ronny Simon 3B Tommy White C Elias Diaz OF Jordan Walker OF Javier Sanoja OF Cam Cauley P Jacob Misiorowski P Jesus Luzardo SS Luisangel Acuna,,,
699,5212780045,cdf1228,0,105.25,1B Michael Busch 2B Nick Sogard 3B Nick Loftin C Jake Rogers OF Jake McCarthy OF Henry Bolte OF Michael Conforto P Jacob Misiorowski P Jesus Luzardo SS Andruw Monasterio,,,
699,5212892935,fsufarmer2,0,105.25,1B Nolan Schanuel 2B Ronny Simon 3B Nick Gonzales C Hunter Goodman OF Esmerlyn Valdez OF Wade Meckler OF Brett Bateman P Jacob Misiorowski P Jesus Luzardo SS George Lombard Jr.,,,
699,5213085893,DanFBIS1,0,105.25,1B TJ Rumfield 2B Jackson Holliday 3B Nick Loftin C Moises Ballesteros OF Wilyer Abreu OF Jake McCarthy OF Tyler O'Neill P Jacob Misiorowski P Jesus Luzardo SS George Lombard Jr.,,,
699,5213260923,Levster99,0,105.25,1B Alec Burleson 2B Luis Arraez 3B Ryan McMahon C Jake Rogers OF Bryce Harper OF Kyle Isbel OF Brett Bateman P Jacob Misiorowski P Jesus Luzardo SS George Lombard Jr.,,,
704,5212876765,mikevickdoggydaycare,0,105.1,1B Willson Contreras 2B Nick Sogard 3B Colson Montgomery C Jimmy Crooks OF Wilyer Abreu OF Ceddanne Rafaela OF Heriberto Hernandez P Jesus Luzardo P Sean Manaea SS Andruw Monasterio,,,
704,5212960285,forlife36,0,105.1,1B Michael Busch 2B Nick Sogard 3B Alex Bregman C Salvador Perez OF Pete Crow-Armstrong OF Wilyer Abreu OF Starling Marte P Jesus Luzardo P Kumar Rocker SS Dansby Swanson,,,
704,5213317620,wikings26,0,105.1,1B Nick Sogard 2B Angel Genao 3B Alex Bregman C Salvador Perez OF Pete Crow-Armstrong OF Tyler Soderstrom OF Brandon Nimmo P Jacob Misiorowski P Ryan Gusto SS Dansby Swanson,,,
707,5212718035,02Dirty02,0,105,1B Royce Lewis 2B Willi Castro 3B Bryson Stott C Salvador Perez OF Jake Bauers OF Jake McCarthy OF Chase DeLauter P Jacob Misiorowski P Grant Holmes SS George Lombard Jr.,,,
707,5213105591,thejontom,0,105,1B Munetaka Murakami 2B Nick Sogard 3B Miguel Vargas C Jimmy Crooks OF Wilyer Abreu OF Brenton Doyle OF Wade Meckler P Jacob Misiorowski P Grant Holmes SS Colson Montgomery,,,
707,5213114199,NiceNut,0,105,1B Willson Contreras 2B Nick Sogard 3B Ezequiel Duran C Ivan Herrera OF Ceddanne Rafaela OF Griffin Conine OF Steven Kwan P Jacob Misiorowski P Grant Holmes SS Andruw Monasterio,,,
710,5213212074,icewater05,0,104.95,1B TJ Rumfield 2B JJ Wetherholt 3B Coby Mayo C Salvador Perez OF Pete Crow-Armstrong OF Brandon Nimmo OF Owen Caissie P Jacob Misiorowski P Davis Martin SS Ezequiel Tovar,,,
710,5213248842,chargesfanx,0,104.95,1B Salvador Perez 2B Nick Sogard 3B Bryson Stott C Austin Wells OF Pete Crow-Armstrong OF Griffin Conine OF Henry Bolte P Jacob Misiorowski P Joey Cantillo SS Andruw Monasterio,,,
712,5212928275,JimmySlashGeorge,0,104.9,1B Matt Olson 2B Nick Sogard 3B Bryson Stott C Gary Sanchez OF Angel Martinez OF Steven Kwan OF Masataka Yoshida P Cam Schlittler P Matthew Boyd SS Ezequiel Duran,,,
713,5213122427,evilump,0,104.85,1B Nolan Schanuel 2B JJ Wetherholt 3B Denzer Guzman C Jimmy Crooks OF Jordan Walker OF Jose Siri OF Nathan Church P Jacob Misiorowski P Shane Bieber SS Zach Neto,,,
713,5213172672,wilsonwinner,0,104.85,1B Kazuma Okamoto 2B Jackson Holliday 3B Austin Riley C Jonah Heim OF Jac Caglianone OF Tyler Soderstrom OF Michael Harris II P Jesus Luzardo P J.T. Ginn SS Gunnar Henderson,,,
713,5213334674,kappeli,0,104.85,1B Michael Busch 2B Ronny Simon 3B Alex Bregman C Luke Maile OF Pete Crow-Armstrong OF Ian Happ OF Michael Conforto P Jacob Misiorowski P Kumar Rocker SS Tyler Tolbert,,,
716,5212974553,mlrlfd,0,104.7,1B TJ Rumfield 2B Bryson Stott 3B Willi Castro C Brett Sullivan OF Ceddanne Rafaela OF Jac Caglianone OF Cole Carrigg P Jesus Luzardo P Matthew Boyd SS Andruw Monasterio,,,
716,5212974633,irv19,0,104.7,1B Kyle Stowers 2B Willi Castro 3B Kyle Karros C Salvador Perez OF Jake McCarthy OF Cole Carrigg OF Henry Bolte P Jacob Misiorowski P Brayan Bello SS Otto Lopez,,,
718,5212886001,kellinator138,0,104.6,1B Bryce Harper 2B Luis Arraez 3B Jose Ramirez C Alejandro Kirk OF Kyle Schwarber OF Leody Taveras OF Josh Lowe P Joey Cantillo P Jared Jones SS Jackson Holliday,,,
719,5213035096,Quivalier,0,104.55,1B Munetaka Murakami 2B Michael Massey 3B Kazuma Okamoto C Alejandro Kirk OF Michael Harris II OF Brandon Nimmo OF Trevor Larnach P Jacob Misiorowski P Connor Prielipp SS Andres Gimenez,,,
720,5213275454,bucno,0,104.5,1B Michael Busch 2B Bryson Stott 3B Nick Gonzales C Jonah Heim OF Ceddanne Rafaela OF Trent Grisham OF Brandon Marsh P Jesus Luzardo P Michael McGreevy SS Trea Turner,,,
721,5212931079,dakid1808,0,104.45,1B Michael Busch 2B Xavier Edwards 3B Nick Loftin C Gary Sanchez OF Jakob Marsee OF Nathan Church OF Michael Conforto P Jacob Misiorowski P Matthew Boyd SS Gunnar Henderson,,,
721,5213339002,meatball13,0,104.45,1B Michael Busch 2B Nick Sogard 3B Nick Gonzales C Austin Wells OF Cole Carrigg OF Wade Meckler OF Starling Marte P Jacob Misiorowski P Cam Schlittler SS Ezequiel Tovar,,,
723,5213137351,VinL29,0,104.35,1B Bryce Harper 2B Anthony Seigler 3B Tommy White C Ivan Herrera OF Pete Crow-Armstrong OF Wilyer Abreu OF Jake McCarthy P Jesus Luzardo P Ryan Gusto SS George Lombard Jr.,,,
724,5212791399,TurdSando,0,104.25,1B Luis Garcia Jr. 2B Jackson Holliday 3B Ryan McMahon C Jimmy Crooks OF Jackson Chourio OF Spencer Jones OF Nathan Church P Jacob Misiorowski P Jesus Luzardo SS George Lombard Jr.,,,
724,5213099466,daddymactwo,0,104.25,1B Nathaniel Lowe 2B Ronny Simon 3B Jose Fermin C Ivan Herrera OF Ceddanne Rafaela OF Tyler O'Neill OF Everson Pereira P Jacob Misiorowski P Jesus Luzardo SS Masyn Winn,,,
724,5213256003,gupsbroncos,0,104.25,1B Nathaniel Lowe 2B Nick Sogard 3B Bryson Stott C Salvador Perez OF Jake McCarthy OF Henry Bolte OF Ronny Simon P Jacob Misiorowski P Jesus Luzardo SS Tyler Tolbert,,,
724,5213350473,tmoles,0,104.25,1B Nolan Schanuel 2B Xavier Edwards 3B Bryson Stott C Jonah Heim OF Jordan Walker OF Steven Kwan OF Randal Grichuk P Jacob Misiorowski P Michael McGreevy SS Zach Neto,,,
728,5212673148,blitzburgh07,0,104.2,1B Andrew Vaughn 2B Xavier Edwards 3B Bryson Stott C Jimmy Crooks OF Jackson Chourio OF Jake McCarthy OF Carson Benge P Jesus Luzardo P Joey Cantillo SS Ezequiel Duran,,,
729,5212920895,4courtney4,0,104.1,1B Alec Burleson 2B JJ Wetherholt 3B Nick Loftin C Jimmy Crooks OF Jordan Walker OF Nathan Church OF Eli White P Jacob Misiorowski P Ryan Gusto SS Bobby Witt Jr.,,,
729,5213010381,iceit519,0,104.1,1B Michael Busch 2B Ronny Simon 3B Ryan McMahon C Salvador Perez OF Pete Crow-Armstrong OF Wilyer Abreu OF Ian Happ P Jacob Misiorowski P Ryan Gusto SS Dansby Swanson,,,
729,5213024055,smartin417,0,104.1,1B Alec Burleson 2B JJ Wetherholt 3B Ryan McMahon C Jimmy Crooks OF Bryce Harper OF Jordan Walker OF Nathan Church P Jacob Misiorowski P Ryan Gusto SS George Lombard Jr.,,,
729,5213038630,outlawpete5,0,104.1,1B Michael Busch 2B Ronny Simon 3B Ryan McMahon C Salvador Perez OF Pete Crow-Armstrong OF Wilyer Abreu OF Ian Happ P Jacob Misiorowski P Ryan Gusto SS Dansby Swanson,,,
729,5213207741,kpreme,0,104.1,1B Michael Busch 2B Ronny Simon 3B Ryan McMahon C Salvador Perez OF Pete Crow-Armstrong OF Wilyer Abreu OF Ian Happ P Jacob Misiorowski P Ryan Gusto SS Dansby Swanson,,,
729,5213275594,jdotho,0,104.1,1B Michael Busch 2B Ronny Simon 3B Ryan McMahon C Salvador Perez OF Pete Crow-Armstrong OF Wilyer Abreu OF Ian Happ P Jacob Misiorowski P Ryan Gusto SS Dansby Swanson,,,
729,5213358007,ronbon,0,104.1,1B Bryce Harper 2B Michael Massey 3B Kyle Karros C Luke Maile OF Kyle Schwarber OF Brandon Marsh OF Davis Schneider P Cam Schlittler P Jared Jones SS George Lombard Jr.,,,
736,5213254107,BuckeyeCity,0,104.05,1B Alec Burleson 2B JJ Wetherholt 3B Alex Bregman C Jimmy Crooks OF Pete Crow-Armstrong OF Jordan Walker OF Tyrone Taylor P Joey Cantillo P Ryan Gusto SS Masyn Winn,,,
737,5213104278,thespear007,0,104,1B Michael Busch 2B Nico Hoerner 3B Tommy White C Jonah Heim OF Pete Crow-Armstrong OF Henry Bolte OF Lawrence Butler P Jacob Misiorowski P Grant Holmes SS Jacob Wilson,,,
738,5212888457,Mikie21,0,103.85,1B Nathaniel Lowe 2B Jackson Holliday 3B Coby Mayo C Rafael Flores Jr. OF Jac Caglianone OF Tyler Soderstrom OF Jake Mangum P Jacob Misiorowski P Shane Bieber SS Gunnar Henderson,,,
738,5212985174,ogi14us,0,103.85,1B Jac Caglianone 2B Brice Turang 3B Nick Loftin C William Contreras OF Jackson Chourio OF Starling Marte OF Josh Lowe P Jacob Misiorowski P Sean Manaea SS George Lombard Jr.,,,
738,5213160317,GameOn1,0,103.85,1B Luis Garcia Jr. 2B Luis Arraez 3B Bryson Stott C Jimmy Crooks OF Brandon Marsh OF Spencer Jones OF Justin Crawford P Jacob Misiorowski P Sean Manaea SS Francisco Lindor,,,
741,5212975072,bhrunner3,0,103.7,1B Willson Contreras 2B Bryson Stott 3B Willi Castro C Jake Rogers OF Ceddanne Rafaela OF Jarren Duran OF Dylan Beavers P Jesus Luzardo P Matthew Boyd SS Otto Lopez,,,
741,5213030595,edub1976,0,103.7,1B Michael Busch 2B Anthony Seigler 3B Nick Loftin C Miguel Amaya OF Pete Crow-Armstrong OF Michael Conforto OF Tyrone Taylor P Jacob Misiorowski P Grayson Rodriguez SS Bobby Witt Jr.,,,
741,5213119897,vymo09,0,103.7,1B Nolan Schanuel 2B Luis Arraez 3B Ezequiel Duran C Henry Davis OF Mickey Moniak OF Steven Kwan OF Myles Straw P Cam Schlittler P Jesus Luzardo SS Andruw Monasterio,,,
744,5213135069,hannah2208,0,103.600006,1B Jac Caglianone 2B Jeff McNeil 3B Ernie Clement C Jonah Heim OF Tyler Soderstrom OF Brandon Nimmo OF Spencer Jones P Cam Schlittler P Randy Dobnak SS Bobby Witt Jr.,,,
745,5213261306,mike607,0,103.45,1B Jake Bauers 2B Angel Genao 3B Ernie Clement C William Contreras OF Jackson Chourio OF Henry Bolte OF Brandon Lockridge P Jacob Misiorowski P Matthew Boyd SS George Lombard Jr.,,,
745,5213301542,Mrhelo,0,103.45,1B Nolan Schanuel 2B Angel Genao 3B Bryson Stott C Luke Maile OF Esmerlyn Valdez OF Cole Carrigg OF Ronny Simon P Jacob Misiorowski P Cam Schlittler SS George Lombard Jr.,,,
745,5213331132,ajb04,0,103.45,1B Jake Burger 2B Ronny Simon 3B Tommy White C Jonah Heim OF Wyatt Langford OF Henry Bolte OF Brett Bateman P Jacob Misiorowski P Cam Schlittler SS Jacob Wilson,,,
748,5213278520,durasfm,0,103.4,1B Bryce Harper 2B JJ Wetherholt 3B Alec Bohm C Jimmy Crooks OF Jordan Walker OF Jake McCarthy OF Bryan Torres P Matthew Boyd P Joey Cantillo SS Masyn Winn,,,
749,5212823901,Tunnelvision,0,103.25,1B Nathaniel Lowe 2B Ronny Simon 3B Kyle Karros C Brett Sullivan OF Pete Crow-Armstrong OF Steven Kwan OF Brandon Lockridge P Jacob Misiorowski P Jesus Luzardo SS Andruw Monasterio,,,
749,5212983779,MasterLaster,0,103.25,1B Alec Burleson 2B Travis Bazzana 3B Jose Fermin C Jimmy Crooks OF Steven Kwan OF Nathan Church OF Leody Taveras P Jacob Misiorowski P Jesus Luzardo SS Ezequiel Tovar,,,
749,5213213532,easton136,0,103.25,1B Alec Bohm 2B Luis Arraez 3B Bryson Stott C Austin Wells OF Brandon Marsh OF Spencer Jones OF Justin Crawford P Jacob Misiorowski P Jesus Luzardo SS George Lombard Jr.,,,
752,5212935151,henhugh,0,103.2,1B Nolan Schanuel 2B Nick Sogard 3B Alec Bohm C Ivan Herrera OF Jake Bauers OF Ceddanne Rafaela OF Jarren Duran P Jesus Luzardo P Joey Cantillo SS Andruw Monasterio,,,
753,5212685421,Keroppi613,0,103.1,1B Michael Busch 2B Ronny Simon 3B Alex Bregman C Salvador Perez OF Pete Crow-Armstrong OF Tyrone Taylor OF Starling Marte P Jacob Misiorowski P Ryan Gusto SS Bobby Witt Jr.,,,
753,5213085731,BigBrixey,0,103.1,1B Alec Burleson 2B Luis Arraez 3B Bryson Stott C Jimmy Crooks OF Wilyer Abreu OF Ceddanne Rafaela OF Henry Bolte P Jacob Misiorowski P Ryan Gusto SS Jackson Holliday,,,
753,5213165137,thundernation44,0,103.1,1B Michael Busch 2B Nick Sogard 3B Alex Bregman C Ivan Herrera OF Pete Crow-Armstrong OF Michael Conforto OF Tyrone Taylor P Jacob Misiorowski P Ryan Gusto SS Andruw Monasterio,,,
753,5213226296,FrozenFromundaCheese,0,103.1,1B Michael Busch 2B Nick Sogard 3B Alex Bregman C Francisco Alvarez OF Wilyer Abreu OF Michael Harris II OF Brett Baty P Jacob Misiorowski P Ryan Gusto SS Gunnar Henderson,,,
753,5213230928,Gmeyer295,0,103.1,1B Michael Busch 2B Nick Sogard 3B Alex Bregman C Ivan Herrera OF Pete Crow-Armstrong OF Michael Conforto OF Tyrone Taylor P Jacob Misiorowski P Ryan Gusto SS Andruw Monasterio,,,
753,5213239751,gpayne,0,103.1,1B Jake Burger 2B JJ Wetherholt 3B Kyle Karros C Salvador Perez OF Jordan Walker OF Wyatt Langford OF Braden Montgomery P Jesus Luzardo P Shane Bieber SS Gunnar Henderson,,,
753,5213286610,tmckee333,0,103.1,1B Michael Busch 2B Nick Sogard 3B Alex Bregman C Ivan Herrera OF Pete Crow-Armstrong OF Michael Conforto OF Tyrone Taylor P Jacob Misiorowski P Ryan Gusto SS Andruw Monasterio,,,
753,5213344289,crazytrav10,0,103.1,1B TJ Rumfield 2B Jackson Holliday 3B Jose Ramirez C Elias Diaz OF Jackson Chourio OF Jake McCarthy OF Henry Bolte P Jacob Misiorowski P Ryan Gusto SS Corey Seager,,,
761,5212910612,fantasychad,0,103,1B Andrew Vaughn 2B Brice Turang 3B David Hamilton C Gary Sanchez OF Jackson Chourio OF Jarren Duran OF Steven Kwan P Jacob Misiorowski P Grant Holmes SS Jackson Holliday,,,
761,5213049612,mzubs11,0,103,1B Alec Burleson 2B Bryson Stott 3B Alex Bregman C J.T. Realmuto OF Jose Fermin OF Nathan Church OF Tyrone Taylor P Jacob Misiorowski P Grant Holmes SS Trea Turner,,,
761,5213057719,DaSwampMonstah,0,103,1B Kyle Stowers 2B Xavier Edwards 3B Denzer Guzman C Ivan Herrera OF Jordan Walker OF Nathan Church OF Bryan Torres P Jacob Misiorowski P Grant Holmes SS Otto Lopez,,,
764,5212913408,Slick517,0,102.85,1B Alec Burleson 2B JJ Wetherholt 3B Ezequiel Duran C Jimmy Crooks OF Ian Happ OF Nathan Church OF Bryan Torres P Jacob Misiorowski P Kumar Rocker SS Corey Seager,,,
765,5212982560,Winbig26,0,102.7,1B Willson Contreras 2B Anthony Seigler 3B David Hamilton C Jake Rogers OF Kyle Schwarber OF Jarren Duran OF Luis Lara P Jacob Misiorowski P Grayson Rodriguez SS Andruw Monasterio,,,
765,5213157911,steve3258,0,102.7,1B Andrew Vaughn 2B Nico Hoerner 3B Nick Loftin C Miguel Amaya OF Pete Crow-Armstrong OF Michael Conforto OF Tyrone Taylor P Jacob Misiorowski P Grayson Rodriguez SS Bobby Witt Jr.,,,
765,5213336650,JonS72,0,102.7,1B Alec Burleson 2B Ronny Simon 3B Kyle Karros C Ivan Herrera OF Pete Crow-Armstrong OF Cole Carrigg OF Nathan Church P Jacob Misiorowski P Grayson Rodriguez SS George Lombard Jr.,,,
768,5213337325,Sheening,0,102.65,1B Michael Busch 2B Nico Hoerner 3B Tommy White C Jonah Heim OF Ian Happ OF Henry Bolte OF Michael Conforto P Jacob Misiorowski P Jared Jones SS Jacob Wilson,,,
769,5212864674,chuckiepow,0,102.6,1B Willson Contreras 2B JJ Wetherholt 3B Jose Ramirez C William Contreras OF Kyle Schwarber OF A.J. Ewing OF Ronny Simon P Davis Martin P Cade Povich SS Ezequiel Duran,,,
770,5212766583,T41129130907,0,102.55,1B Michael Busch 2B Ronny Simon 3B Nick Loftin C Miguel Amaya OF Pete Crow-Armstrong OF Michael Conforto OF Tyrone Taylor P Jacob Misiorowski P Connor Prielipp SS Bobby Witt Jr.,,,
771,5212961856,brianrien430,0,102.45,1B Luis Garcia Jr. 2B Ronny Simon 3B Ryan McMahon C Jimmy Crooks OF Trent Grisham OF Brandon Nimmo OF Spencer Jones P Jacob Misiorowski P Cam Schlittler SS George Lombard Jr.,,,
771,5213267573,oscargambling,0,102.45,1B Bryce Harper 2B Jonathan Ornelas 3B Tommy White C Edgar Quero OF Wilyer Abreu OF Justin Crawford OF Tyler O'Neill P Jacob Misiorowski P Cam Schlittler SS George Lombard Jr.,,,
773,5212944761,sade2595,0,102.4,1B Munetaka Murakami 2B Ronny Simon 3B Miguel Vargas C Ivan Herrera OF Wilyer Abreu OF Ian Happ OF Brandon Nimmo P Matthew Boyd P Davis Martin SS Trea Turner,,,
773,5213353733,sthuffman5,0,102.4,1B Bryce Harper 2B Brandon Lowe 3B Jose Fermin C Jimmy Crooks OF Kyle Schwarber OF Nathan Church OF Bryan Torres P Matthew Boyd P Joey Cantillo SS Masyn Winn,,,
775,5213022603,fordf1,0,102.35,1B Jake Burger 2B Brandon Lowe 3B Ezequiel Duran C Elias Diaz OF Jackson Chourio OF Brandon Nimmo OF Steven Kwan P Jesus Luzardo P Ryan Gusto SS Bobby Witt Jr.,,,
776,5212615067,impeccablycomingup,0,102.3,1B Alec Burleson 2B JJ Wetherholt 3B Kyle Karros C Jimmy Crooks OF Jordan Walker OF Mickey Moniak OF Ronny Simon P Cam Schlittler P Kumar Rocker SS Masyn Winn,,,
776,5213152619,ginnywop,0,102.3,1B Luis Garcia Jr. 2B Jazz Chisholm Jr. 3B Denzer Guzman C Ivan Herrera OF Jordan Walker OF Heliot Ramos OF Spencer Jones P Cam Schlittler P Sean Manaea SS George Lombard Jr.,,,
778,5212862369,Camtheman325,0,102.25,1B Jeff McNeil 2B Travis Bazzana 3B Jose Ramirez C Patrick Bailey OF Chase DeLauter OF Steven Kwan OF Josh Lowe P Jacob Misiorowski P Jesus Luzardo SS George Lombard Jr.,,,
778,5213038098,jsanders41,0,102.25,1B Nathaniel Lowe 2B Jackson Holliday 3B Ezequiel Duran C Gary Sanchez OF Jarren Duran OF Steven Kwan OF Ronny Simon P Jacob Misiorowski P Jesus Luzardo SS Tyler Tolbert,,,
778,5213045983,Russsuemija87,0,102.25,1B Jac Caglianone 2B Luis Arraez 3B Ryan McMahon C Ivan Herrera OF Jose Fermin OF Steven Kwan OF Tyler O'Neill P Jacob Misiorowski P Jesus Luzardo SS George Lombard Jr.,,,
778,5213093274,tynewm11,0,102.25,1B TJ Rumfield 2B Marcus Semien 3B Bryson Stott C Joe Mack OF Sam Antonacci OF Jakob Marsee OF Masataka Yoshida P Jacob Misiorowski P Jesus Luzardo SS George Lombard Jr.,,,
778,5213173315,bmoney615,0,102.25,1B Nathaniel Lowe 2B Jackson Holliday 3B Kyle Karros C Jimmy Crooks OF Pete Crow-Armstrong OF Dylan Beavers OF Ronny Simon P Jacob Misiorowski P Jesus Luzardo SS Andruw Monasterio,,,
778,5213267436,wayneb1835,0,102.25,1B Andrew Vaughn 2B Pedro Ramirez 3B Jared Triolo C Miguel Amaya OF Mickey Moniak OF Cole Carrigg OF Owen Caissie P Jacob Misiorowski P Jesus Luzardo SS Tyler Tolbert,,,
778,5213267618,jscgolf,0,102.25,1B Ben Rice 2B Jazz Chisholm Jr. 3B Ryan McMahon C Miguel Amaya OF Spencer Jones OF Michael Conforto OF Wade Meckler P Jacob Misiorowski P Jesus Luzardo SS George Lombard Jr.,,,
785,5213265776,AlmightyGabe,0,102.2,1B Jake Burger 2B Angel Genao 3B Ezequiel Duran C William Contreras OF Jake Bauers OF Wyatt Langford OF Brandon Nimmo P Jesus Luzardo P Joey Cantillo SS Corey Seager,,,
786,5213048634,cushingj,0,102.1,1B Matt Olson 2B Nico Hoerner 3B Alex Bregman C William Contreras OF A.J. Ewing OF Esteury Ruiz OF Javier Sanoja P Jesus Luzardo P Kumar Rocker SS Corey Seager,,,
786,5213130225,oneteezy,0,102.1,1B TJ Rumfield 2B Nick Sogard 3B Bryson Stott C Jake Rogers OF Kyle Schwarber OF Wilyer Abreu OF Ceddanne Rafaela P Jacob Misiorowski P Ryan Gusto SS George Lombard Jr.,,,
786,5213168982,Nadesify,0,102.1,1B Nathaniel Lowe 2B Luis Arraez 3B Ryan McMahon C Austin Wells OF Kyle Schwarber OF Bryce Harper OF Brandon Marsh P Jesus Luzardo P Kumar Rocker SS Trea Turner,,,
786,5213295207,The_Created_Void,0,102.1,1B Alec Burleson 2B JJ Wetherholt 3B Nick Loftin C Jimmy Crooks OF Jordan Walker OF Bryan Torres OF Starling Marte P Jacob Misiorowski P Ryan Gusto SS Bobby Witt Jr.,,,
786,5213332625,Whiskeypeddler,0,102.1,1B Michael Busch 2B Nick Sogard 3B Bryson Stott C Salvador Perez OF Pete Crow-Armstrong OF Tyrone Taylor OF Starling Marte P Jacob Misiorowski P Ryan Gusto SS Bobby Witt Jr.,,,
791,5212881862,AGGIES1515,0,102,1B Willson Contreras 2B Brice Turang 3B Josh Smith C Ivan Herrera OF Jackson Chourio OF Jakob Marsee OF Nathan Church P Jacob Misiorowski P Grant Holmes SS Ezequiel Tovar,,,
791,5213024869,Fortyoz,0,102,1B Nick Sogard 2B Jackson Holliday 3B Alex Bregman C Ivan Herrera OF Wilyer Abreu OF Jake McCarthy OF Ronny Simon P Jacob Misiorowski P Grant Holmes SS Corey Seager,,,
793,5213364883,12Pack88,0,101.9,1B Bryce Harper 2B Luis Arraez 3B Ryan McMahon C Edgar Quero OF Kyle Schwarber OF Nathan Church OF Justin Crawford P Jesus Luzardo P Jared Jones SS Trea Turner,,,
794,5212791116,LinkSinc,0,101.85,1B Michael Busch 2B Nick Sogard 3B Alex Bregman C Edgar Quero OF Pete Crow-Armstrong OF Michael Conforto OF Tyrone Taylor P Jacob Misiorowski P Kumar Rocker SS Colson Montgomery,,,
794,5213359865,getschmoney,0,101.85,1B Andrew Vaughn 2B JJ Wetherholt 3B Jose Fermin C Jimmy Crooks OF Wilyer Abreu OF Wyatt Langford OF Bryan Torres P Jacob Misiorowski P Sean Manaea SS Ezequiel Duran,,,
796,5212909525,dada2188,0,101.7,1B Kyle Stowers 2B Xavier Edwards 3B Jose Fermin C Ivan Herrera OF Heriberto Hernandez OF Jakob Marsee OF Nathan Church P Jacob Misiorowski P Brayan Bello SS Otto Lopez,,,
796,5213171742,86jamey,0,101.7,1B Alec Burleson 2B JJ Wetherholt 3B Kyle Karros C Jimmy Crooks OF Jordan Walker OF Chase DeLauter OF Steven Kwan P Jacob Misiorowski P Grayson Rodriguez SS George Lombard Jr.,,,
796,5213201156,Rcadet95,0,101.7,1B Willson Contreras 2B Nick Sogard 3B Ezequiel Duran C Elias Diaz OF Kyle Schwarber OF Wilyer Abreu OF Ceddanne Rafaela P Shane Bieber P Sean Manaea SS Andruw Monasterio,,,
796,5213261586,GreenTailShiner,0,101.7,1B Michael Busch 2B Angel Genao 3B Alex Bregman C Patrick Bailey OF Pete Crow-Armstrong OF Chase DeLauter OF Tyrone Taylor P Jacob Misiorowski P Grayson Rodriguez SS Dansby Swanson,,,
796,5213275722,FatherGuido,0,101.7,1B Alec Burleson 2B Nick Sogard 3B Nick Loftin C Jimmy Crooks OF Bryce Harper OF Jordan Walker OF Wade Meckler P Jacob Misiorowski P Grayson Rodriguez SS Jackson Holliday,,,
801,5213354023,EricX,0,101.65,1B Michael Busch 2B Nick Sogard 3B Ernie Clement C Jimmy Crooks OF Pete Crow-Armstrong OF Ian Happ OF Michael Conforto P Jacob Misiorowski P Cade Povich SS Dansby Swanson,,,
802,5213071467,chelterbrand,0,101.45,1B Nathaniel Lowe 2B Nick Sogard 3B Nick Loftin C Salvador Perez OF Steven Kwan OF Brenton Doyle OF Randal Grichuk P Jacob Misiorowski P Cam Schlittler SS Ezequiel Duran,,,
802,5213113945,buonomckay,0,101.45,1B Josh Bell 2B Ernie Clement 3B Ryan McMahon C Brett Sullivan OF Esmerlyn Valdez OF Cole Carrigg OF Spencer Jones P Jacob Misiorowski P Cam Schlittler SS George Lombard Jr.,,,
804,5212791962,TobyTucker,0,101.4,1B TJ Rumfield 2B Ronny Simon 3B Jose Ramirez C Agustin Ramirez OF Jackson Chourio OF Jake McCarthy OF Griffin Conine P Matthew Boyd P Joey Cantillo SS Trea Turner,,,
804,5213019723,GrinkleberryGronk,0,101.4,1B Nick Sogard 2B Anthony Seigler 3B Alex Bregman C Miguel Amaya OF Pete Crow-Armstrong OF Wilyer Abreu OF Ian Happ P Matthew Boyd P Joey Cantillo SS Andruw Monasterio,,,
806,5213067731,topcat987,0,101.35,1B Alec Burleson 2B Nick Sogard 3B Bryson Stott C Austin Wells OF Bryce Harper OF Jarren Duran OF Brandon Marsh P Jesus Luzardo P Ryan Gusto SS Bobby Witt Jr.,,,
807,5213146688,esmith911,0,101.25,1B Munetaka Murakami 2B Bryson Stott 3B Ryan McMahon C Austin Wells OF Wilyer Abreu OF Steven Kwan OF Ronny Simon P Jacob Misiorowski P Jesus Luzardo SS George Lombard Jr.,,,
807,5213165565,jaydog1313,0,101.25,1B Andrew Vaughn 2B Xavier Edwards 3B Kyle Karros C Miguel Amaya OF Jarren Duran OF Steven Kwan OF Henry Bolte P Jacob Misiorowski P Jesus Luzardo SS Corey Seager,,,
809,5212853962,Sam-I-Am,0,101.2,1B Kyle Stowers 2B Jackson Holliday 3B Nick Loftin C Salvador Perez OF Pete Crow-Armstrong OF Dylan Beavers OF Ronny Simon P Jesus Luzardo P Joey Cantillo SS Bobby Witt Jr.,,,
810,5213053222,godfatherofgainz,0,101.1,1B Alec Burleson 2B Nico Hoerner 3B Alex Bregman C Henry Davis OF Jordan Walker OF Ceddanne Rafaela OF Tyrone Taylor P Jesus Luzardo P Kumar Rocker SS Ezequiel Duran,,,
811,5212916992,clancy007k,0,101,1B Alec Burleson 2B Xavier Edwards 3B Jose Fermin C Jimmy Crooks OF Jordan Walker OF Nathan Church OF Owen Caissie P Jacob Misiorowski P Grant Holmes SS Otto Lopez,,,
812,5213062885,LukeDavid22,0,100.9,1B Pete Alonso 2B Jackson Holliday 3B Ryan McMahon C William Contreras OF Jordan Walker OF Jarren Duran OF Leody Taveras P Jesus Luzardo P Jared Jones SS Corey Seager,,,
813,5213013687,tjwellstj,0,100.85,1B Willson Contreras 2B Willi Castro 3B Jose Fermin C Jimmy Crooks OF Mike Trout OF Heliot Ramos OF Owen Caissie P Jacob Misiorowski P Sean Manaea SS Masyn Winn,,,
814,5212913025,redem7,0,100.7,1B Willson Contreras 2B Xavier Edwards 3B Javier Sanoja C Jake Rogers OF Wilyer Abreu OF Jarren Duran OF Griffin Conine P Jacob Misiorowski P Brayan Bello SS Andruw Monasterio,,,
814,5212968945,Fuzz988,0,100.7,1B Michael Busch 2B Anthony Seigler 3B Alex Bregman C Jake Rogers OF Pete Crow-Armstrong OF Jarren Duran OF Eli White P Jacob Misiorowski P Grayson Rodriguez SS Andruw Monasterio,,,
816,5213124695,briangoga24,0,100.6,1B Bryce Harper 2B Xavier Edwards 3B Alec Bohm C Agustin Ramirez OF Kyle Schwarber OF Brandon Marsh OF Owen Caissie P Joey Cantillo P Cade Povich SS Trea Turner,,,
817,5213125981,Hoily,0,100.549995,1B Alec Burleson 2B JJ Wetherholt 3B Willi Castro C Ivan Herrera OF Jordan Walker OF Mickey Moniak OF Jake McCarthy P Kumar Rocker P Brayan Bello SS Ezequiel Duran,,,
818,5213088970,marksgelfand,0,100.5,1B TJ Rumfield 2B JJ Wetherholt 3B Denzer Guzman C Hunter Goodman OF Jordan Walker OF Mike Trout OF Mickey Moniak P Sean Manaea P Cade Povich SS Masyn Winn,,,
819,5212905358,TheHanManCan,0,100.45,1B Alec Burleson 2B Davis Schneider 3B Ryan McMahon C Austin Wells OF Mickey Moniak OF Starling Marte OF Josh Lowe P Jacob Misiorowski P Cam Schlittler SS Corey Seager,,,
819,5212917320,DancinPaul,0,100.45,1B Luis Garcia Jr. 2B Nick Sogard 3B Ezequiel Duran C Agustin Ramirez OF Bryce Harper OF Griffin Conine OF Brett Bateman P Jacob Misiorowski P Matthew Boyd SS George Lombard Jr.,,,
819,5213098620,DaddyMacWOSM,0,100.45,1B TJ Rumfield 2B Ronny Simon 3B Jose Ramirez C Agustin Ramirez OF Cole Carrigg OF Jo Adell OF Griffin Conine P Jacob Misiorowski P Matthew Boyd SS George Lombard Jr.,,,
819,5213230059,brielly1972,0,100.45,1B Alec Burleson 2B Cam Cauley 3B Ezequiel Duran C Moises Ballesteros OF Heriberto Hernandez OF Nathan Church OF Bryan Torres P Jacob Misiorowski P Matthew Boyd SS Otto Lopez,,,
823,5213149302,wendell123456789,0,100.35,1B Michael Busch 2B Brandon Lowe 3B Nick Gonzales C Miguel Amaya OF Pete Crow-Armstrong OF Esmerlyn Valdez OF Tyrone Taylor P Jesus Luzardo P Ryan Gusto SS Dansby Swanson,,,
823,5213167708,soxf4n,0,100.35,1B Jac Caglianone 2B Luis Arraez 3B Alec Bohm C Salvador Perez OF Bryce Harper OF Wilyer Abreu OF Starling Marte P Jesus Luzardo P Ryan Gusto SS Trea Turner,,,
825,5212940551,rkamber1,0,100.3,1B Nolan Schanuel 2B Brice Turang 3B Bryson Stott C Gary Sanchez OF Ceddanne Rafaela OF Jarren Duran OF Colton Cowser P Cam Schlittler P Kumar Rocker SS Trea Turner,,,
826,5212871698,ScooterMcGavin77,0,100.25,1B Michael Busch 2B Nico Hoerner 3B Alex Bregman C Jimmy Crooks OF Seiya Suzuki OF Jordan Walker OF Ian Happ P Jared Jones P J.T. Ginn SS Jackson Holliday,,,
826,5212884823,justindorr,0,100.25,1B Nolan Schanuel 2B Xavier Edwards 3B Denzer Guzman C Luke Maile OF Bryan Reynolds OF Jake Mangum OF Ronny Simon P Jacob Misiorowski P Jesus Luzardo SS George Lombard Jr.,,,
826,5213219344,JoeCool20-16,0,100.25,1B Jac Caglianone 2B Ronny Simon 3B Ryan McMahon C Austin Wells OF Bryce Harper OF Trent Grisham OF Spencer Jones P Jacob Misiorowski P Jesus Luzardo SS George Lombard Jr.,,,
826,5213233892,aquamegalodon,0,100.25,1B TJ Rumfield 2B Ronny Simon 3B Bryson Stott C Luke Maile OF Jake McCarthy OF Carson Benge OF Spencer Jones P Jacob Misiorowski P Jesus Luzardo SS George Lombard Jr.,,,
826,5213246331,CaptainGuts,0,100.25,1B Nathaniel Lowe 2B Angel Genao 3B Bryson Stott C Jimmy Crooks OF Wilyer Abreu OF Steven Kwan OF Nathan Church P Jacob Misiorowski P Jesus Luzardo SS Andruw Monasterio,,,
826,5213335473,Kimbingwa,0,100.25,1B Nathaniel Lowe 2B Nick Sogard 3B Nick Loftin C Jake Rogers OF Wilyer Abreu OF Ian Happ OF Henry Bolte P Jacob Misiorowski P Jesus Luzardo SS George Lombard Jr.,,,
826,5213359012,usmc0369,0,100.25,1B Nathaniel Lowe 2B Angel Genao 3B Kyle Karros C Ivan Herrera OF Jake McCarthy OF Cole Carrigg OF Ronny Simon P Jacob Misiorowski P Jesus Luzardo SS George Lombard Jr.,,,
833,5213350693,Tankmon,0,100.2,1B Kyle Stowers 2B Luis Arraez 3B Alec Bohm C Ivan Herrera OF Wyatt Langford OF Sam Antonacci OF Michael Harris II P Jesus Luzardo P Davis Martin SS Andruw Monasterio,,,
834,5213098667,biggoom,0,100.1,1B TJ Rumfield 2B Angel Genao 3B Bryson Stott C Ivan Herrera OF Bryce Harper OF Jordan Walker OF Jake McCarthy P Jesus Luzardo P Kumar Rocker SS George Lombard Jr.,,,
834,5213117804,GOINGOINGONE,0,100.1,1B TJ Rumfield 2B Xavier Edwards 3B Brooks Lee C Luke Maile OF Jordan Walker OF Jake McCarthy OF Owen Caissie P Jacob Misiorowski P Ryan Gusto SS Francisco Lindor,,,
834,5213239708,scrapdoggie,0,100.1,1B Willson Contreras 2B Ronny Simon 3B Alex Bregman C Gary Sanchez OF Jordan Walker OF Mickey Moniak OF Ian Happ P Jesus Luzardo P Kumar Rocker SS George Lombard Jr.,,,
834,5213328627,robert728,0,100.1,1B Willson Contreras 2B Luis Arraez 3B Alec Bohm C Ivan Herrera OF Jake McCarthy OF Ian Happ OF Javier Sanoja P Matthew Boyd P Jared Jones SS Dansby Swanson,,,
838,5212784846,blakemoore15,0,100,1B Nolan Schanuel 2B JJ Wetherholt 3B Jose Fermin C Moises Ballesteros OF Jordan Walker OF Mike Trout OF Wade Meckler P Jacob Misiorowski P Grant Holmes SS Masyn Winn,,,
838,5212853698,xxRagnarxx,0,100,1B Alec Bohm 2B Bryson Stott 3B Ezequiel Duran C Ivan Herrera OF Michael Harris II OF Jarren Duran OF Brandon Marsh P Jacob Misiorowski P Grant Holmes SS Andruw Monasterio,,,
840,5213184667,coachp17,0,99.9,1B Kyle Stowers 2B Xavier Edwards 3B Alex Bregman C Alejandro Kirk OF Pete Crow-Armstrong OF Ian Happ OF Henry Bolte P Jared Jones P Michael McGreevy SS Otto Lopez,,,
841,5213122207,Youngblood11,0,99.85,1B Salvador Perez 2B Davis Schneider 3B Javier Sanoja C William Contreras OF Pete Crow-Armstrong OF Brandon Marsh OF Brandon Lockridge P Jacob Misiorowski P Sean Manaea SS Jacob Wilson,,,
842,5213135239,SoreOnSunday,0,99.8,1B Alec Burleson 2B JJ Wetherholt 3B Willi Castro C Jonah Heim OF Jordan Walker OF Mickey Moniak OF Jake McCarthy P Grayson Rodriguez P Ryan Gusto SS Bobby Witt Jr.,,,
843,5212818256,pcsouthern,0,99.7,1B Jake Burger 2B Xavier Edwards 3B Javier Sanoja C Drake Baldwin OF Wyatt Langford OF Esteury Ruiz OF Griffin Conine P Jacob Misiorowski P Brayan Bello SS Corey Seager,,,
843,5213236736,bronxbs,0,99.7,1B Luis Garcia Jr. 2B Xavier Edwards 3B Kyle Karros C Agustin Ramirez OF Tyler Soderstrom OF Spencer Jones OF Henry Bolte P Cam Schlittler P Jesus Luzardo SS George Lombard Jr.,,,
843,5213251634,nastynick72,0,99.7,1B Alec Burleson 2B JJ Wetherholt 3B Kyle Karros C Jimmy Crooks OF Jordan Walker OF Esmerlyn Valdez OF Braden Montgomery P Cam Schlittler P Michael McGreevy SS Tyler Tolbert,,,
843,5213328391,wbergland,0,99.7,1B Alec Burleson 2B JJ Wetherholt 3B Ezequiel Duran C Jimmy Crooks OF Wilyer Abreu OF Jake McCarthy OF Ronny Simon P Jacob Misiorowski P Grayson Rodriguez SS George Lombard Jr.,,,
847,5213089673,robweems,0,99.65,1B Nolan Schanuel 2B Anthony Seigler 3B Ezequiel Duran C Ivan Herrera OF Jackson Chourio OF Steven Kwan OF Colton Cowser P Jacob Misiorowski P Jared Jones SS Andruw Monasterio,,,
847,5213328533,bishops1800,0,99.65,1B Jake Burger 2B Angel Genao 3B Alex Bregman C Gary Sanchez OF Pete Crow-Armstrong OF Griffin Conine OF Randal Grichuk P Jacob Misiorowski P Jared Jones SS Luisangel Acuna,,,
849,5212983115,sammagni1,0,99.5,1B Kyle Stowers 2B Nick Sogard 3B Nick Gonzales C Ivan Herrera OF Jordan Walker OF Jarren Duran OF Jake Mangum P Jesus Luzardo P Michael McGreevy SS Andruw Monasterio,,,
850,5212833458,jobukeal,0,99.45,1B Kyle Stowers 2B Willi Castro 3B Ezequiel Duran C Austin Wells OF Jarren Duran OF Jo Adell OF Steven Kwan P Jacob Misiorowski P Matthew Boyd SS Jackson Holliday,,,
850,5213331295,Finlaggan,0,99.45,1B Nick Sogard 2B Anthony Seigler 3B Javier Sanoja C Austin Wells OF Trent Grisham OF Jarren Duran OF Spencer Jones P Jacob Misiorowski P Cam Schlittler SS George Lombard Jr.,,,
850,5213363206,getmoney81,0,99.45,1B Matt Olson 2B Royce Lewis 3B Nick Loftin C Luke Maile OF Braden Montgomery OF Wade Meckler OF Brett Bateman P Jacob Misiorowski P Cam Schlittler SS Andres Gimenez,,,
853,5212992355,tszone72,0,99.35,1B Willson Contreras 2B Nick Sogard 3B Alex Bregman C Jonah Heim OF Wilyer Abreu OF Ceddanne Rafaela OF Ian Happ P Jesus Luzardo P Ryan Gusto SS Andruw Monasterio,,,
854,5213012481,sdot76,0,99.25,1B Salvador Perez 2B Nick Sogard 3B Nick Loftin C Jimmy Crooks OF Wilyer Abreu OF Ceddanne Rafaela OF Starling Marte P Jacob Misiorowski P Jesus Luzardo SS Jackson Holliday,,,
854,5213024615,cuervogold,0,99.25,1B Nolan Schanuel 2B Marcus Semien 3B Alec Bohm C J.T. Realmuto OF Jarren Duran OF Justin Crawford OF Brandon Lockridge P Jacob Misiorowski P Jesus Luzardo SS Andruw Monasterio,,,
854,5213072120,CityofBradfordlyLove,0,99.25,1B Jeff McNeil 2B Josh Smith 3B Kyle Karros C Austin Wells OF Bryce Harper OF Ronald Acuna Jr. OF Brett Bateman P Jacob Misiorowski P Jesus Luzardo SS Jacob Wilson,,,
854,5213088820,opbabored,0,99.25,1B Andrew Vaughn 2B Angel Genao 3B Kyle Karros C Moises Ballesteros OF Pete Crow-Armstrong OF Cole Carrigg OF Tyler O'Neill P Jacob Misiorowski P Jesus Luzardo SS George Lombard Jr.,,,
854,5213145785,jenniemichell1225,0,99.25,1B TJ Rumfield 2B Ronny Simon 3B Kyle Karros C Jonah Heim OF Jake McCarthy OF Henry Bolte OF Nathan Church P Jacob Misiorowski P Jesus Luzardo SS Jacob Wilson,,,
854,5213191285,stangs47,0,99.25,1B Kyle Stowers 2B Nick Sogard 3B Nick Gonzales C Jimmy Crooks OF Henry Bolte OF Nathan Church OF Wade Meckler P Jacob Misiorowski P Jesus Luzardo SS Andruw Monasterio,,,
854,5213268770,dean78904,0,99.25,1B Alec Burleson 2B Angel Genao 3B Ryan McMahon C Jimmy Crooks OF Jordan Walker OF Heliot Ramos OF Michael Conforto P Jacob Misiorowski P Jesus Luzardo SS George Lombard Jr.,,,
854,5213287897,Pootnami,0,99.25,1B Nick Sogard 2B Anthony Seigler 3B Nick Loftin C Moises Ballesteros OF Wilyer Abreu OF Jarren Duran OF Griffin Conine P Jacob Misiorowski P Jesus Luzardo SS George Lombard Jr.,,,
854,5213338320,r1boomer,0,99.25,1B Jake Burger 2B Jonathan Ornelas 3B Jose Fermin C Edgar Quero OF Bryce Harper OF Jordan Walker OF Henry Bolte P Jacob Misiorowski P Jesus Luzardo SS Luisangel Acuna,,,
854,5213364084,fmsutphin,0,99.25,1B Andrew Vaughn 2B Ronny Simon 3B Kyle Karros C Jimmy Crooks OF Wilyer Abreu OF Ian Happ OF Steven Kwan P Jacob Misiorowski P Jesus Luzardo SS Andruw Monasterio,,,
864,5212859722,vicxy10,0,99.1,1B Michael Busch 2B Nick Sogard 3B Nick Loftin C Salvador Perez OF Pete Crow-Armstrong OF Ian Happ OF Michael Conforto P Jesus Luzardo P Kumar Rocker SS Bobby Witt Jr.,,,
864,5213268690,agrieman1,0,99.1,1B Jake Burger 2B Justin Foscue 3B Nick Loftin C Hunter Goodman OF Wyatt Langford OF Brandon Nimmo OF Cam Cauley P Jacob Misiorowski P Ryan Gusto SS Bobby Witt Jr.,,,
864,5213335152,egar15,0,99.1,1B Willson Contreras 2B Nick Sogard 3B Alex Bregman C Ivan Herrera OF Pete Crow-Armstrong OF Michael Conforto OF Brett Bateman P Jacob Misiorowski P Ryan Gusto SS Andruw Monasterio,,,
867,5213365730,moze,0,99,1B Alec Burleson 2B Jeff McNeil 3B Ryan McMahon C Hunter Goodman OF Jordan Walker OF Mickey Moniak OF Lawrence Butler P Jacob Misiorowski P Grant Holmes SS Ezequiel Tovar,,,
868,5213130396,doran,0,98.95,1B Nathaniel Lowe 2B Luis Arraez 3B Bryson Stott C J.T. Realmuto OF Bryce Harper OF Chase DeLauter OF Steven Kwan P Jesus Luzardo P Brayan Bello SS Trea Turner,,,
869,5213346842,bigmantd,0,98.9,1B Salvador Perez 2B Jackson Holliday 3B Bryson Stott C Ivan Herrera OF Jake McCarthy OF Esmerlyn Valdez OF Heliot Ramos P Jesus Luzardo P Jared Jones SS Francisco Lindor,,,
870,5212713528,lukb97,0,98.85,1B Michael Busch 2B Nick Sogard 3B Alex Bregman C Jimmy Crooks OF Wilyer Abreu OF Ian Happ OF Michael Conforto P Jacob Misiorowski P Kumar Rocker SS Dansby Swanson,,,
870,5212924553,boboent1,0,98.85,1B TJ Rumfield 2B Luis Arraez 3B Oswaldo Cabrera C Hunter Goodman OF Esmerlyn Valdez OF Jo Adell OF Owen Caissie P Jacob Misiorowski P Sean Manaea SS Tyler Tolbert,,,
870,5212995611,drunkonpappy,0,98.85,1B Michael Busch 2B Ronny Simon 3B Alex Bregman C Jimmy Crooks OF Pete Crow-Armstrong OF Ian Happ OF Josh Lowe P Jacob Misiorowski P Kumar Rocker SS Dansby Swanson,,,
870,5213027563,Pinneyaj,0,98.85,1B Alec Burleson 2B Nick Sogard 3B Jose Fermin C Jake Rogers OF Jordan Walker OF Jarren Duran OF Nathan Church P Jacob Misiorowski P Sean Manaea SS Andruw Monasterio,,,
870,5213047123,avg_gam_tre,0,98.85,1B Kyle Stowers 2B Xavier Edwards 3B Nick Loftin C Salvador Perez OF Heriberto Hernandez OF Griffin Conine OF Owen Caissie P Jacob Misiorowski P Kumar Rocker SS Bobby Witt Jr.,,,
875,5212636075,stachiahouk,0,98.8,1B Royce Lewis 2B Ronny Simon 3B Willi Castro C Ivan Herrera OF Pete Crow-Armstrong OF Jake McCarthy OF Braden Montgomery P Jesus Luzardo P Connor Prielipp SS Andruw Monasterio,,,
875,5213320389,Hones2020,0,98.8,1B Luis Garcia Jr. 2B JJ Wetherholt 3B Coby Mayo C Jimmy Crooks OF Wilyer Abreu OF Ceddanne Rafaela OF Jose Fermin P Jesus Luzardo P Connor Prielipp SS Francisco Lindor,,,
877,5212949188,bigmike09,0,98.7,1B Andrew Vaughn 2B Luis Arraez 3B Nick Gonzales C William Contreras OF Kyle Schwarber OF Bryce Harper OF Wilyer Abreu P Sean Manaea P Kumar Rocker SS George Lombard Jr.,,,
877,5212985026,tonerome,0,98.7,1B Pete Alonso 2B Luis Arraez 3B Ezequiel Duran C J.T. Realmuto OF Jordan Walker OF Mike Trout OF Ceddanne Rafaela P Randy Dobnak P Connor Prielipp SS Jackson Holliday,,,
877,5213073351,Stevenp1973,0,98.7,1B Kyle Stowers 2B Luis Arraez 3B Willi Castro C Henry Davis OF Jake McCarthy OF Carson Benge OF Jake Mangum P Jacob Misiorowski P Brayan Bello SS George Lombard Jr.,,,
877,5213148041,defsoad,0,98.7,1B Michael Busch 2B Jazz Chisholm Jr. 3B Ryan McMahon C Austin Wells OF Pete Crow-Armstrong OF Wyatt Langford OF Trent Grisham P Jacob Misiorowski P Grayson Rodriguez SS George Lombard Jr.,,,
877,5213350422,vanillarose,0,98.7,1B Royce Lewis 2B Ronny Simon 3B Nick Loftin C Agustin Ramirez OF Jake McCarthy OF Esmerlyn Valdez OF Jake Mangum P Cam Schlittler P Jesus Luzardo SS George Lombard Jr.,,,
882,5212847136,QBennett,0,98.45,1B Matt Olson 2B Angel Genao 3B Kyle Karros C Salvador Perez OF Pete Crow-Armstrong OF Steven Kwan OF Brett Bateman P Jacob Misiorowski P Matthew Boyd SS Ezequiel Duran,,,
882,5213039295,Howardthedog,0,98.45,1B Nolan Schanuel 2B Nick Sogard 3B Denzer Guzman C Moises Ballesteros OF Trent Grisham OF Wade Meckler OF Josh Lowe P Jacob Misiorowski P Cam Schlittler SS Trea Turner,,,
882,5213071554,Beginners,0,98.45,1B Royce Lewis 2B Angel Genao 3B Kyle Karros C Ivan Herrera OF Sam Antonacci OF Henry Bolte OF Ronny Simon P Jacob Misiorowski P Cam Schlittler SS George Lombard Jr.,,,
882,5213347891,jesseem,0,98.45,1B Jeff McNeil 2B Xavier Edwards 3B Austin Riley C Jonah Heim OF Spencer Jones OF Henry Bolte OF Wade Meckler P Jacob Misiorowski P Cam Schlittler SS George Lombard Jr.,,,
886,5212888433,Tyriq0514,0,98.25,1B Andrew Vaughn 2B Ronny Simon 3B Alex Bregman C William Contreras OF Luis Lara OF Steven Kwan OF Brandon Lockridge P Jacob Misiorowski P Jesus Luzardo SS Jackson Holliday,,,
886,5213293454,MindyZ31,0,98.25,1B Andrew Vaughn 2B Xavier Edwards 3B Jose Ramirez C Ivan Herrera OF Jordan Walker OF Jarren Duran OF Steven Kwan P Jesus Luzardo P Grant Holmes SS Corey Seager,,,
886,5213336389,swimsushi,0,98.25,1B Jake Burger 2B Marcus Semien 3B Bryson Stott C Austin Wells OF Esmerlyn Valdez OF Cole Carrigg OF Spencer Jones P Jacob Misiorowski P Jesus Luzardo SS George Lombard Jr.,,,
889,5213056223,cj97825,0,98.2,1B Andrew Vaughn 2B Bryson Stott 3B Ryan McMahon C Austin Wells OF Pete Crow-Armstrong OF Jackson Chourio OF Jake McCarthy P Jesus Luzardo P Joey Cantillo SS George Lombard Jr.,,,
890,5212850464,tictactfree,0,98.1,1B Paul Goldschmidt 2B Marcus Semien 3B Alex Bregman C J.T. Realmuto OF Bryce Harper OF Mike Trout OF Jake McCarthy P Sean Manaea P Michael McGreevy SS Bobby Witt Jr.,,,
890,5213150431,texasnumbercruncher,0,98.1,1B Michael Busch 2B Nick Sogard 3B Nick Loftin C Salvador Perez OF Pete Crow-Armstrong OF Ian Happ OF Tyrone Taylor P Jacob Misiorowski P Ryan Gusto SS Dansby Swanson,,,
890,5213265839,TY54321,0,98.1,1B Michael Busch 2B Ronny Simon 3B Alex Bregman C Henry Davis OF Pete Crow-Armstrong OF Wilyer Abreu OF Michael Conforto P Jacob Misiorowski P Ryan Gusto SS Dansby Swanson,,,
890,5213355744,Hokies07,0,98.1,1B Nick Sogard 2B Willi Castro 3B Bryson Stott C Gary Sanchez OF Jackson Chourio OF Ceddanne Rafaela OF Eli White P Jesus Luzardo P Kumar Rocker SS Bobby Witt Jr.,,,
894,5213332347,znondorf1,0,98.05,1B TJ Rumfield 2B Jazz Chisholm Jr. 3B Ezequiel Duran C Drake Baldwin OF Jake Bauers OF Wyatt Langford OF Henry Bolte P Matthew Boyd P J.T. Ginn SS Colson Montgomery,,,
895,5213356096,xela82,0,97.85,1B Nathaniel Lowe 2B Nick Sogard 3B Alex Bregman C Miguel Amaya OF Pete Crow-Armstrong OF Ian Happ OF Tyrone Taylor P Jacob Misiorowski P Kumar Rocker SS Andruw Monasterio,,,
896,5213277950,darrellsaxton,0,97.7,1B Kyle Stowers 2B Nick Sogard 3B Jose Fermin C Ivan Herrera OF Ceddanne Rafaela OF Jake McCarthy OF Wade Meckler P Jacob Misiorowski P Brayan Bello SS Masyn Winn,,,
896,5213366218,Clippy,0,97.7,1B Nathaniel Lowe 2B Angel Genao 3B Miguel Vargas C Jimmy Crooks OF Tyler Soderstrom OF Jake McCarthy OF Cole Carrigg P Jesus Luzardo P Matthew Boyd SS Trea Turner,,,
898,5213117797,bravesfan2366,0,97.65,1B Luis Garcia Jr. 2B Nick Sogard 3B Tommy White C Jake Rogers OF Kyle Schwarber OF Brenton Doyle OF Owen Caissie P Jacob Misiorowski P Jared Jones SS Ezequiel Duran,,,
898,5213280343,demetrius.bailey,0,97.65,1B Salvador Perez 2B Luis Arraez 3B Bryson Stott C Hunter Goodman OF Pete Crow-Armstrong OF Tyler Soderstrom OF Brenton Doyle P Davis Martin P Grayson Rodriguez SS Bobby Witt Jr.,,,
900,5212845825,JLOVEDAY25,0,97.55,1B Willson Contreras 2B Nick Sogard 3B Bryson Stott C J.T. Realmuto OF Kyle Schwarber OF Bryce Harper OF Ceddanne Rafaela P Kumar Rocker P Grayson Rodriguez SS Trea Turner,,,
900,5213302270,lance33066,0,97.55,1B Vladimir Guerrero Jr. 2B Jazz Chisholm Jr. 3B Bryson Stott C Jonah Heim OF Jordan Walker OF Cole Carrigg OF Jarren Duran P Cam Schlittler P Ryan Gusto SS Tyler Tolbert,,,
902,5213281349,markmajors,0,97.5,1B Bryce Harper 2B Luis Arraez 3B Jose Ramirez C J.T. Realmuto OF Kyle Schwarber OF Jac Caglianone OF Starling Marte P Kumar Rocker P Michael Lorenzen SS Trea Turner,,,
903,5212937998,gmull73,0,97.45,1B Jake Burger 2B Jazz Chisholm Jr. 3B Alec Bohm C J.T. Realmuto OF Heliot Ramos OF Steven Kwan OF Spencer Jones P Jacob Misiorowski P Matthew Boyd SS Jackson Holliday,,,
903,5213133621,CaliSippiGyrl,0,97.45,1B Nick Sogard 2B Jackson Holliday 3B Tommy White C Jake Rogers OF Wilyer Abreu OF Ceddanne Rafaela OF Eli White P Jacob Misiorowski P Cam Schlittler SS Luisangel Acuna,,,
903,5213175486,robertebert10,0,97.45,1B Vladimir Guerrero Jr. 2B Nick Sogard 3B Ezequiel Duran C Salvador Perez OF Masataka Yoshida OF Colton Cowser OF Kyle Isbel P Jacob Misiorowski P Cam Schlittler SS Andruw Monasterio,,,
906,5212961009,kush69,0,97.25,1B Michael Busch 2B Ronny Simon 3B Jose Fermin C Jimmy Crooks OF Pete Crow-Armstrong OF Nathan Church OF Bryan Torres P Jacob Misiorowski P Jesus Luzardo SS Luisangel Acuna,,,
906,5213029973,jpreda,0,97.25,1B Nathaniel Lowe 2B Nick Sogard 3B Ernie Clement C Austin Wells OF Jackson Chourio OF Wyatt Langford OF Ronny Simon P Jacob Misiorowski P Jesus Luzardo SS George Lombard Jr.,,,
906,5213116836,unico10,0,97.25,1B Nolan Schanuel 2B Nick Sogard 3B Tommy White C Moises Ballesteros OF Ceddanne Rafaela OF Henry Bolte OF Wade Meckler P Jacob Misiorowski P Jesus Luzardo SS Zach Neto,,,
906,5213262289,postalinfl55,0,97.25,1B Nathaniel Lowe 2B Angel Genao 3B Bryson Stott C Austin Wells OF Wilyer Abreu OF Jake McCarthy OF Spencer Jones P Jacob Misiorowski P Jesus Luzardo SS George Lombard Jr.,,,
906,5213358444,durkee3,0,97.25,1B Munetaka Murakami 2B Ronny Simon 3B Nick Loftin C Edgar Quero OF Ceddanne Rafaela OF Jake Mangum OF Wade Meckler P Jacob Misiorowski P Jesus Luzardo SS George Lombard Jr.,,,
911,5212528593,mitras123,0,97.1,1B TJ Rumfield 2B Chase Meidroth 3B Ezequiel Duran C Agustin Ramirez OF Pete Crow-Armstrong OF Kyle Schwarber OF Josh Lowe P Jacob Misiorowski P Ryan Gusto SS Jacob Gonzalez,,,
911,5212911774,Treball,0,97.1,1B Bryce Harper 2B Nick Sogard 3B Ryan McMahon C Austin Wells OF Kyle Schwarber OF Wilyer Abreu OF Jarren Duran P Jesus Luzardo P Kumar Rocker SS Andruw Monasterio,,,
911,5213144072,madballnj,0,97.1,1B Michael Busch 2B Nico Hoerner 3B Nick Loftin C Jake Rogers OF Pete Crow-Armstrong OF Wilyer Abreu OF Tyrone Taylor P Jacob Misiorowski P Ryan Gusto SS Dansby Swanson,,,
911,5213291477,Keeeeeeet22,0,97.1,1B Alec Burleson 2B Angel Genao 3B Willi Castro C Hunter Goodman OF Wilyer Abreu OF Jake McCarthy OF Ronny Simon P Jesus Luzardo P Kumar Rocker SS Corey Seager,,,
915,5213063005,makeitrainonem,0,97,1B Luis Garcia Jr. 2B Jazz Chisholm Jr. 3B Ryan McMahon C Salvador Perez OF Heliot Ramos OF Griffin Conine OF Spencer Jones P Cam Schlittler P Connor Prielipp SS Bobby Witt Jr.,,,
916,5212923801,jradesanmi,0,96.95,1B Bryce Harper 2B Luis Arraez 3B Austin Riley C J.T. Realmuto OF Kyle Schwarber OF Michael Harris II OF Henry Bolte P Joey Cantillo P Grant Holmes SS Trea Turner,,,
917,5213149095,deeper3088,0,96.9,1B Michael Busch 2B Xavier Edwards 3B Miguel Vargas C Jonah Heim OF Jackson Chourio OF Trevor Larnach OF Steven Kwan P Jesus Luzardo P Cade Povich SS Andruw Monasterio,,,
917,5213183849,Schmidtzp,0,96.9,1B Matt Olson 2B JJ Wetherholt 3B Kyle Karros C Ivan Herrera OF Ronald Acuna Jr. OF Jake McCarthy OF Heliot Ramos P Jesus Luzardo P Cade Povich SS George Lombard Jr.,,,
917,5213319755,TheKingKaz,0,96.9,1B Bryce Harper 2B Nick Sogard 3B Ezequiel Duran C Jimmy Crooks OF Heriberto Hernandez OF Brandon Nimmo OF Griffin Conine P Jesus Luzardo P Jared Jones SS Corey Seager,,,
920,5213052352,Skoorbtra,0,96.85,1B Alec Burleson 2B Ronny Simon 3B Miguel Vargas C Ivan Herrera OF Jake McCarthy OF Steven Kwan OF Randal Grichuk P Jacob Misiorowski P Kumar Rocker SS Andruw Monasterio,,,
920,5213368216,toungepunch10,0,96.85,1B Nathaniel Lowe 2B Xavier Edwards 3B Bryson Stott C Luke Maile OF Jordan Walker OF Esmerlyn Valdez OF Ronny Simon P Jacob Misiorowski P Sean Manaea SS Andruw Monasterio,,,
922,5213233808,Marsharks,0,96.8,1B Michael Busch 2B Michael Massey 3B Alex Bregman C Salvador Perez OF Pete Crow-Armstrong OF Ian Happ OF Michael Conforto P Joey Cantillo P Kumar Rocker SS Bobby Witt Jr.,,,
923,5213286347,QBKillaz,0,96.7,1B Nathaniel Lowe 2B Xavier Edwards 3B Miguel Vargas C Patrick Bailey OF Jake McCarthy OF Wyatt Langford OF Chase DeLauter P Jesus Luzardo P Matthew Boyd SS Brayan Rocchio,,,
924,5212832386,GoHuskies206,0,96.65,1B Alec Burleson 2B Jackson Holliday 3B Bryson Stott C Ivan Herrera OF Jarren Duran OF Steven Kwan OF Nathan Church P Jacob Misiorowski P Jared Jones SS George Lombard Jr.,,,
925,5213169273,Webedawgs,0,96.6,1B Kyle Stowers 2B Luis Arraez 3B Bryson Stott C J.T. Realmuto OF Justin Crawford OF Starling Marte OF Kyle Isbel P Jacob Misiorowski P J.T. Ginn SS Trea Turner,,,
925,5213312523,NeEdMoMoNeE,0,96.6,1B Bryce Harper 2B Luis Arraez 3B Bryson Stott C Austin Wells OF Kyle Schwarber OF Trent Grisham OF Brandon Marsh P Joey Cantillo P Jared Jones SS George Lombard Jr.,,,
927,5213087413,RSH427R,0,96.45,1B Ben Rice 2B Jackson Holliday 3B Jose Ramirez C Austin Wells OF Jake Mangum OF Spencer Jones OF Ronny Simon P Jacob Misiorowski P Matthew Boyd SS George Lombard Jr.,,,
928,5212932148,Nitram99,0,96.25,1B Kyle Stowers 2B Ronny Simon 3B Kyle Karros C Edgar Quero OF Jake McCarthy OF Jarren Duran OF Spencer Jones P Jacob Misiorowski P Jesus Luzardo SS Andruw Monasterio,,,
928,5213061511,ohiolevi,0,96.25,1B Andrew Vaughn 2B Angel Genao 3B Jose Ramirez C Austin Wells OF Chase DeLauter OF Steven Kwan OF Spencer Jones P Jacob Misiorowski P Jesus Luzardo SS Brayan Rocchio,,,
928,5213168287,RuthlessVillain,0,96.25,1B Andrew Vaughn 2B Willi Castro 3B Kyle Karros C Jimmy Crooks OF Mickey Moniak OF Jake McCarthy OF Tyler O'Neill P Jacob Misiorowski P Jesus Luzardo SS George Lombard Jr.,,,
928,5213230241,FLAVE42,0,96.25,1B Luis Garcia Jr. 2B Nico Hoerner 3B Ezequiel Duran C Moises Ballesteros OF Spencer Jones OF Nathan Church OF Bryan Torres P Jacob Misiorowski P Jesus Luzardo SS George Lombard Jr.,,,
928,5213339698,JohnnyUtahFroio,0,96.25,1B Nick Sogard 2B Luis Arraez 3B Bryson Stott C Edgar Quero OF Jackson Chourio OF Wilyer Abreu OF Brett Bateman P Jacob Misiorowski P Michael McGreevy SS Otto Lopez,,,
933,5212846654,gwells23,0,96.1,1B Willson Contreras 2B Bryson Stott 3B Alec Bohm C J.T. Realmuto OF Wilyer Abreu OF Brandon Marsh OF Justin Crawford P Jacob Misiorowski P Ryan Gusto SS Dansby Swanson,,,
933,5213270528,Darkhorse911,0,96.1,1B Michael Busch 2B Michael Massey 3B Nick Loftin C Salvador Perez OF Pete Crow-Armstrong OF Tyrone Taylor OF Starling Marte P Jacob Misiorowski P Ryan Gusto SS Bobby Witt Jr.,,,
933,5213290352,jromani12,0,96.1,1B Michael Busch 2B Nick Sogard 3B Alex Bregman C Jake Rogers OF Wilyer Abreu OF Ceddanne Rafaela OF Ian Happ P Jacob Misiorowski P Ryan Gusto SS Andruw Monasterio,,,
933,5213319382,mawages,0,96.1,1B Michael Busch 2B Nick Sogard 3B Alex Bregman C Jake Rogers OF Wilyer Abreu OF Ceddanne Rafaela OF Ian Happ P Jacob Misiorowski P Ryan Gusto SS Andruw Monasterio,,,
937,5213346129,slpdrummer,0,95.95,1B Alec Burleson 2B Bryson Stott 3B Kyle Karros C Moises Ballesteros OF Jordan Walker OF Jake Mangum OF Ronny Simon P Jacob Misiorowski P Joey Cantillo SS George Lombard Jr.,,,
938,5212796810,toddyur,0,95.7,1B Willson Contreras 2B Adam Frazier 3B Ryan McMahon C Patrick Bailey OF Kyle Schwarber OF Ceddanne Rafaela OF Spencer Jones P Jacob Misiorowski P Brayan Bello SS Trea Turner,,,
938,5212946335,steelhart1,0,95.7,1B Paul Goldschmidt 2B Chase Meidroth 3B Jose Caballero C Tyler Heineman OF Esmerlyn Valdez OF Michael Harris II OF Brandon Nimmo P Cam Schlittler P Jesus Luzardo SS Ezequiel Duran,,,
938,5213074538,cmoran4697,0,95.7,1B TJ Rumfield 2B Jackson Holliday 3B Ryan McMahon C Hunter Goodman OF Wilyer Abreu OF Jake McCarthy OF Cole Carrigg P Jacob Misiorowski P Grayson Rodriguez SS George Lombard Jr.,,,
938,5213249651,mattrix83,0,95.7,1B Andrew Vaughn 2B Ronny Simon 3B Alex Bregman C Jimmy Crooks OF Pete Crow-Armstrong OF Wilyer Abreu OF Ian Happ P Jacob Misiorowski P Grayson Rodriguez SS George Lombard Jr.,,,
942,5212723191,OussyMoosy,0,95.65,1B Alec Bohm 2B Ernie Clement 3B Ezequiel Duran C Jonah Heim OF Jo Adell OF Heliot Ramos OF Luis Robert Jr. P Jacob Misiorowski P Cade Povich SS Francisco Lindor,,,
943,5212800893,zinner5,0,95.55,1B Bryce Harper 2B Luis Arraez 3B Bryson Stott C Austin Wells OF Kyle Schwarber OF Wilyer Abreu OF Ceddanne Rafaela P Kumar Rocker P Grayson Rodriguez SS Trea Turner,,,
944,5213131013,mikeso1o,0,95.5,1B Alec Burleson 2B Nick Sogard 3B Jose Fermin C Ivan Herrera OF Jordan Walker OF Ceddanne Rafaela OF Jarren Duran P Jesus Luzardo P Michael McGreevy SS Masyn Winn,,,
945,5212787732,general_lee10,0,95.45,1B Nolan Schanuel 2B Ronny Simon 3B Kyle Karros C Agustin Ramirez OF Jordan Walker OF Jo Adell OF Brett Bateman P Jacob Misiorowski P Cam Schlittler SS George Lombard Jr.,,,
945,5212898329,pickens81,0,95.45,1B Vladimir Guerrero Jr. 2B Nick Sogard 3B Kazuma Okamoto C Jake Rogers OF Ceddanne Rafaela OF Myles Straw OF Brett Bateman P Jacob Misiorowski P Cam Schlittler SS Andres Gimenez,,,
945,5213331599,mt.thundershark,0,95.45,1B Andrew Vaughn 2B Angel Genao 3B Ernie Clement C Hunter Goodman OF Pete Crow-Armstrong OF Henry Bolte OF Ronny Simon P Jacob Misiorowski P Matthew Boyd SS George Lombard Jr.,,,
948,5213182773,stupacjmu,0,95.3,1B Vladimir Guerrero Jr. 2B Luis Arraez 3B Bryson Stott C J.T. Realmuto OF Jackson Chourio OF Justin Crawford OF Brett Bateman P Cam Schlittler P Kumar Rocker SS Trea Turner,,,
949,5212864012,flatliners2134,0,95.25,1B Nick Sogard 2B Anthony Seigler 3B Alex Bregman C Austin Wells OF Wilyer Abreu OF Jarren Duran OF Eli White P Jacob Misiorowski P Jesus Luzardo SS George Lombard Jr.,,,
949,5212995803,hph26us1,0,95.25,1B Nolan Schanuel 2B Adam Frazier 3B Ryan McMahon C Austin Wells OF Mike Trout OF Michael Harris II OF Wade Meckler P Jacob Misiorowski P Jesus Luzardo SS Zach Neto,,,
949,5213231797,tjspence24,0,95.25,1B Nathaniel Lowe 2B Angel Genao 3B Bryson Stott C Salvador Perez OF Wilyer Abreu OF Michael Harris II OF Ronny Simon P Jacob Misiorowski P Jesus Luzardo SS George Lombard Jr.,,,
949,5213347537,HPYHRS,0,95.25,1B Nick Sogard 2B Ronny Simon 3B Ezequiel Duran C Jimmy Crooks OF Cole Carrigg OF Braden Montgomery OF Brenton Doyle P Jacob Misiorowski P Jesus Luzardo SS Jacob Wilson,,,
949,5213354160,Ninerman,0,95.25,1B Nathaniel Lowe 2B Nick Sogard 3B Jose Fermin C Agustin Ramirez OF Braden Montgomery OF Griffin Conine OF Luis Lara P Jacob Misiorowski P Jesus Luzardo SS Andruw Monasterio,,,
954,5212971506,SpartyAJU,0,95.1,1B Michael Busch 2B Nick Sogard 3B Nick Loftin C Salvador Perez OF Pete Crow-Armstrong OF A.J. Ewing OF Jake Mangum P Jacob Misiorowski P Ryan Gusto SS Ezequiel Duran,,,
954,5213169376,bad_elip,0,95.1,1B Willson Contreras 2B Anthony Seigler 3B Ryan McMahon C Jimmy Crooks OF Kyle Schwarber OF Wilyer Abreu OF Jarren Duran P Jacob Misiorowski P Ryan Gusto SS Andruw Monasterio,,,
954,5213208301,Rustybutterknife,0,95.1,1B Alec Burleson 2B Willi Castro 3B Ezequiel Duran C Edgar Quero OF Pete Crow-Armstrong OF Jarren Duran OF Owen Caissie P Jacob Misiorowski P Ryan Gusto SS Andruw Monasterio,,,
954,5213346843,ama23,0,95.1,1B Kyle Stowers 2B Ronny Simon 3B Kyle Karros C Jake Rogers OF Jackson Chourio OF Wilyer Abreu OF Tyler Soderstrom P Jacob Misiorowski P Ryan Gusto SS Trea Turner,,,
958,5213191965,AdventureOutdoors,0,95,1B Jac Caglianone 2B Bryson Stott 3B Austin Riley C Ivan Herrera OF Ronald Acuna Jr. OF Brandon Nimmo OF Braden Montgomery P Jacob Misiorowski P Grant Holmes SS Ezequiel Tovar,,,
959,5212923629,5Dolans2020,0,94.95,1B Alec Burleson 2B JJ Wetherholt 3B Kyle Karros C Jimmy Crooks OF Jordan Walker OF Nathan Church OF Dylan Beavers P Jacob Misiorowski P Joey Cantillo SS Ezequiel Tovar,,,
959,5213200583,jp4real21,0,94.95,1B Jake Burger 2B Ronny Simon 3B Kyle Karros C William Contreras OF Kyle Schwarber OF Wilyer Abreu OF Brandon Lockridge P Jacob Misiorowski P Davis Martin SS Masyn Winn,,,
959,5213203866,rohde51,0,94.95,1B Ben Rice 2B Jazz Chisholm Jr. 3B Bryson Stott C J.T. Realmuto OF Kyle Schwarber OF Bryce Harper OF Spencer Jones P Kumar Rocker P Ryan Gusto SS Trea Turner,,,
959,5213279025,b732216,0,94.95,1B Andrew Vaughn 2B Nick Sogard 3B David Hamilton C Agustin Ramirez OF Jackson Chourio OF Heriberto Hernandez OF Griffin Conine P Jacob Misiorowski P Davis Martin SS Otto Lopez,,,
963,5212768192,JesusToews,0,94.9,1B Bryce Harper 2B Angel Genao 3B Kyle Karros C Miguel Amaya OF Pete Crow-Armstrong OF Wilyer Abreu OF Luke Keaschall P Jesus Luzardo P Cade Povich SS Trea Turner,,,
963,5212882851,bk41bk41bk41,0,94.9,1B Bryce Harper 2B Luis Arraez 3B Coby Mayo C Hunter Goodman OF Jose Fermin OF Steven Kwan OF Mike Yastrzemski P Jesus Luzardo P Cade Povich SS Trea Turner,,,
965,5212983537,wizzard53,0,94.85,1B Alec Burleson 2B JJ Wetherholt 3B Kyle Karros C Ivan Herrera OF Jordan Walker OF Nathan Church OF Troy Johnston P Jacob Misiorowski P Kumar Rocker SS Ezequiel Tovar,,,
965,5213069790,dbsuperman2110,0,94.85,1B Matt Olson 2B Ozzie Albies 3B Bo Bichette C Drake Baldwin OF Ronald Acuna Jr. OF Carson Benge OF Michael Harris II P J.T. Ginn P Michael McGreevy SS Francisco Lindor,,,
965,5213088769,sal-tee-17,0,94.85,1B Alec Burleson 2B Xavier Edwards 3B Ryan McMahon C Agustin Ramirez OF Jackson Chourio OF Nathan Church OF Bryan Torres P Jacob Misiorowski P Shane Bieber SS Masyn Winn,,,
968,5213286148,crabby13,0,94.8,1B Willson Contreras 2B Bryson Stott 3B Jose Fermin C Hunter Goodman OF Pete Crow-Armstrong OF Jordan Walker OF Mickey Moniak P Grayson Rodriguez P Ryan Gusto SS Ezequiel Duran,,,
969,5212737772,slwillie,0,94.7,1B TJ Rumfield 2B Xavier Edwards 3B Bryson Stott C Agustin Ramirez OF Wilyer Abreu OF Jake McCarthy OF Steven Kwan P Jesus Luzardo P Matthew Boyd SS Andruw Monasterio,,,
970,5213024862,mpoit,0,94.45,1B TJ Rumfield 2B Ronny Simon 3B Ryan McMahon C Jake Rogers OF Pete Crow-Armstrong OF Braden Montgomery OF Eli White P Jacob Misiorowski P Cam Schlittler SS Luisangel Acuna,,,
971,5212832931,Wanna_Square_Up1567,0,94.4,1B Michael Busch 2B Jazz Chisholm Jr. 3B Alex Bregman C Salvador Perez OF Pete Crow-Armstrong OF Ian Happ OF Tyrone Taylor P Connor Prielipp P Kumar Rocker SS Bobby Witt Jr.,,,
971,5213045169,Steviemavs21,0,94.4,1B Matt Olson 2B Xavier Edwards 3B Austin Riley C Hunter Goodman OF Ian Happ OF Michael Harris II OF Jarren Duran P Matthew Boyd P Davis Martin SS Gunnar Henderson,,,
973,5213107974,rizen84,0,94.25,1B Kyle Stowers 2B Xavier Edwards 3B Nolan Gorman C Ivan Herrera OF Jordan Walker OF Nathan Church OF Victor Scott II P Jacob Misiorowski P Michael McGreevy SS Otto Lopez,,,
973,5213116254,JPaynee,0,94.25,1B Alec Burleson 2B Nick Sogard 3B Jose Fermin C Ivan Herrera OF Pete Crow-Armstrong OF Nathan Church OF Michael Conforto P Jacob Misiorowski P Michael McGreevy SS George Lombard Jr.,,,
973,5213150860,mkbarton26,0,94.25,1B Andrew Vaughn 2B Nick Sogard 3B Bryson Stott C Edgar Quero OF Chase DeLauter OF Jarren Duran OF Henry Bolte P Jacob Misiorowski P Jesus Luzardo SS Andruw Monasterio,,,
973,5213319426,GSlam,0,94.25,1B Tommy White 2B Ronny Simon 3B Denzer Guzman C Jimmy Crooks OF Pete Crow-Armstrong OF Bryce Harper OF Brett Bateman P Jacob Misiorowski P Jesus Luzardo SS Ezequiel Tovar,,,
973,5213354232,RAYVENZ52,0,94.25,1B Michael Busch 2B Nick Sogard 3B Alex Bregman C Jake Rogers OF Pete Crow-Armstrong OF Wilyer Abreu OF Eli White P Jacob Misiorowski P Michael McGreevy SS George Lombard Jr.,,,
978,5212847646,JakeTM021704,0,94.2,1B Nathaniel Lowe 2B Angel Genao 3B Jose Ramirez C Patrick Bailey OF Bryce Harper OF Wyatt Langford OF Chase DeLauter P Jesus Luzardo P Joey Cantillo SS Ezequiel Duran,,,
979,5213255084,soulfly1,0,94.149994,1B Luis Garcia Jr. 2B Ernie Clement 3B Bryson Stott C Carson Kelly OF Pete Crow-Armstrong OF Wilyer Abreu OF Luis Robert Jr. P Matthew Boyd P Brayan Bello SS Andruw Monasterio,,,
980,5213300082,tiffidraft,0,94.1,1B Alec Burleson 2B JJ Wetherholt 3B Alex Bregman C Jonah Heim OF Pete Crow-Armstrong OF Wyatt Langford OF Brandon Marsh P Kumar Rocker P Michael McGreevy SS Jacob Wilson,,,
980,5213359385,ydoja2,0,94.1,1B Michael Busch 2B Nick Sogard 3B Nick Loftin C Miguel Amaya OF Pete Crow-Armstrong OF Wilyer Abreu OF Tyrone Taylor P Jacob Misiorowski P Ryan Gusto SS Dansby Swanson,,,
982,5212853252,lairdscott,0,94,1B Alec Burleson 2B Adam Frazier 3B Denzer Guzman C Ivan Herrera OF Jordan Walker OF Mike Trout OF Jose Fermin P Jacob Misiorowski P Grant Holmes SS Masyn Winn,,,
983,5213026176,Irshava2656,0,93.95,1B Vladimir Guerrero Jr. 2B Travis Bazzana 3B Bo Bichette C Alejandro Kirk OF Bryce Harper OF Ronald Acuna Jr. OF Jordan Walker P Kumar Rocker P Ryan Gusto SS Francisco Lindor,,,
983,5213093720,Stixandstonez,0,93.95,1B Bryce Harper 2B Ronny Simon 3B Kyle Karros C J.T. Realmuto OF Jordan Walker OF Jake McCarthy OF Brandon Marsh P Jesus Luzardo P Grayson Rodriguez SS Trea Turner,,,
983,5213143276,Bkent33,0,93.95,1B Bryce Harper 2B Luis Arraez 3B Bryson Stott C Salvador Perez OF Kyle Schwarber OF Wilyer Abreu OF Ceddanne Rafaela P Kumar Rocker P Ryan Gusto SS Trea Turner,,,
983,5213280830,Jeremy2023,0,93.95,1B Nathaniel Lowe 2B Angel Genao 3B Jose Ramirez C J.T. Realmuto OF Bryan Reynolds OF Steven Kwan OF Starling Marte P Jacob Misiorowski P Joey Cantillo SS Masyn Winn,,,
987,5212327853,ShaidyAdvice,0,93.85,1B Salvador Perez 2B Nico Hoerner 3B Nick Loftin C Luke Maile OF Pete Crow-Armstrong OF Ian Happ OF Tyrone Taylor P Jacob Misiorowski P Kumar Rocker SS Dansby Swanson,,,
987,5213079640,bobbo015,0,93.85,1B Alec Burleson 2B Luis Arraez 3B Ezequiel Duran C Salvador Perez OF Mickey Moniak OF Lawrence Butler OF Josh Lowe P Jacob Misiorowski P Sean Manaea SS George Lombard Jr.,,,
987,5213193533,cpee15,0,93.85,1B Michael Busch 2B Nick Sogard 3B Alex Bregman C Salvador Perez OF Pete Crow-Armstrong OF Michael Conforto OF Starling Marte P Jacob Misiorowski P Kumar Rocker SS Andruw Monasterio,,,
990,5213102855,hallitg,0,93.7,1B Michael Busch 2B Nick Sogard 3B Nick Loftin C Miguel Amaya OF Pete Crow-Armstrong OF Ceddanne Rafaela OF Tyrone Taylor P Jacob Misiorowski P Grayson Rodriguez SS Dansby Swanson,,,
991,5212711744,savallone,0,93.5,1B Alec Burleson 2B Ozzie Albies 3B Ezequiel Duran C Drake Baldwin OF Michael Harris II OF Jarren Duran OF Jake Mangum P Jesus Luzardo P Michael McGreevy SS Jacob Wilson,,,
992,5212981290,gambleman,0,93.45,1B Nolan Schanuel 2B Nick Sogard 3B Nick Loftin C J.T. Realmuto OF Trent Grisham OF Steven Kwan OF Wade Meckler P Jacob Misiorowski P Matthew Boyd SS Bobby Witt Jr.,,,
993,5212936273,Millville27,0,93.25,1B Nick Sogard 2B Anthony Seigler 3B Kyle Karros C Jimmy Crooks OF Jordan Walker OF Jake McCarthy OF Henry Bolte P Jacob Misiorowski P Jesus Luzardo SS George Lombard Jr.,,,
993,5213074149,alleghenyarrowheads,0,93.25,1B Andrew Vaughn 2B Nick Sogard 3B Kyle Karros C Miguel Amaya OF Wilyer Abreu OF Ceddanne Rafaela OF Henry Bolte P Jacob Misiorowski P Jesus Luzardo SS Ezequiel Tovar,,,
993,5213082637,tweyerich,0,93.25,1B Michael Busch 2B Nick Sogard 3B Jose Fermin C Jimmy Crooks OF Pete Crow-Armstrong OF Ian Happ OF Tyrone Taylor P Jacob Misiorowski P Michael McGreevy SS Dansby Swanson,,,
993,5213187144,DirtyO37,0,93.25,1B Willson Contreras 2B Anthony Seigler 3B Ryan McMahon C Austin Wells OF Wilyer Abreu OF Spencer Jones OF Tyler O'Neill P Jacob Misiorowski P Jesus Luzardo SS Andruw Monasterio,,,
993,5213214726,Romo2Witten82,0,93.25,1B Nathaniel Lowe 2B Ronny Simon 3B Jose Ramirez C Jimmy Crooks OF Chase DeLauter OF Jo Adell OF Steven Kwan P Jacob Misiorowski P Jesus Luzardo SS Luisangel Acuna,,,
998,5212982377,11rowe,0,93.149994,1B Willson Contreras 2B Jazz Chisholm Jr. 3B Ryan McMahon C Miguel Amaya OF Wilyer Abreu OF Ceddanne Rafaela OF Nathan Church P Cam Schlittler P Brayan Bello SS Andruw Monasterio,,,
999,5212991881,Babysnatcha,0,93,1B Nick Sogard 2B Willi Castro 3B Kyle Karros C Hunter Goodman OF Wilyer Abreu OF Jake McCarthy OF Eli White P Jacob Misiorowski P Grant Holmes SS Andruw Monasterio,,,
999,5213029234,Skinny_Joey,0,93,1B Andrew Vaughn 2B JJ Wetherholt 3B Jose Fermin C Ivan Herrera OF Jordan Walker OF Jarren Duran OF Lawrence Butler P Jacob Misiorowski P Grant Holmes SS Masyn Winn,,,
999,5213306529,Bye_product,0,93,1B Andrew Vaughn 2B Nick Sogard 3B Bryson Stott C Ivan Herrera OF Wilyer Abreu OF Jarren Duran OF Steven Kwan P Jacob Misiorowski P Grant Holmes SS Francisco Lindor,,,
1002,5212910861,WarMachine82,0,92.9,1B Kyle Stowers 2B Willi Castro 3B Ezequiel Duran C Salvador Perez OF Ceddanne Rafaela OF Heliot Ramos OF Griffin Conine P Jesus Luzardo P Jared Jones SS Jacob Wilson,,,
1003,5212967621,KCCheeZ33,0,92.85,1B Nathaniel Lowe 2B Royce Lewis 3B Kyle Karros C Ivan Herrera OF Wilyer Abreu OF Ceddanne Rafaela OF Brett Bateman P Jacob Misiorowski P Sean Manaea SS Andruw Monasterio,,,
1003,5213026741,metzykid23,0,92.85,1B Bryce Harper 2B Bryson Stott 3B Alec Bohm C J.T. Realmuto OF Wilyer Abreu OF Justin Crawford OF Eli White P Jacob Misiorowski P Kumar Rocker SS Andruw Monasterio,,,
1003,5213058280,Cubsin2300,0,92.85,1B Salvador Perez 2B Nico Hoerner 3B Nick Loftin C Brett Sullivan OF Pete Crow-Armstrong OF Michael Conforto OF Tyrone Taylor P Jacob Misiorowski P Kumar Rocker SS Bobby Witt Jr.,,,
1003,5213152669,marquie007,0,92.85,1B Tommy White 2B Jackson Holliday 3B Miguel Vargas C Drake Baldwin OF Jordan Walker OF Brandon Nimmo OF Dylan Beavers P Jacob Misiorowski P Shane Bieber SS George Lombard Jr.,,,
1003,5213322826,derrty21,0,92.85,1B Michael Busch 2B Brett Baty 3B Jose Fermin C Jimmy Crooks OF Sam Antonacci OF Jarren Duran OF Steven Kwan P Jacob Misiorowski P Sean Manaea SS Bobby Witt Jr.,,,
1008,5213364158,fladman,0,92.8,1B Ben Rice 2B Jazz Chisholm Jr. 3B Jose Ramirez C Moises Ballesteros OF Trent Grisham OF Heliot Ramos OF Heriberto Hernandez P Jesus Luzardo P Connor Prielipp SS George Lombard Jr.,,,
1009,5212920313,puppet0311,0,92.7,1B Andrew Vaughn 2B Brice Turang 3B Nick Loftin C William Contreras OF Jackson Chourio OF Jake Bauers OF Brett Bateman P Jacob Misiorowski P Grayson Rodriguez SS George Lombard Jr.,,,
1009,5213022274,Kopi11,0,92.7,1B Luis Garcia Jr. 2B Jazz Chisholm Jr. 3B Ryan McMahon C Hunter Goodman OF Jake McCarthy OF Brandon Nimmo OF Spencer Jones P Jacob Misiorowski P Grayson Rodriguez SS George Lombard Jr.,,,
1009,5213245716,doubletides,0,92.7,1B Michael Busch 2B Luis Arraez 3B Austin Riley C Austin Wells OF Wilyer Abreu OF Brandon Marsh OF Owen Caissie P Jesus Luzardo P Matthew Boyd SS Trea Turner,,,
1009,5213333556,jeffvern2001,0,92.7,1B Vladimir Guerrero Jr. 2B Bryson Stott 3B Ryan McMahon C Agustin Ramirez OF Bryce Harper OF Jac Caglianone OF Ronny Simon P Jacob Misiorowski P Brayan Bello SS Otto Lopez,,,
1013,5213231539,mkp23,0,92.55,1B Luis Garcia Jr. 2B Jazz Chisholm Jr. 3B Ryan McMahon C Ivan Herrera OF Jordan Walker OF Trent Grisham OF Myles Straw P Jacob Misiorowski P Connor Prielipp SS George Lombard Jr.,,,
1014,5213029801,Zooloo,0,92.45,1B Vladimir Guerrero Jr. 2B Nick Sogard 3B Blaze Jordan C Ivan Herrera OF Ceddanne Rafaela OF Brandon Nimmo OF Masataka Yoshida P Jacob Misiorowski P Matthew Boyd SS Masyn Winn,,,
1014,5213057975,streetceli88,0,92.45,1B Alec Bohm 2B Jazz Chisholm Jr. 3B Ryan McMahon C Austin Wells OF Brandon Marsh OF Spencer Jones OF Justin Crawford P Jacob Misiorowski P Cam Schlittler SS George Lombard Jr.,,,
1014,5213276792,solobx1,0,92.45,1B Nolan Schanuel 2B Ronny Simon 3B Tommy White C Luke Maile OF Jake McCarthy OF Michael Harris II OF Heliot Ramos P Jacob Misiorowski P Cam Schlittler SS Ezequiel Tovar,,,
1014,5213345905,bpadia,0,92.45,1B Nick Sogard 2B Michael Massey 3B Nick Loftin C Luke Maile OF Wilyer Abreu OF Starling Marte OF Kyle Isbel P Jacob Misiorowski P Cam Schlittler SS Andruw Monasterio,,,
1018,5213333762,txlawdog,0,92.4,1B Jake Burger 2B Anthony Seigler 3B Nick Gonzales C Alejandro Kirk OF Jackson Chourio OF Wilyer Abreu OF Ian Happ P Matthew Boyd P Joey Cantillo SS Jacob Wilson,,,
1018,5213354080,Qman63,0,92.4,1B Munetaka Murakami 2B Willi Castro 3B Jose Fermin C Ivan Herrera OF Bryan Reynolds OF Wilyer Abreu OF Javier Sanoja P Matthew Boyd P Davis Martin SS Colson Montgomery,,,
1020,5213135787,meyers2305,0,92.3,1B Michael Busch 2B Nick Sogard 3B Alex Bregman C Jake Rogers OF Pete Crow-Armstrong OF Ceddanne Rafaela OF Eli White P Cam Schlittler P Kumar Rocker SS Andruw Monasterio,,,
1020,5213249042,aco821,0,92.3,1B Michael Busch 2B Jazz Chisholm Jr. 3B Ezequiel Duran C Ivan Herrera OF Jackson Chourio OF Jake McCarthy OF Chase DeLauter P Matthew Boyd P Kumar Rocker SS Andruw Monasterio,,,
1022,5212756821,TheHyperCritic,0,92.25,1B Andrew Vaughn 2B Jackson Holliday 3B Nick Loftin C William Contreras OF Jackson Chourio OF Wyatt Langford OF Nathan Church P Jacob Misiorowski P Michael McGreevy SS Gunnar Henderson,,,
1022,5212922942,Mr.Jay17,0,92.25,1B Nick Sogard 2B Angel Genao 3B Kyle Karros C Jimmy Crooks OF Pete Crow-Armstrong OF Jake McCarthy OF Wade Meckler P Jacob Misiorowski P Jesus Luzardo SS Ezequiel Tovar,,,
1022,5213044235,Kramsta21,0,92.25,1B Luis Garcia Jr. 2B Ozzie Albies 3B Ernie Clement C Luke Maile OF Heliot Ramos OF Lawrence Butler OF Starling Marte P Jacob Misiorowski P Jesus Luzardo SS Ezequiel Duran,,,
1022,5213274720,seewhy14,0,92.25,1B Nathaniel Lowe 2B Ronny Simon 3B Willi Castro C Patrick Bailey OF Mickey Moniak OF Jake McCarthy OF Steven Kwan P Jacob Misiorowski P Jesus Luzardo SS Ezequiel Tovar,,,
1022,5213341285,FishFoodBonus,0,92.25,1B Alec Burleson 2B Anthony Seigler 3B Ryan McMahon C Jimmy Crooks OF Jarren Duran OF Spencer Jones OF Nathan Church P Jacob Misiorowski P Jesus Luzardo SS Andruw Monasterio,,,
1022,5213361268,nyceguy516,0,92.25,1B Jac Caglianone 2B Ronny Simon 3B Nick Loftin C Luke Maile OF Henry Bolte OF Lawrence Butler OF Starling Marte P Jacob Misiorowski P Jesus Luzardo SS Bobby Witt Jr.,,,
1022,5213363848,mike34771,0,92.25,1B Nick Sogard 2B Angel Genao 3B Denzer Guzman C Jake Rogers OF Wilyer Abreu OF Ceddanne Rafaela OF Eli White P Jacob Misiorowski P Jesus Luzardo SS Francisco Lindor,,,
1029,5213178579,steeleraiders,0,92.15,1B Pete Alonso 2B Xavier Edwards 3B Jose Ramirez C Agustin Ramirez OF Pete Crow-Armstrong OF Mike Trout OF Ceddanne Rafaela P Randy Dobnak P Grant Holmes SS George Lombard Jr.,,,
1029,5213273662,Doubledizzle802,0,92.149994,1B Bryce Harper 2B Luis Arraez 3B Bryson Stott C Ivan Herrera OF Jordan Walker OF Chase DeLauter OF Jarren Duran P Matthew Boyd P Brayan Bello SS George Lombard Jr.,,,
1031,5212803926,JERKER19,0,92.1,1B Michael Busch 2B Nick Sogard 3B Nick Loftin C Salvador Perez OF Pete Crow-Armstrong OF Wilyer Abreu OF Ian Happ P Jacob Misiorowski P Ryan Gusto SS George Lombard Jr.,,,
1031,5212847843,rubbsy,0,92.1,1B Michael Busch 2B Ronny Simon 3B Nick Loftin C Salvador Perez OF Pete Crow-Armstrong OF Wyatt Langford OF Starling Marte P Jacob Misiorowski P Ryan Gusto SS Bobby Witt Jr.,,,
1031,5213060608,jjral11,0,92.1,1B Andrew Vaughn 2B Nick Sogard 3B Alex Bregman C Miguel Amaya OF Pete Crow-Armstrong OF Wilyer Abreu OF Steven Kwan P Jacob Misiorowski P Ryan Gusto SS Andruw Monasterio,,,
1031,5213176761,nickmoran,0,92.1,1B TJ Rumfield 2B Ronny Simon 3B Kyle Karros C Hunter Goodman OF Jordan Walker OF Jake McCarthy OF Cole Carrigg P Jesus Luzardo P Kumar Rocker SS Otto Lopez,,,
1031,5213353773,zeke-24,0,92.1,1B Alec Burleson 2B Nick Sogard 3B Alex Bregman C Jimmy Crooks OF Wilyer Abreu OF Jarren Duran OF Henry Bolte P Jacob Misiorowski P Ryan Gusto SS Otto Lopez,,,
1036,5212794005,NoH26,0,91.95,1B Alec Burleson 2B Nick Sogard 3B Ernie Clement C Moises Ballesteros OF Jordan Walker OF Tyler Soderstrom OF Trent Grisham P Jacob Misiorowski P Davis Martin SS George Lombard Jr.,,,
1037,5212647996,Hoakjeff,0,91.9,1B Andrew Vaughn 2B Xavier Edwards 3B Ryan McMahon C William Contreras OF Jackson Chourio OF Heriberto Hernandez OF Griffin Conine P Jesus Luzardo P Jared Jones SS Otto Lopez,,,
1037,5212793331,manzlakc,0,91.9,1B Pete Alonso 2B Josh Smith 3B Nick Loftin C Salvador Perez OF Bryan Reynolds OF Sam Antonacci OF Jarren Duran P Jesus Luzardo P Jared Jones SS Otto Lopez,,,
1039,5212920886,dustin9145,0,91.85,1B Josh Bell 2B Ronny Simon 3B Jose Ramirez C Ivan Herrera OF Jac Caglianone OF Jake McCarthy OF Brett Bateman P Jacob Misiorowski P Kumar Rocker SS Francisco Lindor,,,
1039,5212936206,luka0077,0,91.85,1B Michael Busch 2B Jazz Chisholm Jr. 3B Ryan McMahon C Austin Wells OF Pete Crow-Armstrong OF Ian Happ OF Tyrone Taylor P Jacob Misiorowski P Kumar Rocker SS Dansby Swanson,,,
1041,5213290176,Kenji49,0,91.7,1B Andrew Vaughn 2B Jackson Holliday 3B Jose Ramirez C Ivan Herrera OF Wyatt Langford OF Jarren Duran OF Lawrence Butler P Jacob Misiorowski P Grayson Rodriguez SS Corey Seager,,,
1042,5212953054,kchoban,0,91.65,1B Alec Burleson 2B Nick Sogard 3B Denzer Guzman C Ivan Herrera OF Jordan Walker OF Dylan Beavers OF Tyler O'Neill P Jacob Misiorowski P Jared Jones SS Masyn Winn,,,
1042,5213023439,MrM86,0,91.65,1B Michael Busch 2B Angel Genao 3B Alex Bregman C Patrick Bailey OF Chase DeLauter OF Ian Happ OF Steven Kwan P Jacob Misiorowski P Jared Jones SS Brayan Rocchio,,,
1042,5213216031,Dhizzle73,0,91.65,1B Jared Young 2B Anthony Seigler 3B Ernie Clement C Luke Maile OF Jordan Walker OF Ceddanne Rafaela OF Trent Grisham P Jacob Misiorowski P Jared Jones SS Jackson Holliday,,,
1045,5213219421,eharig09,0,91.55,1B Nathaniel Lowe 2B Bryson Stott 3B Ryan McMahon C Austin Wells OF Bryce Harper OF Jake McCarthy OF Cole Carrigg P Jacob Misiorowski P Connor Prielipp SS George Lombard Jr.,,,
1046,5213362325,Johnny1975,0,91.5,1B Jake Burger 2B Luis Arraez 3B Ezequiel Duran C Salvador Perez OF Jordan Walker OF Wyatt Langford OF Steven Kwan P Jesus Luzardo P Michael McGreevy SS Zach Neto,,,
1047,5213244401,rossoc03,0,91.45,1B Rhys Hoskins 2B Angel Genao 3B Ryan McMahon C Austin Wells OF Mike Trout OF Trent Grisham OF Wade Meckler P Jacob Misiorowski P Cam Schlittler SS George Lombard Jr.,,,
1047,5213358731,jmh30,0,91.45,1B Nick Sogard 2B Willi Castro 3B Denzer Guzman C Jimmy Crooks OF Jordan Walker OF Brandon Nimmo OF Wade Meckler P Jacob Misiorowski P Matthew Boyd SS Otto Lopez,,,
1047,5213366122,ajallen1313,0,91.45,1B Jake Burger 2B Brice Turang 3B Kyle Karros C Moises Ballesteros OF Spencer Jones OF Henry Bolte OF Ronny Simon P Jacob Misiorowski P Cam Schlittler SS George Lombard Jr.,,,
1050,5213062667,ratinacage66,0,91.399994,1B Willson Contreras 2B Luis Arraez 3B Alec Bohm C J.T. Realmuto OF Wilyer Abreu OF Mickey Moniak OF Brandon Marsh P Sean Manaea P Connor Prielipp SS Trea Turner,,,
1051,5212691059,jetman33,0,91.25,1B Alec Burleson 2B Angel Genao 3B Ryan McMahon C Jimmy Crooks OF Wilyer Abreu OF Braden Montgomery OF Spencer Jones P Jacob Misiorowski P Jesus Luzardo SS George Lombard Jr.,,,
1051,5212947407,Jthrill,0,91.25,1B Andrew Vaughn 2B Nick Sogard 3B Nick Loftin C Salvador Perez OF Wilyer Abreu OF Ian Happ OF Ronny Simon P Jacob Misiorowski P Jesus Luzardo SS George Lombard Jr.,,,
1051,5212952849,crick1295,0,91.25,1B Nick Sogard 2B Ronny Simon 3B Nick Loftin C Jimmy Crooks OF Pete Crow-Armstrong OF Henry Bolte OF Michael Conforto P Jacob Misiorowski P Jesus Luzardo SS Andruw Monasterio,,,
1051,5213012818,dfriel6654,0,91.25,1B Nathaniel Lowe 2B Nick Sogard 3B Willi Castro C Jake Rogers OF Wilyer Abreu OF Jake McCarthy OF Brett Bateman P Jacob Misiorowski P Jesus Luzardo SS George Lombard Jr.,,,
1051,5213128948,wanders64,0,91.25,1B Nathaniel Lowe 2B Travis Bazzana 3B Ryan McMahon C Patrick Bailey OF Jackson Chourio OF Steven Kwan OF Lawrence Butler P Jacob Misiorowski P Jesus Luzardo SS George Lombard Jr.,,,
1051,5213156814,sehanshaw,0,91.25,1B Nick Sogard 2B Angel Genao 3B Bryson Stott C Austin Wells OF Wilyer Abreu OF Ceddanne Rafaela OF Brett Bateman P Jacob Misiorowski P Jesus Luzardo SS Andruw Monasterio,,,
1051,5213161235,Jeff_Walls,0,91.25,1B Luis Garcia Jr. 2B Angel Genao 3B Ryan McMahon C Austin Wells OF Pete Crow-Armstrong OF Spencer Jones OF Owen Caissie P Jacob Misiorowski P Jesus Luzardo SS George Lombard Jr.,,,
1051,5213184107,pipolechap,0,91.25,1B Nick Sogard 2B Anthony Seigler 3B Jose Fermin C Jimmy Crooks OF Wilyer Abreu OF Jarren Duran OF Eli White P Jacob Misiorowski P Jesus Luzardo SS Masyn Winn,,,
1051,5213204748,SaintsClair,0,91.25,1B Nick Sogard 2B Anthony Seigler 3B Jose Fermin C Jimmy Crooks OF Wilyer Abreu OF Jarren Duran OF Eli White P Jacob Misiorowski P Jesus Luzardo SS Masyn Winn,,,
1051,5213316167,carlitoxpkb,0,91.25,1B Nick Sogard 2B Anthony Seigler 3B Nick Loftin C Miguel Amaya OF Ceddanne Rafaela OF Jarren Duran OF Michael Conforto P Jacob Misiorowski P Jesus Luzardo SS Andruw Monasterio,,,
1051,5213340838,1ponybet,0,91.25,1B Jac Caglianone 2B Nick Sogard 3B Kyle Karros C Jimmy Crooks OF Wilyer Abreu OF Braden Montgomery OF Ronny Simon P Jacob Misiorowski P Jesus Luzardo SS Jackson Holliday,,,
1062,5212848376,Firedog50,0,91.1,1B Michael Busch 2B Ronny Simon 3B Nick Loftin C Salvador Perez OF Pete Crow-Armstrong OF Trent Grisham OF Tyrone Taylor P Jacob Misiorowski P Ryan Gusto SS Bobby Witt Jr.,,,
1062,5213101533,RTR_Hope,0,91.1,1B Michael Busch 2B Jonathan Ornelas 3B Alex Bregman C Jonah Heim OF Pete Crow-Armstrong OF Lawrence Butler OF Tyrone Taylor P Jacob Misiorowski P Ryan Gusto SS Dansby Swanson,,,
1064,5213178578,ljhenry2222,0,91,1B Bryce Harper 2B Luis Arraez 3B Bryson Stott C Jonah Heim OF Henry Bolte OF Lawrence Butler OF Justin Crawford P Jacob Misiorowski P Grant Holmes SS Trea Turner,,,
1065,5213104439,RavensLazer,0,90.85,1B Kyle Stowers 2B Jazz Chisholm Jr. 3B Nick Gonzales C Austin Wells OF Chase DeLauter OF Heriberto Hernandez OF Griffin Conine P Jacob Misiorowski P Kumar Rocker SS Jacob Wilson,,,
1065,5213254836,moneymike2424,0,90.85,1B Alec Burleson 2B JJ Wetherholt 3B Ryan McMahon C Ivan Herrera OF Jordan Walker OF Spencer Jones OF Bryan Torres P Jacob Misiorowski P Kumar Rocker SS George Lombard Jr.,,,
1065,5213321278,Gvanyperen,0,90.85,1B Alec Burleson 2B Nick Sogard 3B Jose Fermin C Jimmy Crooks OF Jordan Walker OF Jarren Duran OF Bryan Torres P Jacob Misiorowski P Sean Manaea SS Andruw Monasterio,,,
1065,5213325156,SpeedRacer101,0,90.85,1B Michael Busch 2B Angel Genao 3B Nick Loftin C Salvador Perez OF Pete Crow-Armstrong OF Ian Happ OF Tyrone Taylor P Jacob Misiorowski P Kumar Rocker SS Dansby Swanson,,,
1069,5212940557,indicuuh,0,90.7,1B Paul Goldschmidt 2B Anthony Seigler 3B Brooks Lee C Jonah Heim OF Mike Trout OF Brandon Nimmo OF Braden Montgomery P Jacob Misiorowski P Grayson Rodriguez SS Jacob Wilson,,,
1069,5213313245,aysjays1,0,90.7,1B Willson Contreras 2B Anthony Seigler 3B Ryan McMahon C Jake Rogers OF Wilyer Abreu OF Jarren Duran OF Spencer Jones P Cam Schlittler P Jesus Luzardo SS George Lombard Jr.,,,
1071,5213160675,aszuch,0,90.65,1B Andrew Vaughn 2B Jackson Holliday 3B Jose Fermin C Ivan Herrera OF Jac Caglianone OF Jake McCarthy OF Griffin Conine P Jacob Misiorowski P Jared Jones SS George Lombard Jr.,,,
1072,5212889673,angchapman17,0,90.6,1B Andrew Vaughn 2B Jeff McNeil 3B Ryan McMahon C William Contreras OF Jackson Chourio OF Jake Bauers OF Brandon Lockridge P Jacob Misiorowski P J.T. Ginn SS Jacob Wilson,,,
1072,5213062604,Lions419,0,90.6,1B Bryce Harper 2B Ronny Simon 3B Bryson Stott C Jimmy Crooks OF Kyle Schwarber OF Tyler Soderstrom OF Esmerlyn Valdez P Joey Cantillo P Jared Jones SS Ezequiel Duran,,,
1072,5213323647,harmon2121,0,90.6,1B Kyle Stowers 2B Xavier Edwards 3B Kyle Karros C Jonah Heim OF Wyatt Langford OF Steven Kwan OF Kyle Isbel P Jacob Misiorowski P J.T. Ginn SS Otto Lopez,,,
1072,5213349904,bluto786,0,90.6,1B Ben Rice 2B Nico Hoerner 3B Kyle Karros C Ivan Herrera OF Pete Crow-Armstrong OF Kyle Schwarber OF Brett Bateman P Jared Jones P Davis Martin SS George Lombard Jr.,,,
1076,5213104724,CoachS111,0,90.55,1B Nathaniel Lowe 2B Angel Genao 3B Jose Ramirez C Salvador Perez OF Jo Adell OF Steven Kwan OF Brenton Doyle P Jacob Misiorowski P Connor Prielipp SS Bobby Witt Jr.,,,
1077,5212804633,JRucker504,0,90.45,1B Nolan Schanuel 2B Adam Frazier 3B Nick Gonzales C Moises Ballesteros OF Esmerlyn Valdez OF Josh Lowe OF Brett Bateman P Jacob Misiorowski P Cam Schlittler SS Zach Neto,,,
1077,5213078316,MrNiceGuy4,0,90.45,1B Tommy White 2B Ronny Simon 3B Jose Fermin C Moises Ballesteros OF Esmerlyn Valdez OF Ian Happ OF Spencer Jones P Jacob Misiorowski P Cam Schlittler SS George Lombard Jr.,,,
1077,5213316992,lil_jody,0,90.45,1B Nathaniel Lowe 2B Nick Sogard 3B Ryan McMahon C Jake Rogers OF Chase DeLauter OF Jakob Marsee OF Steven Kwan P Jacob Misiorowski P Cam Schlittler SS Brayan Rocchio,,,
1077,5213337995,Majik1016,0,90.45,1B Andrew Vaughn 2B Nick Sogard 3B Coby Mayo C Gary Sanchez OF Jackson Chourio OF Luis Lara OF Henry Bolte P Jacob Misiorowski P Matthew Boyd SS Andruw Monasterio,,,
1081,5213349165,Messiah0916,0,90.4,1B Munetaka Murakami 2B Jazz Chisholm Jr. 3B Miguel Vargas C Salvador Perez OF Braden Montgomery OF Jakob Marsee OF Spencer Jones P Cam Schlittler P Davis Martin SS Masyn Winn,,,
1082,5212633315,Tshep23,0,90.25,1B Nick Sogard 2B Anthony Seigler 3B Nick Loftin C Jake Rogers OF Jarren Duran OF Michael Conforto OF Eli White P Jacob Misiorowski P Jesus Luzardo SS Bobby Witt Jr.,,,
1082,5213141900,tigolebitties91,0,90.25,1B Nathaniel Lowe 2B Nick Sogard 3B Bryson Stott C Salvador Perez OF Jarren Duran OF Steven Kwan OF Ronny Simon P Jacob Misiorowski P Jesus Luzardo SS Andruw Monasterio,,,
1082,5213352390,enuffsaid33,0,90.25,1B Alec Burleson 2B JJ Wetherholt 3B Nick Gonzales C Jimmy Crooks OF Heriberto Hernandez OF Wade Meckler OF Randal Grichuk P Jacob Misiorowski P Michael McGreevy SS Trea Turner,,,
1085,5213009025,Hgberg,0,90.15,1B Kyle Stowers 2B Anthony Seigler 3B Kyle Karros C Hunter Goodman OF Tyler Soderstrom OF Cole Carrigg OF Lawrence Butler P Jacob Misiorowski P Randy Dobnak SS George Lombard Jr.,,,
1086,5212651227,XAKAX,0,90.1,1B Michael Busch 2B Nick Sogard 3B Alex Bregman C Ivan Herrera OF Wilyer Abreu OF Jarren Duran OF Steven Kwan P Jesus Luzardo P Kumar Rocker SS Trea Turner,,,
1086,5213126978,Nolamamack,0,90.1,1B Alec Burleson 2B Bryson Stott 3B Kyle Karros C Brett Sullivan OF Pete Crow-Armstrong OF Jac Caglianone OF Jake McCarthy P Matthew Boyd P Jared Jones SS Andruw Monasterio,,,
1088,5213210650,DrParadise,0,89.95,1B Alec Burleson 2B Xavier Edwards 3B Ezequiel Duran C Salvador Perez OF Wyatt Langford OF Steven Kwan OF Brett Bateman P Jacob Misiorowski P Davis Martin SS Francisco Lindor,,,
1089,5213028399,DeepBurn13,0,89.85,1B Nolan Schanuel 2B Anthony Seigler 3B Ezequiel Duran C Jimmy Crooks OF Wilyer Abreu OF Ceddanne Rafaela OF Jarren Duran P Jacob Misiorowski P Sean Manaea SS Andruw Monasterio,,,
1089,5213362822,enyce44,0,89.85,1B Alec Burleson 2B JJ Wetherholt 3B Tommy White C Jimmy Crooks OF Jordan Walker OF Henry Bolte OF Nathan Church P Jacob Misiorowski P Kumar Rocker SS Andruw Monasterio,,,
1091,5212876501,BossLaFlare,0,89.7,1B Bryce Harper 2B Tyler Freeman 3B Nick Gonzales C William Contreras OF Mickey Moniak OF Ian Happ OF Andrew Benintendi P Jesus Luzardo P Matthew Boyd SS Kaelen Culpepper,,,
1091,5213343265,Sunnyscrew,0,89.7,1B Kyle Stowers 2B JJ Wetherholt 3B Nick Gonzales C Henry Davis OF Pete Crow-Armstrong OF Luis Lara OF Owen Caissie P Matthew Boyd P Michael McGreevy SS Bobby Witt Jr.,,,
1093,5213113880,srwolfboy777,0,89.65,1B Alec Burleson 2B JJ Wetherholt 3B Tommy White C Jimmy Crooks OF Ian Happ OF Nathan Church OF Bryan Torres P Jacob Misiorowski P Jared Jones SS Andruw Monasterio,,,
1094,5212991393,Spukuff,0,89.55,1B Bryce Harper 2B Luis Arraez 3B Bryson Stott C Salvador Perez OF Mickey Moniak OF Tyler Soderstrom OF Jake McCarthy P Matthew Boyd P Ryan Gusto SS Trea Turner,,,
1095,5212953036,goofybh207,0,89.5,1B Kyle Stowers 2B JJ Wetherholt 3B Denzer Guzman C Jimmy Crooks OF Jordan Walker OF Wilyer Abreu OF Ceddanne Rafaela P Jared Jones P Sean Manaea SS Gunnar Henderson,,,
1095,5213009045,ToddyBeam,0,89.5,1B Michael Busch 2B Nico Hoerner 3B Alex Bregman C Salvador Perez OF Pete Crow-Armstrong OF Jake Mangum OF Starling Marte P Jared Jones P Kumar Rocker SS Bobby Witt Jr.,,,
1095,5213087291,calsmash,0,89.5,1B Ben Rice 2B Jazz Chisholm Jr. 3B Bryson Stott C Austin Wells OF Kyle Schwarber OF Bryce Harper OF Trent Grisham P Jared Jones P Kumar Rocker SS George Lombard Jr.,,,
1098,5213010666,smittay,0,89.45,1B Nathaniel Lowe 2B Travis Bazzana 3B Ryan McMahon C Austin Wells OF Chase DeLauter OF Steven Kwan OF Henry Bolte P Jacob Misiorowski P Cam Schlittler SS George Lombard Jr.,,,
1098,5213094355,bigmike2570,0,89.45,1B Jake Burger 2B Luis Arraez 3B Bryson Stott C Austin Wells OF Jordan Walker OF Jake McCarthy OF Ronny Simon P Jacob Misiorowski P Matthew Boyd SS George Lombard Jr.,,,
1098,5213109712,kuriouskev23,0,89.45,1B Ben Rice 2B Jeff McNeil 3B Ryan McMahon C Gary Sanchez OF Spencer Jones OF Brett Baty OF Brett Bateman P Jacob Misiorowski P Cam Schlittler SS George Lombard Jr.,,,
1098,5213288472,kensauer,0,89.45,1B Vladimir Guerrero Jr. 2B Anthony Seigler 3B Kyle Karros C Jake Rogers OF Pete Crow-Armstrong OF Jake McCarthy OF Randal Grichuk P Jacob Misiorowski P Matthew Boyd SS George Lombard Jr.,,,
1102,5213212669,IndyNico,0,89.3,1B Munetaka Murakami 2B Nick Sogard 3B Bryson Stott C Ivan Herrera OF Wilyer Abreu OF Ceddanne Rafaela OF Jake Mangum P Matthew Boyd P Kumar Rocker SS Otto Lopez,,,
1103,5213046121,shocktimus,0,89.25,1B Josh Bell 2B Luis Arraez 3B Max Muncy C Luke Maile OF Jake McCarthy OF Steven Kwan OF Bryan De La Cruz P Jacob Misiorowski P Jesus Luzardo SS Jose Caballero,,,
1103,5213364153,ballcoachjg,0,89.25,1B Alec Burleson 2B Nick Sogard 3B Kyle Karros C Jake Rogers OF Ceddanne Rafaela OF Steven Kwan OF Lawrence Butler P Jacob Misiorowski P Jesus Luzardo SS George Lombard Jr.,,,
1105,5213296396,mblanche05,0,89.2,1B Vladimir Guerrero Jr. 2B Jazz Chisholm Jr. 3B Bryson Stott C J.T. Realmuto OF Jordan Walker OF Wilyer Abreu OF Ronny Simon P Jesus Luzardo P Davis Martin SS Dansby Swanson,,,
1106,5212892937,mustafael,0,89.1,1B Michael Busch 2B Nick Sogard 3B Alex Bregman C Jake Rogers OF Pete Crow-Armstrong OF Jarren Duran OF Tyrone Taylor P Jacob Misiorowski P Ryan Gusto SS Dansby Swanson,,,
1106,5213242178,mshp2024,0,89.1,1B Matt Olson 2B JJ Wetherholt 3B Jose Fermin C Drake Baldwin OF Jordan Walker OF Michael Harris II OF Randal Grichuk P Jacob Misiorowski P Ryan Gusto SS Jim Jarvis,,,
1106,5213354121,sasmallen,0,89.1,1B Michael Busch 2B Nick Sogard 3B Ryan McMahon C Jake Rogers OF Pete Crow-Armstrong OF Wilyer Abreu OF Trent Grisham P Jacob Misiorowski P Ryan Gusto SS Corey Seager,,,
1109,5213174288,avery98z,0,88.95,1B Andrew Vaughn 2B Willi Castro 3B Kyle Karros C Ivan Herrera OF Jake Bauers OF Jake McCarthy OF Cole Carrigg P Jacob Misiorowski P Davis Martin SS Ezequiel Tovar,,,
1109,5213221928,sportsfreak0013,0,88.95,1B Willson Contreras 2B Nick Sogard 3B Bryson Stott C Jimmy Crooks OF Bryce Harper OF Wilyer Abreu OF Jarren Duran P Jesus Luzardo P Grayson Rodriguez SS Andruw Monasterio,,,
1111,5212919019,mrains88,0,88.85,1B Luis Garcia Jr. 2B Luis Arraez 3B Ezequiel Duran C Austin Wells OF Ceddanne Rafaela OF Jake McCarthy OF Steven Kwan P Jacob Misiorowski P Sean Manaea SS George Lombard Jr.,,,
1111,5213045170,thewizardone1,0,88.85,1B Willson Contreras 2B Nick Sogard 3B Josh Smith C Miguel Amaya OF Pete Crow-Armstrong OF Ian Happ OF Tyrone Taylor P Jacob Misiorowski P Kumar Rocker SS Andruw Monasterio,,,
1113,5213302247,abo21,0,88.75,1B Michael Busch 2B JJ Wetherholt 3B Jose Ramirez C Jimmy Crooks OF Pete Crow-Armstrong OF Wyatt Langford OF Cole Carrigg P Jared Jones P Ryan Gusto SS Gunnar Henderson,,,
1114,5213174178,mfoleyy2,0,88.7,1B Willson Contreras 2B Jazz Chisholm Jr. 3B Ryan McMahon C Austin Wells OF Wilyer Abreu OF Ceddanne Rafaela OF Trent Grisham P Jesus Luzardo P Matthew Boyd SS George Lombard Jr.,,,
1115,5212789623,Ozarkian,0,88.65,1B Michael Busch 2B Nico Hoerner 3B Willi Castro C Patrick Bailey OF Chase DeLauter OF Steven Kwan OF Henry Bolte P Jacob Misiorowski P Jared Jones SS Dansby Swanson,,,
1115,5213153003,GregRyan,0,88.65,1B Andrew Vaughn 2B JJ Wetherholt 3B Ryan McMahon C Jake Rogers OF Jordan Walker OF Ian Happ OF Luis Lara P Jacob Misiorowski P Jared Jones SS Jackson Holliday,,,
1117,5212833561,thedeal1078,0,88.45,1B Royce Lewis 2B Angel Genao 3B Javier Sanoja C Ivan Herrera OF Ceddanne Rafaela OF Jake McCarthy OF Myles Straw P Jacob Misiorowski P Matthew Boyd SS Andruw Monasterio,,,
1117,5213267080,crookedzebra,0,88.45,1B Nick Sogard 2B Ronny Simon 3B Kyle Karros C Jake Rogers OF Wilyer Abreu OF Braden Montgomery OF Eli White P Jacob Misiorowski P Cam Schlittler SS Andruw Monasterio,,,
1119,5212964915,Sweeninator,0,88.25,1B Kyle Manzardo 2B Jeff McNeil 3B Caleb Durbin C Jonah Heim OF Tyler Soderstrom OF Masataka Yoshida OF Lawrence Butler P Jacob Misiorowski P Jesus Luzardo SS Andruw Monasterio,,,
1119,5213054045,jethro7e,0,88.25,1B Nick Sogard 2B Angel Genao 3B Bryson Stott C Jake Rogers OF Wilyer Abreu OF Jarren Duran OF Ronny Simon P Jacob Misiorowski P Jesus Luzardo SS Andruw Monasterio,,,
1119,5213164956,dr_jpop,0,88.25,1B Nick Sogard 2B Anthony Seigler 3B Ryan McMahon C Austin Wells OF Wilyer Abreu OF Trent Grisham OF Jarren Duran P Jacob Misiorowski P Jesus Luzardo SS George Lombard Jr.,,,
1119,5213189024,datmafaka,0,88.25,1B Jake Burger 2B Jazz Chisholm Jr. 3B Tommy White C Jimmy Crooks OF Heriberto Hernandez OF Braden Montgomery OF Michael Conforto P Jacob Misiorowski P Jesus Luzardo SS Andruw Monasterio,,,
1119,5213238055,thebigbmon,0,88.25,1B Luis Garcia Jr. 2B Nick Sogard 3B Ryan McMahon C Jake Rogers OF Jake McCarthy OF Spencer Jones OF Javier Sanoja P Jacob Misiorowski P Jesus Luzardo SS Andruw Monasterio,,,
1124,5213273348,Whoson1st66,0,88.2,1B Vladimir Guerrero Jr. 2B JJ Wetherholt 3B Nick Loftin C Ivan Herrera OF Pete Crow-Armstrong OF Jordan Walker OF Brett Bateman P Connor Prielipp P Cade Povich SS Bobby Witt Jr.,,,
1125,5212921202,AverageTuesday,0,88.1,1B Michael Busch 2B Ronny Simon 3B Nick Loftin C Salvador Perez OF Pete Crow-Armstrong OF Jac Caglianone OF Starling Marte P Jacob Misiorowski P Ryan Gusto SS Bobby Witt Jr.,,,
1125,5213055744,JcClark18,0,88.1,1B Michael Busch 2B Ronny Simon 3B Nick Loftin C Salvador Perez OF Pete Crow-Armstrong OF Jac Caglianone OF Starling Marte P Jacob Misiorowski P Ryan Gusto SS Bobby Witt Jr.,,,
1125,5213127845,hoff19,0,88.1,1B Andrew Vaughn 2B Xavier Edwards 3B Bryson Stott C Salvador Perez OF Wilyer Abreu OF Cole Carrigg OF Starling Marte P Jacob Misiorowski P Ryan Gusto SS Bobby Witt Jr.,,,
1125,5213154814,porky78,0,88.1,1B Alec Burleson 2B Nick Sogard 3B Bryson Stott C Jimmy Crooks OF Bryan Reynolds OF Jake McCarthy OF Angel Martinez P Jacob Misiorowski P Ryan Gusto SS Jacob Wilson,,,
1125,5213231400,nlaino32,0,88.1,1B Kyle Stowers 2B Nick Sogard 3B Denzer Guzman C Jonah Heim OF Pete Crow-Armstrong OF Wilyer Abreu OF Wade Meckler P Jesus Luzardo P Kumar Rocker SS Otto Lopez,,,
1125,5213248894,anniefitz,0,88.1,1B Luis Garcia Jr. 2B Bryson Stott 3B Ryan McMahon C Austin Wells OF Pete Crow-Armstrong OF Bryce Harper OF Jake McCarthy P Jesus Luzardo P Kumar Rocker SS Andruw Monasterio,,,
1131,5212999815,welchy81,0,87.95,1B Michael Busch 2B Nico Hoerner 3B Alex Bregman C Ivan Herrera OF Pete Crow-Armstrong OF Ceddanne Rafaela OF Jarren Duran P Kumar Rocker P Ryan Gusto SS Bobby Witt Jr.,,,
1132,5212946963,kevsully,0,87.85,1B Alec Burleson 2B Xavier Edwards 3B Jose Fermin C Jimmy Crooks OF Jordan Walker OF Jakob Marsee OF Bryan Torres P Jacob Misiorowski P Shane Bieber SS Jackson Holliday,,,
1132,5213041309,Dcline3333,0,87.85,1B Alec Burleson 2B JJ Wetherholt 3B Ryan McMahon C Jimmy Crooks OF Wilyer Abreu OF Jarren Duran OF Nathan Church P Jacob Misiorowski P Kumar Rocker SS Masyn Winn,,,
1132,5213114006,lyhanson,0,87.85,1B Willson Contreras 2B Nick Sogard 3B Javier Sanoja C Agustin Ramirez OF Wilyer Abreu OF Griffin Conine OF Jakob Marsee P Jacob Misiorowski P Kumar Rocker SS Andruw Monasterio,,,
1135,5212861444,selfmadepaid41,0,87.8,1B Munetaka Murakami 2B Jazz Chisholm Jr. 3B Nick Gonzales C Ivan Herrera OF Bryan Reynolds OF Ceddanne Rafaela OF Tyler Soderstrom P Sean Manaea P Davis Martin SS Brayan Rocchio,,,
1136,5212863345,taleviam,0,87.7,1B Tommy White 2B Jazz Chisholm Jr. 3B Nick Gonzales C Agustin Ramirez OF Ceddanne Rafaela OF A.J. Ewing OF Henry Bolte P Jesus Luzardo P Matthew Boyd SS Francisco Lindor,,,
1136,5212910220,tlabanick,0,87.7,1B TJ Rumfield 2B Angel Genao 3B Jose Ramirez C Ivan Herrera OF Ronald Acuna Jr. OF Ceddanne Rafaela OF Ronny Simon P Jesus Luzardo P Matthew Boyd SS George Lombard Jr.,,,
1138,5213356826,bravehart13,0,87.65,1B Andrew Vaughn 2B JJ Wetherholt 3B David Hamilton C Ivan Herrera OF Jake Mangum OF Luis Lara OF Ronny Simon P Jacob Misiorowski P Jared Jones SS Masyn Winn,,,
1139,5213225559,obcase,0,87.6,1B Bryce Harper 2B Luis Arraez 3B Nick Gonzales C Ivan Herrera OF Jake McCarthy OF Brandon Nimmo OF Braden Montgomery P Matthew Boyd P Randy Dobnak SS Jacob Wilson,,,
1140,5212772916,gilgarz,0,87.55,1B Michael Busch 2B Nick Sogard 3B Nick Loftin C Agustin Ramirez OF Bryce Harper OF Jake McCarthy OF Michael Conforto P Jacob Misiorowski P Connor Prielipp SS Andruw Monasterio,,,
1140,5213366244,BrutustheBengal,0,87.549995,1B Bryce Harper 2B Brice Turang 3B Kyle Karros C Ivan Herrera OF Jordan Walker OF Wilyer Abreu OF Brandon Nimmo P Shane Bieber P Brayan Bello SS Andruw Monasterio,,,
1142,5212407779,Magik-Hatchets,0,87.45,1B Kyle Manzardo 2B Jackson Holliday 3B Vaughn Grissom C Connor Wong OF Michael Harris II OF Braden Montgomery OF Justin Crawford P Jacob Misiorowski P Cam Schlittler SS Jose Caballero,,,
1142,5213185144,Andarooni,0,87.45,1B Nathaniel Lowe 2B Angel Genao 3B Ryan McMahon C Ivan Herrera OF Ceddanne Rafaela OF Braden Montgomery OF Ronny Simon P Jacob Misiorowski P Cam Schlittler SS George Lombard Jr.,,,
1142,5213303980,6studios,0,87.45,1B Josh Bell 2B Nick Sogard 3B Ernie Clement C Jake Rogers OF Mickey Moniak OF Jake McCarthy OF Brandon Marsh P Jacob Misiorowski P Matthew Boyd SS Masyn Winn,,,
1142,5213337237,spd241,0,87.45,1B Jake Burger 2B Jackson Holliday 3B Kyle Karros C Alejandro Kirk OF Wilyer Abreu OF Braden Montgomery OF Ronny Simon P Jacob Misiorowski P Matthew Boyd SS Trea Turner,,,
1146,5213075676,cavs44,0,87.35,1B Alec Burleson 2B Bryson Stott 3B Alex Bregman C Salvador Perez OF Jackson Chourio OF Ceddanne Rafaela OF Heliot Ramos P Jared Jones P Brayan Bello SS Gunnar Henderson,,,
1147,5212782957,LesterNygaard,0,87.25,1B TJ Rumfield 2B Willi Castro 3B Kyle Karros C Austin Wells OF Jake McCarthy OF Cole Carrigg OF Spencer Jones P Jacob Misiorowski P Jesus Luzardo SS George Lombard Jr.,,,
1147,5212985820,JNahal,0,87.25,1B Nolan Schanuel 2B Nick Sogard 3B Kyle Karros C Jake Rogers OF Wilyer Abreu OF Jarren Duran OF Wade Meckler P Jacob Misiorowski P Jesus Luzardo SS Andruw Monasterio,,,
1147,5213017308,COLOSSUS21,0,87.25,1B Nick Sogard 2B Anthony Seigler 3B Kyle Karros C Jake Rogers OF Trent Grisham OF Jarren Duran OF Heliot Ramos P Jacob Misiorowski P Jesus Luzardo SS Andruw Monasterio,,,
1147,5213359051,xeqtr1,0,87.25,1B Andrew Vaughn 2B Brice Turang 3B Tommy White C Jonah Heim OF Henry Bolte OF Lawrence Butler OF Ronny Simon P Jacob Misiorowski P Jesus Luzardo SS Jacob Wilson,,,
1151,5212424451,MsPeach46,0,87.2,1B Alec Bohm 2B Nico Hoerner 3B Caleb Durbin C Jonah Heim OF Chase DeLauter OF George Springer OF Jo Adell P Jesus Luzardo P Joey Cantillo SS Andruw Monasterio,,,
1151,5213290255,homErb0y,0,87.2,1B Nathaniel Lowe 2B Marcus Semien 3B Nick Gonzales C Gary Sanchez OF Bryce Harper OF Brandon Marsh OF Steven Kwan P Jesus Luzardo P Joey Cantillo SS Ezequiel Duran,,,
1153,5213308547,ahawkins75,0,87.15,1B Alec Burleson 2B Xavier Edwards 3B Kyle Karros C Ivan Herrera OF Jordan Walker OF Nathan Church OF Bryan Torres P Jacob Misiorowski P Randy Dobnak SS George Lombard Jr.,,,
1154,5212674708,SLBMLightshow,0,86.95,1B Jake Burger 2B Justin Foscue 3B Ezequiel Duran C Salvador Perez OF Wyatt Langford OF Brandon Nimmo OF Starling Marte P Jacob Misiorowski P Davis Martin SS Bobby Witt Jr.,,,
1154,5213187062,sitkow,0,86.95,1B Kyle Stowers 2B Ernie Clement 3B Ryan McMahon C Jake Rogers OF Wyatt Langford OF Cole Carrigg OF Sam Antonacci P Jacob Misiorowski P Davis Martin SS Francisco Lindor,,,
1154,5213202150,bsherlock77,0,86.95,1B Alec Bohm 2B Anthony Seigler 3B Bryson Stott C William Contreras OF Wilyer Abreu OF Ceddanne Rafaela OF Jarren Duran P Jesus Luzardo P Grayson Rodriguez SS Andruw Monasterio,,,
1154,5213325110,lilherm,0,86.95,1B Michael Busch 2B Ronny Simon 3B Tommy White C Edgar Quero OF Jackson Chourio OF Wilyer Abreu OF Jake McCarthy P Jacob Misiorowski P Davis Martin SS Ezequiel Duran,,,
1158,5213105481,MonacoMarj,0,86.9,1B Kyle Stowers 2B Royce Lewis 3B Nick Gonzales C Carson Kelly OF Chase DeLauter OF Henry Bolte OF Christian Franklin P Cam Schlittler P Matthew Boyd SS Jacob Wilson,,,
1159,5212701878,Laptop46,0,86.85,1B Bryce Harper 2B Brandon Lowe 3B Nick Gonzales C Henry Davis OF Kyle Schwarber OF Esmerlyn Valdez OF Jake Mangum P Kumar Rocker P Grant Holmes SS Trea Turner,,,
1160,5213000233,wolfjb1,0,86.7,1B Jake Burger 2B Justin Foscue 3B Ezequiel Duran C Salvador Perez OF Wilyer Abreu OF Wyatt Langford OF Brandon Nimmo P Jacob Misiorowski P Grayson Rodriguez SS Andruw Monasterio,,,
1160,5213189811,Straight-Cash-Homey,0,86.7,1B Luis Garcia Jr. 2B JJ Wetherholt 3B Ryan McMahon C Jimmy Crooks OF Jordan Walker OF Jake McCarthy OF Nathan Church P Jacob Misiorowski P Grayson Rodriguez SS Andruw Monasterio,,,
1162,5212885383,supremexjp,0,86.65,1B Michael Busch 2B Ronny Simon 3B Ryan McMahon C Jimmy Crooks OF Pete Crow-Armstrong OF Ian Happ OF Michael Conforto P Jacob Misiorowski P Jared Jones SS Dansby Swanson,,,
1162,5213202345,jparr33,0,86.65,1B Kazuma Okamoto 2B Ozzie Albies 3B Willi Castro C Salvador Perez OF Tyler Soderstrom OF Brandon Nimmo OF Braden Montgomery P Jacob Misiorowski P Cade Povich SS Dansby Swanson,,,
1162,5213290867,oklablue,0,86.65,1B Nick Sogard 2B Xavier Edwards 3B Javier Sanoja C Agustin Ramirez OF Tyler Soderstrom OF Griffin Conine OF Lawrence Butler P Jacob Misiorowski P Jared Jones SS Otto Lopez,,,
1165,5212778571,nikkivincze,0,86.45,1B Andrew Vaughn 2B Anthony Seigler 3B Jose Fermin C Jake Rogers OF Jake McCarthy OF Steven Kwan OF Spencer Jones P Jacob Misiorowski P Cam Schlittler SS George Lombard Jr.,,,
1165,5213077000,Mason.Sallee,0,86.45,1B Jake Burger 2B Bryson Stott 3B Tommy White C Jonah Heim OF Ceddanne Rafaela OF Luis Lara OF Ronny Simon P Jacob Misiorowski P Matthew Boyd SS Gunnar Henderson,,,
1165,5213156826,BigEd402,0,86.45,1B Andrew Vaughn 2B Nick Sogard 3B Ezequiel Duran C Jake Rogers OF Wyatt Langford OF Braden Montgomery OF Brett Bateman P Jacob Misiorowski P Cam Schlittler SS George Lombard Jr.,,,
1165,5213313196,pete0six,0,86.45,1B Nick Sogard 2B Jonathan Ornelas 3B Nick Loftin C Salvador Perez OF Tyler Soderstrom OF Henry Bolte OF Lawrence Butler P Jacob Misiorowski P Cam Schlittler SS Jacob Wilson,,,
1165,5213333286,CrottyAlex52,0,86.45,1B Alec Burleson 2B Willi Castro 3B Kyle Karros C Jimmy Crooks OF Jake McCarthy OF Cole Carrigg OF Jose Fermin P Jacob Misiorowski P Matthew Boyd SS Ezequiel Tovar,,,
1170,5212999904,wallstruss,0,86.4,1B Nathaniel Lowe 2B Willi Castro 3B Jose Ramirez C Patrick Bailey OF Cole Carrigg OF Jo Adell OF Nathan Church P Cam Schlittler P Joey Cantillo SS Brayan Rocchio,,,
1170,5213262253,mbenson,0,86.4,1B Munetaka Murakami 2B Xavier Edwards 3B Colson Montgomery C Agustin Ramirez OF Pete Crow-Armstrong OF Sam Antonacci OF Michael Conforto P Matthew Boyd P Davis Martin SS Dansby Swanson,,,
1172,5213093383,sbonanfl,0,86.25,1B Salvador Perez 2B Chase Meidroth 3B Ezequiel Duran C Francisco Alvarez OF Jarren Duran OF Esteury Ruiz OF Masataka Yoshida P Jacob Misiorowski P Jesus Luzardo SS George Lombard Jr.,,,
1172,5213208824,wjgrimes,0,86.25,1B Nick Sogard 2B Angel Genao 3B Ezequiel Duran C Patrick Bailey OF Wilyer Abreu OF Jarren Duran OF Eli White P Jacob Misiorowski P Jesus Luzardo SS Andruw Monasterio,,,
1172,5213248051,Waitn2Respawn,0,86.25,1B Luis Garcia Jr. 2B Nick Sogard 3B Bryson Stott C Jonah Heim OF Jordan Walker OF Trent Grisham OF Braden Montgomery P Jacob Misiorowski P Michael McGreevy SS George Lombard Jr.,,,
1175,5212926071,July40521,0,86,1B Alec Burleson 2B Anthony Seigler 3B Nick Loftin C Salvador Perez OF Jac Caglianone OF Jarren Duran OF Starling Marte P Jacob Misiorowski P Grant Holmes SS Bobby Witt Jr.,,,
1175,5213232759,mrclean023,0,86,1B Alec Burleson 2B Nick Sogard 3B Alex Bregman C Jimmy Crooks OF Wilyer Abreu OF Jarren Duran OF Bryan Torres P Jacob Misiorowski P Grant Holmes SS Dansby Swanson,,,
1175,5213337346,Harry1962,0,86,1B Andrew Vaughn 2B Ronny Simon 3B Miguel Vargas C Jimmy Crooks OF Pete Crow-Armstrong OF Jackson Chourio OF Braden Montgomery P Jacob Misiorowski P Grant Holmes SS George Lombard Jr.,,,
1175,5213354981,tcovey_3,0,86,1B Alec Burleson 2B Nick Sogard 3B Alex Bregman C Jake Rogers OF Wilyer Abreu OF Jarren Duran OF Wade Meckler P Jacob Misiorowski P Grant Holmes SS Andruw Monasterio,,,
1179,5212981992,BudDaGreat,0,85.85,1B Jake Burger 2B Willi Castro 3B Max Muncy C Jonah Heim OF Tyler Soderstrom OF Jake McCarthy OF Wyatt Langford P Jacob Misiorowski P Kumar Rocker SS Dansby Swanson,,,
1179,5213011060,milodunlop,0,85.85,1B Luis Garcia Jr. 2B Nick Sogard 3B Tommy White C Jonah Heim OF Pete Crow-Armstrong OF Jake Mangum OF Henry Bolte P Jacob Misiorowski P Kumar Rocker SS Jackson Holliday,,,
1179,5213041819,jalford11,0,85.85,1B Jake Burger 2B Bryson Stott 3B Ezequiel Duran C Carter Jensen OF Jordan Walker OF Brandon Nimmo OF Steven Kwan P Jacob Misiorowski P Kumar Rocker SS George Lombard Jr.,,,
1182,5213039346,whitneygg,0,85.7,1B Luis Garcia Jr. 2B Marcus Semien 3B Colson Montgomery C Salvador Perez OF Tyler Soderstrom OF Jarren Duran OF Andrew Benintendi P Jacob Misiorowski P Brayan Bello SS Ezequiel Duran,,,
1182,5213346784,salpeck30,0,85.7,1B Kyle Stowers 2B Xavier Edwards 3B Kazuma Okamoto C Hunter Goodman OF Mike Trout OF Mickey Moniak OF Tyler Soderstrom P J.T. Ginn P Ryan Gusto SS Jacob Wilson,,,
1184,5213347185,jauger5,0,85.65,1B Kyle Stowers 2B Ernie Clement 3B Kyle Karros C William Contreras OF Jackson Chourio OF Cole Carrigg OF Steven Kwan P Jacob Misiorowski P Cade Povich SS George Lombard Jr.,,,
1185,5213211002,BigAlKeno1,0,85.55,1B Bryce Harper 2B Luis Arraez 3B Bryson Stott C Jake Rogers OF Wilyer Abreu OF Ceddanne Rafaela OF Jarren Duran P Jacob Misiorowski P Erik Miller SS Jackson Holliday,,,
1186,5213309421,noahopz,0,85.5,1B Jake Burger 2B Royce Lewis 3B Miguel Vargas C Luke Maile OF Bryce Harper OF Jac Caglianone OF Wyatt Langford P Jesus Luzardo P Michael McGreevy SS Andruw Monasterio,,,
1187,5212854330,KliqNickNyc,0,85.45,1B Luis Garcia Jr. 2B Anthony Seigler 3B Ryan McMahon C Austin Wells OF Wilyer Abreu OF Spencer Jones OF Eli White P Jacob Misiorowski P Cam Schlittler SS George Lombard Jr.,,,
1187,5213279245,HughZuck,0,85.45,1B Luis Garcia Jr. 2B Jazz Chisholm Jr. 3B Ezequiel Duran C Austin Wells OF Spencer Jones OF Eli White OF Josh Lowe P Jacob Misiorowski P Cam Schlittler SS George Lombard Jr.,,,
1189,5213234856,Andy41golf,0,85.3,1B Alec Burleson 2B JJ Wetherholt 3B Bryson Stott C Jimmy Crooks OF Jordan Walker OF Wilyer Abreu OF Jarren Duran P Matthew Boyd P Kumar Rocker SS Andruw Monasterio,,,
1190,5212469407,LASGolf1985,0,85.25,1B Andrew Vaughn 2B Jazz Chisholm Jr. 3B Ryan McMahon C Austin Wells OF Jackson Chourio OF Luis Lara OF Spencer Jones P Jacob Misiorowski P Jesus Luzardo SS George Lombard Jr.,,,
1190,5212910190,Jasonsb1,0,85.25,1B Alec Burleson 2B Nick Sogard 3B Ryan McMahon C Austin Wells OF Wilyer Abreu OF Jarren Duran OF Ronny Simon P Jacob Misiorowski P Jesus Luzardo SS George Lombard Jr.,,,
1190,5212963604,PBJay,0,85.25,1B Salvador Perez 2B Nick Sogard 3B Nick Loftin C Jake Rogers OF Ceddanne Rafaela OF Starling Marte OF Kyle Isbel P Jacob Misiorowski P Jesus Luzardo SS Bobby Witt Jr.,,,
1190,5212967945,princey518,0,85.25,1B Andrew Vaughn 2B Anthony Seigler 3B Denzer Guzman C Rafael Flores Jr. OF Wilyer Abreu OF Jarren Duran OF Colton Cowser P Jacob Misiorowski P Jesus Luzardo SS Andruw Monasterio,,,
1190,5213057937,rwbaca22,0,85.25,1B Alec Burleson 2B Marcus Semien 3B Javier Sanoja C J.T. Realmuto OF Michael Harris II OF Jarren Duran OF Brandon Marsh P Jacob Misiorowski P Michael McGreevy SS Andruw Monasterio,,,
1190,5213187041,SugarBearNBubbzy,0,85.25,1B Willson Contreras 2B Nick Sogard 3B Jose Ramirez C Moises Ballesteros OF Wilyer Abreu OF Ceddanne Rafaela OF Carson Benge P Jesus Luzardo P Grant Holmes SS Andruw Monasterio,,,
1196,5213052342,nraether,0,85.15,1B Andrew Vaughn 2B Brice Turang 3B Ryan McMahon C William Contreras OF Jackson Chourio OF Jake Bauers OF Brett Bateman P Jacob Misiorowski P Randy Dobnak SS Luisangel Acuna,,,
1197,5212916414,DNation86,0,85.1,1B Michael Busch 2B Nick Sogard 3B Nick Loftin C Salvador Perez OF Pete Crow-Armstrong OF Wilyer Abreu OF Michael Conforto P Jacob Misiorowski P Ryan Gusto SS Dansby Swanson,,,
1198,5213353801,Taintmagic10,0,84.95,1B Andrew Vaughn 2B Brice Turang 3B Jose Ramirez C Patrick Bailey OF Steven Kwan OF Michael Conforto OF Ronny Simon P Jacob Misiorowski P Joey Cantillo SS Gunnar Henderson,,,
1199,5212592418,missintrubisky,0,84.85,1B Alec Burleson 2B Xavier Edwards 3B Ryan McMahon C Moises Ballesteros OF Jordan Walker OF Jakob Marsee OF Nathan Church P Jacob Misiorowski P Shane Bieber SS Ezequiel Duran,,,
1199,5212888233,tbjones2121,0,84.85,1B Andrew Vaughn 2B Brice Turang 3B Ezequiel Duran C Gary Sanchez OF Jake Bauers OF Brandon Nimmo OF Luis Lara P Jacob Misiorowski P Kumar Rocker SS George Lombard Jr.,,,
1199,5213281019,one-eyedBelle,0,84.85,1B Bryce Harper 2B Ronny Simon 3B Bryson Stott C J.T. Realmuto OF Jake McCarthy OF Henry Bolte OF Justin Crawford P Jacob Misiorowski P Kumar Rocker SS Trea Turner,,,
1199,5213312780,janoman,0,84.85,1B Alec Burleson 2B Xavier Edwards 3B Tommy White C Agustin Ramirez OF Jordan Walker OF Nathan Church OF Bryan Torres P Jacob Misiorowski P Shane Bieber SS Masyn Winn,,,
1199,5213335532,RodFarva,0,84.85,1B Salvador Perez 2B JJ Wetherholt 3B Nick Loftin C Jimmy Crooks OF Jackson Chourio OF Wade Meckler OF Randal Grichuk P Jacob Misiorowski P Kumar Rocker SS Bobby Witt Jr.,,,
1199,5213350707,rounders26,0,84.85,1B Michael Busch 2B Ronny Simon 3B Alex Bregman C Jimmy Crooks OF Pete Crow-Armstrong OF Esmerlyn Valdez OF Jake Mangum P Jacob Misiorowski P Kumar Rocker SS Luisangel Acuna,,,
1205,5213245294,ronnie77,0,84.75,1B Michael Busch 2B Luis Arraez 3B Bryson Stott C Miguel Amaya OF Pete Crow-Armstrong OF Bryce Harper OF Brandon Marsh P Jared Jones P Ryan Gusto SS Trea Turner,,,
1206,5213356001,jabbo123,0,84.7,1B Nolan Schanuel 2B Adam Frazier 3B Kyle Karros C Hunter Goodman OF Mike Trout OF Mickey Moniak OF Josh Lowe P Jacob Misiorowski P Grayson Rodriguez SS Zach Neto,,,
1207,5213032092,Axtron40,0,84.65,1B Nathaniel Lowe 2B Jackson Holliday 3B Jose Ramirez C Patrick Bailey OF Chase DeLauter OF Steven Kwan OF Dylan Beavers P Jacob Misiorowski P Jared Jones SS Gunnar Henderson,,,
1207,5213251490,Bazoinkles,0,84.65,1B Michael Busch 2B Nick Sogard 3B Alex Bregman C Miguel Amaya OF Pete Crow-Armstrong OF Wade Meckler OF Tyrone Taylor P Jacob Misiorowski P Jared Jones SS Jim Jarvis,,,
1209,5213339585,gohesq,0,84.600006,1B Alec Bohm 2B Travis Bazzana 3B David Hamilton C Salvador Perez OF Brandon Marsh OF Braden Montgomery OF Wade Meckler P Cam Schlittler P Randy Dobnak SS Bobby Witt Jr.,,,
1210,5213081151,tross2255,0,84.45,1B Kazuma Okamoto 2B Bryson Stott 3B Ezequiel Duran C William Contreras OF Jarren Duran OF Jakob Marsee OF Wade Meckler P Jacob Misiorowski P Matthew Boyd SS George Lombard Jr.,,,
1210,5213122509,lbolt,0,84.45,1B Alec Burleson 2B Nick Sogard 3B Tommy White C Agustin Ramirez OF Wilyer Abreu OF Henry Bolte OF Ronny Simon P Jacob Misiorowski P Matthew Boyd SS Ezequiel Duran,,,
1212,5213334359,cantbstopped5deuce,0,84.399994,1B Willson Contreras 2B Nick Sogard 3B Alex Bregman C Salvador Perez OF Wilyer Abreu OF Ceddanne Rafaela OF Jarren Duran P Sean Manaea P Connor Prielipp SS Bobby Witt Jr.,,,
1213,5212790565,BossP31,0,84.3,1B Josh Bell 2B Bryson Stott 3B Ezequiel Duran C J.T. Realmuto OF Tyler Soderstrom OF Brandon Marsh OF Jo Adell P Cam Schlittler P Kumar Rocker SS Trea Turner,,,
1214,5212664780,scoobydaniels,0,84.25,1B Nathaniel Lowe 2B Travis Bazzana 3B Ryan McMahon C Luke Maile OF Chase DeLauter OF Steven Kwan OF Ronny Simon P Jacob Misiorowski P Jesus Luzardo SS Brayan Rocchio,,,
1214,5212753384,Thickology,0,84.25,1B Royce Lewis 2B Ronny Simon 3B Willi Castro C Brian Serven OF Pete Crow-Armstrong OF Mauricio Dubon OF Brett Bateman P Jacob Misiorowski P Jesus Luzardo SS George Lombard Jr.,,,
1214,5213192012,robertdej,0,84.25,1B Nick Sogard 2B Anthony Seigler 3B Ezequiel Duran C Jake Rogers OF Wilyer Abreu OF Jarren Duran OF Randal Grichuk P Jacob Misiorowski P Jesus Luzardo SS George Lombard Jr.,,,
1214,5213276647,Steveb1029,0,84.25,1B Nolan Schanuel 2B Anthony Seigler 3B Ryan McMahon C Austin Wells OF Wilyer Abreu OF Jarren Duran OF Spencer Jones P Jacob Misiorowski P Jesus Luzardo SS Andruw Monasterio,,,
1218,5213153288,leikemberg,0,84.2,1B Kyle Stowers 2B Adam Frazier 3B Denzer Guzman C William Contreras OF Mike Trout OF Mickey Moniak OF Wyatt Langford P Jesus Luzardo P Joey Cantillo SS Jackson Holliday,,,
1219,5212605486,chicos33,0,84.1,1B Ben Rice 2B Brandon Lowe 3B Colson Montgomery C Drake Baldwin OF A.J. Ewing OF Carson Benge OF Trent Grisham P Grant Holmes P Ryan Gusto SS Bobby Witt Jr.,,,
1219,5212866454,cryanclt,0,84.1,1B Willson Contreras 2B Nick Sogard 3B Bryson Stott C Ivan Herrera OF Wilyer Abreu OF Ceddanne Rafaela OF Brett Bateman P Jacob Misiorowski P Ryan Gusto SS Andruw Monasterio,,,
1219,5212964528,aolson72178,0,84.1,1B Michael Busch 2B Nick Sogard 3B Ryan McMahon C Jimmy Crooks OF Pete Crow-Armstrong OF Jackson Chourio OF Mickey Moniak P Jacob Misiorowski P Ryan Gusto SS George Lombard Jr.,,,
1219,5213178790,aj4evers,0,84.1,1B Michael Busch 2B Nick Sogard 3B Nick Loftin C Jake Rogers OF Pete Crow-Armstrong OF Bryce Harper OF Steven Kwan P Jesus Luzardo P Kumar Rocker SS Trea Turner,,,
1219,5213214186,qbbradd08,0,84.1,1B Michael Busch 2B Nick Sogard 3B Alex Bregman C Austin Wells OF Pete Crow-Armstrong OF Wilyer Abreu OF Tyrone Taylor P Jacob Misiorowski P Ryan Gusto SS Andruw Monasterio,,,
1224,5213304936,rivecco20,0,83.95,1B Nick Sogard 2B Anthony Seigler 3B Ernie Clement C Alejandro Kirk OF Pete Crow-Armstrong OF Braden Montgomery OF Spencer Jones P Jacob Misiorowski P Davis Martin SS Colson Montgomery,,,
1224,5213336512,bjmcneill,0,83.95,1B Luis Garcia Jr. 2B Xavier Edwards 3B Ryan McMahon C Salvador Perez OF Wyatt Langford OF Ian Happ OF Jakob Marsee P Jacob Misiorowski P Davis Martin SS Gunnar Henderson,,,
1226,5212709019,ivymoose,0,83.85,1B Michael Busch 2B Ronny Simon 3B Alex Bregman C Salvador Perez OF Pete Crow-Armstrong OF Tyrone Taylor OF Brett Bateman P Jacob Misiorowski P Kumar Rocker SS Tyler Tolbert,,,
1226,5212744569,LOCNOTM,0,83.85,1B Michael Busch 2B Anthony Seigler 3B Alex Bregman C Luke Maile OF Pete Crow-Armstrong OF Michael Conforto OF Tyrone Taylor P Jacob Misiorowski P Kumar Rocker SS Andruw Monasterio,,,
1226,5212910607,seiferidjosh80,0,83.85,1B Willson Contreras 2B Anthony Seigler 3B Alex Bregman C Ivan Herrera OF Jarren Duran OF Nathan Church OF Justin Crawford P Jacob Misiorowski P Kumar Rocker SS Dansby Swanson,,,
1226,5213188327,bori68,0,83.85,1B Alec Burleson 2B Xavier Edwards 3B Blaze Jordan C Ivan Herrera OF Brandon Marsh OF Bryan Torres OF Gabriel Gonzalez P Jacob Misiorowski P Shane Bieber SS Otto Lopez,,,
1226,5213235348,jusnit,0,83.85,1B Alec Burleson 2B Justin Foscue 3B Ezequiel Duran C Jimmy Crooks OF Wyatt Langford OF Brandon Nimmo OF Nathan Church P Jacob Misiorowski P Kumar Rocker SS Corey Seager,,,
1231,5213025180,j5brooks,0,83.8,1B Kyle Stowers 2B JJ Wetherholt 3B Tommy White C Hunter Goodman OF Pete Crow-Armstrong OF Jordan Walker OF Cole Carrigg P Davis Martin P Kumar Rocker SS Ezequiel Tovar,,,
1232,5212664798,BFreeman,0,83.65,1B Michael Busch 2B Nick Sogard 3B Nick Loftin C Miguel Amaya OF Pete Crow-Armstrong OF Wyatt Langford OF Josh Lowe P Jacob Misiorowski P Jared Jones SS Jackson Holliday,,,
1232,5213053622,mspozto,0,83.65,1B Michael Busch 2B Nick Sogard 3B Alex Bregman C Miguel Amaya OF Wyatt Langford OF Michael Conforto OF Tyrone Taylor P Jacob Misiorowski P Jared Jones SS Corey Seager,,,
1232,5213198964,groovecityhacksaw,0,83.65,1B Alec Burleson 2B Xavier Edwards 3B Ryan McMahon C Jimmy Crooks OF Bryce Harper OF Jackson Chourio OF Ronny Simon P Jacob Misiorowski P Cade Povich SS George Lombard Jr.,,,
1232,5213224011,sgibson619,0,83.65,1B Jake Burger 2B Jackson Holliday 3B Nick Gonzales C Elias Diaz OF Wyatt Langford OF Trent Grisham OF Michael Conforto P Jacob Misiorowski P Jared Jones SS Gunnar Henderson,,,
1232,5213319036,thegambler84,0,83.65,1B Jake Bauers 2B Brice Turang 3B David Hamilton C William Contreras OF Jackson Chourio OF Jakob Marsee OF Owen Caissie P Jared Jones P Grant Holmes SS Bobby Witt Jr.,,,
1237,5213323519,BushWood_2229,0,83.55,1B Jac Caglianone 2B Nick Sogard 3B Kyle Karros C Ivan Herrera OF Jackson Chourio OF Ceddanne Rafaela OF Jake McCarthy P Jacob Misiorowski P Erik Miller SS Ezequiel Duran,,,
1237,5213354155,Poboyz,0,83.549995,1B Kyle Stowers 2B Jazz Chisholm Jr. 3B Jose Ramirez C Edgar Quero OF Pete Crow-Armstrong OF Jordan Walker OF Jo Adell P Kumar Rocker P Brayan Bello SS Zach Neto,,,
1239,5212883521,Midwest5,0,83.45,1B Andrew Vaughn 2B Xavier Edwards 3B Bryson Stott C Jimmy Crooks OF Wyatt Langford OF Jarren Duran OF Steven Kwan P Jacob Misiorowski P Matthew Boyd SS Ezequiel Duran,,,
1239,5213075920,bizz2020,0,83.45,1B Nathaniel Lowe 2B Angel Genao 3B Kyle Karros C Jimmy Crooks OF Mickey Moniak OF Jake McCarthy OF Ronny Simon P Jacob Misiorowski P Cam Schlittler SS George Lombard Jr.,,,
1241,5213200321,frieden47,0,83.3,1B Nolan Schanuel 2B Ronny Simon 3B Alex Bregman C Ivan Herrera OF Kyle Schwarber OF Ceddanne Rafaela OF Jarren Duran P Jared Jones P Cade Povich SS Bobby Witt Jr.,,,
1242,5212727237,kossss714,0,83.25,1B Nick Sogard 2B Ronny Simon 3B Ryan McMahon C Jimmy Crooks OF Wilyer Abreu OF Ceddanne Rafaela OF Jake Mangum P Jacob Misiorowski P Jesus Luzardo SS George Lombard Jr.,,,
1242,5212750375,davjtev,0,83.25,1B Andrew Vaughn 2B Nick Sogard 3B Ryan McMahon C Salvador Perez OF Jackson Chourio OF Luis Lara OF Brandon Lockridge P Jacob Misiorowski P Jesus Luzardo SS Brayan Rocchio,,,
1242,5212923064,pkjorgy12,0,83.25,1B Luis Garcia Jr. 2B Nick Sogard 3B Nick Loftin C Salvador Perez OF Brandon Marsh OF Steven Kwan OF Michael Conforto P Jacob Misiorowski P Jesus Luzardo SS Jared Triolo,,,
1242,5212923986,xmastime,0,83.25,1B Ben Rice 2B Jazz Chisholm Jr. 3B Ryan McMahon C Patrick Bailey OF Steven Kwan OF Spencer Jones OF Wade Meckler P Jacob Misiorowski P Jesus Luzardo SS George Lombard Jr.,,,
1242,5213021827,Seanywins,0,83.25,1B Luis Garcia Jr. 2B Jonathan Ornelas 3B Ryan McMahon C Austin Wells OF Pete Crow-Armstrong OF Spencer Jones OF Henry Bolte P Jacob Misiorowski P Jesus Luzardo SS George Lombard Jr.,,,
1242,5213063935,andyhalegua2792,0,83.25,1B Nick Sogard 2B Bryson Stott 3B Ryan McMahon C Austin Wells OF Wilyer Abreu OF Ceddanne Rafaela OF Spencer Jones P Jacob Misiorowski P Jesus Luzardo SS George Lombard Jr.,,,
1242,5213068311,bcargerm,0,83.25,1B Nick Sogard 2B Ronny Simon 3B Tommy White C Jimmy Crooks OF Pete Crow-Armstrong OF Jarren Duran OF Henry Bolte P Jacob Misiorowski P Jesus Luzardo SS George Lombard Jr.,,,
1242,5213113550,turfgurutigers69,0,83.25,1B Nathaniel Lowe 2B Jackson Holliday 3B Ryan McMahon C Austin Wells OF Ceddanne Rafaela OF Jarren Duran OF Braden Montgomery P Jacob Misiorowski P Jesus Luzardo SS Andruw Monasterio,,,
1242,5213224640,Cathyrules1,0,83.25,1B Kazuma Okamoto 2B Bryson Stott 3B Ezequiel Duran C Salvador Perez OF Jake McCarthy OF Cole Carrigg OF Jarren Duran P Jacob Misiorowski P Michael McGreevy SS Andruw Monasterio,,,
1242,5213362008,finishers123,0,83.25,1B Nathaniel Lowe 2B Angel Genao 3B Josh Smith C Salvador Perez OF Jac Caglianone OF Spencer Jones OF Brett Bateman P Jacob Misiorowski P Jesus Luzardo SS Bobby Witt Jr.,,,
1242,5213362469,Gezzy38,0,83.25,1B Nathaniel Lowe 2B Xavier Edwards 3B Denzer Guzman C Agustin Ramirez OF Jake McCarthy OF Heriberto Hernandez OF Wade Meckler P Jacob Misiorowski P Jesus Luzardo SS George Lombard Jr.,,,
1253,5212977535,bodyrags,0,83.15,1B Andrew Vaughn 2B Xavier Edwards 3B Ezequiel Duran C Edgar Quero OF Jackson Chourio OF Brandon Marsh OF Wade Meckler P Jacob Misiorowski P Randy Dobnak SS Otto Lopez,,,
1254,5212835682,evangm86,0,83.1,1B Michael Busch 2B Nick Sogard 3B Alex Bregman C Salvador Perez OF Ceddanne Rafaela OF Jarren Duran OF Eli White P Jacob Misiorowski P Ryan Gusto SS Bobby Witt Jr.,,,
1254,5212966297,TimmyGah,0,83.1,1B TJ Rumfield 2B Ronny Simon 3B Willi Castro C Hunter Goodman OF Wilyer Abreu OF Jake McCarthy OF Cole Carrigg P Jacob Misiorowski P Ryan Gusto SS George Lombard Jr.,,,
1254,5212987014,keithskrushers1,0,83.1,1B Bryce Harper 2B Luis Arraez 3B Willi Castro C Gary Sanchez OF Jake McCarthy OF Luke Keaschall OF Justin Crawford P Jesus Luzardo P Kumar Rocker SS Trea Turner,,,
1254,5213247192,evmoore15,0,83.1,1B Alec Burleson 2B Luis Arraez 3B Bryson Stott C Jimmy Crooks OF Mickey Moniak OF Esmerlyn Valdez OF Steven Kwan P Jacob Misiorowski P Ryan Gusto SS Andruw Monasterio,,,
1254,5213282514,johnston338,0,83.1,1B Josh Bell 2B Ozzie Albies 3B Nick Loftin C Jimmy Crooks OF Mike Trout OF Wilyer Abreu OF Ceddanne Rafaela P Jesus Luzardo P Sean Manaea SS Trea Turner,,,
1259,5212784477,Dylanklein218,0,83,1B Michael Busch 2B Xavier Edwards 3B Blaze Jordan C Ivan Herrera OF Ceddanne Rafaela OF Jarren Duran OF Masataka Yoshida P Jacob Misiorowski P Grant Holmes SS Francisco Lindor,,,
1259,5212906188,xpac,0,83,1B Andrew Vaughn 2B Xavier Edwards 3B Javier Sanoja C Ivan Herrera OF Wilyer Abreu OF Jarren Duran OF Steven Kwan P Jacob Misiorowski P Grant Holmes SS Corey Seager,,,
1259,5213012464,irish126,0,83,1B Andrew Vaughn 2B Xavier Edwards 3B Javier Sanoja C Ivan Herrera OF Wilyer Abreu OF Jarren Duran OF Steven Kwan P Jacob Misiorowski P Grant Holmes SS Corey Seager,,,
1259,5213267466,Onyxandjoe2,0,83,1B Andrew Vaughn 2B Xavier Edwards 3B Javier Sanoja C Ivan Herrera OF Wilyer Abreu OF Jarren Duran OF Steven Kwan P Jacob Misiorowski P Grant Holmes SS Corey Seager,,,
1259,5213329314,kenny7575,0,83,1B Andrew Vaughn 2B Xavier Edwards 3B Javier Sanoja C Ivan Herrera OF Wilyer Abreu OF Jarren Duran OF Steven Kwan P Jacob Misiorowski P Grant Holmes SS Corey Seager,,,
1259,5213355210,mralexrest,0,83,1B Andrew Vaughn 2B Xavier Edwards 3B Javier Sanoja C Ivan Herrera OF Wilyer Abreu OF Jarren Duran OF Steven Kwan P Jacob Misiorowski P Grant Holmes SS Corey Seager,,,
1259,5213358810,jdrujon,0,83,1B Andrew Vaughn 2B Xavier Edwards 3B Javier Sanoja C Ivan Herrera OF Wilyer Abreu OF Jarren Duran OF Steven Kwan P Jacob Misiorowski P Grant Holmes SS Corey Seager,,,
1259,5213366905,brabdon79,0,83,1B Andrew Vaughn 2B Xavier Edwards 3B Javier Sanoja C Ivan Herrera OF Wilyer Abreu OF Jarren Duran OF Steven Kwan P Jacob Misiorowski P Grant Holmes SS Corey Seager,,,
1267,5212892808,gdman_2,0,82.95,1B Nathaniel Lowe 2B Angel Genao 3B Jose Ramirez C Patrick Bailey OF Wilyer Abreu OF Ceddanne Rafaela OF Chase DeLauter P Jesus Luzardo P Brayan Bello SS Bobby Witt Jr.,,,
1267,5213347635,mattyp233,0,82.95,1B Nolan Schanuel 2B Xavier Edwards 3B Nick Gonzales C William Contreras OF Bryce Harper OF Spencer Jones OF Ronny Simon P Jesus Luzardo P Brayan Bello SS Bobby Witt Jr.,,,
1269,5213290110,bionicknee,0,82.85,1B Nick Sogard 2B Nico Hoerner 3B Nick Loftin C Miguel Amaya OF Pete Crow-Armstrong OF Ceddanne Rafaela OF Tyrone Taylor P Jacob Misiorowski P Kumar Rocker SS Dansby Swanson,,,
1270,5213018323,willy1225,0,82.8,1B Michael Busch 2B Nick Sogard 3B Nick Loftin C Jake Rogers OF Pete Crow-Armstrong OF Wilyer Abreu OF Ceddanne Rafaela P Jesus Luzardo P Connor Prielipp SS Andruw Monasterio,,,
1271,5213359449,rondelt,0,82.7,1B Nick Sogard 2B Ernie Clement 3B Alec Bohm C Alejandro Kirk OF Ceddanne Rafaela OF Wyatt Langford OF Esmerlyn Valdez P Jacob Misiorowski P Brayan Bello SS Dansby Swanson,,,
1272,5213191358,Chili77,0,82.65,1B Nick Sogard 2B Nico Hoerner 3B Alex Bregman C Salvador Perez OF Wilyer Abreu OF Wade Meckler OF Tyrone Taylor P Jacob Misiorowski P Jared Jones SS Jackson Holliday,,,
1272,5213332860,KingLaner,0,82.65,1B Michael Busch 2B Ronny Simon 3B Kazuma Okamoto C Salvador Perez OF Mickey Moniak OF Michael Harris II OF Griffin Conine P Jacob Misiorowski P Jared Jones SS George Lombard Jr.,,,
1274,5212991486,Konk1,0,82.6,1B Vladimir Guerrero Jr. 2B Nick Sogard 3B Kyle Karros C Ivan Herrera OF Jake McCarthy OF Luis Lara OF Steven Kwan P Jacob Misiorowski P J.T. Ginn SS Ezequiel Duran,,,
1275,5212990458,Jerry2044,0,82.45,1B Willson Contreras 2B Adam Frazier 3B Denzer Guzman C William Contreras OF Pete Crow-Armstrong OF Ronny Simon OF Brett Bateman P Jacob Misiorowski P Matthew Boyd SS Masyn Winn,,,
1275,5213125657,bryanbigbets,0,82.45,1B Andrew Vaughn 2B Adam Frazier 3B Denzer Guzman C Gary Sanchez OF Luis Lara OF Wade Meckler OF Josh Lowe P Jacob Misiorowski P Cam Schlittler SS Zach Neto,,,
1275,5213256514,ZzZ_JaZ,0,82.45,1B Nick Sogard 2B Anthony Seigler 3B Ryan McMahon C Jimmy Crooks OF Wilyer Abreu OF Jarren Duran OF Eli White P Jacob Misiorowski P Cam Schlittler SS George Lombard Jr.,,,
1275,5213287147,Sargnus,0,82.45,1B Kyle Stowers 2B Xavier Edwards 3B Jose Fermin C Moises Ballesteros OF Jakob Marsee OF Nathan Church OF Bryan Torres P Jacob Misiorowski P Matthew Boyd SS Trea Turner,,,
1279,5212876205,CLAWSOFDEATH,0,82.4,1B Matt Olson 2B Marcus Semien 3B Nick Gonzales C Hunter Goodman OF Jake McCarthy OF Cole Carrigg OF Michael Harris II P Matthew Boyd P Davis Martin SS Jacob Wilson,,,
1280,5213198493,timmysweepsfox,0,82.25,1B Ben Rice 2B JJ Wetherholt 3B Ryan McMahon C Austin Wells OF Jose Fermin OF Spencer Jones OF Troy Johnston P Jacob Misiorowski P Jesus Luzardo SS George Lombard Jr.,,,
1280,5213212536,RandyScores,0,82.25,1B Ben Rice 2B Justin Foscue 3B Ryan McMahon C Austin Wells OF Wyatt Langford OF Spencer Jones OF Cam Cauley P Jacob Misiorowski P Jesus Luzardo SS Ezequiel Tovar,,,
1282,5212563545,dkNLU,0,82.2,1B Luis Garcia Jr. 2B Bryson Stott 3B Jose Fermin C Austin Wells OF Bryce Harper OF Jo Adell OF Heriberto Hernandez P Jesus Luzardo P Joey Cantillo SS Dansby Swanson,,,
1283,5212924243,wehls,0,82.15,1B Jake Burger 2B Brice Turang 3B Ezequiel Duran C Luke Maile OF Wyatt Langford OF Cole Carrigg OF Brandon Nimmo P Jacob Misiorowski P Randy Dobnak SS George Lombard Jr.,,,
1284,5212986997,az350z,0,82.1,1B Ben Rice 2B Jazz Chisholm Jr. 3B Ryan McMahon C Drake Baldwin OF Ronald Acuna Jr. OF Michael Harris II OF Dominic Smith P Jesus Luzardo P Sean Manaea SS Jim Jarvis,,,
1284,5213010404,dpeezy82,0,82.1,1B Luis Garcia Jr. 2B Jackson Holliday 3B Miguel Vargas C Austin Wells OF Pete Crow-Armstrong OF Ian Happ OF Randal Grichuk P Matthew Boyd P Jared Jones SS Trea Turner,,,
1284,5213033743,kcroyalfan,0,82.1,1B Nolan Schanuel 2B Luis Arraez 3B Nick Gonzales C J.T. Realmuto OF Bryce Harper OF Jakob Marsee OF Wade Meckler P Jesus Luzardo P Kumar Rocker SS Bobby Witt Jr.,,,
1284,5213043257,Zabes,0,82.1,1B Andrew Vaughn 2B Xavier Edwards 3B Ryan McMahon C Gary Sanchez OF Bryce Harper OF Jackson Chourio OF Jac Caglianone P Jacob Misiorowski P Ryan Gusto SS George Lombard Jr.,,,
1284,5213199398,orl9798,0,82.1,1B Matt Olson 2B Ozzie Albies 3B Alex Bregman C William Contreras OF Jackson Chourio OF Ronald Acuna Jr. OF Michael Harris II P Grant Holmes P Ryan Gusto SS Bobby Witt Jr.,,,
1284,5213255571,Raider707Nation,0,82.1,1B Michael Busch 2B Anthony Seigler 3B Alex Bregman C Jake Rogers OF Pete Crow-Armstrong OF Ian Happ OF Jarren Duran P Matthew Boyd P Jared Jones SS Andruw Monasterio,,,
1284,5213361331,Latman7,0,82.1,1B Michael Busch 2B Nick Sogard 3B Alex Bregman C Jake Rogers OF Pete Crow-Armstrong OF Ceddanne Rafaela OF Tyrone Taylor P Jacob Misiorowski P Ryan Gusto SS Andruw Monasterio,,,
1291,5213128557,sdot2350,0,82,1B Willson Contreras 2B Nick Sogard 3B Nick Gonzales C Moises Ballesteros OF Wilyer Abreu OF Jarren Duran OF Griffin Conine P Jacob Misiorowski P Grant Holmes SS Andruw Monasterio,,,
1292,5212887274,grrrrmonsta,0,81.95,1B Matt Olson 2B Marcus Semien 3B Bryson Stott C Jonah Heim OF Ceddanne Rafaela OF Brandon Marsh OF Ronny Simon P Jacob Misiorowski P Davis Martin SS Ezequiel Duran,,,
1292,5213273467,chriszeno15,0,81.95,1B Nolan Schanuel 2B Bryson Stott 3B Ryan McMahon C Luke Maile OF Pete Crow-Armstrong OF Mickey Moniak OF Jake McCarthy P Jacob Misiorowski P Davis Martin SS George Lombard Jr.,,,
1292,5213275340,phil-osophy1,0,81.95,1B Alec Burleson 2B Nick Sogard 3B Nick Loftin C Salvador Perez OF Pete Crow-Armstrong OF Ronny Simon OF Starling Marte P Jacob Misiorowski P Joey Cantillo SS Tyler Tolbert,,,
1295,5213039299,awilhite,0,81.85,1B Kyle Stowers 2B Xavier Edwards 3B Jose Fermin C Jimmy Crooks OF Jake McCarthy OF Jakob Marsee OF Bryan Torres P Jacob Misiorowski P Shane Bieber SS Otto Lopez,,,
1295,5213076552,devonmaya,0,81.85,1B Alec Burleson 2B Anthony Seigler 3B Jose Fermin C J.T. Realmuto OF Jordan Walker OF Javier Sanoja OF Henry Bolte P Jacob Misiorowski P Kumar Rocker SS Andruw Monasterio,,,
1295,5213229948,JRaab,0,81.85,1B Alec Burleson 2B Xavier Edwards 3B Jose Fermin C Agustin Ramirez OF Wyatt Langford OF Nathan Church OF Bryan Torres P Jacob Misiorowski P Shane Bieber SS Masyn Winn,,,
1295,5213330040,billynumbers,0,81.85,1B Matt Olson 2B Ozzie Albies 3B Austin Riley C Jake Rogers OF Ronald Acuna Jr. OF Mike Trout OF Josh Lowe P Jacob Misiorowski P Sean Manaea SS Jim Jarvis,,,
1299,5212992840,sydsbengals,0,81.7,1B Nathaniel Lowe 2B Nick Sogard 3B Austin Riley C Agustin Ramirez OF Jackson Chourio OF Ceddanne Rafaela OF Jake McCarthy P Jesus Luzardo P Matthew Boyd SS George Lombard Jr.,,,
1300,5213016847,justchillinurb,0,81.65,1B Kyle Stowers 2B Royce Lewis 3B Ernie Clement C Ivan Herrera OF Trent Grisham OF Michael Harris II OF Ronny Simon P Jacob Misiorowski P Jared Jones SS George Lombard Jr.,,,
1300,5213363620,Jazebee,0,81.65,1B Kazuma Okamoto 2B Ernie Clement 3B Bryson Stott C Salvador Perez OF Ceddanne Rafaela OF Michael Harris II OF Owen Caissie P Jacob Misiorowski P Jared Jones SS Masyn Winn,,,
1302,5213136415,RJ_Football5000,0,81.55,1B Nick Sogard 2B Royce Lewis 3B Ezequiel Duran C Edgar Quero OF Wilyer Abreu OF Jake Mangum OF Trevor Larnach P Jacob Misiorowski P Connor Prielipp SS Gunnar Henderson,,,
1303,5213106370,stlmyk,0,81.45,1B TJ Rumfield 2B Nick Sogard 3B Ezequiel Duran C Agustin Ramirez OF Jake McCarthy OF Braden Montgomery OF Steven Kwan P Jacob Misiorowski P Matthew Boyd SS Masyn Winn,,,
1303,5213329029,lmcdaniel77,0,81.45,1B Luis Garcia Jr. 2B Ronny Simon 3B Alex Bregman C Edgar Quero OF Mickey Moniak OF Wyatt Langford OF Steven Kwan P Jacob Misiorowski P Matthew Boyd SS George Lombard Jr.,,,
1305,5212977293,cubsin2016,0,81.3,1B Michael Busch 2B Nico Hoerner 3B Alex Bregman C Moises Ballesteros OF Pete Crow-Armstrong OF Jordan Walker OF Cole Carrigg P Jared Jones P Cade Povich SS Masyn Winn,,,
1306,5212937255,DrewDizzla,0,81.25,1B TJ Rumfield 2B Angel Genao 3B Willi Castro C Salvador Perez OF Esmerlyn Valdez OF Cole Carrigg OF Ronny Simon P Jacob Misiorowski P Jesus Luzardo SS George Lombard Jr.,,,
1306,5213052220,frisbeediver,0,81.25,1B Ben Rice 2B Nick Sogard 3B Ryan McMahon C Jake Rogers OF Wilyer Abreu OF Spencer Jones OF Eli White P Jacob Misiorowski P Jesus Luzardo SS George Lombard Jr.,,,
1306,5213234820,Tron55,0,81.25,1B Andrew Vaughn 2B Ronny Simon 3B Ryan McMahon C Austin Wells OF Pete Crow-Armstrong OF Wilyer Abreu OF Tyrone Taylor P Jacob Misiorowski P Jesus Luzardo SS George Lombard Jr.,,,
1309,5213256755,smittys.crew,0,81.1,1B Michael Busch 2B Jazz Chisholm Jr. 3B Austin Riley C Miguel Amaya OF Ceddanne Rafaela OF Wyatt Langford OF Heliot Ramos P Jacob Misiorowski P Ryan Gusto SS Corey Seager,,,
1310,5213366164,tardawg44,0,81,1B Matt Olson 2B Ronny Simon 3B Denzer Guzman C Salvador Perez OF Ronald Acuna Jr. OF Wilyer Abreu OF Chase DeLauter P Jacob Misiorowski P Grant Holmes SS Masyn Winn,,,
1311,5212852213,adua711,0,80.85,1B Michael Busch 2B Nick Sogard 3B Alex Bregman C Jake Rogers OF Pete Crow-Armstrong OF Jarren Duran OF Eli White P Jacob Misiorowski P Kumar Rocker SS Andruw Monasterio,,,
1311,5212900369,rbell112490,0,80.85,1B Jake Burger 2B Xavier Edwards 3B Ezequiel Duran C Gary Sanchez OF Wyatt Langford OF Brandon Nimmo OF Jakob Marsee P Jacob Misiorowski P Kumar Rocker SS Corey Seager,,,
1311,5212906940,Nayrb29,0,80.85,1B Nathaniel Lowe 2B Angel Genao 3B Jose Ramirez C Ivan Herrera OF Jordan Walker OF Chase DeLauter OF Steven Kwan P Jacob Misiorowski P Kumar Rocker SS George Lombard Jr.,,,
1311,5213143998,rphdallas,0,80.85,1B Alec Burleson 2B Bryson Stott 3B Ryan McMahon C Austin Wells OF Pete Crow-Armstrong OF Mickey Moniak OF Justin Crawford P Jacob Misiorowski P Kumar Rocker SS George Lombard Jr.,,,
1311,5213165400,egreteman,0,80.85,1B Nathaniel Lowe 2B Angel Genao 3B Jose Ramirez C Ivan Herrera OF Jordan Walker OF Chase DeLauter OF Steven Kwan P Jacob Misiorowski P Kumar Rocker SS George Lombard Jr.,,,
1316,5213086097,jonjonlegend,0,80.7,1B Nick Sogard 2B Anthony Seigler 3B Bryson Stott C Jake Rogers OF Bryce Harper OF Wilyer Abreu OF Lawrence Butler P Jacob Misiorowski P Grayson Rodriguez SS Trea Turner,,,
1317,5212499197,VivaLaRevolucion,0,80.5,1B Alec Burleson 2B JJ Wetherholt 3B Willi Castro C Ivan Herrera OF Jordan Walker OF Tyler Soderstrom OF Jake McCarthy P Jared Jones P Kumar Rocker SS George Lombard Jr.,,,
1317,5213204558,baldybob,0,80.5,1B Willson Contreras 2B Brice Turang 3B Kazuma Okamoto C Moises Ballesteros OF Jackson Chourio OF Wilyer Abreu OF Jarren Duran P Connor Prielipp P Davis Martin SS Colson Montgomery,,,
1319,5213072755,lukenukem876,0,80.45,1B TJ Rumfield 2B Nick Sogard 3B Bryson Stott C Jimmy Crooks OF Jarren Duran OF Spencer Jones OF Ronny Simon P Jacob Misiorowski P Cam Schlittler SS George Lombard Jr.,,,
1320,5213267391,luvthemredbirds,0,80.35,1B Willson Contreras 2B Jazz Chisholm Jr. 3B Bryson Stott C J.T. Realmuto OF Wilyer Abreu OF Ceddanne Rafaela OF Jarren Duran P Jesus Luzardo P Ryan Gusto SS Andruw Monasterio,,,
1321,5213036118,Sundee11,0,80.25,1B Dominic Smith 2B Bryson Stott 3B Ezequiel Duran C Austin Wells OF Bryce Harper OF Ceddanne Rafaela OF Wyatt Langford P Jacob Misiorowski P Michael McGreevy SS Brayan Rocchio,,,
1321,5213153367,mgz32,0,80.25,1B Salvador Perez 2B Nick Sogard 3B Nick Loftin C Luke Maile OF Wilyer Abreu OF Jarren Duran OF Eli White P Jacob Misiorowski P Jesus Luzardo SS Andruw Monasterio,,,
1321,5213331292,BobCat2155,0,80.25,1B Nathaniel Lowe 2B Angel Genao 3B Ryan McMahon C Luke Maile OF Pete Crow-Armstrong OF Ceddanne Rafaela OF Ronny Simon P Jacob Misiorowski P Jesus Luzardo SS George Lombard Jr.,,,
1324,5213316159,AlamoTex,0,80.1,1B TJ Rumfield 2B Nick Sogard 3B Kyle Karros C Hunter Goodman OF Mickey Moniak OF Jake McCarthy OF Wyatt Langford P Jesus Luzardo P Kumar Rocker SS Ezequiel Duran,,,
1325,5213115346,JWGarrison,0,80,1B Nathaniel Lowe 2B Nick Sogard 3B Nick Loftin C Ivan Herrera OF Jordan Walker OF Jake McCarthy OF Cole Carrigg P Jacob Misiorowski P Grant Holmes SS Andruw Monasterio,,,
1325,5213201941,DefenseWins,0,80,1B Andrew Vaughn 2B Xavier Edwards 3B Jose Ramirez C Ivan Herrera OF Jarren Duran OF Jakob Marsee OF Lawrence Butler P Jacob Misiorowski P Grant Holmes SS Corey Seager,,,
1327,5213216042,garchos,0,79.95,1B Kyle Stowers 2B Nick Sogard 3B Alex Bregman C J.T. Realmuto OF Pete Crow-Armstrong OF Jackson Chourio OF Wilyer Abreu P Kumar Rocker P Ryan Gusto SS Trea Turner,,,
1328,5213208770,Firesauce11,0,79.9,1B Nick Sogard 2B Bryson Stott 3B Alex Bregman C Miguel Amaya OF Wilyer Abreu OF Ceddanne Rafaela OF Jarren Duran P Jesus Luzardo P Jared Jones SS Andruw Monasterio,,,
1329,5212866117,Brooklyn_Ballers,0,79.85,1B Kyle Stowers 2B Xavier Edwards 3B Jose Fermin C Agustin Ramirez OF Wyatt Langford OF Nathan Church OF Bryan Torres P Jacob Misiorowski P Shane Bieber SS Gunnar Henderson,,,
1329,5213091046,jreigle81,0,79.85,1B Michael Busch 2B Nick Sogard 3B Nick Loftin C Salvador Perez OF Pete Crow-Armstrong OF Ian Happ OF Tyrone Taylor P Jacob Misiorowski P Kumar Rocker SS Andruw Monasterio,,,
1329,5213127947,jrevelle3,0,79.85,1B Michael Busch 2B Marcus Semien 3B Nick Loftin C Salvador Perez OF Pete Crow-Armstrong OF Michael Conforto OF Tyrone Taylor P Jacob Misiorowski P Kumar Rocker SS Dansby Swanson,,,
1329,5213243802,Markp64,0,79.85,1B Nathaniel Lowe 2B Luis Arraez 3B Kyle Karros C Gary Sanchez OF Mickey Moniak OF Wyatt Langford OF Griffin Conine P Jacob Misiorowski P Kumar Rocker SS Andruw Monasterio,,,
1329,5213322148,Smcsmack,0,79.85,1B Michael Busch 2B Nick Sogard 3B Ezequiel Duran C Salvador Perez OF Wyatt Langford OF Brandon Nimmo OF Wade Meckler P Jacob Misiorowski P Kumar Rocker SS Corey Seager,,,
1334,5212812511,ibuprofound,0,79.65,1B Bryce Harper 2B Luis Arraez 3B Bryson Stott C Austin Wells OF Pete Crow-Armstrong OF Brandon Marsh OF Justin Crawford P Jacob Misiorowski P Michael Lorenzen SS George Lombard Jr.,,,
1334,5213043062,T-Bird33,0,79.65,1B Salvador Perez 2B Ozzie Albies 3B Coby Mayo C Henry Davis OF Pete Crow-Armstrong OF Jake Bauers OF Esmerlyn Valdez P Jacob Misiorowski P Cade Povich SS Ezequiel Tovar,,,
1336,5212882439,tjames3221,0,79.55,1B Bryce Harper 2B Anthony Seigler 3B Ryan McMahon C J.T. Realmuto OF Wilyer Abreu OF Jarren Duran OF Eli White P Jacob Misiorowski P Connor Prielipp SS Andruw Monasterio,,,
1336,5213279339,WillS23,0,79.55,1B Alec Burleson 2B JJ Wetherholt 3B Jose Fermin C Ivan Herrera OF Jordan Walker OF Wilyer Abreu OF Ceddanne Rafaela P Kumar Rocker P Grayson Rodriguez SS Andruw Monasterio,,,
1338,5212963855,billyp3010,0,79.5,1B Willson Contreras 2B Luis Arraez 3B Ryan McMahon C Jake Rogers OF Jordan Walker OF Wilyer Abreu OF Jarren Duran P Jesus Luzardo P Michael McGreevy SS Gunnar Henderson,,,
1339,5212650044,burnsy2010,0,79.45,1B Nolan Schanuel 2B Chase Meidroth 3B Nick Loftin C Moises Ballesteros OF Ceddanne Rafaela OF Wade Meckler OF Josh Lowe P Jacob Misiorowski P Cam Schlittler SS Cooper Pratt,,,
1339,5212904976,chevy67,0,79.45,1B Andrew Vaughn 2B Ernie Clement 3B David Hamilton C Agustin Ramirez OF Esteury Ruiz OF Luke Keaschall OF Masataka Yoshida P Jacob Misiorowski P Cam Schlittler SS Jose Caballero,,,
1339,5213132976,MKies816,0,79.45,1B Nick Sogard 2B Bryson Stott 3B Kyle Karros C Luke Maile OF Jake McCarthy OF Wyatt Langford OF Jarren Duran P Jacob Misiorowski P Matthew Boyd SS Andruw Monasterio,,,
1339,5213146047,whitey141414,0,79.45,1B Nathaniel Lowe 2B Nick Sogard 3B Ezequiel Duran C Jimmy Crooks OF Jo Adell OF Ronny Simon OF Brett Bateman P Jacob Misiorowski P Cam Schlittler SS Corey Seager,,,
1339,5213158574,CeeDeesTDs23,0,79.45,1B Matt Olson 2B Angel Genao 3B Miguel Vargas C Drake Baldwin OF Esmerlyn Valdez OF Ronny Simon OF Brett Bateman P Jacob Misiorowski P Matthew Boyd SS George Lombard Jr.,,,
1344,5213353839,Frenchy0721,0,79.3,1B Alec Burleson 2B Jazz Chisholm Jr. 3B Colson Montgomery C Salvador Perez OF Jake Bauers OF Chase DeLauter OF Jarren Duran P Jared Jones P Cade Povich SS Gunnar Henderson,,,
1345,5212947362,nblloyd23,0,79.25,1B Nick Sogard 2B Anthony Seigler 3B Jorge Polanco C Luke Maile OF Wilyer Abreu OF Braden Montgomery OF Steven Kwan P Jacob Misiorowski P Jesus Luzardo SS Andruw Monasterio,,,
1345,5213245004,westchesterlions,0,79.25,1B TJ Rumfield 2B Angel Genao 3B Kyle Karros C Jimmy Crooks OF Esmerlyn Valdez OF Henry Bolte OF Ronny Simon P Jacob Misiorowski P Jesus Luzardo SS Bobby Witt Jr.,,,
1345,5213284461,jonbrit83,0,79.25,1B Alec Bohm 2B Brice Turang 3B Ernie Clement C Salvador Perez OF Mickey Moniak OF Jarren Duran OF Henry Bolte P Jacob Misiorowski P Michael McGreevy SS Andruw Monasterio,,,
1345,5213328225,GreatTabbarinos,0,79.25,1B Salvador Perez 2B Jackson Holliday 3B Max Muncy C Jimmy Crooks OF Pete Crow-Armstrong OF Jo Adell OF Spencer Jones P Jacob Misiorowski P Michael McGreevy SS Bobby Witt Jr.,,,
1349,5213049781,neech74,0,79.1,1B Michael Busch 2B Nick Sogard 3B Alex Bregman C Jake Rogers OF Wilyer Abreu OF Ceddanne Rafaela OF Jarren Duran P Jacob Misiorowski P Ryan Gusto SS Dansby Swanson,,,
1349,5213090043,TheLand91,0,79.1,1B Alec Burleson 2B Nick Sogard 3B Kyle Karros C Agustin Ramirez OF Pete Crow-Armstrong OF Jake McCarthy OF Spencer Jones P Jacob Misiorowski P Ryan Gusto SS Andruw Monasterio,,,
1349,5213318827,Asstrolls,0,79.1,1B Jake Burger 2B Justin Foscue 3B Ezequiel Duran C Ivan Herrera OF Jordan Walker OF Wyatt Langford OF Jarren Duran P Jesus Luzardo P Kumar Rocker SS Corey Seager,,,
1352,5213353413,marcjesse,0,79.05,1B TJ Rumfield 2B Jazz Chisholm Jr. 3B Nick Gonzales C Jonah Heim OF Mickey Moniak OF Kody Clemens OF Wyatt Langford P Matthew Boyd P J.T. Ginn SS Masyn Winn,,,
1353,5212731939,Powell80,0,79,1B Andrew Vaughn 2B Nick Sogard 3B Bryson Stott C Ivan Herrera OF Wilyer Abreu OF Ceddanne Rafaela OF Justin Crawford P Jacob Misiorowski P Grant Holmes SS Andruw Monasterio,,,
1353,5212990135,Daking330,0,79,1B TJ Rumfield 2B Bryson Stott 3B Kyle Karros C Jake Rogers OF Ceddanne Rafaela OF Jake McCarthy OF Cole Carrigg P Jacob Misiorowski P Grant Holmes SS Trea Turner,,,
1353,5213064785,Outbreak_1911,0,79,1B Michael Busch 2B Jonathan Ornelas 3B Nick Loftin C Hunter Goodman OF Mickey Moniak OF Lawrence Butler OF Tyrone Taylor P Jacob Misiorowski P Grant Holmes SS Bobby Witt Jr.,,,
1356,5212985641,bbrvan,0,78.9,1B Alec Burleson 2B JJ Wetherholt 3B Nick Gonzales C Austin Wells OF Bryan Reynolds OF Esmerlyn Valdez OF Henry Bolte P Jesus Luzardo P Jared Jones SS Jared Triolo,,,
1356,5213354292,kingrl30,0,78.9,1B TJ Rumfield 2B Jazz Chisholm Jr. 3B Bryson Stott C Jonah Heim OF Bryan Reynolds OF Esmerlyn Valdez OF Starling Marte P Jesus Luzardo P Jared Jones SS Ezequiel Duran,,,
1358,5212545345,christal17,0,78.85,1B Willson Contreras 2B Anthony Seigler 3B Jose Ramirez C Jake Rogers OF Chase DeLauter OF Jarren Duran OF Eli White P Jacob Misiorowski P Kumar Rocker SS Dansby Swanson,,,
1359,5212924382,Gregoryc4279,0,78.65,1B Kyle Stowers 2B Michael Massey 3B Nick Loftin C Luke Maile OF Heriberto Hernandez OF Jakob Marsee OF Owen Caissie P Jacob Misiorowski P Jared Jones SS Otto Lopez,,,
1360,5212952716,brysonlindsey27,0,78.5,1B Ben Rice 2B Angel Genao 3B Jose Fermin C Ivan Herrera OF Pete Crow-Armstrong OF Wilyer Abreu OF Spencer Jones P Jesus Luzardo P Michael McGreevy SS George Lombard Jr.,,,
1360,5213241628,Awalker3081,0,78.5,1B Alec Burleson 2B JJ Wetherholt 3B Alex Bregman C Ivan Herrera OF Jordan Walker OF Wilyer Abreu OF Nathan Church P Jared Jones P Kumar Rocker SS George Lombard Jr.,,,
1362,5213165403,smg4,0,78.45,1B Tommy White 2B Nick Sogard 3B Ryan McMahon C Jimmy Crooks OF Pete Crow-Armstrong OF Spencer Jones OF Ronny Simon P Jacob Misiorowski P Cam Schlittler SS George Lombard Jr.,,,
1362,5213278807,Jeter2333,0,78.45,1B Nick Sogard 2B Anthony Seigler 3B Ryan McMahon C Austin Wells OF Wilyer Abreu OF Ceddanne Rafaela OF Brett Bateman P Jacob Misiorowski P Cam Schlittler SS George Lombard Jr.,,,
1364,5213239778,pdj316,0,78.3,1B Willson Contreras 2B Anthony Seigler 3B Alex Bregman C Jake Rogers OF Wilyer Abreu OF Ceddanne Rafaela OF Tyrone Taylor P Cam Schlittler P Kumar Rocker SS Dansby Swanson,,,
1365,5213121561,melo1025,0,78.25,1B Nick Sogard 2B Angel Genao 3B Kyle Karros C Jake Rogers OF Wilyer Abreu OF Cole Carrigg OF Jarren Duran P Jacob Misiorowski P Jesus Luzardo SS George Lombard Jr.,,,
1365,5213334208,JMoneyMakerJones,0,78.25,1B TJ Rumfield 2B Luis Arraez 3B Jose Fermin C Jimmy Crooks OF Jordan Walker OF Ronny Simon OF Brett Bateman P Jacob Misiorowski P Jesus Luzardo SS George Lombard Jr.,,,
1367,5213333733,j2cain,0,78.100006,1B Willson Contreras 2B Nick Sogard 3B Bryson Stott C Agustin Ramirez OF Wilyer Abreu OF Ceddanne Rafaela OF Owen Caissie P Cam Schlittler P Cade Povich SS Andruw Monasterio,,,
1367,5213172894,fimp77,0,78.1,1B Michael Busch 2B Nick Sogard 3B Nick Loftin C Salvador Perez OF Pete Crow-Armstrong OF Wilyer Abreu OF Tyrone Taylor P Jacob Misiorowski P Ryan Gusto SS Dansby Swanson,,,
1367,5213241278,navacio,0,78.1,1B Willson Contreras 2B Chase Meidroth 3B Alex Bregman C Jonah Heim OF Pete Crow-Armstrong OF Jac Caglianone OF Wyatt Langford P Matthew Boyd P Michael Lorenzen SS Francisco Lindor,,,
1370,5213277459,BaselineBumSteers,0,78,1B Alec Burleson 2B Willi Castro 3B Miguel Vargas C Hunter Goodman OF Mickey Moniak OF Sam Antonacci OF Carson Benge P Randy Dobnak P Kumar Rocker SS Andruw Monasterio,,,
1371,5212940630,youdacao,0,77.95,1B Alec Burleson 2B Travis Bazzana 3B Nick Loftin C Patrick Bailey OF Chase DeLauter OF Steven Kwan OF Michael Conforto P Jacob Misiorowski P Joey Cantillo SS Brayan Rocchio,,,
1371,5213232442,lichter17,0,77.95,1B Willson Contreras 2B JJ Wetherholt 3B Jose Fermin C Jimmy Crooks OF Wilyer Abreu OF Ceddanne Rafaela OF Jarren Duran P Jesus Luzardo P Brayan Bello SS Andruw Monasterio,,,
1373,5213147958,billk6300s,0,77.9,1B TJ Rumfield 2B JJ Wetherholt 3B Miguel Vargas C Moises Ballesteros OF Steven Kwan OF Nathan Church OF Bryan Torres P Jesus Luzardo P Jared Jones SS Bobby Witt Jr.,,,
1374,5212791964,LTLDidUKnow,0,77.85,1B Nolan Schanuel 2B Willi Castro 3B Jose Fermin C Ivan Herrera OF Mickey Moniak OF Jake McCarthy OF Cole Carrigg P Jacob Misiorowski P Kumar Rocker SS Ezequiel Tovar,,,
1375,5213219234,jnoah44,0,77.7,1B Andrew Vaughn 2B Nick Sogard 3B Ryan McMahon C William Contreras OF Jackson Chourio OF Wilyer Abreu OF Braden Montgomery P Jesus Luzardo P Matthew Boyd SS Andruw Monasterio,,,
1375,5213285004,SoxPopuli,0,77.7,1B Willson Contreras 2B JJ Wetherholt 3B Jared Triolo C Carlos Narvaez OF Wilyer Abreu OF Wyatt Langford OF Jarren Duran P Jacob Misiorowski P Brayan Bello SS George Lombard Jr.,,,
1377,5213326385,chadroc23,0,77.65,1B Kazuma Okamoto 2B Nick Sogard 3B Bryson Stott C William Contreras OF Brandon Marsh OF Braden Montgomery OF Griffin Conine P Jacob Misiorowski P Jared Jones SS George Lombard Jr.,,,
1378,5212807213,rsnuder3172,0,77.45,1B Nick Sogard 2B Luis Arraez 3B Ernie Clement C Alejandro Kirk OF Andrew Benintendi OF Lawrence Butler OF Mauricio Dubon P Jacob Misiorowski P Cam Schlittler SS George Lombard Jr.,,,
1378,5213269789,gooman,0,77.45,1B Luis Garcia Jr. 2B Nick Sogard 3B Kyle Karros C Austin Wells OF Sam Antonacci OF Spencer Jones OF Wade Meckler P Jacob Misiorowski P Cam Schlittler SS George Lombard Jr.,,,
1380,5213196706,SaucyJack1001,0,77.4,1B Alec Burleson 2B Royce Lewis 3B Brooks Lee C Hunter Goodman OF Mike Trout OF Heriberto Hernandez OF Dominic Smith P Matthew Boyd P Davis Martin SS Jacob Wilson,,,
1381,5213134259,ga33,0,77.25,1B Jac Caglianone 2B Anthony Seigler 3B Nick Loftin C Salvador Perez OF Pete Crow-Armstrong OF Wilyer Abreu OF Starling Marte P Jacob Misiorowski P Michael McGreevy SS Tyler Tolbert,,,
1381,5213212827,anon1983,0,77.25,1B Nolan Schanuel 2B Nick Sogard 3B Denzer Guzman C Jake Rogers OF Wilyer Abreu OF Ceddanne Rafaela OF Josh Lowe P Jacob Misiorowski P Jesus Luzardo SS Andruw Monasterio,,,
1381,5213283189,dweeb1713,0,77.25,1B TJ Rumfield 2B Nick Sogard 3B Bryson Stott C Jimmy Crooks OF Ceddanne Rafaela OF Jarren Duran OF Ronny Simon P Jacob Misiorowski P Jesus Luzardo SS George Lombard Jr.,,,
1381,5213348498,LWalker24,0,77.25,1B Nathaniel Lowe 2B Nick Sogard 3B Kyle Karros C Elias Diaz OF Wilyer Abreu OF Jake McCarthy OF Ronny Simon P Jacob Misiorowski P Jesus Luzardo SS George Lombard Jr.,,,
1385,5213040869,declanf0702,0,77.1,1B Bryce Harper 2B Nick Sogard 3B Bryson Stott C Jake Rogers OF Wilyer Abreu OF Jarren Duran OF Brandon Marsh P Jacob Misiorowski P Ryan Gusto SS Andruw Monasterio,,,
1385,5213355342,b-go,0,77.1,1B Bryce Harper 2B Justin Foscue 3B Ezequiel Duran C William Contreras OF Kyle Schwarber OF Wilyer Abreu OF Jarren Duran P Kumar Rocker P Michael McGreevy SS Andruw Monasterio,,,
1387,5213358021,JMS8168,0,77,1B Willson Contreras 2B Nick Sogard 3B Kazuma Okamoto C Salvador Perez OF Ceddanne Rafaela OF Tyler Soderstrom OF Henry Bolte P Jacob Misiorowski P Grant Holmes SS Andruw Monasterio,,,
1388,5213333276,dennypick,0,76.95,1B Kyle Stowers 2B Nick Sogard 3B Ryan McMahon C Moises Ballesteros OF Pete Crow-Armstrong OF Jackson Chourio OF Tyrone Taylor P Jacob Misiorowski P Davis Martin SS George Lombard Jr.,,,
1389,5213019500,bwehrm,0,76.85,1B Alec Burleson 2B Luis Arraez 3B Kyle Karros C Ivan Herrera OF Jordan Walker OF Justin Crawford OF Ronny Simon P Jacob Misiorowski P Kumar Rocker SS George Lombard Jr.,,,
1389,5213055056,mflores23,0,76.85,1B Nick Sogard 2B Anthony Seigler 3B Alex Bregman C Miguel Amaya OF Pete Crow-Armstrong OF Jarren Duran OF Tyrone Taylor P Jacob Misiorowski P Kumar Rocker SS Andruw Monasterio,,,
1389,5213309389,DreamchaserJC,0,76.85,1B Jake Burger 2B Ronny Simon 3B Ezequiel Duran C Austin Wells OF Pete Crow-Armstrong OF Wyatt Langford OF Brandon Nimmo P Jacob Misiorowski P Kumar Rocker SS Corey Seager,,,
1392,5213213430,cubbie57,0,76.65,1B Josh Bell 2B Nico Hoerner 3B Nick Loftin C Moises Ballesteros OF Pete Crow-Armstrong OF Owen Caissie OF Eli White P Jacob Misiorowski P Jared Jones SS George Lombard Jr.,,,
1392,5213312480,muskratsoup,0,76.65,1B Salvador Perez 2B Xavier Edwards 3B Colson Montgomery C Luke Maile OF Wilyer Abreu OF Ceddanne Rafaela OF Colton Cowser P Jacob Misiorowski P Jared Jones SS Andres Gimenez,,,
1394,5212909719,CHLEGACY1,0,76.55,1B Nathaniel Lowe 2B Nick Sogard 3B Willi Castro C Ivan Herrera OF Ceddanne Rafaela OF Chase DeLauter OF Nathan Church P Jacob Misiorowski P Connor Prielipp SS Andruw Monasterio,,,
1395,5212781460,Mack1011,0,76.5,1B Michael Busch 2B Jazz Chisholm Jr. 3B Alex Bregman C Gary Sanchez OF Pete Crow-Armstrong OF Jake McCarthy OF Jarren Duran P Cade Povich P Kumar Rocker SS Francisco Lindor,,,
1396,5212834743,souge369,0,76.3,1B Jake Bauers 2B Ronny Simon 3B Nick Loftin C William Contreras OF Wilyer Abreu OF Cole Carrigg OF Jarren Duran P Cam Schlittler P Shane Bieber SS George Lombard Jr.,,,
1397,5213005682,socarusc86,0,76.25,1B Nathaniel Lowe 2B Angel Genao 3B Ryan McMahon C J.T. Realmuto OF Ceddanne Rafaela OF Jarren Duran OF Nathan Church P Jacob Misiorowski P Jesus Luzardo SS Andruw Monasterio,,,
1397,5213044640,djlions81,0,76.25,1B Luis Garcia Jr. 2B Justin Foscue 3B Ryan McMahon C Elias Diaz OF Jordan Walker OF Nathan Church OF Josh Lowe P Jacob Misiorowski P Jesus Luzardo SS George Lombard Jr.,,,
1399,5213273460,mpeter692,0,76.1,1B Willson Contreras 2B Nick Sogard 3B Alex Bregman C Ivan Herrera OF Wilyer Abreu OF Ceddanne Rafaela OF Tyrone Taylor P Jesus Luzardo P Kumar Rocker SS Andruw Monasterio,,,
1400,5213116803,merrills1,0,75.95,1B Jac Caglianone 2B Nick Sogard 3B Willi Castro C Jonah Heim OF Ian Happ OF Jo Adell OF Braden Montgomery P Jacob Misiorowski P Davis Martin SS Ezequiel Duran,,,
1400,5213189124,Steelballs505,0,75.95,1B Nick Sogard 2B Ernie Clement 3B Kazuma Okamoto C Alejandro Kirk OF Mike Trout OF Jo Adell OF Brandon Nimmo P Jacob Misiorowski P Davis Martin SS Dansby Swanson,,,
1400,5213192578,tootie81,0,75.95,1B Royce Lewis 2B Nick Sogard 3B Tommy White C Ivan Herrera OF Jackson Chourio OF Braden Montgomery OF Henry Bolte P Jacob Misiorowski P Davis Martin SS Jacob Wilson,,,
1400,5213283465,JMBIII,0,75.95,1B Nick Sogard 2B Ozzie Albies 3B Kyle Karros C Ivan Herrera OF Pete Crow-Armstrong OF Jake McCarthy OF Henry Bolte P Jacob Misiorowski P Davis Martin SS George Lombard Jr.,,,
1404,5212965042,Predictor7,0,75.9,1B Alec Burleson 2B Nick Sogard 3B Jose Fermin C Ivan Herrera OF Wilyer Abreu OF Ceddanne Rafaela OF Ronny Simon P Jesus Luzardo P Jared Jones SS Masyn Winn,,,
1404,5213113607,yinzer1,0,75.9,1B Alec Burleson 2B JJ Wetherholt 3B Nick Loftin C Jimmy Crooks OF Jarren Duran OF Nathan Church OF Bryan Torres P Jesus Luzardo P Jared Jones SS Bobby Witt Jr.,,,
1404,5213287669,Natanp29,0,75.9,1B Michael Busch 2B Ronny Simon 3B Ryan McMahon C Henry Davis OF Pete Crow-Armstrong OF Jackson Chourio OF Wilyer Abreu P Jesus Luzardo P Jared Jones SS George Lombard Jr.,,,
1407,5212570406,bearsden1975,0,75.85,1B Michael Busch 2B Nick Sogard 3B Alex Bregman C Elias Diaz OF Pete Crow-Armstrong OF Michael Conforto OF Tyrone Taylor P Jacob Misiorowski P Kumar Rocker SS Andruw Monasterio,,,
1407,5212756227,ducks1283,0,75.85,1B Alec Burleson 2B Jazz Chisholm Jr. 3B Jose Fermin C Jimmy Crooks OF Jordan Walker OF Trent Grisham OF Spencer Jones P Jacob Misiorowski P Kumar Rocker SS Jared Triolo,,,
1407,5213001543,nickyflash1,0,75.85,1B Andrew Vaughn 2B Brice Turang 3B David Hamilton C William Contreras OF Jackson Chourio OF Steven Kwan OF Brett Bateman P Jacob Misiorowski P Kumar Rocker SS Ezequiel Duran,,,
1407,5213084725,chiefs2922,0,75.85,1B Andrew Vaughn 2B Xavier Edwards 3B Nick Gonzales C Jimmy Crooks OF Jackson Chourio OF Jake Mangum OF Ronny Simon P Jacob Misiorowski P Kumar Rocker SS Otto Lopez,,,
1407,5213161422,mckay44,0,75.85,1B Michael Busch 2B Jazz Chisholm Jr. 3B Ryan McMahon C Jimmy Crooks OF Pete Crow-Armstrong OF Trent Grisham OF Heliot Ramos P Jacob Misiorowski P Kumar Rocker SS George Lombard Jr.,,,
1412,5212784236,skunkel133,0,75.7,1B Nick Sogard 2B Bryson Stott 3B Willi Castro C Salvador Perez OF Ceddanne Rafaela OF Jake McCarthy OF Jarren Duran P Jacob Misiorowski P Grayson Rodriguez SS Andruw Monasterio,,,
1412,5213074111,peew2132,0,75.7,1B Willson Contreras 2B Xavier Edwards 3B Austin Riley C Jake Rogers OF Ceddanne Rafaela OF Jake Mangum OF Jakob Marsee P Jacob Misiorowski P Brayan Bello SS Andruw Monasterio,,,
1412,5213366630,wanderfranco14,0,75.7,1B Kazuma Okamoto 2B Luis Arraez 3B Willi Castro C Alejandro Kirk OF Bryan Reynolds OF Jac Caglianone OF Justin Crawford P Jacob Misiorowski P Grayson Rodriguez SS George Lombard Jr.,,,
1415,5212858887,HeechNYC,0,75.65,1B Alec Burleson 2B Justin Foscue 3B Bryson Stott C Salvador Perez OF Tyler Soderstrom OF Nathan Church OF Lawrence Butler P Jacob Misiorowski P Jared Jones SS George Lombard Jr.,,,
1416,5213335820,poolemanxxxl,0,75.6,1B Munetaka Murakami 2B Brice Turang 3B Denzer Guzman C Austin Wells OF Bryce Harper OF Ronny Simon OF Davis Schneider P Jacob Misiorowski P J.T. Ginn SS Ezequiel Duran,,,
1417,5212893489,jjp27,0,75.5,1B Bryce Harper 2B Luis Arraez 3B Alex Bregman C Moises Ballesteros OF Pete Crow-Armstrong OF Griffin Conine OF Michael Conforto P Jared Jones P Kumar Rocker SS Trea Turner,,,
1418,5213280976,edevita16,0,75.3,1B Ben Rice 2B Ozzie Albies 3B Austin Riley C Moises Ballesteros OF Jac Caglianone OF A.J. Ewing OF Spencer Jones P Matthew Boyd P Sean Manaea SS Bobby Witt Jr.,,,
1419,5212862871,jdfaiola,0,75.25,1B Nolan Schanuel 2B Chase Meidroth 3B Austin Riley C Agustin Ramirez OF Ceddanne Rafaela OF Luke Keaschall OF Jorge Soler P Jacob Misiorowski P Jesus Luzardo SS Mauricio Dubon,,,
1419,5213183747,capps24,0,75.25,1B Jake Burger 2B Ronny Simon 3B Nick Gonzales C Moises Ballesteros OF Ceddanne Rafaela OF Jarren Duran OF Wade Meckler P Jacob Misiorowski P Jesus Luzardo SS George Lombard Jr.,,,
1419,5213342418,kozatron,0,75.25,1B Andrew Vaughn 2B Ronny Simon 3B David Hamilton C Salvador Perez OF Pete Crow-Armstrong OF Jackson Chourio OF Brandon Lockridge P Jacob Misiorowski P Michael McGreevy SS Corey Seager,,,
1422,5213268056,nreierson,0,75.2,1B Josh Bell 2B Royce Lewis 3B Javier Sanoja C J.T. Realmuto OF Kyle Schwarber OF Mike Trout OF Wilyer Abreu P Jared Jones P Connor Prielipp SS Andruw Monasterio,,,
1423,5212932906,thomabby,0,75.15,1B TJ Rumfield 2B Angel Genao 3B Ernie Clement C Drake Baldwin OF Cole Carrigg OF Brandon Nimmo OF Trevor Larnach P Jacob Misiorowski P Randy Dobnak SS Otto Lopez,,,
1423,5213267851,Dakotakid12,0,75.15,1B Josh Bell 2B Royce Lewis 3B Nick Loftin C William Contreras OF Pete Crow-Armstrong OF Jackson Chourio OF Trevor Larnach P Matthew Boyd P Grayson Rodriguez SS Gunnar Henderson,,,
1425,5213298568,cdt123,0,75.1,1B Willson Contreras 2B Anthony Seigler 3B Jose Fermin C Ivan Herrera OF Wilyer Abreu OF Ceddanne Rafaela OF Jarren Duran P Jesus Luzardo P Kumar Rocker SS Masyn Winn,,,
1426,5213194677,bigsqueeze1,0,75,1B Royce Lewis 2B Willi Castro 3B Alex Bregman C Edgar Quero OF Ceddanne Rafaela OF Jake McCarthy OF Jarren Duran P Jacob Misiorowski P Grant Holmes SS Andruw Monasterio,,,
1427,5213332401,AMBUSH,0,74.95,1B TJ Rumfield 2B Nick Sogard 3B Bryson Stott C Luke Maile OF Tyler Soderstrom OF Jake McCarthy OF Ronny Simon P Jacob Misiorowski P Joey Cantillo SS Jacob Wilson,,,
1427,5213360460,be8732,0,74.95,1B TJ Rumfield 2B Angel Genao 3B Kyle Karros C Hunter Goodman OF Jake McCarthy OF Cole Carrigg OF Tyrone Taylor P Jacob Misiorowski P Joey Cantillo SS Tyler Tolbert,,,
1429,5212941979,raiderz18,0,74.9,1B TJ Rumfield 2B Nick Sogard 3B Javier Sanoja C Agustin Ramirez OF Pete Crow-Armstrong OF Brandon Marsh OF Henry Bolte P Jesus Luzardo P Jared Jones SS Otto Lopez,,,
1430,5212648010,Schoey17,0,74.85,1B Michael Busch 2B Nick Sogard 3B Kazuma Okamoto C Rafael Flores Jr. OF Pete Crow-Armstrong OF Michael Conforto OF Tyrone Taylor P Jacob Misiorowski P Kumar Rocker SS Dansby Swanson,,,
1430,5213038063,Nealkid1,0,74.85,1B Willson Contreras 2B Nick Sogard 3B Ryan McMahon C Moises Ballesteros OF Wilyer Abreu OF Ceddanne Rafaela OF Jarren Duran P Jacob Misiorowski P Sean Manaea SS George Lombard Jr.,,,
1430,5213147818,rsumrall,0,74.85,1B Michael Busch 2B Anthony Seigler 3B Nick Loftin C Jake Rogers OF Pete Crow-Armstrong OF Wilyer Abreu OF Eli White P Jacob Misiorowski P Kumar Rocker SS Andruw Monasterio,,,
1430,5213155169,stlmo282,0,74.85,1B Michael Busch 2B Ronny Simon 3B Nick Loftin C Salvador Perez OF Pete Crow-Armstrong OF Chase DeLauter OF Henry Bolte P Jacob Misiorowski P Kumar Rocker SS Jacob Wilson,,,
1430,5213360149,Yeatesy,0,74.85,1B Jeff McNeil 2B Bryson Stott 3B Ezequiel Duran C Jimmy Crooks OF Bryan Reynolds OF Wilyer Abreu OF Wyatt Langford P Jacob Misiorowski P Kumar Rocker SS Andruw Monasterio,,,
1435,5213245310,peky0401,0,74.8,1B Jake Burger 2B Jazz Chisholm Jr. 3B Ezequiel Duran C Jonah Heim OF Pete Crow-Armstrong OF Jackson Chourio OF Henry Bolte P Joey Cantillo P Kumar Rocker SS Dansby Swanson,,,
1436,5212382744,maccat33,0,74.7,1B Michael Busch 2B Nick Sogard 3B Kyle Karros C Jimmy Crooks OF Pete Crow-Armstrong OF Wilyer Abreu OF Tyrone Taylor P Jacob Misiorowski P Grayson Rodriguez SS Andruw Monasterio,,,
1436,5213215111,barrysg21,0,74.7,1B Willson Contreras 2B Nick Sogard 3B Ezequiel Duran C Ivan Herrera OF Wilyer Abreu OF Jarren Duran OF Wade Meckler P Jacob Misiorowski P Brayan Bello SS George Lombard Jr.,,,
1438,5212890010,Jax2013,0,74.65,1B Kyle Stowers 2B Nick Sogard 3B Nick Loftin C Salvador Perez OF Mickey Moniak OF Brenton Doyle OF Randal Grichuk P Jacob Misiorowski P Cade Povich SS Bobby Witt Jr.,,,
1438,5212960577,House868,0,74.65,1B Andrew Vaughn 2B Luis Arraez 3B Bryson Stott C Jimmy Crooks OF Pete Crow-Armstrong OF Ronny Simon OF Colton Cowser P Jacob Misiorowski P Jared Jones SS Ezequiel Duran,,,
1438,5213314303,rchauby,0,74.65,1B Rafael Flores Jr. 2B Ozzie Albies 3B Nick Gonzales C Henry Davis OF Kyle Schwarber OF Esmerlyn Valdez OF Starling Marte P Jacob Misiorowski P Jared Jones SS Jared Triolo,,,
1441,5213129746,REINY66,0,74.35,1B Kyle Stowers 2B Jazz Chisholm Jr. 3B Kazuma Okamoto C Salvador Perez OF Jackson Chourio OF Jordan Walker OF Ceddanne Rafaela P Cade Povich P Brayan Bello SS Trea Turner,,,
1442,5213294732,Dawkblitz,0,74.3,1B Nick Sogard 2B Luis Arraez 3B Nick Loftin C Moises Ballesteros OF Jake McCarthy OF Cole Carrigg OF Jake Mangum P Cam Schlittler P Kumar Rocker SS Bobby Witt Jr.,,,
1443,5212419307,kjlecomte,0,74.25,1B Nick Sogard 2B Anthony Seigler 3B Denzer Guzman C Jimmy Crooks OF Wilyer Abreu OF Jarren Duran OF Nathan Church P Jacob Misiorowski P Jesus Luzardo SS Andruw Monasterio,,,
1443,5213054468,BigHommie904,0,74.25,1B Luis Garcia Jr. 2B Jazz Chisholm Jr. 3B Kyle Karros C Jimmy Crooks OF Heliot Ramos OF Spencer Jones OF Wade Meckler P Jacob Misiorowski P Jesus Luzardo SS George Lombard Jr.,,,
1443,5213229880,Hanner489,0,74.25,1B Nick Sogard 2B Angel Genao 3B Nick Gonzales C Edgar Quero OF Wilyer Abreu OF Ceddanne Rafaela OF Ronny Simon P Jacob Misiorowski P Jesus Luzardo SS Tyler Tolbert,,,
1446,5212969102,xavierpo,0,74.1,1B Vladimir Guerrero Jr. 2B Willi Castro 3B Nick Gonzales C Jonah Heim OF Wilyer Abreu OF Chase DeLauter OF Tyrone Taylor P Jacob Misiorowski P Ryan Gusto SS Dansby Swanson,,,
1446,5212979916,kstryk,0,74.1,1B Bryce Harper 2B Nick Sogard 3B Alec Bohm C Jake Rogers OF Wilyer Abreu OF Ceddanne Rafaela OF Justin Crawford P Jacob Misiorowski P Ryan Gusto SS Andruw Monasterio,,,
1446,5213224602,ccmead15,0,74.1,1B Alec Burleson 2B JJ Wetherholt 3B Tommy White C Jimmy Crooks OF Pete Crow-Armstrong OF Bryce Harper OF Ceddanne Rafaela P Kumar Rocker P Michael McGreevy SS Trea Turner,,,
1446,5213331313,vishy2773,0,74.1,1B Willson Contreras 2B Anthony Seigler 3B Nick Gonzales C Jake Rogers OF Bryan Reynolds OF Wilyer Abreu OF Jake Mangum P Jesus Luzardo P Kumar Rocker SS Andruw Monasterio,,,
1450,5212955375,Scottyj316,0,73.95,1B Jake Burger 2B Angel Genao 3B Jose Ramirez C Patrick Bailey OF Wyatt Langford OF Jo Adell OF Steven Kwan P Jacob Misiorowski P Joey Cantillo SS Corey Seager,,,
1451,5213237595,woodrovitch,0,73.9,1B Andrew Vaughn 2B Angel Genao 3B Kyle Karros C Jimmy Crooks OF Pete Crow-Armstrong OF Bryce Harper OF Jackson Chourio P Jesus Luzardo P Jared Jones SS George Lombard Jr.,,,
1451,5213346411,Heisenberg43,0,73.9,1B Jac Caglianone 2B Nick Sogard 3B Kyle Karros C Francisco Alvarez OF Wilyer Abreu OF Ceddanne Rafaela OF Jake McCarthy P Jesus Luzardo P Cade Povich SS Trea Turner,,,
1453,5213197017,Oziumrules,0,73.85,1B Jake Burger 2B Justin Foscue 3B Ezequiel Duran C Jonah Heim OF Tyler Soderstrom OF Wyatt Langford OF Henry Bolte P Jacob Misiorowski P Kumar Rocker SS Corey Seager,,,
1453,5213281766,dougiefreshie,0,73.85,1B Jake Burger 2B Justin Foscue 3B Ezequiel Duran C Luke Maile OF Wilyer Abreu OF Jake McCarthy OF Trent Grisham P Jacob Misiorowski P Kumar Rocker SS Andruw Monasterio,,,
1455,5213079346,beast...MODE,0,73.7,1B Kyle Stowers 2B Nick Sogard 3B Nick Gonzales C Moises Ballesteros OF Ceddanne Rafaela OF Jake McCarthy OF Jakob Marsee P Jacob Misiorowski P Brayan Bello SS Andruw Monasterio,,,
1456,5213003467,gooey911,0,73.65,1B Willson Contreras 2B Jackson Holliday 3B Nick Gonzales C Ivan Herrera OF Ceddanne Rafaela OF Steven Kwan OF Ronny Simon P Jacob Misiorowski P Cade Povich SS Andruw Monasterio,,,
1457,5212791112,bdeuce,0,73.55,1B Vladimir Guerrero Jr. 2B Michael Massey 3B Alex Bregman C Hunter Goodman OF Mike Trout OF Michael Harris II OF Trevor Larnach P Joey Cantillo P J.T. Ginn SS Tyler Tolbert,,,
1458,5212968920,sugarshack,0,73.45,1B Andrew Vaughn 2B Ronny Simon 3B Nick Gonzales C Jimmy Crooks OF Esmerlyn Valdez OF Spencer Jones OF Henry Bolte P Jacob Misiorowski P Cam Schlittler SS George Lombard Jr.,,,
1458,5213203643,BigT44,0,73.45,1B Nick Sogard 2B Adam Frazier 3B Denzer Guzman C Moises Ballesteros OF Wilyer Abreu OF Wade Meckler OF Josh Lowe P Jacob Misiorowski P Cam Schlittler SS Trea Turner,,,
1460,5212927953,loosetools,0,73.3,1B Munetaka Murakami 2B Brandon Lowe 3B Nick Gonzales C Edgar Quero OF Bryan Reynolds OF Esmerlyn Valdez OF Jake Mangum P Matthew Boyd P Kumar Rocker SS Colson Montgomery,,,
1461,5213040737,cwhat,0,73.25,1B Nick Sogard 2B Anthony Seigler 3B Ryan McMahon C Austin Wells OF Wilyer Abreu OF Jarren Duran OF Braden Montgomery P Jacob Misiorowski P Jesus Luzardo SS Andruw Monasterio,,,
1461,5213341025,boogie0808,0,73.25,1B Nick Sogard 2B Anthony Seigler 3B Denzer Guzman C Edgar Quero OF Wilyer Abreu OF Ceddanne Rafaela OF Heriberto Hernandez P Jacob Misiorowski P Jesus Luzardo SS George Lombard Jr.,,,
1463,5212797221,webx69,0,73.2,1B Willson Contreras 2B Xavier Edwards 3B Ezequiel Duran C Jonah Heim OF Ceddanne Rafaela OF Jakob Marsee OF Luke Keaschall P Jesus Luzardo P Joey Cantillo SS Andruw Monasterio,,,
1464,5213095514,kevinreider4,0,73.1,1B Nick Sogard 2B Luis Arraez 3B Bryson Stott C Jake Rogers OF Bryce Harper OF Wilyer Abreu OF Ceddanne Rafaela P Jesus Luzardo P Kumar Rocker SS Andruw Monasterio,,,
1464,5213107325,cashceddy77,0,73.1,1B Michael Busch 2B Anthony Seigler 3B Nick Loftin C Ivan Herrera OF Wilyer Abreu OF Ceddanne Rafaela OF Jarren Duran P Jacob Misiorowski P Ryan Gusto SS Andruw Monasterio,,,
1466,5212666709,Hootfish,0,73,1B Andrew Vaughn 2B Ronny Simon 3B Ezequiel Duran C Jake Rogers OF Jackson Chourio OF Wilyer Abreu OF Ceddanne Rafaela P Jacob Misiorowski P Grant Holmes SS Andruw Monasterio,,,
1466,5213307678,rphorn,0,73,1B Jac Caglianone 2B Bryson Stott 3B Ezequiel Duran C J.T. Realmuto OF Ceddanne Rafaela OF Esmerlyn Valdez OF Michael Harris II P Jacob Misiorowski P Grant Holmes SS George Lombard Jr.,,,
1468,5213297006,Ddohnalek,0,72.9,1B Luis Garcia Jr. 2B Jazz Chisholm Jr. 3B Jose Ramirez C Moises Ballesteros OF Chase DeLauter OF Trent Grisham OF Spencer Jones P Jesus Luzardo P Jared Jones SS George Lombard Jr.,,,
1469,5213015739,UniversalFriend,0,72.85,1B Michael Busch 2B Nick Sogard 3B Nick Loftin C Salvador Perez OF Pete Crow-Armstrong OF Starling Marte OF Kyle Isbel P Jacob Misiorowski P Kumar Rocker SS Bobby Witt Jr.,,,
1469,5213206760,rdixon13,0,72.85,1B Michael Busch 2B Nick Sogard 3B Nick Loftin C Salvador Perez OF Pete Crow-Armstrong OF Michael Conforto OF Tyrone Taylor P Jacob Misiorowski P Kumar Rocker SS Dansby Swanson,,,
1469,5213271703,jpoe6,0,72.85,1B Jake Burger 2B Justin Foscue 3B Ezequiel Duran C Jimmy Crooks OF Jackson Chourio OF Wyatt Langford OF Nathan Church P Jacob Misiorowski P Kumar Rocker SS Corey Seager,,,
1469,5213355343,ANDIDECKER,0,72.85,1B Kazuma Okamoto 2B Nick Sogard 3B Ezequiel Duran C Agustin Ramirez OF Wyatt Langford OF Ian Happ OF Michael Harris II P Jacob Misiorowski P Kumar Rocker SS Corey Seager,,,
1473,5213230276,Dollarsigns,0,72.7,1B Salvador Perez 2B Willi Castro 3B Nick Loftin C Hunter Goodman OF Jac Caglianone OF Jake McCarthy OF Cole Carrigg P Randy Dobnak P Connor Prielipp SS Bobby Witt Jr.,,,
1474,5213324314,mello610,0,72.5,1B Michael Busch 2B Xavier Edwards 3B Alex Bregman C Edgar Quero OF Pete Crow-Armstrong OF Jordan Walker OF Ian Happ P Jared Jones P Kumar Rocker SS Corey Seager,,,
1475,5212885052,Hallbsure37,0,72.25,1B Nick Sogard 2B Ronny Simon 3B Ezequiel Duran C Jimmy Crooks OF Wilyer Abreu OF Jarren Duran OF Spencer Jones P Jacob Misiorowski P Jesus Luzardo SS George Lombard Jr.,,,
1475,5213081632,HairyBacks,0,72.25,1B Nick Sogard 2B Anthony Seigler 3B Denzer Guzman C Jake Rogers OF Ceddanne Rafaela OF Jarren Duran OF Josh Lowe P Jacob Misiorowski P Jesus Luzardo SS Zach Neto,,,
1477,5213364411,Gthitter,0,72.2,1B Nick Sogard 2B Anthony Seigler 3B Bryson Stott C Jimmy Crooks OF Pete Crow-Armstrong OF Wilyer Abreu OF Ceddanne Rafaela P Jesus Luzardo P Davis Martin SS Andruw Monasterio,,,
1478,5212926075,Darkwarriors75,0,72.1,1B Willson Contreras 2B Nick Sogard 3B Nick Loftin C Salvador Perez OF Wilyer Abreu OF Ceddanne Rafaela OF Ian Happ P Jacob Misiorowski P Ryan Gusto SS Andruw Monasterio,,,
1478,5212945322,JacefamouSS,0,72.1,1B Willson Contreras 2B Nick Sogard 3B Nick Loftin C Salvador Perez OF Wilyer Abreu OF Ceddanne Rafaela OF Ian Happ P Jacob Misiorowski P Ryan Gusto SS Andruw Monasterio,,,
1478,5213002688,sikwitit317,0,72.1,1B Bryce Harper 2B Nick Sogard 3B Bryson Stott C Elias Diaz OF Wilyer Abreu OF Ceddanne Rafaela OF Justin Crawford P Jacob Misiorowski P Ryan Gusto SS Andruw Monasterio,,,
1478,5213092213,TB701,0,72.1,1B Nick Sogard 2B Anthony Seigler 3B Willi Castro C Ivan Herrera OF Wilyer Abreu OF Ceddanne Rafaela OF Cole Carrigg P Jacob Misiorowski P Ryan Gusto SS Andruw Monasterio,,,
1482,5213068772,RattlerBlack,0,72,1B Willson Contreras 2B Nick Sogard 3B Kazuma Okamoto C Alejandro Kirk OF Wilyer Abreu OF Ceddanne Rafaela OF Brett Bateman P Jacob Misiorowski P Grant Holmes SS Andruw Monasterio,,,
1482,5213286071,Iceman501,0,72,1B Willson Contreras 2B Nick Sogard 3B Kyle Karros C Salvador Perez OF Wilyer Abreu OF Ceddanne Rafaela OF Jarren Duran P Jacob Misiorowski P Grant Holmes SS Jackson Holliday,,,
1484,5213278188,mmddyyyy,0,71.95,1B TJ Rumfield 2B Willi Castro 3B Kyle Karros C Hunter Goodman OF Cole Carrigg OF Henry Bolte OF Lawrence Butler P Jacob Misiorowski P Davis Martin SS Jacob Wilson,,,
1485,5212705064,R-E-L-A-X,0,71.85,1B Nick Sogard 2B JJ Wetherholt 3B Alex Bregman C Jimmy Crooks OF Ceddanne Rafaela OF Jarren Duran OF Eli White P Jacob Misiorowski P Kumar Rocker SS Andruw Monasterio,,,
1485,5212939026,wholetmout,0,71.85,1B Nolan Schanuel 2B Luis Arraez 3B Bryson Stott C Moises Ballesteros OF Pete Crow-Armstrong OF Wilyer Abreu OF Josh Lowe P Jacob Misiorowski P Kumar Rocker SS George Lombard Jr.,,,
1485,5213090776,ursteppapi,0,71.85,1B Nathaniel Lowe 2B Nick Sogard 3B Bryson Stott C Salvador Perez OF Bryce Harper OF Steven Kwan OF Justin Crawford P Jacob Misiorowski P Kumar Rocker SS Trea Turner,,,
1485,5213231683,TroyGilly91,0,71.85,1B Michael Busch 2B Ernie Clement 3B Nick Loftin C Salvador Perez OF Jac Caglianone OF Jarren Duran OF Starling Marte P Jacob Misiorowski P Kumar Rocker SS Bobby Witt Jr.,,,
1485,5213242241,lenhartj,0,71.85,1B TJ Rumfield 2B JJ Wetherholt 3B Kyle Karros C Jimmy Crooks OF Jordan Walker OF Jake McCarthy OF Cole Carrigg P Jacob Misiorowski P Kumar Rocker SS Ezequiel Tovar,,,
1490,5212974074,RelleRellGhost,0,71.7,1B Nathaniel Lowe 2B Anthony Seigler 3B Miguel Vargas C Salvador Perez OF Jake McCarthy OF Esmerlyn Valdez OF Jarren Duran P Jacob Misiorowski P Grayson Rodriguez SS Tyler Tolbert,,,
1491,5212871243,jdjay,0,71.65,1B Michael Busch 2B Nick Sogard 3B Alex Bregman C Jake Rogers OF Wilyer Abreu OF Jarren Duran OF Spencer Jones P Jacob Misiorowski P Cade Povich SS Dansby Swanson,,,
1491,5213212893,scottmac8907,0,71.65,1B Andrew Vaughn 2B Brice Turang 3B Ryan McMahon C William Contreras OF Jackson Chourio OF Griffin Conine OF Brandon Lockridge P Jacob Misiorowski P Jared Jones SS Luisangel Acuna,,,
1491,5213234357,ryanmmcnamara,0,71.65,1B Alec Burleson 2B JJ Wetherholt 3B Blaze Jordan C Moises Ballesteros OF Jordan Walker OF Wade Meckler OF Bryan Torres P Jacob Misiorowski P Jared Jones SS George Lombard Jr.,,,
1491,5213290098,cavsmap,0,71.65,1B TJ Rumfield 2B JJ Wetherholt 3B Kazuma Okamoto C Austin Wells OF Jordan Walker OF Jake McCarthy OF Jose Fermin P Jacob Misiorowski P Cade Povich SS George Lombard Jr.,,,
1495,5212868555,Briancohen2,0,71.25,1B Nick Sogard 2B Angel Genao 3B Kyle Karros C Jake Rogers OF Wilyer Abreu OF Ceddanne Rafaela OF Jarren Duran P Jacob Misiorowski P Jesus Luzardo SS Ezequiel Tovar,,,
1496,5213003425,Mele22,0,71.1,1B Matt Olson 2B Jazz Chisholm Jr. 3B Nick Loftin C Luke Maile OF Jac Caglianone OF Wyatt Langford OF Jarren Duran P Jacob Misiorowski P Ryan Gusto SS Ezequiel Duran,,,
1497,5212851921,Buffaloo,0,71,1B Willson Contreras 2B Nick Sogard 3B Bryson Stott C Jimmy Crooks OF Wilyer Abreu OF Jarren Duran OF Brandon Marsh P Jacob Misiorowski P Grant Holmes SS Andruw Monasterio,,,
1497,5212999052,peltifreeze89,0,71,1B Willson Contreras 2B Nick Sogard 3B Max Muncy C Jonah Heim OF Wilyer Abreu OF Ceddanne Rafaela OF Henry Bolte P Jacob Misiorowski P Grant Holmes SS Andruw Monasterio,,,
1497,5213213107,TATEMANDO,0,71,1B Willson Contreras 2B Anthony Seigler 3B Ezequiel Duran C Luke Maile OF Wilyer Abreu OF Ceddanne Rafaela OF Henry Bolte P Jacob Misiorowski P Grant Holmes SS Andruw Monasterio,,,
1500,5213016392,gmathews57,0,70.9,1B Alec Burleson 2B Nick Sogard 3B Jose Fermin C Ivan Herrera OF Ceddanne Rafaela OF Jarren Duran OF Nathan Church P Jesus Luzardo P Jared Jones SS Ezequiel Duran,,,
1501,5213085765,walsean1,0,70.85,1B Michael Busch 2B Nick Sogard 3B Jose Ramirez C Jake Rogers OF Wilyer Abreu OF Jarren Duran OF Michael Conforto P Jacob Misiorowski P Kumar Rocker SS Andruw Monasterio,,,
1501,5213204185,Jeremyrenk,0,70.85,1B Andrew Vaughn 2B Jazz Chisholm Jr. 3B Bryson Stott C Gary Sanchez OF Jarren Duran OF Heliot Ramos OF Brandon Nimmo P Jacob Misiorowski P Kumar Rocker SS Andruw Monasterio,,,
1503,5213038659,loeffler8888,0,70.7,1B Ben Rice 2B Jazz Chisholm Jr. 3B Kyle Karros C Austin Wells OF Pete Crow-Armstrong OF Spencer Jones OF Michael Conforto P Jacob Misiorowski P Grayson Rodriguez SS George Lombard Jr.,,,
1503,5213052827,HardRocks,0,70.7,1B Andrew Vaughn 2B Luis Arraez 3B Kyle Karros C Ivan Herrera OF Wilyer Abreu OF Jake McCarthy OF Jarren Duran P Jacob Misiorowski P Brayan Bello SS George Lombard Jr.,,,
1503,5213095616,Dennissallee,0,70.7,1B Nick Sogard 2B Anthony Seigler 3B Ezequiel Duran C J.T. Realmuto OF Wilyer Abreu OF Jac Caglianone OF Jake McCarthy P Jacob Misiorowski P Brayan Bello SS Tyler Tolbert,,,
1506,5213027228,NflManiac1981,0,70.65,1B Alec Burleson 2B Bryson Stott 3B Kyle Karros C Salvador Perez OF Esmerlyn Valdez OF Brandon Marsh OF Henry Bolte P Jacob Misiorowski P Jared Jones SS George Lombard Jr.,,,
1506,5213263057,jsjs8,0,70.65,1B Alec Burleson 2B Ronny Simon 3B Kyle Karros C Jonah Heim OF Tyler Soderstrom OF Spencer Jones OF Henry Bolte P Jacob Misiorowski P Jared Jones SS Jacob Wilson,,,
1508,5213140795,Fusbender,0,70.5,1B Jake Burger 2B Willi Castro 3B Alex Bregman C Miguel Amaya OF Pete Crow-Armstrong OF Wilyer Abreu OF Chase DeLauter P Jared Jones P Kumar Rocker SS Otto Lopez,,,
1508,5213177848,bustitwideopen,0,70.5,1B Alec Burleson 2B JJ Wetherholt 3B Nick Gonzales C Jonah Heim OF Pete Crow-Armstrong OF Steven Kwan OF Wade Meckler P Jared Jones P Kumar Rocker SS Otto Lopez,,,
1510,5213130639,shmotime10,0,70.4,1B Kazuma Okamoto 2B Jazz Chisholm Jr. 3B Ezequiel Duran C Ivan Herrera OF Jordan Walker OF Wyatt Langford OF Esmerlyn Valdez P Matthew Boyd P Joey Cantillo SS George Lombard Jr.,,,
1511,5213047053,neal1483,0,70.3,1B Luis Garcia Jr. 2B Jazz Chisholm Jr. 3B Alex Bregman C Austin Wells OF Pete Crow-Armstrong OF Kyle Schwarber OF Spencer Jones P Jared Jones P Cade Povich SS George Lombard Jr.,,,
1512,5212702153,cmoehn13,0,70.25,1B Nathaniel Lowe 2B Nick Sogard 3B Ryan McMahon C Jake Rogers OF Wilyer Abreu OF Ceddanne Rafaela OF Spencer Jones P Jacob Misiorowski P Jesus Luzardo SS George Lombard Jr.,,,
1512,5213113858,gokullect,0,70.25,1B Nick Sogard 2B Anthony Seigler 3B Ryan McMahon C Jimmy Crooks OF Wilyer Abreu OF Jarren Duran OF Spencer Jones P Jacob Misiorowski P Jesus Luzardo SS Andruw Monasterio,,,
1514,5212619805,AIRTHORPE21,0,70.1,1B Willson Contreras 2B Anthony Seigler 3B Max Muncy C Salvador Perez OF Pete Crow-Armstrong OF Wilyer Abreu OF Ceddanne Rafaela P Jesus Luzardo P Kumar Rocker SS George Lombard Jr.,,,
1514,5213126505,byrdjt24,0,70.1,1B Willson Contreras 2B Michael Massey 3B Nick Loftin C Salvador Perez OF Ceddanne Rafaela OF Jarren Duran OF Eli White P Jacob Misiorowski P Ryan Gusto SS Bobby Witt Jr.,,,
1514,5213360461,cookiesox48,0,70.1,1B Luis Garcia Jr. 2B JJ Wetherholt 3B Tommy White C Jimmy Crooks OF Pete Crow-Armstrong OF Jackson Chourio OF Wyatt Langford P Kumar Rocker P Michael McGreevy SS Bobby Witt Jr.,,,
1517,5212886738,juliasmith2415,0,69.95,1B TJ Rumfield 2B Bryson Stott 3B Ezequiel Duran C Jonah Heim OF Jake McCarthy OF Esmerlyn Valdez OF Cole Carrigg P Jacob Misiorowski P Davis Martin SS George Lombard Jr.,,,
1518,5212801969,blairdon,0,69.85,1B Jake Burger 2B Xavier Edwards 3B Ezequiel Duran C Ivan Herrera OF Wyatt Langford OF Jose Fermin OF Jakob Marsee P Jacob Misiorowski P Kumar Rocker SS Corey Seager,,,
1518,5212942736,cdagostino,0,69.85,1B Michael Busch 2B Anthony Seigler 3B Kyle Karros C Austin Wells OF Pete Crow-Armstrong OF Wilyer Abreu OF Lawrence Butler P Jacob Misiorowski P Kumar Rocker SS Dansby Swanson,,,
1518,5213111387,RedViper,0,69.85,1B Andrew Vaughn 2B Nick Sogard 3B Jose Ramirez C William Contreras OF Jackson Chourio OF Spencer Jones OF Eli White P Jacob Misiorowski P Kumar Rocker SS Andruw Monasterio,,,
1518,5213257031,cyclones82,0,69.85,1B Alec Burleson 2B Nick Sogard 3B Alec Bohm C J.T. Realmuto OF Wilyer Abreu OF Wade Meckler OF Josh Lowe P Jacob Misiorowski P Kumar Rocker SS Trea Turner,,,
1522,5212886333,mattboyle11,0,69.8,1B Kyle Stowers 2B Jazz Chisholm Jr. 3B Colson Montgomery C Drake Baldwin OF Jackson Chourio OF Jac Caglianone OF Cole Carrigg P Davis Martin P Kumar Rocker SS Corey Seager,,,
1523,5213131641,Jordo300,0,69.6,1B Michael Busch 2B Bryson Stott 3B Ryan McMahon C Ivan Herrera OF Bryce Harper OF Wilyer Abreu OF Jakob Marsee P Joey Cantillo P Jared Jones SS Corey Seager,,,
1524,5212993023,charles52,0,69.4,1B Michael Busch 2B Michael Massey 3B Jose Fermin C Henry Davis OF Jac Caglianone OF Heliot Ramos OF Spencer Jones P Cam Schlittler P Joey Cantillo SS Trea Turner,,,
1524,5213089489,PresidentLeach,0,69.4,1B Ben Rice 2B Jazz Chisholm Jr. 3B Alex Bregman C Austin Wells OF Pete Crow-Armstrong OF Trent Grisham OF Spencer Jones P Connor Prielipp P Kumar Rocker SS Trea Turner,,,
1526,5213295149,dacoltz,0,69.35,1B Willson Contreras 2B Nick Sogard 3B Nick Loftin C Salvador Perez OF Pete Crow-Armstrong OF Wilyer Abreu OF Ceddanne Rafaela P Jesus Luzardo P Ryan Gusto SS Andruw Monasterio,,,
1527,5212632217,givemesleeps,0,69.25,1B Nick Sogard 2B Anthony Seigler 3B Nick Loftin C Jimmy Crooks OF Wilyer Abreu OF Jarren Duran OF Ronny Simon P Jacob Misiorowski P Jesus Luzardo SS Andruw Monasterio,,,
1527,5213239870,watershed1,0,69.25,1B Nathaniel Lowe 2B Nick Sogard 3B Nick Loftin C Jake Rogers OF Ceddanne Rafaela OF Jarren Duran OF Wade Meckler P Jacob Misiorowski P Jesus Luzardo SS Andruw Monasterio,,,
1529,5213035100,aformb21,0,69.1,1B Willson Contreras 2B Nick Sogard 3B Colson Montgomery C Edgar Quero OF Wilyer Abreu OF Ceddanne Rafaela OF Luis Lara P Jacob Misiorowski P Ryan Gusto SS Andruw Monasterio,,,
1529,5213212644,devouredbychaos,0,69.1,1B TJ Rumfield 2B Nick Sogard 3B Willi Castro C Hunter Goodman OF Ceddanne Rafaela OF Jake McCarthy OF Jarren Duran P Jacob Misiorowski P Ryan Gusto SS Ezequiel Tovar,,,
1529,5213260862,breadmantom,0,69.1,1B Willson Contreras 2B Bryson Stott 3B Ezequiel Duran C Drake Baldwin OF Ceddanne Rafaela OF Esmerlyn Valdez OF Steven Kwan P Jesus Luzardo P Kumar Rocker SS Andruw Monasterio,,,
1532,5213367537,alexh0007,0,68.95,1B Bryce Harper 2B Luis Arraez 3B Nick Gonzales C Ivan Herrera OF Pete Crow-Armstrong OF Wilyer Abreu OF Cole Carrigg P Kumar Rocker P Ryan Gusto SS Ezequiel Duran,,,
1533,5213081494,Montana2Rice1,0,68.85,1B Jake Burger 2B Cam Cauley 3B Jose Fermin C Gary Sanchez OF Jackson Chourio OF Mike Trout OF Ronny Simon P Jacob Misiorowski P Kumar Rocker SS Corey Seager,,,
1533,5213318083,lewis2035,0,68.85,1B Jac Caglianone 2B Bryson Stott 3B Miguel Vargas C Salvador Perez OF Ceddanne Rafaela OF Luke Keaschall OF Dominic Smith P Jacob Misiorowski P Shane Bieber SS George Lombard Jr.,,,
1535,5213260950,stanfev,0,68.7,1B Munetaka Murakami 2B Luis Arraez 3B Miguel Vargas C William Contreras OF Esmerlyn Valdez OF Cole Carrigg OF A.J. Ewing P J.T. Ginn P Ryan Gusto SS Francisco Lindor,,,
1536,5213003325,lombardiavenue,0,68.65,1B Andrew Vaughn 2B Angel Genao 3B Kazuma Okamoto C Moises Ballesteros OF Wilyer Abreu OF Ian Happ OF Owen Caissie P Jacob Misiorowski P Jared Jones SS Trea Turner,,,
1537,5213011752,woodburn535,0,68.55,1B Luis Garcia Jr. 2B Jazz Chisholm Jr. 3B Jose Ramirez C William Contreras OF Pete Crow-Armstrong OF Ceddanne Rafaela OF Ian Happ P Kumar Rocker P Grayson Rodriguez SS George Lombard Jr.,,,
1537,5213326590,winklerbart,0,68.55,1B Luis Garcia Jr. 2B Anthony Seigler 3B Nick Loftin C William Contreras OF Jackson Chourio OF Steven Kwan OF Brandon Lockridge P Jacob Misiorowski P Connor Prielipp SS Andruw Monasterio,,,
1539,5213097562,Pammylove,0,68.5,1B Matt Olson 2B Luis Arraez 3B Alex Bregman C Ivan Herrera OF Pete Crow-Armstrong OF Esmerlyn Valdez OF Cole Carrigg P Cade Povich P Kumar Rocker SS Jacob Wilson,,,
1539,5213350438,ttucker11,0,68.5,1B Michael Busch 2B Brice Turang 3B Alex Bregman C Salvador Perez OF Pete Crow-Armstrong OF Steven Kwan OF Starling Marte P Jared Jones P Kumar Rocker SS Bobby Witt Jr.,,,
1541,5213263900,DEMONFIST45,0,68.45,1B Nick Sogard 2B Angel Genao 3B Alex Bregman C Austin Wells OF Ceddanne Rafaela OF Wyatt Langford OF Jarren Duran P Jacob Misiorowski P Matthew Boyd SS Andruw Monasterio,,,
1542,5213288631,iceman1213,0,68.3,1B Kyle Stowers 2B Willi Castro 3B Kyle Karros C Agustin Ramirez OF Wilyer Abreu OF Mickey Moniak OF Jarren Duran P Matthew Boyd P Shane Bieber SS Otto Lopez,,,
1543,5212808563,grinder1978,0,68.25,1B Willson Contreras 2B Ronny Simon 3B Nick Loftin C Jonah Heim OF Wilyer Abreu OF Ceddanne Rafaela OF Henry Bolte P Jacob Misiorowski P Michael McGreevy SS Dansby Swanson,,,
1543,5213322081,Diplomats15,0,68.25,1B Andrew Vaughn 2B Anthony Seigler 3B Nick Gonzales C Jimmy Crooks OF Ceddanne Rafaela OF Braden Montgomery OF Spencer Jones P Jacob Misiorowski P Jesus Luzardo SS George Lombard Jr.,,,
1545,5213127652,GRMays33,0,68.15,1B Nolan Schanuel 2B Brice Turang 3B Denzer Guzman C Drake Baldwin OF Jordan Walker OF Mike Trout OF Jo Adell P Matthew Boyd P Grayson Rodriguez SS Zach Neto,,,
1546,5213019348,legendsofLambeau,0,68.1,1B Michael Busch 2B Nick Sogard 3B Nick Loftin C Salvador Perez OF Pete Crow-Armstrong OF Wilyer Abreu OF Jarren Duran P Jacob Misiorowski P Ryan Gusto SS George Lombard Jr.,,,
1546,5213222159,threewishes80,0,68.1,1B Luis Garcia Jr. 2B Nick Sogard 3B Ryan McMahon C Austin Wells OF Pete Crow-Armstrong OF Bryce Harper OF Griffin Conine P Matthew Boyd P Jared Jones SS Trea Turner,,,
1546,5213230934,jgings28,0,68.1,1B Michael Busch 2B Nick Sogard 3B Nick Loftin C Ivan Herrera OF Wilyer Abreu OF Ceddanne Rafaela OF Jarren Duran P Jacob Misiorowski P Ryan Gusto SS Andruw Monasterio,,,
1549,5213332817,jayzfan,0,67.85,1B Michael Busch 2B Nick Sogard 3B Alex Bregman C Jimmy Crooks OF Wilyer Abreu OF Ceddanne Rafaela OF Michael Conforto P Jacob Misiorowski P Kumar Rocker SS Andruw Monasterio,,,
1550,5212797188,GoMaizeGoBlue,0,67.7,1B Vladimir Guerrero Jr. 2B Marcus Semien 3B Caleb Durbin C J.T. Realmuto OF Sam Antonacci OF Garrett Mitchell OF Jarren Duran P Jacob Misiorowski P Brayan Bello SS Cooper Pratt,,,
1550,5213341022,blallen,0,67.7,1B Nick Sogard 2B Luis Arraez 3B Bryson Stott C Austin Wells OF Wilyer Abreu OF Ceddanne Rafaela OF Justin Crawford P Jacob Misiorowski P Grayson Rodriguez SS Trea Turner,,,
1550,5213357097,vwrzalinski,0,67.7,1B Jac Caglianone 2B Brandon Lowe 3B Nick Loftin C Hunter Goodman OF Bryan Reynolds OF Ceddanne Rafaela OF Tyler Soderstrom P Grayson Rodriguez P Grant Holmes SS Trea Turner,,,
1550,5213359156,bienv2588,0,67.7,1B Josh Bell 2B Nick Sogard 3B Ernie Clement C Patrick Bailey OF Pete Crow-Armstrong OF Wilyer Abreu OF Lawrence Butler P Jacob Misiorowski P Brayan Bello SS Andruw Monasterio,,,
1554,5213331334,j0rdantay10r,0,67.6,1B Alec Burleson 2B JJ Wetherholt 3B Kyle Karros C Jimmy Crooks OF Jordan Walker OF Cole Carrigg OF Nathan Church P Joey Cantillo P Jared Jones SS Zach Neto,,,
1555,5213043980,Marrocco28,0,67.45,1B Luis Garcia Jr. 2B Tyler Freeman 3B Tommy White C Alejandro Kirk OF Tyler Soderstrom OF Esteury Ruiz OF Braden Montgomery P Jacob Misiorowski P Matthew Boyd SS Andruw Monasterio,,,
1556,5213315967,wtfbra97,0,67.2,1B Salvador Perez 2B Jazz Chisholm Jr. 3B Nick Loftin C Hunter Goodman OF Mickey Moniak OF Jake McCarthy OF Cole Carrigg P Connor Prielipp P Cade Povich SS Bobby Witt Jr.,,,
1557,5212916413,slicknative,0,67.1,1B Nick Sogard 2B Luis Arraez 3B Jose Ramirez C Jake Rogers OF Wilyer Abreu OF Ceddanne Rafaela OF Steven Kwan P Jacob Misiorowski P Ryan Gusto SS Andruw Monasterio,,,
1557,5213324668,ryanbeck,0,67.1,1B Michael Busch 2B Nick Sogard 3B Jose Fermin C Jimmy Crooks OF Pete Crow-Armstrong OF Wilyer Abreu OF Spencer Jones P Jacob Misiorowski P Ryan Gusto SS Andruw Monasterio,,,
1559,5213172991,skeez35,0,67,1B Jac Caglianone 2B Nick Sogard 3B Nick Loftin C Salvador Perez OF Wilyer Abreu OF Jarren Duran OF Starling Marte P Jacob Misiorowski P Grant Holmes SS Bobby Witt Jr.,,,
1560,5212705858,zaxattack,0,66.85,1B Bryce Harper 2B Luis Arraez 3B Bryson Stott C Salvador Perez OF Jose Fermin OF Justin Crawford OF Ronny Simon P Jacob Misiorowski P Kumar Rocker SS Trea Turner,,,
1560,5212962599,tinderella,0,66.85,1B Nathaniel Lowe 2B Angel Genao 3B Jose Ramirez C Salvador Perez OF Chase DeLauter OF Steven Kwan OF Tyrone Taylor P Jacob Misiorowski P Kumar Rocker SS Bobby Witt Jr.,,,
1562,5212834432,redzone408,0,66.7,1B Willson Contreras 2B Brice Turang 3B Kazuma Okamoto C Jimmy Crooks OF Ceddanne Rafaela OF Heliot Ramos OF Brett Bateman P Jacob Misiorowski P Grayson Rodriguez SS Andruw Monasterio,,,
1563,5213071863,mrgoodseats,0,66.65,1B Matt Olson 2B JJ Wetherholt 3B Austin Riley C Drake Baldwin OF Ronald Acuna Jr. OF Michael Harris II OF Michael Conforto P Joey Cantillo P Brayan Bello SS Corey Seager,,,
1564,5212853702,rndllcray0127,0,66.45,1B Michael Busch 2B Willi Castro 3B Kazuma Okamoto C William Contreras OF Jac Caglianone OF Tyler Soderstrom OF Esmerlyn Valdez P J.T. Ginn P Shane Bieber SS Zach Neto,,,
1564,5213155420,AverillsAvengers,0,66.45,1B Andrew Vaughn 2B Jonathan Ornelas 3B Denzer Guzman C Agustin Ramirez OF Mike Trout OF Ceddanne Rafaela OF Brett Bateman P Jacob Misiorowski P Cam Schlittler SS George Lombard Jr.,,,
1566,5213053047,icealford,0,66.1,1B Willson Contreras 2B Nick Sogard 3B Nick Loftin C Jake Rogers OF Wilyer Abreu OF Ceddanne Rafaela OF Starling Marte P Jacob Misiorowski P Ryan Gusto SS Bobby Witt Jr.,,,
1566,5213086862,miguelag08,0,66.1,1B Matt Olson 2B Nick Sogard 3B Austin Riley C Gary Sanchez OF Ronald Acuna Jr. OF Michael Harris II OF Mike Yastrzemski P Jacob Misiorowski P Ryan Gusto SS Andruw Monasterio,,,
1566,5213214213,sugewhite41,0,66.1,1B Willson Contreras 2B Nick Sogard 3B Alex Bregman C William Contreras OF Wilyer Abreu OF Jarren Duran OF Brett Bateman P Jacob Misiorowski P Ryan Gusto SS Andruw Monasterio,,,
1569,5213053732,Scobra1111,0,65.95,1B Bryce Harper 2B Brandon Lowe 3B Miguel Vargas C Jake Rogers OF Pete Crow-Armstrong OF Wilyer Abreu OF Jarren Duran P Michael McGreevy P Brayan Bello SS George Lombard Jr.,,,
1570,5213342061,tenpin07,0,65.9,1B Nathaniel Lowe 2B Angel Genao 3B Kyle Karros C Ivan Herrera OF Jordan Walker OF Wilyer Abreu OF Chase DeLauter P Jesus Luzardo P Jared Jones SS Andruw Monasterio,,,
1570,5213358483,teslablue,0,65.9,1B TJ Rumfield 2B Angel Genao 3B Alex Bregman C Drake Baldwin OF Pete Crow-Armstrong OF Jake McCarthy OF Ronny Simon P Jesus Luzardo P Jared Jones SS George Lombard Jr.,,,
1572,5212881672,albie41385,0,65.85,1B Luis Garcia Jr. 2B Luis Arraez 3B Bryson Stott C Jimmy Crooks OF Bryce Harper OF Steven Kwan OF Spencer Jones P Jacob Misiorowski P Kumar Rocker SS George Lombard Jr.,,,
1572,5213040493,djdj12,0,65.85,1B Luis Garcia Jr. 2B Bryson Stott 3B Kyle Karros C Ivan Herrera OF Ceddanne Rafaela OF Jarren Duran OF Nathan Church P Jacob Misiorowski P Kumar Rocker SS Andruw Monasterio,,,
1572,5213099250,dtlapier,0,65.85,1B Jake Burger 2B Marcus Semien 3B Willi Castro C Elias Diaz OF Jake McCarthy OF Cole Carrigg OF Jarren Duran P Jacob Misiorowski P Shane Bieber SS Andruw Monasterio,,,
1572,5213285789,geocom,0,65.85,1B Nathaniel Lowe 2B Travis Bazzana 3B Jose Fermin C Hunter Goodman OF Chase DeLauter OF Cole Carrigg OF Nathan Church P Jacob Misiorowski P Kumar Rocker SS Ezequiel Tovar,,,
1572,5213294217,stumpfest,0,65.85,1B Royce Lewis 2B Nick Sogard 3B Willi Castro C Luke Maile OF Bryce Harper OF Jake Mangum OF Braden Montgomery P Jacob Misiorowski P Kumar Rocker SS Andruw Monasterio,,,
1577,5213033287,milligolf,0,65.7,1B Matt Olson 2B Ronny Simon 3B Nick Loftin C Drake Baldwin OF Ronald Acuna Jr. OF Michael Harris II OF Mike Yastrzemski P Jacob Misiorowski P Grayson Rodriguez SS Tyler Tolbert,,,
1578,5213296198,RJJIII,0,65.55,1B Willson Contreras 2B Anthony Seigler 3B Kyle Karros C Luke Maile OF Wilyer Abreu OF Ceddanne Rafaela OF Wade Meckler P Jacob Misiorowski P Connor Prielipp SS Andruw Monasterio,,,
1579,5212946629,hanksss,0,65.5,1B Matt Olson 2B Jeff McNeil 3B Alex Bregman C Salvador Perez OF Pete Crow-Armstrong OF Mike Trout OF Ceddanne Rafaela P Shane Bieber P Michael Lorenzen SS Bobby Witt Jr.,,,
1580,5213105441,manninggene24,0,65.45,1B Luis Garcia Jr. 2B Nick Sogard 3B Ezequiel Duran C Jonah Heim OF Mike Trout OF Henry Bolte OF Ronny Simon P Jacob Misiorowski P Matthew Boyd SS George Lombard Jr.,,,
1581,5213041380,rheastman123,0,65.15,1B Luis Garcia Jr. 2B Kody Clemens 3B Kazuma Okamoto C Gary Sanchez OF Ceddanne Rafaela OF Christian Yelich OF Jake McCarthy P Randy Dobnak P Grant Holmes SS Bobby Witt Jr.,,,
1581,5213108389,Braxtonsdad2021,0,65.15,1B Royce Lewis 2B Ernie Clement 3B Nick Loftin C Hunter Goodman OF Jac Caglianone OF Cole Carrigg OF Luis Lara P Jacob Misiorowski P Randy Dobnak SS George Lombard Jr.,,,
1583,5213028985,Coreym2223,0,65.1,1B Willson Contreras 2B Anthony Seigler 3B Ezequiel Duran C Salvador Perez OF Wilyer Abreu OF Wyatt Langford OF Jarren Duran P Jesus Luzardo P Kumar Rocker SS Andruw Monasterio,,,
1584,5213241599,fasteddie35,0,64.95,1B Luis Garcia Jr. 2B Angel Genao 3B Willi Castro C Ivan Herrera OF Ceddanne Rafaela OF Steven Kwan OF Ronny Simon P Jacob Misiorowski P Joey Cantillo SS George Lombard Jr.,,,
1585,5212682214,Tarah14,0,64.9,1B Jake Bauers 2B JJ Wetherholt 3B Christian Encarnacion-Strand C Salvador Perez OF Bryan Reynolds OF Ceddanne Rafaela OF Chase DeLauter P Jared Jones P Michael McGreevy SS Dansby Swanson,,,
1586,5212901087,tksauns22,0,64.85,1B Nathaniel Lowe 2B Angel Genao 3B Kyle Karros C Ivan Herrera OF Wilyer Abreu OF Chase DeLauter OF Steven Kwan P Jacob Misiorowski P Kumar Rocker SS Trea Turner,,,
1586,5212913498,Erks81,0,64.85,1B Andrew Vaughn 2B Nick Sogard 3B Bryson Stott C Ivan Herrera OF Jarren Duran OF Jakob Marsee OF Lawrence Butler P Jacob Misiorowski P Kumar Rocker SS Bobby Witt Jr.,,,
1586,5213045666,skiski2424,0,64.85,1B Ben Rice 2B Jazz Chisholm Jr. 3B Miguel Vargas C Salvador Perez OF Jac Caglianone OF Trent Grisham OF Spencer Jones P Randy Dobnak P Brayan Bello SS Bobby Witt Jr.,,,
1586,5213247409,bkallday83,0,64.85,1B TJ Rumfield 2B Marcus Semien 3B Ezequiel Duran C Jimmy Crooks OF Mickey Moniak OF Wyatt Langford OF Brandon Nimmo P Jacob Misiorowski P Kumar Rocker SS Corey Seager,,,
1590,5212963294,mattintexas,0,64.7,1B Nick Sogard 2B Anthony Seigler 3B Caleb Durbin C J.T. Realmuto OF Pete Crow-Armstrong OF Brandon Marsh OF Masataka Yoshida P Jacob Misiorowski P Grayson Rodriguez SS Andruw Monasterio,,,
1590,5213116870,wizgagnon,0,64.7,1B Nathaniel Lowe 2B Nick Sogard 3B Miguel Vargas C Jimmy Crooks OF Wilyer Abreu OF Ceddanne Rafaela OF Jake McCarthy P Jacob Misiorowski P Brayan Bello SS George Lombard Jr.,,,
1590,5213306147,pppppz,0,64.7,1B Luis Garcia Jr. 2B Angel Genao 3B Ezequiel Duran C Jake Rogers OF Wilyer Abreu OF Jake McCarthy OF Jarren Duran P Jacob Misiorowski P Brayan Bello SS George Lombard Jr.,,,
1593,5213109979,lnl2win,0,64.65,1B Luis Garcia Jr. 2B Jazz Chisholm Jr. 3B Willi Castro C Patrick Bailey OF Tyler Soderstrom OF Jake McCarthy OF Heriberto Hernandez P Jacob Misiorowski P Cade Povich SS George Lombard Jr.,,,
1594,5213010309,cain5150,0,64.45,1B Willson Contreras 2B Nick Sogard 3B Kyle Karros C Jake Rogers OF Wilyer Abreu OF Ceddanne Rafaela OF Wade Meckler P Jacob Misiorowski P Matthew Boyd SS George Lombard Jr.,,,
1595,5213020752,TimmyZ5,0,64.25,1B Willson Contreras 2B Nick Sogard 3B Nick Loftin C Salvador Perez OF Wilyer Abreu OF Ceddanne Rafaela OF Brett Bateman P Jacob Misiorowski P Michael McGreevy SS Otto Lopez,,,
1595,5213214814,scotty1970,0,64.25,1B Matt Olson 2B Ozzie Albies 3B Kazuma Okamoto C Sean Murphy OF Seiya Suzuki OF Braden Montgomery OF Mike Yastrzemski P Jacob Misiorowski P Michael McGreevy SS Andruw Monasterio,,,
1595,5213348473,easternmh,0,64.25,1B Ben Rice 2B Ronny Simon 3B Ryan McMahon C Salvador Perez OF Trent Grisham OF Heliot Ramos OF Spencer Jones P Jacob Misiorowski P Michael McGreevy SS Bobby Witt Jr.,,,
1598,5213357157,vulturepaj,0,64.2,1B Matt Olson 2B Royce Lewis 3B Jose Ramirez C Alejandro Kirk OF Bryce Harper OF Luke Keaschall OF Alan Roden P Jared Jones P Connor Prielipp SS Bobby Witt Jr.,,,
1599,5213048339,josh.0,0,64.1,1B Matt Olson 2B Nick Sogard 3B Ryan McMahon C Drake Baldwin OF Ronald Acuna Jr. OF Michael Harris II OF Henry Bolte P Jacob Misiorowski P Ryan Gusto SS Trea Turner,,,
1600,5212869594,samdukey,0,63.95,1B Willson Contreras 2B Ozzie Albies 3B Nick Gonzales C Ivan Herrera OF Bryce Harper OF Mike Trout OF Esmerlyn Valdez P Davis Martin P Grant Holmes SS Francisco Lindor,,,
1601,5213222152,squirrelpatroldk,0,63.85,1B Andrew Vaughn 2B Adam Frazier 3B David Hamilton C Gary Sanchez OF Jackson Chourio OF Jac Caglianone OF Brandon Lockridge P Jacob Misiorowski P Kumar Rocker SS Bobby Witt Jr.,,,
1601,5213322348,gamblingman7,0,63.85,1B Jac Caglianone 2B Luis Arraez 3B Bryson Stott C Austin Wells OF Wilyer Abreu OF Jake McCarthy OF Ronny Simon P Jacob Misiorowski P Kumar Rocker SS Andruw Monasterio,,,
1603,5213138223,jbodnar79,0,63.7,1B Nathaniel Lowe 2B Nick Sogard 3B Kyle Karros C Jake Rogers OF Bryce Harper OF Wilyer Abreu OF Ceddanne Rafaela P Jacob Misiorowski P Grayson Rodriguez SS Andruw Monasterio,,,
1603,5213251647,italianmamba24,0,63.7,1B TJ Rumfield 2B Anthony Seigler 3B Willi Castro C Jake Rogers OF Wilyer Abreu OF Ceddanne Rafaela OF Jarren Duran P Jacob Misiorowski P Grayson Rodriguez SS Ezequiel Duran,,,
1605,5213288470,vego07,0,63.5,1B Kyle Stowers 2B Xavier Edwards 3B Bryson Stott C Rafael Flores Jr. OF Bryce Harper OF Bryan Reynolds OF Brandon Nimmo P Jared Jones P Kumar Rocker SS Trea Turner,,,
1606,5213243838,DoloMitex478,0,63.3,1B Nick Sogard 2B Anthony Seigler 3B Jose Ramirez C Henry Davis OF Wilyer Abreu OF Ceddanne Rafaela OF Chase DeLauter P Cam Schlittler P Kumar Rocker SS Andruw Monasterio,,,
1607,5213273725,GameOnLetsGo,0,63.1,1B Jac Caglianone 2B Nick Sogard 3B Nick Loftin C Salvador Perez OF Wilyer Abreu OF Ceddanne Rafaela OF Starling Marte P Jacob Misiorowski P Ryan Gusto SS Bobby Witt Jr.,,,
1608,5213111478,Ncfire950,0,63,1B Matt Olson 2B Nick Sogard 3B Austin Riley C Elias Diaz OF Ronald Acuna Jr. OF Cole Carrigg OF Michael Harris II P Jacob Misiorowski P Grant Holmes SS George Lombard Jr.,,,
1608,5213341779,jeffvanz,0,63,1B Nick Sogard 2B Xavier Edwards 3B Josh Smith C Ivan Herrera OF Wilyer Abreu OF Ceddanne Rafaela OF Jarren Duran P Jacob Misiorowski P Grant Holmes SS Andruw Monasterio,,,
1610,5213350471,jrock54564,0,62.95,1B Michael Busch 2B Ronny Simon 3B Austin Riley C Edgar Quero OF Bryan Reynolds OF Wilyer Abreu OF Cole Carrigg P Jacob Misiorowski P Davis Martin SS Andruw Monasterio,,,
1611,5213244935,fyi42,0,62.85,1B Alec Burleson 2B Jazz Chisholm Jr. 3B Ryan McMahon C Salvador Perez OF Mickey Moniak OF Ceddanne Rafaela OF Nathan Church P Jacob Misiorowski P Kumar Rocker SS George Lombard Jr.,,,
1611,5213303136,FlyingBurritos,0,62.85,1B Munetaka Murakami 2B Anthony Seigler 3B Miguel Vargas C Edgar Quero OF Sam Antonacci OF Jarren Duran OF Braden Montgomery P Jacob Misiorowski P Kumar Rocker SS Andruw Monasterio,,,
1613,5213055487,mntiny,0,62.7,1B Alec Burleson 2B Nick Sogard 3B Ryan McMahon C Jimmy Crooks OF Wilyer Abreu OF Ceddanne Rafaela OF Jarren Duran P Jacob Misiorowski P Grayson Rodriguez SS Andruw Monasterio,,,
1614,5212626881,bigshan35,0,62.65,1B Matt Olson 2B Brice Turang 3B Austin Riley C Drake Baldwin OF Jackson Chourio OF Ronald Acuna Jr. OF Michael Harris II P Cade Povich P Grant Holmes SS Jacob Wilson,,,
1614,5213351137,pete2303,0,62.65,1B Nick Sogard 2B Jackson Holliday 3B Bryson Stott C Jake Rogers OF Wilyer Abreu OF Esmerlyn Valdez OF Cole Carrigg P Jacob Misiorowski P Jared Jones SS George Lombard Jr.,,,
1616,5213112387,JaserD,0,62.5,1B Matt Olson 2B Michael Massey 3B Nick Loftin C Drake Baldwin OF Jac Caglianone OF Michael Harris II OF Heliot Ramos P Jared Jones P Sean Manaea SS Bobby Witt Jr.,,,
1616,5213361779,moosehead78,0,62.5,1B TJ Rumfield 2B Travis Bazzana 3B Jose Ramirez C Ivan Herrera OF Mike Trout OF Chase DeLauter OF Jo Adell P Joey Cantillo P Connor Prielipp SS Tyler Tolbert,,,
1618,5213083324,tom.kingery28,0,62.25,1B Nick Sogard 2B Anthony Seigler 3B Jose Fermin C Jimmy Crooks OF Ceddanne Rafaela OF Jarren Duran OF Brandon Lockridge P Jacob Misiorowski P Jesus Luzardo SS Andruw Monasterio,,,
1618,5213361232,whitehot,0,62.25,1B Luis Garcia Jr. 2B Nick Sogard 3B Ryan McMahon C Austin Wells OF Ceddanne Rafaela OF Jarren Duran OF Spencer Jones P Jacob Misiorowski P Jesus Luzardo SS George Lombard Jr.,,,
1620,5212909970,PurpleTerminator79,0,62.15,1B Kyle Manzardo 2B Jazz Chisholm Jr. 3B Willi Castro C Drake Baldwin OF Ceddanne Rafaela OF Jac Caglianone OF Heliot Ramos P Cam Schlittler P Brayan Bello SS Anthony Volpe,,,
1620,5213208514,GeMSta69,0,62.15,1B Jac Caglianone 2B Brice Turang 3B Kyle Karros C Gary Sanchez OF Jordan Walker OF Spencer Jones OF Ronny Simon P Jacob Misiorowski P Randy Dobnak SS George Lombard Jr.,,,
1622,5212895011,DFSWizbang,0,62.1,1B TJ Rumfield 2B Luis Arraez 3B Bryson Stott C Salvador Perez OF Jordan Walker OF Jake McCarthy OF Wyatt Langford P Matthew Boyd P Jared Jones SS Ezequiel Duran,,,
1623,5213105056,bubsfantasy,0,61.85,1B Nathaniel Lowe 2B Ronny Simon 3B Miguel Vargas C Austin Wells OF Wilyer Abreu OF Chase DeLauter OF Jarren Duran P Jacob Misiorowski P Kumar Rocker SS Francisco Lindor,,,
1623,5213359124,davearbiter,0,61.85,1B Nathaniel Lowe 2B Angel Genao 3B Ryan McMahon C Austin Wells OF Pete Crow-Armstrong OF Bryce Harper OF Ronny Simon P Jacob Misiorowski P Kumar Rocker SS Bobby Witt Jr.,,,
1625,5213318192,russe526,0,61.7,1B Nathaniel Lowe 2B Nick Sogard 3B Kyle Karros C Ivan Herrera OF Wilyer Abreu OF Ceddanne Rafaela OF Jarren Duran P Jacob Misiorowski P Grayson Rodriguez SS Andruw Monasterio,,,
1626,5213212677,meits,0,61.5,1B Kyle Stowers 2B Jazz Chisholm Jr. 3B Ezequiel Duran C Ivan Herrera OF Jackson Chourio OF Jake McCarthy OF Heliot Ramos P Jared Jones P Kumar Rocker SS Corey Seager,,,
1627,5213248911,alanaghan,0,61.45,1B Matt Olson 2B Ozzie Albies 3B Kyle Karros C Drake Baldwin OF Ronald Acuna Jr. OF Carson Benge OF Michael Harris II P J.T. Ginn P Shane Bieber SS Francisco Lindor,,,
1628,5213335239,JetsIrish,0,61.4,1B Willson Contreras 2B Nick Sogard 3B Miguel Vargas C Ivan Herrera OF Jordan Walker OF Wilyer Abreu OF Ceddanne Rafaela P Randy Dobnak P Michael McGreevy SS Jacob Wilson,,,
1629,5212779657,BowDownToLSU,0,61.2,1B Matt Olson 2B Xavier Edwards 3B Tommy White C Ivan Herrera OF Ronald Acuna Jr. OF Bryan Reynolds OF Tyler Soderstrom P Jared Jones P Connor Prielipp SS Jacob Wilson,,,
1630,5212796006,Rhyns3,0,61.1,1B Ben Rice 2B Luis Arraez 3B Austin Riley C J.T. Realmuto OF Mickey Moniak OF Brandon Marsh OF Jakob Marsee P Jesus Luzardo P Shane Bieber SS Jim Jarvis,,,
1630,5213041419,nukkinfutz420,0,61.1,1B Andrew Vaughn 2B Nick Sogard 3B Jose Ramirez C Edgar Quero OF Ceddanne Rafaela OF Jarren Duran OF Brandon Marsh P Jacob Misiorowski P Ryan Gusto SS Bobby Witt Jr.,,,
1632,5213139830,mikea90,0,61.05,1B Royce Lewis 2B Brice Turang 3B Austin Riley C Ivan Herrera OF Bryce Harper OF Wilyer Abreu OF Jake McCarthy P Davis Martin P Ryan Gusto SS Corey Seager,,,
1633,5212598190,BigBlue74,0,60.85,1B Nathaniel Lowe 2B Ronny Simon 3B Ezequiel Duran C Luke Maile OF Wilyer Abreu OF Mickey Moniak OF Brandon Nimmo P Jacob Misiorowski P Kumar Rocker SS Corey Seager,,,
1633,5212959120,harrymunday,0,60.85,1B TJ Rumfield 2B Angel Genao 3B Ezequiel Duran C William Contreras OF Jarren Duran OF Brandon Marsh OF Jake Mangum P Jacob Misiorowski P Kumar Rocker SS Dansby Swanson,,,
1633,5213113253,skinznfinz86,0,60.85,1B Jake Burger 2B Ronny Simon 3B Kyle Karros C Ivan Herrera OF Wilyer Abreu OF Ceddanne Rafaela OF Esmerlyn Valdez P Jacob Misiorowski P Kumar Rocker SS Ezequiel Duran,,,
1633,5213232596,RemoteLIES,0,60.85,1B Willson Contreras 2B Jazz Chisholm Jr. 3B Ryan McMahon C Austin Wells OF Wilyer Abreu OF Trent Grisham OF Jarren Duran P Jacob Misiorowski P Kumar Rocker SS Andruw Monasterio,,,
1633,5213235099,kellyboykc,0,60.85,1B Jake Burger 2B Ozzie Albies 3B Ezequiel Duran C Drake Baldwin OF Michael Harris II OF Brandon Nimmo OF Josh Lowe P Jacob Misiorowski P Kumar Rocker SS Corey Seager,,,
1638,5213255107,Primetime23,0,60.7,1B Luis Garcia Jr. 2B Anthony Seigler 3B Ezequiel Duran C Austin Wells OF Mickey Moniak OF Wyatt Langford OF Esmerlyn Valdez P Jacob Misiorowski P Grayson Rodriguez SS Andruw Monasterio,,,
1639,5212932280,rcarena,0,60.65,1B Andrew Vaughn 2B Justin Foscue 3B Ezequiel Duran C Salvador Perez OF Wyatt Langford OF Brandon Nimmo OF Randal Grichuk P Jacob Misiorowski P Jared Jones SS Corey Seager,,,
1639,5213110490,Bwilson84,0,60.65,1B Andrew Vaughn 2B Brice Turang 3B Ernie Clement C Gary Sanchez OF Jackson Chourio OF Luis Lara OF Myles Straw P Jacob Misiorowski P Jared Jones SS Ezequiel Tovar,,,
1639,5213342421,m_d2005,0,60.65,1B Alec Burleson 2B Xavier Edwards 3B Jose Fermin C Jimmy Crooks OF Wyatt Langford OF Nathan Church OF Bryan Torres P Jacob Misiorowski P Jared Jones SS Ezequiel Duran,,,
1642,5213352134,vadino53,0,60.15,1B Luis Garcia Jr. 2B Luis Arraez 3B Jose Fermin C Salvador Perez OF Jake McCarthy OF Steven Kwan OF Brett Bateman P Jacob Misiorowski P Randy Dobnak SS Trea Turner,,,
1643,5213270242,Rywins21,0,60.1,1B Luis Garcia Jr. 2B Nick Sogard 3B Ryan McMahon C Salvador Perez OF Bryce Harper OF Wilyer Abreu OF Jac Caglianone P Jacob Misiorowski P Ryan Gusto SS George Lombard Jr.,,,
1643,5213301090,kylehaeussler,0,60.1,1B Willson Contreras 2B Nick Sogard 3B Ryan McMahon C Jake Rogers OF Wilyer Abreu OF Ceddanne Rafaela OF Trent Grisham P Cam Schlittler P Jared Jones SS George Lombard Jr.,,,
1645,5212541799,BoozeDonkeys,0,59.95,1B Salvador Perez 2B Ernie Clement 3B Kyle Karros C Alejandro Kirk OF Ronald Acuna Jr. OF Mickey Moniak OF Ceddanne Rafaela P Jacob Misiorowski P Davis Martin SS Andres Gimenez,,,
1646,5213229962,cmc284,0,59.9,1B Kyle Stowers 2B Nick Sogard 3B Willi Castro C Drake Baldwin OF Bryan Reynolds OF Steven Kwan OF Dominic Smith P Jesus Luzardo P Jared Jones SS Andruw Monasterio,,,
1647,5212914527,ClassicIndividuals,0,59.85,1B Nathaniel Lowe 2B Anthony Seigler 3B Ezequiel Duran C Luke Maile OF Wilyer Abreu OF Jarren Duran OF Brandon Nimmo P Jacob Misiorowski P Kumar Rocker SS Trea Turner,,,
1647,5213041404,newnew50,0,59.85,1B Nolan Schanuel 2B Willi Castro 3B Denzer Guzman C Drake Baldwin OF Ronald Acuna Jr. OF Heliot Ramos OF Wade Meckler P Jacob Misiorowski P Kumar Rocker SS Francisco Lindor,,,
1647,5213211846,KingDoug2020,0,59.85,1B Willson Contreras 2B Nick Sogard 3B Josh Smith C Ivan Herrera OF Wilyer Abreu OF Wyatt Langford OF Bryan Torres P Jacob Misiorowski P Kumar Rocker SS Andruw Monasterio,,,
1650,5212978856,rhemix,0,59.7,1B Andrew Vaughn 2B Nick Sogard 3B Kyle Karros C Ivan Herrera OF Wilyer Abreu OF Ceddanne Rafaela OF Jarren Duran P Jacob Misiorowski P Grayson Rodriguez SS Andruw Monasterio,,,
1651,5213335492,GoBillsGo47,0,59.65,1B Nathaniel Lowe 2B Angel Genao 3B Kazuma Okamoto C Ivan Herrera OF Jordan Walker OF Cole Carrigg OF Ronny Simon P Jacob Misiorowski P Jared Jones SS George Lombard Jr.,,,
1652,5212643019,scrittenden14,0,59.6,1B Alec Burleson 2B Luis Arraez 3B Ezequiel Duran C Jimmy Crooks OF Pete Crow-Armstrong OF Jake McCarthy OF Heliot Ramos P Jared Jones P Davis Martin SS Colson Montgomery,,,
1652,5212912554,mathyewjoeza,0,59.6,1B Alec Burleson 2B JJ Wetherholt 3B Nick Gonzales C Ivan Herrera OF Bryan Reynolds OF Jose Fermin OF Bryan Torres P Joey Cantillo P Jared Jones SS Brayan Rocchio,,,
1652,5213273689,PghSteele23,0,59.6,1B Vladimir Guerrero Jr. 2B Nico Hoerner 3B Nick Gonzales C Jonah Heim OF Bryan Reynolds OF Cole Carrigg OF Jake Mangum P Joey Cantillo P Jared Jones SS Jacob Wilson,,,
1652,5213338111,nsheldon1981,0,59.6,1B Pete Alonso 2B Brandon Lowe 3B Miguel Vargas C Jonah Heim OF Ronald Acuna Jr. OF Ceddanne Rafaela OF Henry Bolte P Jared Jones P Davis Martin SS George Lombard Jr.,,,
1656,5213157467,ik3784,0,59.25,1B Jac Caglianone 2B Anthony Seigler 3B Caleb Durbin C Elias Diaz OF Jackson Chourio OF Jarren Duran OF Masataka Yoshida P Jacob Misiorowski P Michael McGreevy SS Andruw Monasterio,,,
1657,5213023600,brianstacia,0,59.2,1B Willson Contreras 2B JJ Wetherholt 3B Jose Fermin C Ivan Herrera OF Wilyer Abreu OF Ceddanne Rafaela OF Jarren Duran P Joey Cantillo P Michael McGreevy SS Andruw Monasterio,,,
1658,5212834812,DanielPhillabaum,0,58.9,1B Kyle Stowers 2B Marcus Semien 3B Christian Encarnacion-Strand C Hunter Goodman OF Pete Crow-Armstrong OF Trevor Larnach OF Lane Thomas P Joey Cantillo P Davis Martin SS Andruw Monasterio,,,
1658,5213018469,jwengert0518,0,58.9,1B Kyle Stowers 2B Xavier Edwards 3B Ezequiel Duran C William Contreras OF Chase DeLauter OF Heliot Ramos OF Heriberto Hernandez P Jesus Luzardo P Jared Jones SS George Lombard Jr.,,,
1660,5213322812,EvanG33,0,58.85,1B TJ Rumfield 2B Anthony Seigler 3B Kazuma Okamoto C Jake Rogers OF Wilyer Abreu OF Ceddanne Rafaela OF Henry Bolte P Jacob Misiorowski P Shane Bieber SS Andruw Monasterio,,,
1660,5213359257,Powerinc,0,58.85,1B Ben Rice 2B Luis Arraez 3B Alec Bohm C J.T. Realmuto OF Kody Clemens OF Ceddanne Rafaela OF Esmerlyn Valdez P Shane Bieber P Grant Holmes SS Trea Turner,,,
1662,5213255109,mjxx40,0,58.8,1B Andrew Vaughn 2B Brice Turang 3B Bryson Stott C William Contreras OF Bryce Harper OF Jackson Chourio OF Brandon Lockridge P Joey Cantillo P Kumar Rocker SS Corey Seager,,,
1662,5213320408,celgalvao,0,58.8,1B Ben Rice 2B JJ Wetherholt 3B Nick Loftin C Austin Wells OF Pete Crow-Armstrong OF Wilyer Abreu OF Wade Meckler P Joey Cantillo P Kumar Rocker SS Otto Lopez,,,
1664,5213015003,FHUSlater2000,0,58.65,1B Nathaniel Lowe 2B Angel Genao 3B Miguel Vargas C Jimmy Crooks OF Bryce Harper OF Chase DeLauter OF Steven Kwan P Jacob Misiorowski P Jared Jones SS George Lombard Jr.,,,
1664,5213267228,tomkriger,0,58.65,1B Jake Burger 2B Justin Foscue 3B Max Muncy C Jonah Heim OF Tyler Soderstrom OF Wyatt Langford OF Lawrence Butler P Jacob Misiorowski P Jared Jones SS Jacob Wilson,,,
1664,5213297792,bringtheheat,0,58.65,1B Alec Burleson 2B Ronny Simon 3B Ryan McMahon C Luke Maile OF Mickey Moniak OF Jake McCarthy OF Cole Carrigg P Jacob Misiorowski P Jared Jones SS George Lombard Jr.,,,
1667,5212971767,Moeg196,0,58.5,1B Nathaniel Lowe 2B Luis Arraez 3B Jose Ramirez C J.T. Realmuto OF Pete Crow-Armstrong OF Bryce Harper OF Michael Conforto P Cade Povich P Kumar Rocker SS Trea Turner,,,
1668,5213340851,tybarrell,0,58.1,1B Nathaniel Lowe 2B JJ Wetherholt 3B Nick Gonzales C Henry Davis OF Pete Crow-Armstrong OF Bryan Reynolds OF Wade Meckler P Matthew Boyd P Jared Jones SS Ezequiel Duran,,,
1669,5212769733,jstodd22,0,57.95,1B Alec Burleson 2B Nick Sogard 3B Nick Loftin C Moises Ballesteros OF Wilyer Abreu OF Ceddanne Rafaela OF Henry Bolte P Jacob Misiorowski P Davis Martin SS Andruw Monasterio,,,
1670,5213080142,Sims11,0,57.85,1B Nolan Schanuel 2B Nick Sogard 3B Nick Gonzales C Salvador Perez OF Pete Crow-Armstrong OF Jarren Duran OF Wade Meckler P Jacob Misiorowski P Kumar Rocker SS Andruw Monasterio,,,
1671,5213234806,jonathan3248,0,57.65,1B Munetaka Murakami 2B Brandon Lowe 3B Ryan McMahon C Henry Davis OF Esmerlyn Valdez OF Trent Grisham OF Brenton Doyle P Jacob Misiorowski P Jared Jones SS Luisangel Acuna,,,
1672,5212912716,tomjg2,0,57.6,1B Alec Burleson 2B Jackson Holliday 3B Miguel Vargas C Jimmy Crooks OF Pete Crow-Armstrong OF Jordan Walker OF Ceddanne Rafaela P Jared Jones P Davis Martin SS George Lombard Jr.,,,
1673,5213224197,tyredaddy,0,57.45,1B Andrew Vaughn 2B Willi Castro 3B Jose Fermin C Moises Ballesteros OF Ceddanne Rafaela OF Jarren Duran OF Steven Kwan P Jacob Misiorowski P Matthew Boyd SS Andruw Monasterio,,,
1674,5212853465,jjordan02,0,56.95,1B Alec Burleson 2B Justin Foscue 3B Jose Fermin C Jimmy Crooks OF Esmerlyn Valdez OF Nathan Church OF Bryan Torres P Jacob Misiorowski P Davis Martin SS Trea Turner,,,
1675,5213131928,mkpullano,0,56.85,1B Willson Contreras 2B Nick Sogard 3B Kyle Karros C Jake Rogers OF Wilyer Abreu OF Jake McCarthy OF Cole Carrigg P Jacob Misiorowski P Kumar Rocker SS Andruw Monasterio,,,
1676,5213120601,Mark4343,0,56.8,1B Munetaka Murakami 2B Willi Castro 3B Tommy White C Hunter Goodman OF Wilyer Abreu OF Ceddanne Rafaela OF Jake McCarthy P Shane Bieber P Davis Martin SS Andruw Monasterio,,,
1677,5213012133,Dillymonkeys,0,56.55,1B Nolan Schanuel 2B Nick Sogard 3B Jose Fermin C Agustin Ramirez OF Wilyer Abreu OF Ceddanne Rafaela OF Jarren Duran P Jacob Misiorowski P Connor Prielipp SS Andruw Monasterio,,,
1678,5213044012,stonesbgone,0,56.25,1B Andrew Vaughn 2B Nick Sogard 3B Caleb Durbin C Rafael Flores Jr. OF Jake Bauers OF Ceddanne Rafaela OF Luis Lara P Jacob Misiorowski P Michael McGreevy SS Trea Turner,,,
1679,5213348772,gjfong2000,0,55.95,1B Nick Sogard 2B Ronny Simon 3B Nick Loftin C Jake Rogers OF Pete Crow-Armstrong OF Wilyer Abreu OF Jake McCarthy P Jacob Misiorowski P Davis Martin SS Andruw Monasterio,,,
1680,5212679644,jayjay062511,0,55.85,1B Nick Sogard 2B Anthony Seigler 3B Bryson Stott C Salvador Perez OF Wilyer Abreu OF Jac Caglianone OF Jarren Duran P Jacob Misiorowski P Kumar Rocker SS Andruw Monasterio,,,
1680,5212821910,eduvaleus,0,55.85,1B Matt Olson 2B Ozzie Albies 3B Ryan McMahon C Drake Baldwin OF Ronald Acuna Jr. OF Michael Harris II OF Michael Conforto P Jacob Misiorowski P Kumar Rocker SS George Lombard Jr.,,,
1680,5212954126,BTrain1978,0,55.85,1B TJ Rumfield 2B Nick Sogard 3B Bryson Stott C Salvador Perez OF Ceddanne Rafaela OF Tyler Soderstrom OF Jarren Duran P Jacob Misiorowski P Kumar Rocker SS Andruw Monasterio,,,
1683,5213299842,likenoah,0,55.25,1B Willson Contreras 2B Nick Sogard 3B Kyle Karros C Austin Wells OF Jordan Walker OF Wilyer Abreu OF Ceddanne Rafaela P Jacob Misiorowski P Michael McGreevy SS George Lombard Jr.,,,
1683,5213317914,gilbert19841,0,55.25,1B Munetaka Murakami 2B Ronny Simon 3B Kazuma Okamoto C Agustin Ramirez OF Seiya Suzuki OF Jac Caglianone OF Jose Fermin P Jacob Misiorowski P Michael McGreevy SS George Lombard Jr.,,,
1685,5212788017,jordanh415,0,55.1,1B Nick Sogard 2B Anthony Seigler 3B Pedro Ramirez C Jake Rogers OF Pete Crow-Armstrong OF Ceddanne Rafaela OF Jarren Duran P Jesus Luzardo P Kumar Rocker SS Bobby Witt Jr.,,,
1685,5212937020,i_just_guessed,0,55.1,1B Nick Sogard 2B Justin Foscue 3B Ezequiel Duran C Gary Sanchez OF Wilyer Abreu OF Ceddanne Rafaela OF Jarren Duran P Jacob Misiorowski P Ryan Gusto SS Andruw Monasterio,,,
1687,5212933497,pitcoman,0,54.85,1B Nick Sogard 2B Anthony Seigler 3B Bryson Stott C Salvador Perez OF Wilyer Abreu OF Ceddanne Rafaela OF Jarren Duran P Jacob Misiorowski P Kumar Rocker SS Tyler Tolbert,,,
1688,5212643708,Zugg,0,54.65,1B Nolan Schanuel 2B Xavier Edwards 3B Nick Loftin C Austin Wells OF Jackson Chourio OF Wilyer Abreu OF Jarren Duran P Jacob Misiorowski P Jared Jones SS Jim Jarvis,,,
1688,5213116496,jrow01,0,54.65,1B Willson Contreras 2B Nick Sogard 3B Tommy White C Jonah Heim OF Wilyer Abreu OF Tyler Soderstrom OF Lawrence Butler P Jacob Misiorowski P Cade Povich SS Andruw Monasterio,,,
1688,5213126433,IrishWhips,0,54.65,1B Willson Contreras 2B Nick Sogard 3B Alex Bregman C Jimmy Crooks OF Wilyer Abreu OF Wade Meckler OF Brett Bateman P Jacob Misiorowski P Jared Jones SS Andruw Monasterio,,,
1688,5213146020,bigbuckeye71,0,54.65,1B Willson Contreras 2B Anthony Seigler 3B Kyle Karros C Austin Wells OF Wilyer Abreu OF Ceddanne Rafaela OF Carson Benge P Jacob Misiorowski P Cade Povich SS Andruw Monasterio,,,
1688,5213257403,ffgump,0,54.65,1B Andrew Vaughn 2B Willi Castro 3B Ezequiel Duran C Salvador Perez OF Mickey Moniak OF Jarren Duran OF Steven Kwan P Jacob Misiorowski P Michael Lorenzen SS Bobby Witt Jr.,,,
1688,5213337962,McShuvin,0,54.65,1B Matt Olson 2B Ozzie Albies 3B Willi Castro C Luke Maile OF Jake McCarthy OF Michael Harris II OF Dominic Smith P Jacob Misiorowski P Jared Jones SS Jim Jarvis,,,
1688,5213360970,dawgholiday,0,54.65,1B Bryce Harper 2B Angel Genao 3B Nick Gonzales C Jimmy Crooks OF Jake Bauers OF Heliot Ramos OF Lawrence Butler P Jacob Misiorowski P Jared Jones SS George Lombard Jr.,,,
1695,5212816201,Dakattack06,0,54.6,1B Alec Burleson 2B Ernie Clement 3B Ezequiel Duran C Salvador Perez OF Pete Crow-Armstrong OF Mickey Moniak OF Steven Kwan P Joey Cantillo P Jared Jones SS George Lombard Jr.,,,
1696,5213147220,BaltimoreBomberz,0,54.4,1B Alec Burleson 2B Travis Bazzana 3B Ezequiel Duran C Elias Diaz OF Pete Crow-Armstrong OF Ronald Acuna Jr. OF Mickey Moniak P Connor Prielipp P Kumar Rocker SS George Lombard Jr.,,,
1697,5212953315,Blackshirts21,0,54.2,1B Jac Caglianone 2B Nick Sogard 3B Nick Loftin C Salvador Perez OF Wilyer Abreu OF Jarren Duran OF Ronny Simon P Jesus Luzardo P Joey Cantillo SS Bobby Witt Jr.,,,
1698,5212954767,Jeffsouth009805,0,54.1,1B Nick Sogard 2B Anthony Seigler 3B Pedro Ramirez C Salvador Perez OF Pete Crow-Armstrong OF Ceddanne Rafaela OF Jarren Duran P Jacob Misiorowski P Ryan Gusto SS Andruw Monasterio,,,
1698,5213162590,rmfeel,0,54.1,1B Nick Sogard 2B Luis Arraez 3B Tommy White C Austin Wells OF Pete Crow-Armstrong OF Wilyer Abreu OF Ceddanne Rafaela P Jesus Luzardo P Kumar Rocker SS Andruw Monasterio,,,
1700,5213358761,gridirongrinder18,0,53.95,1B Josh Bell 2B Ernie Clement 3B Kazuma Okamoto C Agustin Ramirez OF Mike Trout OF Wilyer Abreu OF Michael Harris II P Jacob Misiorowski P Davis Martin SS George Lombard Jr.,,,
1701,5213067750,thack1217,0,53.85,1B Nathaniel Lowe 2B Nick Sogard 3B Nick Gonzales C Ivan Herrera OF Jac Caglianone OF Cole Carrigg OF Braden Montgomery P Jacob Misiorowski P Kumar Rocker SS Andruw Monasterio,,,
1701,5213330653,GLNMCNLL,0,53.85,1B Josh Bell 2B Luis Arraez 3B Jose Fermin C Salvador Perez OF Wilyer Abreu OF Jake McCarthy OF Cole Carrigg P Jacob Misiorowski P Kumar Rocker SS George Lombard Jr.,,,
1701,5213339148,klink,0,53.85,1B Jake Burger 2B Justin Foscue 3B Nick Loftin C Elias Diaz OF Bryce Harper OF Wyatt Langford OF Spencer Jones P Jacob Misiorowski P Kumar Rocker SS Corey Seager,,,
1704,5213339988,achris25,0,53.8,1B Ben Rice 2B Jazz Chisholm Jr. 3B Brooks Lee C Elias Diaz OF Kody Clemens OF Trent Grisham OF Trevor Larnach P Jared Jones P Randy Dobnak SS Corey Seager,,,
1705,5212371778,MogulMoney,0,53.65,1B Luis Garcia Jr. 2B Nick Sogard 3B Tommy White C Jonah Heim OF Trent Grisham OF Jarren Duran OF Henry Bolte P Jacob Misiorowski P Jared Jones SS Jacob Wilson,,,
1705,5212988848,expostulate,0,53.65,1B Kyle Stowers 2B Xavier Edwards 3B Denzer Guzman C Moises Ballesteros OF Mike Trout OF Wade Meckler OF Josh Lowe P Jacob Misiorowski P Jared Jones SS Otto Lopez,,,
1707,5212980279,Dricou,0,53.55,1B Willson Contreras 2B Nick Sogard 3B Ryan McMahon C Jimmy Crooks OF Wilyer Abreu OF Ceddanne Rafaela OF Spencer Jones P Jacob Misiorowski P Connor Prielipp SS Andruw Monasterio,,,
1708,5212949577,tianiapa,0,53.15,1B Ben Rice 2B Angel Genao 3B Kazuma Okamoto C Patrick Bailey OF Pete Crow-Armstrong OF Heliot Ramos OF Josh Lowe P Jacob Misiorowski P Randy Dobnak SS George Lombard Jr.,,,
1709,5212910224,Thomas2379,0,53,1B Luis Garcia Jr. 2B Luis Arraez 3B Willi Castro C Jonah Heim OF Ronald Acuna Jr. OF Heliot Ramos OF Isaac Collins P Jacob Misiorowski P Grant Holmes SS Ezequiel Tovar,,,
1710,5213203627,SnowGoon99,0,52.85,1B Willson Contreras 2B Nick Sogard 3B Nick Loftin C Salvador Perez OF Wilyer Abreu OF Ceddanne Rafaela OF Starling Marte P Jacob Misiorowski P Kumar Rocker SS Andruw Monasterio,,,
1710,5213253655,IChuckUpDaDeuces,0,52.85,1B Salvador Perez 2B Ronny Simon 3B Nick Loftin C Henry Davis OF Bryan Reynolds OF Ceddanne Rafaela OF Starling Marte P Jacob Misiorowski P Kumar Rocker SS Bobby Witt Jr.,,,
1712,5212792319,rschoon3,0,52.65,1B Willson Contreras 2B Nick Sogard 3B Ryan McMahon C Carson Kelly OF Wilyer Abreu OF Ceddanne Rafaela OF Justin Crawford P Jacob Misiorowski P Cade Povich SS Masyn Winn,,,
1713,5213263368,dannywightman,0,52.6,1B Alec Burleson 2B Xavier Edwards 3B Kazuma Okamoto C Luke Maile OF Jordan Walker OF Wilyer Abreu OF Brandon Nimmo P Jared Jones P Davis Martin SS Trea Turner,,,
1714,5213367804,fuhkyea,0,52.25,1B Jake Burger 2B Royce Lewis 3B Nick Gonzales C Jonah Heim OF Jordan Walker OF Jake Bauers OF Esmerlyn Valdez P Jared Jones P J.T. Ginn SS Dansby Swanson,,,
1715,5212726075,tbears,0,52.1,1B Jac Caglianone 2B Bryson Stott 3B Nick Gonzales C Gary Sanchez OF Bryce Harper OF Mike Trout OF Bryan Reynolds P Randy Dobnak P Davis Martin SS Andruw Monasterio,,,
1716,5213349570,jgbillscuse,0,52,1B Willson Contreras 2B Nick Sogard 3B Nick Loftin C Jimmy Crooks OF Wilyer Abreu OF Jac Caglianone OF Jarren Duran P Jacob Misiorowski P Grant Holmes SS Andruw Monasterio,,,
1717,5212861558,lojack18,0,51.95,1B Luis Garcia Jr. 2B Xavier Edwards 3B Miguel Vargas C Hayden Senger OF Garrett Mitchell OF Jo Adell OF Christian Moore P Jacob Misiorowski P Davis Martin SS Zach Neto,,,
1717,5212940107,mgelfand530,0,51.95,1B Luis Garcia Jr. 2B Ronny Simon 3B Nick Gonzales C Rafael Flores Jr. OF Bryce Harper OF Spencer Jones OF Wade Meckler P Jacob Misiorowski P Joey Cantillo SS George Lombard Jr.,,,
1719,5213353581,daniemk101,0,51.9,1B Royce Lewis 2B Nick Sogard 3B Kyle Karros C Jake Rogers OF Bryan Reynolds OF Jake McCarthy OF Sam Antonacci P Jesus Luzardo P Jared Jones SS Trea Turner,,,
1720,5213133811,alterego1718,0,51.85,1B Nolan Schanuel 2B Nick Sogard 3B Kyle Karros C Moises Ballesteros OF Wilyer Abreu OF Ceddanne Rafaela OF Jarren Duran P Jacob Misiorowski P Kumar Rocker SS Zach Neto,,,
1721,5213083655,bobmc3269,0,51.65,1B Andrew Vaughn 2B Xavier Edwards 3B Kyle Karros C Ivan Herrera OF Jarren Duran OF Jakob Marsee OF Steven Kwan P Jacob Misiorowski P Jared Jones SS Corey Seager,,,
1722,5213268864,Beastcall,0,51.300003,1B TJ Rumfield 2B Luis Arraez 3B Nick Gonzales C Drake Baldwin OF Bryce Harper OF Jake McCarthy OF Carson Benge P Matthew Boyd P Kumar Rocker SS Andruw Monasterio,,,
1723,5212470810,spundin,0,50.85,1B Nick Sogard 2B Bryson Stott 3B Ezequiel Duran C Jimmy Crooks OF Wilyer Abreu OF Ceddanne Rafaela OF Jarren Duran P Jacob Misiorowski P Kumar Rocker SS Andruw Monasterio,,,
1723,5213308710,BAldous12,0,50.85,1B Salvador Perez 2B Luis Arraez 3B Ernie Clement C Alejandro Kirk OF Ceddanne Rafaela OF Jarren Duran OF Angel Martinez P Jacob Misiorowski P Kumar Rocker SS Jacob Wilson,,,
1725,5213268748,Vinnymoore,0,50.75,1B Willson Contreras 2B Anthony Seigler 3B Bryson Stott C J.T. Realmuto OF Bryce Harper OF Wilyer Abreu OF Ceddanne Rafaela P Jared Jones P Ryan Gusto SS Trea Turner,,,
1726,5212800434,LakeBum23,0,50.7,1B Ben Rice 2B Anthony Seigler 3B Ryan McMahon C Austin Wells OF Wilyer Abreu OF Ceddanne Rafaela OF Jarren Duran P Jacob Misiorowski P Grayson Rodriguez SS Andruw Monasterio,,,
1727,5212978760,jlouie30,0,50.65,1B Willson Contreras 2B Anthony Seigler 3B Nick Loftin C Jake Rogers OF Wilyer Abreu OF Ceddanne Rafaela OF Starling Marte P Jacob Misiorowski P Jared Jones SS Tyler Tolbert,,,
1727,5213331363,uthomer,0,50.65,1B Michael Busch 2B Xavier Edwards 3B Nick Gonzales C Elias Diaz OF Heliot Ramos OF Braden Montgomery OF Randal Grichuk P Jacob Misiorowski P Jared Jones SS Ezequiel Duran,,,
1729,5212782414,gambit636,0,50.35,1B Willson Contreras 2B Anthony Seigler 3B Alex Bregman C Edgar Quero OF Pete Crow-Armstrong OF Ronald Acuna Jr. OF Ceddanne Rafaela P Jared Jones P Grayson Rodriguez SS Jacob Wilson,,,
1730,5212980010,mollyballs,0,49.85,1B Luis Garcia Jr. 2B Jazz Chisholm Jr. 3B Ryan McMahon C Austin Wells OF Bryce Harper OF Ceddanne Rafaela OF Brandon Marsh P Jacob Misiorowski P Kumar Rocker SS George Lombard Jr.,,,
1730,5213336781,rgupta074,0,49.85,1B Willson Contreras 2B Anthony Seigler 3B Nick Loftin C Salvador Perez OF Wilyer Abreu OF Jarren Duran OF Steven Kwan P Jacob Misiorowski P Kumar Rocker SS Andruw Monasterio,,,
1732,5212775030,DeckinIt27,0,49.65,1B TJ Rumfield 2B Nick Sogard 3B Coby Mayo C Moises Ballesteros OF Jackson Chourio OF Esmerlyn Valdez OF Jo Adell P Jacob Misiorowski P Jared Jones SS George Lombard Jr.,,,
1732,5213094826,Mr.StealYoMeal,0,49.65,1B Andrew Vaughn 2B Jazz Chisholm Jr. 3B Ryan McMahon C Gary Sanchez OF Mickey Moniak OF Jake McCarthy OF Nathan Church P Jacob Misiorowski P Jared Jones SS George Lombard Jr.,,,
1734,5213114552,Troy8080,0,48.85,1B Michael Busch 2B Ronny Simon 3B Nick Gonzales C Jake Rogers OF Wilyer Abreu OF Ceddanne Rafaela OF Jarren Duran P Jacob Misiorowski P Kumar Rocker SS Andruw Monasterio,,,
1735,5212853110,ajbryk,0,48.65,1B Paul Goldschmidt 2B Jazz Chisholm Jr. 3B Alex Bregman C Austin Wells OF Mickey Moniak OF Jake McCarthy OF Jordan Beck P Jacob Misiorowski P Jared Jones SS George Lombard Jr.,,,
1736,5213343676,DaksOut4Harambe,0,48.1,1B Ben Rice 2B Jazz Chisholm Jr. 3B Denzer Guzman C Moises Ballesteros OF Mike Trout OF Trent Grisham OF Wade Meckler P Matthew Boyd P Jared Jones SS Zach Neto,,,
1736,5213355712,ballerzzz,0,48.1,1B Willson Contreras 2B Nick Sogard 3B Nick Loftin C Jimmy Crooks OF Wilyer Abreu OF Mickey Moniak OF Ceddanne Rafaela P Jacob Misiorowski P Ryan Gusto SS Andruw Monasterio,,,
1738,5213250419,lumppology,0,47.95,1B Nick Sogard 2B Xavier Edwards 3B Nick Loftin C Salvador Perez OF Wilyer Abreu OF Ceddanne Rafaela OF Jarren Duran P Jacob Misiorowski P Davis Martin SS Masyn Winn,,,
1739,5213105416,LittleManatee,0,47.85,1B Willson Contreras 2B Nick Sogard 3B David Hamilton C Gary Sanchez OF Wilyer Abreu OF Jarren Duran OF Brandon Lockridge P Jacob Misiorowski P Kumar Rocker SS Andruw Monasterio,,,
1740,5212949210,t4rmalief,0,47,1B Munetaka Murakami 2B Nick Sogard 3B Miguel Vargas C Jake Rogers OF Wilyer Abreu OF Jac Caglianone OF Brenton Doyle P Gavin Williams P Sandy Alcantara SS Andruw Monasterio,,,
1741,5213302707,logandryden1,0,46.85,1B Jac Caglianone 2B Nick Sogard 3B Ryan McMahon C Austin Wells OF Pete Crow-Armstrong OF Wilyer Abreu OF Spencer Jones P Jacob Misiorowski P Kumar Rocker SS Andruw Monasterio,,,
1742,5213357059,mammen,0,46.1,1B Bryce Harper 2B Luis Arraez 3B Alec Bohm C William Contreras OF Wilyer Abreu OF Ceddanne Rafaela OF Brandon Marsh P Kumar Rocker P Michael McGreevy SS Trea Turner,,,
1742,5213365519,adavison,0,46.1,1B Willson Contreras 2B Nick Sogard 3B Ernie Clement C Austin Wells OF Wilyer Abreu OF Jarren Duran OF Heliot Ramos P Cam Schlittler P Jared Jones SS Andruw Monasterio,,,
1744,5213366854,buddybinks777,0,45.9,1B Jac Caglianone 2B Xavier Edwards 3B Nick Gonzales C Austin Wells OF Pete Crow-Armstrong OF Jackson Chourio OF Jordan Walker P Jared Jones P Michael McGreevy SS George Lombard Jr.,,,
1745,5213328787,NicKKo03,0,45.8,1B TJ Rumfield 2B Nick Sogard 3B Nick Gonzales C Salvador Perez OF Pete Crow-Armstrong OF Carson Benge OF Steven Kwan P Joey Cantillo P Shane Bieber SS Bobby Witt Jr.,,,
1746,5213142480,floydian80,0,45.65,1B Willson Contreras 2B Nick Sogard 3B Kazuma Okamoto C Jonah Heim OF Jarren Duran OF Lawrence Butler OF Eli White P Jacob Misiorowski P Jared Jones SS Andruw Monasterio,,,
1747,5213366294,walletinspector,0,45.1,1B Jake Burger 2B Nick Sogard 3B Ezequiel Duran C Drake Baldwin OF Ronald Acuna Jr. OF Wyatt Langford OF Brandon Nimmo P Matthew Boyd P Jared Jones SS Corey Seager,,,
1748,5212791439,dongta,0,44.85,1B Andrew Vaughn 2B Nick Sogard 3B Kyle Karros C Ivan Herrera OF Wilyer Abreu OF Ceddanne Rafaela OF Jarren Duran P Jacob Misiorowski P Kumar Rocker SS Andruw Monasterio,,,
1749,5213039065,vigiljp05,0,44.65,1B Salvador Perez 2B Nick Sogard 3B Ryan McMahon C Miguel Amaya OF Wilyer Abreu OF Ceddanne Rafaela OF Jarren Duran P Jacob Misiorowski P Jared Jones SS Andruw Monasterio,,,
1750,5213085923,tds1956,0,44.5,1B TJ Rumfield 2B Brice Turang 3B Nick Gonzales C Hunter Goodman OF Jake McCarthy OF Esmerlyn Valdez OF Cole Carrigg P Jared Jones P Kumar Rocker SS Masyn Winn,,,
1751,5213316734,Paperhungry,0,43.85,1B Willson Contreras 2B Adam Frazier 3B Denzer Guzman C Moises Ballesteros OF Wilyer Abreu OF Ceddanne Rafaela OF Jarren Duran P Jacob Misiorowski P Shane Bieber SS Andruw Monasterio,,,
1752,5213037696,Mcleon1968,0,42.9,1B TJ Rumfield 2B Ronny Simon 3B Nick Gonzales C Jimmy Crooks OF Bryan Reynolds OF Jake McCarthy OF Esmerlyn Valdez P Jesus Luzardo P Jared Jones SS Trea Turner,,,
1753,5213159718,jtsteam2012,0,42.5,1B Willson Contreras 2B Nick Sogard 3B Alex Bregman C J.T. Realmuto OF Bryce Harper OF Wilyer Abreu OF Michael Conforto P Jared Jones P Kumar Rocker SS Trea Turner,,,
1754,5213279293,gschmidt82,0,41.95,1B Willson Contreras 2B Nick Sogard 3B Miguel Vargas C Drake Baldwin OF Pete Crow-Armstrong OF Wilyer Abreu OF Ceddanne Rafaela P Kumar Rocker P Ryan Gusto SS Andruw Monasterio,,,
1755,5212898030,yodakk,0,41.85,1B Nick Sogard 2B Jazz Chisholm Jr. 3B Ezequiel Duran C Jake Rogers OF Wilyer Abreu OF Ceddanne Rafaela OF Jarren Duran P Jacob Misiorowski P Kumar Rocker SS George Lombard Jr.,,,
1756,5213285165,Chewdog68,0,41.65,1B TJ Rumfield 2B Anthony Seigler 3B Kyle Karros C Salvador Perez OF Ceddanne Rafaela OF Jake McCarthy OF Chase DeLauter P Jacob Misiorowski P Jared Jones SS George Lombard Jr.,,,
1757,5213355580,craigstaz28,0,41.300003,1B Luis Garcia Jr. 2B Luis Arraez 3B Miguel Vargas C William Contreras OF Tyler Soderstrom OF Esmerlyn Valdez OF Jarren Duran P Matthew Boyd P Kumar Rocker SS Andruw Monasterio,,,
1758,5213229440,LyonCubs,0,40.85,1B Willson Contreras 2B Nick Sogard 3B Ryan McMahon C J.T. Realmuto OF Wilyer Abreu OF Ceddanne Rafaela OF Spencer Jones P Jacob Misiorowski P Kumar Rocker SS Andruw Monasterio,,,
1759,5213298888,Notchy22,0,40.65,1B Andrew Vaughn 2B Brice Turang 3B Jared Triolo C William Contreras OF Jackson Chourio OF Brandon Lockridge OF Ronny Simon P Jacob Misiorowski P Jared Jones SS George Lombard Jr.,,,
1760,5212701162,bsuperak,0,39.65,1B Andrew Vaughn 2B Ronny Simon 3B Nick Gonzales C Rafael Flores Jr. OF Bryan Reynolds OF Esmerlyn Valdez OF Trent Grisham P Jacob Misiorowski P Jared Jones SS George Lombard Jr.,,,
1761,5213082543,yanier.t,0,37.9,1B Luis Garcia Jr. 2B Jazz Chisholm Jr. 3B Nick Gonzales C Salvador Perez OF Mickey Moniak OF Heliot Ramos OF Spencer Jones P Jesus Luzardo P Jared Jones SS George Lombard Jr.,,,
1762,5213193525,Ibn1031,0,37.85,1B Nick Sogard 2B Anthony Seigler 3B Ryan McMahon C Austin Wells OF Wilyer Abreu OF Ceddanne Rafaela OF Jarren Duran P Jacob Misiorowski P Kumar Rocker SS Bobby Witt Jr.,,,
1763,5212997822,raxman190,0,36.9,1B Jac Caglianone 2B Nick Sogard 3B Tommy White C Salvador Perez OF Wilyer Abreu OF Ceddanne Rafaela OF Jarren Duran P Jesus Luzardo P Jared Jones SS Andruw Monasterio,,,
1764,5213075946,joltman1974,0,36.65,1B Luis Garcia Jr. 2B Ronny Simon 3B Nick Gonzales C Rafael Flores Jr. OF Esmerlyn Valdez OF Trent Grisham OF Spencer Jones P Jacob Misiorowski P Jared Jones SS George Lombard Jr.,,,
1765,5213176273,engelg,0,35.85,1B Willson Contreras 2B Nick Sogard 3B Nick Loftin C Drake Baldwin OF Ceddanne Rafaela OF Jarren Duran OF Brett Bateman P Jacob Misiorowski P Kumar Rocker SS Andruw Monasterio,,,
1766,5213344952,toddosu,0,35.6,1B Nathaniel Lowe 2B Travis Bazzana 3B Jose Ramirez C Moises Ballesteros OF Pete Crow-Armstrong OF Chase DeLauter OF Jo Adell P Joey Cantillo P Jared Jones SS George Lombard Jr.,,,
1767,5212967905,driley,0,34.65,1B Kyle Manzardo 2B Brandon Lowe 3B Blaze Jordan C Henry Davis OF Bryan Reynolds OF Esmerlyn Valdez OF Jake Mangum P Jacob Misiorowski P Jared Jones SS George Lombard Jr.,,,
1768,5212845026,Ozbo81,0,34.6,1B Jac Caglianone 2B Ozzie Albies 3B Addison Barger C Gary Sanchez OF Bryan Reynolds OF Wilyer Abreu OF Mickey Moniak P Davis Martin P Cade Povich SS Ezequiel Duran,,,
1768,5213361654,davidga1958,0,34.6,1B Ben Rice 2B Ernie Clement 3B Ezequiel Duran C Drake Baldwin OF Pete Crow-Armstrong OF Trevor Larnach OF Wade Meckler P Jared Jones P Davis Martin SS Gunnar Henderson,,,
1770,5212716147,8Leggedape,0,34.3,1B Willson Contreras 2B Luis Arraez 3B Bryson Stott C Jake Rogers OF Bryce Harper OF Ceddanne Rafaela OF Jarren Duran P Jared Jones P Cade Povich SS Trea Turner,,,
1771,5213125873,discgolfer,0,33.6,1B Nick Sogard 2B Luis Arraez 3B Bryson Stott C Luke Maile OF Bryce Harper OF Wilyer Abreu OF Ceddanne Rafaela P Joey Cantillo P Jared Jones SS Andruw Monasterio,,,
1772,5212886440,TwoHearted,0,32.85,1B Nick Sogard 2B Jonathan Ornelas 3B Nick Loftin C Jake Rogers OF Wilyer Abreu OF Ceddanne Rafaela OF Jarren Duran P Jacob Misiorowski P Kumar Rocker SS Bobby Witt Jr.,,,
1772,5213302798,nauldyboy,0,32.85,1B Andrew Vaughn 2B Nick Sogard 3B David Hamilton C William Contreras OF Wilyer Abreu OF Ceddanne Rafaela OF Luis Lara P Jacob Misiorowski P Kumar Rocker SS Andruw Monasterio,,,
1774,5212703920,Nastyn8stabby,0,31.5,1B Nathaniel Lowe 2B Travis Bazzana 3B Tommy White C Salvador Perez OF Pete Crow-Armstrong OF Jordan Walker OF Henry Bolte P Jared Jones P Kumar Rocker SS Bobby Witt Jr.,,,
1775,5213221888,tightenUPson,0,27.599998,1B Luis Garcia Jr. 2B Luis Arraez 3B Bryson Stott C Gary Sanchez OF Michael Harris II OF Jarren Duran OF Masataka Yoshida P Joey Cantillo P Jared Jones SS George Lombard Jr.,,,
1776,5213216980,moldova,0,27.5,1B Matt Olson 2B Ozzie Albies 3B Austin Riley C Ivan Herrera OF Ronald Acuna Jr. OF Ceddanne Rafaela OF Michael Harris II P Jared Jones P Kumar Rocker SS Andruw Monasterio,,,
1777,5213339580,pd1956,0,24.599998,1B Royce Lewis 2B Justin Foscue 3B Willi Castro C Jonah Heim OF Ronald Acuna Jr. OF Jac Caglianone OF Jake McCarthy P Joey Cantillo P Jared Jones SS Andruw Monasterio,,,
1778,5212323027,lexdiz82,0,0,,,,
1778,5212851882,danblah25,0,0,,,,
1778,5212890394,shooberto,0,0,,,,
1778,5212959632,Dybdahl21,0,0,,,,
1778,5212992186,pittwho70,0,0,,,,
1778,5213262116,arepea,0,0,,,,
