Rank,EntryId,EntryName,TimeRemaining,Points,Lineup,,Player,Roster Position,%Drafted,FPTS
1,5214946337,stock2mail (13/20),0,166.6,1B Joc Pederson 2B Ketel Marte 3B Junior Caminero C Gabriel Moreno OF Lars Nootbaar OF Victor Mesa Jr. OF Corbin Carroll P Blake Snell P Mitch Bratt SS Taylor Walls,,Hunter Brown,P,49.80%,8.45
2,5215222559,DrNickIsIn (19/20),0,163.45,1B Ty France 2B Ildemaro Vargas 3B Yandy Diaz C Luis Campusano OF Luis Rengifo OF Yordan Alvarez OF Jackson Merrill P Nick Martinez P Mitch Bratt SS Taylor Walls,,Blake Snell,P,37.15%,29.1
3,5215044009,whoisjohngalt420 (8/20),0,162.6,1B Tim Tawa 2B Ketel Marte 3B Junior Caminero C Gabriel Moreno OF Lars Nootbaar OF Victor Mesa Jr. OF Corbin Carroll P Blake Snell P Mitch Bratt SS Taylor Walls,,Corey Seager,SS,35.53%,0
4,5215401276,jnwallen (9/17),0,157.6,1B Yandy Diaz 2B Richie Palacios 3B Junior Caminero C Liam Hicks OF Kyle Tucker OF Alex Call OF Victor Mesa Jr. P Blake Snell P Mitch Bratt SS Mookie Betts,,Mitch Bratt,P,34.25%,14.5
5,5215346447,LOCNOTM (19/20),0,156.55,1B Yandy Diaz 2B Richie Palacios 3B Junior Caminero C Austin Wynns OF Brandon Nimmo OF Alex Call OF Victor Mesa Jr. P Blake Snell P Hunter Brown SS Taylor Walls,,Cody Bradford,P,28.77%,7.55
6,5215235868,A.Burgos930 (7/20),0,155.6,1B Yandy Diaz 2B Ketel Marte 3B Nolan Arenado C Gabriel Moreno OF Lars Nootbaar OF Victor Mesa Jr. OF Corbin Carroll P Blake Snell P Mitch Bratt SS Taylor Walls,,Brandon Nimmo,OF,25.91%,8
6,5215416157,UniversalFriend (2/20),0,155.6,1B Yandy Diaz 2B Ketel Marte 3B Junior Caminero C James McCann OF Lars Nootbaar OF Victor Mesa Jr. OF Chandler Simpson P Blake Snell P Mitch Bratt SS Taylor Walls,,Corbin Carroll,OF,25.77%,14
8,5215075984,ivymoose (14/20),0,153.85,1B Jonathan Aranda 2B Ketel Marte 3B Junior Caminero C James McCann OF Victor Mesa Jr. OF Corbin Carroll OF Chandler Simpson P Blake Snell P Ryan Johnson SS Taylor Walls,,Junior Caminero,3B,24.97%,20
9,5215643004,bassguy39 (14/15),0,151.85,1B Yandy Diaz 2B Richie Palacios 3B Junior Caminero C Yainer Diaz OF Shohei Ohtani OF Victor Mesa Jr. OF Cam Smith P Blake Snell P Ryan Johnson SS Taylor Walls,,Jonathan Aranda,1B,24.76%,2
10,5215075976,ivymoose (6/20),0,151.6,1B Jonathan Aranda 2B Ketel Marte 3B Yandy Diaz C James McCann OF Victor Mesa Jr. OF Corbin Carroll OF Chandler Simpson P Blake Snell P Mitch Bratt SS Taylor Walls,,Chandler Simpson,OF,23.38%,8
10,5215362328,Daily_Big_Kahuna (2/5),0,151.6,1B Liam Hicks 2B Ketel Marte 3B Nolan Arenado C Gabriel Moreno OF Victor Mesa Jr. OF Corbin Carroll OF Chandler Simpson P Blake Snell P Mitch Bratt SS Taylor Walls,,Ketel Marte,2B,22.95%,17
12,5215027701,morrisnick77,0,151.4,1B Jac Caglianone 2B Ketel Marte 3B Yandy Diaz C Gabriel Moreno OF Austin Hays OF Victor Mesa Jr. OF Henry Bolte P Nick Martinez P Hunter Brown SS Taylor Walls,,Lars Nootbaar,OF,21.57%,0
13,5215381384,FunkyKong (6/20),0,151.05,1B Joc Pederson 2B Vaughn Grissom 3B Kyle Karros C Hunter Goodman OF Jake McCarthy OF Mickey Moniak OF Cole Carrigg P Blake Snell P Nick Martinez SS Taylor Walls,,Wyatt Langford,OF,21.10%,0
14,5215029971,az350z (19/20),0,150.35,1B Ty France 2B Richie Palacios 3B Junior Caminero C Luis Campusano OF Luis Rengifo OF Fernando Tatis Jr. OF Chandler Simpson P Tomoyuki Sugano P Hunter Brown SS Ezequiel Tovar,,Liam Hicks,C,21.03%,6
15,5215121864,thundrenterprises (8/20),0,149.65,1B Jeff McNeil 2B Ketel Marte 3B Junior Caminero C Gabriel Moreno OF Lawrence Butler OF Zack Gelof OF Victor Mesa Jr. P Blake Snell P Cody Bradford SS Taylor Walls,,Joc Pederson,1B,19.85%,20
16,5215039605,Satch65 (14/20),0,149.6,1B Yandy Diaz 2B Ketel Marte 3B Ezequiel Duran C Gabriel Moreno OF Lars Nootbaar OF Victor Mesa Jr. OF Corbin Carroll P Blake Snell P Mitch Bratt SS Taylor Walls,,Kyle Harrison,P,19.45%,-7.3
16,5215045703,FoxyGrandpa252 (5/20),0,149.6,1B Yandy Diaz 2B Ketel Marte 3B Nolan Arenado C Gabriel Moreno OF Cedric Mullins OF Victor Mesa Jr. OF Chandler Simpson P Blake Snell P Mitch Bratt SS Taylor Walls,,Jeff McNeil,2B,17.40%,3
18,5215346436,LOCNOTM (8/20),0,149.55,1B Joc Pederson 2B Richie Palacios 3B Junior Caminero C Austin Wynns OF Brandon Nimmo OF Cedric Mullins OF Victor Mesa Jr. P Blake Snell P Hunter Brown SS Taylor Walls,,Shohei Ohtani,OF,16.25%,2
19,5215621042,Makin-A-Run (4/20),0,148.95,1B Joc Pederson 2B Richie Palacios 3B Junior Caminero C Liam Hicks OF Lawrence Butler OF Corbin Carroll OF Chandler Simpson P Hunter Brown P Mitch Bratt SS Taylor Walls,,Gabriel Moreno,C,15.61%,3
20,5215023013,jw1984 (8/20),0,148.6,1B Joc Pederson 2B Jeff McNeil 3B Junior Caminero C Liam Hicks OF Shohei Ohtani OF Lawrence Butler OF Chandler Simpson P Blake Snell P Mitch Bratt SS Taylor Walls,,James McCann,C,15.51%,0
20,5215359191,Cuscus3 (4/20),0,148.6,1B Yandy Diaz 2B Jeff McNeil 3B Junior Caminero C Liam Hicks OF Carlos Cortes OF Victor Mesa Jr. OF Wyatt Langford P Blake Snell P Mitch Bratt SS Taylor Walls,,Victor Mesa Jr.,OF,14.03%,19
22,5215651668,colbyhornet (9/20),0,146.6,1B Yandy Diaz 2B Richie Palacios 3B Manny Machado C Liam Hicks OF Jose Siri OF Fernando Tatis Jr. OF Chandler Simpson P Blake Snell P Mitch Bratt SS Taylor Walls,,Yandy Diaz,3B,13.49%,18
23,5215063762,codyewell (12/20),0,146.05,1B Jonathan Aranda 2B Ketel Marte 3B Yandy Diaz C Austin Wynns OF Cedric Mullins OF Victor Mesa Jr. OF Corbin Carroll P Blake Snell P Carson Whisenhunt SS Taylor Walls,,Austin Wynns,C,13.16%,3
24,5215409971,jnwallen (11/17),0,145.6,1B Yandy Diaz 2B Oswald Peraza 3B Junior Caminero C Liam Hicks OF Mike Trout OF Jose Siri OF Victor Mesa Jr. P Blake Snell P Mitch Bratt SS Taylor Walls,,Taylor Walls,SS,12.48%,30
25,5215512856,TwoHearted (17/20),0,145.05,1B Jonathan Aranda 2B Ketel Marte 3B Junior Caminero C Gabriel Moreno OF Lars Nootbaar OF Corbin Carroll OF Tim Tawa P Blake Snell P Carson Whisenhunt SS Taylor Walls,,Evan Carter,OF,11.64%,0
26,5215487713,mlief (14/20),0,144.54999,1B Christian Walker 2B Ketel Marte 3B Nolan Arenado C James McCann OF Victor Mesa Jr. OF Corbin Carroll OF Tim Tawa P Blake Snell P Hunter Brown SS Taylor Walls,,Nolan Arenado,3B,11.34%,11
27,5214982198,Swishdakyng (6/20),0,144.05,1B Jake Burger 2B Ketel Marte 3B Junior Caminero C Austin Wynns OF Kyle Tucker OF Andy Pages OF Tim Tawa P Blake Snell P Nick Martinez SS Mookie Betts,,Richie Palacios,2B,11.10%,12
28,5215672206,SMU71,0,143.5,1B Joc Pederson 2B Vaughn Grissom 3B Nolan Arenado C Luis Campusano OF Yordan Alvarez OF Corbin Carroll OF Wyatt Langford P Nick Martinez P Cody Bradford SS Mookie Betts,,Jose Altuve,2B,10.80%,2
29,5215708496,sportsfan14 (3/20),0,142.65,1B Jonathan Aranda 2B Donovan Walton 3B Yandy Diaz C Hunter Goodman OF Lawrence Butler OF Victor Mesa Jr. OF Chandler Simpson P Blake Snell P Cody Bradford SS Taylor Walls,,Jeremy Pena,SS,10.60%,0
30,5215686586,woodreb5 (14/20),0,142.54999,1B Tim Tawa 2B Ketel Marte 3B Nolan Arenado C James McCann OF Lawrence Butler OF Zack Gelof OF Corbin Carroll P Blake Snell P Hunter Brown SS Mookie Betts,,Cedric Mullins,OF,10.50%,0
31,5215392765,BChad24,0,142.5,1B Freddie Freeman 2B Ketel Marte 3B Junior Caminero C Liam Hicks OF Austin Hays OF Victor Mesa Jr. OF Cam Smith P Nick Martinez P Cody Bradford SS Taylor Walls,,Zach Neto,SS,10.36%,17
32,5215026859,Minlaian1000,0,141.6,1B Yandy Diaz 2B Ildemaro Vargas 3B Junior Caminero C Gabriel Moreno OF Victor Mesa Jr. OF Chandler Simpson OF Ryan Waldschmidt P Blake Snell P Mitch Bratt SS Taylor Walls,,Kyle Tucker,OF,10.23%,4
33,5215653324,FantasyCrusader (3/4),0,141.45,1B Yandy Diaz 2B Ketel Marte 3B Max Muncy C Liam Hicks OF Lars Nootbaar OF Corbin Carroll OF Chandler Simpson P Nick Martinez P Mitch Bratt SS Taylor Walls,,Mookie Betts,SS,10.23%,26
34,5215116865,Ctracefan (6/20),0,140.65,1B Bryce Eldridge 2B Ketel Marte 3B Nolan Arenado C Gabriel Moreno OF Lars Nootbaar OF Victor Mesa Jr. OF Corbin Carroll P Blake Snell P Cody Bradford SS Mookie Betts,,Brice Turang,2B,10.13%,7
34,5215512858,TwoHearted (19/20),0,140.65,1B Joc Pederson 2B Richie Palacios 3B Yandy Diaz C Austin Wynns OF Shohei Ohtani OF Cedric Mullins OF Victor Mesa Jr. P Blake Snell P Cody Bradford SS Taylor Walls,,Ezequiel Duran,3B,10.09%,5
36,5215652424,ma15102 (8/20),0,140.6,1B Joc Pederson 2B Ketel Marte 3B Max Muncy C Gabriel Moreno OF Lars Nootbaar OF Lawrence Butler OF Corbin Carroll P Blake Snell P Mitch Bratt SS Zach Neto,,Isaac Paredes,3B,10.03%,6
37,5215063754,codyewell (4/20),0,140.54999,1B Jeff McNeil 2B Donovan Walton 3B Yandy Diaz C Liam Hicks OF Lawrence Butler OF Victor Mesa Jr. OF Chandler Simpson P Blake Snell P Hunter Brown SS Taylor Walls,,Andy Pages,OF,9.62%,5
38,5215651700,knox314 (16/20),0,140.45,1B Yandy Diaz 2B Ketel Marte 3B Junior Caminero C Gabriel Moreno OF Lars Nootbaar OF Corbin Carroll OF Ryan Waldschmidt P Nick Martinez P Mitch Bratt SS Taylor Walls,,Yordan Alvarez,OF,8.75%,6
39,5215158355,73pd2x (5/20),0,140.35,1B Yandy Diaz 2B Jeff McNeil 3B Junior Caminero C Liam Hicks OF Carlos Cortes OF Lawrence Butler OF Chandler Simpson P Walker Buehler P Hunter Brown SS Taylor Walls,,Max Muncy,3B,8.65%,10
40,5215359189,Cuscus3 (2/20),0,139.85,1B Jonathan Aranda 2B Ketel Marte 3B Yandy Diaz C Liam Hicks OF Corbin Carroll OF Jordan Beck OF Chandler Simpson P Blake Snell P Ryan Johnson SS Mookie Betts,,Nick Martinez,P,7.64%,23.95
40,5215717609,Mrkvs (4/12),0,139.85,1B Jonathan Aranda 2B Ketel Marte 3B Yandy Diaz C James McCann OF Shohei Ohtani OF Victor Mesa Jr. OF Chandler Simpson P Blake Snell P Ryan Johnson SS Taylor Walls,,Ryan Johnson,P,7.40%,14.75
42,5215164378,melvincali (14/20),0,139.65,1B Yandy Diaz 2B Richie Palacios 3B Junior Caminero C James McCann OF Jihwan Bae OF Victor Mesa Jr. OF Jackson Chourio P Blake Snell P Cody Bradford SS Taylor Walls,,Hunter Goodman,C,7.17%,10
43,5215652432,ma15102 (16/20),0,139.6,1B Joc Pederson 2B Ketel Marte 3B Junior Caminero C Moises Ballesteros OF Lars Nootbaar OF Corbin Carroll OF Chandler Simpson P Blake Snell P Mitch Bratt SS Zach Neto,,Jake McCarthy,OF,7.07%,0
43,5215652433,ma15102 (17/20),0,139.6,1B Joc Pederson 2B Ketel Marte 3B Junior Caminero C James McCann OF Brandon Nimmo OF Lars Nootbaar OF Corbin Carroll P Blake Snell P Mitch Bratt SS Zach Neto,,Jackson Chourio,OF,7.03%,2
45,5215251223,Wanna_Square_Up1567 (14/20),0,139.45,1B Yandy Diaz 2B Ketel Marte 3B Junior Caminero C Gabriel Moreno OF Cedric Mullins OF Victor Mesa Jr. OF Chandler Simpson P Mitch Bratt P Carson Whisenhunt SS Mookie Betts,,Freddie Freeman,1B,6.83%,2
46,5215621043,Makin-A-Run (5/20),0,139.2,1B Yandy Diaz 2B Richie Palacios 3B Junior Caminero C Liam Hicks OF Lars Nootbaar OF Lawrence Butler OF Corbin Carroll P Hunter Brown P Ryan Johnson SS Taylor Walls,,Christian Walker,1B,6.76%,0
47,5215416171,UniversalFriend (16/20),0,138.85,1B Yandy Diaz 2B Willi Castro 3B Kyle Karros C Hunter Goodman OF Jake McCarthy OF Victor Mesa Jr. OF Cole Carrigg P Blake Snell P Ryan Johnson SS Zach Neto,,Jake Burger,1B,6.53%,0
48,5215063765,codyewell (15/20),0,138.65,1B Yandy Diaz 2B Richie Palacios 3B Junior Caminero C Austin Wynns OF Cedric Mullins OF Corbin Carroll OF Jordan Beck P Blake Snell P Cody Bradford SS Taylor Walls,,Cam Smith,OF,6.53%,5
49,5215215686,mertqq40 (2/5),0,138.6,1B Jonathan Aranda 2B Jose Altuve 3B Junior Caminero C James McCann OF Victor Mesa Jr. OF Corbin Carroll OF Chandler Simpson P Blake Snell P Mitch Bratt SS Taylor Walls,,Mike Trout,OF,6.46%,9
50,5214993726,micahw4,0,138.54999,1B Yandy Diaz 2B Jeff McNeil 3B Junior Caminero C Austin Wynns OF Victor Mesa Jr. OF Evan Carter OF Chandler Simpson P Blake Snell P Hunter Brown SS Taylor Walls,,Yandy Diaz,1B,6.36%,18
51,5215383657,Fluffhead017 (4/20),0,138.2,1B Jonathan Aranda 2B Ketel Marte 3B Yandy Diaz C Salvador Perez OF Victor Mesa Jr. OF Corbin Carroll OF Chandler Simpson P Hunter Brown P Ryan Johnson SS Taylor Walls,,Shohei Ohtani,1B,6.09%,2
52,5215696694,mrfb (19/20),0,138.05,1B Ty France 2B Brice Turang 3B Manny Machado C Luis Campusano OF Jake Bauers OF Fernando Tatis Jr. OF Jackson Merrill P Cody Bradford P Mitch Bratt SS Taylor Walls,,Zack Gelof,OF,5.52%,5
53,5215063761,codyewell (11/20),0,138,1B Joc Pederson 2B Jeff McNeil 3B Junior Caminero C Liam Hicks OF Lawrence Butler OF Victor Mesa Jr. OF Chandler Simpson P Cody Bradford P Hunter Brown SS Taylor Walls,,Lawrence Butler,OF,5.28%,16
53,5215113515,milligolf (18/20),0,138,1B Ty France 2B Ketel Marte 3B Yandy Diaz C James McCann OF Cedric Mullins OF Lars Nootbaar OF Corbin Carroll P Blake Snell P Walker Buehler SS Taylor Walls,,Zack Gelof,3B,5.25%,5
55,5215387649,mnmranch2011 (1/2),0,137.95,1B Joc Pederson 2B Ketel Marte 3B Yandy Diaz C Gabriel Moreno OF Victor Mesa Jr. OF Chandler Simpson OF Wyatt Langford P Hunter Brown P Mitch Bratt SS Taylor Walls,,Ben Rortvedt,C,5.22%,0
55,5215387657,mnmranch2011 (2/2),0,137.95,1B Joc Pederson 2B Ketel Marte 3B Yandy Diaz C Gabriel Moreno OF Victor Mesa Jr. OF Chandler Simpson OF Wyatt Langford P Hunter Brown P Mitch Bratt SS Taylor Walls,,Yainer Diaz,C,5.22%,2
55,5215654321,expostulate (4/10),0,137.95,1B Liam Hicks 2B Ketel Marte 3B Yandy Diaz C Austin Wynns OF Victor Mesa Jr. OF Corbin Carroll OF Chandler Simpson P Hunter Brown P Mitch Bratt SS Taylor Walls,,Walker Buehler,P,5.11%,21.9
58,5215063766,codyewell (16/20),0,137.65,1B Yandy Diaz 2B Nicky Lopez 3B Junior Caminero C Liam Hicks OF Brandon Nimmo OF Victor Mesa Jr. OF Victor Bericoto P Blake Snell P Cody Bradford SS Taylor Walls,,Kyle Karros,3B,5.01%,16
59,5215688115,DcSports89 (2/3),0,137.5,1B Rafael Devers 2B Ketel Marte 3B Junior Caminero C Liam Hicks OF Jung Hoo Lee OF Victor Mesa Jr. OF Chandler Simpson P Nick Martinez P Cody Bradford SS Taylor Walls,,Tommy Edman,2B,4.98%,3
60,5215696693,mrfb (18/20),0,137.05,1B Ty France 2B Brice Turang 3B Manny Machado C Liam Hicks OF Luis Rengifo OF Fernando Tatis Jr. OF Jackson Merrill P Cody Bradford P Mitch Bratt SS Taylor Walls,,Nicky Lopez,2B,4.98%,0
60,5215697609,beckynjayd (16/20),0,137.05,1B Yandy Diaz 2B Ketel Marte 3B Junior Caminero C Liam Hicks OF Andy Pages OF Victor Mesa Jr. OF Ryan Waldschmidt P Cody Bradford P Mitch Bratt SS Taylor Walls,,Jacob Wilson,SS,4.98%,5
62,5215652434,ma15102 (18/20),0,136.6,1B Joc Pederson 2B Ketel Marte 3B Junior Caminero C Gabriel Moreno OF Brandon Nimmo OF Lars Nootbaar OF Chandler Simpson P Blake Snell P Mitch Bratt SS Zach Neto,,Bobby Witt Jr.,SS,4.95%,10
63,5215063757,codyewell (7/20),0,136.54999,1B Jeff McNeil 2B Donovan Walton 3B Yandy Diaz C Liam Hicks OF Lawrence Butler OF Victor Mesa Jr. OF Chandler Simpson P Blake Snell P Hunter Brown SS Mookie Betts,,Jihwan Bae,OF,4.81%,2
63,5215664399,Albino_Zebra (15/20),0,136.54999,1B Liam Hicks 2B Ketel Marte 3B Nolan Arenado C James McCann OF Cedric Mullins OF Victor Mesa Jr. OF Tim Tawa P Blake Snell P Hunter Brown SS Taylor Walls,,Salvador Perez,C,4.61%,7
65,5215717931,cacolbe (7/16),0,136.05,1B Yandy Diaz 2B Ketel Marte 3B Junior Caminero C Gabriel Moreno OF Corbin Carroll OF Tim Tawa OF Ryan Waldschmidt P Cody Bradford P Mitch Bratt SS Mookie Betts,,Willi Castro,2B,4.48%,2
65,5215717932,cacolbe (8/16),0,136.05,1B Yandy Diaz 2B Ketel Marte 3B Junior Caminero C Gabriel Moreno OF Corbin Carroll OF Tim Tawa OF Ryan Waldschmidt P Cody Bradford P Mitch Bratt SS Mookie Betts,,Cole Carrigg,OF,4.27%,13
67,5215621039,Makin-A-Run (1/20),0,135.95,1B Yandy Diaz 2B Richie Palacios 3B Junior Caminero C James McCann OF Lars Nootbaar OF Victor Mesa Jr. OF Corbin Carroll P Hunter Brown P Mitch Bratt SS Taylor Walls,,Oswald Peraza,2B,4.24%,0
68,5215185410,HairyBacks (1/20),0,135.85,1B Jonathan Aranda 2B Richie Palacios 3B Junior Caminero C James McCann OF Victor Mesa Jr. OF Corbin Carroll OF Chandler Simpson P Blake Snell P Ryan Johnson SS Zach Neto,,Tim Tawa,1B,4.07%,16
69,5215116878,Ctracefan (19/20),0,135.6,1B Jake Burger 2B Richie Palacios 3B Yandy Diaz C Gabriel Moreno OF Shohei Ohtani OF Victor Mesa Jr. OF Chandler Simpson P Blake Snell P Mitch Bratt SS Taylor Walls,,Ezequiel Tovar,SS,4.07%,5
69,5215123063,jah_586 (15/20),0,135.6,1B Jonathan Aranda 2B Richie Palacios 3B Junior Caminero C Tyler Heineman OF Victor Mesa Jr. OF Corbin Carroll OF Chandler Simpson P Blake Snell P Mitch Bratt SS Zach Neto,,Carlos Cortes,OF,3.94%,9
69,5215632586,Emac (18/20),0,135.6,1B Joc Pederson 2B Richie Palacios 3B Junior Caminero C James McCann OF Shohei Ohtani OF Cedric Mullins OF Chandler Simpson P Blake Snell P Mitch Bratt SS Taylor Walls,,Tim Tawa,OF,3.90%,16
72,5215014254,Reboot78 (4/20),0,135.54999,1B Joc Pederson 2B Richie Palacios 3B Junior Caminero C Ben Rortvedt OF Brandon Nimmo OF Cedric Mullins OF Chandler Simpson P Blake Snell P Hunter Brown SS Taylor Walls,,Jake Bauers,1B,3.90%,2
72,5215717607,Mrkvs (2/12),0,135.54999,1B Jonathan Aranda 2B Jeff McNeil 3B Junior Caminero C Liam Hicks OF Jihwan Bae OF Lawrence Butler OF Victor Mesa Jr. P Blake Snell P Hunter Brown SS Taylor Walls,,Jordan Beck,OF,3.87%,5
74,5215384725,lttlsht (19/20),0,135.5,1B Yandy Diaz 2B Jeff McNeil 3B Junior Caminero C Liam Hicks OF Victor Mesa Jr. OF Corbin Carroll OF Chandler Simpson P Cody Bradford P Carson Whisenhunt SS Mookie Betts,,Carson Whisenhunt,P,3.87%,13.95
75,5214866652,Sammy.Boy (2/20),0,134.6,1B Jonathan Aranda 2B Ketel Marte 3B Junior Caminero C James McCann OF Lars Nootbaar OF Corbin Carroll OF Chandler Simpson P Blake Snell P Mitch Bratt SS Taylor Walls,,William Contreras,C,3.67%,2
75,5215431749,Anthonykorobellis (2/20),0,134.6,1B Joc Pederson 2B Ketel Marte 3B Yandy Diaz C Austin Wynns OF Shohei Ohtani OF Corbin Carroll OF Evan Carter P Blake Snell P Mitch Bratt SS Zach Neto,,Jeff McNeil,1B,3.57%,3
77,5215117905,Dominator-Seguin (15/20),0,134.25,1B Yandy Diaz 2B Tommy Edman 3B Junior Caminero C Liam Hicks OF Zack Gelof OF Victor Mesa Jr. OF Chandler Simpson P Mitch Bratt P Ryan Johnson SS Mookie Betts,,Michael Wacha,P,3.47%,14.8
78,5214982212,Swishdakyng (20/20),0,134,1B Tim Tawa 2B Richie Palacios 3B Yandy Diaz C James McCann OF Shohei Ohtani OF Kyle Tucker OF Andy Pages P Blake Snell P Walker Buehler SS Mookie Betts,,Henry Bolte,OF,3.43%,3
78,5215052085,SeanDre (2/20),0,134,1B Yandy Diaz 2B Oswald Peraza 3B Junior Caminero C Yainer Diaz OF Cedric Mullins OF Cam Smith OF Chandler Simpson P Blake Snell P Walker Buehler SS Taylor Walls,,Garrett Mitchell,OF,3.20%,5
80,5215054461,ttillie (5/20),0,133.95,1B Joc Pederson 2B Brice Turang 3B Junior Caminero C James McCann OF Corbin Carroll OF Tim Tawa OF Chandler Simpson P Hunter Brown P Mitch Bratt SS Mookie Betts,,Jake Bauers,OF,3.16%,2
81,5214946328,stock2mail (4/20),0,133.85,1B Yandy Diaz 2B Oswald Peraza 3B Junior Caminero C James McCann OF Cedric Mullins OF Corbin Carroll OF Chandler Simpson P Blake Snell P Ryan Johnson SS Taylor Walls,,Ryan Waldschmidt,OF,2.99%,0
81,5215701264,TNeidert (11/20),0,133.85,1B Yandy Diaz 2B Vaughn Grissom 3B Junior Caminero C Moises Ballesteros OF Mike Trout OF Cedric Mullins OF Victor Mesa Jr. P Nick Martinez P Tomoyuki Sugano SS Zach Neto,,Nick Loftin,3B,2.99%,4
83,5215039596,Satch65 (5/20),0,133.65,1B Jonathan Aranda 2B Richie Palacios 3B Junior Caminero C James McCann OF Lars Nootbaar OF Victor Mesa Jr. OF Corbin Carroll P Blake Snell P Cody Bradford SS Taylor Walls,,Daulton Varsho,OF,2.96%,5
84,5215039602,Satch65 (11/20),0,133.6,1B Liam Hicks 2B Ketel Marte 3B Junior Caminero C Austin Wynns OF Corbin Carroll OF Evan Carter OF Wyatt Langford P Blake Snell P Mitch Bratt SS Taylor Walls,,Jose Siri,OF,2.93%,0
84,5215144193,kreller17 (14/20),0,133.6,1B Jake Burger 2B Jake Cronenworth 3B Manny Machado C Austin Wynns OF Mike Trout OF Luis Rengifo OF Fernando Tatis Jr. P Blake Snell P Mitch Bratt SS Zach Neto,,Moises Ballesteros,C,2.89%,0
84,5215251229,Wanna_Square_Up1567 (20/20),0,133.6,1B Jonathan Aranda 2B Jose Altuve 3B Yandy Diaz C Liam Hicks OF Brandon Nimmo OF Victor Mesa Jr. OF Cam Smith P Blake Snell P Mitch Bratt SS Taylor Walls,,Jonah Heim,C,2.89%,0
87,5215068403,pat_the_hat2 (20/20),0,133.45,1B Yandy Diaz 2B Richie Palacios 3B Junior Caminero C Tyler Heineman OF Mike Trout OF Cedric Mullins OF Victor Mesa Jr. P Nick Martinez P Mitch Bratt SS Zach Neto,,Alex Call,OF,2.79%,9
88,5215686580,woodreb5 (8/20),0,133.04999,1B Yandy Diaz 2B Jeff McNeil 3B Junior Caminero C Liam Hicks OF Zack Gelof OF Chandler Simpson OF Wyatt Langford P Blake Snell P Carson Whisenhunt SS Taylor Walls,,Victor Bericoto,OF,2.79%,0
89,5214946340,stock2mail (16/20),0,132.85,1B Jonathan Aranda 2B Ketel Marte 3B Nolan Arenado C Gabriel Moreno OF Mike Trout OF Corbin Carroll OF Tim Tawa P Blake Snell P Ryan Johnson SS Zach Neto,,Christian Yelich,OF,2.69%,0
89,5215212749,SilversurferVII (2/20),0,132.85,1B Jonathan Aranda 2B Brice Turang 3B Junior Caminero C Liam Hicks OF Jihwan Bae OF Corbin Carroll OF Chandler Simpson P Blake Snell P Ryan Johnson SS Taylor Walls,,Vaughn Grissom,2B,2.59%,7
89,5215431763,Anthonykorobellis (16/20),0,132.85,1B Jonathan Aranda 2B Ketel Marte 3B Yandy Diaz C James McCann OF Cedric Mullins OF Corbin Carroll OF Chandler Simpson P Blake Snell P Ryan Johnson SS Taylor Walls,,Fernando Tatis Jr.,OF,2.22%,18
89,5215708498,sportsfan14 (5/20),0,132.85,1B Jonathan Aranda 2B Ketel Marte 3B Yandy Diaz C James McCann OF Cedric Mullins OF Corbin Carroll OF Chandler Simpson P Blake Snell P Ryan Johnson SS Taylor Walls,,Nolan Schanuel,1B,2.15%,7
93,5215161068,csurunnerccr (18/20),0,132.6,1B Jonathan Aranda 2B Ketel Marte 3B Yandy Diaz C Liam Hicks OF Cedric Mullins OF Jihwan Bae OF Corbin Carroll P Blake Snell P Mitch Bratt SS Taylor Walls,,Willy Adames,SS,2.12%,13
93,5215177081,SpeedRacer101 (3/20),0,132.6,1B Jonathan Aranda 2B Richie Palacios 3B Junior Caminero C Gabriel Moreno OF Lars Nootbaar OF Corbin Carroll OF Chandler Simpson P Blake Snell P Mitch Bratt SS Taylor Walls,,Nicky Lopez,SS,2.12%,0
93,5215177096,SpeedRacer101 (18/20),0,132.6,1B Jonathan Aranda 2B Richie Palacios 3B Junior Caminero C Gabriel Moreno OF Corbin Carroll OF Victor Bericoto OF Chandler Simpson P Blake Snell P Mitch Bratt SS Taylor Walls,,Vaughn Grissom,3B,2.05%,7
93,5215416165,UniversalFriend (10/20),0,132.6,1B Jonathan Aranda 2B Ketel Marte 3B Yandy Diaz C Liam Hicks OF Cedric Mullins OF Jihwan Bae OF Corbin Carroll P Blake Snell P Mitch Bratt SS Taylor Walls,,Jac Caglianone,OF,1.75%,17
93,5215652420,ma15102 (4/20),0,132.6,1B Joc Pederson 2B Ketel Marte 3B Max Muncy C Gabriel Moreno OF Brandon Nimmo OF Lars Nootbaar OF Corbin Carroll P Blake Snell P Mitch Bratt SS Zach Neto,,Ildemaro Vargas,2B,1.72%,0
98,5215108664,bigshawn33,0,132.4,1B Joc Pederson 2B Ketel Marte 3B Nick Loftin C Gabriel Moreno OF Austin Hays OF Fernando Tatis Jr. OF Corbin Carroll P Nick Martinez P Hunter Brown SS Tyler Tolbert,,Jung Hoo Lee,OF,1.65%,0
98,5215147048,j-wolf05 (13/20),0,132.4,1B Joc Pederson 2B Richie Palacios 3B Yandy Diaz C Liam Hicks OF Jose Siri OF Victor Mesa Jr. OF Chandler Simpson P Nick Martinez P Hunter Brown SS Zach Neto,,Manny Machado,3B,1.62%,11
100,5215133465,eharig09 (7/20),0,132.25,1B Yandy Diaz 2B Richie Palacios 3B Zack Gelof C Liam Hicks OF Lawrence Butler OF Victor Mesa Jr. OF Henry Bolte P Michael Wacha P Hunter Brown SS Taylor Walls,,Tomoyuki Sugano,P,1.62%,19.9
101,5215063458,otterkc,0,132.05,1B Christian Walker 2B Ketel Marte 3B Nolan Arenado C Yainer Diaz OF Brandon Nimmo OF Jake Bauers OF Cole Carrigg P Blake Snell P Nick Martinez SS Mookie Betts,,David Hamilton,3B,1.58%,5
102,5215359204,Cuscus3 (17/20),0,132,1B Liam Hicks 2B Richie Palacios 3B Yandy Diaz C Tyler Heineman OF Mike Trout OF Cedric Mullins OF Victor Mesa Jr. P Blake Snell P Walker Buehler SS Zach Neto,,Donovan Walton,2B,1.55%,3
103,5215643460,cmalas (5/20),0,131.95,1B Joc Pederson 2B Richie Palacios 3B Yandy Diaz C Liam Hicks OF Mike Trout OF Victor Mesa Jr. OF Chandler Simpson P Hunter Brown P Mitch Bratt SS Zach Neto,,Jackson Merrill,OF,1.51%,12
103,5215661254,Mige1 (10/20),0,131.95,1B Joc Pederson 2B Richie Palacios 3B Yandy Diaz C Liam Hicks OF Mike Trout OF Victor Mesa Jr. OF Chandler Simpson P Hunter Brown P Mitch Bratt SS Zach Neto,,Liam Hicks,1B,1.48%,6
105,5215029965,az350z (13/20),0,131.85,1B Jonathan Aranda 2B Oswald Peraza 3B Yandy Diaz C Liam Hicks OF Mike Trout OF Victor Mesa Jr. OF Chandler Simpson P Blake Snell P Ryan Johnson SS Mookie Betts,,Mickey Moniak,OF,1.45%,2
106,5215045713,FoxyGrandpa252 (15/20),0,131.7,1B Yandy Diaz 2B Richie Palacios 3B Junior Caminero C Hunter Goodman OF Cedric Mullins OF Jake McCarthy OF Cole Carrigg P Ryan Johnson P Carson Whisenhunt SS Taylor Walls,,Rafael Devers,1B,1.41%,6
107,5215158361,73pd2x (11/20),0,131.6,1B Ty France 2B Richie Palacios 3B Yandy Diaz C Liam Hicks OF Cedric Mullins OF Lars Nootbaar OF Corbin Carroll P Blake Snell P Mitch Bratt SS Taylor Walls,,Luis Lara,OF,1.21%,5
107,5215445273,Skralph (4/20),0,131.6,1B Jonathan Aranda 2B Jeff McNeil 3B Junior Caminero C Liam Hicks OF Kyle Tucker OF Victor Mesa Jr. OF Chandler Simpson P Blake Snell P Mitch Bratt SS Mookie Betts,,Ty France,1B,1.18%,8
107,5215652419,ma15102 (3/20),0,131.6,1B Joc Pederson 2B Ketel Marte 3B Max Muncy C William Contreras OF Brandon Nimmo OF Lars Nootbaar OF Corbin Carroll P Blake Snell P Mitch Bratt SS Zach Neto,,Tyler Heineman,C,1.14%,0
110,5214966590,hatdaddy (4/20),0,131.54999,1B Joc Pederson 2B Richie Palacios 3B Yandy Diaz C Liam Hicks OF Brandon Nimmo OF Evan Carter OF Wyatt Langford P Blake Snell P Hunter Brown SS Taylor Walls,,Tyler Tolbert,SS,1.14%,12
110,5214966597,hatdaddy (11/20),0,131.54999,1B Tim Tawa 2B Ketel Marte 3B Nolan Arenado C Austin Wynns OF Lawrence Butler OF Corbin Carroll OF Wyatt Langford P Blake Snell P Hunter Brown SS Zach Neto,,Connor Norby,1B,1.14%,2
110,5215039593,Satch65 (2/20),0,131.54999,1B Jonathan Aranda 2B Jeff McNeil 3B Yandy Diaz C Austin Wynns OF Garrett Mitchell OF Victor Mesa Jr. OF Corbin Carroll P Blake Snell P Hunter Brown SS Taylor Walls,,Osleivis Basabe,2B,1.04%,6
113,5215023020,jw1984 (15/20),0,131.2,1B Jonathan Aranda 2B Ketel Marte 3B Yandy Diaz C James McCann OF Victor Mesa Jr. OF Corbin Carroll OF Chandler Simpson P Hunter Brown P Ryan Johnson SS Taylor Walls,,Jac Caglianone,1B,1.04%,17
114,5215158353,73pd2x (3/20),0,131,1B Jonathan Aranda 2B Willi Castro 3B Junior Caminero C Hunter Goodman OF Jake McCarthy OF Jordan Beck OF Cole Carrigg P Blake Snell P Tomoyuki Sugano SS Taylor Walls,,Michael Massey,2B,1.04%,0
115,5215185416,HairyBacks (7/20),0,130.95,1B Jonathan Aranda 2B Ketel Marte 3B Yandy Diaz C James McCann OF Victor Mesa Jr. OF Corbin Carroll OF Chandler Simpson P Hunter Brown P Mitch Bratt SS Taylor Walls,,Austin Hays,OF,0.98%,12
115,5215235876,A.Burgos930 (15/20),0,130.95,1B Tim Tawa 2B Jeff McNeil 3B Junior Caminero C Liam Hicks OF Cedric Mullins OF Victor Mesa Jr. OF Corbin Carroll P Hunter Brown P Mitch Bratt SS Taylor Walls,,Ildemaro Vargas,1B,0.94%,0
115,5215708504,sportsfan14 (11/20),0,130.95,1B Tim Tawa 2B Ketel Marte 3B Junior Caminero C Gabriel Moreno OF Brandon Nimmo OF Lars Nootbaar OF Corbin Carroll P Hunter Brown P Mitch Bratt SS Taylor Walls,,Xander Bogaerts,SS,0.87%,5
118,5215360026,cachedinar (11/20),0,130.9,1B Yandy Diaz 2B Brice Turang 3B Junior Caminero C Liam Hicks OF Jihwan Bae OF Jackson Chourio OF Chandler Simpson P Nick Martinez P Carson Whisenhunt SS Taylor Walls,,Kyle Isbel,OF,0.84%,0
119,5215207468,Elwaysarmy (5/20),0,130.85,1B Jonathan Aranda 2B Ketel Marte 3B Yandy Diaz C Gabriel Moreno OF Lars Nootbaar OF Corbin Carroll OF Tim Tawa P Blake Snell P Ryan Johnson SS Zach Neto,,Willi Castro,3B,0.81%,2
119,5215416164,UniversalFriend (9/20),0,130.85,1B Jonathan Aranda 2B Jeff McNeil 3B Junior Caminero C Liam Hicks OF Shohei Ohtani OF Lawrence Butler OF Chandler Simpson P Blake Snell P Ryan Johnson SS Taylor Walls,,Connor Norby,3B,0.81%,2
121,5214969343,Schoey17 (4/8),0,130.65,1B Joc Pederson 2B Brice Turang 3B Yandy Diaz C Austin Wynns OF Brandon Nimmo OF Cedric Mullins OF Chandler Simpson P Blake Snell P Cody Bradford SS Taylor Walls,,Salvador Perez,1B,0.77%,7
122,5215164370,melvincali (6/20),0,130.6,1B Jake Burger 2B Ketel Marte 3B Junior Caminero C James McCann OF Mike Trout OF Tim Tawa OF Chandler Simpson P Blake Snell P Mitch Bratt SS Zach Neto,,Carter Jensen,C,0.71%,2
123,5215605502,nrbarsky,0,130.54999,1B Jeff McNeil 2B Jose Altuve 3B Manny Machado C Liam Hicks OF Carlos Cortes OF Victor Mesa Jr. OF Cole Carrigg P Blake Snell P Hunter Brown SS Taylor Walls,,Tommy White,3B,0.61%,0
123,5215636827,TheKingKaz (7/8),0,130.54999,1B Joc Pederson 2B Jeff McNeil 3B Junior Caminero C Austin Wynns OF Austin Hays OF Fernando Tatis Jr. OF Jackson Merrill P Blake Snell P Hunter Brown SS Xander Bogaerts,,Mason Barnett,P,0.61%,-5.8
123,5215673299,lucathybeast,0,130.54999,1B Yandy Diaz 2B Jeff McNeil 3B Nolan Arenado C Gabriel Moreno OF Brandon Nimmo OF Tim Tawa OF Chandler Simpson P Blake Snell P Hunter Brown SS Mookie Betts,,John Rave,OF,0.57%,0
126,5215029955,az350z (3/20),0,130.4,1B Shohei Ohtani 2B Ketel Marte 3B Nolan Arenado C Gabriel Moreno OF Andy Pages OF Corbin Carroll OF Tim Tawa P Walker Buehler P Mitch Bratt SS Mookie Betts,,Luis Rengifo,OF,0.54%,23
127,5215697594,beckynjayd (1/20),0,130.05,1B Yandy Diaz 2B Richie Palacios 3B Junior Caminero C Liam Hicks OF Shohei Ohtani OF Kyle Tucker OF Tim Tawa P Cody Bradford P Mitch Bratt SS Taylor Walls,,Jake Cronenworth,2B,0.54%,9
128,5215689356,dantheman78 (13/20),0,129.95,1B Joc Pederson 2B Richie Palacios 3B Junior Caminero C Liam Hicks OF Zack Gelof OF Victor Mesa Jr. OF Chandler Simpson P Hunter Brown P Mitch Bratt SS Zach Neto,,Bryce Eldridge,1B,0.54%,14
129,5215106753,rsumrall (17/20),0,129.85,1B Jonathan Aranda 2B Ketel Marte 3B Junior Caminero C Gabriel Moreno OF Lars Nootbaar OF Corbin Carroll OF Ryan Waldschmidt P Blake Snell P Ryan Johnson SS Taylor Walls,,Luis Campusano,C,0.47%,28
129,5215144438,untouchables-420 (4/10),0,129.85,1B Yandy Diaz 2B Jeff McNeil 3B Junior Caminero C Hunter Goodman OF Cedric Mullins OF Lars Nootbaar OF Zack Gelof P Blake Snell P Ryan Johnson SS Taylor Walls,,Wade Meckler,OF,0.47%,5
129,5215708965,lilmaryy (3/10),0,129.85,1B Jonathan Aranda 2B Richie Palacios 3B Yandy Diaz C James McCann OF Shohei Ohtani OF Corbin Carroll OF Chandler Simpson P Blake Snell P Ryan Johnson SS Taylor Walls,,Drew Gilbert,OF,0.37%,9
132,5215218859,TroyGilly91 (3/10),0,129.65,1B Jonathan Aranda 2B Jeff McNeil 3B Yandy Diaz C Austin Wynns OF Shohei Ohtani OF Lawrence Butler OF Victor Mesa Jr. P Blake Snell P Cody Bradford SS Taylor Walls,,Christian Koss,3B,0.27%,7
133,5215670075,HammerSZN (15/20),0,129.6,1B Joc Pederson 2B Ketel Marte 3B Junior Caminero C Moises Ballesteros OF Kyle Tucker OF Chandler Simpson OF Wyatt Langford P Blake Snell P Mitch Bratt SS Zach Neto,,Teoscar Hernandez,OF,0.20%,7
134,5215642995,bassguy39 (5/15),0,129.54999,1B Jonathan Aranda 2B Jeff McNeil 3B Yandy Diaz C Liam Hicks OF Carlos Cortes OF Lawrence Butler OF Chandler Simpson P Blake Snell P Hunter Brown SS Taylor Walls,,Tommy White,1B,0.17%,0
135,5215054465,ttillie (9/20),0,129.05,1B Yandy Diaz 2B Ketel Marte 3B Nolan Arenado C Liam Hicks OF Shohei Ohtani OF Kyle Tucker OF Victor Mesa Jr. P Cody Bradford P Mitch Bratt SS Taylor Walls,,Jonny DeLuca,OF,0.13%,0
136,5215045706,FoxyGrandpa252 (8/20),0,128.85,1B Jonathan Aranda 2B Richie Palacios 3B Junior Caminero C Liam Hicks OF Mike Trout OF Jose Siri OF Victor Mesa Jr. P Blake Snell P Ryan Johnson SS Zach Neto,,Tyler Soderstrom,OF,0.13%,0
137,5215651703,knox314 (19/20),0,128.65,1B Yandy Diaz 2B Richie Palacios 3B Junior Caminero C James McCann OF Kyle Tucker OF Lars Nootbaar OF Chandler Simpson P Blake Snell P Cody Bradford SS Taylor Walls,,Drew Cavanaugh,C,0.13%,15
138,5215039598,Satch65 (7/20),0,128.6,1B Joc Pederson 2B Richie Palacios 3B Junior Caminero C Liam Hicks OF Brandon Nimmo OF Cedric Mullins OF Victor Mesa Jr. P Blake Snell P Mitch Bratt SS Corey Seager,,Alek Thomas,OF,0.07%,0
138,5215106754,rsumrall (18/20),0,128.6,1B Shohei Ohtani 2B Richie Palacios 3B Yandy Diaz C Ben Rortvedt OF Cedric Mullins OF Victor Mesa Jr. OF Chandler Simpson P Blake Snell P Mitch Bratt SS Mookie Betts,,Ryan Ward,OF,0.07%,0
138,5215185424,HairyBacks (15/20),0,128.6,1B Joc Pederson 2B Richie Palacios 3B Junior Caminero C Liam Hicks OF Victor Mesa Jr. OF Chandler Simpson OF Wyatt Langford P Blake Snell P Mitch Bratt SS Corey Seager,,Geraldo Perdomo,SS,0.07%,0
138,5215678500,minfan77 (10/20),0,128.6,1B Jonathan Aranda 2B Ketel Marte 3B Nolan Arenado C Gabriel Moreno OF Lars Nootbaar OF Corbin Carroll OF Chandler Simpson P Blake Snell P Mitch Bratt SS Taylor Walls,,Brian Serven,C,0.07%,0
138,5215700153,cptnspaulding (16/20),0,128.6,1B Tim Tawa 2B Ketel Marte 3B Vaughn Grissom C Gabriel Moreno OF Shohei Ohtani OF Lars Nootbaar OF Corbin Carroll P Blake Snell P Mitch Bratt SS Mookie Betts,,Shay Whitcomb,SS,0.03%,0
143,5215075988,ivymoose (18/20),0,128.54999,1B Joc Pederson 2B Richie Palacios 3B Yandy Diaz C Austin Wynns OF Cedric Mullins OF Chandler Simpson OF Wyatt Langford P Blake Snell P Hunter Brown SS Taylor Walls,,Taylor Trammell,OF,0.03%,0
143,5215195082,jsamtoy (8/20),0,128.54999,1B Tim Tawa 2B Ketel Marte 3B Junior Caminero C James McCann OF Lars Nootbaar OF Chandler Simpson OF Ryan Waldschmidt P Blake Snell P Hunter Brown SS Taylor Walls,,Gary Sanchez,C,0.03%,0
145,5215044017,whoisjohngalt420 (16/20),0,128.2,1B Yandy Diaz 2B Brice Turang 3B Junior Caminero C Salvador Perez OF Jihwan Bae OF Victor Mesa Jr. OF Jackson Chourio P Hunter Brown P Ryan Johnson SS Taylor Walls,,Miguel Rojas,2B,0.03%,0
146,5215044047,kcroyalfan (5/20),0,128.05,1B Joc Pederson 2B Tommy Edman 3B Junior Caminero C Gabriel Moreno OF Corbin Carroll OF Jackson Merrill OF Chandler Simpson P Cody Bradford P Mitch Bratt SS Mookie Betts,,Alejandro Osuna,OF,0.03%,0
146,5215666804,Prparent (2/2),0,128.05,1B Yandy Diaz 2B Richie Palacios 3B Junior Caminero C James McCann OF Shohei Ohtani OF Andy Pages OF Victor Mesa Jr. P Cody Bradford P Mitch Bratt SS Taylor Walls,,Cam Cauley,OF,0.03%,0
146,5215697598,beckynjayd (5/20),0,128.05,1B Yandy Diaz 2B Richie Palacios 3B Junior Caminero C James McCann OF Shohei Ohtani OF Andy Pages OF Victor Mesa Jr. P Cody Bradford P Mitch Bratt SS Taylor Walls,,Hunter Feduccia,C,0.03%,0
149,5215359193,Cuscus3 (6/20),0,128,1B Jonathan Aranda 2B Richie Palacios 3B Yandy Diaz C Tyler Heineman OF Mike Trout OF Cedric Mullins OF Victor Mesa Jr. P Blake Snell P Walker Buehler SS Zach Neto,,Brandon Lockridge,OF,0.03%,3
150,5214969345,Schoey17 (6/8),0,127.85,1B Jonathan Aranda 2B Donovan Walton 3B Yandy Diaz C Liam Hicks OF Mickey Moniak OF Victor Mesa Jr. OF Chandler Simpson P Blake Snell P Ryan Johnson SS Mookie Betts,,,
150,5215023009,jw1984 (4/20),0,127.85,1B Jonathan Aranda 2B Richie Palacios 3B Yandy Diaz C Liam Hicks OF Shohei Ohtani OF Corbin Carroll OF Victor Bericoto P Blake Snell P Ryan Johnson SS Taylor Walls,,,
152,5215044012,whoisjohngalt420 (11/20),0,127.65,1B Joc Pederson 2B Richie Palacios 3B Yandy Diaz C Liam Hicks OF Brandon Nimmo OF Victor Mesa Jr. OF Chandler Simpson P Blake Snell P Cody Bradford SS Corey Seager,,,
152,5215161054,csurunnerccr (4/20),0,127.65,1B Jonathan Aranda 2B Ketel Marte 3B Junior Caminero C Austin Wynns OF Cedric Mullins OF Victor Mesa Jr. OF Evan Carter P Blake Snell P Cody Bradford SS Taylor Walls,,,
152,5215487705,mlief (6/20),0,127.65,1B Joc Pederson 2B Jose Altuve 3B Isaac Paredes C Liam Hicks OF Cedric Mullins OF Victor Mesa Jr. OF Chandler Simpson P Blake Snell P Cody Bradford SS Taylor Walls,,,
152,5215487709,mlief (10/20),0,127.65,1B Yandy Diaz 2B Willi Castro 3B Junior Caminero C James McCann OF Cedric Mullins OF Jihwan Bae OF Victor Mesa Jr. P Blake Snell P Cody Bradford SS Taylor Walls,,,
156,5215113502,milligolf (5/20),0,127.6,1B Jac Caglianone 2B Ketel Marte 3B Nolan Arenado C Gabriel Moreno OF Austin Hays OF Lars Nootbaar OF Corbin Carroll P Blake Snell P Mitch Bratt SS Bobby Witt Jr.,,,
156,5215641728,bhess777 (1/20),0,127.6,1B Joc Pederson 2B Ketel Marte 3B Nolan Arenado C James McCann OF Yordan Alvarez OF Corbin Carroll OF Tim Tawa P Blake Snell P Mitch Bratt SS Jeremy Pena,,,
156,5215652423,ma15102 (7/20),0,127.6,1B Joc Pederson 2B Ketel Marte 3B Max Muncy C Gabriel Moreno OF Lars Nootbaar OF Corbin Carroll OF Henry Bolte P Blake Snell P Mitch Bratt SS Zach Neto,,,
156,5215713345,SICKHEMI (8/20),0,127.6,1B Yandy Diaz 2B Tommy Edman 3B Max Muncy C Liam Hicks OF Kyle Tucker OF Alex Call OF Chandler Simpson P Blake Snell P Mitch Bratt SS Mookie Betts,,,
160,5215381392,FunkyKong (14/20),0,127.549995,1B Ty France 2B Jeff McNeil 3B Manny Machado C Luis Campusano OF Fernando Tatis Jr. OF Jordan Beck OF Jackson Merrill P Blake Snell P Hunter Brown SS Ezequiel Tovar,,,
160,5215713346,SICKHEMI (9/20),0,127.549995,1B Tim Tawa 2B Richie Palacios 3B Nolan Arenado C Gabriel Moreno OF Corbin Carroll OF Chandler Simpson OF Ryan Waldschmidt P Blake Snell P Hunter Brown SS Mookie Betts,,,
162,5215137836,eharig09 (20/20),0,127.25,1B Joc Pederson 2B Richie Palacios 3B Junior Caminero C Liam Hicks OF Brandon Nimmo OF Evan Carter OF Chandler Simpson P Michael Wacha P Hunter Brown SS Taylor Walls,,,
163,5215584862,bartmeister (1/2),0,127.05,1B Christian Walker 2B Ildemaro Vargas 3B Isaac Paredes C Luis Campusano OF Yordan Alvarez OF Daulton Varsho OF Henry Bolte P Blake Snell P Nick Martinez SS Mookie Betts,,,
163,5215697605,beckynjayd (12/20),0,127.05,1B Yandy Diaz 2B Richie Palacios 3B Junior Caminero C Liam Hicks OF Kyle Tucker OF Victor Mesa Jr. OF Wyatt Langford P Cody Bradford P Mitch Bratt SS Mookie Betts,,,
163,5215068398,pat_the_hat2 (15/20),0,127.049995,1B Tim Tawa 2B Ketel Marte 3B Manny Machado C Gabriel Moreno OF Fernando Tatis Jr. OF Lars Nootbaar OF Corbin Carroll P Blake Snell P Carson Whisenhunt SS Xander Bogaerts,,,
166,5215261620,Do_Figolo_Chip (1/7),0,126.95,1B Yandy Diaz 2B Jeff McNeil 3B Junior Caminero C Liam Hicks OF Brandon Nimmo OF Victor Mesa Jr. OF Wyatt Langford P Hunter Brown P Mitch Bratt SS Taylor Walls,,,
166,5215381389,FunkyKong (11/20),0,126.95,1B Yandy Diaz 2B Jeff McNeil 3B Junior Caminero C Yainer Diaz OF Luis Rengifo OF Cedric Mullins OF Chandler Simpson P Hunter Brown P Mitch Bratt SS Taylor Walls,,,
168,5215625902,Snakebone1,0,126.85,1B Ty France 2B Ketel Marte 3B Vaughn Grissom C Salvador Perez OF Mike Trout OF Jake Bauers OF Corbin Carroll P Nick Martinez P Walker Buehler SS Zach Neto,,,
169,5215464182,reenglick,0,126.8,1B Yandy Diaz 2B Vaughn Grissom 3B Junior Caminero C Liam Hicks OF Brandon Nimmo OF Jake McCarthy OF Cole Carrigg P Walker Buehler P Tomoyuki Sugano SS Willy Adames,,,
170,5215023025,jw1984 (20/20),0,126.65,1B Jonathan Aranda 2B Jeff McNeil 3B Junior Caminero C Liam Hicks OF Lawrence Butler OF Zack Gelof OF Chandler Simpson P Blake Snell P Cody Bradford SS Taylor Walls,,,
170,5215063767,codyewell (17/20),0,126.65,1B Yandy Diaz 2B Donovan Walton 3B Junior Caminero C Liam Hicks OF Lars Nootbaar OF Jordan Beck OF Chandler Simpson P Blake Snell P Cody Bradford SS Taylor Walls,,,
170,5215177094,SpeedRacer101 (16/20),0,126.65,1B Yandy Diaz 2B Nicky Lopez 3B Junior Caminero C Austin Wynns OF Cedric Mullins OF Victor Mesa Jr. OF Wyatt Langford P Blake Snell P Cody Bradford SS Taylor Walls,,,
170,5215372223,tybry85 (19/20),0,126.65,1B Joc Pederson 2B Ketel Marte 3B Max Muncy C James McCann OF Brandon Nimmo OF Kyle Tucker OF Andy Pages P Blake Snell P Cody Bradford SS Mookie Betts,,,
174,5215359196,Cuscus3 (9/20),0,126.6,1B Bryce Eldridge 2B Ketel Marte 3B Yandy Diaz C Gabriel Moreno OF Lars Nootbaar OF Corbin Carroll OF Ryan Waldschmidt P Blake Snell P Mitch Bratt SS Zach Neto,,,
174,5215445272,Skralph (3/20),0,126.6,1B Jonathan Aranda 2B Ketel Marte 3B Yandy Diaz C Liam Hicks OF Lars Nootbaar OF Victor Mesa Jr. OF Chandler Simpson P Blake Snell P Mitch Bratt SS Willy Adames,,,
176,5215113504,milligolf (7/20),0,126.3,1B Jonathan Aranda 2B Ketel Marte 3B Junior Caminero C Liam Hicks OF Corbin Carroll OF Victor Bericoto OF Chandler Simpson P Michael Wacha P Mitch Bratt SS Taylor Walls,,,
177,5215133476,eharig09 (18/20),0,126.25,1B Yandy Diaz 2B Jeff McNeil 3B Junior Caminero C Ben Rortvedt OF Zack Gelof OF Victor Mesa Jr. OF Chandler Simpson P Michael Wacha P Hunter Brown SS Taylor Walls,,,
178,5215678309,jonjonlegend,0,126.05,1B Yandy Diaz 2B Jeff McNeil 3B Junior Caminero C Liam Hicks OF Jac Caglianone OF Jackson Chourio OF Chandler Simpson P Cody Bradford P Mitch Bratt SS Taylor Walls,,,
179,5214964140,Schoey17 (2/8),0,126,1B Jonathan Aranda 2B Ketel Marte 3B Junior Caminero C Liam Hicks OF Cedric Mullins OF Victor Bericoto OF Ryan Waldschmidt P Blake Snell P Walker Buehler SS Taylor Walls,,,
180,5215038639,aquafinatim (11/20),0,125.95,1B Tim Tawa 2B Ketel Marte 3B Junior Caminero C James McCann OF Lars Nootbaar OF Victor Mesa Jr. OF Corbin Carroll P Hunter Brown P Mitch Bratt SS Zach Neto,,,
180,5215144444,untouchables-420 (10/10),0,125.95,1B Joc Pederson 2B Richie Palacios 3B Junior Caminero C Liam Hicks OF Mike Trout OF Victor Mesa Jr. OF Evan Carter P Hunter Brown P Mitch Bratt SS Zach Neto,,,
182,5215558781,ehaugen (4/4),0,125.8,1B Jonathan Aranda 2B Richie Palacios 3B Junior Caminero C Liam Hicks OF Yordan Alvarez OF Victor Mesa Jr. OF Corbin Carroll P Walker Buehler P Tomoyuki Sugano SS Ezequiel Tovar,,,
182,5215177085,SpeedRacer101 (7/20),0,125.799995,1B Joc Pederson 2B Donovan Walton 3B Yandy Diaz C Liam Hicks OF Victor Mesa Jr. OF Victor Bericoto OF Chandler Simpson P Blake Snell P Kyle Harrison SS Taylor Walls,,,
184,5215207478,Elwaysarmy (15/20),0,125.7,1B Shohei Ohtani 2B Brice Turang 3B Manny Machado C Luis Campusano OF Austin Hays OF Kyle Tucker OF Fernando Tatis Jr. P Nick Martinez P Ryan Johnson SS Xander Bogaerts,,,
185,5214966603,hatdaddy (17/20),0,125.65,1B Shohei Ohtani 2B Ketel Marte 3B Yandy Diaz C Austin Wynns OF Cedric Mullins OF Victor Mesa Jr. OF Victor Bericoto P Blake Snell P Cody Bradford SS Taylor Walls,,,
185,5215664392,Albino_Zebra (8/20),0,125.65,1B Jonathan Aranda 2B Ketel Marte 3B Yandy Diaz C Gabriel Moreno OF Victor Mesa Jr. OF Victor Bericoto OF Wyatt Langford P Blake Snell P Cody Bradford SS Taylor Walls,,,
185,5215070300,LTskelter (17/20),0,125.649994,1B Joc Pederson 2B Richie Palacios 3B Junior Caminero C Hunter Goodman OF Jake McCarthy OF Victor Mesa Jr. OF Chandler Simpson P Kyle Harrison P Carson Whisenhunt SS Taylor Walls,,,
188,5215512840,TwoHearted (1/20),0,125.6,1B Jonathan Aranda 2B Ketel Marte 3B Junior Caminero C Austin Wynns OF Shohei Ohtani OF Evan Carter OF Chandler Simpson P Blake Snell P Mitch Bratt SS Taylor Walls,,,
188,5215651674,colbyhornet (15/20),0,125.6,1B Jake Bauers 2B Brice Turang 3B Max Muncy C Luis Campusano OF Garrett Mitchell OF Jihwan Bae OF Jackson Chourio P Blake Snell P Mitch Bratt SS Mookie Betts,,,
190,5215123049,jah_586 (1/20),0,125.55,1B Tim Tawa 2B Ketel Marte 3B Kyle Karros C Gabriel Moreno OF Lars Nootbaar OF Corbin Carroll OF Jordan Beck P Blake Snell P Hunter Brown SS Zach Neto,,,
190,5215235880,A.Burgos930 (19/20),0,125.549995,1B Jonathan Aranda 2B Jose Altuve 3B Kyle Karros C Liam Hicks OF Victor Mesa Jr. OF Jordan Beck OF Chandler Simpson P Blake Snell P Hunter Brown SS Taylor Walls,,,
192,5215670066,HammerSZN (6/20),0,125.2,1B Shohei Ohtani 2B Richie Palacios 3B Junior Caminero C Salvador Perez OF Kyle Tucker OF Victor Mesa Jr. OF Chandler Simpson P Hunter Brown P Ryan Johnson SS Taylor Walls,,,
193,5215658634,cookiesox48 (1/2),0,125.05,1B Tim Tawa 2B Willi Castro 3B Kyle Karros C Hunter Goodman OF Jake Bauers OF Jake McCarthy OF Cole Carrigg P Blake Snell P Nick Martinez SS Willy Adames,,,
194,5215195081,jsamtoy (7/20),0,125,1B Joc Pederson 2B Ketel Marte 3B Junior Caminero C Austin Wynns OF Corbin Carroll OF Evan Carter OF Wyatt Langford P Blake Snell P Walker Buehler SS Corey Seager,,,
194,5215670063,HammerSZN (3/20),0,125,1B Joc Pederson 2B Ketel Marte 3B Junior Caminero C Austin Wynns OF Corbin Carroll OF Evan Carter OF Wyatt Langford P Blake Snell P Walker Buehler SS Corey Seager,,,
196,5215512841,TwoHearted (2/20),0,124.95,1B Jonathan Aranda 2B Ketel Marte 3B Junior Caminero C James McCann OF Lars Nootbaar OF Victor Mesa Jr. OF Corbin Carroll P Hunter Brown P Mitch Bratt SS Taylor Walls,,,
196,5215686579,woodreb5 (7/20),0,124.95,1B Jonathan Aranda 2B Ketel Marte 3B Junior Caminero C James McCann OF Lars Nootbaar OF Victor Mesa Jr. OF Corbin Carroll P Hunter Brown P Mitch Bratt SS Taylor Walls,,,
198,5215063758,codyewell (8/20),0,124.85,1B Jonathan Aranda 2B Richie Palacios 3B Junior Caminero C Gabriel Moreno OF Cedric Mullins OF Lars Nootbaar OF Corbin Carroll P Blake Snell P Ryan Johnson SS Taylor Walls,,,
199,5215161058,csurunnerccr (8/20),0,124.65,1B Joc Pederson 2B Tommy Edman 3B Junior Caminero C Ben Rortvedt OF Brandon Nimmo OF Shohei Ohtani OF Alex Call P Blake Snell P Cody Bradford SS Mookie Betts,,,
199,5215445287,Skralph (18/20),0,124.65,1B Jonathan Aranda 2B Vaughn Grissom 3B Junior Caminero C Liam Hicks OF Mike Trout OF Victor Mesa Jr. OF Chandler Simpson P Walker Buehler P Ryan Johnson SS Zach Neto,,,
201,5215239090,johnne28 (3/3),0,124.6,1B Liam Hicks 2B Richie Palacios 3B Junior Caminero C Gabriel Moreno OF Cedric Mullins OF Daulton Varsho OF Andy Pages P Blake Snell P Mitch Bratt SS Taylor Walls,,,
201,5215319612,Dubbzz (17/20),0,124.6,1B Shohei Ohtani 2B Ketel Marte 3B Nolan Arenado C James McCann OF Kyle Tucker OF Corbin Carroll OF Tim Tawa P Blake Snell P Mitch Bratt SS Zach Neto,,,
203,5215014255,Reboot78 (5/20),0,124.549995,1B Jonathan Aranda 2B Ketel Marte 3B Nolan Arenado C James McCann OF Lars Nootbaar OF Victor Mesa Jr. OF Chandler Simpson P Blake Snell P Hunter Brown SS Taylor Walls,,,
203,5215214856,AbeyBaby88 (14/20),0,124.549995,1B Jonathan Aranda 2B Richie Palacios 3B Yandy Diaz C Austin Wynns OF Jose Siri OF Corbin Carroll OF Chandler Simpson P Blake Snell P Hunter Brown SS Taylor Walls,,,
205,5215360024,cachedinar (9/20),0,124.45,1B Jonathan Aranda 2B Willi Castro 3B Junior Caminero C Liam Hicks OF Shohei Ohtani OF Lawrence Butler OF Victor Mesa Jr. P Tomoyuki Sugano P Cody Bradford SS Taylor Walls,,,
206,5214911876,blitzburgh07,0,124.399994,1B Jonathan Aranda 2B Richie Palacios 3B Kyle Karros C Hunter Goodman OF Lars Nootbaar OF Corbin Carroll OF Chandler Simpson P Nick Martinez P Hunter Brown SS Taylor Walls,,,
206,5215526541,HIghtower83 (2/4),0,124.399994,1B Christian Walker 2B Jake Cronenworth 3B Yandy Diaz C Ben Rortvedt OF Jake Bauers OF Luis Rengifo OF Corbin Carroll P Nick Martinez P Hunter Brown SS Mookie Betts,,,
206,5215672992,jordanh415,0,124.399994,1B Jonathan Aranda 2B Richie Palacios 3B Junior Caminero C James McCann OF Mike Trout OF Lars Nootbaar OF Victor Mesa Jr. P Nick Martinez P Hunter Brown SS Taylor Walls,,,
206,5215676729,HIghtower83 (4/4),0,124.399994,1B Christian Walker 2B Jake Cronenworth 3B Yandy Diaz C Ben Rortvedt OF Jake Bauers OF Luis Rengifo OF Corbin Carroll P Nick Martinez P Hunter Brown SS Mookie Betts,,,
210,5215546502,RPowell1103,0,124.05,1B Freddie Freeman 2B Richie Palacios 3B Junior Caminero C Tyler Heineman OF Shohei Ohtani OF Daulton Varsho OF Ryan Waldschmidt P Blake Snell P Nick Martinez SS Taylor Walls,,,
211,5215632578,Emac (10/20),0,124,1B Joc Pederson 2B Ketel Marte 3B Nolan Arenado C Gabriel Moreno OF Brandon Nimmo OF Corbin Carroll OF Wyatt Langford P Blake Snell P Walker Buehler SS Corey Seager,,,
212,5215121876,thundrenterprises (20/20),0,123.95,1B Jonathan Aranda 2B Jeff McNeil 3B Junior Caminero C Liam Hicks OF Lawrence Butler OF Zack Gelof OF Victor Mesa Jr. P Hunter Brown P Mitch Bratt SS Taylor Walls,,,
213,5215068400,pat_the_hat2 (17/20),0,123.85,1B Yandy Diaz 2B Tommy Edman 3B Junior Caminero C William Contreras OF Kyle Tucker OF Jihwan Bae OF Andy Pages P Blake Snell P Ryan Johnson SS Mookie Betts,,,
214,5215624180,jballagh (17/20),0,123.7,1B Yandy Diaz 2B Willi Castro 3B Junior Caminero C Hunter Goodman OF Jake McCarthy OF Mickey Moniak OF Cole Carrigg P Ryan Johnson P Carson Whisenhunt SS Taylor Walls,,,
215,5215372215,tybry85 (11/20),0,123.65,1B Joc Pederson 2B Ketel Marte 3B Junior Caminero C Austin Wynns OF Brandon Nimmo OF Victor Mesa Jr. OF Wyatt Langford P Blake Snell P Cody Bradford SS Corey Seager,,,
216,5214966604,hatdaddy (18/20),0,123.6,1B Freddie Freeman 2B Tommy Edman 3B Nolan Arenado C Liam Hicks OF Brandon Nimmo OF Andy Pages OF Victor Mesa Jr. P Blake Snell P Mitch Bratt SS Mookie Betts,,,
216,5215158370,73pd2x (20/20),0,123.6,1B Yandy Diaz 2B Richie Palacios 3B Max Muncy C Ben Rortvedt OF Shohei Ohtani OF Cedric Mullins OF Chandler Simpson P Blake Snell P Mitch Bratt SS Taylor Walls,,,
216,5215700149,cptnspaulding (12/20),0,123.6,1B Tim Tawa 2B Ketel Marte 3B Zack Gelof C James McCann OF Shohei Ohtani OF Lars Nootbaar OF Corbin Carroll P Blake Snell P Mitch Bratt SS Mookie Betts,,,
219,5215039597,Satch65 (6/20),0,123.549995,1B Tim Tawa 2B Ildemaro Vargas 3B Yandy Diaz C James McCann OF Lars Nootbaar OF Corbin Carroll OF Chandler Simpson P Blake Snell P Hunter Brown SS Taylor Walls,,,
219,5215214853,AbeyBaby88 (11/20),0,123.549995,1B Jonathan Aranda 2B Jeff McNeil 3B Yandy Diaz C Austin Wynns OF Brandon Nimmo OF Corbin Carroll OF Chandler Simpson P Blake Snell P Hunter Brown SS Taylor Walls,,,
219,5215513970,andymartin5586 (6/20),0,123.549995,1B Joc Pederson 2B Ketel Marte 3B Nolan Arenado C James McCann OF Brandon Nimmo OF Corbin Carroll OF Tim Tawa P Blake Snell P Hunter Brown SS Corey Seager,,,
219,5215585747,scohen21 (11/20),0,123.549995,1B Joc Pederson 2B Richie Palacios 3B Yandy Diaz C Austin Wynns OF Brandon Nimmo OF Chandler Simpson OF Wyatt Langford P Blake Snell P Hunter Brown SS Zach Neto,,,
219,5215678505,minfan77 (15/20),0,123.549995,1B Liam Hicks 2B Ketel Marte 3B Nolan Arenado C Gabriel Moreno OF Lars Nootbaar OF Victor Mesa Jr. OF Ryan Waldschmidt P Blake Snell P Hunter Brown SS Taylor Walls,,,
224,5215214862,AbeyBaby88 (20/20),0,123.45,1B Yandy Diaz 2B Osleivis Basabe 3B Junior Caminero C Hunter Goodman OF Fernando Tatis Jr. OF Jung Hoo Lee OF Victor Mesa Jr. P Tomoyuki Sugano P Cody Bradford SS Ezequiel Tovar,,,
225,5215084741,jokerdpo (1/2),0,123.2,1B Liam Hicks 2B Ketel Marte 3B Junior Caminero C Gabriel Moreno OF Jihwan Bae OF Corbin Carroll OF Chandler Simpson P Hunter Brown P Ryan Johnson SS Taylor Walls,,,
226,5215697599,beckynjayd (6/20),0,123.05,1B Jonathan Aranda 2B Ketel Marte 3B Yandy Diaz C Liam Hicks OF Andy Pages OF Victor Mesa Jr. OF Chandler Simpson P Cody Bradford P Mitch Bratt SS Mookie Betts,,,
227,5214866669,Sammy.Boy (19/20),0,123,1B Jonathan Aranda 2B Oswald Peraza 3B Junior Caminero C Liam Hicks OF Victor Mesa Jr. OF Victor Bericoto OF Chandler Simpson P Blake Snell P Walker Buehler SS Zach Neto,,,
227,5215063755,codyewell (5/20),0,123,1B Joc Pederson 2B Jose Altuve 3B Junior Caminero C Liam Hicks OF Jihwan Bae OF Victor Mesa Jr. OF Chandler Simpson P Cody Bradford P Hunter Brown SS Taylor Walls,,,
227,5215144187,kreller17 (8/20),0,123,1B Freddie Freeman 2B Willi Castro 3B Connor Norby C Hunter Goodman OF Jake McCarthy OF Victor Mesa Jr. OF Cole Carrigg P Blake Snell P Tomoyuki Sugano SS Mookie Betts,,,
227,5215591847,Buckeye-Ninja (2/5),0,123,1B Joc Pederson 2B Ketel Marte 3B Max Muncy C Salvador Perez OF Kyle Tucker OF Alex Call OF Corbin Carroll P Cody Bradford P Hunter Brown SS Mookie Betts,,,
231,5215487718,mlief (19/20),0,122.95,1B Yandy Diaz 2B Jeff McNeil 3B Junior Caminero C Ben Rortvedt OF Shohei Ohtani OF Victor Mesa Jr. OF Chandler Simpson P Hunter Brown P Mitch Bratt SS Taylor Walls,,,
231,5215624173,jballagh (10/20),0,122.95,1B Joc Pederson 2B Richie Palacios 3B Yandy Diaz C Liam Hicks OF Victor Mesa Jr. OF Chandler Simpson OF Wyatt Langford P Hunter Brown P Mitch Bratt SS Zach Neto,,,
233,5215177083,SpeedRacer101 (5/20),0,122.85,1B Shohei Ohtani 2B Ketel Marte 3B Kyle Karros C James McCann OF Kyle Tucker OF Lars Nootbaar OF Corbin Carroll P Blake Snell P Ryan Johnson SS Mookie Betts,,,
233,5215585750,scohen21 (14/20),0,122.85,1B Jonathan Aranda 2B Ketel Marte 3B Junior Caminero C James McCann OF Cedric Mullins OF Victor Mesa Jr. OF Chandler Simpson P Blake Snell P Ryan Johnson SS Willy Adames,,,
235,5214866666,Sammy.Boy (16/20),0,122.65,1B Yandy Diaz 2B Jeff McNeil 3B Zack Gelof C Liam Hicks OF Cedric Mullins OF Lawrence Butler OF Chandler Simpson P Blake Snell P Cody Bradford SS Taylor Walls,,,
236,5215121872,thundrenterprises (16/20),0,122.6,1B Jonathan Aranda 2B Jeff McNeil 3B Junior Caminero C Liam Hicks OF Lawrence Butler OF Victor Mesa Jr. OF Chandler Simpson P Blake Snell P Mitch Bratt SS Jacob Wilson,,,
236,5215319607,Dubbzz (12/20),0,122.6,1B Jonathan Aranda 2B Richie Palacios 3B Junior Caminero C Tyler Heineman OF Mike Trout OF Cedric Mullins OF Victor Mesa Jr. P Blake Snell P Mitch Bratt SS Zach Neto,,,
236,5215652429,ma15102 (13/20),0,122.6,1B Joc Pederson 2B Ketel Marte 3B Junior Caminero C James McCann OF Lars Nootbaar OF Corbin Carroll OF Chandler Simpson P Blake Snell P Mitch Bratt SS Corey Seager,,,
239,5215014252,Reboot78 (2/20),0,122.549995,1B Jonathan Aranda 2B Ketel Marte 3B Isaac Paredes C James McCann OF Lars Nootbaar OF Corbin Carroll OF Tim Tawa P Blake Snell P Hunter Brown SS Taylor Walls,,,
239,5215381381,FunkyKong (3/20),0,122.549995,1B Joc Pederson 2B Richie Palacios 3B Kyle Karros C Ben Rortvedt OF Shohei Ohtani OF Kyle Tucker OF Andy Pages P Blake Snell P Hunter Brown SS Mookie Betts,,,
239,5215565261,twspencer91,0,122.549995,1B Yandy Diaz 2B Osleivis Basabe 3B Isaac Paredes C Liam Hicks OF Jihwan Bae OF Corbin Carroll OF Henry Bolte P Blake Snell P Hunter Brown SS Taylor Walls,,,
242,5215360033,cachedinar (18/20),0,122.2,1B Liam Hicks 2B Oswald Peraza 3B Yandy Diaz C Hunter Goodman OF Cedric Mullins OF Lawrence Butler OF Victor Mesa Jr. P Hunter Brown P Ryan Johnson SS Taylor Walls,,,
243,5215045715,FoxyGrandpa252 (17/20),0,122,1B Rafael Devers 2B Osleivis Basabe 3B Junior Caminero C Gabriel Moreno OF Corbin Carroll OF Drew Gilbert OF Victor Bericoto P Blake Snell P Walker Buehler SS Willy Adames,,,
244,5215678502,minfan77 (12/20),0,121.95,1B Yandy Diaz 2B Jeff McNeil 3B Junior Caminero C Liam Hicks OF Carlos Cortes OF Zack Gelof OF Chandler Simpson P Hunter Brown P Mitch Bratt SS Taylor Walls,,,
245,5215359197,Cuscus3 (10/20),0,121.799995,1B Joc Pederson 2B Nicky Lopez 3B Junior Caminero C Austin Wynns OF Brandon Nimmo OF Victor Mesa Jr. OF Wyatt Langford P Blake Snell P Kyle Harrison SS Taylor Walls,,,
246,5215553314,ehaugen (2/4),0,121.7,1B Yandy Diaz 2B Jeff McNeil 3B Junior Caminero C William Contreras OF Cedric Mullins OF Jackson Chourio OF Chandler Simpson P Nick Martinez P Ryan Johnson SS Taylor Walls,,,
247,5214866661,Sammy.Boy (11/20),0,121.6,1B Jonathan Aranda 2B Ketel Marte 3B Yandy Diaz C Gabriel Moreno OF Cedric Mullins OF Lars Nootbaar OF Chandler Simpson P Blake Snell P Mitch Bratt SS Taylor Walls,,,
247,5215177091,SpeedRacer101 (13/20),0,121.6,1B Yandy Diaz 2B Jeff McNeil 3B Tommy White C Liam Hicks OF Shohei Ohtani OF Cedric Mullins OF Victor Mesa Jr. P Blake Snell P Mitch Bratt SS Taylor Walls,,,
247,5215345732,clathren (6/20),0,121.6,1B Jonathan Aranda 2B Jeff McNeil 3B Yandy Diaz C Liam Hicks OF Mike Trout OF Lars Nootbaar OF Corbin Carroll P Blake Snell P Mitch Bratt SS Mookie Betts,,,
247,5215652426,ma15102 (10/20),0,121.6,1B Joc Pederson 2B Brice Turang 3B Max Muncy C William Contreras OF Brandon Nimmo OF Lars Nootbaar OF Corbin Carroll P Blake Snell P Mitch Bratt SS Zach Neto,,,
251,5215014509,goofybh207 (3/3),0,121.55,1B Jonathan Aranda 2B Ketel Marte 3B Junior Caminero C Liam Hicks OF Lars Nootbaar OF Corbin Carroll OF Tim Tawa P Michael Wacha P Ryan Johnson SS Zach Neto,,,
251,5215301379,TrojanMom85,0,121.549995,1B Jonathan Aranda 2B Jeff McNeil 3B Nolan Arenado C Gabriel Moreno OF Brandon Nimmo OF Victor Mesa Jr. OF Chandler Simpson P Blake Snell P Hunter Brown SS Taylor Walls,,,
251,5215319605,Dubbzz (10/20),0,121.549995,1B Jonathan Aranda 2B Jeff McNeil 3B Yandy Diaz C James McCann OF Kyle Tucker OF Victor Mesa Jr. OF Chandler Simpson P Blake Snell P Hunter Brown SS Taylor Walls,,,
254,5215288552,HC0023 (18/20),0,121,1B Joc Pederson 2B Richie Palacios 3B Yandy Diaz C Liam Hicks OF Jake McCarthy OF Victor Mesa Jr. OF Wyatt Langford P Cody Bradford P Hunter Brown SS Taylor Walls,,,
255,5214946341,stock2mail (17/20),0,120.95,1B Yandy Diaz 2B Jeff McNeil 3B Junior Caminero C Liam Hicks OF Cedric Mullins OF Lawrence Butler OF Zack Gelof P Hunter Brown P Mitch Bratt SS Taylor Walls,,,
256,5215491834,wazzu24 (15/20),0,120.85,1B Jonathan Aranda 2B Willi Castro 3B Yandy Diaz C Hunter Goodman OF Mickey Moniak OF Lars Nootbaar OF Cole Carrigg P Blake Snell P Ryan Johnson SS Taylor Walls,,,
257,5215400099,lttlsht (20/20),0,120.65,1B Ildemaro Vargas 2B Ketel Marte 3B Nolan Arenado C Gabriel Moreno OF Kyle Tucker OF Alex Call OF Corbin Carroll P Blake Snell P Cody Bradford SS Mookie Betts,,,
258,5215585743,scohen21 (7/20),0,120.6,1B Jonathan Aranda 2B Richie Palacios 3B Junior Caminero C Austin Wynns OF Shohei Ohtani OF Chandler Simpson OF Wyatt Langford P Blake Snell P Mitch Bratt SS Taylor Walls,,,
258,5215649352,ARoman24 (2/5),0,120.6,1B Yandy Diaz 2B Richie Palacios 3B Junior Caminero C Liam Hicks OF Cedric Mullins OF Tim Tawa OF Cam Smith P Blake Snell P Mitch Bratt SS Corey Seager,,,
260,5215512847,TwoHearted (8/20),0,120.549995,1B Joc Pederson 2B Jeff McNeil 3B Kyle Karros C Hunter Goodman OF Jake McCarthy OF Lawrence Butler OF Cole Carrigg P Blake Snell P Hunter Brown SS Jacob Wilson,,,
261,5215158365,73pd2x (15/20),0,120.35,1B Jonathan Aranda 2B Jeff McNeil 3B Junior Caminero C Liam Hicks OF Lawrence Butler OF Zack Gelof OF Chandler Simpson P Walker Buehler P Hunter Brown SS Taylor Walls,,,
262,5215133468,eharig09 (10/20),0,120.25,1B Liam Hicks 2B Ketel Marte 3B Nolan Arenado C James McCann OF Victor Mesa Jr. OF Corbin Carroll OF Ryan Waldschmidt P Michael Wacha P Hunter Brown SS Taylor Walls,,,
263,5215702832,APot30 (2/20),0,120.2,1B Yandy Diaz 2B Tommy Edman 3B Junior Caminero C Ben Rortvedt OF Shohei Ohtani OF Alex Call OF Victor Mesa Jr. P Hunter Brown P Ryan Johnson SS Mookie Betts,,,
264,5215697602,beckynjayd (9/20),0,120.05,1B Jonathan Aranda 2B Ketel Marte 3B Junior Caminero C James McCann OF Shohei Ohtani OF Victor Mesa Jr. OF Chandler Simpson P Cody Bradford P Mitch Bratt SS Taylor Walls,,,
265,5215052103,SeanDre (20/20),0,119.95,1B Jonathan Aranda 2B Ketel Marte 3B Yandy Diaz C Gabriel Moreno OF Victor Mesa Jr. OF Chandler Simpson OF Ryan Waldschmidt P Hunter Brown P Mitch Bratt SS Taylor Walls,,,
266,5215044015,whoisjohngalt420 (14/20),0,119.65,1B Jonathan Aranda 2B Jeff McNeil 3B Junior Caminero C Liam Hicks OF Carlos Cortes OF Zack Gelof OF Chandler Simpson P Blake Snell P Cody Bradford SS Taylor Walls,,,
266,5215116861,Ctracefan (2/20),0,119.65,1B Shohei Ohtani 2B Richie Palacios 3B Yandy Diaz C Ben Rortvedt OF Kyle Tucker OF Andy Pages OF Tim Tawa P Blake Snell P Cody Bradford SS Mookie Betts,,,
266,5215212753,SilversurferVII (6/20),0,119.65,1B Jonathan Aranda 2B Jeff McNeil 3B Yandy Diaz C Liam Hicks OF Lars Nootbaar OF Andy Pages OF Victor Mesa Jr. P Blake Snell P Cody Bradford SS Taylor Walls,,,
269,5214946330,stock2mail (6/20),0,119.6,1B Tim Tawa 2B Ketel Marte 3B Max Muncy C James McCann OF Shohei Ohtani OF Lars Nootbaar OF Andy Pages P Blake Snell P Mitch Bratt SS Mookie Betts,,,
269,5215674452,lefty4488 (8/15),0,119.6,1B Yandy Diaz 2B Jeff McNeil 3B Junior Caminero C Liam Hicks OF Lawrence Butler OF Zack Gelof OF Henry Bolte P Blake Snell P Mitch Bratt SS Jacob Wilson,,,
269,5215700139,cptnspaulding (2/20),0,119.6,1B Jeff McNeil 2B Ketel Marte 3B Nolan Arenado C Gabriel Moreno OF Shohei Ohtani OF Lars Nootbaar OF Corbin Carroll P Blake Snell P Mitch Bratt SS Mookie Betts,,,
269,5215700157,cptnspaulding (20/20),0,119.6,1B Tim Tawa 2B Ketel Marte 3B Yandy Diaz C Gabriel Moreno OF Lars Nootbaar OF Corbin Carroll OF Chandler Simpson P Blake Snell P Mitch Bratt SS Corey Seager,,,
273,5215346434,LOCNOTM (6/20),0,119.549995,1B Jonathan Aranda 2B Nicky Lopez 3B Junior Caminero C Austin Wynns OF Victor Mesa Jr. OF Evan Carter OF Chandler Simpson P Blake Snell P Hunter Brown SS Taylor Walls,,,
273,5215614732,FantasyGod101,0,119.549995,1B Yandy Diaz 2B Richie Palacios 3B Junior Caminero C Moises Ballesteros OF Kyle Isbel OF Victor Mesa Jr. OF Chandler Simpson P Blake Snell P Hunter Brown SS Ezequiel Tovar,,,
273,5215663875,Sheds4,0,119.549995,1B Jake Burger 2B Richie Palacios 3B Yandy Diaz C Liam Hicks OF Brandon Nimmo OF Evan Carter OF Chandler Simpson P Blake Snell P Hunter Brown SS Taylor Walls,,,
276,5214988167,travolta33,0,119.5,1B Jake Bauers 2B Brice Turang 3B Nolan Arenado C Hunter Goodman OF Austin Hays OF Fernando Tatis Jr. OF Tim Tawa P Nick Martinez P Cody Bradford SS Tyler Tolbert,,,
277,5215070293,LTskelter (10/20),0,119.25,1B Jonathan Aranda 2B Richie Palacios 3B Junior Caminero C Liam Hicks OF Shohei Ohtani OF Corbin Carroll OF Chandler Simpson P Mitch Bratt P Ryan Johnson SS Mookie Betts,,,
277,5215144442,untouchables-420 (8/10),0,119.25,1B Jac Caglianone 2B Richie Palacios 3B Junior Caminero C Liam Hicks OF Yordan Alvarez OF Lars Nootbaar OF Victor Mesa Jr. P Mitch Bratt P Ryan Johnson SS Bobby Witt Jr.,,,
279,5215171967,gomh16,0,119.05,1B Jonathan Aranda 2B Ketel Marte 3B Junior Caminero C Liam Hicks OF Lars Nootbaar OF Corbin Carroll OF Chandler Simpson P Cody Bradford P Mitch Bratt SS Taylor Walls,,,
279,5215669533,SkyU27 (7/10),0,119.05,1B Jonathan Aranda 2B Ketel Marte 3B Junior Caminero C Liam Hicks OF Lars Nootbaar OF Corbin Carroll OF Chandler Simpson P Cody Bradford P Mitch Bratt SS Taylor Walls,,,
281,5215184351,cadezane1 (1/3),0,118.95,1B Jac Caglianone 2B Ketel Marte 3B Nolan Arenado C Gabriel Moreno OF Jung Hoo Lee OF Corbin Carroll OF Chandler Simpson P Hunter Brown P Mitch Bratt SS Mookie Betts,,,
282,5215372210,tybry85 (6/20),0,118.65,1B Joc Pederson 2B Ketel Marte 3B Junior Caminero C Austin Wynns OF Brandon Nimmo OF Lars Nootbaar OF Corbin Carroll P Blake Snell P Cody Bradford SS Corey Seager,,,
282,5215664388,Albino_Zebra (4/20),0,118.65,1B Joc Pederson 2B Richie Palacios 3B Junior Caminero C Austin Wynns OF Brandon Nimmo OF Cedric Mullins OF Victor Mesa Jr. P Blake Snell P Cody Bradford SS Corey Seager,,,
284,5215054464,ttillie (8/20),0,118.6,1B Jonathan Aranda 2B Richie Palacios 3B Yandy Diaz C James McCann OF Andy Pages OF Victor Mesa Jr. OF Corbin Carroll P Blake Snell P Mitch Bratt SS Jacob Wilson,,,
284,5215445278,Skralph (9/20),0,118.6,1B Freddie Freeman 2B Jeff McNeil 3B Max Muncy C Liam Hicks OF Kyle Tucker OF Andy Pages OF Victor Mesa Jr. P Blake Snell P Mitch Bratt SS Mookie Betts,,,
284,5215700145,cptnspaulding (8/20),0,118.6,1B Shohei Ohtani 2B Ketel Marte 3B Nolan Arenado C James McCann OF Lars Nootbaar OF Zack Gelof OF Corbin Carroll P Blake Snell P Mitch Bratt SS Mookie Betts,,,
287,5215022847,Billyboy10,0,118.549995,1B Jonathan Aranda 2B Nicky Lopez 3B Yandy Diaz C Liam Hicks OF Cedric Mullins OF Carlos Cortes OF Tim Tawa P Blake Snell P Hunter Brown SS Taylor Walls,,,
287,5215121858,thundrenterprises (2/20),0,118.549995,1B Tim Tawa 2B Jeff McNeil 3B Yandy Diaz C Jonah Heim OF Lars Nootbaar OF Corbin Carroll OF Ryan Waldschmidt P Blake Snell P Hunter Brown SS Taylor Walls,,,
287,5215512855,TwoHearted (16/20),0,118.549995,1B Christian Walker 2B Jose Altuve 3B Yandy Diaz C Yainer Diaz OF Daulton Varsho OF Victor Mesa Jr. OF Cam Smith P Blake Snell P Hunter Brown SS Taylor Walls,,,
290,5215689576,moverman66,0,118.5,1B Jonathan Aranda 2B Richie Palacios 3B Yandy Diaz C Liam Hicks OF Brandon Nimmo OF Yordan Alvarez OF Cam Smith P Nick Martinez P Cody Bradford SS Taylor Walls,,,
291,5215450532,darrylposton (8/20),0,118.4,1B Yandy Diaz 2B Richie Palacios 3B Junior Caminero C Liam Hicks OF Mike Trout OF Jose Siri OF Cedric Mullins P Walker Buehler P Mitch Bratt SS Zach Neto,,,
291,5215063332,iamawful (5/6),0,118.399994,1B Joc Pederson 2B Ketel Marte 3B Nolan Arenado C Gabriel Moreno OF Kyle Tucker OF Lars Nootbaar OF Andy Pages P Nick Martinez P Hunter Brown SS Mookie Betts,,,
293,5215678492,minfan77 (2/20),0,118,1B Joc Pederson 2B Ketel Marte 3B Ezequiel Duran C Gabriel Moreno OF Brandon Nimmo OF Corbin Carroll OF Wyatt Langford P Blake Snell P Walker Buehler SS Nicky Lopez,,,
294,5215023012,jw1984 (7/20),0,117.85,1B Connor Norby 2B Vaughn Grissom 3B Kyle Karros C Hunter Goodman OF Mike Trout OF Jake McCarthy OF Cole Carrigg P Blake Snell P Ryan Johnson SS Zach Neto,,,
295,5215158368,73pd2x (18/20),0,117.75,1B Jonathan Aranda 2B Ildemaro Vargas 3B Junior Caminero C Hunter Goodman OF Jake McCarthy OF Victor Mesa Jr. OF Chandler Simpson P Michael Wacha P Carson Whisenhunt SS Taylor Walls,,,
296,5215185420,HairyBacks (11/20),0,117.6,1B Shohei Ohtani 2B Ketel Marte 3B Nolan Arenado C James McCann OF Kyle Tucker OF Lars Nootbaar OF Corbin Carroll P Blake Snell P Mitch Bratt SS Mookie Betts,,,
296,5215445274,Skralph (5/20),0,117.6,1B Shohei Ohtani 2B Ketel Marte 3B Nolan Arenado C James McCann OF Kyle Tucker OF Lars Nootbaar OF Corbin Carroll P Blake Snell P Mitch Bratt SS Mookie Betts,,,
296,5215649120,ARoman24 (1/5),0,117.6,1B Jonathan Aranda 2B Ketel Marte 3B Junior Caminero C Liam Hicks OF Jihwan Bae OF Victor Mesa Jr. OF Chandler Simpson P Blake Snell P Mitch Bratt SS Corey Seager,,,
296,5215652427,ma15102 (11/20),0,117.6,1B Joc Pederson 2B Brice Turang 3B Max Muncy C Gabriel Moreno OF Lars Nootbaar OF Corbin Carroll OF Henry Bolte P Blake Snell P Mitch Bratt SS Zach Neto,,,
296,5215670071,HammerSZN (11/20),0,117.6,1B Shohei Ohtani 2B Ketel Marte 3B Nolan Arenado C James McCann OF Kyle Tucker OF Lars Nootbaar OF Corbin Carroll P Blake Snell P Mitch Bratt SS Mookie Betts,,,
296,5215686592,woodreb5 (20/20),0,117.6,1B Jonathan Aranda 2B Jeff McNeil 3B Junior Caminero C Liam Hicks OF Lawrence Butler OF Victor Mesa Jr. OF Chandler Simpson P Blake Snell P Mitch Bratt SS Corey Seager,,,
302,5214998969,okelly36 (2/3),0,117.549995,1B Jake Burger 2B Oswald Peraza 3B Junior Caminero C Austin Wynns OF Victor Mesa Jr. OF Chandler Simpson OF Wyatt Langford P Blake Snell P Hunter Brown SS Taylor Walls,,,
302,5215653240,millermdm,0,117.549995,1B Jake Burger 2B Oswald Peraza 3B Junior Caminero C Austin Wynns OF Victor Mesa Jr. OF Chandler Simpson OF Wyatt Langford P Blake Snell P Hunter Brown SS Taylor Walls,,,
302,5215664387,Albino_Zebra (3/20),0,117.549995,1B Joc Pederson 2B Ketel Marte 3B Kyle Karros C Gabriel Moreno OF Jake McCarthy OF Corbin Carroll OF Jordan Beck P Blake Snell P Hunter Brown SS Ezequiel Tovar,,,
302,5215702013,BChap71 (1/3),0,117.549995,1B Jeff McNeil 2B Ketel Marte 3B Isaac Paredes C James McCann OF Carlos Cortes OF Garrett Mitchell OF Corbin Carroll P Blake Snell P Hunter Brown SS Mookie Betts,,,
306,5215246307,marktupelo (1/2),0,117.399994,1B Joc Pederson 2B Michael Massey 3B Junior Caminero C James McCann OF Brandon Nimmo OF Shohei Ohtani OF Cam Smith P Nick Martinez P Hunter Brown SS Taylor Walls,,,
307,5215097735,aurum48 (4/4),0,117.2,1B Tim Tawa 2B Ketel Marte 3B Nolan Arenado C Hunter Goodman OF Mike Trout OF Lars Nootbaar OF Corbin Carroll P Hunter Brown P Ryan Johnson SS Zach Neto,,,
307,5215664389,Albino_Zebra (5/20),0,117.2,1B Jonathan Aranda 2B Jeff McNeil 3B Junior Caminero C Liam Hicks OF Lars Nootbaar OF Victor Mesa Jr. OF Corbin Carroll P Hunter Brown P Ryan Johnson SS Taylor Walls,,,
309,5215384718,lttlsht (12/20),0,117.049995,1B Joc Pederson 2B Tommy Edman 3B Max Muncy C Liam Hicks OF Cedric Mullins OF Kyle Tucker OF Andy Pages P Blake Snell P Carson Whisenhunt SS Mookie Betts,,,
310,5215383659,Fluffhead017 (6/20),0,116.95,1B Yandy Diaz 2B Richie Palacios 3B Junior Caminero C Austin Wynns OF Cedric Mullins OF Lawrence Butler OF Chandler Simpson P Hunter Brown P Mitch Bratt SS Zach Neto,,,
311,5215384710,lttlsht (4/20),0,116.899994,1B Freddie Freeman 2B Tommy Edman 3B Yandy Diaz C William Contreras OF Kyle Tucker OF Andy Pages OF Victor Mesa Jr. P Nick Martinez P Carson Whisenhunt SS Mookie Betts,,,
312,5215487712,mlief (13/20),0,116.85,1B Freddie Freeman 2B Oswald Peraza 3B Junior Caminero C Ben Rortvedt OF Shohei Ohtani OF Kyle Tucker OF Victor Mesa Jr. P Blake Snell P Ryan Johnson SS Mookie Betts,,,
312,5215632579,Emac (11/20),0,116.85,1B Rafael Devers 2B Ketel Marte 3B Junior Caminero C Gabriel Moreno OF Jung Hoo Lee OF Lars Nootbaar OF Corbin Carroll P Blake Snell P Ryan Johnson SS Willy Adames,,,
312,5215708509,sportsfan14 (16/20),0,116.85,1B Jonathan Aranda 2B Jeff McNeil 3B Yandy Diaz C Hunter Goodman OF Cedric Mullins OF Mickey Moniak OF Chandler Simpson P Blake Snell P Ryan Johnson SS Taylor Walls,,,
315,5215701255,TNeidert (2/20),0,116.75,1B Joc Pederson 2B Ketel Marte 3B Nick Loftin C Carter Jensen OF Brandon Nimmo OF Jac Caglianone OF Wyatt Langford P Nick Martinez P Michael Wacha SS Bobby Witt Jr.,,,
316,5215116862,Ctracefan (3/20),0,116.6,1B Jonathan Aranda 2B Richie Palacios 3B Yandy Diaz C James McCann OF Victor Mesa Jr. OF Corbin Carroll OF Chandler Simpson P Blake Snell P Mitch Bratt SS Corey Seager,,,
316,5215401268,jnwallen (1/17),0,116.6,1B Joc Pederson 2B Nicky Lopez 3B Junior Caminero C Liam Hicks OF Brandon Nimmo OF Victor Mesa Jr. OF Wyatt Langford P Blake Snell P Mitch Bratt SS Corey Seager,,,
316,5215491828,wazzu24 (9/20),0,116.6,1B Freddie Freeman 2B Richie Palacios 3B Yandy Diaz C Ben Rortvedt OF Shohei Ohtani OF Kyle Tucker OF Andy Pages P Blake Snell P Mitch Bratt SS Taylor Walls,,,
319,5214866663,Sammy.Boy (13/20),0,116.549995,1B Joc Pederson 2B Tommy Edman 3B Nolan Arenado C Austin Wynns OF Shohei Ohtani OF Alex Call OF Andy Pages P Blake Snell P Hunter Brown SS Mookie Betts,,,
319,5215212751,SilversurferVII (4/20),0,116.549995,1B Tim Tawa 2B Richie Palacios 3B Nolan Arenado C James McCann OF Mike Trout OF Lars Nootbaar OF Corbin Carroll P Blake Snell P Hunter Brown SS Zach Neto,,,
319,5215591850,Buckeye-Ninja (5/5),0,116.549995,1B Jonathan Aranda 2B Oswald Peraza 3B Junior Caminero C Moises Ballesteros OF Jose Siri OF Victor Mesa Jr. OF Chandler Simpson P Blake Snell P Hunter Brown SS Taylor Walls,,,
319,5215655645,jetty76 (3/20),0,116.549995,1B Jonathan Aranda 2B Richie Palacios 3B Yandy Diaz C Austin Wynns OF Victor Mesa Jr. OF Evan Carter OF Chandler Simpson P Blake Snell P Hunter Brown SS Zach Neto,,,
323,5215070291,LTskelter (8/20),0,116.5,1B Joc Pederson 2B Richie Palacios 3B Junior Caminero C Liam Hicks OF Victor Mesa Jr. OF Chandler Simpson OF Wyatt Langford P Nick Martinez P Cody Bradford SS Corey Seager,,,
323,5215505828,curleeshu (2/5),0,116.5,1B Joc Pederson 2B Ketel Marte 3B Junior Caminero C James McCann OF Alex Call OF Jackson Chourio OF Wyatt Langford P Nick Martinez P Cody Bradford SS Zach Neto,,,
323,5215578168,chfen07 (20/20),0,116.5,1B Joc Pederson 2B Richie Palacios 3B Junior Caminero C Liam Hicks OF Victor Mesa Jr. OF Chandler Simpson OF Wyatt Langford P Nick Martinez P Cody Bradford SS Corey Seager,,,
326,5215288537,HC0023 (3/20),0,116.45,1B Jonathan Aranda 2B Brice Turang 3B Yandy Diaz C Liam Hicks OF Shohei Ohtani OF Victor Mesa Jr. OF Chandler Simpson P Mitch Bratt P Carson Whisenhunt SS Mookie Betts,,,
327,5215038648,aquafinatim (20/20),0,116.2,1B Jonathan Aranda 2B Richie Palacios 3B Yandy Diaz C Hunter Goodman OF Jake McCarthy OF Chandler Simpson OF Cole Carrigg P Hunter Brown P Ryan Johnson SS Taylor Walls,,,
328,5215044046,kcroyalfan (4/20),0,116.05,1B Joc Pederson 2B Tommy Edman 3B Junior Caminero C Gabriel Moreno OF Corbin Carroll OF Chandler Simpson OF Wyatt Langford P Cody Bradford P Mitch Bratt SS Mookie Betts,,,
328,5215119007,K2fatbob,0,116.05,1B Tim Tawa 2B Ketel Marte 3B Connor Norby C Hunter Goodman OF Mickey Moniak OF Jihwan Bae OF Corbin Carroll P Blake Snell P Nick Martinez SS Corey Seager,,,
328,5215687905,sportsfan882,0,116.05,1B Yandy Diaz 2B Ketel Marte 3B Nolan Arenado C Liam Hicks OF Kyle Tucker OF Victor Mesa Jr. OF Corbin Carroll P Cody Bradford P Mitch Bratt SS Jacob Wilson,,,
328,5215117901,Dominator-Seguin (11/20),0,116.049995,1B Jake Bauers 2B Richie Palacios 3B Yandy Diaz C Ben Rortvedt OF Shohei Ohtani OF Andy Pages OF Chandler Simpson P Blake Snell P Carson Whisenhunt SS Mookie Betts,,,
332,5215318706,mrclean913 (17/20),0,115.85,1B Ty France 2B Jake Cronenworth 3B Manny Machado C Liam Hicks OF Jake McCarthy OF Fernando Tatis Jr. OF Cole Carrigg P Nick Martinez P Walker Buehler SS Xander Bogaerts,,,
332,5215491826,wazzu24 (7/20),0,115.85,1B Jonathan Aranda 2B Willi Castro 3B Junior Caminero C James McCann OF Lars Nootbaar OF Corbin Carroll OF Chandler Simpson P Blake Snell P Ryan Johnson SS Mookie Betts,,,
334,5215651666,colbyhornet (7/20),0,115.65,1B Rafael Devers 2B Ketel Marte 3B Nolan Arenado C James McCann OF Corbin Carroll OF Tim Tawa OF Jackson Chourio P Blake Snell P Cody Bradford SS Willy Adames,,,
335,5215044020,whoisjohngalt420 (19/20),0,115.6,1B Jonathan Aranda 2B Vaughn Grissom 3B Yandy Diaz C Tyler Heineman OF Mike Trout OF Cedric Mullins OF Victor Mesa Jr. P Blake Snell P Mitch Bratt SS Zach Neto,,,
335,5215264781,cwthrow24 (2/20),0,115.6,1B Jonathan Aranda 2B Oswald Peraza 3B Junior Caminero C Liam Hicks OF Jose Siri OF Victor Mesa Jr. OF Chandler Simpson P Blake Snell P Mitch Bratt SS Zach Neto,,,
335,5215651676,colbyhornet (17/20),0,115.6,1B Freddie Freeman 2B Jose Altuve 3B Isaac Paredes C Yainer Diaz OF Yordan Alvarez OF Victor Mesa Jr. OF Cam Smith P Blake Snell P Mitch Bratt SS Taylor Walls,,,
335,5215652417,ma15102 (1/20),0,115.6,1B Joc Pederson 2B Ketel Marte 3B Max Muncy C Gabriel Moreno OF Brandon Nimmo OF Lars Nootbaar OF Corbin Carroll P Blake Snell P Mitch Bratt SS Corey Seager,,,
335,5215652422,ma15102 (6/20),0,115.6,1B Joc Pederson 2B Ketel Marte 3B Max Muncy C Gabriel Moreno OF Lars Nootbaar OF Corbin Carroll OF Chandler Simpson P Blake Snell P Mitch Bratt SS Corey Seager,,,
340,5215578162,chfen07 (14/20),0,115.55,1B Jonathan Aranda 2B Richie Palacios 3B Yandy Diaz C Hunter Goodman OF Jake McCarthy OF Victor Mesa Jr. OF Chandler Simpson P Michael Wacha P Ryan Johnson SS Zach Neto,,,
340,5214982201,Swishdakyng (9/20),0,115.549995,1B Tim Tawa 2B Ketel Marte 3B Nolan Arenado C Gabriel Moreno OF Jose Siri OF Lars Nootbaar OF Andy Pages P Blake Snell P Hunter Brown SS Mookie Betts,,,
340,5215039607,Satch65 (16/20),0,115.549995,1B Jeff McNeil 2B Vaughn Grissom 3B Zack Gelof C Liam Hicks OF Cedric Mullins OF Victor Mesa Jr. OF Chandler Simpson P Blake Snell P Hunter Brown SS Taylor Walls,,,
340,5215039609,Satch65 (18/20),0,115.549995,1B Joc Pederson 2B Brice Turang 3B Max Muncy C Austin Wynns OF Brandon Nimmo OF Evan Carter OF Wyatt Langford P Blake Snell P Hunter Brown SS Taylor Walls,,,
340,5215383666,Fluffhead017 (13/20),0,115.549995,1B Joc Pederson 2B Ketel Marte 3B Nolan Arenado C James McCann OF Lars Nootbaar OF Lawrence Butler OF Corbin Carroll P Blake Snell P Hunter Brown SS Corey Seager,,,
345,5215384722,lttlsht (16/20),0,115.450005,1B Ildemaro Vargas 2B Ketel Marte 3B Yandy Diaz C Gabriel Moreno OF Lars Nootbaar OF Corbin Carroll OF Chandler Simpson P Walker Buehler P Cody Bradford SS Mookie Betts,,,
346,5215144196,kreller17 (17/20),0,115.35,1B Joc Pederson 2B Nicky Lopez 3B Manny Machado C Luis Campusano OF Brandon Nimmo OF Fernando Tatis Jr. OF Wyatt Langford P Walker Buehler P Hunter Brown SS Corey Seager,,,
347,5215052099,SeanDre (16/20),0,115.2,1B Jonathan Aranda 2B Brice Turang 3B Yandy Diaz C Liam Hicks OF Daulton Varsho OF Victor Mesa Jr. OF Cam Smith P Hunter Brown P Ryan Johnson SS Taylor Walls,,,
347,5215651665,colbyhornet (6/20),0,115.2,1B Yandy Diaz 2B Willi Castro 3B Zack Gelof C Hunter Goodman OF Cedric Mullins OF Victor Mesa Jr. OF Chandler Simpson P Hunter Brown P Ryan Johnson SS Taylor Walls,,,
349,5215054460,ttillie (4/20),0,115.05,1B Joc Pederson 2B Brice Turang 3B Junior Caminero C Liam Hicks OF Shohei Ohtani OF Evan Carter OF Chandler Simpson P Cody Bradford P Mitch Bratt SS Taylor Walls,,,
349,5215697604,beckynjayd (11/20),0,115.05,1B Yandy Diaz 2B Tommy Edman 3B Junior Caminero C Liam Hicks OF Brandon Nimmo OF Chandler Simpson OF Wyatt Langford P Cody Bradford P Mitch Bratt SS Taylor Walls,,,
351,5215113509,milligolf (12/20),0,115,1B Jac Caglianone 2B Richie Palacios 3B Isaac Paredes C Salvador Perez OF Cedric Mullins OF Victor Mesa Jr. OF Chandler Simpson P Cody Bradford P Hunter Brown SS Taylor Walls,,,
351,5215251219,Wanna_Square_Up1567 (10/20),0,115,1B Tim Tawa 2B Ketel Marte 3B Nolan Arenado C Hunter Goodman OF Lars Nootbaar OF Corbin Carroll OF Jordan Beck P Cody Bradford P Hunter Brown SS Mookie Betts,,,
353,5214982195,Swishdakyng (3/20),0,114.95,1B Yandy Diaz 2B Richie Palacios 3B Junior Caminero C Austin Wynns OF Corbin Carroll OF Evan Carter OF Chandler Simpson P Hunter Brown P Mitch Bratt SS Zach Neto,,,
354,5215038640,aquafinatim (12/20),0,114.85,1B Jonathan Aranda 2B Richie Palacios 3B Junior Caminero C Liam Hicks OF Jake McCarthy OF Corbin Carroll OF Chandler Simpson P Walker Buehler P Carson Whisenhunt SS Zach Neto,,,
354,5215331992,jeffylube (12/20),0,114.85,1B Jonathan Aranda 2B Jeff McNeil 3B Junior Caminero C Liam Hicks OF Lawrence Butler OF Zack Gelof OF Jackson Chourio P Blake Snell P Ryan Johnson SS Zach Neto,,,
356,5215431760,Anthonykorobellis (13/20),0,114.65,1B Jonathan Aranda 2B Richie Palacios 3B Junior Caminero C Liam Hicks OF Brandon Nimmo OF Evan Carter OF Wyatt Langford P Blake Snell P Cody Bradford SS Taylor Walls,,,
357,5215652418,ma15102 (2/20),0,114.6,1B Joc Pederson 2B Ketel Marte 3B Max Muncy C William Contreras OF Lars Nootbaar OF Corbin Carroll OF Chandler Simpson P Blake Snell P Mitch Bratt SS Corey Seager,,,
358,5215272273,jrancor22 (9/20),0,114.549995,1B Jonathan Aranda 2B Jeff McNeil 3B Tommy White C Liam Hicks OF Mike Trout OF Victor Mesa Jr. OF Chandler Simpson P Blake Snell P Hunter Brown SS Taylor Walls,,,
358,5215346443,LOCNOTM (15/20),0,114.549995,1B Jonathan Aranda 2B Jeff McNeil 3B Yandy Diaz C James McCann OF Cedric Mullins OF Lawrence Butler OF Chandler Simpson P Blake Snell P Hunter Brown SS Taylor Walls,,,
358,5215655649,jetty76 (7/20),0,114.549995,1B Jonathan Aranda 2B Jeff McNeil 3B Yandy Diaz C James McCann OF Cedric Mullins OF Lawrence Butler OF Chandler Simpson P Blake Snell P Hunter Brown SS Taylor Walls,,,
361,5215063770,codyewell (20/20),0,114.45,1B Jonathan Aranda 2B Tommy Edman 3B Junior Caminero C Liam Hicks OF Shohei Ohtani OF Victor Mesa Jr. OF Chandler Simpson P Mitch Bratt P Carson Whisenhunt SS Mookie Betts,,,
361,5215350345,bignew (2/2),0,114.45,1B Yandy Diaz 2B Tommy Edman 3B Junior Caminero C Ben Rortvedt OF Shohei Ohtani OF Kyle Tucker OF Henry Bolte P Nick Martinez P Mitch Bratt SS Mookie Betts,,,
363,5215697596,beckynjayd (3/20),0,114.05,1B Freddie Freeman 2B Tommy Edman 3B Junior Caminero C Liam Hicks OF Kyle Tucker OF Victor Mesa Jr. OF Chandler Simpson P Cody Bradford P Mitch Bratt SS Taylor Walls,,,
364,5215195078,jsamtoy (4/20),0,114,1B Shohei Ohtani 2B Oswald Peraza 3B Kyle Karros C Hunter Goodman OF Jake McCarthy OF Jordan Beck OF Cole Carrigg P Blake Snell P Walker Buehler SS Zach Neto,,,
364,5215207474,Elwaysarmy (11/20),0,114,1B Connor Norby 2B Willi Castro 3B Kyle Karros C Hunter Goodman OF Mike Trout OF Shohei Ohtani OF Jordan Beck P Blake Snell P Walker Buehler SS Zach Neto,,,
366,5215123053,jah_586 (5/20),0,113.85,1B Jonathan Aranda 2B Brice Turang 3B Junior Caminero C Ben Rortvedt OF Shohei Ohtani OF Kyle Tucker OF Alex Call P Blake Snell P Ryan Johnson SS Mookie Betts,,,
367,5215147055,j-wolf05 (20/20),0,113.8,1B Joc Pederson 2B Tommy Edman 3B Max Muncy C Liam Hicks OF Shohei Ohtani OF Andy Pages OF Wyatt Langford P Walker Buehler P Tomoyuki Sugano SS Mookie Betts,,,
368,5215185414,HairyBacks (5/20),0,113.65,1B Jonathan Aranda 2B Richie Palacios 3B Junior Caminero C Austin Wynns OF Shohei Ohtani OF Evan Carter OF Chandler Simpson P Blake Snell P Cody Bradford SS Taylor Walls,,,
368,5215372211,tybry85 (7/20),0,113.65,1B Joc Pederson 2B Ketel Marte 3B Yandy Diaz C James McCann OF Brandon Nimmo OF Lars Nootbaar OF Corbin Carroll P Blake Snell P Cody Bradford SS Corey Seager,,,
370,5215401274,jnwallen (7/17),0,113.6,1B Joc Pederson 2B Ketel Marte 3B Nolan Arenado C James McCann OF Brandon Nimmo OF Corbin Carroll OF Wyatt Langford P Blake Snell P Mitch Bratt SS Corey Seager,,,
370,5215445277,Skralph (8/20),0,113.6,1B Jonathan Aranda 2B Brice Turang 3B Yandy Diaz C Liam Hicks OF Garrett Mitchell OF Victor Mesa Jr. OF Chandler Simpson P Blake Snell P Mitch Bratt SS Ezequiel Tovar,,,
372,5215023007,jw1984 (2/20),0,113.549995,1B Jonathan Aranda 2B Oswald Peraza 3B Junior Caminero C James McCann OF Cedric Mullins OF Victor Mesa Jr. OF Jordan Beck P Blake Snell P Hunter Brown SS Taylor Walls,,,
372,5215381408,FunkyKong (19/20),0,113.549995,1B Jonathan Aranda 2B Nicky Lopez 3B Yandy Diaz C Salvador Perez OF Cedric Mullins OF Lars Nootbaar OF Victor Mesa Jr. P Blake Snell P Hunter Brown SS Taylor Walls,,,
374,5215063769,codyewell (19/20),0,113.450005,1B Jonathan Aranda 2B Jeff McNeil 3B Junior Caminero C Hunter Goodman OF Cedric Mullins OF Lars Nootbaar OF Victor Mesa Jr. P Walker Buehler P Cody Bradford SS Taylor Walls,,,
374,5215029968,az350z (16/20),0,113.45,1B Freddie Freeman 2B Tommy Edman 3B Junior Caminero C Liam Hicks OF Cedric Mullins OF Andy Pages OF Victor Mesa Jr. P Mitch Bratt P Carson Whisenhunt SS Taylor Walls,,,
376,5215246764,soonerdallas (5/20),0,113.2,1B Yandy Diaz 2B Donovan Walton 3B Junior Caminero C Liam Hicks OF Lawrence Butler OF Zack Gelof OF Chandler Simpson P Kyle Harrison P Mitch Bratt SS Taylor Walls,,,
377,5215029958,az350z (6/20),0,113.05,1B Nolan Schanuel 2B Jose Altuve 3B Junior Caminero C Moises Ballesteros OF Mike Trout OF Jose Siri OF Daulton Varsho P Blake Snell P Nick Martinez SS Zach Neto,,,
378,5215117899,Dominator-Seguin (9/20),0,113,1B Joc Pederson 2B Ketel Marte 3B Zack Gelof C Austin Wynns OF Mike Trout OF Brandon Nimmo OF Wyatt Langford P Blake Snell P Walker Buehler SS Jeremy Pena,,,
378,5215708494,sportsfan14 (1/20),0,113,1B Jonathan Aranda 2B Richie Palacios 3B Junior Caminero C Austin Wynns OF Brandon Nimmo OF Corbin Carroll OF Chandler Simpson P Cody Bradford P Hunter Brown SS Taylor Walls,,,
380,5215063751,codyewell (1/20),0,112.95,1B Jonathan Aranda 2B Jeff McNeil 3B Junior Caminero C Liam Hicks OF Lawrence Butler OF Zack Gelof OF Chandler Simpson P Hunter Brown P Mitch Bratt SS Taylor Walls,,,
380,5215651697,knox314 (13/20),0,112.95,1B Yandy Diaz 2B Ildemaro Vargas 3B Junior Caminero C James McCann OF Corbin Carroll OF Chandler Simpson OF Ryan Waldschmidt P Hunter Brown P Mitch Bratt SS Taylor Walls,,,
380,5215673604,AngerTornado (2/2),0,112.95,1B Joc Pederson 2B Ketel Marte 3B Junior Caminero C Liam Hicks OF Brandon Nimmo OF Lars Nootbaar OF Victor Mesa Jr. P Hunter Brown P Mitch Bratt SS Corey Seager,,,
383,5215161065,csurunnerccr (15/20),0,112.85,1B Connor Norby 2B Jose Altuve 3B Kyle Karros C Hunter Goodman OF Mike Trout OF Jake McCarthy OF Cole Carrigg P Blake Snell P Ryan Johnson SS Zach Neto,,,
383,5215177090,SpeedRacer101 (12/20),0,112.85,1B Jonathan Aranda 2B Willi Castro 3B Kyle Karros C Hunter Goodman OF Mike Trout OF Jake McCarthy OF Cole Carrigg P Blake Snell P Ryan Johnson SS Zach Neto,,,
383,5215195085,jsamtoy (11/20),0,112.85,1B Jonathan Aranda 2B Willi Castro 3B Kyle Karros C Hunter Goodman OF Mike Trout OF Jake McCarthy OF Cole Carrigg P Blake Snell P Ryan Johnson SS Zach Neto,,,
383,5215431754,Anthonykorobellis (7/20),0,112.85,1B Shohei Ohtani 2B Ketel Marte 3B Nolan Arenado C James McCann OF Lars Nootbaar OF Corbin Carroll OF Chandler Simpson P Blake Snell P Ryan Johnson SS Zach Neto,,,
383,5215512843,TwoHearted (4/20),0,112.85,1B Shohei Ohtani 2B Ketel Marte 3B Nolan Arenado C Gabriel Moreno OF Lars Nootbaar OF Corbin Carroll OF Jordan Beck P Blake Snell P Ryan Johnson SS Zach Neto,,,
388,5215054467,ttillie (11/20),0,112.65,1B Joc Pederson 2B Jose Altuve 3B Yandy Diaz C James McCann OF Andy Pages OF Zack Gelof OF Wyatt Langford P Blake Snell P Cody Bradford SS Mookie Betts,,,
388,5215396648,silencetheg (12/20),0,112.65,1B Jeff McNeil 2B Ketel Marte 3B Junior Caminero C Gabriel Moreno OF Carlos Cortes OF Lawrence Butler OF Henry Bolte P Blake Snell P Cody Bradford SS Jacob Wilson,,,
390,5214966602,hatdaddy (16/20),0,112.6,1B Nolan Schanuel 2B Vaughn Grissom 3B Yandy Diaz C Gabriel Moreno OF Mike Trout OF Chandler Simpson OF Wyatt Langford P Blake Snell P Mitch Bratt SS Zach Neto,,,
390,5215664395,Albino_Zebra (11/20),0,112.6,1B Jonathan Aranda 2B Tommy Edman 3B Junior Caminero C Liam Hicks OF Evan Carter OF Chandler Simpson OF Wyatt Langford P Blake Snell P Mitch Bratt SS Taylor Walls,,,
390,5215669949,chico0101 (1/2),0,112.6,1B Jeff McNeil 2B Brice Turang 3B Junior Caminero C Austin Wynns OF Christian Yelich OF Garrett Mitchell OF Corbin Carroll P Blake Snell P Mitch Bratt SS Zach Neto,,,
390,5215700144,cptnspaulding (7/20),0,112.6,1B Jonathan Aranda 2B Ketel Marte 3B Junior Caminero C James McCann OF Lars Nootbaar OF Corbin Carroll OF Tim Tawa P Blake Snell P Mitch Bratt SS Corey Seager,,,
394,5215346430,LOCNOTM (2/20),0,112.549995,1B Jonathan Aranda 2B Richie Palacios 3B Junior Caminero C Austin Wynns OF Brandon Nimmo OF Cedric Mullins OF Evan Carter P Blake Snell P Hunter Brown SS Taylor Walls,,,
394,5215513976,andymartin5586 (12/20),0,112.549995,1B Joc Pederson 2B Ketel Marte 3B Nolan Arenado C Gabriel Moreno OF Brandon Nimmo OF Lars Nootbaar OF Tim Tawa P Blake Snell P Hunter Brown SS Corey Seager,,,
394,5215533406,Henry113 (2/2),0,112.549995,1B Jonathan Aranda 2B Jeff McNeil 3B Yandy Diaz C Austin Wynns OF Brandon Nimmo OF Shohei Ohtani OF Carlos Cortes P Blake Snell P Hunter Brown SS Taylor Walls,,,
394,5215626773,L053R666,0,112.549995,1B Jeff McNeil 2B Donovan Walton 3B Isaac Paredes C Liam Hicks OF Cedric Mullins OF Victor Mesa Jr. OF Chandler Simpson P Blake Snell P Hunter Brown SS Taylor Walls,,,
394,5215647902,Hammer74,0,112.549995,1B Ty France 2B Jose Altuve 3B Isaac Paredes C Jonah Heim OF Carlos Cortes OF Lawrence Butler OF Chandler Simpson P Blake Snell P Hunter Brown SS Mookie Betts,,,
394,5215664398,Albino_Zebra (14/20),0,112.549995,1B Jonathan Aranda 2B Jeff McNeil 3B Nolan Arenado C Gabriel Moreno OF Lars Nootbaar OF Lawrence Butler OF Corbin Carroll P Blake Snell P Hunter Brown SS Mookie Betts,,,
400,5215121868,thundrenterprises (12/20),0,112.45,1B Yandy Diaz 2B Richie Palacios 3B Junior Caminero C James McCann OF Mike Trout OF Cedric Mullins OF Tim Tawa P Kyle Harrison P Ryan Johnson SS Taylor Walls,,,
401,5215318690,mrclean913 (1/20),0,112.3,1B Ty France 2B Brice Turang 3B Manny Machado C William Contreras OF Austin Hays OF Fernando Tatis Jr. OF Jackson Merrill P Michael Wacha P Mitch Bratt SS Willy Adames,,,
402,5215412574,Kay7Trini (2/2),0,112.2,1B Jonathan Aranda 2B Richie Palacios 3B Yandy Diaz C Salvador Perez OF Cedric Mullins OF Victor Mesa Jr. OF Corbin Carroll P Hunter Brown P Ryan Johnson SS Zach Neto,,,
403,5215044842,kcmust,0,112.05,1B Rafael Devers 2B Vaughn Grissom 3B Max Muncy C James McCann OF Brandon Nimmo OF Shohei Ohtani OF Lars Nootbaar P Blake Snell P Nick Martinez SS Mookie Betts,,,
403,5215359202,Cuscus3 (15/20),0,112.049995,1B Yandy Diaz 2B Richie Palacios 3B Junior Caminero C Austin Wynns OF Brandon Nimmo OF Cedric Mullins OF Chandler Simpson P Blake Snell P Carson Whisenhunt SS Corey Seager,,,
405,5215029960,az350z (8/20),0,111.95,1B Jake Burger 2B Richie Palacios 3B Junior Caminero C Liam Hicks OF Shohei Ohtani OF Victor Mesa Jr. OF Evan Carter P Hunter Brown P Mitch Bratt SS Taylor Walls,,,
406,5215264791,cwthrow24 (12/20),0,111.799995,1B Bryce Eldridge 2B Ketel Marte 3B Isaac Paredes C Ben Rortvedt OF Jake McCarthy OF Victor Mesa Jr. OF Chandler Simpson P Blake Snell P Kyle Harrison SS Mookie Betts,,,
407,5215701266,TNeidert (13/20),0,111.75,1B Joc Pederson 2B Ketel Marte 3B Nolan Arenado C Gabriel Moreno OF Brandon Nimmo OF Corbin Carroll OF Wyatt Langford P Nick Martinez P Michael Wacha SS Corey Seager,,,
408,5215272278,jrancor22 (14/20),0,111.65,1B Joc Pederson 2B Ketel Marte 3B Ezequiel Duran C Liam Hicks OF Brandon Nimmo OF Victor Mesa Jr. OF Wyatt Langford P Blake Snell P Cody Bradford SS Corey Seager,,,
409,5214982211,Swishdakyng (19/20),0,111.6,1B Jonathan Aranda 2B Ketel Marte 3B Nolan Arenado C Gabriel Moreno OF Kyle Tucker OF Lars Nootbaar OF Corbin Carroll P Blake Snell P Mitch Bratt SS Zach Neto,,,
409,5215052084,SeanDre (1/20),0,111.6,1B Joc Pederson 2B Ketel Marte 3B Junior Caminero C Gabriel Moreno OF Brandon Nimmo OF Evan Carter OF Wyatt Langford P Blake Snell P Mitch Bratt SS Corey Seager,,,
409,5215491823,wazzu24 (4/20),0,111.6,1B Jonathan Aranda 2B Vaughn Grissom 3B Max Muncy C William Contreras OF Mike Trout OF Cedric Mullins OF Chandler Simpson P Blake Snell P Mitch Bratt SS Taylor Walls,,,
409,5215585745,scohen21 (9/20),0,111.6,1B Joc Pederson 2B Ketel Marte 3B Junior Caminero C Gabriel Moreno OF Brandon Nimmo OF Evan Carter OF Wyatt Langford P Blake Snell P Mitch Bratt SS Corey Seager,,,
409,5215651688,knox314 (4/20),0,111.6,1B Jonathan Aranda 2B Tommy Edman 3B Junior Caminero C Liam Hicks OF Kyle Tucker OF Jihwan Bae OF Andy Pages P Blake Snell P Mitch Bratt SS Mookie Betts,,,
409,5215652428,ma15102 (12/20),0,111.6,1B Jonathan Aranda 2B Ketel Marte 3B Max Muncy C James McCann OF Lars Nootbaar OF Corbin Carroll OF Chandler Simpson P Blake Snell P Mitch Bratt SS Zach Neto,,,
409,5215685601,dillmaak2022 (19/20),0,111.6,1B Jonathan Aranda 2B Jeff McNeil 3B Junior Caminero C Austin Wynns OF Shohei Ohtani OF Cedric Mullins OF Chandler Simpson P Blake Snell P Mitch Bratt SS Taylor Walls,,,
416,5214946331,stock2mail (7/20),0,111.549995,1B Jonathan Aranda 2B Jeff McNeil 3B Zack Gelof C Liam Hicks OF Cedric Mullins OF Carlos Cortes OF Victor Mesa Jr. P Blake Snell P Hunter Brown SS Taylor Walls,,,
416,5215070303,LTskelter (20/20),0,111.549995,1B Tim Tawa 2B Ketel Marte 3B Nolan Arenado C James McCann OF Jake McCarthy OF Lars Nootbaar OF Cole Carrigg P Blake Snell P Hunter Brown SS Zach Neto,,,
418,5215707633,Harden84,0,111.5,1B Yandy Diaz 2B Ketel Marte 3B Nolan Arenado C Liam Hicks OF Brandon Nimmo OF Jake McCarthy OF Chandler Simpson P Nick Martinez P Cody Bradford SS Tyler Tolbert,,,
419,5215133474,eharig09 (16/20),0,111.25,1B Jake Burger 2B Richie Palacios 3B Junior Caminero C Liam Hicks OF Austin Hays OF Evan Carter OF Chandler Simpson P Michael Wacha P Hunter Brown SS Taylor Walls,,,
420,5214866657,Sammy.Boy (7/20),0,111.2,1B Jonathan Aranda 2B Jose Altuve 3B Junior Caminero C Liam Hicks OF Daulton Varsho OF Victor Mesa Jr. OF Chandler Simpson P Hunter Brown P Ryan Johnson SS Mookie Betts,,,
421,5215044052,kcroyalfan (10/20),0,111.05,1B Jonathan Aranda 2B Richie Palacios 3B Yandy Diaz C Liam Hicks OF Shohei Ohtani OF Kyle Tucker OF Victor Mesa Jr. P Cody Bradford P Mitch Bratt SS Mookie Betts,,,
421,5215044055,kcroyalfan (13/20),0,111.05,1B Jonathan Aranda 2B Richie Palacios 3B Yandy Diaz C Gabriel Moreno OF Brandon Nimmo OF Shohei Ohtani OF Corbin Carroll P Cody Bradford P Mitch Bratt SS Taylor Walls,,,
421,5215052093,SeanDre (10/20),0,111.05,1B Yandy Diaz 2B Richie Palacios 3B Junior Caminero C Yainer Diaz OF Jake Bauers OF Cedric Mullins OF Cam Smith P Cody Bradford P Mitch Bratt SS Taylor Walls,,,
421,5215251218,Wanna_Square_Up1567 (9/20),0,111.05,1B Tim Tawa 2B Richie Palacios 3B Junior Caminero C Liam Hicks OF Cedric Mullins OF Jac Caglianone OF Chandler Simpson P Cody Bradford P Mitch Bratt SS Bobby Witt Jr.,,,
425,5215651702,knox314 (18/20),0,110.95,1B Jonathan Aranda 2B Ketel Marte 3B Nolan Arenado C James McCann OF Shohei Ohtani OF Corbin Carroll OF Tim Tawa P Hunter Brown P Mitch Bratt SS Mookie Betts,,,
425,5215685038,meyers2305 (16/20),0,110.95,1B Yandy Diaz 2B Jeff McNeil 3B Junior Caminero C James McCann OF Brandon Nimmo OF Zack Gelof OF Jac Caglianone P Hunter Brown P Mitch Bratt SS Zach Neto,,,
427,5215707343,richab2994,0,110.899994,1B Jonathan Aranda 2B Ketel Marte 3B Nick Loftin C Jonah Heim OF Cedric Mullins OF Tim Tawa OF Chandler Simpson P Nick Martinez P Carson Whisenhunt SS Mookie Betts,,,
428,5215052086,SeanDre (3/20),0,110.65,1B Jake Burger 2B Richie Palacios 3B Yandy Diaz C Liam Hicks OF Brandon Nimmo OF Cedric Mullins OF Wyatt Langford P Blake Snell P Cody Bradford SS Taylor Walls,,,
428,5215106746,rsumrall (10/20),0,110.65,1B Jonathan Aranda 2B Richie Palacios 3B Junior Caminero C Liam Hicks OF Jihwan Bae OF Evan Carter OF Jackson Chourio P Blake Snell P Cody Bradford SS Taylor Walls,,,
428,5215235867,A.Burgos930 (6/20),0,110.65,1B Jonathan Aranda 2B Jeff McNeil 3B Junior Caminero C Liam Hicks OF Lars Nootbaar OF Zack Gelof OF Chandler Simpson P Blake Snell P Cody Bradford SS Taylor Walls,,,
428,5215487700,mlief (1/20),0,110.65,1B Joc Pederson 2B Ketel Marte 3B Nolan Arenado C Gabriel Moreno OF Carlos Cortes OF Lars Nootbaar OF Corbin Carroll P Blake Snell P Cody Bradford SS Corey Seager,,,
432,5215116864,Ctracefan (5/20),0,110.6,1B Nolan Schanuel 2B Ketel Marte 3B Vaughn Grissom C James McCann OF Mike Trout OF Brandon Nimmo OF Shohei Ohtani P Blake Snell P Mitch Bratt SS Zach Neto,,,
432,5215409972,jnwallen (12/17),0,110.6,1B Joc Pederson 2B Ketel Marte 3B Ezequiel Duran C Gabriel Moreno OF Brandon Nimmo OF Corbin Carroll OF Wyatt Langford P Blake Snell P Mitch Bratt SS Corey Seager,,,
432,5215652435,ma15102 (19/20),0,110.6,1B Jonathan Aranda 2B Ketel Marte 3B Isaac Paredes C Gabriel Moreno OF Brandon Nimmo OF Lars Nootbaar OF Corbin Carroll P Blake Snell P Mitch Bratt SS Zach Neto,,,
432,5215685024,meyers2305 (2/20),0,110.6,1B Joc Pederson 2B Ketel Marte 3B Junior Caminero C Moises Ballesteros OF Brandon Nimmo OF Shohei Ohtani OF Lars Nootbaar P Blake Snell P Mitch Bratt SS Corey Seager,,,
436,5215177080,SpeedRacer101 (2/20),0,110.549995,1B Nolan Schanuel 2B Vaughn Grissom 3B Isaac Paredes C Moises Ballesteros OF Mike Trout OF Victor Mesa Jr. OF Chandler Simpson P Blake Snell P Hunter Brown SS Zach Neto,,,
437,5215711533,Kilroyxx7,0,110.5,1B Jonathan Aranda 2B Richie Palacios 3B Yandy Diaz C Gabriel Moreno OF Cedric Mullins OF Lars Nootbaar OF Corbin Carroll P Nick Martinez P Cody Bradford SS Taylor Walls,,,
438,5215052095,SeanDre (12/20),0,110.4,1B Shohei Ohtani 2B Jeff McNeil 3B Junior Caminero C Liam Hicks OF Cedric Mullins OF Andy Pages OF Chandler Simpson P Walker Buehler P Mitch Bratt SS Taylor Walls,,,
438,5215068402,pat_the_hat2 (19/20),0,110.399994,1B Jonathan Aranda 2B Brice Turang 3B Yandy Diaz C Liam Hicks OF Jihwan Bae OF Chandler Simpson OF Luis Lara P Nick Martinez P Hunter Brown SS Taylor Walls,,,
438,5215713348,SICKHEMI (11/20),0,110.399994,1B Jonathan Aranda 2B Ketel Marte 3B Nolan Arenado C James McCann OF Corbin Carroll OF Chandler Simpson OF Ryan Waldschmidt P Nick Martinez P Hunter Brown SS Mookie Betts,,,
438,5215716103,chauboodle,0,110.399994,1B Freddie Freeman 2B Ketel Marte 3B Nick Loftin C Gabriel Moreno OF Lars Nootbaar OF Victor Mesa Jr. OF Tim Tawa P Nick Martinez P Hunter Brown SS Zach Neto,,,
442,5215641741,bhess777 (14/20),0,110.25,1B Jonathan Aranda 2B Brice Turang 3B Junior Caminero C Liam Hicks OF Jake Bauers OF Victor Mesa Jr. OF Chandler Simpson P Mitch Bratt P Ryan Johnson SS Zach Neto,,,
443,5215631923,Emac (1/20),0,110.2,1B Jeff McNeil 2B Ketel Marte 3B Yandy Diaz C James McCann OF Shohei Ohtani OF Corbin Carroll OF Tim Tawa P Hunter Brown P Ryan Johnson SS Zach Neto,,,
444,5215044053,kcroyalfan (11/20),0,110.05,1B Jonathan Aranda 2B Tommy Edman 3B Junior Caminero C Liam Hicks OF Kyle Tucker OF Victor Mesa Jr. OF Chandler Simpson P Cody Bradford P Mitch Bratt SS Mookie Betts,,,
444,5215678495,minfan77 (5/20),0,110.05,1B Jonathan Aranda 2B Brice Turang 3B Junior Caminero C Liam Hicks OF Jihwan Bae OF Victor Mesa Jr. OF Jackson Chourio P Cody Bradford P Mitch Bratt SS Taylor Walls,,,
446,5215396652,silencetheg (16/20),0,110,1B Connor Norby 2B Willi Castro 3B Yandy Diaz C Hunter Goodman OF Kyle Tucker OF Andy Pages OF Cole Carrigg P Blake Snell P Walker Buehler SS Ezequiel Tovar,,,
447,5215037403,LuckyDog21,0,109.95,1B Ty France 2B Jeff McNeil 3B Junior Caminero C Hunter Goodman OF Tim Tawa OF Jac Caglianone OF Chandler Simpson P Hunter Brown P Mitch Bratt SS Jacob Wilson,,,
448,5215179271,Schoey17 (8/8),0,109.85,1B Shohei Ohtani 2B Brice Turang 3B Junior Caminero C Ben Rortvedt OF Kyle Tucker OF Jihwan Bae OF Andy Pages P Blake Snell P Ryan Johnson SS Mookie Betts,,,
449,5215246770,soonerdallas (11/20),0,109.799995,1B Jonathan Aranda 2B Richie Palacios 3B Junior Caminero C James McCann OF Lars Nootbaar OF Tim Tawa OF Chandler Simpson P Blake Snell P Kyle Harrison SS Taylor Walls,,,
449,5215653037,brianLiza (1/2),0,109.799995,1B Nolan Schanuel 2B Jake Cronenworth 3B Manny Machado C Luis Campusano OF Fernando Tatis Jr. OF Cam Smith OF Luis Lara P Blake Snell P Kyle Harrison SS Xander Bogaerts,,,
451,5215121857,thundrenterprises (1/20),0,109.65,1B Joc Pederson 2B Nicky Lopez 3B Junior Caminero C Liam Hicks OF Brandon Nimmo OF Victor Mesa Jr. OF Wyatt Langford P Blake Snell P Cody Bradford SS Corey Seager,,,
451,5215123050,jah_586 (2/20),0,109.65,1B Jonathan Aranda 2B Jeff McNeil 3B Junior Caminero C Liam Hicks OF Jihwan Bae OF Jackson Chourio OF Chandler Simpson P Blake Snell P Cody Bradford SS Taylor Walls,,,
451,5215251211,Wanna_Square_Up1567 (2/20),0,109.65,1B Tim Tawa 2B Ketel Marte 3B Nolan Arenado C Gabriel Moreno OF Shohei Ohtani OF Corbin Carroll OF Jordan Beck P Blake Snell P Cody Bradford SS Ezequiel Tovar,,,
451,5215512844,TwoHearted (5/20),0,109.65,1B Joc Pederson 2B Jeff McNeil 3B Junior Caminero C Liam Hicks OF Cedric Mullins OF Daulton Varsho OF Victor Mesa Jr. P Blake Snell P Cody Bradford SS Corey Seager,,,
451,5215513979,andymartin5586 (15/20),0,109.65,1B Joc Pederson 2B Ketel Marte 3B Nolan Arenado C Gabriel Moreno OF Brandon Nimmo OF Lars Nootbaar OF Corbin Carroll P Blake Snell P Cody Bradford SS Corey Seager,,,
456,5214966595,hatdaddy (9/20),0,109.6,1B Jake Burger 2B Oswald Peraza 3B Junior Caminero C Liam Hicks OF Shohei Ohtani OF Lars Nootbaar OF Chandler Simpson P Blake Snell P Mitch Bratt SS Taylor Walls,,,
456,5215054466,ttillie (10/20),0,109.6,1B Jonathan Aranda 2B Ketel Marte 3B Isaac Paredes C Gabriel Moreno OF Lawrence Butler OF Corbin Carroll OF Chandler Simpson P Blake Snell P Mitch Bratt SS Corey Seager,,,
456,5215121873,thundrenterprises (17/20),0,109.6,1B Jonathan Aranda 2B Jeff McNeil 3B Junior Caminero C Liam Hicks OF Victor Mesa Jr. OF Henry Bolte OF Chandler Simpson P Blake Snell P Mitch Bratt SS Jacob Wilson,,,
456,5215381386,FunkyKong (8/20),0,109.6,1B Yandy Diaz 2B Oswald Peraza 3B Junior Caminero C Moises Ballesteros OF Victor Mesa Jr. OF Chandler Simpson OF Wyatt Langford P Walker Buehler P Kyle Harrison SS Taylor Walls,,,
456,5215383655,Fluffhead017 (2/20),0,109.6,1B Jonathan Aranda 2B Oswald Peraza 3B Yandy Diaz C Moises Ballesteros OF Shohei Ohtani OF Victor Mesa Jr. OF Chandler Simpson P Blake Snell P Mitch Bratt SS Zach Neto,,,
456,5215384167,SIRNBT1 (1/3),0,109.6,1B Freddie Freeman 2B Jeff McNeil 3B Junior Caminero C Gabriel Moreno OF Brandon Nimmo OF Shohei Ohtani OF Jihwan Bae P Blake Snell P Mitch Bratt SS Mookie Betts,,,
456,5215445270,Skralph (1/20),0,109.6,1B Jonathan Aranda 2B Jeff McNeil 3B Junior Caminero C Liam Hicks OF Brandon Nimmo OF Victor Mesa Jr. OF Chandler Simpson P Blake Snell P Mitch Bratt SS Corey Seager,,,
463,5214966601,hatdaddy (15/20),0,109.549995,1B Connor Norby 2B Ketel Marte 3B Kyle Karros C Gabriel Moreno OF Brandon Nimmo OF Chandler Simpson OF Cole Carrigg P Blake Snell P Hunter Brown SS Ezequiel Tovar,,,
463,5215011329,DigitalDash,0,109.549995,1B Jeff McNeil 2B Jake Cronenworth 3B Manny Machado C James McCann OF Austin Hays OF Fernando Tatis Jr. OF Corbin Carroll P Blake Snell P Hunter Brown SS Xander Bogaerts,,,
465,5215370187,brockstar5 (14/20),0,109.5,1B Freddie Freeman 2B Willi Castro 3B Kyle Karros C Hunter Goodman OF Kyle Tucker OF Garrett Mitchell OF Cole Carrigg P Nick Martinez P Cody Bradford SS Mookie Betts,,,
465,5215370189,brockstar5 (16/20),0,109.5,1B Freddie Freeman 2B Willi Castro 3B Kyle Karros C Hunter Goodman OF Kyle Tucker OF Garrett Mitchell OF Cole Carrigg P Nick Martinez P Cody Bradford SS Mookie Betts,,,
465,5215370190,brockstar5 (17/20),0,109.5,1B Freddie Freeman 2B Willi Castro 3B Kyle Karros C Hunter Goodman OF Kyle Tucker OF Garrett Mitchell OF Cole Carrigg P Nick Martinez P Cody Bradford SS Mookie Betts,,,
468,5215195076,jsamtoy (2/20),0,109.2,1B Yandy Diaz 2B Ketel Marte 3B Nolan Arenado C James McCann OF Mike Trout OF Lars Nootbaar OF Corbin Carroll P Hunter Brown P Ryan Johnson SS Zach Neto,,,
469,5215246768,soonerdallas (9/20),0,109.049995,1B Jonathan Aranda 2B Osleivis Basabe 3B Junior Caminero C Liam Hicks OF Cedric Mullins OF Jung Hoo Lee OF Victor Mesa Jr. P Blake Snell P Carson Whisenhunt SS Willy Adames,,,
469,5215288546,HC0023 (12/20),0,109.049995,1B Joc Pederson 2B Tommy Edman 3B Max Muncy C James McCann OF Shohei Ohtani OF Andy Pages OF Wyatt Langford P Blake Snell P Carson Whisenhunt SS Mookie Betts,,,
471,5215113503,milligolf (6/20),0,109,1B Shohei Ohtani 2B Vaughn Grissom 3B Max Muncy C Tyler Heineman OF Mike Trout OF Kyle Tucker OF Alex Call P Blake Snell P Walker Buehler SS Zach Neto,,,
472,5215331997,jeffylube (17/20),0,108.95,1B Joc Pederson 2B Ketel Marte 3B Junior Caminero C Salvador Perez OF Brandon Nimmo OF Lars Nootbaar OF Corbin Carroll P Hunter Brown P Mitch Bratt SS Corey Seager,,,
472,5215376652,jaakko (6/6),0,108.95,1B Jonathan Aranda 2B Ketel Marte 3B Yandy Diaz C Liam Hicks OF Lars Nootbaar OF Zack Gelof OF Chandler Simpson P Hunter Brown P Mitch Bratt SS Taylor Walls,,,
472,5215487716,mlief (17/20),0,108.95,1B Jonathan Aranda 2B Jeff McNeil 3B Junior Caminero C Liam Hicks OF Mike Trout OF Cedric Mullins OF Lawrence Butler P Hunter Brown P Mitch Bratt SS Taylor Walls,,,
472,5215718331,Awalker3081 (8/20),0,108.95,1B Joc Pederson 2B Jose Altuve 3B Junior Caminero C Liam Hicks OF Brandon Nimmo OF Cedric Mullins OF Evan Carter P Hunter Brown P Mitch Bratt SS Taylor Walls,,,
476,5215632583,Emac (15/20),0,108.85,1B Jonathan Aranda 2B Jeff McNeil 3B Yandy Diaz C Liam Hicks OF Shohei Ohtani OF Carlos Cortes OF Chandler Simpson P Blake Snell P Ryan Johnson SS Zach Neto,,,
477,5215147051,j-wolf05 (16/20),0,108.7,1B Jonathan Aranda 2B Oswald Peraza 3B Junior Caminero C Liam Hicks OF Jung Hoo Lee OF Victor Mesa Jr. OF Chandler Simpson P Michael Wacha P Walker Buehler SS Zach Neto,,,
478,5214946327,stock2mail (3/20),0,108.649994,1B Jonathan Aranda 2B Richie Palacios 3B Junior Caminero C Liam Hicks OF Brandon Nimmo OF Victor Mesa Jr. OF Jordan Beck P Blake Snell P Cody Bradford SS Corey Seager,,,
478,5215702837,APot30 (7/20),0,108.649994,1B Tim Tawa 2B Ketel Marte 3B Junior Caminero C James McCann OF Jake McCarthy OF Lars Nootbaar OF Corbin Carroll P Blake Snell P Cody Bradford SS Ezequiel Tovar,,,
480,5215044019,whoisjohngalt420 (18/20),0,108.6,1B Joc Pederson 2B Ketel Marte 3B Nolan Arenado C Gabriel Moreno OF Lars Nootbaar OF Corbin Carroll OF Wyatt Langford P Blake Snell P Mitch Bratt SS Corey Seager,,,
480,5215123057,jah_586 (9/20),0,108.6,1B Jake Bauers 2B Brice Turang 3B Junior Caminero C William Contreras OF Lars Nootbaar OF Jihwan Bae OF Jackson Chourio P Blake Snell P Mitch Bratt SS Taylor Walls,,,
480,5215158357,73pd2x (7/20),0,108.6,1B Freddie Freeman 2B Tommy Edman 3B Nolan Arenado C James McCann OF Shohei Ohtani OF Andy Pages OF Tim Tawa P Blake Snell P Mitch Bratt SS Mookie Betts,,,
480,5215487714,mlief (15/20),0,108.6,1B Jonathan Aranda 2B Brice Turang 3B Yandy Diaz C William Contreras OF Jake Bauers OF Jihwan Bae OF Jackson Chourio P Blake Snell P Mitch Bratt SS Taylor Walls,,,
480,5215652430,ma15102 (14/20),0,108.6,1B Jonathan Aranda 2B Ketel Marte 3B Max Muncy C Gabriel Moreno OF Brandon Nimmo OF Lars Nootbaar OF Chandler Simpson P Blake Snell P Mitch Bratt SS Zach Neto,,,
480,5215686575,woodreb5 (3/20),0,108.6,1B Yandy Diaz 2B Oswald Peraza 3B Junior Caminero C Moises Ballesteros OF Cedric Mullins OF Victor Mesa Jr. OF Chandler Simpson P Blake Snell P Mitch Bratt SS Corey Seager,,,
480,5215717612,Mrkvs (7/12),0,108.6,1B Tim Tawa 2B Jose Altuve 3B Max Muncy C James McCann OF Shohei Ohtani OF Kyle Tucker OF Andy Pages P Blake Snell P Mitch Bratt SS Mookie Betts,,,
487,5215110587,19murphy82,0,108.549995,1B Jeff McNeil 2B Brice Turang 3B Ezequiel Duran C Tyler Heineman OF Jake McCarthy OF Corbin Carroll OF Tim Tawa P Blake Snell P Hunter Brown SS Mookie Betts,,,
487,5215158367,73pd2x (17/20),0,108.549995,1B Yandy Diaz 2B Richie Palacios 3B Tommy White C Liam Hicks OF Cedric Mullins OF Jihwan Bae OF Henry Bolte P Blake Snell P Hunter Brown SS Taylor Walls,,,
487,5215161057,csurunnerccr (7/20),0,108.549995,1B Jonathan Aranda 2B Nicky Lopez 3B Junior Caminero C Austin Wynns OF Brandon Nimmo OF Chandler Simpson OF Wyatt Langford P Blake Snell P Hunter Brown SS Taylor Walls,,,
487,5215319609,Dubbzz (14/20),0,108.549995,1B Jake Burger 2B Richie Palacios 3B Yandy Diaz C Austin Wynns OF Cedric Mullins OF Chandler Simpson OF Wyatt Langford P Blake Snell P Hunter Brown SS Taylor Walls,,,
491,5215615432,easymoneynow (1/3),0,108.5,1B Jac Caglianone 2B Michael Massey 3B Max Muncy C Drew Cavanaugh OF Mike Trout OF Corbin Carroll OF Jackson Merrill P Nick Martinez P Cody Bradford SS Corey Seager,,,
491,5215651661,colbyhornet (2/20),0,108.5,1B Jonathan Aranda 2B Brice Turang 3B Junior Caminero C Liam Hicks OF Lars Nootbaar OF Corbin Carroll OF Chandler Simpson P Cody Bradford P Carson Whisenhunt SS Taylor Walls,,,
493,5215634446,kwy7422__u (1/2),0,108.45,1B Yandy Diaz 2B Ketel Marte 3B Nolan Arenado C Gabriel Moreno OF Shohei Ohtani OF Cedric Mullins OF Jackson Merrill P Mitch Bratt P Carson Whisenhunt SS Zach Neto,,,
493,5215634776,kwy7422__u (2/2),0,108.45,1B Yandy Diaz 2B Ketel Marte 3B Nolan Arenado C Gabriel Moreno OF Shohei Ohtani OF Cedric Mullins OF Jackson Merrill P Mitch Bratt P Carson Whisenhunt SS Zach Neto,,,
495,5215038631,aquafinatim (3/20),0,108.4,1B Joc Pederson 2B Tommy Edman 3B Max Muncy C Liam Hicks OF Shohei Ohtani OF Andy Pages OF Wyatt Langford P Walker Buehler P Mitch Bratt SS Mookie Betts,,,
495,5215686339,cyndi199,0,108.4,1B Bryce Eldridge 2B Jeff McNeil 3B Kyle Karros C William Contreras OF Mike Trout OF Jake Bauers OF Fernando Tatis Jr. P Nick Martinez P Hunter Brown SS Tyler Tolbert,,,
497,5215218860,TroyGilly91 (4/10),0,108.05,1B Jonathan Aranda 2B Jeff McNeil 3B Junior Caminero C Liam Hicks OF Shohei Ohtani OF Kyle Tucker OF Victor Mesa Jr. P Cody Bradford P Mitch Bratt SS Taylor Walls,,,
497,5215696683,mrfb (8/20),0,108.05,1B Jonathan Aranda 2B Ketel Marte 3B Junior Caminero C Liam Hicks OF Victor Mesa Jr. OF Corbin Carroll OF Chandler Simpson P Cody Bradford P Mitch Bratt SS Nicky Lopez,,,
497,5215697597,beckynjayd (4/20),0,108.05,1B Jonathan Aranda 2B Tommy Edman 3B Yandy Diaz C Liam Hicks OF Andy Pages OF Corbin Carroll OF Chandler Simpson P Cody Bradford P Mitch Bratt SS Taylor Walls,,,
500,5215212759,SilversurferVII (12/20),0,107.95,1B Shohei Ohtani 2B Jeff McNeil 3B Junior Caminero C Austin Wynns OF Cedric Mullins OF Victor Mesa Jr. OF Chandler Simpson P Hunter Brown P Mitch Bratt SS Taylor Walls,,,
500,5215272274,jrancor22 (10/20),0,107.95,1B Joc Pederson 2B Richie Palacios 3B Junior Caminero C Liam Hicks OF Brandon Nimmo OF Cedric Mullins OF Victor Mesa Jr. P Hunter Brown P Mitch Bratt SS Corey Seager,,,
500,5215487702,mlief (3/20),0,107.95,1B Jonathan Aranda 2B Ketel Marte 3B Isaac Paredes C Gabriel Moreno OF Cedric Mullins OF Victor Mesa Jr. OF Chandler Simpson P Hunter Brown P Mitch Bratt SS Taylor Walls,,,
500,5215642996,bassguy39 (6/15),0,107.95,1B Tim Tawa 2B Richie Palacios 3B Junior Caminero C James McCann OF Cedric Mullins OF Victor Mesa Jr. OF Chandler Simpson P Hunter Brown P Mitch Bratt SS Bobby Witt Jr.,,,
500,5215685215,dillmaak2022 (16/20),0,107.95,1B Jake Burger 2B Ketel Marte 3B Yandy Diaz C Gabriel Moreno OF Lars Nootbaar OF Corbin Carroll OF Tim Tawa P Hunter Brown P Mitch Bratt SS Zach Neto,,,
500,5215706436,seiferidjosh80 (1/9),0,107.95,1B Jake Burger 2B Jose Altuve 3B Junior Caminero C James McCann OF Cedric Mullins OF Victor Mesa Jr. OF Corbin Carroll P Hunter Brown P Mitch Bratt SS Taylor Walls,,,
506,5215164377,melvincali (13/20),0,107.85,1B Jeff McNeil 2B Ketel Marte 3B Willi Castro C Hunter Goodman OF Jake McCarthy OF Mickey Moniak OF Cole Carrigg P Blake Snell P Ryan Johnson SS Zach Neto,,,
506,5215257294,Grandhope (2/2),0,107.85,1B Freddie Freeman 2B Jeff McNeil 3B Nolan Arenado C William Contreras OF Christian Yelich OF Yordan Alvarez OF Corbin Carroll P Nick Martinez P Tomoyuki Sugano SS Mookie Betts,,,
506,5215445286,Skralph (17/20),0,107.85,1B Freddie Freeman 2B Ketel Marte 3B Max Muncy C James McCann OF Kyle Tucker OF Lars Nootbaar OF Andy Pages P Blake Snell P Ryan Johnson SS Mookie Betts,,,
506,5215670072,HammerSZN (12/20),0,107.85,1B Jonathan Aranda 2B Ketel Marte 3B Nolan Arenado C Gabriel Moreno OF Cedric Mullins OF Lars Nootbaar OF Corbin Carroll P Blake Snell P Ryan Johnson SS Zach Neto,,,
510,5215445289,Skralph (20/20),0,107.75,1B Jonathan Aranda 2B Oswald Peraza 3B Yandy Diaz C Liam Hicks OF Mike Trout OF Victor Mesa Jr. OF Chandler Simpson P Michael Wacha P Carson Whisenhunt SS Zach Neto,,,
510,5215619507,Cheri64,0,107.75,1B Shohei Ohtani 2B Richie Palacios 3B Junior Caminero C Hunter Feduccia OF Jose Siri OF Jonny DeLuca OF Andy Pages P Nick Martinez P Michael Wacha SS Taylor Walls,,,
512,5215318709,mrclean913 (20/20),0,107.7,1B Nolan Schanuel 2B Oswald Peraza 3B Junior Caminero C Hunter Goodman OF Mike Trout OF Jose Siri OF Chandler Simpson P Michael Wacha P Walker Buehler SS Zach Neto,,,
513,5215039606,Satch65 (15/20),0,107.65,1B Jonathan Aranda 2B Ketel Marte 3B Nolan Arenado C Gabriel Moreno OF Cedric Mullins OF Lars Nootbaar OF Chandler Simpson P Blake Snell P Cody Bradford SS Taylor Walls,,,
514,5215047406,luckie1710,0,107.6,1B Jonathan Aranda 2B Richie Palacios 3B Yandy Diaz C Austin Wynns OF Shohei Ohtani OF Victor Mesa Jr. OF Chandler Simpson P Blake Snell P Mitch Bratt SS Corey Seager,,,
514,5215158354,73pd2x (4/20),0,107.6,1B Freddie Freeman 2B Richie Palacios 3B Max Muncy C Ben Rortvedt OF Shohei Ohtani OF Cedric Mullins OF Chandler Simpson P Blake Snell P Mitch Bratt SS Taylor Walls,,,
514,5215161059,csurunnerccr (9/20),0,107.6,1B Jonathan Aranda 2B Oswald Peraza 3B Junior Caminero C Liam Hicks OF Cedric Mullins OF Victor Mesa Jr. OF Evan Carter P Blake Snell P Mitch Bratt SS Zach Neto,,,
514,5215585756,scohen21 (20/20),0,107.6,1B Joc Pederson 2B Richie Palacios 3B Yandy Diaz C Liam Hicks OF Cedric Mullins OF Chandler Simpson OF Wyatt Langford P Blake Snell P Mitch Bratt SS Corey Seager,,,
514,5215700141,cptnspaulding (4/20),0,107.6,1B Ildemaro Vargas 2B Ketel Marte 3B Zack Gelof C James McCann OF Shohei Ohtani OF Lars Nootbaar OF Corbin Carroll P Blake Snell P Mitch Bratt SS Mookie Betts,,,
514,5215700147,cptnspaulding (10/20),0,107.6,1B Shohei Ohtani 2B Ketel Marte 3B Zack Gelof C James McCann OF Lars Nootbaar OF Corbin Carroll OF Ryan Waldschmidt P Blake Snell P Mitch Bratt SS Mookie Betts,,,
514,5215700155,cptnspaulding (18/20),0,107.6,1B Joc Pederson 2B Ketel Marte 3B Nolan Arenado C James McCann OF Shohei Ohtani OF Lars Nootbaar OF Corbin Carroll P Blake Snell P Mitch Bratt SS Corey Seager,,,
521,5215095779,titanhawks (2/2),0,107.55,1B Tim Tawa 2B Brice Turang 3B Ezequiel Duran C Austin Wynns OF Brandon Nimmo OF Lars Nootbaar OF Corbin Carroll P Blake Snell P Hunter Brown SS Zach Neto,,,
521,5215679005,caryreynolds11,0,107.55,1B Jeff McNeil 2B Willi Castro 3B Kyle Karros C Hunter Goodman OF Lawrence Butler OF Zack Gelof OF Cole Carrigg P Blake Snell P Hunter Brown SS Jacob Wilson,,,
521,5215655650,jetty76 (8/20),0,107.549995,1B Joc Pederson 2B Ketel Marte 3B Nolan Arenado C Gabriel Moreno OF Lars Nootbaar OF Corbin Carroll OF Evan Carter P Blake Snell P Hunter Brown SS Ezequiel Tovar,,,
521,5215701265,TNeidert (12/20),0,107.549995,1B Nolan Schanuel 2B Vaughn Grissom 3B Zack Gelof C Jonah Heim OF Mike Trout OF Carlos Cortes OF Lawrence Butler P Blake Snell P Hunter Brown SS Zach Neto,,,
521,5215708503,sportsfan14 (10/20),0,107.549995,1B Joc Pederson 2B Tommy Edman 3B Max Muncy C Ben Rortvedt OF Jake Bauers OF Alex Call OF Wyatt Langford P Blake Snell P Hunter Brown SS Mookie Betts,,,
526,5215465754,bennybenny420 (2/2),0,107.4,1B Yandy Diaz 2B Richie Palacios 3B Junior Caminero C Jonah Heim OF Cedric Mullins OF Zack Gelof OF Chandler Simpson P Tomoyuki Sugano P Mitch Bratt SS Bobby Witt Jr.,,,
527,5215133462,eharig09 (4/20),0,107.25,1B Jonathan Aranda 2B Jeff McNeil 3B Junior Caminero C Liam Hicks OF Austin Hays OF Henry Bolte OF Chandler Simpson P Michael Wacha P Hunter Brown SS Taylor Walls,,,
528,5215712208,Heartis24k (1/3),0,107.149994,1B Yandy Diaz 2B Richie Palacios 3B Junior Caminero C James McCann OF Jihwan Bae OF Tim Tawa OF Chandler Simpson P Hunter Brown P Kyle Harrison SS Taylor Walls,,,
529,5215697603,beckynjayd (10/20),0,107.05,1B Yandy Diaz 2B Richie Palacios 3B Max Muncy C Liam Hicks OF Cedric Mullins OF Andy Pages OF Chandler Simpson P Cody Bradford P Mitch Bratt SS Mookie Betts,,,
529,5215697606,beckynjayd (13/20),0,107.05,1B Jonathan Aranda 2B Tommy Edman 3B Yandy Diaz C Gabriel Moreno OF Shohei Ohtani OF Victor Mesa Jr. OF Chandler Simpson P Cody Bradford P Mitch Bratt SS Taylor Walls,,,
531,5215416162,UniversalFriend (7/20),0,107,1B Joc Pederson 2B Richie Palacios 3B Yandy Diaz C Liam Hicks OF Brandon Nimmo OF Victor Mesa Jr. OF Chandler Simpson P Cody Bradford P Hunter Brown SS Corey Seager,,,
531,5215635604,FantasyCrusader (1/4),0,107,1B Liam Hicks 2B Ketel Marte 3B Nolan Arenado C James McCann OF Cedric Mullins OF Victor Mesa Jr. OF Chandler Simpson P Cody Bradford P Hunter Brown SS Taylor Walls,,,
533,5215070296,LTskelter (13/20),0,106.95,1B Joc Pederson 2B Ketel Marte 3B Nolan Arenado C James McCann OF Yordan Alvarez OF Corbin Carroll OF Tim Tawa P Hunter Brown P Mitch Bratt SS Jeremy Pena,,,
533,5215121874,thundrenterprises (18/20),0,106.95,1B Joc Pederson 2B Ketel Marte 3B Nolan Arenado C Gabriel Moreno OF Victor Mesa Jr. OF Corbin Carroll OF Wyatt Langford P Hunter Brown P Mitch Bratt SS Corey Seager,,,
533,5215158351,73pd2x (1/20),0,106.95,1B Jonathan Aranda 2B Richie Palacios 3B Yandy Diaz C Ben Rortvedt OF Shohei Ohtani OF Andy Pages OF Victor Mesa Jr. P Hunter Brown P Mitch Bratt SS Mookie Betts,,,
533,5215647860,KING--13 (9/10),0,106.95,1B Yandy Diaz 2B Jeff McNeil 3B Junior Caminero C Liam Hicks OF Lawrence Butler OF Zack Gelof OF Henry Bolte P Hunter Brown P Mitch Bratt SS Willy Adames,,,
533,5215657509,BuckeyeCity (10/20),0,106.95,1B Joc Pederson 2B Brice Turang 3B Manny Machado C Austin Wynns OF Luis Rengifo OF Fernando Tatis Jr. OF Jackson Chourio P Hunter Brown P Mitch Bratt SS Nicky Lopez,,,
533,5215674447,lefty4488 (3/15),0,106.95,1B Joc Pederson 2B Ketel Marte 3B Nolan Arenado C James McCann OF Yordan Alvarez OF Corbin Carroll OF Tim Tawa P Hunter Brown P Mitch Bratt SS Jeremy Pena,,,
539,5215029972,az350z (20/20),0,106.899994,1B Jonathan Aranda 2B Vaughn Grissom 3B Yandy Diaz C Liam Hicks OF Shohei Ohtani OF Cedric Mullins OF Kyle Tucker P Nick Martinez P Carson Whisenhunt SS Taylor Walls,,,
540,5215701261,TNeidert (8/20),0,106.85,1B Ty France 2B Willi Castro 3B Manny Machado C Hunter Goodman OF Mickey Moniak OF Fernando Tatis Jr. OF Jackson Merrill P Nick Martinez P Tomoyuki Sugano SS Nicky Lopez,,,
541,5215255599,swiftyjb (4/4),0,106.7,1B Rafael Devers 2B Willi Castro 3B Manny Machado C Carter Jensen OF Austin Hays OF Fernando Tatis Jr. OF Drew Gilbert P Michael Wacha P Walker Buehler SS Bobby Witt Jr.,,,
542,5215491832,wazzu24 (13/20),0,106.6,1B Rafael Devers 2B Ketel Marte 3B Max Muncy C Gabriel Moreno OF Jung Hoo Lee OF Corbin Carroll OF Victor Bericoto P Blake Snell P Mitch Bratt SS Willy Adames,,,
542,5215652421,ma15102 (5/20),0,106.6,1B Joc Pederson 2B Ketel Marte 3B Max Muncy C William Contreras OF Lars Nootbaar OF Corbin Carroll OF Wyatt Langford P Blake Snell P Mitch Bratt SS Corey Seager,,,
544,5215039600,Satch65 (9/20),0,106.549995,1B Jonathan Aranda 2B Richie Palacios 3B Isaac Paredes C Austin Wynns OF Brandon Nimmo OF Cedric Mullins OF Chandler Simpson P Blake Snell P Hunter Brown SS Taylor Walls,,,
544,5215039604,Satch65 (13/20),0,106.549995,1B Jonathan Aranda 2B Jeff McNeil 3B Junior Caminero C Moises Ballesteros OF Kyle Tucker OF Jihwan Bae OF Chandler Simpson P Blake Snell P Hunter Brown SS Taylor Walls,,,
544,5215068387,pat_the_hat2 (4/20),0,106.549995,1B Jake Burger 2B Jake Cronenworth 3B Manny Machado C Austin Wynns OF Luis Rengifo OF Fernando Tatis Jr. OF Evan Carter P Blake Snell P Hunter Brown SS Xander Bogaerts,,,
544,5215235864,A.Burgos930 (3/20),0,106.549995,1B Jonathan Aranda 2B Oswald Peraza 3B Yandy Diaz C Tyler Heineman OF Cedric Mullins OF Victor Mesa Jr. OF Wyatt Langford P Blake Snell P Hunter Brown SS Taylor Walls,,,
544,5215670074,HammerSZN (14/20),0,106.549995,1B Joc Pederson 2B Richie Palacios 3B Yandy Diaz C Austin Wynns OF Brandon Nimmo OF Chandler Simpson OF Wyatt Langford P Blake Snell P Hunter Brown SS Corey Seager,,,
549,5215246763,soonerdallas (4/20),0,106.5,1B Joc Pederson 2B Richie Palacios 3B Yandy Diaz C Liam Hicks OF Cedric Mullins OF Victor Mesa Jr. OF Wyatt Langford P Nick Martinez P Cody Bradford SS Corey Seager,,,
549,5215384937,zsmittty223 (10/20),0,106.5,1B Yandy Diaz 2B Ketel Marte 3B Manny Machado C James McCann OF Mike Trout OF Fernando Tatis Jr. OF Jihwan Bae P Cody Bradford P Carson Whisenhunt SS Bobby Witt Jr.,,,
551,5215063764,codyewell (14/20),0,106.4,1B Christian Walker 2B Ketel Marte 3B Junior Caminero C Liam Hicks OF Cedric Mullins OF Victor Mesa Jr. OF Chandler Simpson P Walker Buehler P Mitch Bratt SS Corey Seager,,,
551,5215195093,jsamtoy (19/20),0,106.4,1B Jonathan Aranda 2B Ketel Marte 3B Junior Caminero C Liam Hicks OF Cedric Mullins OF Lars Nootbaar OF Chandler Simpson P Walker Buehler P Mitch Bratt SS Zach Neto,,,
551,5215641733,bhess777 (6/20),0,106.4,1B Joc Pederson 2B Richie Palacios 3B Yandy Diaz C Liam Hicks OF Cedric Mullins OF Yordan Alvarez OF Chandler Simpson P Walker Buehler P Mitch Bratt SS Jeremy Pena,,,
554,5215214858,AbeyBaby88 (16/20),0,106.3,1B Yandy Diaz 2B Willi Castro 3B Kyle Karros C Hunter Goodman OF Fernando Tatis Jr. OF Jackson Chourio OF Cole Carrigg P Cody Bradford P Ryan Johnson SS Ezequiel Tovar,,,
555,5215133463,eharig09 (5/20),0,106.25,1B Joc Pederson 2B Richie Palacios 3B Yandy Diaz C Liam Hicks OF Victor Mesa Jr. OF Evan Carter OF Chandler Simpson P Michael Wacha P Hunter Brown SS Corey Seager,,,
555,5215133464,eharig09 (6/20),0,106.25,1B Jonathan Aranda 2B Richie Palacios 3B Junior Caminero C James McCann OF Jake McCarthy OF Victor Mesa Jr. OF Ryan Waldschmidt P Michael Wacha P Hunter Brown SS Taylor Walls,,,
557,5215214854,AbeyBaby88 (12/20),0,106.05,1B Jonathan Aranda 2B Richie Palacios 3B Junior Caminero C Liam Hicks OF Brandon Nimmo OF Shohei Ohtani OF Kyle Tucker P Cody Bradford P Mitch Bratt SS Taylor Walls,,,
557,5215654323,expostulate (6/10),0,106.05,1B Jonathan Aranda 2B Ketel Marte 3B Yandy Diaz C Gabriel Moreno OF Cedric Mullins OF Lars Nootbaar OF Corbin Carroll P Cody Bradford P Mitch Bratt SS Taylor Walls,,,
559,5215116872,Ctracefan (13/20),0,106,1B Ty France 2B Jeff McNeil 3B Manny Machado C Gabriel Moreno OF Austin Hays OF Fernando Tatis Jr. OF Wyatt Langford P Blake Snell P Walker Buehler SS Corey Seager,,,
560,5215123064,jah_586 (16/20),0,105.95,1B Yandy Diaz 2B Jeff McNeil 3B Junior Caminero C Ben Rortvedt OF Shohei Ohtani OF Alex Call OF Andy Pages P Hunter Brown P Mitch Bratt SS Mookie Betts,,,
560,5215413757,Darkmen715 (2/20),0,105.95,1B Yandy Diaz 2B Jeff McNeil 3B Junior Caminero C Austin Wynns OF Mike Trout OF Lawrence Butler OF Corbin Carroll P Hunter Brown P Mitch Bratt SS Corey Seager,,,
560,5215541184,mattryan858,0,105.95,1B Jonathan Aranda 2B Jeff McNeil 3B Junior Caminero C Liam Hicks OF Lars Nootbaar OF Corbin Carroll OF Chandler Simpson P Hunter Brown P Mitch Bratt SS Taylor Walls,,,
563,5215396647,silencetheg (11/20),0,105.899994,1B Jake Bauers 2B Brice Turang 3B Junior Caminero C William Contreras OF Christian Yelich OF Victor Mesa Jr. OF Luis Lara P Nick Martinez P Carson Whisenhunt SS Willy Adames,,,
564,5215246775,soonerdallas (16/20),0,105.7,1B Ty France 2B Jake Cronenworth 3B Manny Machado C Hunter Goodman OF Fernando Tatis Jr. OF Zack Gelof OF Henry Bolte P Michael Wacha P Walker Buehler SS Xander Bogaerts,,,
564,5215676079,JKarma12,0,105.7,1B Freddie Freeman 2B Ketel Marte 3B Nolan Arenado C Gabriel Moreno OF Fernando Tatis Jr. OF Corbin Carroll OF Jackson Merrill P Ryan Johnson P Carson Whisenhunt SS Jeremy Pena,,,
566,5215372207,tybry85 (3/20),0,105.65,1B Jonathan Aranda 2B Ketel Marte 3B Junior Caminero C Austin Wynns OF Brandon Nimmo OF Lars Nootbaar OF Victor Mesa Jr. P Blake Snell P Cody Bradford SS Corey Seager,,,
566,5215314629,kkbailey,0,105.649994,1B Jake Bauers 2B Richie Palacios 3B Nolan Arenado C Yainer Diaz OF Corbin Carroll OF Tim Tawa OF Jackson Chourio P Nick Martinez P Kyle Harrison SS Taylor Walls,,,
568,5215043990,nrlane24 (1/2),0,105.6,1B Ildemaro Vargas 2B Ketel Marte 3B Junior Caminero C Liam Hicks OF Lars Nootbaar OF Garrett Mitchell OF Corbin Carroll P Blake Snell P Mitch Bratt SS Nicky Lopez,,,
568,5215416160,UniversalFriend (5/20),0,105.6,1B Freddie Freeman 2B Jeff McNeil 3B Max Muncy C Ben Rortvedt OF Shohei Ohtani OF Zack Gelof OF Corbin Carroll P Blake Snell P Mitch Bratt SS Mookie Betts,,,
568,5215652425,ma15102 (9/20),0,105.6,1B Joc Pederson 2B Brice Turang 3B Max Muncy C Gabriel Moreno OF Brandon Nimmo OF Lars Nootbaar OF Corbin Carroll P Blake Snell P Mitch Bratt SS Corey Seager,,,
568,5215681463,teddyruxpin6969 (1/2),0,105.6,1B Jeff McNeil 2B Ketel Marte 3B Junior Caminero C James McCann OF Lars Nootbaar OF Corbin Carroll OF Chandler Simpson P Blake Snell P Mitch Bratt SS Corey Seager,,,
568,5215700152,cptnspaulding (15/20),0,105.6,1B Freddie Freeman 2B Jeff McNeil 3B Max Muncy C Ben Rortvedt OF Shohei Ohtani OF Zack Gelof OF Corbin Carroll P Blake Snell P Mitch Bratt SS Mookie Betts,,,
573,5215251215,Wanna_Square_Up1567 (6/20),0,105.55,1B Tim Tawa 2B Ildemaro Vargas 3B Zack Gelof C James McCann OF Lars Nootbaar OF Lawrence Butler OF Corbin Carroll P Blake Snell P Hunter Brown SS Zach Neto,,,
573,5215144439,untouchables-420 (5/10),0,105.549995,1B Joc Pederson 2B Ketel Marte 3B Junior Caminero C Austin Wynns OF Brandon Nimmo OF Lars Nootbaar OF Evan Carter P Blake Snell P Hunter Brown SS Corey Seager,,,
575,5215068397,pat_the_hat2 (14/20),0,105.45,1B Yandy Diaz 2B Tommy Edman 3B Junior Caminero C Ben Rortvedt OF Shohei Ohtani OF Cedric Mullins OF Chandler Simpson P Mitch Bratt P Carson Whisenhunt SS Mookie Betts,,,
575,5215450541,darrylposton (17/20),0,105.45,1B Jonathan Aranda 2B Brice Turang 3B Junior Caminero C Liam Hicks OF Jake Bauers OF Jackson Chourio OF Chandler Simpson P Mitch Bratt P Carson Whisenhunt SS Taylor Walls,,,
575,5215624175,jballagh (12/20),0,105.45,1B Ty France 2B Richie Palacios 3B Junior Caminero C Liam Hicks OF Cedric Mullins OF Fernando Tatis Jr. OF Chandler Simpson P Mitch Bratt P Carson Whisenhunt SS Jacob Wilson,,,
578,5215147036,j-wolf05 (1/20),0,105.25,1B Tim Tawa 2B Ketel Marte 3B Junior Caminero C Gabriel Moreno OF Yordan Alvarez OF Lars Nootbaar OF Corbin Carroll P Mitch Bratt P Ryan Johnson SS Jeremy Pena,,,
579,5215121866,thundrenterprises (10/20),0,105.2,1B Freddie Freeman 2B Ketel Marte 3B Nolan Arenado C James McCann OF Cedric Mullins OF Corbin Carroll OF Chandler Simpson P Hunter Brown P Ryan Johnson SS Taylor Walls,,,
579,5215359192,Cuscus3 (5/20),0,105.2,1B Shohei Ohtani 2B Ketel Marte 3B Nolan Arenado C Gabriel Moreno OF Carlos Cortes OF Lars Nootbaar OF Corbin Carroll P Hunter Brown P Ryan Johnson SS Mookie Betts,,,
579,5215360028,cachedinar (13/20),0,105.2,1B Jeff McNeil 2B Richie Palacios 3B Junior Caminero C James McCann OF Cedric Mullins OF Victor Mesa Jr. OF Corbin Carroll P Kyle Harrison P Mitch Bratt SS Taylor Walls,,,
579,5215678504,minfan77 (14/20),0,105.2,1B Nolan Schanuel 2B Vaughn Grissom 3B Yandy Diaz C Liam Hicks OF Cedric Mullins OF Victor Mesa Jr. OF Chandler Simpson P Hunter Brown P Ryan Johnson SS Zach Neto,,,
583,5215035920,joe_mac10,0,105.05,1B Freddie Freeman 2B Richie Palacios 3B Junior Caminero C Liam Hicks OF Andy Pages OF Chandler Simpson OF Wyatt Langford P Cody Bradford P Mitch Bratt SS Taylor Walls,,,
583,5215036200,jpm_joshua2002,0,105.05,1B Freddie Freeman 2B Richie Palacios 3B Junior Caminero C Liam Hicks OF Andy Pages OF Chandler Simpson OF Wyatt Langford P Cody Bradford P Mitch Bratt SS Taylor Walls,,,
583,5215102752,etrigg63,0,105.05,1B Jonathan Aranda 2B Jeff McNeil 3B Ezequiel Duran C Liam Hicks OF Fernando Tatis Jr. OF Yordan Alvarez OF Jac Caglianone P Cody Bradford P Mitch Bratt SS Mookie Betts,,,
583,5215697613,beckynjayd (20/20),0,105.05,1B Jonathan Aranda 2B Ketel Marte 3B Yandy Diaz C Liam Hicks OF Shohei Ohtani OF Lars Nootbaar OF Chandler Simpson P Cody Bradford P Mitch Bratt SS Taylor Walls,,,
583,5215717930,cacolbe (6/16),0,105.05,1B Jonathan Aranda 2B Ketel Marte 3B Yandy Diaz C Liam Hicks OF Shohei Ohtani OF Lars Nootbaar OF Chandler Simpson P Cody Bradford P Mitch Bratt SS Taylor Walls,,,
583,5215717933,cacolbe (9/16),0,105.05,1B Jonathan Aranda 2B Ketel Marte 3B Yandy Diaz C Liam Hicks OF Shohei Ohtani OF Lars Nootbaar OF Chandler Simpson P Cody Bradford P Mitch Bratt SS Taylor Walls,,,
589,5215161069,csurunnerccr (19/20),0,105,1B Jonathan Aranda 2B Richie Palacios 3B Yandy Diaz C Liam Hicks OF Brandon Nimmo OF Evan Carter OF Chandler Simpson P Blake Snell P Walker Buehler SS Corey Seager,,,
589,5215669796,jnwallen (16/17),0,105,1B Shohei Ohtani 2B Jeff McNeil 3B Zack Gelof C Jonah Heim OF Kyle Tucker OF Carlos Cortes OF Andy Pages P Blake Snell P Walker Buehler SS Mookie Betts,,,
591,5215023023,jw1984 (18/20),0,104.95,1B Joc Pederson 2B Ketel Marte 3B Nolan Arenado C Gabriel Moreno OF Mike Trout OF Brandon Nimmo OF Corbin Carroll P Hunter Brown P Mitch Bratt SS Corey Seager,,,
591,5215354681,jaakko (4/6),0,104.95,1B Shohei Ohtani 2B Ketel Marte 3B Max Muncy C Tyler Heineman OF Kyle Tucker OF Alex Call OF Corbin Carroll P Hunter Brown P Mitch Bratt SS Mookie Betts,,,
591,5215512848,TwoHearted (9/20),0,104.95,1B Yandy Diaz 2B Oswald Peraza 3B Junior Caminero C Tyler Heineman OF Cedric Mullins OF Victor Mesa Jr. OF Chandler Simpson P Hunter Brown P Mitch Bratt SS Zach Neto,,,
591,5215678507,minfan77 (17/20),0,104.95,1B Joc Pederson 2B Nicky Lopez 3B Yandy Diaz C Liam Hicks OF Cedric Mullins OF Chandler Simpson OF Wyatt Langford P Hunter Brown P Mitch Bratt SS Taylor Walls,,,
591,5215679229,KingDean59 (4/8),0,104.95,1B Yandy Diaz 2B Ketel Marte 3B Junior Caminero C Gabriel Moreno OF Lars Nootbaar OF Tim Tawa OF Chandler Simpson P Hunter Brown P Mitch Bratt SS Nicky Lopez,,,
591,5215689361,dantheman78 (18/20),0,104.95,1B Joc Pederson 2B Tommy Edman 3B Max Muncy C James McCann OF Kyle Tucker OF Andy Pages OF Corbin Carroll P Hunter Brown P Mitch Bratt SS Mookie Betts,,,
597,5215097732,aurum48 (1/4),0,104.7,1B Jonathan Aranda 2B Richie Palacios 3B Junior Caminero C Liam Hicks OF Mike Trout OF Shohei Ohtani OF Chandler Simpson P Ryan Johnson P Carson Whisenhunt SS Zach Neto,,,
597,5215624170,jballagh (7/20),0,104.7,1B Shohei Ohtani 2B Tommy Edman 3B Kyle Karros C Hunter Goodman OF Kyle Tucker OF Jake McCarthy OF Andy Pages P Nick Martinez P Ryan Johnson SS Mookie Betts,,,
599,5214966600,hatdaddy (14/20),0,104.65,1B Jonathan Aranda 2B Brice Turang 3B Junior Caminero C James McCann OF Jake Bauers OF Garrett Mitchell OF Jihwan Bae P Blake Snell P Cody Bradford SS Taylor Walls,,,
599,5215023011,jw1984 (6/20),0,104.65,1B Yandy Diaz 2B Nicky Lopez 3B Junior Caminero C Austin Wynns OF Brandon Nimmo OF Victor Mesa Jr. OF Wyatt Langford P Blake Snell P Cody Bradford SS Corey Seager,,,
599,5215045709,FoxyGrandpa252 (11/20),0,104.65,1B Yandy Diaz 2B Nicky Lopez 3B Junior Caminero C Austin Wynns OF Brandon Nimmo OF Victor Mesa Jr. OF Wyatt Langford P Blake Snell P Cody Bradford SS Corey Seager,,,
602,5215632587,Emac (19/20),0,104.6,1B Rafael Devers 2B Jeff McNeil 3B Junior Caminero C Moises Ballesteros OF Shohei Ohtani OF Lawrence Butler OF Corbin Carroll P Blake Snell P Mitch Bratt SS Corey Seager,,,
602,5215685031,meyers2305 (9/20),0,104.6,1B Joc Pederson 2B Jeff McNeil 3B Yandy Diaz C James McCann OF Yordan Alvarez OF Corbin Carroll OF Victor Bericoto P Blake Snell P Mitch Bratt SS Jeremy Pena,,,
602,5215707396,4LeftsMakeItRight,0,104.6,1B Rafael Devers 2B Ketel Marte 3B David Hamilton C Gabriel Moreno OF Mike Trout OF Christian Yelich OF Kyle Tucker P Blake Snell P Mitch Bratt SS Zach Neto,,,
605,5215653640,wormlove3 (2/20),0,104.55,1B Tim Tawa 2B Brice Turang 3B Ezequiel Duran C Austin Wynns OF Christian Yelich OF Corbin Carroll OF Jordan Beck P Blake Snell P Hunter Brown SS Zach Neto,,,
605,5215653650,wormlove3 (9/20),0,104.55,1B Tim Tawa 2B Brice Turang 3B Ezequiel Duran C Austin Wynns OF Christian Yelich OF Corbin Carroll OF Jordan Beck P Blake Snell P Hunter Brown SS Zach Neto,,,
605,5215653659,wormlove3 (16/20),0,104.55,1B Tim Tawa 2B Brice Turang 3B Ezequiel Duran C Austin Wynns OF Christian Yelich OF Corbin Carroll OF Jordan Beck P Blake Snell P Hunter Brown SS Zach Neto,,,
605,5215701704,R-E-L-A-X,0,104.55,1B Connor Norby 2B Ketel Marte 3B Kyle Karros C James McCann OF Jake McCarthy OF Corbin Carroll OF Cole Carrigg P Blake Snell P Hunter Brown SS Ezequiel Tovar,,,
605,5214866654,Sammy.Boy (4/20),0,104.549995,1B Joc Pederson 2B Ketel Marte 3B Nolan Arenado C James McCann OF Lars Nootbaar OF Corbin Carroll OF Cam Smith P Blake Snell P Hunter Brown SS Corey Seager,,,
605,5215106748,rsumrall (12/20),0,104.549995,1B Joc Pederson 2B Oswald Peraza 3B Vaughn Grissom C Tyler Heineman OF Mike Trout OF Corbin Carroll OF Wyatt Langford P Blake Snell P Hunter Brown SS Zach Neto,,,
605,5215123055,jah_586 (7/20),0,104.549995,1B Joc Pederson 2B Ketel Marte 3B Nolan Arenado C Gabriel Moreno OF Lars Nootbaar OF Jihwan Bae OF Corbin Carroll P Blake Snell P Hunter Brown SS Corey Seager,,,
605,5215264798,cwthrow24 (19/20),0,104.549995,1B Joc Pederson 2B Ketel Marte 3B Nolan Arenado C Gabriel Moreno OF Lars Nootbaar OF Jihwan Bae OF Corbin Carroll P Blake Snell P Hunter Brown SS Corey Seager,,,
605,5215383670,Fluffhead017 (17/20),0,104.549995,1B Joc Pederson 2B Ketel Marte 3B David Hamilton C Austin Wynns OF Brandon Nimmo OF Corbin Carroll OF Wyatt Langford P Blake Snell P Hunter Brown SS Corey Seager,,,
605,5215513969,andymartin5586 (5/20),0,104.549995,1B Joc Pederson 2B Ketel Marte 3B Nolan Arenado C Gabriel Moreno OF Lars Nootbaar OF Tim Tawa OF Wyatt Langford P Blake Snell P Hunter Brown SS Corey Seager,,,
605,5215685029,meyers2305 (7/20),0,104.549995,1B Joc Pederson 2B Jose Altuve 3B Yandy Diaz C Liam Hicks OF Lars Nootbaar OF Jihwan Bae OF Victor Mesa Jr. P Blake Snell P Hunter Brown SS Corey Seager,,,
616,5215041739,Tvideo87,0,104.45,1B Shohei Ohtani 2B Ketel Marte 3B Christian Koss C Gabriel Moreno OF Fernando Tatis Jr. OF Corbin Carroll OF Wyatt Langford P Nick Martinez P Mitch Bratt SS Ezequiel Tovar,,,
616,5215147052,j-wolf05 (17/20),0,104.45,1B Jonathan Aranda 2B Brice Turang 3B Yandy Diaz C Liam Hicks OF Mike Trout OF Jake Bauers OF Jackson Chourio P Mitch Bratt P Carson Whisenhunt SS Taylor Walls,,,
616,5215679446,MrMuse1067 (1/2),0,104.45,1B Jac Caglianone 2B Vaughn Grissom 3B Junior Caminero C Liam Hicks OF Shohei Ohtani OF Victor Bericoto OF Jackson Chourio P Nick Martinez P Mitch Bratt SS Tyler Tolbert,,,
616,5215679447,MrMuse1067 (2/2),0,104.45,1B Jac Caglianone 2B Vaughn Grissom 3B Junior Caminero C Liam Hicks OF Shohei Ohtani OF Victor Bericoto OF Jackson Chourio P Nick Martinez P Mitch Bratt SS Tyler Tolbert,,,
620,5215163986,Isoprophy02,0,104.4,1B Liam Hicks 2B Ketel Marte 3B Kyle Karros C William Contreras OF Jake Bauers OF Jac Caglianone OF Ryan Waldschmidt P Nick Martinez P Hunter Brown SS Tyler Tolbert,,,
620,5215222557,DrNickIsIn (17/20),0,104.4,1B Jonathan Aranda 2B Jake Cronenworth 3B Junior Caminero C Liam Hicks OF Cedric Mullins OF Fernando Tatis Jr. OF Chandler Simpson P Walker Buehler P Mitch Bratt SS Xander Bogaerts,,,
620,5215696685,mrfb (10/20),0,104.4,1B Yandy Diaz 2B Nicky Lopez 3B Junior Caminero C Liam Hicks OF Cedric Mullins OF Fernando Tatis Jr. OF Chandler Simpson P Tomoyuki Sugano P Mitch Bratt SS Corey Seager,,,
620,5215575272,jakeday92,0,104.399994,1B Jeff McNeil 2B Ildemaro Vargas 3B Junior Caminero C Tyler Heineman OF Mike Trout OF Yordan Alvarez OF Corbin Carroll P Hunter Brown P Carson Whisenhunt SS Taylor Walls,,,
624,5215636822,TheKingKaz (2/8),0,104.3,1B Yandy Diaz 2B Michael Massey 3B Junior Caminero C Salvador Perez OF John Rave OF Victor Mesa Jr. OF Chandler Simpson P Cody Bradford P Ryan Johnson SS Bobby Witt Jr.,,,
625,5215044060,kcroyalfan (18/20),0,104.25,1B Jonathan Aranda 2B Jeff McNeil 3B Yandy Diaz C Liam Hicks OF Carlos Cortes OF Zack Gelof OF Chandler Simpson P Michael Wacha P Hunter Brown SS Taylor Walls,,,
625,5215360023,cachedinar (8/20),0,104.25,1B Shohei Ohtani 2B Ketel Marte 3B Yandy Diaz C Gabriel Moreno OF Kyle Tucker OF Lars Nootbaar OF Corbin Carroll P Mitch Bratt P Ryan Johnson SS Zach Neto,,,
625,5215657516,BuckeyeCity (17/20),0,104.25,1B Christian Walker 2B Jeff McNeil 3B Yandy Diaz C Liam Hicks OF Cedric Mullins OF Victor Mesa Jr. OF Cam Smith P Michael Wacha P Hunter Brown SS Taylor Walls,,,
628,5215445282,Skralph (13/20),0,104.2,1B Jonathan Aranda 2B Willi Castro 3B Yandy Diaz C Liam Hicks OF Victor Mesa Jr. OF Chandler Simpson OF Cole Carrigg P Hunter Brown P Ryan Johnson SS Willy Adames,,,
628,5215717614,Mrkvs (9/12),0,104.2,1B Liam Hicks 2B Ketel Marte 3B Nolan Arenado C Gabriel Moreno OF Cedric Mullins OF Victor Mesa Jr. OF Chandler Simpson P Hunter Brown P Ryan Johnson SS Zach Neto,,,
630,5215634888,Grinder1961,0,104.149994,1B Joc Pederson 2B Richie Palacios 3B Yandy Diaz C James McCann OF Kyle Tucker OF Corbin Carroll OF Cam Smith P Hunter Brown P Kyle Harrison SS Taylor Walls,,,
631,5215334037,civillobo (1/5),0,104.05,1B Yandy Diaz 2B Jeff McNeil 3B Junior Caminero C Liam Hicks OF Cedric Mullins OF Lawrence Butler OF Victor Mesa Jr. P Cody Bradford P Mitch Bratt SS Jeremy Pena,,,
631,5215697607,beckynjayd (14/20),0,104.05,1B Jonathan Aranda 2B Tommy Edman 3B Junior Caminero C Liam Hicks OF Shohei Ohtani OF Victor Mesa Jr. OF Ryan Waldschmidt P Cody Bradford P Mitch Bratt SS Taylor Walls,,,
631,5215697608,beckynjayd (15/20),0,104.05,1B Jonathan Aranda 2B Tommy Edman 3B Junior Caminero C Gabriel Moreno OF Cedric Mullins OF Andy Pages OF Victor Mesa Jr. P Cody Bradford P Mitch Bratt SS Taylor Walls,,,
631,5215487706,mlief (7/20),0,104.049995,1B Joc Pederson 2B Ketel Marte 3B Ezequiel Duran C Austin Wynns OF Shohei Ohtani OF Corbin Carroll OF Wyatt Langford P Blake Snell P Carson Whisenhunt SS Corey Seager,,,
635,5215219724,ccrider729,0,103.95,1B Jonathan Aranda 2B Richie Palacios 3B Max Muncy C Liam Hicks OF Shohei Ohtani OF Lars Nootbaar OF Victor Mesa Jr. P Hunter Brown P Mitch Bratt SS Taylor Walls,,,
635,5215431753,Anthonykorobellis (6/20),0,103.95,1B Jonathan Aranda 2B Richie Palacios 3B Junior Caminero C Austin Wynns OF Shohei Ohtani OF Kyle Tucker OF Chandler Simpson P Hunter Brown P Mitch Bratt SS Taylor Walls,,,
637,5215512845,TwoHearted (6/20),0,103.85,1B Jonathan Aranda 2B Vaughn Grissom 3B Junior Caminero C Liam Hicks OF Cedric Mullins OF Victor Bericoto OF Chandler Simpson P Blake Snell P Ryan Johnson SS Zach Neto,,,
638,5215416174,UniversalFriend (19/20),0,103.799995,1B Jake Burger 2B Richie Palacios 3B Yandy Diaz C Austin Wynns OF Cedric Mullins OF Victor Mesa Jr. OF Wyatt Langford P Blake Snell P Kyle Harrison SS Taylor Walls,,,
639,5215319601,Dubbzz (6/20),0,103.65,1B Joc Pederson 2B Ketel Marte 3B Ezequiel Duran C Gabriel Moreno OF Brandon Nimmo OF Corbin Carroll OF Evan Carter P Blake Snell P Cody Bradford SS Corey Seager,,,
639,5215632582,Emac (14/20),0,103.65,1B Joc Pederson 2B Ketel Marte 3B Ezequiel Duran C Gabriel Moreno OF Brandon Nimmo OF Corbin Carroll OF Evan Carter P Blake Snell P Cody Bradford SS Corey Seager,,,
641,5215331990,jeffylube (10/20),0,103.6,1B Jonathan Aranda 2B Jeff McNeil 3B Zack Gelof C Hunter Goodman OF Mike Trout OF Lars Nootbaar OF Corbin Carroll P Blake Snell P Mitch Bratt SS Zach Neto,,,
641,5215700148,cptnspaulding (11/20),0,103.6,1B Tim Tawa 2B Ketel Marte 3B Nolan Arenado C James McCann OF Shohei Ohtani OF Corbin Carroll OF Wyatt Langford P Blake Snell P Mitch Bratt SS Corey Seager,,,
643,5215384939,zsmittty223 (12/20),0,103.55,1B Nolan Schanuel 2B Willi Castro 3B Kyle Karros C Hunter Goodman OF Mike Trout OF Jose Siri OF Wade Meckler P Blake Snell P Hunter Brown SS Zach Neto,,,
643,5214866670,Sammy.Boy (20/20),0,103.549995,1B Jake Burger 2B Ketel Marte 3B Nolan Arenado C James McCann OF Brandon Nimmo OF Corbin Carroll OF Tim Tawa P Blake Snell P Hunter Brown SS Corey Seager,,,
643,5214966605,hatdaddy (19/20),0,103.549995,1B Tim Tawa 2B Ildemaro Vargas 3B Yandy Diaz C Gabriel Moreno OF Lars Nootbaar OF Victor Mesa Jr. OF Cam Smith P Blake Snell P Hunter Brown SS Jacob Wilson,,,
643,5215023021,jw1984 (16/20),0,103.549995,1B Joc Pederson 2B Oswald Peraza 3B Junior Caminero C Moises Ballesteros OF Mike Trout OF Jose Siri OF Evan Carter P Blake Snell P Hunter Brown SS Zach Neto,,,
643,5215044004,whoisjohngalt420 (3/20),0,103.549995,1B Joc Pederson 2B Nicky Lopez 3B Max Muncy C Austin Wynns OF Shohei Ohtani OF Andy Pages OF Evan Carter P Blake Snell P Hunter Brown SS Mookie Betts,,,
643,5215071818,nwspring52,0,103.549995,1B Joc Pederson 2B Jeff McNeil 3B Yandy Diaz C Austin Wynns OF Brandon Nimmo OF Corbin Carroll OF Wyatt Langford P Blake Snell P Hunter Brown SS Corey Seager,,,
643,5215235865,A.Burgos930 (4/20),0,103.549995,1B Joc Pederson 2B Jeff McNeil 3B Max Muncy C Ben Rortvedt OF Shohei Ohtani OF Andy Pages OF Evan Carter P Blake Snell P Hunter Brown SS Mookie Betts,,,
643,5215585755,scohen21 (19/20),0,103.549995,1B Joc Pederson 2B Jeff McNeil 3B Yandy Diaz C Austin Wynns OF Brandon Nimmo OF Corbin Carroll OF Wyatt Langford P Blake Snell P Hunter Brown SS Corey Seager,,,
643,5215612098,jrow01,0,103.549995,1B Joc Pederson 2B Vaughn Grissom 3B Ezequiel Duran C Moises Ballesteros OF Mike Trout OF Brandon Nimmo OF Wyatt Langford P Blake Snell P Hunter Brown SS Zach Neto,,,
652,5215288554,HC0023 (20/20),0,103.45,1B Freddie Freeman 2B Willi Castro 3B Kyle Karros C Hunter Goodman OF Jake McCarthy OF Andy Pages OF Cole Carrigg P Walker Buehler P Cody Bradford SS Mookie Betts,,,
652,5215641734,bhess777 (7/20),0,103.45,1B Freddie Freeman 2B Richie Palacios 3B Yandy Diaz C Liam Hicks OF Shohei Ohtani OF Kyle Tucker OF Andy Pages P Mitch Bratt P Carson Whisenhunt SS Mookie Betts,,,
654,5214896382,hasco (2/2),0,103.399994,1B Liam Hicks 2B Nicky Lopez 3B Nolan Arenado C Hunter Goodman OF Mike Trout OF Kyle Tucker OF Victor Mesa Jr. P Nick Martinez P Hunter Brown SS Tyler Tolbert,,,
655,5215185419,HairyBacks (10/20),0,103.2,1B Jonathan Aranda 2B Jeff McNeil 3B Junior Caminero C Hunter Goodman OF Shohei Ohtani OF Jordan Beck OF Chandler Simpson P Hunter Brown P Ryan Johnson SS Taylor Walls,,,
655,5215235872,A.Burgos930 (11/20),0,103.2,1B Jonathan Aranda 2B Ketel Marte 3B Connor Norby C Liam Hicks OF Mike Trout OF Victor Mesa Jr. OF Chandler Simpson P Hunter Brown P Ryan Johnson SS Zach Neto,,,
657,5215272267,jrancor22 (3/20),0,103.149994,1B Liam Hicks 2B Nicky Lopez 3B Junior Caminero C Austin Wynns OF Lawrence Butler OF Victor Mesa Jr. OF Chandler Simpson P Hunter Brown P Kyle Harrison SS Taylor Walls,,,
658,5215094717,ajmccann,0,103.05,1B Tim Tawa 2B Osleivis Basabe 3B Yandy Diaz C Austin Wynns OF Shohei Ohtani OF Fernando Tatis Jr. OF Yordan Alvarez P Cody Bradford P Mitch Bratt SS Tyler Tolbert,,,
658,5215696682,mrfb (7/20),0,103.05,1B Jonathan Aranda 2B Ketel Marte 3B Junior Caminero C Liam Hicks OF Cedric Mullins OF Austin Hays OF Victor Mesa Jr. P Cody Bradford P Mitch Bratt SS Jacob Wilson,,,
658,5215697601,beckynjayd (8/20),0,103.05,1B Jonathan Aranda 2B Richie Palacios 3B Junior Caminero C Liam Hicks OF Shohei Ohtani OF Cam Smith OF Chandler Simpson P Cody Bradford P Mitch Bratt SS Mookie Betts,,,
658,5215697610,beckynjayd (17/20),0,103.05,1B Shohei Ohtani 2B Richie Palacios 3B Yandy Diaz C Liam Hicks OF Andy Pages OF Chandler Simpson OF Wyatt Langford P Cody Bradford P Mitch Bratt SS Taylor Walls,,,
662,5215030667,ksrock31,0,103,1B Jonathan Aranda 2B Vaughn Grissom 3B Yandy Diaz C Yainer Diaz OF Brandon Nimmo OF Garrett Mitchell OF Victor Mesa Jr. P Cody Bradford P Hunter Brown SS Mookie Betts,,,
663,5215161053,csurunnerccr (3/20),0,102.95,1B Joc Pederson 2B Ketel Marte 3B Nolan Arenado C James McCann OF Shohei Ohtani OF Corbin Carroll OF Tim Tawa P Hunter Brown P Mitch Bratt SS Corey Seager,,,
663,5215657513,BuckeyeCity (14/20),0,102.95,1B Ty France 2B Brice Turang 3B Manny Machado C Liam Hicks OF Luis Rengifo OF Fernando Tatis Jr. OF Jihwan Bae P Hunter Brown P Mitch Bratt SS Xander Bogaerts,,,
663,5215679228,KingDean59 (3/8),0,102.95,1B Jonathan Aranda 2B Ketel Marte 3B Junior Caminero C Gabriel Moreno OF Lars Nootbaar OF Chandler Simpson OF Ryan Waldschmidt P Hunter Brown P Mitch Bratt SS Taylor Walls,,,
663,5215679477,Birdzofprey15 (5/6),0,102.95,1B Joc Pederson 2B Ketel Marte 3B Yandy Diaz C Gabriel Moreno OF Brandon Nimmo OF Lars Nootbaar OF Corbin Carroll P Hunter Brown P Mitch Bratt SS Corey Seager,,,
663,5215679478,Birdzofprey15 (6/6),0,102.95,1B Joc Pederson 2B Ketel Marte 3B Yandy Diaz C Gabriel Moreno OF Brandon Nimmo OF Lars Nootbaar OF Corbin Carroll P Hunter Brown P Mitch Bratt SS Corey Seager,,,
663,5215701260,TNeidert (7/20),0,102.95,1B Ty France 2B Jeff McNeil 3B Manny Machado C Jonah Heim OF Luis Rengifo OF Fernando Tatis Jr. OF Jackson Merrill P Hunter Brown P Mitch Bratt SS Jacob Wilson,,,
669,5215045711,FoxyGrandpa252 (13/20),0,102.85,1B Shohei Ohtani 2B Ildemaro Vargas 3B Kyle Karros C Hunter Goodman OF Lars Nootbaar OF Corbin Carroll OF Ryan Waldschmidt P Blake Snell P Ryan Johnson SS Zach Neto,,,
670,5215716548,SaucyJack1001 (3/9),0,102.75,1B Jac Caglianone 2B Ketel Marte 3B David Hamilton C Carter Jensen OF Austin Hays OF Yordan Alvarez OF Wade Meckler P Nick Martinez P Michael Wacha SS Corey Seager,,,
671,5215401271,jnwallen (4/17),0,102.65,1B Shohei Ohtani 2B Jeff McNeil 3B Zack Gelof C Jonah Heim OF Carlos Cortes OF Andy Pages OF Lawrence Butler P Blake Snell P Cody Bradford SS Mookie Betts,,,
671,5215416175,UniversalFriend (20/20),0,102.65,1B Tim Tawa 2B Ketel Marte 3B Nolan Arenado C James McCann OF Brandon Nimmo OF Corbin Carroll OF Wyatt Langford P Blake Snell P Cody Bradford SS Corey Seager,,,
671,5215203887,mafcontroller,0,102.649994,1B Joc Pederson 2B Ketel Marte 3B Nolan Arenado C James McCann OF Jake Bauers OF Kyle Tucker OF Jackson Chourio P Nick Martinez P Kyle Harrison SS Taylor Walls,,,
671,5215674453,lefty4488 (9/15),0,102.649994,1B Jonathan Aranda 2B Jeff McNeil 3B Junior Caminero C Liam Hicks OF Carlos Cortes OF Lawrence Butler OF Zack Gelof P Blake Snell P Cody Bradford SS Jacob Wilson,,,
675,5214966589,hatdaddy (3/20),0,102.6,1B Jonathan Aranda 2B Ketel Marte 3B Yandy Diaz C James McCann OF Brandon Nimmo OF Lars Nootbaar OF Corbin Carroll P Blake Snell P Mitch Bratt SS Corey Seager,,,
675,5215567633,SeanyB231 (2/2),0,102.6,1B Jonathan Aranda 2B Jeff McNeil 3B Junior Caminero C Jonah Heim OF Lawrence Butler OF Zack Gelof OF Chandler Simpson P Blake Snell P Mitch Bratt SS Jacob Wilson,,,
677,5215416163,UniversalFriend (8/20),0,102.55,1B Christian Walker 2B Vaughn Grissom 3B Nolan Arenado C James McCann OF Lars Nootbaar OF Corbin Carroll OF Tim Tawa P Blake Snell P Hunter Brown SS Zach Neto,,,
677,5214964141,Schoey17 (3/8),0,102.549995,1B Tim Tawa 2B Ketel Marte 3B Nolan Arenado C Gabriel Moreno OF Jake McCarthy OF Lars Nootbaar OF Cole Carrigg P Blake Snell P Hunter Brown SS Ezequiel Tovar,,,
677,5214966591,hatdaddy (5/20),0,102.549995,1B Christian Walker 2B Jose Altuve 3B Isaac Paredes C James McCann OF Corbin Carroll OF Cam Smith OF Chandler Simpson P Blake Snell P Hunter Brown SS Taylor Walls,,,
677,5215075971,ivymoose (1/20),0,102.549995,1B Shohei Ohtani 2B Tommy Edman 3B Kyle Karros C Ben Rortvedt OF Jake McCarthy OF Alex Call OF Andy Pages P Blake Snell P Hunter Brown SS Taylor Walls,,,
677,5215123067,jah_586 (19/20),0,102.549995,1B Jonathan Aranda 2B Jeff McNeil 3B Yandy Diaz C William Contreras OF Cedric Mullins OF Jihwan Bae OF Chandler Simpson P Blake Snell P Hunter Brown SS Taylor Walls,,,
677,5215362329,Daily_Big_Kahuna (3/5),0,102.549995,1B Joc Pederson 2B Jeff McNeil 3B Max Muncy C Ben Rortvedt OF Shohei Ohtani OF Kyle Tucker OF Evan Carter P Blake Snell P Hunter Brown SS Mookie Betts,,,
677,5215670073,HammerSZN (13/20),0,102.549995,1B Joc Pederson 2B Ketel Marte 3B Nolan Arenado C Austin Wynns OF Corbin Carroll OF Evan Carter OF Wyatt Langford P Blake Snell P Hunter Brown SS Corey Seager,,,
684,5215649863,jayzfan,0,102.5,1B Liam Hicks 2B Ketel Marte 3B Junior Caminero C James McCann OF Kyle Tucker OF Tim Tawa OF Chandler Simpson P Nick Martinez P Cody Bradford SS Corey Seager,,,
685,5215246762,soonerdallas (3/20),0,102.45,1B Yandy Diaz 2B Richie Palacios 3B Junior Caminero C Liam Hicks OF Evan Carter OF Chandler Simpson OF Wyatt Langford P Nick Martinez P Mitch Bratt SS Corey Seager,,,
685,5215325932,ltfmanager,0,102.45,1B Christian Walker 2B Ketel Marte 3B Ezequiel Duran C Liam Hicks OF Yordan Alvarez OF Jonny DeLuca OF Wyatt Langford P Nick Martinez P Mitch Bratt SS Taylor Walls,,,
687,5214854874,jrevelle3 (1/20),0,102.4,1B Tommy White 2B Ketel Marte 3B Max Muncy C Gabriel Moreno OF Cedric Mullins OF Zack Gelof OF Corbin Carroll P Walker Buehler P Mitch Bratt SS Zach Neto,,,
687,5215105278,cesardelarosawinner,0,102.4,1B Christian Walker 2B Jake Cronenworth 3B Junior Caminero C Hunter Goodman OF Brandon Nimmo OF Kyle Tucker OF Andy Pages P Walker Buehler P Mitch Bratt SS Bobby Witt Jr.,,,
687,5215584896,bartmeister (2/2),0,102.4,1B Tim Tawa 2B Ildemaro Vargas 3B Junior Caminero C William Contreras OF Brandon Nimmo OF Cedric Mullins OF Victor Mesa Jr. P Nick Martinez P Hunter Brown SS Ezequiel Tovar,,,
690,5215116876,Ctracefan (17/20),0,102.35,1B Joc Pederson 2B Ketel Marte 3B Vaughn Grissom C Moises Ballesteros OF Mike Trout OF Shohei Ohtani OF Jose Siri P Walker Buehler P Hunter Brown SS Zach Neto,,,
691,5215632570,Emac (2/20),0,102.25,1B Joc Pederson 2B Richie Palacios 3B Yandy Diaz C Liam Hicks OF Brandon Nimmo OF Chandler Simpson OF Wyatt Langford P Cody Bradford P Kyle Harrison SS Taylor Walls,,,
692,5214854884,jrevelle3 (11/20),0,102.2,1B Shohei Ohtani 2B Vaughn Grissom 3B Kyle Karros C Hunter Goodman OF Mike Trout OF Jordan Beck OF Cole Carrigg P Hunter Brown P Ryan Johnson SS Zach Neto,,,
692,5215319602,Dubbzz (7/20),0,102.2,1B Jonathan Aranda 2B Vaughn Grissom 3B Junior Caminero C Liam Hicks OF Lars Nootbaar OF Victor Mesa Jr. OF Chandler Simpson P Hunter Brown P Ryan Johnson SS Zach Neto,,,
692,5215678501,minfan77 (11/20),0,102.2,1B Jonathan Aranda 2B Jose Altuve 3B Isaac Paredes C Liam Hicks OF Yordan Alvarez OF Victor Mesa Jr. OF Chandler Simpson P Hunter Brown P Ryan Johnson SS Taylor Walls,,,
695,5215450534,darrylposton (10/20),0,102.05,1B Joc Pederson 2B Brice Turang 3B Junior Caminero C Liam Hicks OF Victor Mesa Jr. OF Chandler Simpson OF Wyatt Langford P Cody Bradford P Mitch Bratt SS Corey Seager,,,
695,5215593684,panama007,0,102.05,1B Jonathan Aranda 2B Jeff McNeil 3B Yandy Diaz C Liam Hicks OF Shohei Ohtani OF Jordan Beck OF Chandler Simpson P Blake Snell P Nick Martinez SS Ezequiel Tovar,,,
697,5215319610,Dubbzz (15/20),0,102,1B Rafael Devers 2B Ketel Marte 3B Nolan Arenado C Gabriel Moreno OF Jung Hoo Lee OF Lars Nootbaar OF Corbin Carroll P Blake Snell P Walker Buehler SS Corey Seager,,,
698,5215214851,AbeyBaby88 (9/20),0,101.95,1B Jonathan Aranda 2B Jeff McNeil 3B Yandy Diaz C Liam Hicks OF Mike Trout OF Lawrence Butler OF Chandler Simpson P Hunter Brown P Mitch Bratt SS Zach Neto,,,
698,5215655654,jetty76 (12/20),0,101.95,1B Jonathan Aranda 2B Richie Palacios 3B Yandy Diaz C Gabriel Moreno OF Cedric Mullins OF Lars Nootbaar OF Corbin Carroll P Hunter Brown P Mitch Bratt SS Taylor Walls,,,
698,5215679232,KingDean59 (7/8),0,101.95,1B Yandy Diaz 2B Ildemaro Vargas 3B Junior Caminero C Gabriel Moreno OF Lars Nootbaar OF Chandler Simpson OF Ryan Waldschmidt P Hunter Brown P Mitch Bratt SS Taylor Walls,,,
701,5215664390,Albino_Zebra (6/20),0,101.85,1B Jonathan Aranda 2B Vaughn Grissom 3B Yandy Diaz C Liam Hicks OF Cedric Mullins OF Lars Nootbaar OF Chandler Simpson P Blake Snell P Ryan Johnson SS Zach Neto,,,
702,5215381380,FunkyKong (2/20),0,101.799995,1B Jonathan Aranda 2B Jeff McNeil 3B Yandy Diaz C Liam Hicks OF Brandon Nimmo OF Jordan Beck OF Chandler Simpson P Blake Snell P Kyle Harrison SS Taylor Walls,,,
703,5215587295,axeman216,0,101.75,1B Jake Bauers 2B Willi Castro 3B Isaac Paredes C Yainer Diaz OF Andy Pages OF Jackson Merrill OF Chandler Simpson P Nick Martinez P Michael Wacha SS Mookie Betts,,,
703,5215718421,wildguy1,0,101.75,1B Yandy Diaz 2B Michael Massey 3B Junior Caminero C Liam Hicks OF Alex Call OF Kyle Isbel OF Evan Carter P Nick Martinez P Michael Wacha SS Bobby Witt Jr.,,,
705,5214946334,stock2mail (10/20),0,101.65,1B Jonathan Aranda 2B Jeff McNeil 3B Junior Caminero C Ben Rortvedt OF Brandon Nimmo OF Shohei Ohtani OF Wyatt Langford P Blake Snell P Cody Bradford SS Taylor Walls,,,
705,5215372205,tybry85 (1/20),0,101.65,1B Joc Pederson 2B Ketel Marte 3B Junior Caminero C James McCann OF Brandon Nimmo OF Lars Nootbaar OF Wyatt Langford P Blake Snell P Cody Bradford SS Corey Seager,,,
705,5215372212,tybry85 (8/20),0,101.65,1B Jonathan Aranda 2B Richie Palacios 3B Yandy Diaz C Liam Hicks OF Brandon Nimmo OF Lars Nootbaar OF Victor Mesa Jr. P Blake Snell P Cody Bradford SS Corey Seager,,,
705,5215585748,scohen21 (12/20),0,101.65,1B Joc Pederson 2B Richie Palacios 3B Junior Caminero C Austin Wynns OF Shohei Ohtani OF Evan Carter OF Chandler Simpson P Blake Snell P Cody Bradford SS Corey Seager,,,
709,5215158358,73pd2x (8/20),0,101.6,1B Jonathan Aranda 2B Richie Palacios 3B Junior Caminero C Liam Hicks OF Daulton Varsho OF Cam Smith OF Chandler Simpson P Blake Snell P Mitch Bratt SS Jeremy Pena,,,
709,5215363147,michaelblaschko,0,101.6,1B Tim Tawa 2B Brice Turang 3B Ezequiel Duran C Gabriel Moreno OF Christian Yelich OF Brandon Nimmo OF Corbin Carroll P Blake Snell P Mitch Bratt SS Jacob Wilson,,,
709,5215681469,teddyruxpin6969 (2/2),0,101.6,1B Jeff McNeil 2B Ketel Marte 3B Junior Caminero C Hunter Goodman OF Lars Nootbaar OF Evan Carter OF Chandler Simpson P Blake Snell P Mitch Bratt SS Corey Seager,,,
712,5215251221,Wanna_Square_Up1567 (12/20),0,101.55,1B Joc Pederson 2B Ildemaro Vargas 3B Kyle Karros C Hunter Goodman OF Jake McCarthy OF Lars Nootbaar OF Cole Carrigg P Blake Snell P Hunter Brown SS Ezequiel Tovar,,,
712,5215359190,Cuscus3 (3/20),0,101.549995,1B Joc Pederson 2B Oswald Peraza 3B Ezequiel Duran C Austin Wynns OF Brandon Nimmo OF Shohei Ohtani OF Wyatt Langford P Blake Snell P Hunter Brown SS Mookie Betts,,,
712,5215513975,andymartin5586 (11/20),0,101.549995,1B Joc Pederson 2B Ketel Marte 3B Nolan Arenado C James McCann OF Lars Nootbaar OF Tim Tawa OF Wyatt Langford P Blake Snell P Hunter Brown SS Corey Seager,,,
712,5215708971,lilmaryy (9/10),0,101.549995,1B Tim Tawa 2B Ketel Marte 3B Nolan Arenado C Gabriel Moreno OF Lars Nootbaar OF Evan Carter OF Wyatt Langford P Blake Snell P Hunter Brown SS Zach Neto,,,
716,5215713347,SICKHEMI (10/20),0,101.5,1B Yandy Diaz 2B Tommy Edman 3B Max Muncy C Liam Hicks OF Kyle Tucker OF Andy Pages OF Chandler Simpson P Cody Bradford P Carson Whisenhunt SS Mookie Betts,,,
717,5215207464,Elwaysarmy (1/20),0,101.45,1B Jonathan Aranda 2B Richie Palacios 3B Junior Caminero C Salvador Perez OF Lawrence Butler OF Victor Mesa Jr. OF Chandler Simpson P Kyle Harrison P Ryan Johnson SS Bobby Witt Jr.,,,
717,5215384935,zsmittty223 (8/20),0,101.45,1B Freddie Freeman 2B Tommy Edman 3B Yandy Diaz C James McCann OF Shohei Ohtani OF Kyle Tucker OF Fernando Tatis Jr. P Mitch Bratt P Carson Whisenhunt SS Mookie Betts,,,
719,5215207469,Elwaysarmy (6/20),0,101.2,1B Jonathan Aranda 2B Richie Palacios 3B Junior Caminero C Moises Ballesteros OF Shohei Ohtani OF Kyle Tucker OF Chandler Simpson P Hunter Brown P Ryan Johnson SS Taylor Walls,,,
719,5215632572,Emac (4/20),0,101.2,1B Jonathan Aranda 2B Richie Palacios 3B Junior Caminero C James McCann OF Shohei Ohtani OF Kyle Tucker OF Chandler Simpson P Hunter Brown P Ryan Johnson SS Taylor Walls,,,
719,5215651686,knox314 (2/20),0,101.2,1B Jonathan Aranda 2B Richie Palacios 3B Junior Caminero C Liam Hicks OF Kyle Tucker OF Tim Tawa OF Chandler Simpson P Kyle Harrison P Mitch Bratt SS Mookie Betts,,,
719,5215658098,youngster201,0,101.2,1B Yandy Diaz 2B Ketel Marte 3B Junior Caminero C James McCann OF Jihwan Bae OF Zack Gelof OF Jackson Chourio P Kyle Harrison P Mitch Bratt SS Taylor Walls,,,
723,5215661259,Mige1 (15/20),0,101.05,1B Yandy Diaz 2B Jeff McNeil 3B Junior Caminero C Liam Hicks OF Zack Gelof OF Victor Mesa Jr. OF Chandler Simpson P Cody Bradford P Mitch Bratt SS Jeremy Pena,,,
723,5215664397,Albino_Zebra (13/20),0,101.05,1B Yandy Diaz 2B Jeff McNeil 3B Junior Caminero C Liam Hicks OF Zack Gelof OF Victor Mesa Jr. OF Chandler Simpson P Cody Bradford P Mitch Bratt SS Jeremy Pena,,,
723,5215693214,ralphgonzo10 (2/5),0,101.05,1B Freddie Freeman 2B Richie Palacios 3B Max Muncy C Liam Hicks OF Shohei Ohtani OF Andy Pages OF Tim Tawa P Cody Bradford P Mitch Bratt SS Mookie Betts,,,
723,5215697611,beckynjayd (18/20),0,101.05,1B Yandy Diaz 2B Tommy Edman 3B Junior Caminero C Liam Hicks OF Andy Pages OF Victor Mesa Jr. OF Chandler Simpson P Cody Bradford P Mitch Bratt SS Nicky Lopez,,,
727,5215023010,jw1984 (5/20),0,100.95,1B Shohei Ohtani 2B Ketel Marte 3B Max Muncy C James McCann OF Alex Call OF Lars Nootbaar OF Corbin Carroll P Hunter Brown P Mitch Bratt SS Mookie Betts,,,
727,5215512853,TwoHearted (14/20),0,100.95,1B Nolan Schanuel 2B Ketel Marte 3B Nolan Arenado C Gabriel Moreno OF Mike Trout OF Lars Nootbaar OF Corbin Carroll P Hunter Brown P Mitch Bratt SS Zach Neto,,,
727,5215609201,JaserD (6/20),0,100.95,1B Jonathan Aranda 2B Richie Palacios 3B Junior Caminero C Liam Hicks OF Carlos Cortes OF Zack Gelof OF Victor Mesa Jr. P Hunter Brown P Mitch Bratt SS Jacob Wilson,,,
727,5215663197,Mouse4 (2/2),0,100.95,1B Yandy Diaz 2B Brice Turang 3B David Hamilton C Moises Ballesteros OF Brandon Nimmo OF Corbin Carroll OF Tim Tawa P Hunter Brown P Mitch Bratt SS Bobby Witt Jr.,,,
731,5215713344,SICKHEMI (7/20),0,100.85,1B Liam Hicks 2B Ketel Marte 3B Junior Caminero C James McCann OF Lars Nootbaar OF Corbin Carroll OF Ryan Waldschmidt P Blake Snell P Ryan Johnson SS Jeremy Pena,,,
732,5214902466,winningfaith (1/2),0,100.8,1B Yandy Diaz 2B Jeff McNeil 3B Isaac Paredes C Yainer Diaz OF Mike Trout OF Shohei Ohtani OF Jackson Chourio P Walker Buehler P Tomoyuki Sugano SS Zach Neto,,,
732,5215185417,HairyBacks (8/20),0,100.799995,1B Joc Pederson 2B Ketel Marte 3B Nolan Arenado C James McCann OF Lars Nootbaar OF Corbin Carroll OF Evan Carter P Blake Snell P Kyle Harrison SS Zach Neto,,,
734,5215123052,jah_586 (4/20),0,100.65,1B Joc Pederson 2B Brice Turang 3B Yandy Diaz C Austin Wynns OF Brandon Nimmo OF Chandler Simpson OF Wyatt Langford P Blake Snell P Cody Bradford SS Corey Seager,,,
734,5215214846,AbeyBaby88 (4/20),0,100.65,1B Joc Pederson 2B Ketel Marte 3B Ezequiel Duran C James McCann OF Brandon Nimmo OF Corbin Carroll OF Wyatt Langford P Blake Snell P Cody Bradford SS Corey Seager,,,
734,5215372208,tybry85 (4/20),0,100.65,1B Joc Pederson 2B Ketel Marte 3B Max Muncy C James McCann OF Brandon Nimmo OF Kyle Tucker OF Andy Pages P Blake Snell P Cody Bradford SS Corey Seager,,,
737,5215251220,Wanna_Square_Up1567 (11/20),0,100.6,1B Tim Tawa 2B Ildemaro Vargas 3B Isaac Paredes C Gabriel Moreno OF Fernando Tatis Jr. OF Lars Nootbaar OF Corbin Carroll P Blake Snell P Mitch Bratt SS Jeremy Pena,,,
737,5215431752,Anthonykorobellis (5/20),0,100.6,1B Shohei Ohtani 2B Ketel Marte 3B David Hamilton C Gabriel Moreno OF Lars Nootbaar OF Corbin Carroll OF Tim Tawa P Blake Snell P Mitch Bratt SS Corey Seager,,,
737,5215652431,ma15102 (15/20),0,100.6,1B Jonathan Aranda 2B Brice Turang 3B Isaac Paredes C Gabriel Moreno OF Brandon Nimmo OF Lars Nootbaar OF Corbin Carroll P Blake Snell P Mitch Bratt SS Zach Neto,,,
740,5215319596,Dubbzz (1/20),0,100.55,1B Joc Pederson 2B Jeff McNeil 3B Junior Caminero C Austin Wynns OF Cedric Mullins OF Evan Carter OF Wyatt Langford P Blake Snell P Hunter Brown SS Zach Neto,,,
740,5215123054,jah_586 (6/20),0,100.549995,1B Joc Pederson 2B Jeff McNeil 3B Manny Machado C Austin Wynns OF Brandon Nimmo OF Fernando Tatis Jr. OF Wyatt Langford P Blake Snell P Hunter Brown SS Corey Seager,,,
740,5215384930,zsmittty223 (3/20),0,100.549995,1B Joc Pederson 2B Nicky Lopez 3B Junior Caminero C Hunter Goodman OF Brandon Nimmo OF Jordan Beck OF Evan Carter P Blake Snell P Hunter Brown SS Corey Seager,,,
740,5215670062,HammerSZN (2/20),0,100.549995,1B Joc Pederson 2B Richie Palacios 3B Junior Caminero C Austin Wynns OF Evan Carter OF Chandler Simpson OF Wyatt Langford P Blake Snell P Hunter Brown SS Corey Seager,,,
740,5215674761,dillmaak2022 (13/20),0,100.549995,1B Joc Pederson 2B Richie Palacios 3B Junior Caminero C Austin Wynns OF Evan Carter OF Chandler Simpson OF Wyatt Langford P Blake Snell P Hunter Brown SS Corey Seager,,,
745,5215052442,hammer1649,0,100.5,1B Freddie Freeman 2B Ketel Marte 3B Isaac Paredes C Luis Campusano OF Mike Trout OF Jake Bauers OF Luis Lara P Nick Martinez P Cody Bradford SS Shay Whitcomb,,,
746,5215689357,dantheman78 (14/20),0,100.45,1B Jonathan Aranda 2B Brice Turang 3B Yandy Diaz C Liam Hicks OF Jake Bauers OF Victor Mesa Jr. OF Chandler Simpson P Mitch Bratt P Carson Whisenhunt SS Bobby Witt Jr.,,,
747,5215701272,TNeidert (19/20),0,100.4,1B Yandy Diaz 2B Jeff McNeil 3B Junior Caminero C Liam Hicks OF Yordan Alvarez OF Cam Smith OF Chandler Simpson P Tomoyuki Sugano P Mitch Bratt SS Jeremy Pena,,,
748,5215360030,cachedinar (15/20),0,100.35,1B Yandy Diaz 2B Richie Palacios 3B Junior Caminero C Liam Hicks OF Jake Bauers OF Jihwan Bae OF Zack Gelof P Michael Wacha P Cody Bradford SS Willy Adames,,,
749,5215491827,wazzu24 (8/20),0,100.2,1B Salvador Perez 2B Ketel Marte 3B Max Muncy C Gabriel Moreno OF Lars Nootbaar OF Corbin Carroll OF Tim Tawa P Hunter Brown P Ryan Johnson SS Bobby Witt Jr.,,,
750,5215696680,mrfb (5/20),0,100.05,1B Jonathan Aranda 2B Ketel Marte 3B Junior Caminero C Salvador Perez OF Cedric Mullins OF Victor Mesa Jr. OF Chandler Simpson P Cody Bradford P Mitch Bratt SS Jacob Wilson,,,
750,5215713350,SICKHEMI (13/20),0,100.05,1B Shohei Ohtani 2B Richie Palacios 3B Junior Caminero C Yainer Diaz OF Cedric Mullins OF Kyle Tucker OF Chandler Simpson P Cody Bradford P Mitch Bratt SS Taylor Walls,,,
752,5215272275,jrancor22 (11/20),0,100,1B Joc Pederson 2B Richie Palacios 3B Yandy Diaz C Salvador Perez OF Cedric Mullins OF Victor Mesa Jr. OF Chandler Simpson P Cody Bradford P Hunter Brown SS Corey Seager,,,
752,5215491833,wazzu24 (14/20),0,100,1B Yandy Diaz 2B Jeff McNeil 3B Junior Caminero C James McCann OF Brandon Nimmo OF Zack Gelof OF Wyatt Langford P Cody Bradford P Hunter Brown SS Taylor Walls,,,
754,5214959838,twm4life (1/2),0,99.95,1B Jonathan Aranda 2B Vaughn Grissom 3B Junior Caminero C Liam Hicks OF Mike Trout OF Jose Siri OF Tim Tawa P Hunter Brown P Mitch Bratt SS Zach Neto,,,
754,5215687949,Ship1992 (1/3),0,99.95,1B Jac Caglianone 2B Jeff McNeil 3B Ezequiel Duran C Gabriel Moreno OF Fernando Tatis Jr. OF Lars Nootbaar OF Corbin Carroll P Hunter Brown P Mitch Bratt SS Zach Neto,,,
754,5215713355,SICKHEMI (18/20),0,99.95,1B Jonathan Aranda 2B Ildemaro Vargas 3B Junior Caminero C Liam Hicks OF Victor Mesa Jr. OF Wyatt Langford OF Ryan Waldschmidt P Hunter Brown P Mitch Bratt SS Taylor Walls,,,
757,5215409974,jnwallen (14/17),0,99.9,1B Joc Pederson 2B Willi Castro 3B Kyle Karros C Hunter Goodman OF Brandon Nimmo OF Evan Carter OF Wyatt Langford P Blake Snell P Michael Wacha SS Corey Seager,,,
757,5215318694,mrclean913 (5/20),0,99.899994,1B Joc Pederson 2B Willi Castro 3B Ezequiel Duran C Hunter Goodman OF Jake McCarthy OF Mickey Moniak OF Cole Carrigg P Nick Martinez P Carson Whisenhunt SS Bobby Witt Jr.,,,
759,5214866662,Sammy.Boy (12/20),0,99.85,1B Jake Bauers 2B Brice Turang 3B Junior Caminero C Hunter Goodman OF Jihwan Bae OF Victor Bericoto OF Jackson Chourio P Blake Snell P Ryan Johnson SS Willy Adames,,,
759,5215106745,rsumrall (9/20),0,99.85,1B Shohei Ohtani 2B Vaughn Grissom 3B Max Muncy C William Contreras OF Kyle Tucker OF Alex Call OF Andy Pages P Blake Snell P Ryan Johnson SS Zach Neto,,,
759,5215433540,Bobby1965 (1/2),0,99.85,1B Jonathan Aranda 2B Ketel Marte 3B Max Muncy C Liam Hicks OF Jake Bauers OF Victor Mesa Jr. OF Wyatt Langford P Nick Martinez P Tomoyuki Sugano SS Corey Seager,,,
759,5215450540,darrylposton (16/20),0,99.85,1B Yandy Diaz 2B Richie Palacios 3B Junior Caminero C Liam Hicks OF Jake McCarthy OF Chandler Simpson OF Wyatt Langford P Walker Buehler P Carson Whisenhunt SS Corey Seager,,,
759,5215641745,bhess777 (18/20),0,99.85,1B Yandy Diaz 2B Richie Palacios 3B Junior Caminero C Liam Hicks OF Jake McCarthy OF Chandler Simpson OF Wyatt Langford P Walker Buehler P Carson Whisenhunt SS Corey Seager,,,
764,5215117903,Dominator-Seguin (13/20),0,99.7,1B Freddie Freeman 2B Richie Palacios 3B Yandy Diaz C Liam Hicks OF Cedric Mullins OF Kyle Tucker OF Victor Mesa Jr. P Nick Martinez P Ryan Johnson SS Jeremy Pena,,,
765,5215121867,thundrenterprises (11/20),0,99.65,1B Freddie Freeman 2B Ildemaro Vargas 3B Kyle Karros C Ben Rortvedt OF Shohei Ohtani OF Kyle Tucker OF Cole Carrigg P Blake Snell P Cody Bradford SS Mookie Betts,,,
765,5215372218,tybry85 (14/20),0,99.65,1B Jonathan Aranda 2B Ketel Marte 3B Nolan Arenado C James McCann OF Lars Nootbaar OF Victor Mesa Jr. OF Corbin Carroll P Blake Snell P Cody Bradford SS Corey Seager,,,
765,5215664404,Albino_Zebra (20/20),0,99.65,1B Jake Burger 2B Richie Palacios 3B Yandy Diaz C Liam Hicks OF Victor Mesa Jr. OF Evan Carter OF Chandler Simpson P Blake Snell P Cody Bradford SS Corey Seager,,,
768,5215215687,mertqq40 (3/5),0,99.55,1B Connor Norby 2B Ketel Marte 3B Kyle Karros C Gabriel Moreno OF Jake McCarthy OF Corbin Carroll OF Jordan Beck P Blake Snell P Hunter Brown SS Ezequiel Tovar,,,
768,5215583281,Jimbobwae42,0,99.55,1B Jonathan Aranda 2B Ketel Marte 3B Junior Caminero C James McCann OF Lars Nootbaar OF Jihwan Bae OF Tim Tawa P Blake Snell P Hunter Brown SS Jacob Wilson,,,
768,5215014257,Reboot78 (7/20),0,99.549995,1B Tim Tawa 2B Jeff McNeil 3B Max Muncy C Ben Rortvedt OF Shohei Ohtani OF Lars Nootbaar OF Andy Pages P Blake Snell P Hunter Brown SS Mookie Betts,,,
768,5215161062,csurunnerccr (12/20),0,99.549995,1B Joc Pederson 2B Ketel Marte 3B Nolan Arenado C James McCann OF Lars Nootbaar OF Corbin Carroll OF Evan Carter P Blake Snell P Hunter Brown SS Corey Seager,,,
768,5215185415,HairyBacks (6/20),0,99.549995,1B Joc Pederson 2B Jeff McNeil 3B Junior Caminero C Austin Wynns OF Brandon Nimmo OF Chandler Simpson OF Wyatt Langford P Blake Snell P Hunter Brown SS Corey Seager,,,
768,5215431759,Anthonykorobellis (12/20),0,99.549995,1B Joc Pederson 2B Richie Palacios 3B Junior Caminero C Austin Wynns OF Shohei Ohtani OF Jordan Beck OF Evan Carter P Blake Snell P Hunter Brown SS Corey Seager,,,
768,5215445276,Skralph (7/20),0,99.549995,1B Joc Pederson 2B Ketel Marte 3B Nolan Arenado C James McCann OF Lars Nootbaar OF Corbin Carroll OF Evan Carter P Blake Snell P Hunter Brown SS Corey Seager,,,
768,5215513968,andymartin5586 (4/20),0,99.549995,1B Joc Pederson 2B Ketel Marte 3B Nolan Arenado C James McCann OF Lars Nootbaar OF Corbin Carroll OF Evan Carter P Blake Snell P Hunter Brown SS Corey Seager,,,
776,5215641729,bhess777 (2/20),0,99.45,1B Jonathan Aranda 2B Brice Turang 3B Junior Caminero C Gabriel Moreno OF Lars Nootbaar OF Corbin Carroll OF Chandler Simpson P Mitch Bratt P Carson Whisenhunt SS Zach Neto,,,
776,5215643459,cmalas (4/20),0,99.45,1B Freddie Freeman 2B Brice Turang 3B Max Muncy C Gabriel Moreno OF Kyle Tucker OF Andy Pages OF Corbin Carroll P Mitch Bratt P Carson Whisenhunt SS Mookie Betts,,,
778,5215621045,Makin-A-Run (7/20),0,99.350006,1B Jonathan Aranda 2B Oswald Peraza 3B Junior Caminero C Austin Wynns OF Cedric Mullins OF Victor Mesa Jr. OF Chandler Simpson P Walker Buehler P Hunter Brown SS Zach Neto,,,
779,5215117896,Dominator-Seguin (6/20),0,99.3,1B Jake Burger 2B Ketel Marte 3B Junior Caminero C Liam Hicks OF Cedric Mullins OF Victor Mesa Jr. OF Chandler Simpson P Michael Wacha P Mitch Bratt SS Nicky Lopez,,,
779,5215246766,soonerdallas (7/20),0,99.3,1B Tim Tawa 2B Ketel Marte 3B Nolan Arenado C Gabriel Moreno OF Yordan Alvarez OF Lars Nootbaar OF Jac Caglianone P Michael Wacha P Mitch Bratt SS Jeremy Pena,,,
781,5215251212,Wanna_Square_Up1567 (3/20),0,99.25,1B Jonathan Aranda 2B Ketel Marte 3B Junior Caminero C Liam Hicks OF Jose Siri OF Cedric Mullins OF Chandler Simpson P Mitch Bratt P Ryan Johnson SS Zach Neto,,,
781,5215643466,cmalas (11/20),0,99.25,1B Jonathan Aranda 2B Richie Palacios 3B Junior Caminero C Gabriel Moreno OF Yordan Alvarez OF Victor Mesa Jr. OF Chandler Simpson P Mitch Bratt P Ryan Johnson SS Jeremy Pena,,,
781,5215701271,TNeidert (18/20),0,99.25,1B Jake Bauers 2B Brice Turang 3B Zack Gelof C William Contreras OF Carlos Cortes OF Garrett Mitchell OF Lawrence Butler P Michael Wacha P Hunter Brown SS Taylor Walls,,,
784,5215068392,pat_the_hat2 (9/20),0,99.2,1B Nolan Schanuel 2B Willi Castro 3B Kyle Karros C Hunter Goodman OF Mike Trout OF Mickey Moniak OF Cole Carrigg P Hunter Brown P Ryan Johnson SS Zach Neto,,,
785,5215696679,mrfb (4/20),0,99.05,1B Jake Bauers 2B Ketel Marte 3B Junior Caminero C Liam Hicks OF Cedric Mullins OF Victor Mesa Jr. OF Chandler Simpson P Cody Bradford P Mitch Bratt SS Ezequiel Tovar,,,
785,5215697612,beckynjayd (19/20),0,99.05,1B Jonathan Aranda 2B Richie Palacios 3B Junior Caminero C Liam Hicks OF Shohei Ohtani OF Lars Nootbaar OF Andy Pages P Cody Bradford P Mitch Bratt SS Taylor Walls,,,
787,5215689362,dantheman78 (19/20),0,99,1B Joc Pederson 2B Willi Castro 3B Yandy Diaz C Liam Hicks OF Jake McCarthy OF Victor Mesa Jr. OF Cole Carrigg P Cody Bradford P Hunter Brown SS Ezequiel Tovar,,,
788,5215232726,JohnnyDrama34,0,98.95,1B Joc Pederson 2B Jeff McNeil 3B Junior Caminero C Gabriel Moreno OF Brandon Nimmo OF Corbin Carroll OF Chandler Simpson P Hunter Brown P Mitch Bratt SS Corey Seager,,,
788,5215413166,Henry113 (1/2),0,98.95,1B Joc Pederson 2B Jeff McNeil 3B Junior Caminero C Liam Hicks OF Cedric Mullins OF Victor Mesa Jr. OF Chandler Simpson P Hunter Brown P Mitch Bratt SS Corey Seager,,,
788,5215651694,knox314 (10/20),0,98.95,1B Jonathan Aranda 2B Richie Palacios 3B Max Muncy C Liam Hicks OF Teoscar Hernandez OF Andy Pages OF Chandler Simpson P Hunter Brown P Mitch Bratt SS Mookie Betts,,,
791,5215161061,csurunnerccr (11/20),0,98.85,1B Nolan Schanuel 2B Jeff McNeil 3B Vaughn Grissom C Hunter Goodman OF Mike Trout OF Shohei Ohtani OF Jose Siri P Blake Snell P Ryan Johnson SS Zach Neto,,,
791,5215264784,cwthrow24 (5/20),0,98.85,1B Freddie Freeman 2B Tommy Edman 3B Isaac Paredes C Ben Rortvedt OF Jake McCarthy OF Andy Pages OF Cole Carrigg P Blake Snell P Ryan Johnson SS Mookie Betts,,,
791,5215661248,Mige1 (4/20),0,98.85,1B Freddie Freeman 2B Jeff McNeil 3B Max Muncy C Hunter Goodman OF Shohei Ohtani OF Andy Pages OF Zack Gelof P Walker Buehler P Carson Whisenhunt SS Mookie Betts,,,
794,5215687204,brucejagg,0,98.8,1B Jac Caglianone 2B Michael Massey 3B Yandy Diaz C Carter Jensen OF Kyle Tucker OF Yordan Alvarez OF Kyle Isbel P Walker Buehler P Tomoyuki Sugano SS Bobby Witt Jr.,,,
795,5215267252,Do_Figolo_Chip (6/7),0,98.65,1B Rafael Devers 2B Jake Cronenworth 3B Connor Norby C Gabriel Moreno OF Fernando Tatis Jr. OF Andy Pages OF Corbin Carroll P Blake Snell P Cody Bradford SS Ezequiel Tovar,,,
795,5215491822,wazzu24 (3/20),0,98.65,1B Freddie Freeman 2B Brice Turang 3B Max Muncy C Ben Rortvedt OF Brandon Nimmo OF Alex Call OF Wyatt Langford P Blake Snell P Cody Bradford SS Mookie Betts,,,
795,5215513978,andymartin5586 (14/20),0,98.65,1B Joc Pederson 2B Ketel Marte 3B Nolan Arenado C James McCann OF Lars Nootbaar OF Corbin Carroll OF Wyatt Langford P Blake Snell P Cody Bradford SS Corey Seager,,,
795,5215643002,bassguy39 (12/15),0,98.65,1B Jonathan Aranda 2B Oswald Peraza 3B Junior Caminero C Liam Hicks OF Mike Trout OF Cedric Mullins OF Chandler Simpson P Walker Buehler P Ryan Johnson SS Zach Neto,,,
795,5215651664,colbyhornet (5/20),0,98.65,1B Ty France 2B Ildemaro Vargas 3B Manny Machado C Gabriel Moreno OF Lars Nootbaar OF Corbin Carroll OF Ryan Waldschmidt P Blake Snell P Cody Bradford SS Mookie Betts,,,
795,5215670065,HammerSZN (5/20),0,98.65,1B Jake Burger 2B Ketel Marte 3B Junior Caminero C Austin Wynns OF Brandon Nimmo OF Corbin Carroll OF Evan Carter P Blake Snell P Cody Bradford SS Corey Seager,,,
795,5215673786,liljenna515,0,98.65,1B Jake Burger 2B Ketel Marte 3B Junior Caminero C Austin Wynns OF Brandon Nimmo OF Corbin Carroll OF Evan Carter P Blake Snell P Cody Bradford SS Corey Seager,,,
795,5214982210,Swishdakyng (18/20),0,98.649994,1B Tim Tawa 2B Ketel Marte 3B Nolan Arenado C Gabriel Moreno OF Kyle Tucker OF Lars Nootbaar OF Andy Pages P Nick Martinez P Kyle Harrison SS Mookie Betts,,,
795,5215328317,badsanta1000,0,98.649994,1B Joc Pederson 2B Richie Palacios 3B Junior Caminero C Austin Wynns OF Cedric Mullins OF Victor Mesa Jr. OF Chandler Simpson P Nick Martinez P Kyle Harrison SS Corey Seager,,,
804,5215044006,whoisjohngalt420 (5/20),0,98.6,1B Jonathan Aranda 2B Oswald Peraza 3B Junior Caminero C Liam Hicks OF Brandon Nimmo OF Victor Mesa Jr. OF Wyatt Langford P Blake Snell P Mitch Bratt SS Corey Seager,,,
804,5215336307,charlesrayallday,0,98.6,1B Jonathan Aranda 2B Jeff McNeil 3B Junior Caminero C Ben Rortvedt OF Lawrence Butler OF Corbin Carroll OF Tyler Soderstrom P Blake Snell P Mitch Bratt SS Corey Seager,,,
804,5215345728,clathren (2/20),0,98.6,1B Jonathan Aranda 2B Ketel Marte 3B Yandy Diaz C James McCann OF Kyle Tucker OF Lars Nootbaar OF Corbin Carroll P Blake Snell P Mitch Bratt SS Corey Seager,,,
804,5215445271,Skralph (2/20),0,98.6,1B Jonathan Aranda 2B Ketel Marte 3B Nolan Arenado C Gabriel Moreno OF Lars Nootbaar OF Corbin Carroll OF Chandler Simpson P Blake Snell P Mitch Bratt SS Corey Seager,,,
804,5215700138,cptnspaulding (1/20),0,98.6,1B Jonathan Aranda 2B Ketel Marte 3B Nolan Arenado C Gabriel Moreno OF Lars Nootbaar OF Corbin Carroll OF Chandler Simpson P Blake Snell P Mitch Bratt SS Corey Seager,,,
809,5215346439,LOCNOTM (11/20),0,98.55,1B Tim Tawa 2B Nicky Lopez 3B Junior Caminero C Austin Wynns OF Brandon Nimmo OF Corbin Carroll OF Evan Carter P Blake Snell P Hunter Brown SS Corey Seager,,,
809,5215063760,codyewell (10/20),0,98.549995,1B Jake Burger 2B Nicky Lopez 3B Junior Caminero C Austin Wynns OF Lars Nootbaar OF Victor Mesa Jr. OF Corbin Carroll P Blake Snell P Hunter Brown SS Ezequiel Tovar,,,
809,5215431751,Anthonykorobellis (4/20),0,98.549995,1B Connor Norby 2B Ketel Marte 3B Willi Castro C Gabriel Moreno OF Corbin Carroll OF Jordan Beck OF Cole Carrigg P Blake Snell P Hunter Brown SS Ezequiel Tovar,,,
809,5215632575,Emac (7/20),0,98.549995,1B Joc Pederson 2B Jose Altuve 3B Junior Caminero C Austin Wynns OF Brandon Nimmo OF Evan Carter OF Chandler Simpson P Blake Snell P Hunter Brown SS Corey Seager,,,
809,5215685028,meyers2305 (6/20),0,98.549995,1B Jonathan Aranda 2B Jeff McNeil 3B Yandy Diaz C Moises Ballesteros OF Brandon Nimmo OF Kyle Tucker OF Lars Nootbaar P Blake Snell P Hunter Brown SS Mookie Betts,,,
809,5215698418,Oziumrules,0,98.549995,1B Joc Pederson 2B Richie Palacios 3B Yandy Diaz C Austin Wynns OF Brandon Nimmo OF Jake McCarthy OF Wyatt Langford P Blake Snell P Hunter Brown SS Corey Seager,,,
809,5215717610,Mrkvs (5/12),0,98.549995,1B Joc Pederson 2B Richie Palacios 3B Yandy Diaz C Austin Wynns OF Brandon Nimmo OF Jake McCarthy OF Wyatt Langford P Blake Snell P Hunter Brown SS Corey Seager,,,
816,5215264795,cwthrow24 (16/20),0,98.5,1B Joc Pederson 2B Ketel Marte 3B Ezequiel Duran C Gabriel Moreno OF Brandon Nimmo OF Corbin Carroll OF Evan Carter P Nick Martinez P Cody Bradford SS Corey Seager,,,
817,5215319608,Dubbzz (13/20),0,98.450005,1B Joc Pederson 2B Donovan Walton 3B Junior Caminero C Salvador Perez OF Shohei Ohtani OF Kyle Tucker OF Henry Bolte P Walker Buehler P Cody Bradford SS Bobby Witt Jr.,,,
817,5215625341,bthel (2/2),0,98.450005,1B Shohei Ohtani 2B Vaughn Grissom 3B Junior Caminero C Salvador Perez OF Brandon Nimmo OF Carlos Cortes OF Fernando Tatis Jr. P Tomoyuki Sugano P Cody Bradford SS Corey Seager,,,
817,5215696408,jdgith,0,98.45,1B Yandy Diaz 2B Ketel Marte 3B Nolan Arenado C James McCann OF Brandon Nimmo OF Shohei Ohtani OF Kyle Tucker P Nick Martinez P Mitch Bratt SS Jeremy Pena,,,
820,5215038637,aquafinatim (9/20),0,98.4,1B Jonathan Aranda 2B Donovan Walton 3B Yandy Diaz C Liam Hicks OF Yordan Alvarez OF Victor Mesa Jr. OF Chandler Simpson P Walker Buehler P Mitch Bratt SS Jeremy Pena,,,
820,5215716549,SaucyJack1001 (4/9),0,98.399994,1B Yandy Diaz 2B Willi Castro 3B Junior Caminero C Liam Hicks OF Jihwan Bae OF Corbin Carroll OF Drew Gilbert P Hunter Brown P Carson Whisenhunt SS Jacob Wilson,,,
822,5215450542,darrylposton (18/20),0,98.35,1B Joc Pederson 2B Vaughn Grissom 3B Ezequiel Duran C Hunter Goodman OF Mike Trout OF Evan Carter OF Wyatt Langford P Walker Buehler P Hunter Brown SS Zach Neto,,,
822,5215661256,Mige1 (12/20),0,98.35,1B Shohei Ohtani 2B Ketel Marte 3B Nolan Arenado C James McCann OF Lars Nootbaar OF Andy Pages OF Tim Tawa P Walker Buehler P Hunter Brown SS Zach Neto,,,
824,5215087877,intension,0,98.25,1B Yandy Diaz 2B Ildemaro Vargas 3B Junior Caminero C Austin Wynns OF Lars Nootbaar OF Victor Mesa Jr. OF Chandler Simpson P Cody Bradford P Kyle Harrison SS Taylor Walls,,,
825,5215121862,thundrenterprises (6/20),0,98.2,1B Jonathan Aranda 2B Tommy Edman 3B Yandy Diaz C Liam Hicks OF Alex Call OF Victor Mesa Jr. OF Chandler Simpson P Kyle Harrison P Mitch Bratt SS Mookie Betts,,,
825,5215445285,Skralph (16/20),0,98.2,1B Jonathan Aranda 2B Willi Castro 3B Junior Caminero C Liam Hicks OF Victor Mesa Jr. OF Chandler Simpson OF Cole Carrigg P Hunter Brown P Ryan Johnson SS Ezequiel Tovar,,,
825,5215585740,scohen21 (4/20),0,98.2,1B Jonathan Aranda 2B Richie Palacios 3B Yandy Diaz C Salvador Perez OF Shohei Ohtani OF Cedric Mullins OF Kyle Tucker P Hunter Brown P Ryan Johnson SS Taylor Walls,,,
825,5215689354,dantheman78 (11/20),0,98.2,1B Tim Tawa 2B Ketel Marte 3B Nolan Arenado C James McCann OF Shohei Ohtani OF Zack Gelof OF Corbin Carroll P Kyle Harrison P Mitch Bratt SS Mookie Betts,,,
829,5215651698,knox314 (14/20),0,98.05,1B Jonathan Aranda 2B Tommy Edman 3B Yandy Diaz C Liam Hicks OF Teoscar Hernandez OF Shohei Ohtani OF Chandler Simpson P Cody Bradford P Mitch Bratt SS Taylor Walls,,,
830,5215004133,miller6860,0,98,1B Tim Tawa 2B Ketel Marte 3B Zack Gelof C Austin Wynns OF Kyle Tucker OF Yordan Alvarez OF Garrett Mitchell P Cody Bradford P Hunter Brown SS Mookie Betts,,,
830,5215661291,brianLiza (2/2),0,98,1B Joc Pederson 2B Jeff McNeil 3B Kyle Karros C Hunter Goodman OF Jackson Merrill OF Chandler Simpson OF Cole Carrigg P Cody Bradford P Hunter Brown SS Jeremy Pena,,,
832,5215158364,73pd2x (14/20),0,97.95,1B Tim Tawa 2B Richie Palacios 3B Nick Loftin C Liam Hicks OF Cedric Mullins OF Victor Mesa Jr. OF Chandler Simpson P Hunter Brown P Mitch Bratt SS Bobby Witt Jr.,,,
832,5215383665,Fluffhead017 (12/20),0,97.95,1B Nolan Schanuel 2B Oswald Peraza 3B Junior Caminero C Moises Ballesteros OF Mike Trout OF Corbin Carroll OF Chandler Simpson P Hunter Brown P Mitch Bratt SS Zach Neto,,,
832,5215651704,knox314 (20/20),0,97.95,1B Shohei Ohtani 2B Richie Palacios 3B Yandy Diaz C Ben Rortvedt OF Kyle Tucker OF Andy Pages OF Chandler Simpson P Hunter Brown P Mitch Bratt SS Mookie Betts,,,
832,5215718329,Awalker3081 (6/20),0,97.95,1B Joc Pederson 2B Richie Palacios 3B Junior Caminero C Liam Hicks OF Alex Call OF Chandler Simpson OF Wyatt Langford P Hunter Brown P Mitch Bratt SS Corey Seager,,,
836,5215681574,erishute,0,97.899994,1B Joc Pederson 2B Brice Turang 3B Max Muncy C Jonah Heim OF Mike Trout OF Corbin Carroll OF Ryan Waldschmidt P Nick Martinez P Carson Whisenhunt SS Jeremy Pena,,,
837,5215609213,JaserD (18/20),0,97.7,1B Freddie Freeman 2B Willi Castro 3B Max Muncy C Hunter Goodman OF Shohei Ohtani OF Kyle Tucker OF Cole Carrigg P Ryan Johnson P Carson Whisenhunt SS Mookie Betts,,,
838,5215052087,SeanDre (4/20),0,97.65,1B Jonathan Aranda 2B Nicky Lopez 3B Junior Caminero C Liam Hicks OF Cedric Mullins OF Evan Carter OF Henry Bolte P Blake Snell P Cody Bradford SS Taylor Walls,,,
838,5215585741,scohen21 (5/20),0,97.65,1B Joc Pederson 2B Ketel Marte 3B Ezequiel Duran C Austin Wynns OF Shohei Ohtani OF Corbin Carroll OF Evan Carter P Blake Snell P Cody Bradford SS Corey Seager,,,
838,5215147053,j-wolf05 (18/20),0,97.649994,1B Joc Pederson 2B Vaughn Grissom 3B Junior Caminero C Moises Ballesteros OF Mike Trout OF Brandon Nimmo OF Jose Siri P Nick Martinez P Kyle Harrison SS Zach Neto,,,
838,5215372220,tybry85 (16/20),0,97.649994,1B Jonathan Aranda 2B Richie Palacios 3B Junior Caminero C James McCann OF Brandon Nimmo OF Lars Nootbaar OF Victor Mesa Jr. P Blake Snell P Cody Bradford SS Corey Seager,,,
842,5215384707,lttlsht (1/20),0,97.6,1B Freddie Freeman 2B Oswald Peraza 3B Max Muncy C William Contreras OF Kyle Tucker OF Garrett Mitchell OF Andy Pages P Blake Snell P Mitch Bratt SS Mookie Betts,,,
842,5215445275,Skralph (6/20),0,97.6,1B Freddie Freeman 2B Jeff McNeil 3B Zack Gelof C Salvador Perez OF Shohei Ohtani OF Kyle Tucker OF Andy Pages P Blake Snell P Mitch Bratt SS Mookie Betts,,,
842,5215578163,chfen07 (15/20),0,97.6,1B Jake Bauers 2B Brice Turang 3B Nolan Arenado C Gabriel Moreno OF Lars Nootbaar OF Corbin Carroll OF Ryan Waldschmidt P Blake Snell P Mitch Bratt SS Zach Neto,,,
842,5215658553,ARoman24 (3/5),0,97.6,1B Freddie Freeman 2B Tommy Edman 3B Ezequiel Duran C Austin Wynns OF Brandon Nimmo OF Shohei Ohtani OF Andy Pages P Blake Snell P Mitch Bratt SS Mookie Betts,,,
842,5215670079,HammerSZN (19/20),0,97.6,1B Jonathan Aranda 2B Richie Palacios 3B Yandy Diaz C James McCann OF Cedric Mullins OF Corbin Carroll OF Chandler Simpson P Blake Snell P Mitch Bratt SS Corey Seager,,,
847,5215045701,FoxyGrandpa252 (3/20),0,97.55,1B Christian Walker 2B Oswald Peraza 3B Kyle Karros C Hunter Goodman OF Jake McCarthy OF Lawrence Butler OF Cole Carrigg P Blake Snell P Hunter Brown SS Ezequiel Tovar,,,
847,5215161052,csurunnerccr (2/20),0,97.55,1B Jake Burger 2B Vaughn Grissom 3B Kyle Karros C Austin Wynns OF Mike Trout OF Brandon Nimmo OF Wyatt Langford P Blake Snell P Hunter Brown SS Zach Neto,,,
847,5215315537,salty39 (3/3),0,97.55,1B Joc Pederson 2B Oswald Peraza 3B Vaughn Grissom C James McCann OF Lars Nootbaar OF Corbin Carroll OF Jackson Chourio P Blake Snell P Hunter Brown SS Zach Neto,,,
847,5215431758,Anthonykorobellis (11/20),0,97.549995,1B Jonathan Aranda 2B Jeff McNeil 3B Junior Caminero C Austin Wynns OF Brandon Nimmo OF Lawrence Butler OF Chandler Simpson P Blake Snell P Hunter Brown SS Corey Seager,,,
847,5215632584,Emac (16/20),0,97.549995,1B Jonathan Aranda 2B Jeff McNeil 3B Junior Caminero C Moises Ballesteros OF Carlos Cortes OF Lawrence Butler OF Zack Gelof P Blake Snell P Hunter Brown SS Jacob Wilson,,,
847,5215681572,hbuhler (3/3),0,97.549995,1B Jonathan Aranda 2B Jeff McNeil 3B Tommy White C Gabriel Moreno OF Lars Nootbaar OF Corbin Carroll OF Chandler Simpson P Blake Snell P Hunter Brown SS Taylor Walls,,,
853,5215147042,j-wolf05 (7/20),0,97.5,1B Freddie Freeman 2B Willi Castro 3B Kyle Karros C Hunter Goodman OF Mickey Moniak OF Andy Pages OF Cole Carrigg P Cody Bradford P Carson Whisenhunt SS Mookie Betts,,,
853,5215562921,cocosdaddy1 (2/2),0,97.5,1B Shohei Ohtani 2B Richie Palacios 3B Nolan Arenado C Brian Serven OF Jake Bauers OF Corbin Carroll OF Jackson Merrill P Nick Martinez P Cody Bradford SS Willy Adames,,,
855,5215667016,Bucky-B-Bad,0,97.450005,1B Jake Bauers 2B Jose Altuve 3B Manny Machado C William Contreras OF Brandon Nimmo OF Shohei Ohtani OF Jac Caglianone P Tomoyuki Sugano P Cody Bradford SS Mookie Betts,,,
856,5215672625,jakethesnake83 (3/3),0,97.4,1B Jeff McNeil 2B Oswald Peraza 3B Junior Caminero C Salvador Perez OF Brandon Nimmo OF Yordan Alvarez OF Tim Tawa P Nick Martinez P Hunter Brown SS Jacob Wilson,,,
856,5215630873,Boogie1208 (2/2),0,97.399994,1B Joc Pederson 2B Osleivis Basabe 3B Yandy Diaz C Liam Hicks OF Daulton Varsho OF Andy Pages OF Wyatt Langford P Nick Martinez P Hunter Brown SS Xander Bogaerts,,,
856,5215649946,NYVinny56,0,97.399994,1B Freddie Freeman 2B Ketel Marte 3B Zack Gelof C Yainer Diaz OF Lars Nootbaar OF Cam Smith OF Chandler Simpson P Nick Martinez P Hunter Brown SS Mookie Betts,,,
859,5215360027,cachedinar (12/20),0,97.35,1B Shohei Ohtani 2B Tommy Edman 3B Yandy Diaz C Ben Rortvedt OF Mike Trout OF Alex Call OF Lars Nootbaar P Walker Buehler P Hunter Brown SS Mookie Betts,,,
860,5215133467,eharig09 (9/20),0,97.25,1B Jonathan Aranda 2B Richie Palacios 3B Yandy Diaz C Austin Wynns OF Austin Hays OF Victor Mesa Jr. OF Chandler Simpson P Michael Wacha P Hunter Brown SS Corey Seager,,,
860,5215147044,j-wolf05 (9/20),0,97.25,1B Shohei Ohtani 2B Brice Turang 3B Max Muncy C Liam Hicks OF Kyle Tucker OF Andy Pages OF Chandler Simpson P Mitch Bratt P Ryan Johnson SS Mookie Betts,,,
860,5215354682,jaakko (5/6),0,97.25,1B Yandy Diaz 2B Richie Palacios 3B Junior Caminero C Liam Hicks OF Christian Yelich OF Carlos Cortes OF Jihwan Bae P Cody Bradford P Kyle Harrison SS Taylor Walls,,,
863,5215288544,HC0023 (10/20),0,97.2,1B Joc Pederson 2B Richie Palacios 3B Junior Caminero C Liam Hicks OF Zack Gelof OF Victor Mesa Jr. OF Chandler Simpson P Kyle Harrison P Mitch Bratt SS Corey Seager,,,
864,5215621044,Makin-A-Run (6/20),0,97.05,1B Jonathan Aranda 2B Ketel Marte 3B Yandy Diaz C Gabriel Moreno OF Brandon Nimmo OF Victor Mesa Jr. OF Chandler Simpson P Cody Bradford P Mitch Bratt SS Corey Seager,,,
864,5215647856,KING--13 (5/10),0,97.05,1B Jonathan Aranda 2B Jeff McNeil 3B Junior Caminero C Liam Hicks OF Cedric Mullins OF Lars Nootbaar OF Corbin Carroll P Cody Bradford P Mitch Bratt SS Taylor Walls,,,
866,5215396637,silencetheg (1/20),0,97,1B Joc Pederson 2B Jose Altuve 3B Max Muncy C Yainer Diaz OF Shohei Ohtani OF Daulton Varsho OF Cam Smith P Blake Snell P Walker Buehler SS Jeremy Pena,,,
867,5215235878,A.Burgos930 (17/20),0,96.95,1B Shohei Ohtani 2B Richie Palacios 3B Junior Caminero C Ben Rortvedt OF Cedric Mullins OF Alex Call OF Andy Pages P Hunter Brown P Mitch Bratt SS Mookie Betts,,,
867,5215246761,soonerdallas (2/20),0,96.95,1B Joc Pederson 2B Brice Turang 3B Vaughn Grissom C Moises Ballesteros OF Mike Trout OF Brandon Nimmo OF Yordan Alvarez P Hunter Brown P Mitch Bratt SS Zach Neto,,,
867,5215288548,HC0023 (14/20),0,96.95,1B Jonathan Aranda 2B Ketel Marte 3B Junior Caminero C James McCann OF Lars Nootbaar OF Corbin Carroll OF Tim Tawa P Hunter Brown P Mitch Bratt SS Jacob Wilson,,,
867,5215413763,Darkmen715 (8/20),0,96.95,1B Jonathan Aranda 2B Ketel Marte 3B Yandy Diaz C Gabriel Moreno OF Mike Trout OF Carlos Cortes OF Tim Tawa P Hunter Brown P Mitch Bratt SS Corey Seager,,,
867,5215450529,darrylposton (5/20),0,96.95,1B Joc Pederson 2B Ketel Marte 3B Nolan Arenado C Gabriel Moreno OF Mike Trout OF Lars Nootbaar OF Corbin Carroll P Hunter Brown P Mitch Bratt SS Corey Seager,,,
867,5215653812,Birdzofprey15 (3/6),0,96.95,1B Yandy Diaz 2B Jeff McNeil 3B Junior Caminero C Liam Hicks OF Victor Mesa Jr. OF Victor Bericoto OF Chandler Simpson P Hunter Brown P Mitch Bratt SS Corey Seager,,,
867,5215653813,Birdzofprey15 (4/6),0,96.95,1B Yandy Diaz 2B Jeff McNeil 3B Junior Caminero C Liam Hicks OF Victor Mesa Jr. OF Victor Bericoto OF Chandler Simpson P Hunter Brown P Mitch Bratt SS Corey Seager,,,
867,5215657586,rcarena (3/4),0,96.95,1B Joc Pederson 2B Richie Palacios 3B Junior Caminero C Liam Hicks OF Brandon Nimmo OF Chandler Simpson OF Wyatt Langford P Hunter Brown P Mitch Bratt SS Corey Seager,,,
867,5215657593,rcarena (4/4),0,96.95,1B Joc Pederson 2B Richie Palacios 3B Junior Caminero C Liam Hicks OF Brandon Nimmo OF Chandler Simpson OF Wyatt Langford P Hunter Brown P Mitch Bratt SS Corey Seager,,,
867,5215663865,souge369 (4/4),0,96.95,1B Christian Walker 2B Ketel Marte 3B Max Muncy C Hunter Goodman OF Fernando Tatis Jr. OF Victor Mesa Jr. OF Victor Bericoto P Hunter Brown P Mitch Bratt SS Nicky Lopez,,,
867,5215685026,meyers2305 (4/20),0,96.95,1B Joc Pederson 2B Ketel Marte 3B Yandy Diaz C Liam Hicks OF Yordan Alvarez OF Daulton Varsho OF Jihwan Bae P Hunter Brown P Mitch Bratt SS Corey Seager,,,
878,5215593793,jonfender202,0,96.899994,1B Jac Caglianone 2B Ketel Marte 3B Manny Machado C Salvador Perez OF Luis Rengifo OF Carlos Cortes OF Lawrence Butler P Kyle Harrison P Mason Barnett SS Bobby Witt Jr.,,,
879,5215106737,rsumrall (1/20),0,96.85,1B Jonathan Aranda 2B Oswald Peraza 3B Junior Caminero C Liam Hicks OF Jose Siri OF Cedric Mullins OF Chandler Simpson P Blake Snell P Ryan Johnson SS Zach Neto,,,
880,5215359199,Cuscus3 (12/20),0,96.799995,1B Jonathan Aranda 2B Jeff McNeil 3B Yandy Diaz C Liam Hicks OF Cedric Mullins OF Lawrence Butler OF Victor Bericoto P Blake Snell P Kyle Harrison SS Taylor Walls,,,
881,5215708510,sportsfan14 (17/20),0,96.65,1B Joc Pederson 2B Brice Turang 3B Junior Caminero C Austin Wynns OF Brandon Nimmo OF Jackson Chourio OF Wyatt Langford P Blake Snell P Cody Bradford SS Nicky Lopez,,,
881,5215214843,AbeyBaby88 (1/20),0,96.649994,1B Joc Pederson 2B Jeff McNeil 3B Junior Caminero C Austin Wynns OF Cedric Mullins OF Corbin Carroll OF Wyatt Langford P Blake Snell P Cody Bradford SS Corey Seager,,,
881,5215674456,lefty4488 (12/15),0,96.649994,1B Jonathan Aranda 2B Jeff McNeil 3B Junior Caminero C Liam Hicks OF Lawrence Butler OF Zack Gelof OF Henry Bolte P Blake Snell P Cody Bradford SS Jacob Wilson,,,
884,5215044099,mwr2001,0,96.6,1B Jonathan Aranda 2B Jeff McNeil 3B Junior Caminero C Liam Hicks OF Brandon Nimmo OF Lars Nootbaar OF Corbin Carroll P Blake Snell P Mitch Bratt SS Corey Seager,,,
884,5215121863,thundrenterprises (7/20),0,96.6,1B Tim Tawa 2B Brice Turang 3B Nolan Arenado C Gabriel Moreno OF Lars Nootbaar OF Corbin Carroll OF Jackson Chourio P Blake Snell P Mitch Bratt SS Corey Seager,,,
884,5215235870,A.Burgos930 (9/20),0,96.6,1B Jonathan Aranda 2B Nicky Lopez 3B Junior Caminero C Liam Hicks OF Cedric Mullins OF Victor Bericoto OF Chandler Simpson P Blake Snell P Mitch Bratt SS Zach Neto,,,
884,5215331983,jeffylube (3/20),0,96.6,1B Jonathan Aranda 2B Jeff McNeil 3B Junior Caminero C Liam Hicks OF Brandon Nimmo OF Lars Nootbaar OF Corbin Carroll P Blake Snell P Mitch Bratt SS Corey Seager,,,
884,5215331986,jeffylube (6/20),0,96.6,1B Shohei Ohtani 2B Jeff McNeil 3B Zack Gelof C Hunter Goodman OF Lawrence Butler OF Corbin Carroll OF Henry Bolte P Blake Snell P Mitch Bratt SS Corey Seager,,,
884,5215345727,clathren (1/20),0,96.6,1B Jonathan Aranda 2B Jeff McNeil 3B Junior Caminero C Liam Hicks OF Brandon Nimmo OF Lars Nootbaar OF Corbin Carroll P Blake Snell P Mitch Bratt SS Corey Seager,,,
884,5215345733,clathren (7/20),0,96.6,1B Joc Pederson 2B Jeff McNeil 3B Yandy Diaz C Liam Hicks OF Shohei Ohtani OF Kyle Tucker OF Lars Nootbaar P Blake Snell P Mitch Bratt SS Jeremy Pena,,,
884,5215587410,Socialmoses,0,96.6,1B Freddie Freeman 2B Tommy Edman 3B Max Muncy C Moises Ballesteros OF Shohei Ohtani OF Zack Gelof OF Wade Meckler P Blake Snell P Mitch Bratt SS Mookie Betts,,,
884,5215652494,xXxPLOSIVE (2/5),0,96.6,1B Jonathan Aranda 2B Jeff McNeil 3B Junior Caminero C Liam Hicks OF Brandon Nimmo OF Lars Nootbaar OF Corbin Carroll P Blake Snell P Mitch Bratt SS Corey Seager,,,
893,5215642997,bassguy39 (7/15),0,96.55,1B Connor Norby 2B Ketel Marte 3B Kyle Karros C James McCann OF Jake McCarthy OF Corbin Carroll OF Jordan Beck P Blake Snell P Hunter Brown SS Ezequiel Tovar,,,
893,5214966594,hatdaddy (8/20),0,96.549995,1B Nolan Schanuel 2B Oswald Peraza 3B Isaac Paredes C Moises Ballesteros OF Brandon Nimmo OF Shohei Ohtani OF Victor Mesa Jr. P Blake Snell P Hunter Brown SS Zach Neto,,,
893,5214987582,apforadori (2/3),0,96.549995,1B Jeff McNeil 2B Ketel Marte 3B Isaac Paredes C Austin Wynns OF Brandon Nimmo OF Corbin Carroll OF Chandler Simpson P Blake Snell P Hunter Brown SS Corey Seager,,,
893,5215039859,breymaier,0,96.549995,1B Jeff McNeil 2B Ketel Marte 3B Isaac Paredes C Austin Wynns OF Brandon Nimmo OF Corbin Carroll OF Chandler Simpson P Blake Snell P Hunter Brown SS Corey Seager,,,
893,5215106751,rsumrall (15/20),0,96.549995,1B Joc Pederson 2B Ildemaro Vargas 3B Isaac Paredes C Gabriel Moreno OF Lars Nootbaar OF Corbin Carroll OF Tim Tawa P Blake Snell P Hunter Brown SS Corey Seager,,,
893,5215116873,Ctracefan (14/20),0,96.549995,1B Joc Pederson 2B Ketel Marte 3B Zack Gelof C Gabriel Moreno OF Lars Nootbaar OF Corbin Carroll OF Ryan Waldschmidt P Blake Snell P Hunter Brown SS Nicky Lopez,,,
893,5215177093,SpeedRacer101 (15/20),0,96.549995,1B Joc Pederson 2B Ketel Marte 3B Nolan Arenado C Gabriel Moreno OF Brandon Nimmo OF Lars Nootbaar OF Evan Carter P Blake Snell P Hunter Brown SS Corey Seager,,,
893,5215585751,scohen21 (15/20),0,96.549995,1B Joc Pederson 2B Richie Palacios 3B Junior Caminero C Austin Wynns OF Kyle Tucker OF Evan Carter OF Wyatt Langford P Blake Snell P Hunter Brown SS Corey Seager,,,
893,5215672635,hbuhler (1/3),0,96.549995,1B Jeff McNeil 2B Ketel Marte 3B Isaac Paredes C Austin Wynns OF Brandon Nimmo OF Corbin Carroll OF Chandler Simpson P Blake Snell P Hunter Brown SS Corey Seager,,,
893,5215706437,seiferidjosh80 (2/9),0,96.549995,1B Jeff McNeil 2B Ketel Marte 3B Isaac Paredes C Austin Wynns OF Brandon Nimmo OF Corbin Carroll OF Chandler Simpson P Blake Snell P Hunter Brown SS Corey Seager,,,
893,5215706438,seiferidjosh80 (3/9),0,96.549995,1B Jeff McNeil 2B Ketel Marte 3B Isaac Paredes C Austin Wynns OF Brandon Nimmo OF Corbin Carroll OF Chandler Simpson P Blake Snell P Hunter Brown SS Corey Seager,,,
893,5215706439,seiferidjosh80 (4/9),0,96.549995,1B Jeff McNeil 2B Ketel Marte 3B Isaac Paredes C Austin Wynns OF Brandon Nimmo OF Corbin Carroll OF Chandler Simpson P Blake Snell P Hunter Brown SS Corey Seager,,,
893,5215706440,seiferidjosh80 (5/9),0,96.549995,1B Jeff McNeil 2B Ketel Marte 3B Isaac Paredes C Austin Wynns OF Brandon Nimmo OF Corbin Carroll OF Chandler Simpson P Blake Snell P Hunter Brown SS Corey Seager,,,
893,5215706441,seiferidjosh80 (6/9),0,96.549995,1B Jeff McNeil 2B Ketel Marte 3B Isaac Paredes C Austin Wynns OF Brandon Nimmo OF Corbin Carroll OF Chandler Simpson P Blake Snell P Hunter Brown SS Corey Seager,,,
893,5215706442,seiferidjosh80 (7/9),0,96.549995,1B Jeff McNeil 2B Ketel Marte 3B Isaac Paredes C Austin Wynns OF Brandon Nimmo OF Corbin Carroll OF Chandler Simpson P Blake Snell P Hunter Brown SS Corey Seager,,,
893,5215706443,seiferidjosh80 (8/9),0,96.549995,1B Jeff McNeil 2B Ketel Marte 3B Isaac Paredes C Austin Wynns OF Brandon Nimmo OF Corbin Carroll OF Chandler Simpson P Blake Snell P Hunter Brown SS Corey Seager,,,
893,5215706444,seiferidjosh80 (9/9),0,96.549995,1B Jeff McNeil 2B Ketel Marte 3B Isaac Paredes C Austin Wynns OF Brandon Nimmo OF Corbin Carroll OF Chandler Simpson P Blake Snell P Hunter Brown SS Corey Seager,,,
910,5215708394,darkside3434,0,96.5,1B Yandy Diaz 2B Jeff McNeil 3B Junior Caminero C Austin Wynns OF Kyle Tucker OF Andy Pages OF Jackson Merrill P Nick Martinez P Cody Bradford SS Corey Seager,,,
911,5215713353,SICKHEMI (16/20),0,96.450005,1B Freddie Freeman 2B Donovan Walton 3B Max Muncy C Hunter Goodman OF Shohei Ohtani OF Alex Call OF Zack Gelof P Walker Buehler P Cody Bradford SS Mookie Betts,,,
911,5215044844,lesterburnham,0,96.45,1B Yandy Diaz 2B Jeff McNeil 3B Junior Caminero C Liam Hicks OF Corbin Carroll OF Jackson Chourio OF Wyatt Langford P Mitch Bratt P Carson Whisenhunt SS Xander Bogaerts,,,
911,5215447047,Bobby1965 (2/2),0,96.45,1B Jonathan Aranda 2B Ketel Marte 3B Junior Caminero C Liam Hicks OF Cedric Mullins OF Victor Mesa Jr. OF Cam Smith P Tomoyuki Sugano P Cody Bradford SS Corey Seager,,,
914,5215462198,BUDBOYZ,0,96.4,1B Nolan Schanuel 2B Vaughn Grissom 3B Nolan Arenado C Gabriel Moreno OF Mike Trout OF Jake Bauers OF Jackson Merrill P Nick Martinez P Hunter Brown SS Willy Adames,,,
914,5215005764,joey7590,0,96.399994,1B Freddie Freeman 2B Jose Altuve 3B Nolan Arenado C James McCann OF Mike Trout OF Luis Rengifo OF Evan Carter P Nick Martinez P Hunter Brown SS Zach Neto,,,
914,5215578164,chfen07 (16/20),0,96.399994,1B Joc Pederson 2B Tommy Edman 3B Max Muncy C Liam Hicks OF Kyle Tucker OF Andy Pages OF Wyatt Langford P Hunter Brown P Carson Whisenhunt SS Mookie Betts,,,
914,5215625340,bthel (1/2),0,96.399994,1B Freddie Freeman 2B Jeff McNeil 3B Junior Caminero C Yainer Diaz OF Mike Trout OF Lars Nootbaar OF Jihwan Bae P Nick Martinez P Hunter Brown SS Mookie Betts,,,
918,5215431762,Anthonykorobellis (15/20),0,96.2,1B Shohei Ohtani 2B Richie Palacios 3B Yandy Diaz C Gabriel Moreno OF Cedric Mullins OF Lars Nootbaar OF Chandler Simpson P Hunter Brown P Ryan Johnson SS Taylor Walls,,,
919,5215381409,FunkyKong (20/20),0,96.149994,1B Nolan Schanuel 2B Richie Palacios 3B Yandy Diaz C Hunter Goodman OF Brandon Nimmo OF Jihwan Bae OF Chandler Simpson P Hunter Brown P Kyle Harrison SS Taylor Walls,,,
920,5215044054,kcroyalfan (12/20),0,96.05,1B Jonathan Aranda 2B Tommy Edman 3B Yandy Diaz C Liam Hicks OF Shohei Ohtani OF Chandler Simpson OF Luis Lara P Cody Bradford P Mitch Bratt SS Taylor Walls,,,
920,5215651692,knox314 (8/20),0,96.05,1B Shohei Ohtani 2B Ketel Marte 3B Max Muncy C James McCann OF Andy Pages OF Corbin Carroll OF Ryan Waldschmidt P Cody Bradford P Mitch Bratt SS Mookie Betts,,,
920,5215685041,meyers2305 (19/20),0,96.05,1B Joc Pederson 2B Ketel Marte 3B Zack Gelof C Gabriel Moreno OF Shohei Ohtani OF Lars Nootbaar OF Corbin Carroll P Cody Bradford P Mitch Bratt SS Willy Adames,,,
920,5215696681,mrfb (6/20),0,96.05,1B Jonathan Aranda 2B Ketel Marte 3B Junior Caminero C Liam Hicks OF Cedric Mullins OF Victor Mesa Jr. OF Cam Smith P Cody Bradford P Mitch Bratt SS Jacob Wilson,,,
924,5215023015,jw1984 (10/20),0,96,1B Jonathan Aranda 2B Jeff McNeil 3B Yandy Diaz C Liam Hicks OF Mickey Moniak OF Lars Nootbaar OF Victor Mesa Jr. P Cody Bradford P Hunter Brown SS Taylor Walls,,,
925,5215222544,DrNickIsIn (4/20),0,95.95,1B Jake Bauers 2B Richie Palacios 3B Vaughn Grissom C Gabriel Moreno OF Mike Trout OF Brandon Nimmo OF Shohei Ohtani P Hunter Brown P Mitch Bratt SS Taylor Walls,,,
925,5215319600,Dubbzz (5/20),0,95.95,1B Jake Burger 2B Richie Palacios 3B Junior Caminero C Salvador Perez OF Lawrence Butler OF Chandler Simpson OF Wyatt Langford P Hunter Brown P Mitch Bratt SS Bobby Witt Jr.,,,
925,5215360016,cachedinar (1/20),0,95.95,1B Joc Pederson 2B Nicky Lopez 3B Junior Caminero C Liam Hicks OF Cedric Mullins OF Victor Mesa Jr. OF Chandler Simpson P Hunter Brown P Mitch Bratt SS Corey Seager,,,
925,5215413758,Darkmen715 (3/20),0,95.95,1B Yandy Diaz 2B Jeff McNeil 3B Junior Caminero C Yainer Diaz OF Jung Hoo Lee OF Lawrence Butler OF Corbin Carroll P Hunter Brown P Mitch Bratt SS Corey Seager,,,
925,5215641732,bhess777 (5/20),0,95.95,1B Yandy Diaz 2B Jeff McNeil 3B Junior Caminero C Jonah Heim OF Zack Gelof OF Victor Mesa Jr. OF Henry Bolte P Hunter Brown P Mitch Bratt SS Jacob Wilson,,,
925,5215655643,jetty76 (1/20),0,95.95,1B Jonathan Aranda 2B Richie Palacios 3B Yandy Diaz C Salvador Perez OF Cedric Mullins OF Tim Tawa OF Chandler Simpson P Hunter Brown P Mitch Bratt SS Bobby Witt Jr.,,,
925,5215674459,lefty4488 (15/15),0,95.95,1B Joc Pederson 2B Ketel Marte 3B Nolan Arenado C Gabriel Moreno OF Brandon Nimmo OF Lars Nootbaar OF Corbin Carroll P Hunter Brown P Mitch Bratt SS Corey Seager,,,
925,5215680386,jnwallen (17/17),0,95.95,1B Joc Pederson 2B Ketel Marte 3B Nolan Arenado C Gabriel Moreno OF Brandon Nimmo OF Corbin Carroll OF Wyatt Langford P Hunter Brown P Mitch Bratt SS Corey Seager,,,
925,5215689347,dantheman78 (4/20),0,95.95,1B Joc Pederson 2B Ketel Marte 3B Nolan Arenado C Gabriel Moreno OF Yordan Alvarez OF Lars Nootbaar OF Tim Tawa P Hunter Brown P Mitch Bratt SS Jeremy Pena,,,
934,5215123066,jah_586 (18/20),0,95.65,1B Shohei Ohtani 2B Brice Turang 3B Max Muncy C Ben Rortvedt OF Alex Call OF Lars Nootbaar OF Garrett Mitchell P Blake Snell P Cody Bradford SS Mookie Betts,,,
934,5215144195,kreller17 (16/20),0,95.65,1B Rafael Devers 2B Osleivis Basabe 3B Christian Koss C Gabriel Moreno OF Fernando Tatis Jr. OF Yordan Alvarez OF Victor Bericoto P Blake Snell P Cody Bradford SS Willy Adames,,,
934,5215319606,Dubbzz (11/20),0,95.65,1B Tim Tawa 2B Ildemaro Vargas 3B Yandy Diaz C Gabriel Moreno OF Brandon Nimmo OF Lars Nootbaar OF Corbin Carroll P Blake Snell P Cody Bradford SS Corey Seager,,,
934,5215641747,bhess777 (20/20),0,95.65,1B Jonathan Aranda 2B Richie Palacios 3B Junior Caminero C Liam Hicks OF Yordan Alvarez OF Cam Smith OF Chandler Simpson P Walker Buehler P Ryan Johnson SS Jeremy Pena,,,
934,5215670070,HammerSZN (10/20),0,95.65,1B Joc Pederson 2B Ketel Marte 3B Ezequiel Duran C Austin Wynns OF Brandon Nimmo OF Shohei Ohtani OF Kyle Tucker P Blake Snell P Cody Bradford SS Corey Seager,,,
934,5215695214,SnowAngel74 (7/20),0,95.649994,1B Jake Bauers 2B Brice Turang 3B David Hamilton C Liam Hicks OF Jihwan Bae OF Victor Mesa Jr. OF Chandler Simpson P Nick Martinez P Kyle Harrison SS Taylor Walls,,,
940,5215023016,jw1984 (11/20),0,95.6,1B Jake Bauers 2B Ketel Marte 3B Nolan Arenado C Gabriel Moreno OF Lars Nootbaar OF Garrett Mitchell OF Corbin Carroll P Blake Snell P Mitch Bratt SS Corey Seager,,,
940,5215121875,thundrenterprises (19/20),0,95.6,1B Jeff McNeil 2B Richie Palacios 3B Junior Caminero C Gabriel Moreno OF Lars Nootbaar OF Corbin Carroll OF Wyatt Langford P Blake Snell P Mitch Bratt SS Corey Seager,,,
940,5215144435,untouchables-420 (1/10),0,95.6,1B Joc Pederson 2B Brice Turang 3B Junior Caminero C Austin Wynns OF Lars Nootbaar OF Evan Carter OF Jackson Chourio P Blake Snell P Mitch Bratt SS Jeremy Pena,,,
940,5215331984,jeffylube (4/20),0,95.6,1B Jonathan Aranda 2B Jeff McNeil 3B Junior Caminero C Liam Hicks OF Cedric Mullins OF Lawrence Butler OF Zack Gelof P Blake Snell P Mitch Bratt SS Corey Seager,,,
940,5215512852,TwoHearted (13/20),0,95.6,1B Jonathan Aranda 2B Richie Palacios 3B Junior Caminero C Liam Hicks OF Jihwan Bae OF Jackson Chourio OF Chandler Simpson P Blake Snell P Mitch Bratt SS Corey Seager,,,
940,5215680028,chico0101 (2/2),0,95.6,1B Jeff McNeil 2B Brice Turang 3B Junior Caminero C Austin Wynns OF Christian Yelich OF Garrett Mitchell OF Corbin Carroll P Blake Snell P Mitch Bratt SS Corey Seager,,,
946,5215164277,melvincali (1/20),0,95.55,1B Connor Norby 2B Oswald Peraza 3B Kyle Karros C Hunter Goodman OF Jose Siri OF Jake McCarthy OF Cole Carrigg P Blake Snell P Hunter Brown SS Zach Neto,,,
946,5215246773,soonerdallas (14/20),0,95.55,1B Nolan Schanuel 2B Willi Castro 3B Kyle Karros C Moises Ballesteros OF Mike Trout OF Mickey Moniak OF Wade Meckler P Blake Snell P Hunter Brown SS Zach Neto,,,
946,5215161056,csurunnerccr (6/20),0,95.549995,1B Jonathan Aranda 2B Oswald Peraza 3B Yandy Diaz C Liam Hicks OF Cedric Mullins OF Lars Nootbaar OF Jihwan Bae P Blake Snell P Hunter Brown SS Taylor Walls,,,
946,5215161063,csurunnerccr (13/20),0,95.549995,1B Jake Burger 2B Nicky Lopez 3B Junior Caminero C Austin Wynns OF Brandon Nimmo OF Victor Mesa Jr. OF Chandler Simpson P Blake Snell P Hunter Brown SS Corey Seager,,,
946,5215456570,bunit1388 (3/3),0,95.549995,1B Jake Bauers 2B Ketel Marte 3B Nolan Arenado C Liam Hicks OF Jihwan Bae OF Jackson Merrill OF Henry Bolte P Blake Snell P Hunter Brown SS Ezequiel Tovar,,,
946,5215565325,homErb0y,0,95.549995,1B Freddie Freeman 2B Jose Altuve 3B Nolan Arenado C James McCann OF Brandon Nimmo OF Kyle Tucker OF Cam Smith P Blake Snell P Hunter Brown SS Mookie Betts,,,
946,5215702386,rsciero (1/5),0,95.549995,1B Jeff McNeil 2B Ketel Marte 3B Nolan Arenado C James McCann OF Corbin Carroll OF Cam Smith OF Chandler Simpson P Blake Snell P Hunter Brown SS Corey Seager,,,
953,5215619483,Sloman57,0,95.5,1B Jonathan Aranda 2B Jose Altuve 3B Ezequiel Duran C Jonah Heim OF Jake Bauers OF Carlos Cortes OF Fernando Tatis Jr. P Nick Martinez P Cody Bradford SS Mookie Betts,,,
953,5215661260,Mige1 (16/20),0,95.5,1B Joc Pederson 2B Richie Palacios 3B Yandy Diaz C Liam Hicks OF Cedric Mullins OF Chandler Simpson OF Wyatt Langford P Nick Martinez P Cody Bradford SS Corey Seager,,,
955,5215450531,darrylposton (7/20),0,95.450005,1B Joc Pederson 2B Tommy Edman 3B Max Muncy C James McCann OF Shohei Ohtani OF Andy Pages OF Wyatt Langford P Walker Buehler P Cody Bradford SS Mookie Betts,,,
956,5215068396,pat_the_hat2 (13/20),0,95.35,1B Salvador Perez 2B Willi Castro 3B Nick Loftin C Hunter Goodman OF Jake McCarthy OF Jac Caglianone OF Cole Carrigg P Walker Buehler P Hunter Brown SS Tyler Tolbert,,,
956,5215718332,Awalker3081 (9/20),0,95.35,1B Jonathan Aranda 2B Jose Altuve 3B Junior Caminero C Liam Hicks OF Evan Carter OF Cam Smith OF Wyatt Langford P Walker Buehler P Hunter Brown SS Taylor Walls,,,
958,5215641730,bhess777 (3/20),0,95.25,1B Joc Pederson 2B Ketel Marte 3B Kyle Karros C James McCann OF Jake McCarthy OF Lars Nootbaar OF Corbin Carroll P Michael Wacha P Hunter Brown SS Jacob Wilson,,,
959,5215164375,melvincali (11/20),0,95.2,1B Salvador Perez 2B Ketel Marte 3B Nick Loftin C Gabriel Moreno OF Lars Nootbaar OF Corbin Carroll OF Jac Caglianone P Hunter Brown P Ryan Johnson SS Bobby Witt Jr.,,,
959,5215657503,BuckeyeCity (4/20),0,95.2,1B Nolan Schanuel 2B Brice Turang 3B Vaughn Grissom C Tyler Heineman OF Mike Trout OF Luis Rengifo OF Jackson Chourio P Hunter Brown P Ryan Johnson SS Zach Neto,,,
961,5215054463,ttillie (7/20),0,95.05,1B Joc Pederson 2B Brice Turang 3B Nolan Arenado C Gabriel Moreno OF Shohei Ohtani OF Cedric Mullins OF Kyle Tucker P Cody Bradford P Mitch Bratt SS Mookie Betts,,,
962,5215318701,mrclean913 (12/20),0,95,1B Joc Pederson 2B Brice Turang 3B Kyle Karros C Hunter Goodman OF Brandon Nimmo OF Jake McCarthy OF Cole Carrigg P Cody Bradford P Hunter Brown SS Ezequiel Tovar,,,
962,5215595538,Riccajb9 (2/3),0,95,1B Jonathan Aranda 2B Willi Castro 3B Junior Caminero C Liam Hicks OF Cedric Mullins OF Carlos Cortes OF Zack Gelof P Blake Snell P Walker Buehler SS Nicky Lopez,,,
962,5215643903,cuttycut25,0,95,1B Joc Pederson 2B Richie Palacios 3B Max Muncy C Liam Hicks OF Lars Nootbaar OF Andy Pages OF Wyatt Langford P Cody Bradford P Hunter Brown SS Mookie Betts,,,
962,5215700140,cptnspaulding (3/20),0,95,1B Joc Pederson 2B Nicky Lopez 3B Junior Caminero C Austin Wynns OF Brandon Nimmo OF Shohei Ohtani OF Wyatt Langford P Cody Bradford P Hunter Brown SS Mookie Betts,,,
966,5215144441,untouchables-420 (7/10),0,94.95,1B Joc Pederson 2B Brice Turang 3B Yandy Diaz C Austin Wynns OF Lars Nootbaar OF Corbin Carroll OF Evan Carter P Hunter Brown P Mitch Bratt SS Bobby Witt Jr.,,,
966,5215264789,cwthrow24 (10/20),0,94.95,1B Jonathan Aranda 2B Oswald Peraza 3B Junior Caminero C Liam Hicks OF Jose Siri OF Victor Mesa Jr. OF Chandler Simpson P Hunter Brown P Mitch Bratt SS Zach Neto,,,
966,5215578154,chfen07 (6/20),0,94.95,1B Jonathan Aranda 2B Oswald Peraza 3B Junior Caminero C Liam Hicks OF Jose Siri OF Victor Mesa Jr. OF Chandler Simpson P Hunter Brown P Mitch Bratt SS Zach Neto,,,
966,5215718326,Awalker3081 (3/20),0,94.95,1B Jonathan Aranda 2B Jose Altuve 3B Junior Caminero C Austin Wynns OF Shohei Ohtani OF Cam Smith OF Chandler Simpson P Hunter Brown P Mitch Bratt SS Taylor Walls,,,
970,5215144440,untouchables-420 (6/10),0,94.85,1B Freddie Freeman 2B Oswald Peraza 3B Max Muncy C Liam Hicks OF Shohei Ohtani OF Andy Pages OF Victor Bericoto P Blake Snell P Ryan Johnson SS Mookie Betts,,,
970,5215609696,nmcrae82,0,94.85,1B Joc Pederson 2B Jose Altuve 3B Ezequiel Duran C Hunter Goodman OF Yordan Alvarez OF Chandler Simpson OF Wyatt Langford P Nick Martinez P Tomoyuki Sugano SS Corey Seager,,,
972,5215014253,Reboot78 (3/20),0,94.65,1B Joc Pederson 2B Ketel Marte 3B Max Muncy C Gabriel Moreno OF Brandon Nimmo OF Evan Carter OF Wyatt Langford P Blake Snell P Cody Bradford SS Corey Seager,,,
972,5215331991,jeffylube (11/20),0,94.65,1B Joc Pederson 2B Jeff McNeil 3B Junior Caminero C William Contreras OF Brandon Nimmo OF Zack Gelof OF Wyatt Langford P Blake Snell P Cody Bradford SS Corey Seager,,,
972,5215054458,ttillie (2/20),0,94.649994,1B Joc Pederson 2B Jose Altuve 3B Zack Gelof C Hunter Goodman OF Jake McCarthy OF Tim Tawa OF Wyatt Langford P Blake Snell P Cody Bradford SS Jacob Wilson,,,
975,5214866655,Sammy.Boy (5/20),0,94.6,1B Freddie Freeman 2B Jeff McNeil 3B Max Muncy C Ben Rortvedt OF Shohei Ohtani OF Cedric Mullins OF Kyle Tucker P Blake Snell P Mitch Bratt SS Taylor Walls,,,
975,5215674451,lefty4488 (7/15),0,94.6,1B Jonathan Aranda 2B Jeff McNeil 3B Junior Caminero C Jonah Heim OF Cedric Mullins OF Lawrence Butler OF Zack Gelof P Blake Snell P Mitch Bratt SS Jacob Wilson,,,
977,5215272276,jrancor22 (12/20),0,94.55,1B Nolan Schanuel 2B Tommy Edman 3B Vaughn Grissom C Tyler Heineman OF Mike Trout OF Lars Nootbaar OF Corbin Carroll P Blake Snell P Hunter Brown SS Zach Neto,,,
977,5215044005,whoisjohngalt420 (4/20),0,94.549995,1B Nolan Schanuel 2B Ketel Marte 3B Nolan Arenado C James McCann OF Brandon Nimmo OF Lars Nootbaar OF Corbin Carroll P Blake Snell P Hunter Brown SS Corey Seager,,,
977,5215235863,A.Burgos930 (2/20),0,94.549995,1B Nolan Schanuel 2B Ketel Marte 3B Nolan Arenado C James McCann OF Brandon Nimmo OF Lars Nootbaar OF Corbin Carroll P Blake Snell P Hunter Brown SS Corey Seager,,,
980,5215158359,73pd2x (9/20),0,94.45,1B Jonathan Aranda 2B Brice Turang 3B Junior Caminero C William Contreras OF Jake Bauers OF Jackson Chourio OF Luis Lara P Mitch Bratt P Carson Whisenhunt SS Mookie Betts,,,
981,5214982206,Swishdakyng (14/20),0,94.4,1B Jonathan Aranda 2B Richie Palacios 3B Junior Caminero C Austin Wynns OF Brandon Nimmo OF Cedric Mullins OF Lars Nootbaar P Nick Martinez P Hunter Brown SS Zach Neto,,,
981,5215021932,xghvk,0,94.4,1B Christian Walker 2B Richie Palacios 3B Kyle Karros C Salvador Perez OF Yordan Alvarez OF Tim Tawa OF Luis Lara P Nick Martinez P Hunter Brown SS Jeremy Pena,,,
981,5215615716,louiswat (3/4),0,94.4,1B Shohei Ohtani 2B Michael Massey 3B Nolan Arenado C Hunter Goodman OF Mike Trout OF Corbin Carroll OF Jackson Chourio P Tomoyuki Sugano P Mitch Bratt SS Tyler Tolbert,,,
981,5214983959,mattped23 (1/3),0,94.399994,1B Joc Pederson 2B Richie Palacios 3B Ezequiel Duran C Gabriel Moreno OF Brandon Nimmo OF Corbin Carroll OF Wyatt Langford P Nick Martinez P Hunter Brown SS Corey Seager,,,
985,5215144436,untouchables-420 (2/10),0,94.25,1B Shohei Ohtani 2B Ketel Marte 3B Max Muncy C Salvador Perez OF Lars Nootbaar OF Andy Pages OF Corbin Carroll P Mitch Bratt P Ryan Johnson SS Bobby Witt Jr.,,,
985,5215689350,dantheman78 (7/20),0,94.25,1B Joc Pederson 2B Jeff McNeil 3B Junior Caminero C Liam Hicks OF Carlos Cortes OF Zack Gelof OF Henry Bolte P Michael Wacha P Hunter Brown SS Jacob Wilson,,,
987,5215674359,dillmaak2022 (1/20),0,94.2,1B Shohei Ohtani 2B Ketel Marte 3B Max Muncy C Salvador Perez OF Kyle Tucker OF Lawrence Butler OF Cam Smith P Kyle Harrison P Mitch Bratt SS Mookie Betts,,,
988,5215113516,milligolf (19/20),0,94.05,1B Freddie Freeman 2B Ketel Marte 3B Isaac Paredes C Ben Rortvedt OF Shohei Ohtani OF Andy Pages OF Corbin Carroll P Cody Bradford P Mitch Bratt SS Mookie Betts,,,
988,5215212764,SilversurferVII (17/20),0,94.05,1B Freddie Freeman 2B Ketel Marte 3B Nolan Arenado C James McCann OF Shohei Ohtani OF Lars Nootbaar OF Corbin Carroll P Cody Bradford P Mitch Bratt SS Mookie Betts,,,
988,5215651693,knox314 (9/20),0,94.05,1B Shohei Ohtani 2B Ketel Marte 3B Max Muncy C Gabriel Moreno OF Lars Nootbaar OF Corbin Carroll OF Ryan Waldschmidt P Cody Bradford P Mitch Bratt SS Mookie Betts,,,
988,5215708964,lilmaryy (2/10),0,94.05,1B Jonathan Aranda 2B Ketel Marte 3B Junior Caminero C Gabriel Moreno OF Lars Nootbaar OF Lawrence Butler OF Corbin Carroll P Cody Bradford P Mitch Bratt SS Corey Seager,,,
992,5215654325,expostulate (8/10),0,94,1B Jonathan Aranda 2B Richie Palacios 3B Junior Caminero C William Contreras OF Jake Bauers OF Jihwan Bae OF Chandler Simpson P Cody Bradford P Hunter Brown SS Taylor Walls,,,
993,5215384715,lttlsht (9/20),0,93.95,1B Jonathan Aranda 2B Ketel Marte 3B Nolan Arenado C Gabriel Moreno OF Lars Nootbaar OF Victor Mesa Jr. OF Corbin Carroll P Hunter Brown P Mitch Bratt SS Jacob Wilson,,,
993,5215639614,nuthouse312,0,93.95,1B Jonathan Aranda 2B Ketel Marte 3B Junior Caminero C James McCann OF Victor Mesa Jr. OF Cam Smith OF Chandler Simpson P Hunter Brown P Mitch Bratt SS Corey Seager,,,
993,5215655647,jetty76 (5/20),0,93.95,1B Jonathan Aranda 2B Richie Palacios 3B Junior Caminero C James McCann OF Lars Nootbaar OF Victor Mesa Jr. OF Chandler Simpson P Hunter Brown P Mitch Bratt SS Bobby Witt Jr.,,,
996,5215212757,SilversurferVII (10/20),0,93.85,1B Freddie Freeman 2B Oswald Peraza 3B Max Muncy C Gabriel Moreno OF Kyle Tucker OF Jake McCarthy OF Andy Pages P Blake Snell P Ryan Johnson SS Mookie Betts,,,
997,5215195083,jsamtoy (9/20),0,93.65,1B Joc Pederson 2B Ketel Marte 3B Ezequiel Duran C Gabriel Moreno OF Brandon Nimmo OF Kyle Tucker OF Wyatt Langford P Blake Snell P Cody Bradford SS Corey Seager,,,
997,5215703582,Chili77 (2/2),0,93.65,1B Joc Pederson 2B Jeff McNeil 3B Junior Caminero C Liam Hicks OF Brandon Nimmo OF Lars Nootbaar OF Wyatt Langford P Blake Snell P Cody Bradford SS Corey Seager,,,
997,5215164374,melvincali (10/20),0,93.649994,1B Joc Pederson 2B Brice Turang 3B Connor Norby C Hunter Goodman OF Jake McCarthy OF Jordan Beck OF Cole Carrigg P Blake Snell P Cody Bradford SS Corey Seager,,,
1000,5215416172,UniversalFriend (17/20),0,93.6,1B Jonathan Aranda 2B Oswald Peraza 3B Junior Caminero C Tyler Heineman OF Mike Trout OF Shohei Ohtani OF Jose Siri P Blake Snell P Mitch Bratt SS Zach Neto,,,
1000,5215445284,Skralph (15/20),0,93.6,1B Freddie Freeman 2B Jose Altuve 3B Isaac Paredes C Austin Wynns OF Shohei Ohtani OF Kyle Tucker OF Andy Pages P Blake Snell P Mitch Bratt SS Mookie Betts,,,
1000,5215512850,TwoHearted (11/20),0,93.6,1B Jonathan Aranda 2B Jose Altuve 3B Max Muncy C Ben Rortvedt OF Brandon Nimmo OF Shohei Ohtani OF Wyatt Langford P Blake Snell P Mitch Bratt SS Mookie Betts,,,
1000,5215652436,ma15102 (20/20),0,93.6,1B Jonathan Aranda 2B Ketel Marte 3B Isaac Paredes C Gabriel Moreno OF Lars Nootbaar OF Corbin Carroll OF Chandler Simpson P Blake Snell P Mitch Bratt SS Corey Seager,,,
1000,5215666993,FantasyGainz (1/20),0,93.6,1B Jonathan Aranda 2B Jeff McNeil 3B Yandy Diaz C Austin Wynns OF Shohei Ohtani OF Corbin Carroll OF Chandler Simpson P Blake Snell P Mitch Bratt SS Corey Seager,,,
1000,5215676668,FantasyGainz (2/20),0,93.6,1B Jonathan Aranda 2B Jeff McNeil 3B Yandy Diaz C Austin Wynns OF Shohei Ohtani OF Corbin Carroll OF Chandler Simpson P Blake Snell P Mitch Bratt SS Corey Seager,,,
1000,5215676669,FantasyGainz (3/20),0,93.6,1B Jonathan Aranda 2B Jeff McNeil 3B Yandy Diaz C Austin Wynns OF Shohei Ohtani OF Corbin Carroll OF Chandler Simpson P Blake Snell P Mitch Bratt SS Corey Seager,,,
1000,5215676670,FantasyGainz (4/20),0,93.6,1B Jonathan Aranda 2B Jeff McNeil 3B Yandy Diaz C Austin Wynns OF Shohei Ohtani OF Corbin Carroll OF Chandler Simpson P Blake Snell P Mitch Bratt SS Corey Seager,,,
1000,5215676671,FantasyGainz (5/20),0,93.6,1B Jonathan Aranda 2B Jeff McNeil 3B Yandy Diaz C Austin Wynns OF Shohei Ohtani OF Corbin Carroll OF Chandler Simpson P Blake Snell P Mitch Bratt SS Corey Seager,,,
1000,5215676672,FantasyGainz (6/20),0,93.6,1B Jonathan Aranda 2B Jeff McNeil 3B Yandy Diaz C Austin Wynns OF Shohei Ohtani OF Corbin Carroll OF Chandler Simpson P Blake Snell P Mitch Bratt SS Corey Seager,,,
1000,5215676673,FantasyGainz (7/20),0,93.6,1B Jonathan Aranda 2B Jeff McNeil 3B Yandy Diaz C Austin Wynns OF Shohei Ohtani OF Corbin Carroll OF Chandler Simpson P Blake Snell P Mitch Bratt SS Corey Seager,,,
1000,5215676674,FantasyGainz (8/20),0,93.6,1B Jonathan Aranda 2B Jeff McNeil 3B Yandy Diaz C Austin Wynns OF Shohei Ohtani OF Corbin Carroll OF Chandler Simpson P Blake Snell P Mitch Bratt SS Corey Seager,,,
1000,5215676675,FantasyGainz (9/20),0,93.6,1B Jonathan Aranda 2B Jeff McNeil 3B Yandy Diaz C Austin Wynns OF Shohei Ohtani OF Corbin Carroll OF Chandler Simpson P Blake Snell P Mitch Bratt SS Corey Seager,,,
1000,5215676676,FantasyGainz (10/20),0,93.6,1B Jonathan Aranda 2B Jeff McNeil 3B Yandy Diaz C Austin Wynns OF Shohei Ohtani OF Corbin Carroll OF Chandler Simpson P Blake Snell P Mitch Bratt SS Corey Seager,,,
1000,5215676677,FantasyGainz (11/20),0,93.6,1B Jonathan Aranda 2B Jeff McNeil 3B Yandy Diaz C Austin Wynns OF Shohei Ohtani OF Corbin Carroll OF Chandler Simpson P Blake Snell P Mitch Bratt SS Corey Seager,,,
1000,5215676678,FantasyGainz (12/20),0,93.6,1B Jonathan Aranda 2B Jeff McNeil 3B Yandy Diaz C Austin Wynns OF Shohei Ohtani OF Corbin Carroll OF Chandler Simpson P Blake Snell P Mitch Bratt SS Corey Seager,,,
1000,5215676679,FantasyGainz (13/20),0,93.6,1B Jonathan Aranda 2B Jeff McNeil 3B Yandy Diaz C Austin Wynns OF Shohei Ohtani OF Corbin Carroll OF Chandler Simpson P Blake Snell P Mitch Bratt SS Corey Seager,,,
1000,5215676680,FantasyGainz (14/20),0,93.6,1B Jonathan Aranda 2B Jeff McNeil 3B Yandy Diaz C Austin Wynns OF Shohei Ohtani OF Corbin Carroll OF Chandler Simpson P Blake Snell P Mitch Bratt SS Corey Seager,,,
1000,5215676681,FantasyGainz (15/20),0,93.6,1B Jonathan Aranda 2B Jeff McNeil 3B Yandy Diaz C Austin Wynns OF Shohei Ohtani OF Corbin Carroll OF Chandler Simpson P Blake Snell P Mitch Bratt SS Corey Seager,,,
1000,5215676682,FantasyGainz (16/20),0,93.6,1B Jonathan Aranda 2B Jeff McNeil 3B Yandy Diaz C Austin Wynns OF Shohei Ohtani OF Corbin Carroll OF Chandler Simpson P Blake Snell P Mitch Bratt SS Corey Seager,,,
1000,5215676683,FantasyGainz (17/20),0,93.6,1B Jonathan Aranda 2B Jeff McNeil 3B Yandy Diaz C Austin Wynns OF Shohei Ohtani OF Corbin Carroll OF Chandler Simpson P Blake Snell P Mitch Bratt SS Corey Seager,,,
1000,5215676684,FantasyGainz (18/20),0,93.6,1B Jonathan Aranda 2B Jeff McNeil 3B Yandy Diaz C Austin Wynns OF Shohei Ohtani OF Corbin Carroll OF Chandler Simpson P Blake Snell P Mitch Bratt SS Corey Seager,,,
1000,5215676685,FantasyGainz (19/20),0,93.6,1B Jonathan Aranda 2B Jeff McNeil 3B Yandy Diaz C Austin Wynns OF Shohei Ohtani OF Corbin Carroll OF Chandler Simpson P Blake Snell P Mitch Bratt SS Corey Seager,,,
1000,5215676686,FantasyGainz (20/20),0,93.6,1B Jonathan Aranda 2B Jeff McNeil 3B Yandy Diaz C Austin Wynns OF Shohei Ohtani OF Corbin Carroll OF Chandler Simpson P Blake Snell P Mitch Bratt SS Corey Seager,,,
1000,5215685025,meyers2305 (3/20),0,93.6,1B Jonathan Aranda 2B Brice Turang 3B Yandy Diaz C James McCann OF Corbin Carroll OF Drew Gilbert OF Victor Bericoto P Blake Snell P Mitch Bratt SS Corey Seager,,,
1000,5215708507,sportsfan14 (14/20),0,93.6,1B Christian Walker 2B Tommy Edman 3B Max Muncy C William Contreras OF Shohei Ohtani OF Jihwan Bae OF Andy Pages P Blake Snell P Mitch Bratt SS Mookie Betts,,,
1026,5215177098,SpeedRacer101 (20/20),0,93.55,1B Jonathan Aranda 2B Oswald Peraza 3B Kyle Karros C Liam Hicks OF Cedric Mullins OF Victor Mesa Jr. OF Chandler Simpson P Blake Snell P Hunter Brown SS Ezequiel Tovar,,,
1026,5215214855,AbeyBaby88 (13/20),0,93.55,1B Jeff McNeil 2B Ketel Marte 3B Connor Norby C Hunter Goodman OF Jake McCarthy OF Corbin Carroll OF Jordan Beck P Blake Snell P Hunter Brown SS Ezequiel Tovar,,,
1026,5214966592,hatdaddy (6/20),0,93.549995,1B Joc Pederson 2B Brice Turang 3B David Hamilton C Gabriel Moreno OF Jihwan Bae OF Corbin Carroll OF Luis Lara P Blake Snell P Hunter Brown SS Corey Seager,,,
1026,5215179270,Schoey17 (7/8),0,93.549995,1B Liam Hicks 2B Nicky Lopez 3B Junior Caminero C Austin Wynns OF Brandon Nimmo OF Victor Mesa Jr. OF Evan Carter P Blake Snell P Hunter Brown SS Corey Seager,,,
1026,5215195086,jsamtoy (12/20),0,93.549995,1B Jeff McNeil 2B Ketel Marte 3B Zack Gelof C Gabriel Moreno OF Kyle Tucker OF Lawrence Butler OF Henry Bolte P Blake Snell P Hunter Brown SS Jacob Wilson,,,
1026,5215359195,Cuscus3 (8/20),0,93.549995,1B Jonathan Aranda 2B Tommy Edman 3B Max Muncy C Ben Rortvedt OF Jihwan Bae OF Andy Pages OF Chandler Simpson P Blake Snell P Hunter Brown SS Mookie Betts,,,
1026,5215513966,andymartin5586 (2/20),0,93.549995,1B Joc Pederson 2B Ketel Marte 3B Nolan Arenado C James McCann OF Brandon Nimmo OF Evan Carter OF Wyatt Langford P Blake Snell P Hunter Brown SS Corey Seager,,,
1026,5215593990,Etty022,0,93.549995,1B Ty France 2B Jake Cronenworth 3B Max Muncy C Ben Rortvedt OF Jake Bauers OF Andy Pages OF Jac Caglianone P Blake Snell P Hunter Brown SS Ezequiel Tovar,,,
1026,5215622872,calmond21,0,93.549995,1B Joc Pederson 2B Jeff McNeil 3B Isaac Paredes C James McCann OF Kyle Tucker OF Yordan Alvarez OF Lars Nootbaar P Blake Snell P Hunter Brown SS Zach Neto,,,
1035,5215070288,LTskelter (5/20),0,93.5,1B Joc Pederson 2B Tommy Edman 3B Max Muncy C Liam Hicks OF Shohei Ohtani OF Andy Pages OF Wyatt Langford P Cody Bradford P Carson Whisenhunt SS Mookie Betts,,,
1035,5215674445,lefty4488 (1/15),0,93.5,1B Joc Pederson 2B Tommy Edman 3B Max Muncy C Liam Hicks OF Shohei Ohtani OF Andy Pages OF Wyatt Langford P Cody Bradford P Carson Whisenhunt SS Mookie Betts,,,
1037,5215288535,HC0023 (1/20),0,93.45,1B Freddie Freeman 2B Ketel Marte 3B Max Muncy C Gabriel Moreno OF Shohei Ohtani OF Lars Nootbaar OF Andy Pages P Mitch Bratt P Carson Whisenhunt SS Mookie Betts,,,
1037,5215450527,darrylposton (3/20),0,93.45,1B Freddie Freeman 2B Richie Palacios 3B Max Muncy C Liam Hicks OF Shohei Ohtani OF Jake Bauers OF Andy Pages P Mitch Bratt P Carson Whisenhunt SS Mookie Betts,,,
1037,5215450543,darrylposton (19/20),0,93.45,1B Freddie Freeman 2B Ketel Marte 3B Max Muncy C Gabriel Moreno OF Shohei Ohtani OF Lars Nootbaar OF Andy Pages P Mitch Bratt P Carson Whisenhunt SS Mookie Betts,,,
1037,5215624165,jballagh (2/20),0,93.45,1B Freddie Freeman 2B Ketel Marte 3B Max Muncy C Gabriel Moreno OF Shohei Ohtani OF Lars Nootbaar OF Andy Pages P Mitch Bratt P Carson Whisenhunt SS Mookie Betts,,,
1041,5215384708,lttlsht (2/20),0,93.4,1B Freddie Freeman 2B Jose Altuve 3B Max Muncy C Yainer Diaz OF Brandon Nimmo OF Shohei Ohtani OF Andy Pages P Walker Buehler P Mitch Bratt SS Mookie Betts,,,
1042,5215621040,Makin-A-Run (2/20),0,93.350006,1B Jonathan Aranda 2B Jeff McNeil 3B Junior Caminero C Liam Hicks OF Victor Mesa Jr. OF Jordan Beck OF Chandler Simpson P Walker Buehler P Hunter Brown SS Corey Seager,,,
1042,5215228689,DrNickIsIn (20/20),0,93.35,1B Ty France 2B Willi Castro 3B Manny Machado C Hunter Goodman OF Austin Hays OF Mickey Moniak OF Cole Carrigg P Walker Buehler P Hunter Brown SS Ezequiel Tovar,,,
1044,5215383673,Fluffhead017 (20/20),0,93.25,1B Shohei Ohtani 2B Ketel Marte 3B Yandy Diaz C Gabriel Moreno OF Lars Nootbaar OF Corbin Carroll OF Ryan Waldschmidt P Mitch Bratt P Ryan Johnson SS Bobby Witt Jr.,,,
1045,5215354679,jaakko (2/6),0,93.2,1B Jonathan Aranda 2B Ketel Marte 3B Yandy Diaz C Liam Hicks OF Lars Nootbaar OF Zack Gelof OF Chandler Simpson P Kyle Harrison P Mitch Bratt SS Taylor Walls,,,
1045,5215578159,chfen07 (11/20),0,93.2,1B Shohei Ohtani 2B Ketel Marte 3B Nolan Arenado C James McCann OF Jake McCarthy OF Lars Nootbaar OF Corbin Carroll P Hunter Brown P Ryan Johnson SS Mookie Betts,,,
1045,5215651696,knox314 (12/20),0,93.2,1B Yandy Diaz 2B Tommy Edman 3B Max Muncy C Ben Rortvedt OF Teoscar Hernandez OF Shohei Ohtani OF Cedric Mullins P Hunter Brown P Ryan Johnson SS Taylor Walls,,,
1045,5215678494,minfan77 (4/20),0,93.2,1B Jeff McNeil 2B Richie Palacios 3B Junior Caminero C Liam Hicks OF Cedric Mullins OF Lawrence Butler OF Chandler Simpson P Hunter Brown P Ryan Johnson SS Jacob Wilson,,,
1049,5215038630,aquafinatim (2/20),0,93.05,1B Joc Pederson 2B Ketel Marte 3B Nolan Arenado C Gabriel Moreno OF Yordan Alvarez OF Lars Nootbaar OF Corbin Carroll P Cody Bradford P Mitch Bratt SS Jeremy Pena,,,
1049,5215264787,cwthrow24 (8/20),0,93.05,1B Christian Walker 2B Ketel Marte 3B Nolan Arenado C Gabriel Moreno OF Corbin Carroll OF Tim Tawa OF Wyatt Langford P Cody Bradford P Mitch Bratt SS Bobby Witt Jr.,,,
1049,5215403132,gogosox2005 (4/4),0,93.05,1B Freddie Freeman 2B Richie Palacios 3B Kyle Karros C Yainer Diaz OF Christian Yelich OF Jung Hoo Lee OF Chandler Simpson P Blake Snell P Nick Martinez SS Jeremy Pena,,,
1049,5215643458,cmalas (3/20),0,93.05,1B Joc Pederson 2B Ketel Marte 3B Nolan Arenado C Gabriel Moreno OF Yordan Alvarez OF Lars Nootbaar OF Corbin Carroll P Cody Bradford P Mitch Bratt SS Jeremy Pena,,,
1049,5215661246,Mige1 (2/20),0,93.05,1B Joc Pederson 2B Ketel Marte 3B Nolan Arenado C Gabriel Moreno OF Yordan Alvarez OF Lars Nootbaar OF Corbin Carroll P Cody Bradford P Mitch Bratt SS Jeremy Pena,,,
1049,5215666622,Prparent (1/2),0,93.05,1B Jonathan Aranda 2B Richie Palacios 3B Junior Caminero C James McCann OF Shohei Ohtani OF Kyle Tucker OF Andy Pages P Cody Bradford P Mitch Bratt SS Mookie Betts,,,
1055,5215044061,kcroyalfan (19/20),0,93,1B Jonathan Aranda 2B Jeff McNeil 3B Yandy Diaz C Liam Hicks OF Carlos Cortes OF Zack Gelof OF Chandler Simpson P Cody Bradford P Hunter Brown SS Mookie Betts,,,
1055,5215053129,underdogz2K15,0,93,1B Jake Burger 2B Ketel Marte 3B Junior Caminero C Ben Rortvedt OF Lawrence Butler OF Corbin Carroll OF Cam Smith P Cody Bradford P Hunter Brown SS Ezequiel Tovar,,,
1055,5215708497,sportsfan14 (4/20),0,93,1B Connor Norby 2B Ketel Marte 3B Kyle Karros C Hunter Goodman OF Lars Nootbaar OF Corbin Carroll OF Cole Carrigg P Cody Bradford P Hunter Brown SS Ezequiel Tovar,,,
1058,5215334040,civillobo (4/5),0,92.95,1B Jake Bauers 2B Brice Turang 3B Nolan Arenado C Gabriel Moreno OF Lars Nootbaar OF Corbin Carroll OF Tim Tawa P Hunter Brown P Mitch Bratt SS Zach Neto,,,
1058,5215487719,mlief (20/20),0,92.95,1B Jake Bauers 2B Ketel Marte 3B Nolan Arenado C James McCann OF Mike Trout OF Lars Nootbaar OF Corbin Carroll P Hunter Brown P Mitch Bratt SS Zach Neto,,,
1058,5215661249,Mige1 (5/20),0,92.95,1B Jake Bauers 2B Brice Turang 3B Nolan Arenado C Gabriel Moreno OF Lars Nootbaar OF Corbin Carroll OF Tim Tawa P Hunter Brown P Mitch Bratt SS Zach Neto,,,
1058,5215674332,HeeHawTime,0,92.95,1B Yandy Diaz 2B Jeff McNeil 3B Zack Gelof C Gabriel Moreno OF Victor Mesa Jr. OF Corbin Carroll OF Chandler Simpson P Hunter Brown P Mitch Bratt SS Corey Seager,,,
1058,5215699609,ralphgonzo10 (3/5),0,92.95,1B Jonathan Aranda 2B Ketel Marte 3B Yandy Diaz C James McCann OF Lars Nootbaar OF Victor Mesa Jr. OF Corbin Carroll P Hunter Brown P Mitch Bratt SS Corey Seager,,,
1058,5215718327,Awalker3081 (4/20),0,92.95,1B Jonathan Aranda 2B Jose Altuve 3B Junior Caminero C Moises Ballesteros OF Brandon Nimmo OF Chandler Simpson OF Wyatt Langford P Hunter Brown P Mitch Bratt SS Taylor Walls,,,
1064,5215574712,bigmh,0,92.85,1B Jonathan Aranda 2B Willi Castro 3B Nolan Arenado C William Contreras OF Kyle Tucker OF Corbin Carroll OF Jackson Merrill P Nick Martinez P Walker Buehler SS Jeremy Pena,,,
1064,5215657511,BuckeyeCity (12/20),0,92.85,1B Jake Bauers 2B Brice Turang 3B David Hamilton C Yainer Diaz OF Mike Trout OF Daulton Varsho OF Jackson Chourio P Blake Snell P Ryan Johnson SS Zach Neto,,,
1066,5215636828,TheKingKaz (8/8),0,92.8,1B Bryce Eldridge 2B Nicky Lopez 3B Junior Caminero C Drew Cavanaugh OF Cedric Mullins OF Drew Gilbert OF Wyatt Langford P Blake Snell P Kyle Harrison SS Willy Adames,,,
1066,5215038582,AverillsAvengers,0,92.799995,1B Joc Pederson 2B Osleivis Basabe 3B Nolan Arenado C Hunter Goodman OF Garrett Mitchell OF Jihwan Bae OF Jac Caglianone P Blake Snell P Kyle Harrison SS Jeremy Pena,,,
1066,5215674116,TLandry14,0,92.799995,1B Freddie Freeman 2B Ketel Marte 3B Isaac Paredes C Salvador Perez OF Christian Yelich OF Alex Call OF Lars Nootbaar P Blake Snell P Kyle Harrison SS Taylor Walls,,,
1069,5215045704,FoxyGrandpa252 (6/20),0,92.65,1B Freddie Freeman 2B Jeff McNeil 3B Manny Machado C Ben Rortvedt OF Brandon Nimmo OF Shohei Ohtani OF Kyle Tucker P Blake Snell P Cody Bradford SS Mookie Betts,,,
1069,5214946338,stock2mail (14/20),0,92.649994,1B Jonathan Aranda 2B Donovan Walton 3B Yandy Diaz C Liam Hicks OF Victor Mesa Jr. OF Evan Carter OF Chandler Simpson P Blake Snell P Cody Bradford SS Corey Seager,,,
1069,5215106743,rsumrall (7/20),0,92.649994,1B Jonathan Aranda 2B Willi Castro 3B Kyle Karros C Hunter Goodman OF Jake McCarthy OF Victor Bericoto OF Cole Carrigg P Blake Snell P Cody Bradford SS Willy Adames,,,
1069,5215673325,hbuhler (2/3),0,92.649994,1B Jake Bauers 2B Brice Turang 3B David Hamilton C James McCann OF Garrett Mitchell OF Victor Mesa Jr. OF Chandler Simpson P Nick Martinez P Kyle Harrison SS Taylor Walls,,,
1073,5215158369,73pd2x (19/20),0,92.6,1B Jonathan Aranda 2B Tommy Edman 3B Manny Machado C Ben Rortvedt OF Shohei Ohtani OF Andy Pages OF Victor Bericoto P Blake Snell P Mitch Bratt SS Mookie Betts,,,
1073,5215164369,melvincali (5/20),0,92.6,1B Bryce Eldridge 2B Jose Altuve 3B Junior Caminero C Yainer Diaz OF Yordan Alvarez OF Daulton Varsho OF Victor Bericoto P Blake Snell P Mitch Bratt SS Jeremy Pena,,,
1075,5214854876,jrevelle3 (3/20),0,92.549995,1B Jake Burger 2B Nicky Lopez 3B Ezequiel Duran C Austin Wynns OF Mike Trout OF Chandler Simpson OF Wyatt Langford P Blake Snell P Hunter Brown SS Taylor Walls,,,
1075,5214966587,hatdaddy (1/20),0,92.549995,1B Jonathan Aranda 2B Jeff McNeil 3B Junior Caminero C Austin Wynns OF Victor Mesa Jr. OF Evan Carter OF Chandler Simpson P Blake Snell P Hunter Brown SS Corey Seager,,,
1075,5215116867,Ctracefan (8/20),0,92.549995,1B Shohei Ohtani 2B Jeff McNeil 3B Zack Gelof C Moises Ballesteros OF Lawrence Butler OF Henry Bolte OF Wyatt Langford P Blake Snell P Hunter Brown SS Mookie Betts,,,
1075,5215487701,mlief (2/20),0,92.549995,1B Joc Pederson 2B Oswald Peraza 3B Vaughn Grissom C Moises Ballesteros OF Mike Trout OF Jake Bauers OF Wyatt Langford P Blake Snell P Hunter Brown SS Zach Neto,,,
1079,5215643465,cmalas (10/20),0,92.5,1B Joc Pederson 2B Willi Castro 3B Max Muncy C Liam Hicks OF Shohei Ohtani OF Jake McCarthy OF Andy Pages P Cody Bradford P Carson Whisenhunt SS Mookie Betts,,,
1080,5215062732,LTskelter (1/20),0,92.45,1B Jonathan Aranda 2B Brice Turang 3B Junior Caminero C Liam Hicks OF Jake Bauers OF Victor Mesa Jr. OF Chandler Simpson P Mitch Bratt P Carson Whisenhunt SS Corey Seager,,,
1080,5215264792,cwthrow24 (13/20),0,92.45,1B Joc Pederson 2B Willi Castro 3B Kyle Karros C Hunter Goodman OF Mickey Moniak OF Wyatt Langford OF Cole Carrigg P Walker Buehler P Cody Bradford SS Corey Seager,,,
1080,5215314002,louiswat (2/4),0,92.45,1B Christian Walker 2B Vaughn Grissom 3B Ezequiel Duran C Gabriel Moreno OF Yordan Alvarez OF Jackson Merrill OF Cole Carrigg P Walker Buehler P Cody Bradford SS Zach Neto,,,
1083,5215696676,mrfb (1/20),0,92.4,1B Freddie Freeman 2B Richie Palacios 3B Max Muncy C Liam Hicks OF Shohei Ohtani OF Kyle Tucker OF Andy Pages P Tomoyuki Sugano P Mitch Bratt SS Zach Neto,,,
1084,5215445279,Skralph (10/20),0,92.3,1B Jonathan Aranda 2B Willi Castro 3B Junior Caminero C Liam Hicks OF Victor Mesa Jr. OF Chandler Simpson OF Cole Carrigg P Cody Bradford P Ryan Johnson SS Corey Seager,,,
1084,5215505831,curleeshu (5/5),0,92.3,1B Christian Walker 2B Ketel Marte 3B Kyle Karros C Carter Jensen OF Mike Trout OF Shohei Ohtani OF Ryan Waldschmidt P Michael Wacha P Mitch Bratt SS Zach Neto,,,
1086,5215609215,JaserD (20/20),0,92.25,1B Tim Tawa 2B Ketel Marte 3B Kyle Karros C Gabriel Moreno OF Jake McCarthy OF Lars Nootbaar OF Corbin Carroll P Cody Bradford P Kyle Harrison SS Mookie Betts,,,
1087,5214982209,Swishdakyng (17/20),0,92.2,1B Shohei Ohtani 2B Ketel Marte 3B Nolan Arenado C James McCann OF Brandon Nimmo OF Corbin Carroll OF Tim Tawa P Kyle Harrison P Mitch Bratt SS Zach Neto,,,
1087,5215218864,TroyGilly91 (8/10),0,92.2,1B Jonathan Aranda 2B Oswald Peraza 3B Junior Caminero C Liam Hicks OF Cedric Mullins OF Victor Mesa Jr. OF Wade Meckler P Hunter Brown P Ryan Johnson SS Zach Neto,,,
1087,5215651685,knox314 (1/20),0,92.2,1B Freddie Freeman 2B Richie Palacios 3B Junior Caminero C Ben Rortvedt OF Cedric Mullins OF Kyle Tucker OF Andy Pages P Hunter Brown P Ryan Johnson SS Mookie Betts,,,
1090,5215272265,jrancor22 (1/20),0,92.149994,1B Jonathan Aranda 2B Richie Palacios 3B Junior Caminero C Liam Hicks OF Lars Nootbaar OF Jordan Beck OF Tim Tawa P Hunter Brown P Kyle Harrison SS Taylor Walls,,,
1091,5215044044,kcroyalfan (2/20),0,92.05,1B Joc Pederson 2B Nicky Lopez 3B Junior Caminero C Liam Hicks OF Brandon Nimmo OF Shohei Ohtani OF Corbin Carroll P Cody Bradford P Mitch Bratt SS Corey Seager,,,
1091,5215044050,kcroyalfan (8/20),0,92.05,1B Shohei Ohtani 2B Brice Turang 3B Nick Loftin C Salvador Perez OF Fernando Tatis Jr. OF Jordan Beck OF Jac Caglianone P Cody Bradford P Mitch Bratt SS Bobby Witt Jr.,,,
1091,5215052097,SeanDre (14/20),0,92.05,1B Jonathan Aranda 2B Richie Palacios 3B Yandy Diaz C Liam Hicks OF Lars Nootbaar OF Corbin Carroll OF Chandler Simpson P Cody Bradford P Mitch Bratt SS Bobby Witt Jr.,,,
1091,5215320393,Draftmaster00,0,92.05,1B Jonathan Aranda 2B Jose Altuve 3B Isaac Paredes C Yainer Diaz OF Corbin Carroll OF Cam Smith OF Chandler Simpson P Blake Snell P Nick Martinez SS Corey Seager,,,
1091,5215578156,chfen07 (8/20),0,92.05,1B Joc Pederson 2B Richie Palacios 3B Yandy Diaz C Liam Hicks OF Cedric Mullins OF Yordan Alvarez OF Chandler Simpson P Cody Bradford P Mitch Bratt SS Corey Seager,,,
1091,5215621056,Makin-A-Run (18/20),0,92.05,1B Jonathan Aranda 2B Ketel Marte 3B Yandy Diaz C Liam Hicks OF Brandon Nimmo OF Victor Mesa Jr. OF Wyatt Langford P Cody Bradford P Mitch Bratt SS Jeremy Pena,,,
1091,5215647859,KING--13 (8/10),0,92.05,1B Jonathan Aranda 2B Jeff McNeil 3B Junior Caminero C Liam Hicks OF Lawrence Butler OF Zack Gelof OF Chandler Simpson P Cody Bradford P Mitch Bratt SS Bobby Witt Jr.,,,
1091,5215717939,cacolbe (15/16),0,92.05,1B Jake Bauers 2B Brice Turang 3B Junior Caminero C Liam Hicks OF Garrett Mitchell OF Jihwan Bae OF Jackson Chourio P Cody Bradford P Mitch Bratt SS Mookie Betts,,,
1091,5215717940,cacolbe (16/16),0,92.05,1B Jake Bauers 2B Brice Turang 3B Junior Caminero C Liam Hicks OF Garrett Mitchell OF Jihwan Bae OF Jackson Chourio P Cody Bradford P Mitch Bratt SS Mookie Betts,,,
1100,5215044007,whoisjohngalt420 (6/20),0,92,1B Jonathan Aranda 2B Richie Palacios 3B Yandy Diaz C James McCann OF Cedric Mullins OF Lars Nootbaar OF Corbin Carroll P Cody Bradford P Hunter Brown SS Taylor Walls,,,
1100,5215218858,TroyGilly91 (2/10),0,92,1B Jake Burger 2B Richie Palacios 3B Junior Caminero C Liam Hicks OF Brandon Nimmo OF Cedric Mullins OF Evan Carter P Cody Bradford P Hunter Brown SS Taylor Walls,,,
1100,5215688116,DcSports89 (3/3),0,92,1B Jonathan Aranda 2B Richie Palacios 3B Yandy Diaz C James McCann OF Cedric Mullins OF Lars Nootbaar OF Corbin Carroll P Cody Bradford P Hunter Brown SS Taylor Walls,,,
1103,5215288536,HC0023 (2/20),0,91.95,1B Yandy Diaz 2B Jeff McNeil 3B Junior Caminero C Liam Hicks OF Carlos Cortes OF Zack Gelof OF Henry Bolte P Hunter Brown P Mitch Bratt SS Jacob Wilson,,,
1103,5215655655,jetty76 (13/20),0,91.95,1B Tim Tawa 2B Ketel Marte 3B Nolan Arenado C James McCann OF Yordan Alvarez OF Corbin Carroll OF Cam Smith P Hunter Brown P Mitch Bratt SS Jeremy Pena,,,
1103,5215702848,APot30 (18/20),0,91.95,1B Joc Pederson 2B Tommy Edman 3B Max Muncy C Austin Wynns OF Shohei Ohtani OF Andy Pages OF Wyatt Langford P Hunter Brown P Mitch Bratt SS Mookie Betts,,,
1106,5215023017,jw1984 (12/20),0,91.65,1B Shohei Ohtani 2B Willi Castro 3B Kyle Karros C Ben Rortvedt OF Kyle Tucker OF Jake McCarthy OF Andy Pages P Blake Snell P Cody Bradford SS Mookie Betts,,,
1106,5215502519,moldova,0,91.65,1B Freddie Freeman 2B Ildemaro Vargas 3B Nick Loftin C James McCann OF Shohei Ohtani OF Andy Pages OF Tim Tawa P Blake Snell P Cody Bradford SS Mookie Betts,,,
1106,5215047858,20blks,0,91.649994,1B Joc Pederson 2B Brice Turang 3B Kyle Karros C Hunter Goodman OF Mike Trout OF Chandler Simpson OF Luis Lara P Nick Martinez P Kyle Harrison SS Nicky Lopez,,,
1106,5215331985,jeffylube (5/20),0,91.649994,1B Jonathan Aranda 2B Jeff McNeil 3B Junior Caminero C Liam Hicks OF Lawrence Butler OF Zack Gelof OF Henry Bolte P Blake Snell P Cody Bradford SS Corey Seager,,,
1106,5215585742,scohen21 (6/20),0,91.649994,1B Jonathan Aranda 2B Jeff McNeil 3B Junior Caminero C Austin Wynns OF Cedric Mullins OF Victor Mesa Jr. OF Chandler Simpson P Blake Snell P Cody Bradford SS Corey Seager,,,
1106,5215643474,cmalas (19/20),0,91.649994,1B Tim Tawa 2B Ketel Marte 3B Nolan Arenado C Hunter Goodman OF Jake McCarthy OF Lars Nootbaar OF Corbin Carroll P Kyle Harrison P Carson Whisenhunt SS Zach Neto,,,
1112,5215039608,Satch65 (17/20),0,91.6,1B Jonathan Aranda 2B Jose Altuve 3B Junior Caminero C Liam Hicks OF Daulton Varsho OF Cam Smith OF Chandler Simpson P Blake Snell P Mitch Bratt SS Corey Seager,,,
1112,5215214845,AbeyBaby88 (3/20),0,91.6,1B Jake Burger 2B Ketel Marte 3B Junior Caminero C Gabriel Moreno OF Brandon Nimmo OF Evan Carter OF Wyatt Langford P Blake Snell P Mitch Bratt SS Corey Seager,,,
1112,5215515386,jvh2122,0,91.6,1B Shohei Ohtani 2B Jeff McNeil 3B Nolan Arenado C Jonah Heim OF Mike Trout OF Fernando Tatis Jr. OF Lars Nootbaar P Blake Snell P Mitch Bratt SS Xander Bogaerts,,,
1112,5215652493,xXxPLOSIVE (1/5),0,91.6,1B Jonathan Aranda 2B Jeff McNeil 3B Yandy Diaz C Liam Hicks OF Lars Nootbaar OF Andy Pages OF Corbin Carroll P Blake Snell P Mitch Bratt SS Corey Seager,,,
1116,5214866667,Sammy.Boy (17/20),0,91.55,1B Nolan Schanuel 2B Vaughn Grissom 3B Isaac Paredes C Gabriel Moreno OF Lars Nootbaar OF Corbin Carroll OF Ryan Waldschmidt P Blake Snell P Hunter Brown SS Zach Neto,,,
1116,5215164367,melvincali (3/20),0,91.55,1B Nolan Schanuel 2B Oswald Peraza 3B Vaughn Grissom C James McCann OF Mike Trout OF Lars Nootbaar OF Corbin Carroll P Blake Snell P Hunter Brown SS Zach Neto,,,
1116,5215207473,Elwaysarmy (10/20),0,91.55,1B Nolan Schanuel 2B Jeff McNeil 3B Vaughn Grissom C Moises Ballesteros OF Mike Trout OF Shohei Ohtani OF Carlos Cortes P Blake Snell P Hunter Brown SS Zach Neto,,,
1116,5215251228,Wanna_Square_Up1567 (19/20),0,91.55,1B Tim Tawa 2B Ildemaro Vargas 3B Zack Gelof C Gabriel Moreno OF Lawrence Butler OF Corbin Carroll OF Ryan Waldschmidt P Blake Snell P Hunter Brown SS Corey Seager,,,
1116,5215399600,gogosox2005 (2/4),0,91.55,1B Ty France 2B Vaughn Grissom 3B Max Muncy C Liam Hicks OF Jake Bauers OF Lars Nootbaar OF Tim Tawa P Blake Snell P Hunter Brown SS Ezequiel Tovar,,,
1116,5215515316,StonzMVP,0,91.55,1B Tim Tawa 2B Jeff McNeil 3B Nolan Arenado C James McCann OF Brandon Nimmo OF Corbin Carroll OF Jackson Chourio P Blake Snell P Hunter Brown SS Corey Seager,,,
1116,5215657508,BuckeyeCity (9/20),0,91.55,1B Ildemaro Vargas 2B Willi Castro 3B Kyle Karros C Moises Ballesteros OF Jake McCarthy OF Corbin Carroll OF Jordan Beck P Blake Snell P Hunter Brown SS Zach Neto,,,
1116,5214866653,Sammy.Boy (3/20),0,91.549995,1B Liam Hicks 2B Nicky Lopez 3B Yandy Diaz C Austin Wynns OF Brandon Nimmo OF Victor Mesa Jr. OF Wyatt Langford P Blake Snell P Hunter Brown SS Corey Seager,,,
1116,5215039610,Satch65 (19/20),0,91.549995,1B Joc Pederson 2B Nicky Lopez 3B Kyle Karros C Austin Wynns OF Brandon Nimmo OF Shohei Ohtani OF Andy Pages P Blake Snell P Hunter Brown SS Corey Seager,,,
1116,5215177092,SpeedRacer101 (14/20),0,91.549995,1B Jake Burger 2B Brice Turang 3B Max Muncy C Ben Rortvedt OF Kyle Tucker OF Jihwan Bae OF Andy Pages P Blake Snell P Hunter Brown SS Mookie Betts,,,
1116,5215185422,HairyBacks (13/20),0,91.549995,1B Joc Pederson 2B Jeff McNeil 3B Yandy Diaz C Austin Wynns OF Brandon Nimmo OF Shohei Ohtani OF Evan Carter P Blake Snell P Hunter Brown SS Corey Seager,,,
1116,5215319613,Dubbzz (18/20),0,91.549995,1B Jonathan Aranda 2B Richie Palacios 3B Isaac Paredes C Yainer Diaz OF Cedric Mullins OF Victor Mesa Jr. OF Chandler Simpson P Blake Snell P Hunter Brown SS Ezequiel Tovar,,,
1116,5215383672,Fluffhead017 (19/20),0,91.549995,1B Joc Pederson 2B Willi Castro 3B Connor Norby C Hunter Goodman OF Brandon Nimmo OF Shohei Ohtani OF Jordan Beck P Blake Snell P Hunter Brown SS Ezequiel Tovar,,,
1116,5215678510,minfan77 (20/20),0,91.549995,1B Jonathan Aranda 2B Richie Palacios 3B Yandy Diaz C Austin Wynns OF Cedric Mullins OF Victor Mesa Jr. OF Evan Carter P Blake Snell P Hunter Brown SS Nicky Lopez,,,
1130,5215063763,codyewell (13/20),0,91.4,1B Shohei Ohtani 2B Nicky Lopez 3B Junior Caminero C Liam Hicks OF Cedric Mullins OF Victor Mesa Jr. OF Chandler Simpson P Walker Buehler P Mitch Bratt SS Corey Seager,,,
1130,5215063768,codyewell (18/20),0,91.4,1B Christian Walker 2B Jose Altuve 3B Junior Caminero C Liam Hicks OF Cedric Mullins OF Victor Mesa Jr. OF Chandler Simpson P Walker Buehler P Mitch Bratt SS Corey Seager,,,
1130,5215584109,Chanceler,0,91.4,1B Ildemaro Vargas 2B Ketel Marte 3B Manny Machado C James McCann OF Yordan Alvarez OF Corbin Carroll OF Jackson Chourio P Walker Buehler P Mitch Bratt SS Xander Bogaerts,,,
1130,5215717103,DeMarcoble1,0,91.4,1B Jonathan Aranda 2B Ketel Marte 3B Kyle Karros C James McCann OF Shohei Ohtani OF Jung Hoo Lee OF Cam Smith P Nick Martinez P Hunter Brown SS Zach Neto,,,
1130,5215655659,jetty76 (17/20),0,91.399994,1B Joc Pederson 2B Ketel Marte 3B Ezequiel Duran C James McCann OF Mike Trout OF Brandon Nimmo OF Wyatt Langford P Nick Martinez P Hunter Brown SS Corey Seager,,,
1135,5215505830,curleeshu (4/5),0,91.350006,1B Ty France 2B Jose Altuve 3B Manny Machado C Hunter Goodman OF Brandon Nimmo OF Lars Nootbaar OF Luis Lara P Walker Buehler P Hunter Brown SS Zach Neto,,,
1135,5215624172,jballagh (9/20),0,91.350006,1B Joc Pederson 2B Willi Castro 3B Kyle Karros C Hunter Goodman OF Jake McCarthy OF Wyatt Langford OF Cole Carrigg P Walker Buehler P Hunter Brown SS Corey Seager,,,
1137,5215106741,rsumrall (5/20),0,91.25,1B Salvador Perez 2B Ketel Marte 3B Nick Loftin C James McCann OF Lars Nootbaar OF Corbin Carroll OF Tim Tawa P Michael Wacha P Hunter Brown SS Bobby Witt Jr.,,,
1137,5215144190,kreller17 (11/20),0,91.25,1B Nolan Schanuel 2B Jose Altuve 3B Vaughn Grissom C Hunter Goodman OF Mike Trout OF Tim Tawa OF Evan Carter P Michael Wacha P Hunter Brown SS Zach Neto,,,
1137,5215450536,darrylposton (12/20),0,91.25,1B Jonathan Aranda 2B Brice Turang 3B Max Muncy C Liam Hicks OF Shohei Ohtani OF Kyle Tucker OF Andy Pages P Mitch Bratt P Ryan Johnson SS Mookie Betts,,,
1140,5215214857,AbeyBaby88 (15/20),0,91.2,1B Jonathan Aranda 2B Tommy Edman 3B Yandy Diaz C Salvador Perez OF Cedric Mullins OF Kyle Tucker OF Chandler Simpson P Hunter Brown P Ryan Johnson SS Mookie Betts,,,
1140,5215684817,YoDoggs,0,91.2,1B Jeff McNeil 2B Ketel Marte 3B Nolan Arenado C Gabriel Moreno OF Yordan Alvarez OF Lars Nootbaar OF Corbin Carroll P Kyle Harrison P Mitch Bratt SS Taylor Walls,,,
1142,5215222547,DrNickIsIn (7/20),0,91.149994,1B Joc Pederson 2B Richie Palacios 3B Junior Caminero C Moises Ballesteros OF Jose Siri OF Chandler Simpson OF Wyatt Langford P Hunter Brown P Kyle Harrison SS Taylor Walls,,,
1143,5215038642,aquafinatim (14/20),0,91.05,1B Joc Pederson 2B Brice Turang 3B Junior Caminero C Liam Hicks OF Brandon Nimmo OF Chandler Simpson OF Wyatt Langford P Cody Bradford P Mitch Bratt SS Corey Seager,,,
1143,5215685042,meyers2305 (20/20),0,91.05,1B Shohei Ohtani 2B Brice Turang 3B Isaac Paredes C Liam Hicks OF Brandon Nimmo OF Lars Nootbaar OF Corbin Carroll P Cody Bradford P Mitch Bratt SS Mookie Betts,,,
1145,5215112215,BeSp10,0,91,1B Jonathan Aranda 2B Richie Palacios 3B Junior Caminero C Austin Wynns OF Jake McCarthy OF Chandler Simpson OF Wyatt Langford P Cody Bradford P Hunter Brown SS Taylor Walls,,,
1145,5215384711,lttlsht (5/20),0,91,1B Joc Pederson 2B Tommy Edman 3B Ezequiel Duran C Yainer Diaz OF Brandon Nimmo OF Shohei Ohtani OF Wyatt Langford P Blake Snell P Walker Buehler SS Corey Seager,,,
1145,5215621049,Makin-A-Run (11/20),0,91,1B Jonathan Aranda 2B Brice Turang 3B Junior Caminero C Liam Hicks OF Brandon Nimmo OF Jihwan Bae OF Evan Carter P Cody Bradford P Hunter Brown SS Taylor Walls,,,
1148,5215413771,Darkmen715 (16/20),0,90.95,1B Joc Pederson 2B Jeff McNeil 3B Junior Caminero C Gabriel Moreno OF Brandon Nimmo OF Corbin Carroll OF Wyatt Langford P Hunter Brown P Mitch Bratt SS Corey Seager,,,
1148,5215431748,Anthonykorobellis (1/20),0,90.95,1B Shohei Ohtani 2B Richie Palacios 3B Nick Loftin C Salvador Perez OF Kyle Tucker OF Corbin Carroll OF Chandler Simpson P Hunter Brown P Mitch Bratt SS Zach Neto,,,
1148,5215431750,Anthonykorobellis (3/20),0,90.95,1B Jonathan Aranda 2B Richie Palacios 3B Yandy Diaz C Salvador Perez OF Cedric Mullins OF Kyle Tucker OF Chandler Simpson P Hunter Brown P Mitch Bratt SS Zach Neto,,,
1148,5215670078,HammerSZN (18/20),0,90.95,1B Jonathan Aranda 2B Jeff McNeil 3B Junior Caminero C Austin Wynns OF Shohei Ohtani OF Cedric Mullins OF Chandler Simpson P Hunter Brown P Mitch Bratt SS Taylor Walls,,,
1152,5215383664,Fluffhead017 (11/20),0,90.85,1B Christian Walker 2B Jose Altuve 3B Isaac Paredes C Yainer Diaz OF Yordan Alvarez OF Lars Nootbaar OF Corbin Carroll P Blake Snell P Ryan Johnson SS Zach Neto,,,
1153,5215645660,musicmovesme387,0,90.75,1B Jake Bauers 2B Brice Turang 3B Kyle Karros C Hunter Goodman OF Jake McCarthy OF Jung Hoo Lee OF Garrett Mitchell P Nick Martinez P Michael Wacha SS Tyler Tolbert,,,
1154,5215345739,clathren (13/20),0,90.65,1B Jonathan Aranda 2B Jose Altuve 3B Junior Caminero C William Contreras OF Jake McCarthy OF Lars Nootbaar OF Jihwan Bae P Blake Snell P Cody Bradford SS Mookie Betts,,,
1154,5215674325,FATEFELLSHORT (1/20),0,90.649994,1B Jonathan Aranda 2B Jeff McNeil 3B Junior Caminero C Liam Hicks OF Zack Gelof OF Jordan Beck OF Chandler Simpson P Blake Snell P Cody Bradford SS Jacob Wilson,,,
1154,5215674334,FATEFELLSHORT (3/20),0,90.649994,1B Jonathan Aranda 2B Jeff McNeil 3B Junior Caminero C Liam Hicks OF Zack Gelof OF Jordan Beck OF Chandler Simpson P Blake Snell P Cody Bradford SS Jacob Wilson,,,
1154,5215674337,FATEFELLSHORT (5/20),0,90.649994,1B Jonathan Aranda 2B Jeff McNeil 3B Junior Caminero C Liam Hicks OF Zack Gelof OF Jordan Beck OF Chandler Simpson P Blake Snell P Cody Bradford SS Jacob Wilson,,,
1154,5215674349,FATEFELLSHORT (7/20),0,90.649994,1B Jonathan Aranda 2B Jeff McNeil 3B Junior Caminero C Liam Hicks OF Zack Gelof OF Jordan Beck OF Chandler Simpson P Blake Snell P Cody Bradford SS Jacob Wilson,,,
1154,5215684792,FATEFELLSHORT (9/20),0,90.649994,1B Jonathan Aranda 2B Jeff McNeil 3B Junior Caminero C Liam Hicks OF Zack Gelof OF Jordan Beck OF Chandler Simpson P Blake Snell P Cody Bradford SS Jacob Wilson,,,
1154,5215684795,FATEFELLSHORT (11/20),0,90.649994,1B Jonathan Aranda 2B Jeff McNeil 3B Junior Caminero C Liam Hicks OF Zack Gelof OF Jordan Beck OF Chandler Simpson P Blake Snell P Cody Bradford SS Jacob Wilson,,,
1154,5215684799,FATEFELLSHORT (13/20),0,90.649994,1B Jonathan Aranda 2B Jeff McNeil 3B Junior Caminero C Liam Hicks OF Zack Gelof OF Jordan Beck OF Chandler Simpson P Blake Snell P Cody Bradford SS Jacob Wilson,,,
1154,5215684802,FATEFELLSHORT (15/20),0,90.649994,1B Jonathan Aranda 2B Jeff McNeil 3B Junior Caminero C Liam Hicks OF Zack Gelof OF Jordan Beck OF Chandler Simpson P Blake Snell P Cody Bradford SS Jacob Wilson,,,
1154,5215684805,FATEFELLSHORT (17/20),0,90.649994,1B Jonathan Aranda 2B Jeff McNeil 3B Junior Caminero C Liam Hicks OF Zack Gelof OF Jordan Beck OF Chandler Simpson P Blake Snell P Cody Bradford SS Jacob Wilson,,,
1154,5215684809,FATEFELLSHORT (19/20),0,90.649994,1B Jonathan Aranda 2B Jeff McNeil 3B Junior Caminero C Liam Hicks OF Zack Gelof OF Jordan Beck OF Chandler Simpson P Blake Snell P Cody Bradford SS Jacob Wilson,,,
1165,5214872031,nickenyon6,0,90.6,1B Jonathan Aranda 2B Jeff McNeil 3B Junior Caminero C Gabriel Moreno OF Lars Nootbaar OF Zack Gelof OF Corbin Carroll P Blake Snell P Mitch Bratt SS Corey Seager,,,
1165,5215023006,jw1984 (1/20),0,90.6,1B Jake Burger 2B Ketel Marte 3B Ezequiel Duran C Gabriel Moreno OF Brandon Nimmo OF Corbin Carroll OF Wyatt Langford P Blake Snell P Mitch Bratt SS Corey Seager,,,
1165,5215075977,ivymoose (7/20),0,90.6,1B Jake Burger 2B Ketel Marte 3B Ezequiel Duran C Gabriel Moreno OF Brandon Nimmo OF Corbin Carroll OF Wyatt Langford P Blake Snell P Mitch Bratt SS Corey Seager,,,
1165,5215091861,titanhawks (1/2),0,90.6,1B Tim Tawa 2B Brice Turang 3B Ezequiel Duran C Austin Wynns OF Christian Yelich OF Corbin Carroll OF Jackson Chourio P Blake Snell P Mitch Bratt SS Corey Seager,,,
1165,5215331981,jeffylube (1/20),0,90.6,1B Jonathan Aranda 2B Jeff McNeil 3B Junior Caminero C Gabriel Moreno OF Lars Nootbaar OF Zack Gelof OF Corbin Carroll P Blake Snell P Mitch Bratt SS Corey Seager,,,
1165,5215632576,Emac (8/20),0,90.6,1B Jonathan Aranda 2B Jeff McNeil 3B Junior Caminero C Liam Hicks OF Brandon Nimmo OF Chandler Simpson OF Wyatt Langford P Blake Snell P Mitch Bratt SS Corey Seager,,,
1165,5215642991,bassguy39 (1/15),0,90.6,1B Jonathan Aranda 2B Ketel Marte 3B Nolan Arenado C Gabriel Moreno OF Lars Nootbaar OF Corbin Carroll OF Wyatt Langford P Blake Snell P Mitch Bratt SS Corey Seager,,,
1165,5215658587,ARoman24 (5/5),0,90.6,1B Jake Burger 2B Ketel Marte 3B Ezequiel Duran C Gabriel Moreno OF Brandon Nimmo OF Corbin Carroll OF Wyatt Langford P Blake Snell P Mitch Bratt SS Corey Seager,,,
1165,5215686574,woodreb5 (2/20),0,90.6,1B Jake Burger 2B Ketel Marte 3B Ezequiel Duran C Gabriel Moreno OF Brandon Nimmo OF Corbin Carroll OF Wyatt Langford P Blake Snell P Mitch Bratt SS Corey Seager,,,
1165,5215700151,cptnspaulding (14/20),0,90.6,1B Ildemaro Vargas 2B Ketel Marte 3B Zack Gelof C Gabriel Moreno OF Brandon Nimmo OF Lars Nootbaar OF Corbin Carroll P Blake Snell P Mitch Bratt SS Corey Seager,,,
1165,5215708506,sportsfan14 (13/20),0,90.6,1B Christian Walker 2B Jose Altuve 3B Isaac Paredes C Yainer Diaz OF Mike Trout OF Yordan Alvarez OF Wade Meckler P Blake Snell P Mitch Bratt SS Zach Neto,,,
1176,5214946332,stock2mail (8/20),0,90.55,1B Nolan Schanuel 2B Vaughn Grissom 3B Ezequiel Duran C Moises Ballesteros OF Mike Trout OF Brandon Nimmo OF Wyatt Langford P Blake Snell P Hunter Brown SS Zach Neto,,,
1176,5214946336,stock2mail (12/20),0,90.55,1B Joc Pederson 2B Oswald Peraza 3B Kyle Karros C Hunter Goodman OF Jake McCarthy OF Mickey Moniak OF Jordan Beck P Blake Snell P Hunter Brown SS Corey Seager,,,
1176,5215044010,whoisjohngalt420 (9/20),0,90.55,1B Jeff McNeil 2B Willi Castro 3B Kyle Karros C Hunter Goodman OF Jake McCarthy OF Alex Call OF Cole Carrigg P Blake Snell P Hunter Brown SS Corey Seager,,,
1176,5215075974,ivymoose (4/20),0,90.55,1B Joc Pederson 2B Oswald Peraza 3B Kyle Karros C Hunter Goodman OF Jake McCarthy OF Mickey Moniak OF Jordan Beck P Blake Snell P Hunter Brown SS Corey Seager,,,
1176,5215376415,JRaab,0,90.55,1B Jeff McNeil 2B Brice Turang 3B Ezequiel Duran C Gabriel Moreno OF Corbin Carroll OF Jordan Beck OF Tim Tawa P Blake Snell P Hunter Brown SS Corey Seager,,,
1176,5214946343,stock2mail (19/20),0,90.549995,1B Freddie Freeman 2B Brice Turang 3B David Hamilton C Ben Rortvedt OF Shohei Ohtani OF Alex Call OF Jihwan Bae P Blake Snell P Hunter Brown SS Mookie Betts,,,
1176,5215075973,ivymoose (3/20),0,90.549995,1B Jake Burger 2B Jeff McNeil 3B Junior Caminero C Austin Wynns OF Brandon Nimmo OF Victor Mesa Jr. OF Wyatt Langford P Blake Snell P Hunter Brown SS Corey Seager,,,
1176,5215264782,cwthrow24 (3/20),0,90.549995,1B Joc Pederson 2B Brice Turang 3B Manny Machado C Austin Wynns OF Brandon Nimmo OF Jihwan Bae OF Jackson Chourio P Blake Snell P Hunter Brown SS Corey Seager,,,
1176,5215331998,jeffylube (18/20),0,90.549995,1B Christian Walker 2B Jeff McNeil 3B Zack Gelof C Jonah Heim OF Mike Trout OF Lawrence Butler OF Henry Bolte P Blake Snell P Hunter Brown SS Zach Neto,,,
1176,5215359205,Cuscus3 (18/20),0,90.549995,1B Joc Pederson 2B Ketel Marte 3B Ezequiel Duran C Gabriel Moreno OF Brandon Nimmo OF Lars Nootbaar OF Wyatt Langford P Blake Snell P Hunter Brown SS Nicky Lopez,,,
1176,5215513974,andymartin5586 (10/20),0,90.549995,1B Joc Pederson 2B Ketel Marte 3B Ezequiel Duran C Gabriel Moreno OF Brandon Nimmo OF Lars Nootbaar OF Evan Carter P Blake Snell P Hunter Brown SS Corey Seager,,,
1176,5215669534,SkyU27 (8/10),0,90.549995,1B Joc Pederson 2B Ketel Marte 3B Ezequiel Duran C Gabriel Moreno OF Brandon Nimmo OF Lars Nootbaar OF Evan Carter P Blake Snell P Hunter Brown SS Corey Seager,,,
1176,5215706072,bxtrey (2/2),0,90.549995,1B Jeff McNeil 2B Vaughn Grissom 3B Connor Norby C Moises Ballesteros OF Mike Trout OF Christian Yelich OF Jackson Chourio P Blake Snell P Hunter Brown SS Taylor Walls,,,
1189,5215370184,brockstar5 (11/20),0,90.5,1B Freddie Freeman 2B Ildemaro Vargas 3B Nolan Arenado C Ben Rortvedt OF Shohei Ohtani OF Kyle Tucker OF Corbin Carroll P Nick Martinez P Cody Bradford SS Mookie Betts,,,
1189,5215662625,msgtjk,0,90.5,1B Shohei Ohtani 2B Brice Turang 3B Isaac Paredes C Yainer Diaz OF Brandon Nimmo OF Jung Hoo Lee OF Chandler Simpson P Nick Martinez P Cody Bradford SS Mookie Betts,,,
1191,5215113500,milligolf (3/20),0,90.45,1B Shohei Ohtani 2B Willi Castro 3B Kyle Karros C Hunter Goodman OF Brandon Nimmo OF Andy Pages OF Cole Carrigg P Walker Buehler P Cody Bradford SS Ezequiel Tovar,,,
1191,5215246760,soonerdallas (1/20),0,90.45,1B Freddie Freeman 2B Oswald Peraza 3B Max Muncy C Gabriel Moreno OF Shohei Ohtani OF Andy Pages OF Corbin Carroll P Mitch Bratt P Carson Whisenhunt SS Mookie Betts,,,
1191,5215609204,JaserD (9/20),0,90.45,1B Jonathan Aranda 2B Tommy Edman 3B Max Muncy C Liam Hicks OF Shohei Ohtani OF Andy Pages OF Chandler Simpson P Mitch Bratt P Carson Whisenhunt SS Mookie Betts,,,
1191,5215689351,dantheman78 (8/20),0,90.45,1B Freddie Freeman 2B Brice Turang 3B Max Muncy C Liam Hicks OF Jake Bauers OF Kyle Tucker OF Andy Pages P Mitch Bratt P Carson Whisenhunt SS Mookie Betts,,,
1195,5215641739,bhess777 (12/20),0,90.4,1B Joc Pederson 2B Jose Altuve 3B Isaac Paredes C Yainer Diaz OF Fernando Tatis Jr. OF Yordan Alvarez OF Wyatt Langford P Walker Buehler P Mitch Bratt SS Jeremy Pena,,,
1195,5215098574,Banner_Smith (1/2),0,90.399994,1B Jonathan Aranda 2B Richie Palacios 3B Yandy Diaz C Liam Hicks OF Brandon Nimmo OF Kyle Tucker OF Chandler Simpson P Nick Martinez P Hunter Brown SS Nicky Lopez,,,
1195,5215592593,Banner_Smith (2/2),0,90.399994,1B Jonathan Aranda 2B Richie Palacios 3B Yandy Diaz C Liam Hicks OF Brandon Nimmo OF Kyle Tucker OF Chandler Simpson P Nick Martinez P Hunter Brown SS Nicky Lopez,,,
1198,5215621050,Makin-A-Run (12/20),0,90.350006,1B Jonathan Aranda 2B Nicky Lopez 3B Junior Caminero C Liam Hicks OF Victor Mesa Jr. OF Jordan Beck OF Chandler Simpson P Walker Buehler P Hunter Brown SS Corey Seager,,,
1199,5215222545,DrNickIsIn (5/20),0,90.25,1B Yandy Diaz 2B Jeff McNeil 3B Isaac Paredes C Liam Hicks OF Jake McCarthy OF Victor Mesa Jr. OF Chandler Simpson P Cody Bradford P Kyle Harrison SS Taylor Walls,,,
1199,5215445281,Skralph (12/20),0,90.25,1B Jonathan Aranda 2B Jose Altuve 3B Yandy Diaz C Liam Hicks OF Yordan Alvarez OF Victor Mesa Jr. OF Chandler Simpson P Mitch Bratt P Ryan Johnson SS Jeremy Pena,,,
1199,5215585737,scohen21 (1/20),0,90.25,1B Jonathan Aranda 2B Richie Palacios 3B Junior Caminero C Salvador Perez OF Shohei Ohtani OF Cedric Mullins OF Chandler Simpson P Mitch Bratt P Ryan Johnson SS Bobby Witt Jr.,,,
1202,5215139085,zvolm1012,0,90.2,1B Tim Tawa 2B Ketel Marte 3B Max Muncy C Gabriel Moreno OF Shohei Ohtani OF Corbin Carroll OF Ryan Waldschmidt P Hunter Brown P Ryan Johnson SS Ezequiel Tovar,,,
1202,5215585749,scohen21 (13/20),0,90.2,1B Jonathan Aranda 2B Jeff McNeil 3B Yandy Diaz C Salvador Perez OF Cedric Mullins OF Victor Mesa Jr. OF Chandler Simpson P Hunter Brown P Ryan Johnson SS Bobby Witt Jr.,,,
1204,5215052094,SeanDre (11/20),0,90.05,1B Yandy Diaz 2B Donovan Walton 3B Junior Caminero C Jonah Heim OF Cedric Mullins OF Victor Mesa Jr. OF Chandler Simpson P Cody Bradford P Mitch Bratt SS Corey Seager,,,
1204,5215054472,ttillie (16/20),0,90.05,1B Jonathan Aranda 2B Ketel Marte 3B Nolan Arenado C Liam Hicks OF Shohei Ohtani OF Corbin Carroll OF Tim Tawa P Cody Bradford P Mitch Bratt SS Corey Seager,,,
1204,5215354659,bennybenny420 (1/2),0,90.05,1B Jonathan Aranda 2B Jeff McNeil 3B Junior Caminero C Liam Hicks OF Zack Gelof OF Victor Mesa Jr. OF Chandler Simpson P Cody Bradford P Mitch Bratt SS Jacob Wilson,,,
1204,5215362330,Daily_Big_Kahuna (4/5),0,90.05,1B Yandy Diaz 2B Jeff McNeil 3B Junior Caminero C Jonah Heim OF Cedric Mullins OF Victor Mesa Jr. OF Chandler Simpson P Cody Bradford P Mitch Bratt SS Corey Seager,,,
1204,5215641746,bhess777 (19/20),0,90.05,1B Joc Pederson 2B Tommy Edman 3B Max Muncy C Gabriel Moreno OF Shohei Ohtani OF Kyle Tucker OF Wyatt Langford P Cody Bradford P Mitch Bratt SS Mookie Betts,,,
1204,5215661252,Mige1 (8/20),0,90.05,1B Joc Pederson 2B Tommy Edman 3B Max Muncy C Gabriel Moreno OF Shohei Ohtani OF Kyle Tucker OF Wyatt Langford P Cody Bradford P Mitch Bratt SS Mookie Betts,,,
1210,5215052098,SeanDre (15/20),0,90,1B Jake Burger 2B Ketel Marte 3B Max Muncy C Austin Wynns OF Kyle Tucker OF Corbin Carroll OF Evan Carter P Cody Bradford P Hunter Brown SS Mookie Betts,,,
1210,5215365669,WaitTilNextYear,0,90,1B Joc Pederson 2B Richie Palacios 3B Junior Caminero C Liam Hicks OF Brandon Nimmo OF Evan Carter OF Chandler Simpson P Cody Bradford P Hunter Brown SS Corey Seager,,,
1210,5215712209,Heartis24k (2/3),0,90,1B Jonathan Aranda 2B Ketel Marte 3B Nolan Arenado C James McCann OF Cedric Mullins OF Lars Nootbaar OF Corbin Carroll P Cody Bradford P Hunter Brown SS Taylor Walls,,,
1213,5215214848,AbeyBaby88 (6/20),0,89.95,1B Jonathan Aranda 2B Jeff McNeil 3B Yandy Diaz C Liam Hicks OF Lawrence Butler OF Corbin Carroll OF Chandler Simpson P Hunter Brown P Mitch Bratt SS Corey Seager,,,
1213,5215396656,silencetheg (20/20),0,89.95,1B Yandy Diaz 2B Jeff McNeil 3B Junior Caminero C William Contreras OF Christian Yelich OF Lawrence Butler OF Henry Bolte P Hunter Brown P Mitch Bratt SS Jacob Wilson,,,
1215,5214854446,Lundelius,0,89.85,1B Christian Walker 2B Tommy Edman 3B Ezequiel Duran C Liam Hicks OF Andy Pages OF Jackson Merrill OF Cole Carrigg P Nick Martinez P Walker Buehler SS Jeremy Pena,,,
1215,5214886850,souge369 (1/4),0,89.85,1B Jonathan Aranda 2B Jeff McNeil 3B Zack Gelof C Hunter Goodman OF Shohei Ohtani OF Jackson Chourio OF Luis Lara P Nick Martinez P Tomoyuki Sugano SS Zach Neto,,,
1215,5215360032,cachedinar (17/20),0,89.85,1B Shohei Ohtani 2B Ketel Marte 3B Nolan Arenado C James McCann OF Lars Nootbaar OF Corbin Carroll OF Wyatt Langford P Nick Martinez P Walker Buehler SS Corey Seager,,,
1215,5215383656,Fluffhead017 (3/20),0,89.85,1B Freddie Freeman 2B Willi Castro 3B Kyle Karros C Hunter Goodman OF Shohei Ohtani OF Kyle Tucker OF Jordan Beck P Blake Snell P Ryan Johnson SS Ezequiel Tovar,,,
1219,5214982203,Swishdakyng (11/20),0,89.799995,1B Joc Pederson 2B Richie Palacios 3B Junior Caminero C Austin Wynns OF Brandon Nimmo OF Andy Pages OF Evan Carter P Blake Snell P Kyle Harrison SS Corey Seager,,,
1219,5215116875,Ctracefan (16/20),0,89.799995,1B Bryce Eldridge 2B Ketel Marte 3B Yandy Diaz C Liam Hicks OF Jung Hoo Lee OF Victor Bericoto OF Evan Carter P Blake Snell P Kyle Harrison SS Willy Adames,,,
1221,5215029967,az350z (15/20),0,89.7,1B Joc Pederson 2B Ketel Marte 3B Ezequiel Duran C James McCann OF Yordan Alvarez OF Zack Gelof OF Wyatt Langford P Michael Wacha P Walker Buehler SS Corey Seager,,,
1222,5215075987,ivymoose (17/20),0,89.65,1B Ildemaro Vargas 2B Ketel Marte 3B Nolan Arenado C Gabriel Moreno OF Brandon Nimmo OF Corbin Carroll OF Evan Carter P Blake Snell P Cody Bradford SS Corey Seager,,,
1222,5215210173,JudgeDogg,0,89.65,1B Jonathan Aranda 2B Nicky Lopez 3B Junior Caminero C Liam Hicks OF Victor Mesa Jr. OF Jordan Beck OF Chandler Simpson P Nick Martinez P Kyle Harrison SS Willy Adames,,,
1222,5214946344,stock2mail (20/20),0,89.649994,1B Jonathan Aranda 2B Richie Palacios 3B Junior Caminero C Austin Wynns OF Brandon Nimmo OF Chandler Simpson OF Wyatt Langford P Blake Snell P Cody Bradford SS Corey Seager,,,
1222,5215372219,tybry85 (15/20),0,89.649994,1B Jonathan Aranda 2B Richie Palacios 3B Junior Caminero C James McCann OF Lars Nootbaar OF Victor Mesa Jr. OF Wyatt Langford P Blake Snell P Cody Bradford SS Corey Seager,,,
1222,5215567596,SeanyB231 (1/2),0,89.649994,1B Jonathan Aranda 2B Jeff McNeil 3B Junior Caminero C Liam Hicks OF Carlos Cortes OF Zack Gelof OF Henry Bolte P Blake Snell P Cody Bradford SS Jacob Wilson,,,
1222,5215674455,lefty4488 (11/15),0,89.649994,1B Jonathan Aranda 2B Jeff McNeil 3B Junior Caminero C Liam Hicks OF Carlos Cortes OF Zack Gelof OF Henry Bolte P Blake Snell P Cody Bradford SS Jacob Wilson,,,
1222,5215695215,SnowAngel74 (8/20),0,89.649994,1B Jonathan Aranda 2B Richie Palacios 3B Yandy Diaz C William Contreras OF Jihwan Bae OF Jackson Chourio OF Luis Lara P Nick Martinez P Kyle Harrison SS Taylor Walls,,,
1229,5215215688,mertqq40 (4/5),0,89.6,1B Jonathan Aranda 2B Richie Palacios 3B Yandy Diaz C Liam Hicks OF Brandon Nimmo OF Cedric Mullins OF Victor Bericoto P Blake Snell P Mitch Bratt SS Corey Seager,,,
1229,5215251213,Wanna_Square_Up1567 (4/20),0,89.6,1B Rafael Devers 2B Ketel Marte 3B Isaac Paredes C Gabriel Moreno OF Lars Nootbaar OF Corbin Carroll OF Ryan Waldschmidt P Blake Snell P Mitch Bratt SS Jeremy Pena,,,
1229,5215331982,jeffylube (2/20),0,89.6,1B Jonathan Aranda 2B Jeff McNeil 3B Junior Caminero C William Contreras OF Lars Nootbaar OF Zack Gelof OF Corbin Carroll P Blake Snell P Mitch Bratt SS Corey Seager,,,
1229,5215431756,Anthonykorobellis (9/20),0,89.6,1B Jonathan Aranda 2B Jeff McNeil 3B Yandy Diaz C Austin Wynns OF Shohei Ohtani OF Kyle Tucker OF Corbin Carroll P Blake Snell P Mitch Bratt SS Corey Seager,,,
1229,5215664386,Albino_Zebra (2/20),0,89.6,1B Shohei Ohtani 2B Ketel Marte 3B Ezequiel Duran C James McCann OF Brandon Nimmo OF Corbin Carroll OF Evan Carter P Blake Snell P Mitch Bratt SS Corey Seager,,,
1234,5215039592,Satch65 (1/20),0,89.55,1B Jonathan Aranda 2B Jeff McNeil 3B Junior Caminero C Austin Wynns OF Brandon Nimmo OF Tim Tawa OF Wyatt Langford P Blake Snell P Hunter Brown SS Corey Seager,,,
1234,5215103399,Rene8480 (2/4),0,89.55,1B Jonathan Aranda 2B Jeff McNeil 3B Junior Caminero C Liam Hicks OF Brandon Nimmo OF Jordan Beck OF Chandler Simpson P Blake Snell P Hunter Brown SS Nicky Lopez,,,
1234,5215383660,Fluffhead017 (7/20),0,89.55,1B Nolan Schanuel 2B Oswald Peraza 3B Junior Caminero C Moises Ballesteros OF Brandon Nimmo OF Jose Siri OF Cedric Mullins P Blake Snell P Hunter Brown SS Zach Neto,,,
1234,5215708970,lilmaryy (8/10),0,89.55,1B Nolan Schanuel 2B Oswald Peraza 3B Junior Caminero C Tyler Heineman OF Jose Siri OF Cedric Mullins OF Chandler Simpson P Blake Snell P Hunter Brown SS Zach Neto,,,
1234,5215116866,Ctracefan (7/20),0,89.549995,1B Joc Pederson 2B Jeff McNeil 3B Yandy Diaz C Gabriel Moreno OF Brandon Nimmo OF Evan Carter OF Wyatt Langford P Blake Snell P Hunter Brown SS Corey Seager,,,
1234,5215207483,Elwaysarmy (20/20),0,89.549995,1B Christian Walker 2B Jose Altuve 3B Zack Gelof C Jonah Heim OF Carlos Cortes OF Lawrence Butler OF Henry Bolte P Blake Snell P Hunter Brown SS Zach Neto,,,
1234,5215653641,wormlove3 (3/20),0,89.549995,1B Freddie Freeman 2B Willi Castro 3B Max Muncy C Austin Wynns OF Shohei Ohtani OF Jihwan Bae OF Jordan Beck P Blake Snell P Hunter Brown SS Mookie Betts,,,
1234,5215653651,wormlove3 (10/20),0,89.549995,1B Freddie Freeman 2B Willi Castro 3B Max Muncy C Austin Wynns OF Shohei Ohtani OF Jihwan Bae OF Jordan Beck P Blake Snell P Hunter Brown SS Mookie Betts,,,
1234,5215653660,wormlove3 (17/20),0,89.549995,1B Freddie Freeman 2B Willi Castro 3B Max Muncy C Austin Wynns OF Shohei Ohtani OF Jihwan Bae OF Jordan Beck P Blake Snell P Hunter Brown SS Mookie Betts,,,
1234,5215655646,jetty76 (4/20),0,89.549995,1B Joc Pederson 2B Jeff McNeil 3B Yandy Diaz C Gabriel Moreno OF Brandon Nimmo OF Evan Carter OF Wyatt Langford P Blake Snell P Hunter Brown SS Corey Seager,,,
1234,5215658572,ARoman24 (4/5),0,89.549995,1B Ildemaro Vargas 2B Ketel Marte 3B Nolan Arenado C Gabriel Moreno OF Jihwan Bae OF Corbin Carroll OF Cam Smith P Blake Snell P Hunter Brown SS Corey Seager,,,
1234,5215673807,cashyobe,0,89.549995,1B Jeff McNeil 2B Ketel Marte 3B Nolan Arenado C James McCann OF Lars Nootbaar OF Corbin Carroll OF Jackson Chourio P Blake Snell P Hunter Brown SS Ezequiel Tovar,,,
1246,5214902470,winningfaith (2/2),0,89.5,1B Jonathan Aranda 2B Nicky Lopez 3B Manny Machado C Carter Jensen OF Christian Yelich OF Andy Pages OF Jackson Merrill P Nick Martinez P Cody Bradford SS Mookie Betts,,,
1246,5215490085,Recovering_Bears_Fan (2/2),0,89.5,1B Jake Bauers 2B Osleivis Basabe 3B Nolan Arenado C Salvador Perez OF Yordan Alvarez OF Jackson Merrill OF Jackson Chourio P Nick Martinez P Cody Bradford SS Tyler Tolbert,,,
1248,5215045714,FoxyGrandpa252 (16/20),0,89.4,1B Freddie Freeman 2B Vaughn Grissom 3B Junior Caminero C Moises Ballesteros OF Shohei Ohtani OF Jose Siri OF Andy Pages P Walker Buehler P Mitch Bratt SS Zach Neto,,,
1249,5215133470,eharig09 (12/20),0,89.25,1B Tim Tawa 2B Ketel Marte 3B Nolan Arenado C Gabriel Moreno OF Lawrence Butler OF Henry Bolte OF Ryan Waldschmidt P Michael Wacha P Hunter Brown SS Jeremy Pena,,,
1249,5215133473,eharig09 (15/20),0,89.25,1B Joc Pederson 2B Ketel Marte 3B Ezequiel Duran C James McCann OF Brandon Nimmo OF Tim Tawa OF Evan Carter P Michael Wacha P Hunter Brown SS Corey Seager,,,
1249,5215716552,SaucyJack1001 (7/9),0,89.25,1B Jac Caglianone 2B Jeff McNeil 3B Isaac Paredes C Salvador Perez OF Fernando Tatis Jr. OF Garrett Mitchell OF Victor Bericoto P Michael Wacha P Hunter Brown SS Bobby Witt Jr.,,,
1252,5214854883,jrevelle3 (10/20),0,89.2,1B Shohei Ohtani 2B Vaughn Grissom 3B Kyle Karros C Tyler Heineman OF Mike Trout OF Mickey Moniak OF Cole Carrigg P Hunter Brown P Ryan Johnson SS Zach Neto,,,
1252,5215360018,cachedinar (3/20),0,89.2,1B Jonathan Aranda 2B Jose Altuve 3B Junior Caminero C Ben Rortvedt OF Shohei Ohtani OF Alex Call OF Andy Pages P Hunter Brown P Ryan Johnson SS Mookie Betts,,,
1254,5215147045,j-wolf05 (10/20),0,89.05,1B Jake Bauers 2B Richie Palacios 3B Junior Caminero C Liam Hicks OF Victor Mesa Jr. OF Chandler Simpson OF Wyatt Langford P Cody Bradford P Mitch Bratt SS Corey Seager,,,
1254,5215621047,Makin-A-Run (9/20),0,89.05,1B Joc Pederson 2B Jose Altuve 3B Junior Caminero C Liam Hicks OF Cedric Mullins OF Victor Mesa Jr. OF Wyatt Langford P Cody Bradford P Mitch Bratt SS Corey Seager,,,
1256,5215075975,ivymoose (5/20),0,89,1B Joc Pederson 2B Ketel Marte 3B Nolan Arenado C Gabriel Moreno OF Brandon Nimmo OF Lars Nootbaar OF Corbin Carroll P Cody Bradford P Hunter Brown SS Corey Seager,,,
1256,5215105191,LBDTitan (2/2),0,89,1B Joc Pederson 2B Ketel Marte 3B Nolan Arenado C Gabriel Moreno OF Brandon Nimmo OF Lars Nootbaar OF Corbin Carroll P Cody Bradford P Hunter Brown SS Corey Seager,,,
1256,5215383663,Fluffhead017 (10/20),0,89,1B Jonathan Aranda 2B Richie Palacios 3B Yandy Diaz C Salvador Perez OF Lawrence Butler OF Evan Carter OF Chandler Simpson P Cody Bradford P Hunter Brown SS Bobby Witt Jr.,,,
1256,5215635109,tonywergin (1/2),0,89,1B Joc Pederson 2B Ketel Marte 3B Junior Caminero C James McCann OF Brandon Nimmo OF Evan Carter OF Chandler Simpson P Cody Bradford P Hunter Brown SS Corey Seager,,,
1256,5215670080,HammerSZN (20/20),0,89,1B Joc Pederson 2B Ketel Marte 3B Nolan Arenado C Gabriel Moreno OF Brandon Nimmo OF Corbin Carroll OF Evan Carter P Cody Bradford P Hunter Brown SS Corey Seager,,,
1256,5215674450,lefty4488 (6/15),0,89,1B Joc Pederson 2B Ketel Marte 3B Nolan Arenado C Gabriel Moreno OF Brandon Nimmo OF Lars Nootbaar OF Corbin Carroll P Cody Bradford P Hunter Brown SS Corey Seager,,,
1262,5214946333,stock2mail (9/20),0,88.95,1B Jonathan Aranda 2B Ketel Marte 3B Junior Caminero C James McCann OF Lars Nootbaar OF Victor Mesa Jr. OF Chandler Simpson P Hunter Brown P Mitch Bratt SS Corey Seager,,,
1262,5215054457,ttillie (1/20),0,88.95,1B Joc Pederson 2B Jeff McNeil 3B Yandy Diaz C Liam Hicks OF Shohei Ohtani OF Lars Nootbaar OF Wyatt Langford P Hunter Brown P Mitch Bratt SS Zach Neto,,,
1262,5215097734,aurum48 (3/4),0,88.95,1B Jonathan Aranda 2B Jose Altuve 3B Yandy Diaz C Yainer Diaz OF Cedric Mullins OF Kyle Tucker OF Chandler Simpson P Hunter Brown P Mitch Bratt SS Taylor Walls,,,
1262,5215105190,LBDTitan (1/2),0,88.95,1B Jonathan Aranda 2B Jeff McNeil 3B Junior Caminero C Liam Hicks OF Brandon Nimmo OF Victor Mesa Jr. OF Chandler Simpson P Hunter Brown P Mitch Bratt SS Corey Seager,,,
1262,5215413760,Darkmen715 (5/20),0,88.95,1B Jonathan Aranda 2B Ketel Marte 3B Yandy Diaz C Gabriel Moreno OF Lars Nootbaar OF Andy Pages OF Tim Tawa P Hunter Brown P Mitch Bratt SS Jacob Wilson,,,
1262,5215631388,rybutts13,0,88.95,1B Jonathan Aranda 2B Jeff McNeil 3B Junior Caminero C Liam Hicks OF Brandon Nimmo OF Victor Mesa Jr. OF Chandler Simpson P Hunter Brown P Mitch Bratt SS Corey Seager,,,
1262,5215651687,knox314 (3/20),0,88.95,1B Jonathan Aranda 2B Tommy Edman 3B Yandy Diaz C James McCann OF Kyle Tucker OF Andy Pages OF Chandler Simpson P Hunter Brown P Mitch Bratt SS Mookie Betts,,,
1262,5215669530,SkyU27 (4/10),0,88.95,1B Yandy Diaz 2B Richie Palacios 3B Junior Caminero C Liam Hicks OF Brandon Nimmo OF Cedric Mullins OF Jihwan Bae P Hunter Brown P Mitch Bratt SS Corey Seager,,,
1262,5215673603,AngerTornado (1/2),0,88.95,1B Jonathan Aranda 2B Jeff McNeil 3B Junior Caminero C Liam Hicks OF Brandon Nimmo OF Victor Mesa Jr. OF Chandler Simpson P Hunter Brown P Mitch Bratt SS Corey Seager,,,
1262,5215678499,minfan77 (9/20),0,88.95,1B Joc Pederson 2B Richie Palacios 3B Junior Caminero C Liam Hicks OF Brandon Nimmo OF Evan Carter OF Wyatt Langford P Hunter Brown P Mitch Bratt SS Corey Seager,,,
1262,5215718330,Awalker3081 (7/20),0,88.95,1B Jonathan Aranda 2B Oswald Peraza 3B Junior Caminero C Liam Hicks OF Brandon Nimmo OF Evan Carter OF Wyatt Langford P Hunter Brown P Mitch Bratt SS Taylor Walls,,,
1273,5215372216,tybry85 (12/20),0,88.65,1B Jonathan Aranda 2B Ketel Marte 3B Nolan Arenado C James McCann OF Brandon Nimmo OF Lars Nootbaar OF Corbin Carroll P Blake Snell P Cody Bradford SS Corey Seager,,,
1273,5215431767,Anthonykorobellis (20/20),0,88.65,1B Jonathan Aranda 2B Ketel Marte 3B Nolan Arenado C Gabriel Moreno OF Lars Nootbaar OF Corbin Carroll OF Wyatt Langford P Blake Snell P Cody Bradford SS Ezequiel Tovar,,,
1273,5215668705,Gabe57 (4/19),0,88.65,1B Yandy Diaz 2B Willi Castro 3B Kyle Karros C Hunter Goodman OF Jordan Beck OF Chandler Simpson OF Cole Carrigg P Nick Martinez P Kyle Harrison SS Nicky Lopez,,,
1273,5215668709,Gabe57 (8/19),0,88.65,1B Yandy Diaz 2B Willi Castro 3B Kyle Karros C Hunter Goodman OF Jordan Beck OF Chandler Simpson OF Cole Carrigg P Nick Martinez P Kyle Harrison SS Nicky Lopez,,,
1273,5215713338,SICKHEMI (1/20),0,88.65,1B Christian Walker 2B Jose Altuve 3B Isaac Paredes C Yainer Diaz OF Shohei Ohtani OF Daulton Varsho OF Andy Pages P Blake Snell P Cody Bradford SS Taylor Walls,,,
1278,5215040185,clancy007k,0,88.55,1B Tim Tawa 2B Brice Turang 3B Nolan Arenado C Austin Wynns OF Jake McCarthy OF Corbin Carroll OF Evan Carter P Blake Snell P Hunter Brown SS Corey Seager,,,
1278,5215346433,LOCNOTM (5/20),0,88.55,1B Joc Pederson 2B Nicky Lopez 3B Junior Caminero C Austin Wynns OF Lars Nootbaar OF Evan Carter OF Chandler Simpson P Blake Snell P Hunter Brown SS Corey Seager,,,
1278,5214946326,stock2mail (2/20),0,88.549995,1B Joc Pederson 2B Ketel Marte 3B Nolan Arenado C Gabriel Moreno OF Lars Nootbaar OF Evan Carter OF Wyatt Langford P Blake Snell P Hunter Brown SS Corey Seager,,,
1278,5215332000,jeffylube (20/20),0,88.549995,1B Joc Pederson 2B Willi Castro 3B Kyle Karros C Austin Wynns OF Brandon Nimmo OF Shohei Ohtani OF Wyatt Langford P Blake Snell P Hunter Brown SS Corey Seager,,,
1278,5215372224,tybry85 (20/20),0,88.549995,1B Joc Pederson 2B Tommy Edman 3B Nolan Arenado C James McCann OF Brandon Nimmo OF Kyle Tucker OF Andy Pages P Blake Snell P Hunter Brown SS Corey Seager,,,
1278,5215487715,mlief (16/20),0,88.549995,1B Jake Burger 2B Tommy Edman 3B Max Muncy C Austin Wynns OF Kyle Tucker OF Andy Pages OF Evan Carter P Blake Snell P Hunter Brown SS Mookie Betts,,,
1278,5215700142,cptnspaulding (5/20),0,88.549995,1B Freddie Freeman 2B Jeff McNeil 3B Max Muncy C Ben Rortvedt OF Alex Call OF Andy Pages OF Zack Gelof P Blake Snell P Hunter Brown SS Zach Neto,,,
1278,5215700146,cptnspaulding (9/20),0,88.549995,1B Joc Pederson 2B Jose Altuve 3B Isaac Paredes C Yainer Diaz OF Brandon Nimmo OF Cam Smith OF Chandler Simpson P Blake Snell P Hunter Brown SS Jeremy Pena,,,
1278,5215704564,rsciero (2/5),0,88.549995,1B Jeff McNeil 2B Ketel Marte 3B Isaac Paredes C Austin Wynns OF Brandon Nimmo OF Corbin Carroll OF Wyatt Langford P Blake Snell P Hunter Brown SS Corey Seager,,,
1287,5215452589,bunit1388 (2/3),0,88.5,1B Ty France 2B Brice Turang 3B Yandy Diaz C Gabriel Moreno OF Jose Siri OF Yordan Alvarez OF Jihwan Bae P Nick Martinez P Cody Bradford SS Willy Adames,,,
1287,5215638655,negri7368,0,88.5,1B Jac Caglianone 2B Jeff McNeil 3B Ezequiel Duran C Salvador Perez OF Shohei Ohtani OF Austin Hays OF Yordan Alvarez P Nick Martinez P Cody Bradford SS Jacob Wilson,,,
1289,5215141218,BushWood_2229,0,88.4,1B Ildemaro Vargas 2B Oswald Peraza 3B Nick Loftin C Hunter Goodman OF Brandon Nimmo OF Mickey Moniak OF Jackson Chourio P Nick Martinez P Hunter Brown SS Taylor Walls,,,
1289,5215646456,DigitalDreams (1/4),0,88.4,1B Rafael Devers 2B Ketel Marte 3B Isaac Paredes C Gabriel Moreno OF Yordan Alvarez OF Lars Nootbaar OF Corbin Carroll P Walker Buehler P Mitch Bratt SS Jeremy Pena,,,
1289,5215689348,dantheman78 (5/20),0,88.4,1B Shohei Ohtani 2B Willi Castro 3B Kyle Karros C Hunter Goodman OF Jake McCarthy OF Andy Pages OF Jordan Beck P Hunter Brown P Carson Whisenhunt SS Mookie Betts,,,
1292,5215678491,minfan77 (1/20),0,88.350006,1B Salvador Perez 2B Tommy Edman 3B Max Muncy C Ben Rortvedt OF Shohei Ohtani OF Alex Call OF Jac Caglianone P Walker Buehler P Hunter Brown SS Bobby Witt Jr.,,,
1292,5215718335,Awalker3081 (12/20),0,88.35,1B Joc Pederson 2B Ketel Marte 3B Vaughn Grissom C James McCann OF Lars Nootbaar OF Corbin Carroll OF Wyatt Langford P Walker Buehler P Hunter Brown SS Jeremy Pena,,,
1294,5215195080,jsamtoy (6/20),0,88.25,1B Jonathan Aranda 2B Donovan Walton 3B Junior Caminero C Liam Hicks OF Lawrence Butler OF Henry Bolte OF Chandler Simpson P Cody Bradford P Kyle Harrison SS Taylor Walls,,,
1294,5215450530,darrylposton (6/20),0,88.25,1B Jonathan Aranda 2B Richie Palacios 3B Junior Caminero C Liam Hicks OF Yordan Alvarez OF Zack Gelof OF Chandler Simpson P Mitch Bratt P Ryan Johnson SS Jeremy Pena,,,
1296,5215585738,scohen21 (2/20),0,88.2,1B Shohei Ohtani 2B Ketel Marte 3B Nolan Arenado C James McCann OF Kyle Tucker OF Lars Nootbaar OF Corbin Carroll P Hunter Brown P Ryan Johnson SS Zach Neto,,,
1296,5215624181,jballagh (18/20),0,88.2,1B Tim Tawa 2B Ketel Marte 3B Junior Caminero C Gabriel Moreno OF Lars Nootbaar OF Chandler Simpson OF Ryan Waldschmidt P Kyle Harrison P Mitch Bratt SS Zach Neto,,,
1296,5215686584,woodreb5 (12/20),0,88.2,1B Jonathan Aranda 2B Vaughn Grissom 3B Junior Caminero C Liam Hicks OF Lars Nootbaar OF Zack Gelof OF Chandler Simpson P Hunter Brown P Ryan Johnson SS Zach Neto,,,
1299,5215649525,richgee21,0,88.149994,1B Tim Tawa 2B Richie Palacios 3B Nolan Arenado C Gabriel Moreno OF Corbin Carroll OF Luis Lara OF Ryan Waldschmidt P Hunter Brown P Kyle Harrison SS Mookie Betts,,,
1300,5215121871,thundrenterprises (15/20),0,88.05,1B Jonathan Aranda 2B Tommy Edman 3B Junior Caminero C Liam Hicks OF Brandon Nimmo OF Victor Mesa Jr. OF Chandler Simpson P Cody Bradford P Mitch Bratt SS Corey Seager,,,
1301,5215381383,FunkyKong (5/20),0,88,1B Jonathan Aranda 2B Ketel Marte 3B Nolan Arenado C Salvador Perez OF Lars Nootbaar OF Lawrence Butler OF Corbin Carroll P Cody Bradford P Hunter Brown SS Jacob Wilson,,,
1301,5215512851,TwoHearted (12/20),0,88,1B Joc Pederson 2B Richie Palacios 3B Yandy Diaz C James McCann OF Brandon Nimmo OF Corbin Carroll OF Wyatt Langford P Cody Bradford P Hunter Brown SS Corey Seager,,,
1303,5215177095,SpeedRacer101 (17/20),0,87.95,1B Joc Pederson 2B Michael Massey 3B Nick Loftin C Salvador Perez OF Shohei Ohtani OF Andy Pages OF Jac Caglianone P Hunter Brown P Mitch Bratt SS Bobby Witt Jr.,,,
1303,5215674458,lefty4488 (14/15),0,87.95,1B Joc Pederson 2B Ketel Marte 3B Nolan Arenado C Gabriel Moreno OF Lars Nootbaar OF Corbin Carroll OF Wyatt Langford P Hunter Brown P Mitch Bratt SS Corey Seager,,,
1303,5215706245,sboynton10,0,87.95,1B Joc Pederson 2B Ketel Marte 3B Nolan Arenado C Gabriel Moreno OF Lars Nootbaar OF Corbin Carroll OF Wyatt Langford P Hunter Brown P Mitch Bratt SS Corey Seager,,,
1303,5215718325,Awalker3081 (2/20),0,87.95,1B Jonathan Aranda 2B Richie Palacios 3B Junior Caminero C Liam Hicks OF Brandon Nimmo OF Evan Carter OF Wyatt Langford P Hunter Brown P Mitch Bratt SS Zach Neto,,,
1307,5215123059,jah_586 (11/20),0,87.85,1B Freddie Freeman 2B Oswald Peraza 3B Max Muncy C Ben Rortvedt OF Shohei Ohtani OF Andy Pages OF Chandler Simpson P Blake Snell P Ryan Johnson SS Zach Neto,,,
1308,5215661403,souge369 (3/4),0,87.799995,1B Freddie Freeman 2B Tommy Edman 3B Kyle Karros C Salvador Perez OF Garrett Mitchell OF Jihwan Bae OF Andy Pages P Blake Snell P Kyle Harrison SS Mookie Betts,,,
1309,5215243889,sellard (1/3),0,87.7,1B Jonathan Aranda 2B Brice Turang 3B Yandy Diaz C Liam Hicks OF Brandon Nimmo OF Cedric Mullins OF Chandler Simpson P Nick Martinez P Ryan Johnson SS Corey Seager,,,
1310,5215045718,FoxyGrandpa252 (20/20),0,87.65,1B Jake Bauers 2B Brice Turang 3B Max Muncy C William Contreras OF Luis Rengifo OF Jihwan Bae OF Luis Lara P Blake Snell P Cody Bradford SS Corey Seager,,,
1310,5215029970,az350z (18/20),0,87.649994,1B Ildemaro Vargas 2B Jose Altuve 3B Zack Gelof C Jonah Heim OF Carlos Cortes OF Lawrence Butler OF Corbin Carroll P Blake Snell P Cody Bradford SS Jacob Wilson,,,
1310,5215685032,meyers2305 (10/20),0,87.649994,1B Joc Pederson 2B Jeff McNeil 3B Junior Caminero C Gabriel Moreno OF Jake McCarthy OF Lars Nootbaar OF Zack Gelof P Blake Snell P Cody Bradford SS Corey Seager,,,
1313,5214885241,rajonrondough,0,87.6,1B Jonathan Aranda 2B Jeff McNeil 3B Junior Caminero C Austin Wynns OF Shohei Ohtani OF Lars Nootbaar OF Corbin Carroll P Blake Snell P Mitch Bratt SS Corey Seager,,,
1313,5215185413,HairyBacks (4/20),0,87.6,1B Shohei Ohtani 2B Ketel Marte 3B Ezequiel Duran C Austin Wynns OF Mike Trout OF Brandon Nimmo OF Wyatt Langford P Blake Snell P Mitch Bratt SS Corey Seager,,,
1313,5215212755,SilversurferVII (8/20),0,87.6,1B Jonathan Aranda 2B Jeff McNeil 3B Junior Caminero C Liam Hicks OF Cedric Mullins OF Daulton Varsho OF Chandler Simpson P Blake Snell P Mitch Bratt SS Corey Seager,,,
1313,5215431755,Anthonykorobellis (8/20),0,87.6,1B Jonathan Aranda 2B Jeff McNeil 3B Junior Caminero C Austin Wynns OF Shohei Ohtani OF Lars Nootbaar OF Corbin Carroll P Blake Snell P Mitch Bratt SS Corey Seager,,,
1317,5214866658,Sammy.Boy (8/20),0,87.55,1B Jeff McNeil 2B Oswald Peraza 3B Willi Castro C Hunter Goodman OF Jake McCarthy OF Jordan Beck OF Cole Carrigg P Blake Snell P Hunter Brown SS Zach Neto,,,
1317,5214987577,apforadori (1/3),0,87.549995,1B Jeff McNeil 2B Ketel Marte 3B Isaac Paredes C Gabriel Moreno OF Brandon Nimmo OF Cam Smith OF Chandler Simpson P Blake Snell P Hunter Brown SS Corey Seager,,,
1317,5215158366,73pd2x (16/20),0,87.549995,1B Christian Walker 2B Tommy Edman 3B Zack Gelof C Ben Rortvedt OF Shohei Ohtani OF Alex Call OF Daulton Varsho P Blake Snell P Hunter Brown SS Mookie Betts,,,
1317,5215215685,mertqq40 (1/5),0,87.549995,1B Jake Burger 2B Tommy Edman 3B Max Muncy C Austin Wynns OF Brandon Nimmo OF Evan Carter OF Wyatt Langford P Blake Snell P Hunter Brown SS Mookie Betts,,,
1317,5215346444,LOCNOTM (16/20),0,87.549995,1B Joc Pederson 2B Tommy Edman 3B Nolan Arenado C Austin Wynns OF Brandon Nimmo OF Andy Pages OF Wyatt Langford P Blake Snell P Hunter Brown SS Corey Seager,,,
1317,5215416170,UniversalFriend (15/20),0,87.549995,1B Joc Pederson 2B Ketel Marte 3B Ezequiel Duran C Moises Ballesteros OF Brandon Nimmo OF Lars Nootbaar OF Wyatt Langford P Blake Snell P Hunter Brown SS Corey Seager,,,
1317,5215431765,Anthonykorobellis (18/20),0,87.549995,1B Joc Pederson 2B Ketel Marte 3B Connor Norby C Gabriel Moreno OF Brandon Nimmo OF Evan Carter OF Wyatt Langford P Blake Snell P Hunter Brown SS Corey Seager,,,
1317,5215513967,andymartin5586 (3/20),0,87.549995,1B Joc Pederson 2B Ketel Marte 3B Ezequiel Duran C James McCann OF Brandon Nimmo OF Lars Nootbaar OF Wyatt Langford P Blake Snell P Hunter Brown SS Corey Seager,,,
1317,5215513984,andymartin5586 (20/20),0,87.549995,1B Joc Pederson 2B Ketel Marte 3B Ezequiel Duran C James McCann OF Brandon Nimmo OF Lars Nootbaar OF Evan Carter P Blake Snell P Hunter Brown SS Corey Seager,,,
1317,5215664385,Albino_Zebra (1/20),0,87.549995,1B Jonathan Aranda 2B Nicky Lopez 3B Yandy Diaz C Austin Wynns OF Brandon Nimmo OF Victor Mesa Jr. OF Wyatt Langford P Blake Snell P Hunter Brown SS Corey Seager,,,
1317,5215664400,Albino_Zebra (16/20),0,87.549995,1B Joc Pederson 2B Jeff McNeil 3B Ezequiel Duran C Austin Wynns OF Zack Gelof OF Corbin Carroll OF Wyatt Langford P Blake Snell P Hunter Brown SS Corey Seager,,,
1328,5215370177,brockstar5 (4/20),0,87.5,1B Freddie Freeman 2B Michael Massey 3B Max Muncy C Salvador Perez OF Shohei Ohtani OF Kyle Tucker OF Jordan Beck P Nick Martinez P Cody Bradford SS Mookie Betts,,,
1328,5215370191,brockstar5 (18/20),0,87.5,1B Freddie Freeman 2B Michael Massey 3B Max Muncy C Salvador Perez OF Shohei Ohtani OF Kyle Tucker OF Jordan Beck P Nick Martinez P Cody Bradford SS Mookie Betts,,,
1328,5215429096,mauka95 (3/4),0,87.5,1B Jake Bauers 2B Brice Turang 3B Willi Castro C William Contreras OF Cedric Mullins OF Garrett Mitchell OF Chandler Simpson P Nick Martinez P Cody Bradford SS Taylor Walls,,,
1331,5215208398,blazer1sd,0,87.45,1B Rafael Devers 2B Ketel Marte 3B Ezequiel Duran C Gabriel Moreno OF Jake McCarthy OF Corbin Carroll OF Cole Carrigg P Walker Buehler P Cody Bradford SS Corey Seager,,,
1331,5215334041,civillobo (5/5),0,87.45,1B Yandy Diaz 2B Jeff McNeil 3B Junior Caminero C Ben Rortvedt OF Teoscar Hernandez OF Shohei Ohtani OF Kyle Tucker P Kyle Harrison P Ryan Johnson SS Mookie Betts,,,
1331,5215384712,lttlsht (6/20),0,87.45,1B Christian Walker 2B Jose Altuve 3B Yandy Diaz C Liam Hicks OF Cedric Mullins OF Victor Mesa Jr. OF Chandler Simpson P Walker Buehler P Cody Bradford SS Jacob Wilson,,,
1331,5215696173,ideagirl13 (4/4),0,87.45,1B Jonathan Aranda 2B Ketel Marte 3B Isaac Paredes C Liam Hicks OF Christian Yelich OF Lars Nootbaar OF Chandler Simpson P Nick Martinez P Mitch Bratt SS Bobby Witt Jr.,,,
1335,5215158362,73pd2x (12/20),0,87.350006,1B Christian Walker 2B Jose Altuve 3B Kyle Karros C Hunter Goodman OF Yordan Alvarez OF Cam Smith OF Cole Carrigg P Walker Buehler P Hunter Brown SS Ezequiel Tovar,,,
1335,5215702842,APot30 (12/20),0,87.350006,1B Joc Pederson 2B Ketel Marte 3B Nolan Arenado C Gabriel Moreno OF Jake McCarthy OF Lars Nootbaar OF Corbin Carroll P Michael Wacha P Cody Bradford SS Corey Seager,,,
1335,5215661250,Mige1 (6/20),0,87.35,1B Jonathan Aranda 2B Richie Palacios 3B Zack Gelof C Liam Hicks OF Jake McCarthy OF Victor Mesa Jr. OF Chandler Simpson P Walker Buehler P Hunter Brown SS Jacob Wilson,,,
1338,5215345738,clathren (12/20),0,87.3,1B Jonathan Aranda 2B Brice Turang 3B Yandy Diaz C James McCann OF Lars Nootbaar OF Corbin Carroll OF Wyatt Langford P Michael Wacha P Mitch Bratt SS Zach Neto,,,
1339,5215014267,Reboot78 (17/20),0,87.25,1B Jake Burger 2B Brice Turang 3B Junior Caminero C Austin Wynns OF Brandon Nimmo OF Victor Mesa Jr. OF Wyatt Langford P Cody Bradford P Kyle Harrison SS Taylor Walls,,,
1339,5215045712,FoxyGrandpa252 (14/20),0,87.25,1B Jake Bauers 2B Brice Turang 3B Junior Caminero C Salvador Perez OF Garrett Mitchell OF Jackson Chourio OF Luis Lara P Mitch Bratt P Ryan Johnson SS Bobby Witt Jr.,,,
1339,5215052101,SeanDre (18/20),0,87.25,1B Yandy Diaz 2B Richie Palacios 3B Junior Caminero C Yainer Diaz OF Cedric Mullins OF Victor Bericoto OF Cam Smith P Cody Bradford P Kyle Harrison SS Taylor Walls,,,
1339,5215117897,Dominator-Seguin (7/20),0,87.25,1B Jake Burger 2B Nicky Lopez 3B Junior Caminero C Liam Hicks OF Brandon Nimmo OF Evan Carter OF Wyatt Langford P Michael Wacha P Hunter Brown SS Taylor Walls,,,
1339,5215133471,eharig09 (13/20),0,87.25,1B Tim Tawa 2B Ketel Marte 3B Nolan Arenado C Gabriel Moreno OF Lars Nootbaar OF Jac Caglianone OF Wyatt Langford P Michael Wacha P Hunter Brown SS Corey Seager,,,
1339,5215609214,JaserD (19/20),0,87.25,1B Nolan Schanuel 2B Vaughn Grissom 3B Ezequiel Duran C Liam Hicks OF Mike Trout OF Chandler Simpson OF Wade Meckler P Michael Wacha P Hunter Brown SS Zach Neto,,,
1345,5215161060,csurunnerccr (10/20),0,87.05,1B Salvador Perez 2B Ketel Marte 3B Max Muncy C Gabriel Moreno OF Kyle Tucker OF Lars Nootbaar OF Corbin Carroll P Cody Bradford P Mitch Bratt SS Bobby Witt Jr.,,,
1345,5215250300,sellard (3/3),0,87.05,1B Freddie Freeman 2B Ketel Marte 3B Max Muncy C Ben Rortvedt OF Brandon Nimmo OF Shohei Ohtani OF Corbin Carroll P Cody Bradford P Mitch Bratt SS Tyler Tolbert,,,
1345,5215697600,beckynjayd (7/20),0,87.05,1B Jonathan Aranda 2B Tommy Edman 3B Junior Caminero C Liam Hicks OF Cedric Mullins OF Kyle Tucker OF Wyatt Langford P Cody Bradford P Mitch Bratt SS Taylor Walls,,,
1348,5215317508,number1pct,0,87,1B Jac Caglianone 2B Ketel Marte 3B Willi Castro C Gabriel Moreno OF Brandon Nimmo OF Austin Hays OF Jackson Merrill P Cody Bradford P Hunter Brown SS Geraldo Perdomo,,,
1348,5215370186,brockstar5 (13/20),0,87,1B Jonathan Aranda 2B Jeff McNeil 3B Junior Caminero C Liam Hicks OF Brandon Nimmo OF Victor Mesa Jr. OF Chandler Simpson P Cody Bradford P Hunter Brown SS Ezequiel Tovar,,,
1348,5215370193,brockstar5 (20/20),0,87,1B Jonathan Aranda 2B Jeff McNeil 3B Junior Caminero C Liam Hicks OF Brandon Nimmo OF Victor Mesa Jr. OF Chandler Simpson P Cody Bradford P Hunter Brown SS Ezequiel Tovar,,,
1348,5215648123,Hoily (13/20),0,87,1B Jonathan Aranda 2B Jeff McNeil 3B Junior Caminero C Liam Hicks OF Brandon Nimmo OF Victor Mesa Jr. OF Chandler Simpson P Cody Bradford P Hunter Brown SS Ezequiel Tovar,,,
1348,5215648124,Hoily (14/20),0,87,1B Jonathan Aranda 2B Jeff McNeil 3B Junior Caminero C Liam Hicks OF Brandon Nimmo OF Victor Mesa Jr. OF Chandler Simpson P Cody Bradford P Hunter Brown SS Ezequiel Tovar,,,
1348,5215648125,Hoily (15/20),0,87,1B Jonathan Aranda 2B Jeff McNeil 3B Junior Caminero C Liam Hicks OF Brandon Nimmo OF Victor Mesa Jr. OF Chandler Simpson P Cody Bradford P Hunter Brown SS Ezequiel Tovar,,,
1348,5215648126,Hoily (16/20),0,87,1B Jonathan Aranda 2B Jeff McNeil 3B Junior Caminero C Liam Hicks OF Brandon Nimmo OF Victor Mesa Jr. OF Chandler Simpson P Cody Bradford P Hunter Brown SS Ezequiel Tovar,,,
1348,5215664394,Albino_Zebra (10/20),0,87,1B Salvador Perez 2B Ketel Marte 3B Nick Loftin C Gabriel Moreno OF Lars Nootbaar OF Corbin Carroll OF Tim Tawa P Cody Bradford P Hunter Brown SS Bobby Witt Jr.,,,
1348,5215708968,lilmaryy (6/10),0,87,1B Joc Pederson 2B Jose Altuve 3B Isaac Paredes C Yainer Diaz OF Jose Siri OF Yordan Alvarez OF Wyatt Langford P Blake Snell P Walker Buehler SS Jeremy Pena,,,
1357,5215038645,aquafinatim (17/20),0,86.95,1B Joc Pederson 2B Richie Palacios 3B Yandy Diaz C Liam Hicks OF Cedric Mullins OF Chandler Simpson OF Wyatt Langford P Hunter Brown P Mitch Bratt SS Corey Seager,,,
1357,5215413761,Darkmen715 (6/20),0,86.95,1B Jonathan Aranda 2B Ketel Marte 3B Yandy Diaz C Gabriel Moreno OF Christian Yelich OF Brandon Nimmo OF Tim Tawa P Hunter Brown P Mitch Bratt SS Corey Seager,,,
1357,5215585739,scohen21 (3/20),0,86.95,1B Jonathan Aranda 2B Richie Palacios 3B Yandy Diaz C Austin Wynns OF Shohei Ohtani OF Victor Mesa Jr. OF Chandler Simpson P Hunter Brown P Mitch Bratt SS Corey Seager,,,
1357,5215632580,Emac (12/20),0,86.95,1B Joc Pederson 2B Ketel Marte 3B Nolan Arenado C James McCann OF Shohei Ohtani OF Corbin Carroll OF Evan Carter P Hunter Brown P Mitch Bratt SS Corey Seager,,,
1361,5215651663,colbyhornet (4/20),0,86.9,1B Joc Pederson 2B Oswald Peraza 3B Ezequiel Duran C Hunter Goodman OF Brandon Nimmo OF Jake McCarthy OF Wyatt Langford P Blake Snell P Michael Wacha SS Corey Seager,,,
1361,5215651677,colbyhornet (18/20),0,86.899994,1B Jake Burger 2B Jeff McNeil 3B Zack Gelof C Jonah Heim OF Brandon Nimmo OF Yordan Alvarez OF Lawrence Butler P Blake Snell P Michael Wacha SS Jacob Wilson,,,
1363,5215044003,whoisjohngalt420 (2/20),0,86.85,1B Jonathan Aranda 2B Jose Altuve 3B Junior Caminero C Liam Hicks OF Cedric Mullins OF Victor Bericoto OF Chandler Simpson P Blake Snell P Ryan Johnson SS Jacob Wilson,,,
1364,5215207482,Elwaysarmy (19/20),0,86.8,1B Bryce Eldridge 2B Osleivis Basabe 3B Christian Koss C Hunter Goodman OF Shohei Ohtani OF Victor Bericoto OF Cole Carrigg P Blake Snell P Kyle Harrison SS Willy Adames,,,
1365,5215177079,SpeedRacer101 (1/20),0,86.65,1B Jonathan Aranda 2B Ketel Marte 3B Junior Caminero C Austin Wynns OF Brandon Nimmo OF Evan Carter OF Wyatt Langford P Blake Snell P Cody Bradford SS Corey Seager,,,
1365,5215372217,tybry85 (13/20),0,86.65,1B Jonathan Aranda 2B Ketel Marte 3B Junior Caminero C Austin Wynns OF Brandon Nimmo OF Evan Carter OF Wyatt Langford P Blake Snell P Cody Bradford SS Corey Seager,,,
1365,5215650747,29gonepro,0,86.65,1B Rafael Devers 2B Jeff McNeil 3B Nolan Arenado C William Contreras OF Brandon Nimmo OF Shohei Ohtani OF Daulton Varsho P Blake Snell P Cody Bradford SS Willy Adames,,,
1365,5215651691,knox314 (7/20),0,86.65,1B Liam Hicks 2B Ildemaro Vargas 3B Nolan Arenado C James McCann OF Shohei Ohtani OF Andy Pages OF Ryan Waldschmidt P Blake Snell P Cody Bradford SS Mookie Betts,,,
1365,5215700154,cptnspaulding (17/20),0,86.65,1B Jonathan Aranda 2B Ketel Marte 3B Junior Caminero C Austin Wynns OF Brandon Nimmo OF Evan Carter OF Wyatt Langford P Blake Snell P Cody Bradford SS Corey Seager,,,
1370,5215113508,milligolf (11/20),0,86.6,1B Shohei Ohtani 2B Oswald Peraza 3B Max Muncy C Moises Ballesteros OF Mike Trout OF Andy Pages OF Ryan Waldschmidt P Blake Snell P Mitch Bratt SS Zach Neto,,,
1370,5215116877,Ctracefan (18/20),0,86.6,1B Freddie Freeman 2B Jeff McNeil 3B Max Muncy C Austin Wynns OF Shohei Ohtani OF Kyle Tucker OF Victor Mesa Jr. P Blake Snell P Mitch Bratt SS Corey Seager,,,
1370,5215179245,chuckyc1010 (1/2),0,86.6,1B Yandy Diaz 2B Brice Turang 3B Ezequiel Duran C Austin Wynns OF Brandon Nimmo OF Jackson Chourio OF Wyatt Langford P Blake Snell P Mitch Bratt SS Corey Seager,,,
1373,5215123062,jah_586 (14/20),0,86.55,1B Connor Norby 2B Willi Castro 3B Kyle Karros C Hunter Goodman OF Lars Nootbaar OF Corbin Carroll OF Jordan Beck P Blake Snell P Hunter Brown SS Corey Seager,,,
1373,5215039603,Satch65 (12/20),0,86.549995,1B Joc Pederson 2B Jose Altuve 3B Ezequiel Duran C Ben Rortvedt OF Brandon Nimmo OF Corbin Carroll OF Evan Carter P Blake Snell P Hunter Brown SS Corey Seager,,,
1373,5215214849,AbeyBaby88 (7/20),0,86.549995,1B Jeff McNeil 2B Ketel Marte 3B Nolan Arenado C James McCann OF Kyle Tucker OF Lars Nootbaar OF Corbin Carroll P Blake Snell P Hunter Brown SS Corey Seager,,,
1373,5215251225,Wanna_Square_Up1567 (16/20),0,86.549995,1B Christian Walker 2B Jose Altuve 3B Isaac Paredes C Yainer Diaz OF Daulton Varsho OF Andy Pages OF Henry Bolte P Blake Snell P Hunter Brown SS Mookie Betts,,,
1373,5215383667,Fluffhead017 (14/20),0,86.549995,1B Jonathan Aranda 2B Ketel Marte 3B Nolan Arenado C James McCann OF Lars Nootbaar OF Corbin Carroll OF Jordan Beck P Blake Snell P Hunter Brown SS Corey Seager,,,
1373,5215631926,fukkoff,0,86.549995,1B Joc Pederson 2B Jeff McNeil 3B Nolan Arenado C Gabriel Moreno OF Brandon Nimmo OF Kyle Tucker OF Wyatt Langford P Blake Snell P Hunter Brown SS Corey Seager,,,
1373,5215674406,dillmaak2022 (7/20),0,86.549995,1B Jeff McNeil 2B Ketel Marte 3B Nolan Arenado C James McCann OF Kyle Tucker OF Lars Nootbaar OF Corbin Carroll P Blake Snell P Hunter Brown SS Corey Seager,,,
1373,5215678498,minfan77 (8/20),0,86.549995,1B Jake Burger 2B Richie Palacios 3B Yandy Diaz C Austin Wynns OF Brandon Nimmo OF Evan Carter OF Chandler Simpson P Blake Snell P Hunter Brown SS Corey Seager,,,
1381,5215632574,Emac (6/20),0,86.5,1B Joc Pederson 2B Vaughn Grissom 3B Yandy Diaz C Tyler Heineman OF Mike Trout OF Brandon Nimmo OF Wyatt Langford P Michael Wacha P Kyle Harrison SS Zach Neto,,,
1382,5215662565,Hide1away,0,86.4,1B Liam Hicks 2B Jose Altuve 3B Junior Caminero C Yainer Diaz OF Cedric Mullins OF Victor Mesa Jr. OF Jordan Beck P Nick Martinez P Hunter Brown SS Nicky Lopez,,,
1382,5215718377,JaysonHill,0,86.4,1B Joc Pederson 2B Brice Turang 3B Isaac Paredes C Austin Wynns OF Christian Yelich OF Kyle Tucker OF Corbin Carroll P Nick Martinez P Hunter Brown SS Corey Seager,,,
1384,5215161067,csurunnerccr (17/20),0,86.25,1B Freddie Freeman 2B Ketel Marte 3B Max Muncy C James McCann OF Shohei Ohtani OF Kyle Tucker OF Andy Pages P Mitch Bratt P Ryan Johnson SS Zach Neto,,,
1384,5215195091,jsamtoy (17/20),0,86.25,1B Tim Tawa 2B Ketel Marte 3B Nolan Arenado C Hunter Goodman OF Lars Nootbaar OF Corbin Carroll OF Cole Carrigg P Cody Bradford P Kyle Harrison SS Ezequiel Tovar,,,
1386,5215581755,amuch,0,86.05,1B Jonathan Aranda 2B Jeff McNeil 3B Yandy Diaz C Liam Hicks OF Victor Mesa Jr. OF Corbin Carroll OF Jackson Chourio P Cody Bradford P Mitch Bratt SS Corey Seager,,,
1387,5215384932,zsmittty223 (5/20),0,86,1B Ty France 2B Ketel Marte 3B Nolan Arenado C Gabriel Moreno OF Lars Nootbaar OF Corbin Carroll OF Jackson Merrill P Cody Bradford P Hunter Brown SS Ezequiel Tovar,,,
1388,5215318707,mrclean913 (18/20),0,85.95,1B Ty France 2B Ketel Marte 3B Nolan Arenado C Gabriel Moreno OF Lars Nootbaar OF Zack Gelof OF Corbin Carroll P Hunter Brown P Mitch Bratt SS Jacob Wilson,,,
1388,5215585752,scohen21 (16/20),0,85.95,1B Jonathan Aranda 2B Richie Palacios 3B Junior Caminero C Salvador Perez OF Corbin Carroll OF Evan Carter OF Chandler Simpson P Hunter Brown P Mitch Bratt SS Corey Seager,,,
1388,5215642999,bassguy39 (9/15),0,85.95,1B Jonathan Aranda 2B Nicky Lopez 3B Junior Caminero C Liam Hicks OF Brandon Nimmo OF Victor Mesa Jr. OF Chandler Simpson P Hunter Brown P Mitch Bratt SS Corey Seager,,,
1388,5215643469,cmalas (14/20),0,85.95,1B Jonathan Aranda 2B Vaughn Grissom 3B Junior Caminero C Moises Ballesteros OF Mike Trout OF Jose Siri OF Chandler Simpson P Hunter Brown P Mitch Bratt SS Zach Neto,,,
1392,5215070294,LTskelter (11/20),0,85.85,1B Freddie Freeman 2B Tommy Edman 3B Zack Gelof C Hunter Goodman OF Shohei Ohtani OF Kyle Tucker OF Jake McCarthy P Tomoyuki Sugano P Carson Whisenhunt SS Mookie Betts,,,
1393,5215106744,rsumrall (8/20),0,85.65,1B Jonathan Aranda 2B Ketel Marte 3B Ezequiel Duran C Austin Wynns OF Brandon Nimmo OF Corbin Carroll OF Wyatt Langford P Blake Snell P Cody Bradford SS Corey Seager,,,
1393,5215044058,kcroyalfan (16/20),0,85.649994,1B Jake Bauers 2B Ildemaro Vargas 3B Kyle Karros C Gabriel Moreno OF Garrett Mitchell OF Cam Smith OF Chandler Simpson P Blake Snell P Cody Bradford SS Bobby Witt Jr.,,,
1393,5215045705,FoxyGrandpa252 (7/20),0,85.649994,1B Connor Norby 2B Willi Castro 3B Kyle Karros C James McCann OF Mickey Moniak OF Corbin Carroll OF Cole Carrigg P Blake Snell P Cody Bradford SS Jeremy Pena,,,
1393,5215116869,Ctracefan (10/20),0,85.649994,1B Jonathan Aranda 2B Nicky Lopez 3B Yandy Diaz C James McCann OF Jake Bauers OF Victor Mesa Jr. OF Chandler Simpson P Blake Snell P Cody Bradford SS Corey Seager,,,
1393,5215167781,spabhook,0,85.649994,1B Freddie Freeman 2B Brice Turang 3B Vaughn Grissom C Gabriel Moreno OF Kyle Tucker OF Taylor Trammell OF Tim Tawa P Nick Martinez P Kyle Harrison SS Taylor Walls,,,
1398,5214966596,hatdaddy (10/20),0,85.6,1B Joc Pederson 2B Tommy Edman 3B Max Muncy C Austin Wynns OF Shohei Ohtani OF Kyle Tucker OF Wyatt Langford P Blake Snell P Mitch Bratt SS Corey Seager,,,
1398,5215106739,rsumrall (3/20),0,85.6,1B Christian Walker 2B Jose Altuve 3B Isaac Paredes C Yainer Diaz OF Mike Trout OF Yordan Alvarez OF Victor Bericoto P Blake Snell P Mitch Bratt SS Zach Neto,,,
1398,5215346446,LOCNOTM (18/20),0,85.6,1B Jake Burger 2B Nicky Lopez 3B Junior Caminero C Liam Hicks OF Brandon Nimmo OF Chandler Simpson OF Wyatt Langford P Blake Snell P Mitch Bratt SS Corey Seager,,,
1398,5215381387,FunkyKong (9/20),0,85.6,1B Rafael Devers 2B Ketel Marte 3B Max Muncy C Gabriel Moreno OF Yordan Alvarez OF Jung Hoo Lee OF Victor Bericoto P Blake Snell P Mitch Bratt SS Corey Seager,,,
1402,5214966593,hatdaddy (7/20),0,85.55,1B Jonathan Aranda 2B Willi Castro 3B Kyle Karros C Liam Hicks OF Jake McCarthy OF Lars Nootbaar OF Jordan Beck P Blake Snell P Hunter Brown SS Zach Neto,,,
1402,5214966588,hatdaddy (2/20),0,85.549995,1B Shohei Ohtani 2B Jeff McNeil 3B Max Muncy C James McCann OF Lars Nootbaar OF Jihwan Bae OF Andy Pages P Blake Snell P Hunter Brown SS Mookie Betts,,,
1402,5215039595,Satch65 (4/20),0,85.549995,1B Joc Pederson 2B Ketel Marte 3B Nolan Arenado C James McCann OF Lars Nootbaar OF Evan Carter OF Wyatt Langford P Blake Snell P Hunter Brown SS Corey Seager,,,
1402,5215161070,csurunnerccr (20/20),0,85.549995,1B Joc Pederson 2B Oswald Peraza 3B Junior Caminero C James McCann OF Brandon Nimmo OF Jose Siri OF Wyatt Langford P Blake Snell P Hunter Brown SS Corey Seager,,,
1402,5215163728,Bridgeh201 (1/3),0,85.549995,1B Jonathan Aranda 2B Jeff McNeil 3B Yandy Diaz C Austin Wynns OF Brandon Nimmo OF Lars Nootbaar OF Corbin Carroll P Blake Snell P Hunter Brown SS Corey Seager,,,
1402,5215331988,jeffylube (8/20),0,85.549995,1B Jonathan Aranda 2B Jeff McNeil 3B Zack Gelof C Liam Hicks OF Cedric Mullins OF Lawrence Butler OF Henry Bolte P Blake Snell P Hunter Brown SS Willy Adames,,,
1402,5215383661,Fluffhead017 (8/20),0,85.549995,1B Jonathan Aranda 2B Richie Palacios 3B Yandy Diaz C Austin Wynns OF Cedric Mullins OF Jordan Beck OF Chandler Simpson P Blake Snell P Hunter Brown SS Corey Seager,,,
1402,5215657514,BuckeyeCity (15/20),0,85.549995,1B Jake Bauers 2B Brice Turang 3B Tommy White C James McCann OF Garrett Mitchell OF Jihwan Bae OF Jackson Chourio P Blake Snell P Hunter Brown SS Taylor Walls,,,
1402,5215707049,rsciero (4/5),0,85.549995,1B Jeff McNeil 2B Ketel Marte 3B Isaac Paredes C Gabriel Moreno OF Lars Nootbaar OF Corbin Carroll OF Jordan Beck P Blake Snell P Hunter Brown SS Corey Seager,,,
1411,5215014508,goofybh207 (2/3),0,85.5,1B Jonathan Aranda 2B Ketel Marte 3B Junior Caminero C Gabriel Moreno OF Brandon Nimmo OF Lars Nootbaar OF Corbin Carroll P Cody Bradford P Carson Whisenhunt SS Corey Seager,,,
1411,5215321361,thinman2001 (1/2),0,85.5,1B Jonathan Aranda 2B Richie Palacios 3B Yandy Diaz C Liam Hicks OF Brandon Nimmo OF Chandler Simpson OF Wyatt Langford P Nick Martinez P Cody Bradford SS Corey Seager,,,
1411,5215609200,JaserD (5/20),0,85.5,1B Joc Pederson 2B Ketel Marte 3B Nolan Arenado C James McCann OF Corbin Carroll OF Tim Tawa OF Wyatt Langford P Michael Wacha P Kyle Harrison SS Corey Seager,,,
1411,5215688114,DcSports89 (1/3),0,85.5,1B Jonathan Aranda 2B Richie Palacios 3B Yandy Diaz C Liam Hicks OF Brandon Nimmo OF Chandler Simpson OF Wyatt Langford P Nick Martinez P Cody Bradford SS Corey Seager,,,
1415,5215360019,cachedinar (4/20),0,85.45,1B Jonathan Aranda 2B Ketel Marte 3B Yandy Diaz C Gabriel Moreno OF Cedric Mullins OF Lars Nootbaar OF Chandler Simpson P Kyle Harrison P Ryan Johnson SS Taylor Walls,,,
1416,5214998968,okelly36 (1/3),0,85.4,1B Joc Pederson 2B Michael Massey 3B Nick Loftin C Salvador Perez OF Brandon Nimmo OF Corbin Carroll OF Wyatt Langford P Nick Martinez P Hunter Brown SS Corey Seager,,,
1416,5215718800,Bonfire_Villa8 (2/2),0,85.4,1B Liam Hicks 2B Ildemaro Vargas 3B Ezequiel Duran C Hunter Goodman OF Shohei Ohtani OF Kyle Isbel OF Ryan Waldschmidt P Nick Martinez P Hunter Brown SS Taylor Walls,,,
1418,5215029961,az350z (9/20),0,85.35,1B Tim Tawa 2B Michael Massey 3B Nick Loftin C Carter Jensen OF Lars Nootbaar OF Corbin Carroll OF Jac Caglianone P Michael Wacha P Cody Bradford SS Bobby Witt Jr.,,,
1419,5215624169,jballagh (6/20),0,85.3,1B Ty France 2B Ketel Marte 3B Nolan Arenado C James McCann OF Yordan Alvarez OF Lars Nootbaar OF Corbin Carroll P Michael Wacha P Mitch Bratt SS Jeremy Pena,,,
1420,5215487708,mlief (9/20),0,85.25,1B Shohei Ohtani 2B Ketel Marte 3B Max Muncy C Gabriel Moreno OF Lars Nootbaar OF Corbin Carroll OF Ryan Waldschmidt P Mitch Bratt P Ryan Johnson SS Bobby Witt Jr.,,,
1421,5215318695,mrclean913 (6/20),0,85.2,1B Nolan Schanuel 2B Ketel Marte 3B Nolan Arenado C Gabriel Moreno OF Mike Trout OF Lars Nootbaar OF Corbin Carroll P Kyle Harrison P Mitch Bratt SS Zach Neto,,,
1422,5215405839,TigerLoose,0,85.149994,1B Joc Pederson 2B Jose Altuve 3B Ezequiel Duran C James McCann OF Brandon Nimmo OF Kyle Tucker OF Victor Mesa Jr. P Hunter Brown P Kyle Harrison SS Mookie Betts,,,
1423,5215657519,BuckeyeCity (20/20),0,85.05,1B Jonathan Aranda 2B Richie Palacios 3B Junior Caminero C Liam Hicks OF Zack Gelof OF Evan Carter OF Chandler Simpson P Cody Bradford P Mitch Bratt SS Bobby Witt Jr.,,,
1423,5215669532,SkyU27 (6/10),0,85.05,1B Yandy Diaz 2B Jeff McNeil 3B Junior Caminero C Liam Hicks OF Brandon Nimmo OF Cedric Mullins OF Chandler Simpson P Cody Bradford P Mitch Bratt SS Corey Seager,,,
1425,5215012976,Papia27,0,85,1B Joc Pederson 2B Willi Castro 3B Kyle Karros C Hunter Goodman OF Brandon Nimmo OF Jake McCarthy OF Cole Carrigg P Cody Bradford P Hunter Brown SS Corey Seager,,,
1425,5215264788,cwthrow24 (9/20),0,85,1B Christian Walker 2B Jose Altuve 3B Nick Loftin C Liam Hicks OF Cedric Mullins OF Victor Mesa Jr. OF Chandler Simpson P Cody Bradford P Hunter Brown SS Taylor Walls,,,
1425,5215669535,SkyU27 (9/10),0,85,1B Joc Pederson 2B Willi Castro 3B Kyle Karros C Hunter Goodman OF Brandon Nimmo OF Jake McCarthy OF Cole Carrigg P Cody Bradford P Hunter Brown SS Corey Seager,,,
1425,5215670087,camdoc3,0,85,1B Jake Bauers 2B Richie Palacios 3B Junior Caminero C Liam Hicks OF Garrett Mitchell OF Tim Tawa OF Chandler Simpson P Cody Bradford P Hunter Brown SS Nicky Lopez,,,
1425,5215682892,Johnny5.716,0,85,1B Shohei Ohtani 2B Willi Castro 3B Yandy Diaz C William Contreras OF Mickey Moniak OF Kyle Isbel OF Andy Pages P Blake Snell P Tomoyuki Sugano SS Ezequiel Tovar,,,
1425,5215695987,Rhettahrens,0,85,1B Yandy Diaz 2B Richie Palacios 3B Willi Castro C Gabriel Moreno OF Brandon Nimmo OF Jake McCarthy OF Ryan Waldschmidt P Cody Bradford P Hunter Brown SS Mookie Betts,,,
1425,5215717613,Mrkvs (8/12),0,85,1B Joc Pederson 2B Brice Turang 3B Junior Caminero C Austin Wynns OF Victor Mesa Jr. OF Evan Carter OF Wyatt Langford P Cody Bradford P Hunter Brown SS Corey Seager,,,
1432,5215029954,az350z (2/20),0,84.95,1B Jeff McNeil 2B Donovan Walton 3B Yandy Diaz C Liam Hicks OF Yordan Alvarez OF Lawrence Butler OF Zack Gelof P Hunter Brown P Mitch Bratt SS Jacob Wilson,,,
1432,5215117910,Dominator-Seguin (20/20),0,84.95,1B Shohei Ohtani 2B Jeff McNeil 3B Manny Machado C Ben Rortvedt OF Alex Call OF Yordan Alvarez OF Andy Pages P Hunter Brown P Mitch Bratt SS Mookie Betts,,,
1432,5215123058,jah_586 (10/20),0,84.95,1B Freddie Freeman 2B Jeff McNeil 3B Junior Caminero C Ben Rortvedt OF Shohei Ohtani OF Cedric Mullins OF Alex Call P Hunter Brown P Mitch Bratt SS Mookie Betts,,,
1432,5215646458,DigitalDreams (3/4),0,84.95,1B Ildemaro Vargas 2B Ketel Marte 3B Manny Machado C Gabriel Moreno OF Jose Siri OF Lars Nootbaar OF Corbin Carroll P Hunter Brown P Mitch Bratt SS Zach Neto,,,
1432,5215647855,KING--13 (4/10),0,84.95,1B Yandy Diaz 2B Jeff McNeil 3B Zack Gelof C Gabriel Moreno OF Lawrence Butler OF Corbin Carroll OF Henry Bolte P Hunter Brown P Mitch Bratt SS Jeremy Pena,,,
1432,5215679240,genosucks1,0,84.95,1B Joc Pederson 2B Nicky Lopez 3B Junior Caminero C Liam Hicks OF Brandon Nimmo OF Chandler Simpson OF Wyatt Langford P Hunter Brown P Mitch Bratt SS Corey Seager,,,
1438,5215631054,oldfoozer (2/2),0,84.85,1B Liam Hicks 2B Jose Altuve 3B Isaac Paredes C Carter Jensen OF Mike Trout OF Lars Nootbaar OF Corbin Carroll P Nick Martinez P Walker Buehler SS Corey Seager,,,
1438,5215651660,colbyhornet (1/20),0,84.85,1B Jeff McNeil 2B Donovan Walton 3B Junior Caminero C Jonah Heim OF Shohei Ohtani OF Andy Pages OF Henry Bolte P Blake Snell P Ryan Johnson SS Jacob Wilson,,,
1440,5215491829,wazzu24 (10/20),0,84.8,1B Tim Tawa 2B Ildemaro Vargas 3B Kyle Karros C James McCann OF Jake McCarthy OF Lars Nootbaar OF Corbin Carroll P Blake Snell P Kyle Harrison SS Zach Neto,,,
1440,5215628013,21bucs,0,84.8,1B Jake Burger 2B Nicky Lopez 3B Junior Caminero C Gabriel Moreno OF Carlos Cortes OF Lars Nootbaar OF Luis Lara P Blake Snell P Kyle Harrison SS Mookie Betts,,,
1442,5215029953,az350z (1/20),0,84.65,1B Joc Pederson 2B Willi Castro 3B Kyle Karros C Hunter Goodman OF Jake McCarthy OF Wyatt Langford OF Cole Carrigg P Kyle Harrison P Carson Whisenhunt SS Zach Neto,,,
1442,5215235866,A.Burgos930 (5/20),0,84.65,1B Jake Burger 2B Ketel Marte 3B Isaac Paredes C Gabriel Moreno OF Brandon Nimmo OF Lars Nootbaar OF Corbin Carroll P Blake Snell P Cody Bradford SS Corey Seager,,,
1442,5215331996,jeffylube (16/20),0,84.65,1B Joc Pederson 2B Jeff McNeil 3B Zack Gelof C Hunter Goodman OF Brandon Nimmo OF Jackson Chourio OF Wyatt Langford P Blake Snell P Cody Bradford SS Corey Seager,,,
1442,5215642994,bassguy39 (4/15),0,84.65,1B Jake Burger 2B Ketel Marte 3B Junior Caminero C Austin Wynns OF Brandon Nimmo OF Lars Nootbaar OF Wyatt Langford P Blake Snell P Cody Bradford SS Corey Seager,,,
1442,5215674326,FATEFELLSHORT (2/20),0,84.65,1B Joc Pederson 2B Jeff McNeil 3B Yandy Diaz C James McCann OF Shohei Ohtani OF Zack Gelof OF Wyatt Langford P Blake Snell P Cody Bradford SS Corey Seager,,,
1442,5215674335,FATEFELLSHORT (4/20),0,84.65,1B Joc Pederson 2B Jeff McNeil 3B Yandy Diaz C James McCann OF Shohei Ohtani OF Zack Gelof OF Wyatt Langford P Blake Snell P Cody Bradford SS Corey Seager,,,
1442,5215674338,FATEFELLSHORT (6/20),0,84.65,1B Joc Pederson 2B Jeff McNeil 3B Yandy Diaz C James McCann OF Shohei Ohtani OF Zack Gelof OF Wyatt Langford P Blake Snell P Cody Bradford SS Corey Seager,,,
1442,5215674350,FATEFELLSHORT (8/20),0,84.65,1B Joc Pederson 2B Jeff McNeil 3B Yandy Diaz C James McCann OF Shohei Ohtani OF Zack Gelof OF Wyatt Langford P Blake Snell P Cody Bradford SS Corey Seager,,,
1442,5215684793,FATEFELLSHORT (10/20),0,84.65,1B Joc Pederson 2B Jeff McNeil 3B Yandy Diaz C James McCann OF Shohei Ohtani OF Zack Gelof OF Wyatt Langford P Blake Snell P Cody Bradford SS Corey Seager,,,
1442,5215684796,FATEFELLSHORT (12/20),0,84.65,1B Joc Pederson 2B Jeff McNeil 3B Yandy Diaz C James McCann OF Shohei Ohtani OF Zack Gelof OF Wyatt Langford P Blake Snell P Cody Bradford SS Corey Seager,,,
1442,5215684800,FATEFELLSHORT (14/20),0,84.65,1B Joc Pederson 2B Jeff McNeil 3B Yandy Diaz C James McCann OF Shohei Ohtani OF Zack Gelof OF Wyatt Langford P Blake Snell P Cody Bradford SS Corey Seager,,,
1442,5215684803,FATEFELLSHORT (16/20),0,84.65,1B Joc Pederson 2B Jeff McNeil 3B Yandy Diaz C James McCann OF Shohei Ohtani OF Zack Gelof OF Wyatt Langford P Blake Snell P Cody Bradford SS Corey Seager,,,
1442,5215684806,FATEFELLSHORT (18/20),0,84.65,1B Joc Pederson 2B Jeff McNeil 3B Yandy Diaz C James McCann OF Shohei Ohtani OF Zack Gelof OF Wyatt Langford P Blake Snell P Cody Bradford SS Corey Seager,,,
1442,5215684810,FATEFELLSHORT (20/20),0,84.65,1B Joc Pederson 2B Jeff McNeil 3B Yandy Diaz C James McCann OF Shohei Ohtani OF Zack Gelof OF Wyatt Langford P Blake Snell P Cody Bradford SS Corey Seager,,,
1442,5214966606,hatdaddy (20/20),0,84.649994,1B Jake Burger 2B Jeff McNeil 3B Junior Caminero C Gabriel Moreno OF Brandon Nimmo OF Corbin Carroll OF Wyatt Langford P Blake Snell P Cody Bradford SS Nicky Lopez,,,
1442,5215207471,Elwaysarmy (8/20),0,84.649994,1B Freddie Freeman 2B Ketel Marte 3B Max Muncy C Moises Ballesteros OF Kyle Tucker OF Alex Call OF Corbin Carroll P Hunter Brown P Mason Barnett SS Mookie Betts,,,
1442,5215288551,HC0023 (17/20),0,84.649994,1B Joc Pederson 2B Ketel Marte 3B Ezequiel Duran C Hunter Goodman OF Mike Trout OF Evan Carter OF Wyatt Langford P Kyle Harrison P Carson Whisenhunt SS Zach Neto,,,
1442,5215713343,SICKHEMI (6/20),0,84.649994,1B Jonathan Aranda 2B Tommy Edman 3B Yandy Diaz C Liam Hicks OF Cedric Mullins OF Victor Mesa Jr. OF Evan Carter P Blake Snell P Cody Bradford SS Nicky Lopez,,,
1460,5215345736,clathren (10/20),0,84.6,1B Jonathan Aranda 2B Jose Altuve 3B Yandy Diaz C William Contreras OF Mike Trout OF Brandon Nimmo OF Lars Nootbaar P Blake Snell P Mitch Bratt SS Corey Seager,,,
1460,5215653644,wormlove3 (6/20),0,84.6,1B Jonathan Aranda 2B Brice Turang 3B Ezequiel Duran C Austin Wynns OF Brandon Nimmo OF Corbin Carroll OF Jackson Chourio P Blake Snell P Mitch Bratt SS Corey Seager,,,
1460,5215653654,wormlove3 (13/20),0,84.6,1B Jonathan Aranda 2B Brice Turang 3B Ezequiel Duran C Austin Wynns OF Brandon Nimmo OF Corbin Carroll OF Jackson Chourio P Blake Snell P Mitch Bratt SS Corey Seager,,,
1460,5215653663,wormlove3 (20/20),0,84.6,1B Jonathan Aranda 2B Brice Turang 3B Ezequiel Duran C Austin Wynns OF Brandon Nimmo OF Corbin Carroll OF Jackson Chourio P Blake Snell P Mitch Bratt SS Corey Seager,,,
1464,5214866664,Sammy.Boy (14/20),0,84.549995,1B Jake Burger 2B Jeff McNeil 3B Junior Caminero C James McCann OF Zack Gelof OF Victor Mesa Jr. OF Evan Carter P Blake Snell P Hunter Brown SS Corey Seager,,,
1464,5215164371,melvincali (7/20),0,84.549995,1B Jake Burger 2B Ketel Marte 3B Ezequiel Duran C Austin Wynns OF Brandon Nimmo OF Lars Nootbaar OF Corbin Carroll P Blake Snell P Hunter Brown SS Corey Seager,,,
1464,5215372209,tybry85 (5/20),0,84.549995,1B Joc Pederson 2B Jose Altuve 3B Isaac Paredes C James McCann OF Corbin Carroll OF Cam Smith OF Wyatt Langford P Blake Snell P Hunter Brown SS Corey Seager,,,
1464,5215487711,mlief (12/20),0,84.549995,1B Joc Pederson 2B Nicky Lopez 3B Ezequiel Duran C Gabriel Moreno OF Corbin Carroll OF Cam Smith OF Wyatt Langford P Blake Snell P Hunter Brown SS Corey Seager,,,
1464,5215664393,Albino_Zebra (9/20),0,84.549995,1B Joc Pederson 2B Willi Castro 3B Connor Norby C Hunter Goodman OF Brandon Nimmo OF Jake McCarthy OF Jordan Beck P Blake Snell P Hunter Brown SS Corey Seager,,,
1469,5215609197,JaserD (2/20),0,84.5,1B Jake Bauers 2B Brice Turang 3B Kyle Karros C Hunter Goodman OF Jake McCarthy OF Mickey Moniak OF Cole Carrigg P Cody Bradford P Carson Whisenhunt SS Willy Adames,,,
1470,5215384717,lttlsht (11/20),0,84.45,1B Jonathan Aranda 2B Ketel Marte 3B Nolan Arenado C Gabriel Moreno OF Lars Nootbaar OF Corbin Carroll OF Chandler Simpson P Walker Buehler P Cody Bradford SS Jeremy Pena,,,
1471,5215628005,jsizzels,0,84.4,1B Freddie Freeman 2B Brice Turang 3B Yandy Diaz C James McCann OF Brandon Nimmo OF Kyle Isbel OF Lars Nootbaar P Nick Martinez P Hunter Brown SS Zach Neto,,,
1472,5215133472,eharig09 (14/20),0,84.25,1B Joc Pederson 2B Jeff McNeil 3B Zack Gelof C Austin Wynns OF Jake McCarthy OF Carlos Cortes OF Lawrence Butler P Michael Wacha P Hunter Brown SS Jacob Wilson,,,
1473,5215038636,aquafinatim (8/20),0,84.2,1B Jonathan Aranda 2B Richie Palacios 3B Max Muncy C James McCann OF Shohei Ohtani OF Kyle Tucker OF Andy Pages P Hunter Brown P Ryan Johnson SS Mookie Betts,,,
1473,5215264790,cwthrow24 (11/20),0,84.2,1B Jonathan Aranda 2B Oswald Peraza 3B Junior Caminero C Liam Hicks OF Victor Mesa Jr. OF Cam Smith OF Chandler Simpson P Kyle Harrison P Mitch Bratt SS Zach Neto,,,
1473,5215491830,wazzu24 (11/20),0,84.2,1B Nolan Schanuel 2B Vaughn Grissom 3B Junior Caminero C Moises Ballesteros OF Mike Trout OF Jose Siri OF Chandler Simpson P Hunter Brown P Ryan Johnson SS Bobby Witt Jr.,,,
1476,5215044045,kcroyalfan (3/20),0,84.05,1B Jonathan Aranda 2B Richie Palacios 3B Yandy Diaz C Liam Hicks OF Shohei Ohtani OF Corbin Carroll OF Chandler Simpson P Cody Bradford P Mitch Bratt SS Nicky Lopez,,,
1476,5215625998,bizzyG,0,84.05,1B Jonathan Aranda 2B Ketel Marte 3B Junior Caminero C Gabriel Moreno OF Jackson Chourio OF Cam Smith OF Chandler Simpson P Cody Bradford P Mitch Bratt SS Xander Bogaerts,,,
1476,5215685033,meyers2305 (11/20),0,84.05,1B Joc Pederson 2B Brice Turang 3B Yandy Diaz C Gabriel Moreno OF Jung Hoo Lee OF Corbin Carroll OF Wyatt Langford P Cody Bradford P Mitch Bratt SS Corey Seager,,,
1476,5215697595,beckynjayd (2/20),0,84.05,1B Jonathan Aranda 2B Nicky Lopez 3B Yandy Diaz C Liam Hicks OF Shohei Ohtani OF Cedric Mullins OF Chandler Simpson P Cody Bradford P Mitch Bratt SS Mookie Betts,,,
1476,5215717928,cacolbe (4/16),0,84.05,1B Jonathan Aranda 2B Richie Palacios 3B Junior Caminero C Liam Hicks OF Brandon Nimmo OF Corbin Carroll OF Wyatt Langford P Cody Bradford P Mitch Bratt SS Corey Seager,,,
1476,5215717938,cacolbe (14/16),0,84.05,1B Jonathan Aranda 2B Richie Palacios 3B Junior Caminero C Liam Hicks OF Brandon Nimmo OF Corbin Carroll OF Wyatt Langford P Cody Bradford P Mitch Bratt SS Corey Seager,,,
1482,5214866651,Sammy.Boy (1/20),0,84,1B Joc Pederson 2B Nicky Lopez 3B Nick Loftin C Salvador Perez OF Brandon Nimmo OF Shohei Ohtani OF Jac Caglianone P Cody Bradford P Hunter Brown SS Bobby Witt Jr.,,,
1482,5215117902,Dominator-Seguin (12/20),0,84,1B Freddie Freeman 2B Jeff McNeil 3B Tommy White C Ben Rortvedt OF Shohei Ohtani OF Kyle Tucker OF Andy Pages P Blake Snell P Walker Buehler SS Zach Neto,,,
1482,5215246861,marktupelo (2/2),0,84,1B Jonathan Aranda 2B Jeff McNeil 3B Junior Caminero C Yainer Diaz OF Luis Rengifo OF Cam Smith OF Chandler Simpson P Cody Bradford P Hunter Brown SS Jacob Wilson,,,
1482,5215294240,mfp13 (1/2),0,84,1B Yandy Diaz 2B Jose Altuve 3B Max Muncy C Gabriel Moreno OF Cedric Mullins OF Kyle Isbel OF Luis Lara P Cody Bradford P Hunter Brown SS Taylor Walls,,,
1482,5215298387,mfp13 (2/2),0,84,1B Yandy Diaz 2B Jose Altuve 3B Max Muncy C Gabriel Moreno OF Cedric Mullins OF Kyle Isbel OF Luis Lara P Cody Bradford P Hunter Brown SS Taylor Walls,,,
1482,5215487703,mlief (4/20),0,84,1B Tim Tawa 2B Richie Palacios 3B Nick Loftin C Salvador Perez OF Shohei Ohtani OF Lars Nootbaar OF Jac Caglianone P Cody Bradford P Hunter Brown SS Bobby Witt Jr.,,,
1488,5215070289,LTskelter (6/20),0,83.95,1B Jonathan Aranda 2B Jeff McNeil 3B Yandy Diaz C Liam Hicks OF Zack Gelof OF Victor Mesa Jr. OF Chandler Simpson P Hunter Brown P Mitch Bratt SS Jeremy Pena,,,
1488,5215116879,Ctracefan (20/20),0,83.95,1B Nolan Schanuel 2B Tommy Edman 3B Max Muncy C James McCann OF Shohei Ohtani OF Kyle Tucker OF Andy Pages P Hunter Brown P Mitch Bratt SS Taylor Walls,,,
1488,5215311856,8589,0,83.95,1B Joc Pederson 2B Ketel Marte 3B Ezequiel Duran C James McCann OF Brandon Nimmo OF Yordan Alvarez OF Cam Smith P Hunter Brown P Mitch Bratt SS Corey Seager,,,
1488,5215318703,mrclean913 (14/20),0,83.95,1B Tim Tawa 2B Ketel Marte 3B Nolan Arenado C James McCann OF Shohei Ohtani OF Andy Pages OF Ryan Waldschmidt P Hunter Brown P Mitch Bratt SS Bobby Witt Jr.,,,
1488,5215384713,lttlsht (7/20),0,83.95,1B Jeff McNeil 2B Jose Altuve 3B Yandy Diaz C Liam Hicks OF Cedric Mullins OF Victor Mesa Jr. OF Chandler Simpson P Hunter Brown P Mitch Bratt SS Jacob Wilson,,,
1488,5215413756,Darkmen715 (1/20),0,83.95,1B Jeff McNeil 2B Brice Turang 3B Junior Caminero C Salvador Perez OF Cedric Mullins OF Lawrence Butler OF Chandler Simpson P Hunter Brown P Mitch Bratt SS Corey Seager,,,
1488,5215647853,KING--13 (2/10),0,83.95,1B Shohei Ohtani 2B Jeff McNeil 3B Yandy Diaz C Jonah Heim OF Lars Nootbaar OF Lawrence Butler OF Zack Gelof P Hunter Brown P Mitch Bratt SS Zach Neto,,,
1488,5215663249,bherring19 (3/4),0,83.95,1B Joc Pederson 2B Jeff McNeil 3B Junior Caminero C James McCann OF Kyle Tucker OF Yordan Alvarez OF Chandler Simpson P Hunter Brown P Mitch Bratt SS Corey Seager,,,
1496,5215068386,pat_the_hat2 (3/20),0,83.85,1B Connor Norby 2B Jose Altuve 3B Willi Castro C Hunter Goodman OF Yordan Alvarez OF Jordan Beck OF Cole Carrigg P Blake Snell P Ryan Johnson SS Jeremy Pena,,,
1496,5215708500,sportsfan14 (7/20),0,83.85,1B Shohei Ohtani 2B Jose Altuve 3B Isaac Paredes C Ben Rortvedt OF Yordan Alvarez OF Victor Mesa Jr. OF Cam Smith P Blake Snell P Ryan Johnson SS Jeremy Pena,,,
1498,5215185412,HairyBacks (3/20),0,83.799995,1B Jonathan Aranda 2B Richie Palacios 3B Yandy Diaz C Austin Wynns OF Victor Mesa Jr. OF Evan Carter OF Chandler Simpson P Blake Snell P Kyle Harrison SS Corey Seager,,,
1498,5215381391,FunkyKong (13/20),0,83.799995,1B Rafael Devers 2B Osleivis Basabe 3B Yandy Diaz C Hunter Goodman OF Jung Hoo Lee OF Drew Gilbert OF Evan Carter P Blake Snell P Kyle Harrison SS Willy Adames,,,
1498,5215513982,andymartin5586 (18/20),0,83.799995,1B Joc Pederson 2B Ketel Marte 3B Nolan Arenado C James McCann OF Lars Nootbaar OF Corbin Carroll OF Evan Carter P Blake Snell P Kyle Harrison SS Corey Seager,,,
1501,5215044002,whoisjohngalt420 (1/20),0,83.65,1B Jake Burger 2B Ketel Marte 3B Ezequiel Duran C Gabriel Moreno OF Brandon Nimmo OF Corbin Carroll OF Evan Carter P Blake Snell P Cody Bradford SS Corey Seager,,,
1501,5215075972,ivymoose (2/20),0,83.65,1B Ildemaro Vargas 2B Ketel Marte 3B Nolan Arenado C Gabriel Moreno OF Jake McCarthy OF Jihwan Bae OF Corbin Carroll P Blake Snell P Cody Bradford SS Corey Seager,,,
1501,5215117904,Dominator-Seguin (14/20),0,83.65,1B Shohei Ohtani 2B Tommy Edman 3B Connor Norby C Jonah Heim OF Alex Call OF Andy Pages OF Evan Carter P Blake Snell P Cody Bradford SS Mookie Betts,,,
1501,5215207467,Elwaysarmy (4/20),0,83.65,1B Joc Pederson 2B Jeff McNeil 3B Ezequiel Duran C Gabriel Moreno OF Shohei Ohtani OF Corbin Carroll OF Evan Carter P Blake Snell P Cody Bradford SS Corey Seager,,,
1501,5215708499,sportsfan14 (6/20),0,83.65,1B Jake Burger 2B Ketel Marte 3B Ezequiel Duran C Gabriel Moreno OF Brandon Nimmo OF Corbin Carroll OF Evan Carter P Blake Snell P Cody Bradford SS Corey Seager,,,
1501,5215717606,Mrkvs (1/12),0,83.65,1B Jake Burger 2B Ketel Marte 3B Ezequiel Duran C Gabriel Moreno OF Brandon Nimmo OF Corbin Carroll OF Evan Carter P Blake Snell P Cody Bradford SS Corey Seager,,,
1501,5215251210,Wanna_Square_Up1567 (1/20),0,83.649994,1B Christian Walker 2B Jose Altuve 3B Isaac Paredes C Hunter Goodman OF Yordan Alvarez OF Jordan Beck OF Cam Smith P Blake Snell P Cody Bradford SS Willy Adames,,,
1508,5215359188,Cuscus3 (1/20),0,83.6,1B Jake Burger 2B Brice Turang 3B Ezequiel Duran C Liam Hicks OF Brandon Nimmo OF Corbin Carroll OF Evan Carter P Blake Snell P Mitch Bratt SS Corey Seager,,,
1509,5215045710,FoxyGrandpa252 (12/20),0,83.55,1B Nolan Schanuel 2B Oswald Peraza 3B Ezequiel Duran C Tyler Heineman OF Mike Trout OF Brandon Nimmo OF Wyatt Langford P Blake Snell P Hunter Brown SS Zach Neto,,,
1509,5215054471,ttillie (15/20),0,83.55,1B Jonathan Aranda 2B Jeff McNeil 3B Kyle Karros C Gabriel Moreno OF Jake McCarthy OF Lars Nootbaar OF Zack Gelof P Blake Snell P Hunter Brown SS Zach Neto,,,
1509,5215185423,HairyBacks (14/20),0,83.55,1B Joc Pederson 2B Jeff McNeil 3B Junior Caminero C Austin Wynns OF Cedric Mullins OF Evan Carter OF Wyatt Langford P Blake Snell P Hunter Brown SS Corey Seager,,,
1509,5215218866,TroyGilly91 (10/10),0,83.55,1B Jake Burger 2B Nicky Lopez 3B Ezequiel Duran C Gabriel Moreno OF Brandon Nimmo OF Corbin Carroll OF Tim Tawa P Blake Snell P Hunter Brown SS Corey Seager,,,
1509,5215708644,mrzippy (3/3),0,83.55,1B Ildemaro Vargas 2B Nicky Lopez 3B Kyle Karros C Gabriel Moreno OF Jake McCarthy OF Corbin Carroll OF Chandler Simpson P Blake Snell P Hunter Brown SS Ezequiel Tovar,,,
1509,5215075979,ivymoose (9/20),0,83.549995,1B Joc Pederson 2B Jeff McNeil 3B Zack Gelof C Hunter Goodman OF Brandon Nimmo OF Evan Carter OF Wyatt Langford P Blake Snell P Hunter Brown SS Corey Seager,,,
1509,5215194908,jsamtoy (1/20),0,83.549995,1B Joc Pederson 2B Jose Altuve 3B Ezequiel Duran C Yainer Diaz OF Mike Trout OF Brandon Nimmo OF Evan Carter P Blake Snell P Hunter Brown SS Corey Seager,,,
1509,5215383788,PrimeTime420,0,83.549995,1B Joc Pederson 2B Vaughn Grissom 3B Ezequiel Duran C Liam Hicks OF Brandon Nimmo OF Lars Nootbaar OF Wyatt Langford P Blake Snell P Hunter Brown SS Corey Seager,,,
1509,5215642993,bassguy39 (3/15),0,83.549995,1B Christian Walker 2B Jose Altuve 3B Isaac Paredes C Ben Rortvedt OF Shohei Ohtani OF Daulton Varsho OF Cam Smith P Blake Snell P Hunter Brown SS Mookie Betts,,,
1518,5215663457,IBGOOD,0,83.5,1B Liam Hicks 2B Ketel Marte 3B Yandy Diaz C Gabriel Moreno OF Christian Yelich OF Brandon Nimmo OF Jake McCarthy P Nick Martinez P Cody Bradford SS Nicky Lopez,,,
1519,5215288550,HC0023 (16/20),0,83.45,1B Jonathan Aranda 2B Richie Palacios 3B Junior Caminero C Liam Hicks OF Jose Siri OF Jake McCarthy OF Victor Mesa Jr. P Kyle Harrison P Ryan Johnson SS Zach Neto,,,
1519,5215696686,mrfb (11/20),0,83.45,1B Yandy Diaz 2B Nicky Lopez 3B Junior Caminero C Liam Hicks OF Cedric Mullins OF Kyle Tucker OF Chandler Simpson P Tomoyuki Sugano P Cody Bradford SS Corey Seager,,,
1521,5215144181,kreller17 (2/20),0,83.4,1B Freddie Freeman 2B Ketel Marte 3B Nick Loftin C Salvador Perez OF Shohei Ohtani OF Lars Nootbaar OF Andy Pages P Walker Buehler P Mitch Bratt SS Bobby Witt Jr.,,,
1521,5215144192,kreller17 (13/20),0,83.4,1B Freddie Freeman 2B Oswald Peraza 3B Max Muncy C Salvador Perez OF Shohei Ohtani OF Kyle Tucker OF Andy Pages P Walker Buehler P Mitch Bratt SS Zach Neto,,,
1521,5215578153,chfen07 (5/20),0,83.4,1B Freddie Freeman 2B Willi Castro 3B Kyle Karros C Hunter Goodman OF Jake McCarthy OF Lars Nootbaar OF Andy Pages P Hunter Brown P Carson Whisenhunt SS Mookie Betts,,,
1521,5215666171,Alnyfl1 (2/2),0,83.4,1B Jonathan Aranda 2B Jeff McNeil 3B Yandy Diaz C Liam Hicks OF Victor Bericoto OF Jackson Chourio OF Chandler Simpson P Nick Martinez P Hunter Brown SS Tyler Tolbert,,,
1521,5215707103,bradb1212,0,83.4,1B Christian Walker 2B Willi Castro 3B Kyle Karros C Yainer Diaz OF Brandon Nimmo OF Fernando Tatis Jr. OF Cam Smith P Nick Martinez P Hunter Brown SS Jeremy Pena,,,
1521,5215718343,Awalker3081 (20/20),0,83.4,1B Tim Tawa 2B Richie Palacios 3B Isaac Paredes C Gabriel Moreno OF Lars Nootbaar OF Corbin Carroll OF Wyatt Langford P Nick Martinez P Hunter Brown SS Jeremy Pena,,,
1521,5215701257,TNeidert (4/20),0,83.399994,1B Freddie Freeman 2B Jose Altuve 3B Isaac Paredes C Tyler Heineman OF Shohei Ohtani OF Kyle Tucker OF Alex Call P Nick Martinez P Hunter Brown SS Mookie Betts,,,
1528,5215235877,A.Burgos930 (16/20),0,83.35,1B Joc Pederson 2B Willi Castro 3B Kyle Karros C Hunter Goodman OF Jake McCarthy OF Wyatt Langford OF Cole Carrigg P Michael Wacha P Cody Bradford SS Corey Seager,,,
1529,5215445288,Skralph (19/20),0,83.3,1B Freddie Freeman 2B Brice Turang 3B Max Muncy C William Contreras OF Kyle Tucker OF Garrett Mitchell OF Andy Pages P Cody Bradford P Ryan Johnson SS Mookie Betts,,,
1530,5215038644,aquafinatim (16/20),0,83.25,1B Freddie Freeman 2B Brice Turang 3B Max Muncy C James McCann OF Shohei Ohtani OF Garrett Mitchell OF Jackson Chourio P Mitch Bratt P Ryan Johnson SS Mookie Betts,,,
1530,5215144189,kreller17 (10/20),0,83.25,1B Joc Pederson 2B Jose Altuve 3B Nick Loftin C Salvador Perez OF Kyle Isbel OF Jac Caglianone OF Wyatt Langford P Michael Wacha P Hunter Brown SS Bobby Witt Jr.,,,
1530,5215218862,TroyGilly91 (6/10),0,83.25,1B Joc Pederson 2B Ketel Marte 3B Nolan Arenado C Austin Wynns OF Brandon Nimmo OF Lars Nootbaar OF Corbin Carroll P Cody Bradford P Kyle Harrison SS Bobby Witt Jr.,,,
1530,5215661245,Mige1 (1/20),0,83.25,1B Freddie Freeman 2B Brice Turang 3B Max Muncy C James McCann OF Shohei Ohtani OF Jake Bauers OF Andy Pages P Mitch Bratt P Ryan Johnson SS Mookie Betts,,,
1534,5215014507,goofybh207 (1/3),0,83.2,1B Joc Pederson 2B Jose Altuve 3B Yandy Diaz C Gabriel Moreno OF Brandon Nimmo OF Chandler Simpson OF Wyatt Langford P Kyle Harrison P Mitch Bratt SS Zach Neto,,,
1534,5215045716,FoxyGrandpa252 (18/20),0,83.2,1B Connor Norby 2B Willi Castro 3B Junior Caminero C Hunter Goodman OF Corbin Carroll OF Jordan Beck OF Jackson Chourio P Hunter Brown P Ryan Johnson SS Ezequiel Tovar,,,
1534,5215643461,cmalas (6/20),0,83.2,1B Yandy Diaz 2B Jeff McNeil 3B Junior Caminero C Liam Hicks OF Lawrence Butler OF Zack Gelof OF Henry Bolte P Kyle Harrison P Mitch Bratt SS Jacob Wilson,,,
1537,5215044051,kcroyalfan (9/20),0,83.05,1B Shohei Ohtani 2B Brice Turang 3B Nick Loftin C Salvador Perez OF Lars Nootbaar OF Corbin Carroll OF Jac Caglianone P Cody Bradford P Mitch Bratt SS Bobby Witt Jr.,,,
1537,5215319597,Dubbzz (2/20),0,83.05,1B Freddie Freeman 2B Ketel Marte 3B Nolan Arenado C Gabriel Moreno OF Shohei Ohtani OF Lars Nootbaar OF Corbin Carroll P Cody Bradford P Mitch Bratt SS Tyler Tolbert,,,
1537,5215652497,xXxPLOSIVE (5/5),0,83.05,1B Yandy Diaz 2B Jeff McNeil 3B Junior Caminero C Liam Hicks OF Lars Nootbaar OF Corbin Carroll OF Wyatt Langford P Cody Bradford P Mitch Bratt SS Corey Seager,,,
1540,5215384938,zsmittty223 (11/20),0,83,1B Jeff McNeil 2B Ketel Marte 3B Nolan Arenado C James McCann OF Shohei Ohtani OF Yordan Alvarez OF Jihwan Bae P Cody Bradford P Hunter Brown SS Mookie Betts,,,
1540,5215686585,woodreb5 (13/20),0,83,1B Jonathan Aranda 2B Jeff McNeil 3B Yandy Diaz C Liam Hicks OF Carlos Cortes OF Zack Gelof OF Victor Mesa Jr. P Cody Bradford P Hunter Brown SS Jacob Wilson,,,
1542,5215028403,EEChick1400,0,82.95,1B Freddie Freeman 2B Jeff McNeil 3B Yandy Diaz C James McCann OF Shohei Ohtani OF Lars Nootbaar OF Andy Pages P Hunter Brown P Mitch Bratt SS Taylor Walls,,,
1542,5215070299,LTskelter (16/20),0,82.95,1B Jeff McNeil 2B Donovan Walton 3B Junior Caminero C Liam Hicks OF Shohei Ohtani OF Lawrence Butler OF Zack Gelof P Hunter Brown P Mitch Bratt SS Jacob Wilson,,,
1542,5215661450,striz2017 (3/5),0,82.95,1B Jonathan Aranda 2B Jeff McNeil 3B Junior Caminero C Liam Hicks OF Victor Mesa Jr. OF Jackson Chourio OF Chandler Simpson P Hunter Brown P Mitch Bratt SS Nicky Lopez,,,
1542,5215672440,jakethesnake83 (2/3),0,82.95,1B Liam Hicks 2B Jeff McNeil 3B Yandy Diaz C James McCann OF Mike Trout OF Garrett Mitchell OF Corbin Carroll P Hunter Brown P Mitch Bratt SS Jacob Wilson,,,
1546,5215396644,silencetheg (8/20),0,82.85,1B Connor Norby 2B Willi Castro 3B Max Muncy C Hunter Goodman OF Jake McCarthy OF Wyatt Langford OF Cole Carrigg P Nick Martinez P Walker Buehler SS Corey Seager,,,
1547,5215674457,lefty4488 (13/15),0,82.799995,1B Rafael Devers 2B Ketel Marte 3B Zack Gelof C James McCann OF Carlos Cortes OF Lawrence Butler OF Henry Bolte P Blake Snell P Kyle Harrison SS Jacob Wilson,,,
1548,5215636824,TheKingKaz (4/8),0,82.65,1B Joc Pederson 2B Brice Turang 3B Ezequiel Duran C William Contreras OF Brandon Nimmo OF Jake Bauers OF Jihwan Bae P Blake Snell P Cody Bradford SS Jeremy Pena,,,
1548,5215668702,Gabe57 (1/19),0,82.65,1B Joc Pederson 2B Nicky Lopez 3B Max Muncy C Liam Hicks OF Brandon Nimmo OF Shohei Ohtani OF Evan Carter P Blake Snell P Cody Bradford SS Corey Seager,,,
1548,5215668706,Gabe57 (5/19),0,82.65,1B Joc Pederson 2B Nicky Lopez 3B Max Muncy C Liam Hicks OF Brandon Nimmo OF Shohei Ohtani OF Evan Carter P Blake Snell P Cody Bradford SS Corey Seager,,,
1548,5215372214,tybry85 (10/20),0,82.649994,1B Jonathan Aranda 2B Tommy Edman 3B Junior Caminero C Austin Wynns OF Kyle Tucker OF Alex Call OF Andy Pages P Blake Snell P Cody Bradford SS Corey Seager,,,
1548,5215677161,Yesbabi,0,82.649994,1B Joc Pederson 2B Jose Altuve 3B Nolan Arenado C Yainer Diaz OF Brandon Nimmo OF Fernando Tatis Jr. OF Cam Smith P Nick Martinez P Kyle Harrison SS Corey Seager,,,
1553,5214912470,babypooh11701 (1/2),0,82.6,1B Christian Walker 2B Brice Turang 3B Ezequiel Duran C Austin Wynns OF Corbin Carroll OF Jackson Chourio OF Chandler Simpson P Blake Snell P Mitch Bratt SS Corey Seager,,,
1553,5215075978,ivymoose (8/20),0,82.6,1B Jake Burger 2B Ketel Marte 3B Ezequiel Duran C Gabriel Moreno OF Lars Nootbaar OF Corbin Carroll OF Wyatt Langford P Blake Snell P Mitch Bratt SS Corey Seager,,,
1553,5215685023,meyers2305 (1/20),0,82.6,1B Jonathan Aranda 2B Vaughn Grissom 3B Junior Caminero C Liam Hicks OF Shohei Ohtani OF Lars Nootbaar OF Jihwan Bae P Blake Snell P Mitch Bratt SS Corey Seager,,,
1553,5215700143,cptnspaulding (6/20),0,82.6,1B Ildemaro Vargas 2B Ketel Marte 3B Zack Gelof C Gabriel Moreno OF Lars Nootbaar OF Corbin Carroll OF Wyatt Langford P Blake Snell P Mitch Bratt SS Corey Seager,,,
1557,5215075986,ivymoose (16/20),0,82.55,1B Jake Burger 2B Nicky Lopez 3B Junior Caminero C Austin Wynns OF Brandon Nimmo OF Lars Nootbaar OF Corbin Carroll P Blake Snell P Hunter Brown SS Corey Seager,,,
1557,5215346440,LOCNOTM (12/20),0,82.55,1B Liam Hicks 2B Nicky Lopez 3B Junior Caminero C Austin Wynns OF Lawrence Butler OF Evan Carter OF Wyatt Langford P Blake Snell P Hunter Brown SS Corey Seager,,,
1557,5215396645,silencetheg (9/20),0,82.55,1B Christian Walker 2B Willi Castro 3B Kyle Karros C Gabriel Moreno OF Jake McCarthy OF Corbin Carroll OF Jordan Beck P Blake Snell P Hunter Brown SS Ezequiel Tovar,,,
1557,5215585754,scohen21 (18/20),0,82.55,1B Shohei Ohtani 2B Ketel Marte 3B Connor Norby C James McCann OF Lars Nootbaar OF Corbin Carroll OF Jordan Beck P Blake Snell P Hunter Brown SS Ezequiel Tovar,,,
1557,5215039599,Satch65 (8/20),0,82.549995,1B Jonathan Aranda 2B Ketel Marte 3B Yandy Diaz C Tyler Heineman OF Brandon Nimmo OF Jose Siri OF Evan Carter P Blake Snell P Hunter Brown SS Corey Seager,,,
1557,5215212752,SilversurferVII (5/20),0,82.549995,1B Joc Pederson 2B Jose Altuve 3B Isaac Paredes C Austin Wynns OF Brandon Nimmo OF Yordan Alvarez OF Evan Carter P Blake Snell P Hunter Brown SS Corey Seager,,,
1557,5215383668,Fluffhead017 (15/20),0,82.549995,1B Jake Burger 2B Ketel Marte 3B Nolan Arenado C Austin Wynns OF Corbin Carroll OF Evan Carter OF Wyatt Langford P Blake Snell P Hunter Brown SS Corey Seager,,,
1557,5215655651,jetty76 (9/20),0,82.549995,1B Jeff McNeil 2B Ketel Marte 3B Isaac Paredes C James McCann OF Lars Nootbaar OF Daulton Varsho OF Corbin Carroll P Blake Snell P Hunter Brown SS Jeremy Pena,,,
1565,5215665778,Alnyfl1 (1/2),0,82.5,1B Jonathan Aranda 2B Jeff McNeil 3B Yandy Diaz C Liam Hicks OF Shohei Ohtani OF Victor Bericoto OF Chandler Simpson P Nick Martinez P Cody Bradford SS Tyler Tolbert,,,
1566,5215318693,mrclean913 (4/20),0,82.450005,1B Tim Tawa 2B Ketel Marte 3B Nolan Arenado C Gabriel Moreno OF Yordan Alvarez OF Lars Nootbaar OF Wyatt Langford P Walker Buehler P Cody Bradford SS Jeremy Pena,,,
1566,5215396655,silencetheg (19/20),0,82.45,1B Jonathan Aranda 2B Jeff McNeil 3B Junior Caminero C Jonah Heim OF Shohei Ohtani OF Lawrence Butler OF Zack Gelof P Walker Buehler P Cody Bradford SS Jacob Wilson,,,
1566,5215578152,chfen07 (4/20),0,82.45,1B Freddie Freeman 2B Brice Turang 3B Max Muncy C James McCann OF Shohei Ohtani OF Jake Bauers OF Andy Pages P Mitch Bratt P Carson Whisenhunt SS Mookie Betts,,,
1566,5215641743,bhess777 (16/20),0,82.45,1B Freddie Freeman 2B Brice Turang 3B Max Muncy C James McCann OF Shohei Ohtani OF Jake Bauers OF Andy Pages P Mitch Bratt P Carson Whisenhunt SS Mookie Betts,,,
1570,5215059177,edward21025,0,82.4,1B Rafael Devers 2B Michael Massey 3B Manny Machado C Salvador Perez OF Mike Trout OF Shohei Ohtani OF Yordan Alvarez P Walker Buehler P Mitch Bratt SS Xander Bogaerts,,,
1570,5215352195,Bankster17,0,82.4,1B Jonathan Aranda 2B Richie Palacios 3B Junior Caminero C Liam Hicks OF Lars Nootbaar OF Jihwan Bae OF Chandler Simpson P Nick Martinez P Hunter Brown SS Corey Seager,,,
1572,5215164372,melvincali (8/20),0,82.35,1B Jake Burger 2B Ketel Marte 3B Ezequiel Duran C Austin Wynns OF Mike Trout OF Brandon Nimmo OF Evan Carter P Walker Buehler P Hunter Brown SS Bobby Witt Jr.,,,
1573,5215133460,eharig09 (2/20),0,82.25,1B Joc Pederson 2B Richie Palacios 3B Ezequiel Duran C Austin Wynns OF Cedric Mullins OF Victor Mesa Jr. OF Wyatt Langford P Michael Wacha P Hunter Brown SS Corey Seager,,,
1573,5215609209,JaserD (14/20),0,82.25,1B Jeff McNeil 2B Ketel Marte 3B Zack Gelof C Gabriel Moreno OF Carlos Cortes OF Corbin Carroll OF Henry Bolte P Michael Wacha P Hunter Brown SS Jacob Wilson,,,
1575,5215717617,Mrkvs (12/12),0,82.2,1B Jonathan Aranda 2B Jeff McNeil 3B Junior Caminero C Liam Hicks OF Zack Gelof OF Victor Mesa Jr. OF Henry Bolte P Kyle Harrison P Mitch Bratt SS Zach Neto,,,
1576,5215636382,gooey911 (2/3),0,82.149994,1B Liam Hicks 2B Ketel Marte 3B Vaughn Grissom C Gabriel Moreno OF Alex Call OF Jordan Beck OF Chandler Simpson P Hunter Brown P Kyle Harrison SS Mookie Betts,,,
1577,5215214850,AbeyBaby88 (8/20),0,82.05,1B Rafael Devers 2B Ketel Marte 3B Nolan Arenado C James McCann OF Shohei Ohtani OF Lars Nootbaar OF Corbin Carroll P Cody Bradford P Mitch Bratt SS Bobby Witt Jr.,,,
1577,5215631102,johnbrock636 (3/6),0,82.05,1B Christian Walker 2B Ketel Marte 3B Yandy Diaz C Gabriel Moreno OF Brandon Nimmo OF Corbin Carroll OF Wyatt Langford P Cody Bradford P Mitch Bratt SS Corey Seager,,,
1577,5215641731,bhess777 (4/20),0,82.05,1B Shohei Ohtani 2B Tommy Edman 3B Max Muncy C James McCann OF Lars Nootbaar OF Andy Pages OF Corbin Carroll P Cody Bradford P Mitch Bratt SS Mookie Betts,,,
1580,5215334038,civillobo (2/5),0,82,1B Joc Pederson 2B Jeff McNeil 3B Max Muncy C Ben Rortvedt OF Shohei Ohtani OF Jake McCarthy OF Andy Pages P Cody Bradford P Hunter Brown SS Mookie Betts,,,
1580,5215667232,Drew8513 (1/4),0,82,1B Joc Pederson 2B Ketel Marte 3B Nolan Arenado C Hunter Goodman OF Brandon Nimmo OF Lars Nootbaar OF Wyatt Langford P Cody Bradford P Hunter Brown SS Corey Seager,,,
1580,5215667249,Drew8513 (2/4),0,82,1B Joc Pederson 2B Ketel Marte 3B Nolan Arenado C Hunter Goodman OF Brandon Nimmo OF Lars Nootbaar OF Wyatt Langford P Cody Bradford P Hunter Brown SS Corey Seager,,,
1580,5215667272,Drew8513 (3/4),0,82,1B Joc Pederson 2B Ketel Marte 3B Nolan Arenado C Hunter Goodman OF Brandon Nimmo OF Lars Nootbaar OF Wyatt Langford P Cody Bradford P Hunter Brown SS Corey Seager,,,
1580,5215676908,Drew8513 (4/4),0,82,1B Joc Pederson 2B Ketel Marte 3B Nolan Arenado C Hunter Goodman OF Brandon Nimmo OF Lars Nootbaar OF Wyatt Langford P Cody Bradford P Hunter Brown SS Corey Seager,,,
1585,5214982197,Swishdakyng (5/20),0,81.95,1B Jonathan Aranda 2B Richie Palacios 3B Yandy Diaz C Liam Hicks OF Jose Siri OF Cedric Mullins OF Kyle Tucker P Hunter Brown P Mitch Bratt SS Zach Neto,,,
1585,5215158352,73pd2x (2/20),0,81.95,1B Jonathan Aranda 2B Ketel Marte 3B Nolan Arenado C James McCann OF Lars Nootbaar OF Daulton Varsho OF Corbin Carroll P Hunter Brown P Mitch Bratt SS Bobby Witt Jr.,,,
1585,5215177087,SpeedRacer101 (9/20),0,81.95,1B Jonathan Aranda 2B Jose Altuve 3B Junior Caminero C Liam Hicks OF Jihwan Bae OF Victor Mesa Jr. OF Chandler Simpson P Hunter Brown P Mitch Bratt SS Corey Seager,,,
1585,5215184352,cadezane1 (2/3),0,81.95,1B Ildemaro Vargas 2B Jose Altuve 3B Junior Caminero C Gabriel Moreno OF Yordan Alvarez OF Tim Tawa OF Ryan Waldschmidt P Hunter Brown P Mitch Bratt SS Tyler Tolbert,,,
1585,5215195084,jsamtoy (10/20),0,81.95,1B Nolan Schanuel 2B Oswald Peraza 3B Junior Caminero C Liam Hicks OF Mike Trout OF Jose Siri OF Cedric Mullins P Hunter Brown P Mitch Bratt SS Zach Neto,,,
1585,5215383662,Fluffhead017 (9/20),0,81.95,1B Shohei Ohtani 2B Richie Palacios 3B Junior Caminero C Austin Wynns OF Brandon Nimmo OF Corbin Carroll OF Evan Carter P Hunter Brown P Mitch Bratt SS Corey Seager,,,
1591,5215695225,SnowAngel74 (18/20),0,81.9,1B Christian Walker 2B Jose Altuve 3B Isaac Paredes C Drew Cavanaugh OF Yordan Alvarez OF Drew Gilbert OF Victor Bericoto P Blake Snell P Michael Wacha SS Jeremy Pena,,,
1592,5215235875,A.Burgos930 (14/20),0,81.85,1B Freddie Freeman 2B Jeff McNeil 3B Zack Gelof C Ben Rortvedt OF Shohei Ohtani OF Kyle Tucker OF Andy Pages P Blake Snell P Ryan Johnson SS Zach Neto,,,
1592,5215686578,woodreb5 (6/20),0,81.85,1B Jonathan Aranda 2B Jose Altuve 3B Yandy Diaz C James McCann OF Yordan Alvarez OF Daulton Varsho OF Cam Smith P Blake Snell P Ryan Johnson SS Jeremy Pena,,,
1594,5215265263,danny6687,0,81.799995,1B Bryce Eldridge 2B Osleivis Basabe 3B David Hamilton C Yainer Diaz OF Christian Yelich OF Daulton Varsho OF Jackson Chourio P Blake Snell P Kyle Harrison SS Mookie Betts,,,
1595,5215222543,DrNickIsIn (3/20),0,81.65,1B Jonathan Aranda 2B Donovan Walton 3B Junior Caminero C Liam Hicks OF Victor Mesa Jr. OF Chandler Simpson OF Ryan Waldschmidt P Kyle Harrison P Carson Whisenhunt SS Zach Neto,,,
1595,5215701258,TNeidert (5/20),0,81.65,1B Rafael Devers 2B Richie Palacios 3B Junior Caminero C Liam Hicks OF Jung Hoo Lee OF Victor Bericoto OF Chandler Simpson P Nick Martinez P Kyle Harrison SS Willy Adames,,,
1595,5215632571,Emac (3/20),0,81.649994,1B Jake Burger 2B Ketel Marte 3B Junior Caminero C James McCann OF Brandon Nimmo OF Evan Carter OF Wyatt Langford P Blake Snell P Cody Bradford SS Corey Seager,,,
1598,5215664403,Albino_Zebra (19/20),0,81.6,1B Jonathan Aranda 2B Brice Turang 3B Junior Caminero C James McCann OF Garrett Mitchell OF Jihwan Bae OF Jackson Chourio P Blake Snell P Mitch Bratt SS Corey Seager,,,
1598,5215700156,cptnspaulding (19/20),0,81.6,1B Shohei Ohtani 2B Ildemaro Vargas 3B Nolan Arenado C Gabriel Moreno OF Brandon Nimmo OF Lars Nootbaar OF Corbin Carroll P Blake Snell P Mitch Bratt SS Corey Seager,,,
1600,5214998970,okelly36 (3/3),0,81.55,1B Jonathan Aranda 2B Jeff McNeil 3B Junior Caminero C Austin Wynns OF Brandon Nimmo OF Lars Nootbaar OF Chandler Simpson P Blake Snell P Hunter Brown SS Corey Seager,,,
1600,5215003030,Foleyface,0,81.55,1B Jonathan Aranda 2B Jeff McNeil 3B Junior Caminero C Austin Wynns OF Brandon Nimmo OF Lars Nootbaar OF Chandler Simpson P Blake Snell P Hunter Brown SS Corey Seager,,,
1600,5215039601,Satch65 (10/20),0,81.55,1B Jake Burger 2B Ketel Marte 3B Ezequiel Duran C Austin Wynns OF Corbin Carroll OF Jordan Beck OF Wyatt Langford P Blake Snell P Hunter Brown SS Corey Seager,,,
1600,5215164368,melvincali (4/20),0,81.55,1B Jake Burger 2B Oswald Peraza 3B Vaughn Grissom C Austin Wynns OF Mike Trout OF Brandon Nimmo OF Jake McCarthy P Blake Snell P Hunter Brown SS Zach Neto,,,
1600,5215331994,jeffylube (14/20),0,81.55,1B Shohei Ohtani 2B Jeff McNeil 3B Zack Gelof C Moises Ballesteros OF Lawrence Butler OF Henry Bolte OF Cam Smith P Blake Snell P Hunter Brown SS Bobby Witt Jr.,,,
1600,5215362331,Daily_Big_Kahuna (5/5),0,81.55,1B Christian Walker 2B Jose Altuve 3B Nolan Arenado C James McCann OF Lars Nootbaar OF Corbin Carroll OF Ryan Waldschmidt P Blake Snell P Hunter Brown SS Zach Neto,,,
1600,5215606888,donner4420 (1/20),0,81.55,1B Tim Tawa 2B Brice Turang 3B Ezequiel Duran C Austin Wynns OF Brandon Nimmo OF Jackson Chourio OF Henry Bolte P Blake Snell P Hunter Brown SS Corey Seager,,,
1600,5215614443,donner4420 (2/20),0,81.55,1B Tim Tawa 2B Brice Turang 3B Ezequiel Duran C Austin Wynns OF Brandon Nimmo OF Jackson Chourio OF Henry Bolte P Blake Snell P Hunter Brown SS Corey Seager,,,
1600,5215614449,donner4420 (3/20),0,81.55,1B Tim Tawa 2B Brice Turang 3B Ezequiel Duran C Austin Wynns OF Brandon Nimmo OF Jackson Chourio OF Henry Bolte P Blake Snell P Hunter Brown SS Corey Seager,,,
1600,5215614472,donner4420 (4/20),0,81.55,1B Tim Tawa 2B Brice Turang 3B Ezequiel Duran C Austin Wynns OF Brandon Nimmo OF Jackson Chourio OF Henry Bolte P Blake Snell P Hunter Brown SS Corey Seager,,,
1600,5215614487,donner4420 (5/20),0,81.55,1B Tim Tawa 2B Brice Turang 3B Ezequiel Duran C Austin Wynns OF Brandon Nimmo OF Jackson Chourio OF Henry Bolte P Blake Snell P Hunter Brown SS Corey Seager,,,
1600,5215614493,donner4420 (6/20),0,81.55,1B Tim Tawa 2B Brice Turang 3B Ezequiel Duran C Austin Wynns OF Brandon Nimmo OF Jackson Chourio OF Henry Bolte P Blake Snell P Hunter Brown SS Corey Seager,,,
1600,5215614499,donner4420 (7/20),0,81.55,1B Tim Tawa 2B Brice Turang 3B Ezequiel Duran C Austin Wynns OF Brandon Nimmo OF Jackson Chourio OF Henry Bolte P Blake Snell P Hunter Brown SS Corey Seager,,,
1600,5215614504,donner4420 (8/20),0,81.55,1B Tim Tawa 2B Brice Turang 3B Ezequiel Duran C Austin Wynns OF Brandon Nimmo OF Jackson Chourio OF Henry Bolte P Blake Snell P Hunter Brown SS Corey Seager,,,
1600,5215614510,donner4420 (9/20),0,81.55,1B Tim Tawa 2B Brice Turang 3B Ezequiel Duran C Austin Wynns OF Brandon Nimmo OF Jackson Chourio OF Henry Bolte P Blake Snell P Hunter Brown SS Corey Seager,,,
1600,5215614513,donner4420 (10/20),0,81.55,1B Tim Tawa 2B Brice Turang 3B Ezequiel Duran C Austin Wynns OF Brandon Nimmo OF Jackson Chourio OF Henry Bolte P Blake Snell P Hunter Brown SS Corey Seager,,,
1600,5215614671,donner4420 (11/20),0,81.55,1B Tim Tawa 2B Brice Turang 3B Ezequiel Duran C Austin Wynns OF Brandon Nimmo OF Jackson Chourio OF Henry Bolte P Blake Snell P Hunter Brown SS Corey Seager,,,
1600,5215614695,donner4420 (12/20),0,81.55,1B Tim Tawa 2B Brice Turang 3B Ezequiel Duran C Austin Wynns OF Brandon Nimmo OF Jackson Chourio OF Henry Bolte P Blake Snell P Hunter Brown SS Corey Seager,,,
1600,5215622225,donner4420 (13/20),0,81.55,1B Tim Tawa 2B Brice Turang 3B Ezequiel Duran C Austin Wynns OF Brandon Nimmo OF Jackson Chourio OF Henry Bolte P Blake Snell P Hunter Brown SS Corey Seager,,,
1600,5215622925,donner4420 (14/20),0,81.55,1B Tim Tawa 2B Brice Turang 3B Ezequiel Duran C Austin Wynns OF Brandon Nimmo OF Jackson Chourio OF Henry Bolte P Blake Snell P Hunter Brown SS Corey Seager,,,
1600,5215622927,donner4420 (15/20),0,81.55,1B Tim Tawa 2B Brice Turang 3B Ezequiel Duran C Austin Wynns OF Brandon Nimmo OF Jackson Chourio OF Henry Bolte P Blake Snell P Hunter Brown SS Corey Seager,,,
1600,5215622930,donner4420 (16/20),0,81.55,1B Tim Tawa 2B Brice Turang 3B Ezequiel Duran C Austin Wynns OF Brandon Nimmo OF Jackson Chourio OF Henry Bolte P Blake Snell P Hunter Brown SS Corey Seager,,,
1600,5215622932,donner4420 (17/20),0,81.55,1B Tim Tawa 2B Brice Turang 3B Ezequiel Duran C Austin Wynns OF Brandon Nimmo OF Jackson Chourio OF Henry Bolte P Blake Snell P Hunter Brown SS Corey Seager,,,
1600,5215622940,donner4420 (18/20),0,81.55,1B Tim Tawa 2B Brice Turang 3B Ezequiel Duran C Austin Wynns OF Brandon Nimmo OF Jackson Chourio OF Henry Bolte P Blake Snell P Hunter Brown SS Corey Seager,,,
1600,5215622951,donner4420 (19/20),0,81.55,1B Tim Tawa 2B Brice Turang 3B Ezequiel Duran C Austin Wynns OF Brandon Nimmo OF Jackson Chourio OF Henry Bolte P Blake Snell P Hunter Brown SS Corey Seager,,,
1600,5215623113,donner4420 (20/20),0,81.55,1B Tim Tawa 2B Brice Turang 3B Ezequiel Duran C Austin Wynns OF Brandon Nimmo OF Jackson Chourio OF Henry Bolte P Blake Snell P Hunter Brown SS Corey Seager,,,
1600,5215212748,SilversurferVII (1/20),0,81.549995,1B Jake Burger 2B Ketel Marte 3B Ezequiel Duran C Austin Wynns OF Cedric Mullins OF Victor Mesa Jr. OF Evan Carter P Blake Snell P Hunter Brown SS Corey Seager,,,
1600,5215264799,cwthrow24 (20/20),0,81.549995,1B Shohei Ohtani 2B Vaughn Grissom 3B Ezequiel Duran C Austin Wynns OF Brandon Nimmo OF Victor Mesa Jr. OF Evan Carter P Blake Snell P Hunter Brown SS Corey Seager,,,
1600,5215370182,brockstar5 (9/20),0,81.549995,1B Shohei Ohtani 2B Jeff McNeil 3B Zack Gelof C James McCann OF Kyle Tucker OF Carlos Cortes OF Lawrence Butler P Blake Snell P Hunter Brown SS Jacob Wilson,,,
1600,5215693230,Bashiman (1/2),0,81.549995,1B Jeff McNeil 2B Brice Turang 3B Ezequiel Duran C Austin Wynns OF Austin Hays OF Jake McCarthy OF Corbin Carroll P Blake Snell P Hunter Brown SS Corey Seager,,,
1600,5215693424,Bashiman (2/2),0,81.549995,1B Jeff McNeil 2B Brice Turang 3B Ezequiel Duran C Austin Wynns OF Austin Hays OF Jake McCarthy OF Corbin Carroll P Blake Snell P Hunter Brown SS Corey Seager,,,
1631,5215643464,cmalas (9/20),0,81.5,1B Jonathan Aranda 2B Brice Turang 3B Yandy Diaz C Liam Hicks OF Victor Mesa Jr. OF Chandler Simpson OF Wyatt Langford P Cody Bradford P Carson Whisenhunt SS Corey Seager,,,
1631,5215643473,cmalas (18/20),0,81.5,1B Joc Pederson 2B Willi Castro 3B Kyle Karros C Hunter Goodman OF Jake McCarthy OF Mickey Moniak OF Wyatt Langford P Nick Martinez P Cody Bradford SS Corey Seager,,,
1633,5215117907,Dominator-Seguin (17/20),0,81.4,1B Freddie Freeman 2B Tommy Edman 3B Max Muncy C Ben Rortvedt OF Yordan Alvarez OF Andy Pages OF Victor Mesa Jr. P Walker Buehler P Mitch Bratt SS Jeremy Pena,,,
1633,5215624171,jballagh (8/20),0,81.4,1B Joc Pederson 2B Jose Altuve 3B Max Muncy C Ben Rortvedt OF Shohei Ohtani OF Yordan Alvarez OF Andy Pages P Walker Buehler P Mitch Bratt SS Jeremy Pena,,,
1635,5215068385,pat_the_hat2 (2/20),0,81.25,1B Salvador Perez 2B Michael Massey 3B Nolan Arenado C James McCann OF Lars Nootbaar OF Corbin Carroll OF Tim Tawa P Michael Wacha P Hunter Brown SS Bobby Witt Jr.,,,
1635,5215384942,zsmittty223 (15/20),0,81.25,1B Freddie Freeman 2B Jose Altuve 3B Max Muncy C James McCann OF Shohei Ohtani OF Kyle Tucker OF Yordan Alvarez P Mitch Bratt P Ryan Johnson SS Mookie Betts,,,
1637,5214854885,jrevelle3 (12/20),0,81.2,1B Freddie Freeman 2B Vaughn Grissom 3B Kyle Karros C Ben Rortvedt OF Mike Trout OF Shohei Ohtani OF Andy Pages P Hunter Brown P Ryan Johnson SS Zach Neto,,,
1637,5215646457,DigitalDreams (2/4),0,81.2,1B Tim Tawa 2B Ketel Marte 3B David Hamilton C Gabriel Moreno OF Lars Nootbaar OF Corbin Carroll OF Jackson Chourio P Kyle Harrison P Mitch Bratt SS Zach Neto,,,
1637,5215701263,TNeidert (10/20),0,81.2,1B Nolan Schanuel 2B Ketel Marte 3B Vaughn Grissom C Gabriel Moreno OF Mike Trout OF Lars Nootbaar OF Corbin Carroll P Kyle Harrison P Mitch Bratt SS Zach Neto,,,
1640,5215354678,jaakko (1/6),0,81.15,1B Joc Pederson 2B Richie Palacios 3B Junior Caminero C Austin Wynns OF Brandon Nimmo OF Carlos Cortes OF Chandler Simpson P Hunter Brown P Kyle Harrison SS Corey Seager,,,
1640,5215342868,bignew (1/2),0,81.149994,1B Joc Pederson 2B Brice Turang 3B Kyle Karros C Tyler Heineman OF Christian Yelich OF Drew Gilbert OF Jackson Chourio P Hunter Brown P Kyle Harrison SS Mookie Betts,,,
1642,5215621058,Makin-A-Run (20/20),0,81.05,1B Freddie Freeman 2B Ketel Marte 3B Yandy Diaz C James McCann OF Brandon Nimmo OF Corbin Carroll OF Evan Carter P Cody Bradford P Mitch Bratt SS Corey Seager,,,
1643,5215103398,Rene8480 (1/4),0,81,1B Jonathan Aranda 2B Jeff McNeil 3B Yandy Diaz C Liam Hicks OF Carlos Cortes OF Victor Mesa Jr. OF Chandler Simpson P Cody Bradford P Hunter Brown SS Corey Seager,,,
1643,5215658019,FantasyCrusader (4/4),0,81,1B Joc Pederson 2B Ketel Marte 3B Junior Caminero C James McCann OF Brandon Nimmo OF Evan Carter OF Wyatt Langford P Cody Bradford P Hunter Brown SS Corey Seager,,,
1645,5215038629,aquafinatim (1/20),0,80.95,1B Joc Pederson 2B Brice Turang 3B Zack Gelof C William Contreras OF Jake Bauers OF Garrett Mitchell OF Wyatt Langford P Hunter Brown P Mitch Bratt SS Zach Neto,,,
1645,5215147037,j-wolf05 (2/20),0,80.95,1B Joc Pederson 2B Brice Turang 3B Nolan Arenado C James McCann OF Yordan Alvarez OF Lars Nootbaar OF Corbin Carroll P Hunter Brown P Mitch Bratt SS Corey Seager,,,
1645,5215218857,TroyGilly91 (1/10),0,80.95,1B Joc Pederson 2B Richie Palacios 3B Junior Caminero C Liam Hicks OF Cedric Mullins OF Evan Carter OF Wyatt Langford P Hunter Brown P Mitch Bratt SS Corey Seager,,,
1645,5215345731,clathren (5/20),0,80.95,1B Jonathan Aranda 2B Ketel Marte 3B Junior Caminero C James McCann OF Lars Nootbaar OF Corbin Carroll OF Cam Smith P Hunter Brown P Mitch Bratt SS Corey Seager,,,
1645,5215661671,Mully2987,0,80.95,1B Joc Pederson 2B Vaughn Grissom 3B Isaac Paredes C Salvador Perez OF Shohei Ohtani OF Jake Bauers OF Corbin Carroll P Hunter Brown P Mitch Bratt SS Corey Seager,,,
1645,5215670068,HammerSZN (8/20),0,80.95,1B Jonathan Aranda 2B Ketel Marte 3B Junior Caminero C Austin Wynns OF Brandon Nimmo OF Chandler Simpson OF Wyatt Langford P Hunter Brown P Mitch Bratt SS Corey Seager,,,
1651,5215651671,colbyhornet (12/20),0,80.8,1B Nolan Schanuel 2B Oswald Peraza 3B Vaughn Grissom C Hunter Goodman OF Lars Nootbaar OF Wade Meckler OF Cole Carrigg P Blake Snell P Kyle Harrison SS Zach Neto,,,
1652,5215372206,tybry85 (2/20),0,80.65,1B Jonathan Aranda 2B Ketel Marte 3B Nolan Arenado C James McCann OF Lars Nootbaar OF Corbin Carroll OF Wyatt Langford P Blake Snell P Cody Bradford SS Corey Seager,,,
1652,5215416158,UniversalFriend (3/20),0,80.65,1B Jonathan Aranda 2B Ketel Marte 3B Nolan Arenado C James McCann OF Lars Nootbaar OF Corbin Carroll OF Wyatt Langford P Blake Snell P Cody Bradford SS Corey Seager,,,
1652,5215686576,woodreb5 (4/20),0,80.65,1B Jake Burger 2B Tommy Edman 3B Ezequiel Duran C Ben Rortvedt OF Brandon Nimmo OF Shohei Ohtani OF Wyatt Langford P Blake Snell P Cody Bradford SS Mookie Betts,,,
1652,5215702843,APot30 (13/20),0,80.65,1B Joc Pederson 2B Jose Altuve 3B Isaac Paredes C Yainer Diaz OF Brandon Nimmo OF Yordan Alvarez OF Evan Carter P Blake Snell P Cody Bradford SS Jeremy Pena,,,
1652,5215643471,cmalas (16/20),0,80.649994,1B Joc Pederson 2B Vaughn Grissom 3B Ezequiel Duran C Liam Hicks OF Mike Trout OF Jose Siri OF Wyatt Langford P Nick Martinez P Kyle Harrison SS Zach Neto,,,
1657,5215044013,whoisjohngalt420 (12/20),0,80.55,1B Christian Walker 2B Jose Altuve 3B Isaac Paredes C James McCann OF Corbin Carroll OF Tim Tawa OF Cam Smith P Blake Snell P Hunter Brown SS Jeremy Pena,,,
1657,5215044016,whoisjohngalt420 (15/20),0,80.55,1B Joc Pederson 2B Nicky Lopez 3B Junior Caminero C Austin Wynns OF Jose Siri OF Cedric Mullins OF Wyatt Langford P Blake Snell P Hunter Brown SS Corey Seager,,,
1657,5215023014,jw1984 (9/20),0,80.549995,1B Joc Pederson 2B Oswald Peraza 3B Zack Gelof C Hunter Goodman OF Brandon Nimmo OF Evan Carter OF Wyatt Langford P Blake Snell P Hunter Brown SS Corey Seager,,,
1657,5215075990,ivymoose (20/20),0,80.549995,1B Jake Burger 2B Nicky Lopez 3B Yandy Diaz C Austin Wynns OF Brandon Nimmo OF Lars Nootbaar OF Corbin Carroll P Blake Snell P Hunter Brown SS Corey Seager,,,
1657,5215158363,73pd2x (13/20),0,80.549995,1B Jeff McNeil 2B Tommy Edman 3B Tommy White C Ben Rortvedt OF Shohei Ohtani OF Kyle Tucker OF Zack Gelof P Blake Snell P Hunter Brown SS Mookie Betts,,,
1657,5215654319,expostulate (2/10),0,80.549995,1B Jake Burger 2B Nicky Lopez 3B Ezequiel Duran C Yainer Diaz OF Brandon Nimmo OF Shohei Ohtani OF Evan Carter P Blake Snell P Hunter Brown SS Mookie Betts,,,
1657,5215708511,sportsfan14 (18/20),0,80.549995,1B Joc Pederson 2B Nicky Lopez 3B Max Muncy C Austin Wynns OF Kyle Tucker OF Yordan Alvarez OF Evan Carter P Blake Snell P Hunter Brown SS Corey Seager,,,
1664,5215318704,mrclean913 (15/20),0,80.45,1B Freddie Freeman 2B Brice Turang 3B Max Muncy C Ben Rortvedt OF Mike Trout OF Shohei Ohtani OF Andy Pages P Mitch Bratt P Carson Whisenhunt SS Zach Neto,,,
1664,5215399492,gogosox2005 (1/4),0,80.45,1B Freddie Freeman 2B Ketel Marte 3B Nolan Arenado C Liam Hicks OF Shohei Ohtani OF Lars Nootbaar OF Corbin Carroll P Mitch Bratt P Carson Whisenhunt SS Jeremy Pena,,,
1666,5215144188,kreller17 (9/20),0,80.4,1B Salvador Perez 2B Tommy Edman 3B Nick Loftin C Carter Jensen OF Jake McCarthy OF Jordan Beck OF Jac Caglianone P Nick Martinez P Hunter Brown SS Bobby Witt Jr.,,,
1666,5215652209,Svqueen1221,0,80.4,1B Jac Caglianone 2B Jeff McNeil 3B Isaac Paredes C Gabriel Moreno OF Jake McCarthy OF Jackson Merrill OF Jackson Chourio P Nick Martinez P Hunter Brown SS Ezequiel Tovar,,,
1668,5215641736,bhess777 (9/20),0,80.350006,1B Christian Walker 2B Ketel Marte 3B Nolan Arenado C Gabriel Moreno OF Lars Nootbaar OF Corbin Carroll OF Cam Smith P Walker Buehler P Hunter Brown SS Jeremy Pena,,,
1668,5215679227,KingDean59 (2/8),0,80.35,1B Jonathan Aranda 2B Jeff McNeil 3B Yandy Diaz C Liam Hicks OF Brandon Nimmo OF Zack Gelof OF Chandler Simpson P Walker Buehler P Hunter Brown SS Corey Seager,,,
1670,5215133477,eharig09 (19/20),0,80.25,1B Joc Pederson 2B Jeff McNeil 3B Ezequiel Duran C Jonah Heim OF Zack Gelof OF Tim Tawa OF Henry Bolte P Michael Wacha P Hunter Brown SS Jacob Wilson,,,
1670,5215651701,knox314 (17/20),0,80.25,1B Jonathan Aranda 2B Richie Palacios 3B Yandy Diaz C Liam Hicks OF Cedric Mullins OF Tim Tawa OF Ryan Waldschmidt P Cody Bradford P Kyle Harrison SS Mookie Betts,,,
1672,5215288540,HC0023 (6/20),0,80.2,1B Joc Pederson 2B Ketel Marte 3B Nolan Arenado C Gabriel Moreno OF Yordan Alvarez OF Lars Nootbaar OF Tim Tawa P Kyle Harrison P Mitch Bratt SS Jeremy Pena,,,
1672,5215566168,Hatmanrox (1/2),0,80.2,1B Jake Bauers 2B Ketel Marte 3B Willi Castro C Salvador Perez OF Lars Nootbaar OF Andy Pages OF Corbin Carroll P Kyle Harrison P Mitch Bratt SS Mookie Betts,,,
1672,5215566169,Hatmanrox (2/2),0,80.2,1B Jake Bauers 2B Ketel Marte 3B Willi Castro C Salvador Perez OF Lars Nootbaar OF Andy Pages OF Corbin Carroll P Kyle Harrison P Mitch Bratt SS Mookie Betts,,,
1672,5215631332,texasfrog90,0,80.2,1B Joc Pederson 2B Ketel Marte 3B Nolan Arenado C Gabriel Moreno OF Brandon Nimmo OF Corbin Carroll OF Wyatt Langford P Kyle Harrison P Mitch Bratt SS Corey Seager,,,
1672,5215651670,colbyhornet (11/20),0,80.2,1B Jonathan Aranda 2B Vaughn Grissom 3B Junior Caminero C Moises Ballesteros OF Mike Trout OF Jose Siri OF Jackson Chourio P Hunter Brown P Ryan Johnson SS Zach Neto,,,
1677,5215655657,jetty76 (15/20),0,80.15,1B Joc Pederson 2B Jeff McNeil 3B Junior Caminero C Salvador Perez OF Kyle Tucker OF Daulton Varsho OF Chandler Simpson P Hunter Brown P Kyle Harrison SS Tyler Tolbert,,,
1677,5215344756,lgboogie19,0,80.149994,1B Ildemaro Vargas 2B Richie Palacios 3B Nolan Arenado C Liam Hicks OF Brandon Nimmo OF Corbin Carroll OF Tim Tawa P Hunter Brown P Kyle Harrison SS Tyler Tolbert,,,
1679,5215195088,jsamtoy (14/20),0,80.05,1B Yandy Diaz 2B Jose Altuve 3B Zack Gelof C Liam Hicks OF Cedric Mullins OF Victor Mesa Jr. OF Chandler Simpson P Cody Bradford P Mitch Bratt SS Jeremy Pena,,,
1679,5215243899,sellard (2/3),0,80.05,1B Freddie Freeman 2B Ketel Marte 3B Max Muncy C James McCann OF Brandon Nimmo OF Shohei Ohtani OF Corbin Carroll P Cody Bradford P Mitch Bratt SS Ezequiel Tovar,,,
1681,5215103400,Rene8480 (3/4),0,80,1B Joc Pederson 2B Ketel Marte 3B Ezequiel Duran C James McCann OF Brandon Nimmo OF Corbin Carroll OF Wyatt Langford P Cody Bradford P Hunter Brown SS Corey Seager,,,
1681,5215106749,rsumrall (13/20),0,80,1B Shohei Ohtani 2B Ketel Marte 3B Max Muncy C Ben Rortvedt OF Kyle Tucker OF Lars Nootbaar OF Cam Smith P Cody Bradford P Hunter Brown SS Mookie Betts,,,
1681,5215212756,SilversurferVII (9/20),0,80,1B Connor Norby 2B Ketel Marte 3B Kyle Karros C Hunter Goodman OF Jake McCarthy OF Lars Nootbaar OF Corbin Carroll P Cody Bradford P Hunter Brown SS Ezequiel Tovar,,,
1681,5215222542,DrNickIsIn (2/20),0,80,1B Joc Pederson 2B Ketel Marte 3B Ezequiel Duran C James McCann OF Brandon Nimmo OF Corbin Carroll OF Wyatt Langford P Cody Bradford P Hunter Brown SS Corey Seager,,,
1681,5215573968,hondo777 (1/2),0,80,1B Joc Pederson 2B Ketel Marte 3B Ezequiel Duran C James McCann OF Brandon Nimmo OF Corbin Carroll OF Wyatt Langford P Cody Bradford P Hunter Brown SS Corey Seager,,,
1681,5215624179,jballagh (16/20),0,80,1B Joc Pederson 2B Ketel Marte 3B Ezequiel Duran C James McCann OF Brandon Nimmo OF Corbin Carroll OF Wyatt Langford P Cody Bradford P Hunter Brown SS Corey Seager,,,
1681,5215686573,woodreb5 (1/20),0,80,1B Joc Pederson 2B Ketel Marte 3B Ezequiel Duran C James McCann OF Brandon Nimmo OF Corbin Carroll OF Wyatt Langford P Cody Bradford P Hunter Brown SS Corey Seager,,,
1688,5215121859,thundrenterprises (3/20),0,79.95,1B Salvador Perez 2B Ketel Marte 3B Nick Loftin C Ben Rortvedt OF Mike Trout OF Shohei Ohtani OF Chandler Simpson P Hunter Brown P Mitch Bratt SS Bobby Witt Jr.,,,
1688,5215643463,cmalas (8/20),0,79.95,1B Freddie Freeman 2B Jeff McNeil 3B Max Muncy C James McCann OF Shohei Ohtani OF Carlos Cortes OF Andy Pages P Hunter Brown P Mitch Bratt SS Mookie Betts,,,
1688,5215700308,ralphgonzo10 (5/5),0,79.95,1B Yandy Diaz 2B Ildemaro Vargas 3B Junior Caminero C Liam Hicks OF Brandon Nimmo OF Lars Nootbaar OF Cam Smith P Hunter Brown P Mitch Bratt SS Corey Seager,,,
1691,5215401269,jnwallen (2/17),0,79.9,1B Joc Pederson 2B Jeff McNeil 3B Zack Gelof C Jonah Heim OF Brandon Nimmo OF Evan Carter OF Wyatt Langford P Blake Snell P Michael Wacha SS Corey Seager,,,
1692,5215214844,AbeyBaby88 (2/20),0,79.65,1B Jonathan Aranda 2B Richie Palacios 3B Yandy Diaz C Austin Wynns OF Cedric Mullins OF Chandler Simpson OF Wyatt Langford P Blake Snell P Cody Bradford SS Corey Seager,,,
1692,5215235873,A.Burgos930 (12/20),0,79.65,1B Jake Burger 2B Richie Palacios 3B Yandy Diaz C Austin Wynns OF Brandon Nimmo OF Shohei Ohtani OF Wyatt Langford P Blake Snell P Cody Bradford SS Corey Seager,,,
1692,5215562957,thegoose555,0,79.65,1B Jonathan Aranda 2B Richie Palacios 3B Junior Caminero C Liam Hicks OF Jung Hoo Lee OF Jihwan Bae OF Chandler Simpson P Nick Martinez P Kyle Harrison SS Willy Adames,,,
1695,5214912471,babypooh11701 (2/2),0,79.6,1B Christian Walker 2B Brice Turang 3B Ezequiel Duran C William Contreras OF Lars Nootbaar OF Corbin Carroll OF Chandler Simpson P Blake Snell P Mitch Bratt SS Corey Seager,,,
1695,5215708501,sportsfan14 (8/20),0,79.6,1B Jonathan Aranda 2B Nicky Lopez 3B Junior Caminero C Liam Hicks OF Cedric Mullins OF Evan Carter OF Chandler Simpson P Blake Snell P Mitch Bratt SS Corey Seager,,,
1697,5215106742,rsumrall (6/20),0,79.55,1B Jake Burger 2B Nicky Lopez 3B Junior Caminero C Austin Wynns OF Victor Mesa Jr. OF Evan Carter OF Wyatt Langford P Blake Snell P Hunter Brown SS Jeremy Pena,,,
1697,5215158360,73pd2x (10/20),0,79.55,1B Jonathan Aranda 2B Willi Castro 3B Kyle Karros C Ben Rortvedt OF Kyle Tucker OF Jake McCarthy OF Cole Carrigg P Blake Snell P Hunter Brown SS Ezequiel Tovar,,,
1697,5215177088,SpeedRacer101 (10/20),0,79.549995,1B Freddie Freeman 2B Jeff McNeil 3B Zack Gelof C Ben Rortvedt OF Shohei Ohtani OF Carlos Cortes OF Lawrence Butler P Blake Snell P Hunter Brown SS Jacob Wilson,,,
1697,5215185426,HairyBacks (17/20),0,79.549995,1B Joc Pederson 2B Jeff McNeil 3B Zack Gelof C Hunter Goodman OF Kyle Tucker OF Evan Carter OF Wyatt Langford P Blake Snell P Hunter Brown SS Corey Seager,,,
1697,5215235869,A.Burgos930 (8/20),0,79.549995,1B Joc Pederson 2B Jose Altuve 3B Isaac Paredes C Austin Wynns OF Yordan Alvarez OF Evan Carter OF Cam Smith P Blake Snell P Hunter Brown SS Jeremy Pena,,,
1697,5215272270,jrancor22 (6/20),0,79.549995,1B Joc Pederson 2B Jose Altuve 3B Isaac Paredes C Austin Wynns OF Yordan Alvarez OF Daulton Varsho OF Evan Carter P Blake Snell P Hunter Brown SS Jeremy Pena,,,
1697,5215416161,UniversalFriend (6/20),0,79.549995,1B Joc Pederson 2B Jose Altuve 3B Isaac Paredes C Austin Wynns OF Yordan Alvarez OF Evan Carter OF Cam Smith P Blake Snell P Hunter Brown SS Jeremy Pena,,,
1697,5215513973,andymartin5586 (9/20),0,79.549995,1B Joc Pederson 2B Ketel Marte 3B Ezequiel Duran C James McCann OF Lars Nootbaar OF Evan Carter OF Wyatt Langford P Blake Snell P Hunter Brown SS Corey Seager,,,
1697,5215653643,wormlove3 (5/20),0,79.549995,1B Christian Walker 2B Ketel Marte 3B Ezequiel Duran C Austin Wynns OF Alex Call OF Yordan Alvarez OF Jihwan Bae P Blake Snell P Hunter Brown SS Jeremy Pena,,,
1697,5215653653,wormlove3 (12/20),0,79.549995,1B Christian Walker 2B Ketel Marte 3B Ezequiel Duran C Austin Wynns OF Alex Call OF Yordan Alvarez OF Jihwan Bae P Blake Snell P Hunter Brown SS Jeremy Pena,,,
1697,5215653662,wormlove3 (19/20),0,79.549995,1B Christian Walker 2B Ketel Marte 3B Ezequiel Duran C Austin Wynns OF Alex Call OF Yordan Alvarez OF Jihwan Bae P Blake Snell P Hunter Brown SS Jeremy Pena,,,
1708,5215025255,gograndy,0,79.45,1B Christian Walker 2B Richie Palacios 3B Vaughn Grissom C James McCann OF Yordan Alvarez OF Corbin Carroll OF Jackson Chourio P Nick Martinez P Mitch Bratt SS Jeremy Pena,,,
1708,5215696171,ideagirl13 (2/4),0,79.45,1B Jake Bauers 2B Brice Turang 3B Isaac Paredes C Liam Hicks OF Christian Yelich OF Brandon Nimmo OF Jackson Merrill P Nick Martinez P Mitch Bratt SS Jeremy Pena,,,
1710,5214983960,mattped23 (2/3),0,79.399994,1B Ty France 2B Brice Turang 3B David Hamilton C Luis Campusano OF Christian Yelich OF Jake Bauers OF Jackson Chourio P Hunter Brown P Carson Whisenhunt SS Xander Bogaerts,,,
1711,5215718342,Awalker3081 (19/20),0,79.35,1B Jonathan Aranda 2B Jose Altuve 3B Isaac Paredes C Liam Hicks OF Brandon Nimmo OF Victor Mesa Jr. OF Chandler Simpson P Tomoyuki Sugano P Hunter Brown SS Jeremy Pena,,,
1712,5215133469,eharig09 (11/20),0,79.25,1B Jeff McNeil 2B Ketel Marte 3B Nolan Arenado C Gabriel Moreno OF Carlos Cortes OF Zack Gelof OF Henry Bolte P Michael Wacha P Hunter Brown SS Jacob Wilson,,,
1712,5215609211,JaserD (16/20),0,79.25,1B Jonathan Aranda 2B Richie Palacios 3B Junior Caminero C Yainer Diaz OF Cedric Mullins OF Yordan Alvarez OF Chandler Simpson P Mitch Bratt P Ryan Johnson SS Jeremy Pena,,,
1712,5215651689,knox314 (5/20),0,79.25,1B Liam Hicks 2B Richie Palacios 3B Yandy Diaz C Ben Rortvedt OF Kyle Tucker OF Andy Pages OF Chandler Simpson P Cody Bradford P Kyle Harrison SS Mookie Betts,,,
1715,5215038634,aquafinatim (6/20),0,79.2,1B Jonathan Aranda 2B Richie Palacios 3B Yandy Diaz C Liam Hicks OF Lawrence Butler OF Zack Gelof OF Chandler Simpson P Kyle Harrison P Mitch Bratt SS Jacob Wilson,,,
1715,5215106750,rsumrall (14/20),0,79.2,1B Jonathan Aranda 2B Oswald Peraza 3B Junior Caminero C Liam Hicks OF Victor Mesa Jr. OF Victor Bericoto OF Chandler Simpson P Kyle Harrison P Mitch Bratt SS Zach Neto,,,
1715,5215319615,Dubbzz (20/20),0,79.2,1B Jonathan Aranda 2B Jeff McNeil 3B Yandy Diaz C Liam Hicks OF Cedric Mullins OF Carlos Cortes OF Chandler Simpson P Hunter Brown P Ryan Johnson SS Bobby Witt Jr.,,,
1718,5215102750,herringmw,0,79.15,1B Joc Pederson 2B Willi Castro 3B Kyle Karros C Hunter Goodman OF Brandon Nimmo OF Lars Nootbaar OF Cam Smith P Hunter Brown P Kyle Harrison SS Zach Neto,,,
1718,5215272268,jrancor22 (4/20),0,79.149994,1B Nolan Schanuel 2B Richie Palacios 3B Yandy Diaz C Liam Hicks OF Cedric Mullins OF Lars Nootbaar OF Jordan Beck P Hunter Brown P Kyle Harrison SS Taylor Walls,,,
1720,5215653386,souge369 (2/4),0,79.1,1B Liam Hicks 2B Brice Turang 3B Junior Caminero C James McCann OF Jung Hoo Lee OF Corbin Carroll OF Chandler Simpson P Tomoyuki Sugano P Mason Barnett SS Bobby Witt Jr.,,,
1721,5215054475,ttillie (19/20),0,79.05,1B Jonathan Aranda 2B Richie Palacios 3B Yandy Diaz C Gabriel Moreno OF Lars Nootbaar OF Corbin Carroll OF Chandler Simpson P Cody Bradford P Mitch Bratt SS Jeremy Pena,,,
1721,5215641735,bhess777 (8/20),0,79.05,1B Jonathan Aranda 2B Brice Turang 3B Yandy Diaz C Liam Hicks OF Zack Gelof OF Victor Mesa Jr. OF Wyatt Langford P Cody Bradford P Mitch Bratt SS Corey Seager,,,
1721,5215644792,MarkL1981 (1/3),0,79.05,1B Joc Pederson 2B Brice Turang 3B Yandy Diaz C Yainer Diaz OF Brandon Nimmo OF Shohei Ohtani OF Wyatt Langford P Cody Bradford P Mitch Bratt SS Corey Seager,,,
1721,5215696684,mrfb (9/20),0,79.05,1B Jonathan Aranda 2B Ketel Marte 3B Junior Caminero C Liam Hicks OF Cedric Mullins OF Kyle Tucker OF Chandler Simpson P Cody Bradford P Mitch Bratt SS Nicky Lopez,,,
1721,5215696687,mrfb (12/20),0,79.05,1B Yandy Diaz 2B Nicky Lopez 3B Junior Caminero C Liam Hicks OF Cedric Mullins OF Garrett Mitchell OF Chandler Simpson P Cody Bradford P Mitch Bratt SS Corey Seager,,,
1726,5215383671,Fluffhead017 (18/20),0,79,1B Joc Pederson 2B Richie Palacios 3B Junior Caminero C Austin Wynns OF Cedric Mullins OF Chandler Simpson OF Wyatt Langford P Cody Bradford P Hunter Brown SS Corey Seager,,,
1726,5215512859,TwoHearted (20/20),0,79,1B Jonathan Aranda 2B Richie Palacios 3B Kyle Karros C Liam Hicks OF Jake McCarthy OF Victor Mesa Jr. OF Chandler Simpson P Cody Bradford P Hunter Brown SS Corey Seager,,,
1726,5215621041,Makin-A-Run (3/20),0,79,1B Joc Pederson 2B Brice Turang 3B Junior Caminero C Liam Hicks OF Brandon Nimmo OF Jihwan Bae OF Evan Carter P Cody Bradford P Hunter Brown SS Corey Seager,,,
1726,5215670077,HammerSZN (17/20),0,79,1B Joc Pederson 2B Willi Castro 3B Junior Caminero C Austin Wynns OF Brandon Nimmo OF Evan Carter OF Wyatt Langford P Cody Bradford P Hunter Brown SS Bobby Witt Jr.,,,
1726,5215678503,minfan77 (13/20),0,79,1B Tim Tawa 2B Ketel Marte 3B Ezequiel Duran C Gabriel Moreno OF Brandon Nimmo OF Corbin Carroll OF Ryan Waldschmidt P Cody Bradford P Hunter Brown SS Corey Seager,,,
1731,5215097350,rmprescott,0,78.95,1B Tim Tawa 2B Brice Turang 3B Ezequiel Duran C Austin Wynns OF Mike Trout OF Corbin Carroll OF Jackson Chourio P Hunter Brown P Mitch Bratt SS Corey Seager,,,
1731,5215212754,SilversurferVII (7/20),0,78.95,1B Shohei Ohtani 2B Ketel Marte 3B Nolan Arenado C James McCann OF Lars Nootbaar OF Jihwan Bae OF Corbin Carroll P Hunter Brown P Mitch Bratt SS Bobby Witt Jr.,,,
1731,5215251222,Wanna_Square_Up1567 (13/20),0,78.95,1B Shohei Ohtani 2B Michael Massey 3B Max Muncy C Salvador Perez OF Kyle Tucker OF Jihwan Bae OF Andy Pages P Hunter Brown P Mitch Bratt SS Mookie Betts,,,
1731,5215413759,Darkmen715 (4/20),0,78.95,1B Jonathan Aranda 2B Ketel Marte 3B Yandy Diaz C Gabriel Moreno OF Cedric Mullins OF Lawrence Butler OF Evan Carter P Hunter Brown P Mitch Bratt SS Corey Seager,,,
1731,5215413762,Darkmen715 (7/20),0,78.95,1B Jonathan Aranda 2B Ketel Marte 3B Yandy Diaz C Gabriel Moreno OF Cedric Mullins OF John Rave OF Tim Tawa P Hunter Brown P Mitch Bratt SS Corey Seager,,,
1731,5215609206,JaserD (11/20),0,78.95,1B Liam Hicks 2B Ketel Marte 3B Nolan Arenado C James McCann OF Lars Nootbaar OF Corbin Carroll OF Chandler Simpson P Hunter Brown P Mitch Bratt SS Jeremy Pena,,,
1731,5215669531,SkyU27 (5/10),0,78.95,1B Jonathan Aranda 2B Richie Palacios 3B Junior Caminero C Liam Hicks OF Brandon Nimmo OF Evan Carter OF Chandler Simpson P Hunter Brown P Mitch Bratt SS Corey Seager,,,
1731,5215670061,HammerSZN (1/20),0,78.95,1B Shohei Ohtani 2B Jeff McNeil 3B Junior Caminero C Salvador Perez OF Brandon Nimmo OF Lawrence Butler OF Wyatt Langford P Hunter Brown P Mitch Bratt SS Corey Seager,,,
1731,5215713357,SICKHEMI (20/20),0,78.95,1B Jonathan Aranda 2B Donovan Walton 3B Junior Caminero C Jonah Heim OF Andy Pages OF Lawrence Butler OF Zack Gelof P Hunter Brown P Mitch Bratt SS Jacob Wilson,,,
1740,5215636825,TheKingKaz (5/8),0,78.9,1B Christian Walker 2B Jose Altuve 3B Ezequiel Duran C Hunter Goodman OF Jake McCarthy OF Evan Carter OF Cole Carrigg P Blake Snell P Michael Wacha SS Ezequiel Tovar,,,
1741,5215251214,Wanna_Square_Up1567 (5/20),0,78.85,1B Jake Bauers 2B Brice Turang 3B Zack Gelof C Moises Ballesteros OF Christian Yelich OF Jihwan Bae OF Jackson Chourio P Blake Snell P Ryan Johnson SS Zach Neto,,,
1742,5214982205,Swishdakyng (13/20),0,78.8,1B Nolan Schanuel 2B Ketel Marte 3B Vaughn Grissom C Moises Ballesteros OF Jose Siri OF Kyle Tucker OF Andy Pages P Blake Snell P Kyle Harrison SS Zach Neto,,,
1742,5215491838,wazzu24 (19/20),0,78.799995,1B Shohei Ohtani 2B Oswald Peraza 3B Vaughn Grissom C Ben Rortvedt OF Alex Call OF Andy Pages OF Chandler Simpson P Blake Snell P Kyle Harrison SS Mookie Betts,,,
1744,5215246772,soonerdallas (13/20),0,78.75,1B Joc Pederson 2B Ketel Marte 3B Nolan Arenado C Gabriel Moreno OF Mickey Moniak OF Corbin Carroll OF Ryan Waldschmidt P Cody Bradford P Mason Barnett SS Bobby Witt Jr.,,,
1744,5215674491,dillmaak2022 (8/20),0,78.75,1B Shohei Ohtani 2B Ketel Marte 3B Nolan Arenado C Gabriel Moreno OF Kyle Tucker OF Lars Nootbaar OF Corbin Carroll P Cody Bradford P Mason Barnett SS Mookie Betts,,,
1746,5215070295,LTskelter (12/20),0,78.65,1B Jonathan Aranda 2B Richie Palacios 3B Yandy Diaz C Liam Hicks OF Mike Trout OF Jose Siri OF Chandler Simpson P Kyle Harrison P Carson Whisenhunt SS Zach Neto,,,
1746,5215341394,fantasy_catastrophe,0,78.649994,1B Jake Bauers 2B Jeff McNeil 3B Yandy Diaz C James McCann OF Christian Yelich OF Kyle Tucker OF Andy Pages P Nick Martinez P Kyle Harrison SS Taylor Walls,,,
1748,5214987586,apforadori (3/3),0,78.55,1B Jeff McNeil 2B Jose Altuve 3B Isaac Paredes C James McCann OF Brandon Nimmo OF Corbin Carroll OF Chandler Simpson P Blake Snell P Hunter Brown SS Corey Seager,,,
1748,5215287770,mickey615,0,78.55,1B Jeff McNeil 2B Jose Altuve 3B Isaac Paredes C James McCann OF Brandon Nimmo OF Corbin Carroll OF Chandler Simpson P Blake Snell P Hunter Brown SS Corey Seager,,,
1748,5215708502,sportsfan14 (9/20),0,78.55,1B Nolan Schanuel 2B Oswald Peraza 3B Vaughn Grissom C Hunter Goodman OF Mike Trout OF Brandon Nimmo OF Jose Siri P Blake Snell P Hunter Brown SS Corey Seager,,,
1748,5215370179,brockstar5 (6/20),0,78.549995,1B Joc Pederson 2B Jeff McNeil 3B Ezequiel Duran C Jonah Heim OF Brandon Nimmo OF Zack Gelof OF Wyatt Langford P Blake Snell P Hunter Brown SS Corey Seager,,,
1752,5215643457,cmalas (2/20),0,78.45,1B Jonathan Aranda 2B Richie Palacios 3B Junior Caminero C Liam Hicks OF Shohei Ohtani OF Chandler Simpson OF Wyatt Langford P Mitch Bratt P Carson Whisenhunt SS Corey Seager,,,
1752,5215661255,Mige1 (11/20),0,78.45,1B Jonathan Aranda 2B Richie Palacios 3B Junior Caminero C Liam Hicks OF Shohei Ohtani OF Chandler Simpson OF Wyatt Langford P Mitch Bratt P Carson Whisenhunt SS Corey Seager,,,
1752,5215701273,TNeidert (20/20),0,78.45,1B Jonathan Aranda 2B Brice Turang 3B Yandy Diaz C Liam Hicks OF Christian Yelich OF Garrett Mitchell OF Jackson Chourio P Nick Martinez P Mitch Bratt SS Nicky Lopez,,,
1755,5215661262,Mige1 (18/20),0,78.399994,1B Jonathan Aranda 2B Brice Turang 3B David Hamilton C Gabriel Moreno OF Jake Bauers OF Garrett Mitchell OF Jackson Chourio P Hunter Brown P Carson Whisenhunt SS Taylor Walls,,,
1756,5214982200,Swishdakyng (8/20),0,78.35,1B Jonathan Aranda 2B Richie Palacios 3B Yandy Diaz C Austin Wynns OF Cedric Mullins OF Andy Pages OF Chandler Simpson P Walker Buehler P Hunter Brown SS Corey Seager,,,
1756,5215621054,Makin-A-Run (16/20),0,78.35,1B Jonathan Aranda 2B Jeff McNeil 3B Junior Caminero C Liam Hicks OF Kyle Tucker OF Jordan Beck OF Chandler Simpson P Walker Buehler P Hunter Brown SS Corey Seager,,,
1756,5215678506,minfan77 (16/20),0,78.35,1B Jonathan Aranda 2B Willi Castro 3B Junior Caminero C Liam Hicks OF Cedric Mullins OF Jordan Beck OF Chandler Simpson P Walker Buehler P Hunter Brown SS Ezequiel Tovar,,,
1759,5214854886,jrevelle3 (13/20),0,78.25,1B Joc Pederson 2B Nicky Lopez 3B Zack Gelof C Hunter Goodman OF Lawrence Butler OF Corbin Carroll OF Cole Carrigg P Cody Bradford P Kyle Harrison SS Corey Seager,,,
1759,5215133475,eharig09 (17/20),0,78.25,1B Tim Tawa 2B Ketel Marte 3B David Hamilton C Gabriel Moreno OF Corbin Carroll OF Wyatt Langford OF Ryan Waldschmidt P Michael Wacha P Hunter Brown SS Nicky Lopez,,,
1759,5215318691,mrclean913 (2/20),0,78.25,1B Nolan Schanuel 2B Vaughn Grissom 3B Willi Castro C Moises Ballesteros OF Mike Trout OF Jake McCarthy OF Cole Carrigg P Michael Wacha P Hunter Brown SS Zach Neto,,,
1759,5215478638,kfahey42,0,78.25,1B Jac Caglianone 2B Jeff McNeil 3B Nolan Arenado C Gabriel Moreno OF Kyle Tucker OF Jackson Merrill OF Cam Smith P Michael Wacha P Hunter Brown SS Jeremy Pena,,,
1759,5215491820,wazzu24 (1/20),0,78.25,1B Joc Pederson 2B Ketel Marte 3B Nick Loftin C Carter Jensen OF Brandon Nimmo OF Evan Carter OF Jac Caglianone P Cody Bradford P Kyle Harrison SS Bobby Witt Jr.,,,
1764,5215383654,Fluffhead017 (1/20),0,78.2,1B Jonathan Aranda 2B Willi Castro 3B Kyle Karros C Hunter Goodman OF Shohei Ohtani OF Andy Pages OF Cole Carrigg P Hunter Brown P Ryan Johnson SS Ezequiel Tovar,,,
1764,5215611403,massajmike,0,78.2,1B Joc Pederson 2B Ketel Marte 3B Junior Caminero C Liam Hicks OF Kyle Isbel OF Chandler Simpson OF Wyatt Langford P Kyle Harrison P Mitch Bratt SS Corey Seager,,,
1764,5215678497,minfan77 (7/20),0,78.2,1B Joc Pederson 2B Nicky Lopez 3B Yandy Diaz C Liam Hicks OF Cedric Mullins OF Victor Mesa Jr. OF Chandler Simpson P Kyle Harrison P Mitch Bratt SS Corey Seager,,,
1767,5214969344,Schoey17 (5/8),0,78.05,1B Shohei Ohtani 2B Ketel Marte 3B Nolan Arenado C Gabriel Moreno OF Kyle Tucker OF Lars Nootbaar OF Corbin Carroll P Cody Bradford P Mitch Bratt SS Jacob Wilson,,,
1767,5215023024,jw1984 (19/20),0,78.05,1B Jonathan Aranda 2B Richie Palacios 3B Junior Caminero C James McCann OF Cedric Mullins OF Corbin Carroll OF Chandler Simpson P Cody Bradford P Mitch Bratt SS Corey Seager,,,
1767,5215164373,melvincali (9/20),0,78.05,1B Shohei Ohtani 2B Willi Castro 3B Kyle Karros C James McCann OF Jake McCarthy OF Mickey Moniak OF Cole Carrigg P Blake Snell P Carson Whisenhunt SS Corey Seager,,,
1767,5215360034,cachedinar (19/20),0,78.05,1B Joc Pederson 2B Ketel Marte 3B Ezequiel Duran C Jonah Heim OF Brandon Nimmo OF Yordan Alvarez OF Wyatt Langford P Cody Bradford P Mitch Bratt SS Corey Seager,,,
1767,5215585746,scohen21 (10/20),0,78.05,1B Jonathan Aranda 2B Richie Palacios 3B Yandy Diaz C Liam Hicks OF Brandon Nimmo OF Shohei Ohtani OF Chandler Simpson P Cody Bradford P Mitch Bratt SS Corey Seager,,,
1772,5215164384,melvincali (20/20),0,78,1B Jake Burger 2B Ketel Marte 3B Ezequiel Duran C Austin Wynns OF Shohei Ohtani OF Jake McCarthy OF Evan Carter P Blake Snell P Walker Buehler SS Corey Seager,,,
1772,5215252486,swiftyjb (2/4),0,78,1B Jake Bauers 2B Ketel Marte 3B Nick Loftin C Hunter Goodman OF Cedric Mullins OF Victor Mesa Jr. OF Cam Smith P Cody Bradford P Hunter Brown SS Ezequiel Tovar,,,
1772,5215272284,jrancor22 (20/20),0,78,1B Joc Pederson 2B Nicky Lopez 3B Ezequiel Duran C Hunter Goodman OF Cedric Mullins OF Victor Mesa Jr. OF Chandler Simpson P Cody Bradford P Hunter Brown SS Corey Seager,,,
1772,5215621046,Makin-A-Run (8/20),0,78,1B Joc Pederson 2B Nicky Lopez 3B Junior Caminero C Austin Wynns OF Cedric Mullins OF Victor Mesa Jr. OF Wyatt Langford P Cody Bradford P Hunter Brown SS Corey Seager,,,
1772,5215621052,Makin-A-Run (14/20),0,78,1B Jonathan Aranda 2B Jeff McNeil 3B Yandy Diaz C Liam Hicks OF Carlos Cortes OF Lawrence Butler OF Chandler Simpson P Cody Bradford P Hunter Brown SS Corey Seager,,,
1772,5215631041,oldfoozer (1/2),0,78,1B Christian Walker 2B Jose Altuve 3B Manny Machado C James McCann OF Brandon Nimmo OF Alex Call OF Yordan Alvarez P Cody Bradford P Hunter Brown SS Mookie Betts,,,
1772,5215638510,dana522,0,78,1B Joc Pederson 2B Jeff McNeil 3B Kyle Karros C Hunter Goodman OF Christian Yelich OF Wyatt Langford OF Cole Carrigg P Cody Bradford P Hunter Brown SS Jeremy Pena,,,
1772,5215664996,62caddyconvert,0,78,1B Yandy Diaz 2B Ildemaro Vargas 3B Junior Caminero C Liam Hicks OF Jordan Beck OF Victor Bericoto OF Chandler Simpson P Cody Bradford P Hunter Brown SS Xander Bogaerts,,,
1772,5215702835,APot30 (5/20),0,78,1B Joc Pederson 2B Ketel Marte 3B Nolan Arenado C James McCann OF Jake McCarthy OF Lars Nootbaar OF Corbin Carroll P Cody Bradford P Hunter Brown SS Corey Seager,,,
1781,5215457590,Just4Chuckles,0,77.95,1B Jonathan Aranda 2B Ketel Marte 3B Ezequiel Duran C James McCann OF Mike Trout OF Brandon Nimmo OF Corbin Carroll P Hunter Brown P Mitch Bratt SS Corey Seager,,,
1781,5215578149,chfen07 (1/20),0,77.95,1B Tim Tawa 2B Ketel Marte 3B Nolan Arenado C James McCann OF Yordan Alvarez OF Lars Nootbaar OF Andy Pages P Hunter Brown P Mitch Bratt SS Jeremy Pena,,,
1781,5215647858,KING--13 (7/10),0,77.95,1B Tim Tawa 2B Ketel Marte 3B Zack Gelof C Gabriel Moreno OF Lars Nootbaar OF Corbin Carroll OF Wyatt Langford P Hunter Brown P Mitch Bratt SS Corey Seager,,,
1784,5215513980,andymartin5586 (16/20),0,77.799995,1B Joc Pederson 2B Ketel Marte 3B Nolan Arenado C James McCann OF Brandon Nimmo OF Evan Carter OF Wyatt Langford P Blake Snell P Kyle Harrison SS Corey Seager,,,
1784,5215695211,SnowAngel74 (4/20),0,77.799995,1B Jake Bauers 2B Brice Turang 3B Max Muncy C Ben Rortvedt OF Christian Yelich OF Alex Call OF Jihwan Bae P Blake Snell P Kyle Harrison SS Mookie Betts,,,
1786,5215144443,untouchables-420 (9/10),0,77.65,1B Joc Pederson 2B Brice Turang 3B Ezequiel Duran C Austin Wynns OF Yordan Alvarez OF Lars Nootbaar OF Evan Carter P Blake Snell P Cody Bradford SS Corey Seager,,,
1786,5214940875,nycgator12,0,77.649994,1B Jonathan Aranda 2B Jeff McNeil 3B Yandy Diaz C Liam Hicks OF Kyle Tucker OF Lars Nootbaar OF Chandler Simpson P Blake Snell P Cody Bradford SS Corey Seager,,,
1786,5215054459,ttillie (3/20),0,77.649994,1B Freddie Freeman 2B Jose Altuve 3B Kyle Karros C James McCann OF Jake McCarthy OF Andy Pages OF Tim Tawa P Blake Snell P Cody Bradford SS Jeremy Pena,,,
1786,5215322734,Q33Q,0,77.649994,1B Joc Pederson 2B Donovan Walton 3B Yandy Diaz C James McCann OF Yordan Alvarez OF Victor Bericoto OF Jackson Chourio P Nick Martinez P Kyle Harrison SS Tyler Tolbert,,,
1786,5215331995,jeffylube (15/20),0,77.649994,1B Jonathan Aranda 2B Jeff McNeil 3B Zack Gelof C Hunter Goodman OF Brandon Nimmo OF Wyatt Langford OF Cole Carrigg P Blake Snell P Cody Bradford SS Corey Seager,,,
1786,5215346432,LOCNOTM (4/20),0,77.649994,1B Jonathan Aranda 2B Nicky Lopez 3B Junior Caminero C Austin Wynns OF Brandon Nimmo OF Chandler Simpson OF Wyatt Langford P Blake Snell P Cody Bradford SS Corey Seager,,,
1786,5215431143,brontoball,0,77.649994,1B Bryce Eldridge 2B Jose Altuve 3B Max Muncy C Jonah Heim OF Kyle Tucker OF Jung Hoo Lee OF Zack Gelof P Nick Martinez P Kyle Harrison SS Mookie Betts,,,
1793,5215039594,Satch65 (3/20),0,77.55,1B Jonathan Aranda 2B Nicky Lopez 3B Ezequiel Duran C Liam Hicks OF Victor Mesa Jr. OF Evan Carter OF Chandler Simpson P Blake Snell P Hunter Brown SS Corey Seager,,,
1793,5215075980,ivymoose (10/20),0,77.55,1B Liam Hicks 2B Jeff McNeil 3B Junior Caminero C Austin Wynns OF Brandon Nimmo OF Evan Carter OF Wyatt Langford P Blake Snell P Hunter Brown SS Corey Seager,,,
1793,5215164376,melvincali (12/20),0,77.55,1B Connor Norby 2B Jose Altuve 3B Kyle Karros C Yainer Diaz OF Jake McCarthy OF Cam Smith OF Cole Carrigg P Blake Snell P Hunter Brown SS Jeremy Pena,,,
1793,5215664396,Albino_Zebra (12/20),0,77.55,1B Christian Walker 2B Oswald Peraza 3B Vaughn Grissom C Tyler Heineman OF Mike Trout OF Shohei Ohtani OF Cam Smith P Blake Snell P Hunter Brown SS Zach Neto,,,
1793,5215705562,rsciero (3/5),0,77.55,1B Jeff McNeil 2B Jose Altuve 3B Isaac Paredes C Yainer Diaz OF Corbin Carroll OF Cam Smith OF Chandler Simpson P Blake Snell P Hunter Brown SS Corey Seager,,,
1793,5215261728,Do_Figolo_Chip (2/7),0,77.549995,1B Joc Pederson 2B Jeff McNeil 3B Isaac Paredes C Jonah Heim OF Yordan Alvarez OF Lars Nootbaar OF Jordan Beck P Blake Snell P Hunter Brown SS Jeremy Pena,,,
1793,5215319598,Dubbzz (3/20),0,77.549995,1B Jonathan Aranda 2B Richie Palacios 3B Isaac Paredes C Yainer Diaz OF Daulton Varsho OF Cam Smith OF Chandler Simpson P Blake Snell P Hunter Brown SS Jeremy Pena,,,
1800,5215696172,ideagirl13 (3/4),0,77.45,1B Jake Bauers 2B Brice Turang 3B Isaac Paredes C Salvador Perez OF Mike Trout OF Christian Yelich OF Brandon Nimmo P Nick Martinez P Mitch Bratt SS Jeremy Pena,,,
1801,5215679233,KingDean59 (8/8),0,77.4,1B Jonathan Aranda 2B Jeff McNeil 3B Yandy Diaz C Liam Hicks OF Brandon Nimmo OF Lars Nootbaar OF Chandler Simpson P Nick Martinez P Hunter Brown SS Corey Seager,,,
1801,5215521964,HIghtower83 (1/4),0,77.399994,1B Jake Bauers 2B Jose Altuve 3B David Hamilton C Jonah Heim OF Yordan Alvarez OF Lars Nootbaar OF Ryan Waldschmidt P Nick Martinez P Hunter Brown SS Taylor Walls,,,
1801,5215667234,HIghtower83 (3/4),0,77.399994,1B Jake Bauers 2B Jose Altuve 3B David Hamilton C Jonah Heim OF Yordan Alvarez OF Lars Nootbaar OF Ryan Waldschmidt P Nick Martinez P Hunter Brown SS Taylor Walls,,,
1804,5215029966,az350z (14/20),0,77.35,1B Shohei Ohtani 2B Ketel Marte 3B Nolan Arenado C Gabriel Moreno OF Carlos Cortes OF Lars Nootbaar OF Ryan Waldschmidt P Walker Buehler P Hunter Brown SS Jacob Wilson,,,
1805,5215014259,Reboot78 (9/20),0,77.25,1B Jonathan Aranda 2B Jose Altuve 3B Junior Caminero C Ben Rortvedt OF Shohei Ohtani OF Jihwan Bae OF Victor Mesa Jr. P Cody Bradford P Kyle Harrison SS Taylor Walls,,,
1806,5215045699,FoxyGrandpa252 (1/20),0,77.2,1B Shohei Ohtani 2B Brice Turang 3B Max Muncy C Ben Rortvedt OF Jihwan Bae OF Andy Pages OF Jackson Chourio P Hunter Brown P Ryan Johnson SS Mookie Betts,,,
1806,5215450166,darrylposton (1/20),0,77.2,1B Tim Tawa 2B Brice Turang 3B Nolan Arenado C Gabriel Moreno OF Jake Bauers OF Lars Nootbaar OF Corbin Carroll P Kyle Harrison P Mitch Bratt SS Zach Neto,,,
1806,5215609208,JaserD (13/20),0,77.2,1B Shohei Ohtani 2B Tommy Edman 3B Nolan Arenado C Gabriel Moreno OF Kyle Tucker OF Lars Nootbaar OF Andy Pages P Hunter Brown P Ryan Johnson SS Mookie Betts,,,
1806,5215713356,SICKHEMI (19/20),0,77.2,1B Tim Tawa 2B Ildemaro Vargas 3B Yandy Diaz C James McCann OF Yordan Alvarez OF Lars Nootbaar OF Corbin Carroll P Hunter Brown P Ryan Johnson SS Jeremy Pena,,,
1810,5215184353,cadezane1 (3/3),0,77.05,1B Yandy Diaz 2B Jose Altuve 3B Isaac Paredes C Yainer Diaz OF Yordan Alvarez OF Andy Pages OF Tim Tawa P Cody Bradford P Mitch Bratt SS Jeremy Pena,,,
1810,5215491839,wazzu24 (20/20),0,77.05,1B Jonathan Aranda 2B Ketel Marte 3B Yandy Diaz C Yainer Diaz OF Yordan Alvarez OF Daulton Varsho OF Cam Smith P Cody Bradford P Mitch Bratt SS Jeremy Pena,,,
1812,5214854892,jrevelle3 (19/20),0,77,1B Joc Pederson 2B Jose Altuve 3B Isaac Paredes C Yainer Diaz OF Alex Call OF Yordan Alvarez OF Tim Tawa P Cody Bradford P Hunter Brown SS Jeremy Pena,,,
1812,5214866660,Sammy.Boy (10/20),0,77,1B Yandy Diaz 2B Richie Palacios 3B Junior Caminero C Austin Wynns OF Brandon Nimmo OF Evan Carter OF Wyatt Langford P Cody Bradford P Hunter Brown SS Corey Seager,,,
1812,5215075982,ivymoose (12/20),0,77,1B Yandy Diaz 2B Richie Palacios 3B Junior Caminero C Austin Wynns OF Brandon Nimmo OF Evan Carter OF Wyatt Langford P Cody Bradford P Hunter Brown SS Corey Seager,,,
1812,5215608088,KILLANADZ24,0,77,1B Joc Pederson 2B Jeff McNeil 3B Zack Gelof C Gabriel Moreno OF Jake McCarthy OF Jackson Merrill OF Cole Carrigg P Cody Bradford P Hunter Brown SS Jacob Wilson,,,
1812,5215702841,APot30 (11/20),0,77,1B Tim Tawa 2B Ketel Marte 3B Nick Loftin C James McCann OF Jake McCarthy OF Lars Nootbaar OF Corbin Carroll P Cody Bradford P Hunter Brown SS Bobby Witt Jr.,,,
1817,5215070301,LTskelter (18/20),0,76.95,1B Jake Bauers 2B Brice Turang 3B Nolan Arenado C Gabriel Moreno OF Lars Nootbaar OF Corbin Carroll OF Ryan Waldschmidt P Hunter Brown P Mitch Bratt SS Zach Neto,,,
1817,5215098967,billbush,0,76.95,1B Jake Bauers 2B Jose Altuve 3B Isaac Paredes C Salvador Perez OF Corbin Carroll OF Cam Smith OF Chandler Simpson P Hunter Brown P Mitch Bratt SS Bobby Witt Jr.,,,
1817,5215212758,SilversurferVII (11/20),0,76.95,1B Jonathan Aranda 2B Richie Palacios 3B Yandy Diaz C Liam Hicks OF Brandon Nimmo OF Chandler Simpson OF Wyatt Langford P Hunter Brown P Mitch Bratt SS Corey Seager,,,
1817,5215491825,wazzu24 (6/20),0,76.95,1B Joc Pederson 2B Nicky Lopez 3B Junior Caminero C Liam Hicks OF Evan Carter OF Chandler Simpson OF Wyatt Langford P Hunter Brown P Mitch Bratt SS Corey Seager,,,
1817,5215632588,Emac (20/20),0,76.95,1B Jonathan Aranda 2B Jose Altuve 3B Junior Caminero C Moises Ballesteros OF Mike Trout OF Jose Siri OF Kyle Tucker P Hunter Brown P Mitch Bratt SS Zach Neto,,,
1817,5215651699,knox314 (15/20),0,76.95,1B Jonathan Aranda 2B Richie Palacios 3B Yandy Diaz C Liam Hicks OF Brandon Nimmo OF Chandler Simpson OF Wyatt Langford P Hunter Brown P Mitch Bratt SS Corey Seager,,,
1817,5215717925,cacolbe (1/16),0,76.95,1B Joc Pederson 2B Nicky Lopez 3B Yandy Diaz C Liam Hicks OF Brandon Nimmo OF Shohei Ohtani OF Wyatt Langford P Hunter Brown P Mitch Bratt SS Corey Seager,,,
1817,5215717935,cacolbe (11/16),0,76.95,1B Joc Pederson 2B Nicky Lopez 3B Yandy Diaz C Liam Hicks OF Brandon Nimmo OF Shohei Ohtani OF Wyatt Langford P Hunter Brown P Mitch Bratt SS Corey Seager,,,
1825,5215063333,iamawful (6/6),0,76.8,1B Joc Pederson 2B Jose Altuve 3B Kyle Karros C Austin Wynns OF Brandon Nimmo OF Yordan Alvarez OF Evan Carter P Blake Snell P Kyle Harrison SS Jeremy Pena,,,
1825,5215068391,pat_the_hat2 (8/20),0,76.799995,1B Rafael Devers 2B Oswald Peraza 3B Vaughn Grissom C Hunter Goodman OF Jose Siri OF Victor Mesa Jr. OF Victor Bericoto P Blake Snell P Kyle Harrison SS Willy Adames,,,
1827,5215416167,UniversalFriend (12/20),0,76.65,1B Joc Pederson 2B Nicky Lopez 3B Max Muncy C Austin Wynns OF Shohei Ohtani OF Andy Pages OF Wyatt Langford P Blake Snell P Cody Bradford SS Corey Seager,,,
1827,5215641740,bhess777 (13/20),0,76.65,1B Joc Pederson 2B Willi Castro 3B Kyle Karros C Hunter Goodman OF Jake McCarthy OF Andy Pages OF Wyatt Langford P Kyle Harrison P Carson Whisenhunt SS Zach Neto,,,
1827,5215069585,KaChingPlayers,0,76.649994,1B Freddie Freeman 2B Jeff McNeil 3B Junior Caminero C Moises Ballesteros OF Brandon Nimmo OF Shohei Ohtani OF Ryan Waldschmidt P Blake Snell P Cody Bradford SS Ezequiel Tovar,,,
1827,5215651672,colbyhornet (13/20),0,76.649994,1B Jake Burger 2B Nicky Lopez 3B Ezequiel Duran C Gabriel Moreno OF Fernando Tatis Jr. OF Corbin Carroll OF Evan Carter P Blake Snell P Cody Bradford SS Corey Seager,,,
1831,5215331989,jeffylube (9/20),0,76.6,1B Jeff McNeil 2B Brice Turang 3B Zack Gelof C William Contreras OF Lars Nootbaar OF Corbin Carroll OF Jackson Chourio P Blake Snell P Mitch Bratt SS Corey Seager,,,
1831,5215645918,Stagnet,0,76.6,1B Jonathan Aranda 2B Jose Altuve 3B Yandy Diaz C Liam Hicks OF Lars Nootbaar OF Zack Gelof OF Wyatt Langford P Blake Snell P Mitch Bratt SS Corey Seager,,,
1831,5215713349,SICKHEMI (12/20),0,76.6,1B Shohei Ohtani 2B Nicky Lopez 3B Junior Caminero C Austin Wynns OF Brandon Nimmo OF Cedric Mullins OF Wyatt Langford P Blake Snell P Mitch Bratt SS Corey Seager,,,
1834,5215235862,A.Burgos930 (1/20),0,76.55,1B Jake Burger 2B Jeff McNeil 3B Junior Caminero C Austin Wynns OF Brandon Nimmo OF Zack Gelof OF Wyatt Langford P Blake Snell P Hunter Brown SS Corey Seager,,,
1834,5215272271,jrancor22 (7/20),0,76.549995,1B Jake Burger 2B Ketel Marte 3B Nolan Arenado C Gabriel Moreno OF Brandon Nimmo OF Lars Nootbaar OF Evan Carter P Blake Snell P Hunter Brown SS Corey Seager,,,
1836,5215657510,BuckeyeCity (11/20),0,76.45,1B Shohei Ohtani 2B Willi Castro 3B Max Muncy C Hunter Goodman OF Andy Pages OF Jordan Beck OF Victor Bericoto P Walker Buehler P Cody Bradford SS Willy Adames,,,
1837,5215396640,silencetheg (4/20),0,76.4,1B Jonathan Aranda 2B Jose Altuve 3B Isaac Paredes C Yainer Diaz OF Yordan Alvarez OF Corbin Carroll OF Chandler Simpson P Walker Buehler P Mitch Bratt SS Jeremy Pena,,,
1838,5215597643,vegasjc21,0,76.35,1B Nolan Schanuel 2B Jeff McNeil 3B Tommy White C James McCann OF Jackson Merrill OF Chandler Simpson OF Cole Carrigg P Tomoyuki Sugano P Hunter Brown SS Jacob Wilson,,,
1839,5215014256,Reboot78 (6/20),0,76.25,1B Joc Pederson 2B Ketel Marte 3B Junior Caminero C Austin Wynns OF Jihwan Bae OF Corbin Carroll OF Wyatt Langford P Cody Bradford P Kyle Harrison SS Corey Seager,,,
1839,5215133180,eharig09 (1/20),0,76.25,1B Joc Pederson 2B Ildemaro Vargas 3B Nolan Arenado C James McCann OF Brandon Nimmo OF Corbin Carroll OF Ryan Waldschmidt P Michael Wacha P Hunter Brown SS Corey Seager,,,
1841,5215063759,codyewell (9/20),0,76.2,1B Tim Tawa 2B Nicky Lopez 3B Junior Caminero C Liam Hicks OF Cedric Mullins OF Victor Mesa Jr. OF Chandler Simpson P Kyle Harrison P Mitch Bratt SS Corey Seager,,,
1841,5215632585,Emac (17/20),0,76.2,1B Joc Pederson 2B Oswald Peraza 3B Junior Caminero C Salvador Perez OF Brandon Nimmo OF Corbin Carroll OF Wyatt Langford P Kyle Harrison P Mitch Bratt SS Corey Seager,,,
1841,5215674446,lefty4488 (2/15),0,76.2,1B Joc Pederson 2B Brice Turang 3B Junior Caminero C Jonah Heim OF Carlos Cortes OF Zack Gelof OF Henry Bolte P Kyle Harrison P Mitch Bratt SS Jacob Wilson,,,
1844,5215185429,HairyBacks (20/20),0,76.149994,1B Joc Pederson 2B Richie Palacios 3B Yandy Diaz C Austin Wynns OF Brandon Nimmo OF Corbin Carroll OF Evan Carter P Hunter Brown P Kyle Harrison SS Corey Seager,,,
1845,5215044011,whoisjohngalt420 (10/20),0,76.05,1B Jake Burger 2B Ketel Marte 3B Nick Loftin C Salvador Perez OF Shohei Ohtani OF Corbin Carroll OF Wyatt Langford P Cody Bradford P Mitch Bratt SS Bobby Witt Jr.,,,
1845,5215063753,codyewell (3/20),0,76.05,1B Jonathan Aranda 2B Richie Palacios 3B Junior Caminero C Liam Hicks OF Cedric Mullins OF Lars Nootbaar OF Corbin Carroll P Cody Bradford P Mitch Bratt SS Corey Seager,,,
1845,5215227021,Creetz5,0,76.05,1B Christian Walker 2B Ketel Marte 3B Ezequiel Duran C Salvador Perez OF Mike Trout OF Corbin Carroll OF Jackson Chourio P Cody Bradford P Mitch Bratt SS Corey Seager,,,
1845,5215235879,A.Burgos930 (18/20),0,76.05,1B Jonathan Aranda 2B Ketel Marte 3B Yandy Diaz C Gabriel Moreno OF Lars Nootbaar OF Corbin Carroll OF Wyatt Langford P Cody Bradford P Mitch Bratt SS Corey Seager,,,
1845,5215248792,stumpfest,0,76.05,1B Freddie Freeman 2B Ketel Marte 3B Ezequiel Duran C Carter Jensen OF Jake McCarthy OF Lars Nootbaar OF Jackson Chourio P Cody Bradford P Mitch Bratt SS Mookie Betts,,,
1845,5215396642,silencetheg (6/20),0,76.05,1B Jonathan Aranda 2B Jose Altuve 3B Yandy Diaz C Yainer Diaz OF Yordan Alvarez OF Daulton Varsho OF Victor Mesa Jr. P Cody Bradford P Mitch Bratt SS Jeremy Pena,,,
1845,5215420720,mauka95 (1/4),0,76.05,1B Yandy Diaz 2B Jose Altuve 3B Junior Caminero C Liam Hicks OF Brandon Nimmo OF Evan Carter OF Wyatt Langford P Cody Bradford P Mitch Bratt SS Corey Seager,,,
1845,5215651675,colbyhornet (16/20),0,76.05,1B Jonathan Aranda 2B Richie Palacios 3B Junior Caminero C Liam Hicks OF Shohei Ohtani OF Kyle Tucker OF Chandler Simpson P Cody Bradford P Mitch Bratt SS Nicky Lopez,,,
1845,5215702847,APot30 (17/20),0,76.05,1B Shohei Ohtani 2B Brice Turang 3B Max Muncy C James McCann OF Kyle Tucker OF Lars Nootbaar OF Andy Pages P Cody Bradford P Mitch Bratt SS Mookie Betts,,,
1845,5215717929,cacolbe (5/16),0,76.05,1B Ildemaro Vargas 2B Ketel Marte 3B Junior Caminero C Gabriel Moreno OF Corbin Carroll OF Wyatt Langford OF Ryan Waldschmidt P Cody Bradford P Mitch Bratt SS Corey Seager,,,
1845,5215717934,cacolbe (10/16),0,76.05,1B Ildemaro Vargas 2B Ketel Marte 3B Junior Caminero C Gabriel Moreno OF Corbin Carroll OF Wyatt Langford OF Ryan Waldschmidt P Cody Bradford P Mitch Bratt SS Corey Seager,,,
1845,5215117894,Dominator-Seguin (4/20),0,76.049995,1B Jake Burger 2B Tommy Edman 3B Ezequiel Duran C Gabriel Moreno OF Brandon Nimmo OF Corbin Carroll OF Wyatt Langford P Blake Snell P Carson Whisenhunt SS Corey Seager,,,
1857,5215648119,Hoily (9/20),0,76,1B Jonathan Aranda 2B Jeff McNeil 3B Junior Caminero C Liam Hicks OF Cedric Mullins OF Victor Mesa Jr. OF Cam Smith P Cody Bradford P Hunter Brown SS Ezequiel Tovar,,,
1857,5215648120,Hoily (10/20),0,76,1B Jonathan Aranda 2B Jeff McNeil 3B Junior Caminero C Liam Hicks OF Cedric Mullins OF Victor Mesa Jr. OF Cam Smith P Cody Bradford P Hunter Brown SS Ezequiel Tovar,,,
1857,5215648121,Hoily (11/20),0,76,1B Jonathan Aranda 2B Jeff McNeil 3B Junior Caminero C Liam Hicks OF Cedric Mullins OF Victor Mesa Jr. OF Cam Smith P Cody Bradford P Hunter Brown SS Ezequiel Tovar,,,
1857,5215648122,Hoily (12/20),0,76,1B Jonathan Aranda 2B Jeff McNeil 3B Junior Caminero C Liam Hicks OF Cedric Mullins OF Victor Mesa Jr. OF Cam Smith P Cody Bradford P Hunter Brown SS Ezequiel Tovar,,,
1861,5215396653,silencetheg (17/20),0,75.95,1B Yandy Diaz 2B Jeff McNeil 3B Junior Caminero C Jonah Heim OF Carlos Cortes OF Tyler Soderstrom OF Henry Bolte P Hunter Brown P Mitch Bratt SS Corey Seager,,,
1861,5215416169,UniversalFriend (14/20),0,75.95,1B Jake Burger 2B Nicky Lopez 3B Junior Caminero C Liam Hicks OF Cedric Mullins OF Victor Mesa Jr. OF Chandler Simpson P Hunter Brown P Mitch Bratt SS Corey Seager,,,
1861,5215648127,Hoily (17/20),0,75.95,1B Christian Walker 2B Ketel Marte 3B Nolan Arenado C Gabriel Moreno OF Brandon Nimmo OF Lars Nootbaar OF Corbin Carroll P Hunter Brown P Mitch Bratt SS Jeremy Pena,,,
1861,5215648128,Hoily (18/20),0,75.95,1B Christian Walker 2B Ketel Marte 3B Nolan Arenado C Gabriel Moreno OF Brandon Nimmo OF Lars Nootbaar OF Corbin Carroll P Hunter Brown P Mitch Bratt SS Jeremy Pena,,,
1861,5215648129,Hoily (19/20),0,75.95,1B Christian Walker 2B Ketel Marte 3B Nolan Arenado C Gabriel Moreno OF Brandon Nimmo OF Lars Nootbaar OF Corbin Carroll P Hunter Brown P Mitch Bratt SS Jeremy Pena,,,
1861,5215648130,Hoily (20/20),0,75.95,1B Christian Walker 2B Ketel Marte 3B Nolan Arenado C Gabriel Moreno OF Brandon Nimmo OF Lars Nootbaar OF Corbin Carroll P Hunter Brown P Mitch Bratt SS Jeremy Pena,,,
1861,5215655653,jetty76 (11/20),0,75.95,1B Shohei Ohtani 2B Oswald Peraza 3B Vaughn Grissom C Tyler Heineman OF Mike Trout OF Kyle Tucker OF Corbin Carroll P Hunter Brown P Mitch Bratt SS Zach Neto,,,
1868,5215068395,pat_the_hat2 (12/20),0,75.7,1B Freddie Freeman 2B Michael Massey 3B Max Muncy C Salvador Perez OF Shohei Ohtani OF Kyle Tucker OF Andy Pages P Ryan Johnson P Carson Whisenhunt SS Zach Neto,,,
1868,5215396650,silencetheg (14/20),0,75.7,1B Connor Norby 2B Willi Castro 3B Junior Caminero C Hunter Goodman OF Cedric Mullins OF Jake McCarthy OF Jordan Beck P Michael Wacha P Walker Buehler SS Corey Seager,,,
1870,5215318705,mrclean913 (16/20),0,75.65,1B Rafael Devers 2B Willi Castro 3B Junior Caminero C Hunter Goodman OF Jake McCarthy OF Jordan Beck OF Cole Carrigg P Kyle Harrison P Carson Whisenhunt SS Willy Adames,,,
1870,5215702840,APot30 (10/20),0,75.65,1B Joc Pederson 2B Brice Turang 3B David Hamilton C William Contreras OF Christian Yelich OF Lars Nootbaar OF Garrett Mitchell P Blake Snell P Cody Bradford SS Jeremy Pena,,,
1870,5214979726,BigAl910,0,75.649994,1B Joc Pederson 2B Jose Altuve 3B Yandy Diaz C Gabriel Moreno OF Brandon Nimmo OF Evan Carter OF Chandler Simpson P Nick Martinez P Kyle Harrison SS Corey Seager,,,
1870,5215068388,pat_the_hat2 (5/20),0,75.649994,1B Bryce Eldridge 2B Osleivis Basabe 3B Isaac Paredes C Yainer Diaz OF Yordan Alvarez OF Daulton Varsho OF Victor Bericoto P Blake Snell P Cody Bradford SS Jeremy Pena,,,
1870,5215177089,SpeedRacer101 (11/20),0,75.649994,1B Jake Burger 2B Ketel Marte 3B Ezequiel Duran C Austin Wynns OF Lars Nootbaar OF Corbin Carroll OF Wyatt Langford P Blake Snell P Cody Bradford SS Corey Seager,,,
1870,5215439847,JORDAN224,0,75.649994,1B Freddie Freeman 2B Ketel Marte 3B Nolan Arenado C Gabriel Moreno OF Brandon Nimmo OF Lars Nootbaar OF Cole Carrigg P Nick Martinez P Kyle Harrison SS Ezequiel Tovar,,,
1870,5215608416,NJT714,0,75.649994,1B Jake Bauers 2B Ketel Marte 3B Vaughn Grissom C Salvador Perez OF Christian Yelich OF Kyle Tucker OF Carlos Cortes P Nick Martinez P Kyle Harrison SS Willy Adames,,,
1870,5215669580,letsgobadgers,0,75.649994,1B Jake Bauers 2B Jose Altuve 3B Nolan Arenado C Liam Hicks OF Kyle Tucker OF Jihwan Bae OF Jackson Chourio P Nick Martinez P Kyle Harrison SS Taylor Walls,,,
1878,5215487710,mlief (11/20),0,75.6,1B Jake Burger 2B Brice Turang 3B Junior Caminero C Austin Wynns OF Evan Carter OF Jackson Chourio OF Wyatt Langford P Blake Snell P Mitch Bratt SS Corey Seager,,,
1879,5215164379,melvincali (15/20),0,75.55,1B Jake Burger 2B Willi Castro 3B Kyle Karros C Austin Wynns OF Mike Trout OF Brandon Nimmo OF Jake McCarthy P Blake Snell P Hunter Brown SS Corey Seager,,,
1879,5215487704,mlief (5/20),0,75.55,1B Jake Burger 2B Jose Altuve 3B Isaac Paredes C Austin Wynns OF Yordan Alvarez OF Tim Tawa OF Cam Smith P Blake Snell P Hunter Brown SS Jeremy Pena,,,
1879,5215716272,rsciero (5/5),0,75.55,1B Jeff McNeil 2B Jose Altuve 3B Isaac Paredes C James McCann OF Corbin Carroll OF Cam Smith OF Chandler Simpson P Blake Snell P Hunter Brown SS Jeremy Pena,,,
1879,5215177082,SpeedRacer101 (4/20),0,75.549995,1B Joc Pederson 2B Jeff McNeil 3B Ezequiel Duran C Tyler Heineman OF Brandon Nimmo OF Shohei Ohtani OF Wyatt Langford P Blake Snell P Hunter Brown SS Corey Seager,,,
1879,5215431757,Anthonykorobellis (10/20),0,75.549995,1B Joc Pederson 2B Jose Altuve 3B Isaac Paredes C Yainer Diaz OF Brandon Nimmo OF Evan Carter OF Wyatt Langford P Blake Snell P Hunter Brown SS Jeremy Pena,,,
1879,5215512857,TwoHearted (18/20),0,75.549995,1B Joc Pederson 2B Oswald Peraza 3B Ezequiel Duran C Moises Ballesteros OF Brandon Nimmo OF Andy Pages OF Wyatt Langford P Blake Snell P Hunter Brown SS Corey Seager,,,
1879,5215513965,andymartin5586 (1/20),0,75.549995,1B Joc Pederson 2B Jose Altuve 3B Isaac Paredes C Yainer Diaz OF Brandon Nimmo OF Evan Carter OF Wyatt Langford P Blake Snell P Hunter Brown SS Corey Seager,,,
1879,5215556818,AtlienJDC,0,75.549995,1B Freddie Freeman 2B Ketel Marte 3B Isaac Paredes C James McCann OF Brandon Nimmo OF Lars Nootbaar OF Cam Smith P Blake Snell P Hunter Brown SS Corey Seager,,,
1887,5215401272,jnwallen (5/17),0,75.5,1B Nolan Schanuel 2B Jeff McNeil 3B Vaughn Grissom C Jonah Heim OF Mike Trout OF Carlos Cortes OF Lawrence Butler P Michael Wacha P Kyle Harrison SS Zach Neto,,,
1887,5215505829,curleeshu (3/5),0,75.5,1B Christian Walker 2B Nicky Lopez 3B Manny Machado C James McCann OF Alex Call OF Fernando Tatis Jr. OF Yordan Alvarez P Nick Martinez P Cody Bradford SS Jeremy Pena,,,
1889,5215696157,ideagirl13 (1/4),0,75.45,1B Jake Bauers 2B Brice Turang 3B Isaac Paredes C Liam Hicks OF Christian Yelich OF Brandon Nimmo OF Chandler Simpson P Nick Martinez P Mitch Bratt SS Jeremy Pena,,,
1890,5215696677,mrfb (2/20),0,75.4,1B Freddie Freeman 2B Richie Palacios 3B Max Muncy C Liam Hicks OF Shohei Ohtani OF Kyle Tucker OF Andy Pages P Tomoyuki Sugano P Mitch Bratt SS Corey Seager,,,
1890,5215696690,mrfb (15/20),0,75.4,1B Shohei Ohtani 2B Tommy Edman 3B Yandy Diaz C Liam Hicks OF Cedric Mullins OF Kyle Tucker OF Chandler Simpson P Tomoyuki Sugano P Mitch Bratt SS Corey Seager,,,
1892,5215207475,Elwaysarmy (12/20),0,75.35,1B Shohei Ohtani 2B Jeff McNeil 3B Zack Gelof C Hunter Goodman OF Carlos Cortes OF Lawrence Butler OF Wyatt Langford P Walker Buehler P Hunter Brown SS Corey Seager,,,
1892,5215609203,JaserD (8/20),0,75.35,1B Joc Pederson 2B Willi Castro 3B Ezequiel Duran C Hunter Goodman OF Brandon Nimmo OF Jake McCarthy OF Wyatt Langford P Walker Buehler P Hunter Brown SS Corey Seager,,,
1892,5215624211,easymoneynow (3/3),0,75.35,1B Jake Burger 2B Brice Turang 3B Nolan Arenado C James McCann OF Fernando Tatis Jr. OF Garrett Mitchell OF Jackson Merrill P Michael Wacha P Cody Bradford SS Corey Seager,,,
1892,5215718339,Awalker3081 (16/20),0,75.35,1B Joc Pederson 2B Ketel Marte 3B Isaac Paredes C James McCann OF Shohei Ohtani OF Lars Nootbaar OF Ryan Waldschmidt P Walker Buehler P Hunter Brown SS Jeremy Pena,,,
1896,5215133461,eharig09 (3/20),0,75.25,1B Tommy White 2B Brice Turang 3B Zack Gelof C James McCann OF Lawrence Butler OF Tim Tawa OF Henry Bolte P Michael Wacha P Hunter Brown SS Jacob Wilson,,,
1896,5215222554,DrNickIsIn (14/20),0,75.25,1B Joc Pederson 2B Brice Turang 3B Yandy Diaz C Austin Wynns OF Brandon Nimmo OF Victor Mesa Jr. OF Wyatt Langford P Cody Bradford P Kyle Harrison SS Corey Seager,,,
1896,5215313169,Cheesepuffs,0,75.25,1B Joc Pederson 2B Tommy Edman 3B Max Muncy C Austin Wynns OF Andy Pages OF Chandler Simpson OF Wyatt Langford P Cody Bradford P Kyle Harrison SS Mookie Betts,,,
1896,5215638717,Picasso1012,0,75.25,1B Christian Walker 2B Donovan Walton 3B Willi Castro C Hunter Goodman OF Jake McCarthy OF Jac Caglianone OF Cole Carrigg P Cody Bradford P Kyle Harrison SS Taylor Walls,,,
1896,5215709093,sinn24,0,75.25,1B Jake Burger 2B Richie Palacios 3B Nolan Arenado C Salvador Perez OF Corbin Carroll OF Jackson Chourio OF Henry Bolte P Cody Bradford P Kyle Harrison SS Mookie Betts,,,
1901,5215203129,FarmHallFalls,0,75.2,1B Jonathan Aranda 2B Ketel Marte 3B Nolan Arenado C Gabriel Moreno OF Lars Nootbaar OF Andy Pages OF Corbin Carroll P Hunter Brown P Ryan Johnson SS Corey Seager,,,
1902,5215029529,Tmart2170,0,75.149994,1B Tim Tawa 2B Vaughn Grissom 3B David Hamilton C James McCann OF Jake Bauers OF Jake McCarthy OF Corbin Carroll P Hunter Brown P Kyle Harrison SS Taylor Walls,,,
1902,5215063195,iamawful (2/6),0,75.149994,1B Jeff McNeil 2B Ketel Marte 3B Nolan Arenado C Gabriel Moreno OF Alex Call OF Lars Nootbaar OF Andy Pages P Hunter Brown P Kyle Harrison SS Mookie Betts,,,
1904,5215650695,bsoleim,0,75.05,1B Yandy Diaz 2B Ketel Marte 3B Nolan Arenado C James McCann OF Cedric Mullins OF Andy Pages OF Jackson Chourio P Cody Bradford P Mitch Bratt SS Corey Seager,,,
1904,5215685027,meyers2305 (5/20),0,75.05,1B Yandy Diaz 2B Jeff McNeil 3B Junior Caminero C Gabriel Moreno OF Kyle Tucker OF Zack Gelof OF Wyatt Langford P Cody Bradford P Mitch Bratt SS Corey Seager,,,
1904,5215696688,mrfb (13/20),0,75.05,1B Shohei Ohtani 2B Nicky Lopez 3B Yandy Diaz C Liam Hicks OF Cedric Mullins OF Victor Mesa Jr. OF Chandler Simpson P Cody Bradford P Mitch Bratt SS Corey Seager,,,
1904,5215396651,silencetheg (15/20),0,75.049995,1B Jake Bauers 2B Brice Turang 3B David Hamilton C William Contreras OF Kyle Tucker OF Andy Pages OF Jackson Chourio P Blake Snell P Carson Whisenhunt SS Ezequiel Tovar,,,
1908,5215113507,milligolf (10/20),0,75,1B Jonathan Aranda 2B Michael Massey 3B Nick Loftin C Salvador Perez OF Victor Mesa Jr. OF Evan Carter OF Jac Caglianone P Cody Bradford P Hunter Brown SS Bobby Witt Jr.,,,
1908,5215177086,SpeedRacer101 (8/20),0,75,1B Jonathan Aranda 2B Ketel Marte 3B Nolan Arenado C James McCann OF Lars Nootbaar OF Corbin Carroll OF Jordan Beck P Cody Bradford P Hunter Brown SS Bobby Witt Jr.,,,
1908,5215641744,bhess777 (17/20),0,75,1B Joc Pederson 2B Ketel Marte 3B Ezequiel Duran C Gabriel Moreno OF Lars Nootbaar OF Corbin Carroll OF Ryan Waldschmidt P Cody Bradford P Hunter Brown SS Corey Seager,,,
1911,5214887143,Qixter,0,74.95,1B Christian Walker 2B Richie Palacios 3B Yandy Diaz C Liam Hicks OF Brandon Nimmo OF Cedric Mullins OF Chandler Simpson P Hunter Brown P Mitch Bratt SS Corey Seager,,,
1911,5215023022,jw1984 (17/20),0,74.95,1B Freddie Freeman 2B Jeff McNeil 3B Max Muncy C Ben Rortvedt OF Shohei Ohtani OF Cedric Mullins OF Andy Pages P Hunter Brown P Mitch Bratt SS Taylor Walls,,,
1911,5215068971,cmcbutch,0,74.95,1B Jonathan Aranda 2B Nicky Lopez 3B Junior Caminero C Gabriel Moreno OF Brandon Nimmo OF Corbin Carroll OF Cam Smith P Hunter Brown P Mitch Bratt SS Corey Seager,,,
1911,5215113501,milligolf (4/20),0,74.95,1B Jac Caglianone 2B Brice Turang 3B Nick Loftin C James McCann OF Lars Nootbaar OF Corbin Carroll OF Ryan Waldschmidt P Hunter Brown P Mitch Bratt SS Bobby Witt Jr.,,,
1911,5215164366,melvincali (2/20),0,74.95,1B Jake Burger 2B Ketel Marte 3B Max Muncy C Salvador Perez OF Brandon Nimmo OF Evan Carter OF Wyatt Langford P Hunter Brown P Mitch Bratt SS Bobby Witt Jr.,,,
1911,5215413764,Darkmen715 (9/20),0,74.95,1B Jonathan Aranda 2B Jeff McNeil 3B Junior Caminero C Moises Ballesteros OF Yordan Alvarez OF Daulton Varsho OF Lawrence Butler P Hunter Brown P Mitch Bratt SS Jeremy Pena,,,
1911,5215466612,WHITGAR,0,74.95,1B Jake Burger 2B Tommy Edman 3B Junior Caminero C Gabriel Moreno OF Andy Pages OF Tim Tawa OF Cam Smith P Hunter Brown P Mitch Bratt SS Jeremy Pena,,,
1911,5215661251,Mige1 (7/20),0,74.95,1B Joc Pederson 2B Jose Altuve 3B Isaac Paredes C Yainer Diaz OF Yordan Alvarez OF Lawrence Butler OF Wyatt Langford P Hunter Brown P Mitch Bratt SS Jeremy Pena,,,
1911,5215707041,MAA11,0,74.95,1B Jonathan Aranda 2B Jeff McNeil 3B Yandy Diaz C James McCann OF Jake Bauers OF Victor Mesa Jr. OF Chandler Simpson P Hunter Brown P Mitch Bratt SS Jeremy Pena,,,
1920,5215396646,silencetheg (10/20),0,74.9,1B Jake Bauers 2B Brice Turang 3B Ezequiel Duran C William Contreras OF Christian Yelich OF Victor Mesa Jr. OF Jackson Chourio P Nick Martinez P Carson Whisenhunt SS Corey Seager,,,
1921,5215384721,lttlsht (15/20),0,74.799995,1B Joc Pederson 2B Jeff McNeil 3B Ezequiel Duran C Gabriel Moreno OF Brandon Nimmo OF Corbin Carroll OF Evan Carter P Blake Snell P Kyle Harrison SS Corey Seager,,,
1922,5215147039,j-wolf05 (4/20),0,74.65,1B Tim Tawa 2B Ketel Marte 3B Nolan Arenado C Hunter Goodman OF Jake McCarthy OF Lars Nootbaar OF Corbin Carroll P Kyle Harrison P Carson Whisenhunt SS Corey Seager,,,
1922,5215578167,chfen07 (19/20),0,74.65,1B Joc Pederson 2B Ketel Marte 3B Junior Caminero C Gabriel Moreno OF Brandon Nimmo OF Lars Nootbaar OF Wyatt Langford P Kyle Harrison P Carson Whisenhunt SS Corey Seager,,,
1922,5215657507,BuckeyeCity (8/20),0,74.65,1B Connor Norby 2B Ketel Marte 3B Kyle Karros C Hunter Goodman OF Mickey Moniak OF Jihwan Bae OF Cole Carrigg P Hunter Brown P Mason Barnett SS Bobby Witt Jr.,,,
1922,5215179246,chuckyc1010 (2/2),0,74.649994,1B Connor Norby 2B Jose Altuve 3B Isaac Paredes C Hunter Goodman OF Jake McCarthy OF Jordan Beck OF Cole Carrigg P Blake Snell P Cody Bradford SS Jeremy Pena,,,
1926,5215214859,AbeyBaby88 (17/20),0,74.600006,1B Connor Norby 2B Willi Castro 3B Junior Caminero C Liam Hicks OF Cedric Mullins OF Victor Mesa Jr. OF Chandler Simpson P Tomoyuki Sugano P Kyle Harrison SS Ezequiel Tovar,,,
1926,5214866659,Sammy.Boy (9/20),0,74.6,1B Christian Walker 2B Jeff McNeil 3B Isaac Paredes C Yainer Diaz OF Yordan Alvarez OF Lars Nootbaar OF Corbin Carroll P Blake Snell P Mitch Bratt SS Jeremy Pena,,,
1926,5215653396,apenn21,0,74.6,1B Freddie Freeman 2B Vaughn Grissom 3B Nick Loftin C Gabriel Moreno OF Shohei Ohtani OF Jung Hoo Lee OF Chandler Simpson P Blake Snell P Mitch Bratt SS Jacob Wilson,,,
1929,5215063752,codyewell (2/20),0,74.55,1B Jake Burger 2B Nicky Lopez 3B Junior Caminero C Austin Wynns OF Lars Nootbaar OF Corbin Carroll OF Ryan Waldschmidt P Blake Snell P Hunter Brown SS Corey Seager,,,
1929,5215512842,TwoHearted (3/20),0,74.55,1B Jake Burger 2B Jose Altuve 3B Max Muncy C Austin Wynns OF Brandon Nimmo OF Corbin Carroll OF Evan Carter P Blake Snell P Hunter Brown SS Corey Seager,,,
1929,5215536543,jsk211,0,74.55,1B Jake Bauers 2B Tommy Edman 3B Kyle Karros C Moises Ballesteros OF Kyle Tucker OF Jackson Chourio OF Luis Lara P Blake Snell P Hunter Brown SS Ezequiel Tovar,,,
1929,5215713352,SICKHEMI (15/20),0,74.549995,1B Jake Burger 2B Nicky Lopez 3B Yandy Diaz C Gabriel Moreno OF Brandon Nimmo OF Evan Carter OF Chandler Simpson P Blake Snell P Hunter Brown SS Corey Seager,,,
1933,5215384723,lttlsht (17/20),0,74.5,1B Jonathan Aranda 2B Ketel Marte 3B Junior Caminero C Liam Hicks OF Cedric Mullins OF Lars Nootbaar OF Chandler Simpson P Cody Bradford P Carson Whisenhunt SS Geraldo Perdomo,,,
1934,5215689345,dantheman78 (2/20),0,74.4,1B Joc Pederson 2B Willi Castro 3B Kyle Karros C Hunter Goodman OF Jake Bauers OF Jake McCarthy OF Jackson Chourio P Hunter Brown P Carson Whisenhunt SS Corey Seager,,,
1935,5214982202,Swishdakyng (10/20),0,74.35,1B Jonathan Aranda 2B Richie Palacios 3B Yandy Diaz C James McCann OF Cedric Mullins OF Kyle Tucker OF Chandler Simpson P Walker Buehler P Hunter Brown SS Corey Seager,,,
1935,5215144182,kreller17 (3/20),0,74.35,1B Shohei Ohtani 2B Jeff McNeil 3B Max Muncy C Ben Rortvedt OF Alex Call OF Andy Pages OF Zack Gelof P Walker Buehler P Hunter Brown SS Bobby Witt Jr.,,,
1935,5215718340,Awalker3081 (17/20),0,74.35,1B Joc Pederson 2B Ketel Marte 3B Zack Gelof C James McCann OF Shohei Ohtani OF Lars Nootbaar OF Ryan Waldschmidt P Walker Buehler P Hunter Brown SS Jeremy Pena,,,
1938,5215214860,AbeyBaby88 (18/20),0,74.3,1B Shohei Ohtani 2B Ketel Marte 3B Nolan Arenado C Gabriel Moreno OF Jake McCarthy OF Lars Nootbaar OF Corbin Carroll P Cody Bradford P Ryan Johnson SS Jacob Wilson,,,
1939,5215288543,HC0023 (9/20),0,74.25,1B Jonathan Aranda 2B Jeff McNeil 3B Junior Caminero C Liam Hicks OF Cedric Mullins OF Yordan Alvarez OF Chandler Simpson P Mitch Bratt P Ryan Johnson SS Jeremy Pena,,,
1939,5215624178,jballagh (15/20),0,74.25,1B Jonathan Aranda 2B Jeff McNeil 3B Yandy Diaz C Liam Hicks OF Carlos Cortes OF Zack Gelof OF Henry Bolte P Michael Wacha P Hunter Brown SS Jacob Wilson,,,
1939,5215712210,Heartis24k (3/3),0,74.25,1B Jonathan Aranda 2B Ketel Marte 3B Nolan Arenado C James McCann OF Cedric Mullins OF Lars Nootbaar OF Corbin Carroll P Cody Bradford P Kyle Harrison SS Taylor Walls,,,
1942,5215185428,HairyBacks (19/20),0,74.149994,1B Joc Pederson 2B Ketel Marte 3B Nolan Arenado C Austin Wynns OF Brandon Nimmo OF Corbin Carroll OF Evan Carter P Hunter Brown P Kyle Harrison SS Corey Seager,,,
1943,5215044056,kcroyalfan (14/20),0,74.05,1B Jac Caglianone 2B Brice Turang 3B Christian Koss C Carter Jensen OF Jake Bauers OF Garrett Mitchell OF Jackson Chourio P Cody Bradford P Mitch Bratt SS Bobby Witt Jr.,,,
1943,5215411132,exjarhead,0,74.05,1B Yandy Diaz 2B Jeff McNeil 3B Junior Caminero C Gabriel Moreno OF Jonny DeLuca OF Chandler Simpson OF Wyatt Langford P Cody Bradford P Mitch Bratt SS Corey Seager,,,
1945,5215016848,aschuite,0,74,1B Jonathan Aranda 2B Jeff McNeil 3B Zack Gelof C James McCann OF Jake McCarthy OF Corbin Carroll OF Chandler Simpson P Cody Bradford P Hunter Brown SS Mookie Betts,,,
1945,5215195087,jsamtoy (13/20),0,74,1B Tim Tawa 2B Ketel Marte 3B Manny Machado C James McCann OF Lars Nootbaar OF Corbin Carroll OF Wyatt Langford P Cody Bradford P Hunter Brown SS Corey Seager,,,
1945,5215406596,JDamien2442,0,74,1B Jonathan Aranda 2B Ketel Marte 3B Nolan Arenado C Gabriel Moreno OF Brandon Nimmo OF Andy Pages OF Jackson Merrill P Cody Bradford P Hunter Brown SS Nicky Lopez,,,
1945,5215643472,cmalas (17/20),0,74,1B Jonathan Aranda 2B Richie Palacios 3B Zack Gelof C Liam Hicks OF Cedric Mullins OF Carlos Cortes OF Victor Mesa Jr. P Cody Bradford P Hunter Brown SS Jacob Wilson,,,
1949,5215318696,mrclean913 (7/20),0,73.95,1B Jeff McNeil 2B Donovan Walton 3B Zack Gelof C Jonah Heim OF Fernando Tatis Jr. OF Yordan Alvarez OF Lawrence Butler P Hunter Brown P Mitch Bratt SS Jeremy Pena,,,
1949,5215345734,clathren (8/20),0,73.95,1B Jonathan Aranda 2B Jose Altuve 3B Isaac Paredes C Liam Hicks OF Kyle Tucker OF Lars Nootbaar OF Corbin Carroll P Hunter Brown P Mitch Bratt SS Zach Neto,,,
1949,5215609205,JaserD (10/20),0,73.95,1B Jake Bauers 2B Brice Turang 3B Nick Loftin C William Contreras OF Garrett Mitchell OF Jac Caglianone OF Jackson Chourio P Hunter Brown P Mitch Bratt SS Tyler Tolbert,,,
1949,5215624166,jballagh (3/20),0,73.95,1B Nolan Schanuel 2B Brice Turang 3B Vaughn Grissom C Moises Ballesteros OF Mike Trout OF Jake Bauers OF Jackson Chourio P Hunter Brown P Mitch Bratt SS Zach Neto,,,
1949,5215717418,Thechamp1995,0,73.95,1B Jonathan Aranda 2B Jeff McNeil 3B Yandy Diaz C Liam Hicks OF Lars Nootbaar OF Corbin Carroll OF Chandler Simpson P Hunter Brown P Mitch Bratt SS Corey Seager,,,
1954,5215674454,lefty4488 (10/15),0,73.799995,1B Rafael Devers 2B Donovan Walton 3B Zack Gelof C James McCann OF Lawrence Butler OF Corbin Carroll OF Henry Bolte P Blake Snell P Kyle Harrison SS Jacob Wilson,,,
1955,5215431764,Anthonykorobellis (17/20),0,73.65,1B Joc Pederson 2B Jose Altuve 3B Isaac Paredes C Yainer Diaz OF Shohei Ohtani OF Cam Smith OF Wyatt Langford P Blake Snell P Cody Bradford SS Corey Seager,,,
1955,5215713342,SICKHEMI (5/20),0,73.649994,1B Liam Hicks 2B Jeff McNeil 3B Max Muncy C Jonah Heim OF Andy Pages OF Zack Gelof OF Henry Bolte P Blake Snell P Cody Bradford SS Jacob Wilson,,,
1957,5215185411,HairyBacks (2/20),0,73.55,1B Jonathan Aranda 2B Jeff McNeil 3B Junior Caminero C Austin Wynns OF Brandon Nimmo OF Evan Carter OF Wyatt Langford P Blake Snell P Hunter Brown SS Corey Seager,,,
1957,5215383669,Fluffhead017 (16/20),0,73.55,1B Jonathan Aranda 2B Jeff McNeil 3B Junior Caminero C Austin Wynns OF Brandon Nimmo OF Evan Carter OF Wyatt Langford P Blake Snell P Hunter Brown SS Corey Seager,,,
1957,5215657515,BuckeyeCity (16/20),0,73.55,1B Connor Norby 2B Jose Altuve 3B Isaac Paredes C Yainer Diaz OF Corbin Carroll OF Jordan Beck OF Cam Smith P Blake Snell P Hunter Brown SS Jeremy Pena,,,
1957,5215264783,cwthrow24 (4/20),0,73.549995,1B Jake Burger 2B Ketel Marte 3B Nolan Arenado C James McCann OF Brandon Nimmo OF Evan Carter OF Wyatt Langford P Blake Snell P Hunter Brown SS Corey Seager,,,
1957,5215513983,andymartin5586 (19/20),0,73.549995,1B Jake Burger 2B Ketel Marte 3B Nolan Arenado C James McCann OF Brandon Nimmo OF Evan Carter OF Wyatt Langford P Blake Snell P Hunter Brown SS Corey Seager,,,
1962,5215264794,cwthrow24 (15/20),0,73.45,1B Jonathan Aranda 2B Vaughn Grissom 3B Junior Caminero C Liam Hicks OF Mike Trout OF Jose Siri OF Wade Meckler P Kyle Harrison P Ryan Johnson SS Zach Neto,,,
1962,5215607930,Celticsnc,0,73.45,1B Jonathan Aranda 2B Richie Palacios 3B Yandy Diaz C Liam Hicks OF Shohei Ohtani OF Cedric Mullins OF Andy Pages P Mitch Bratt P Carson Whisenhunt SS Corey Seager,,,
1964,5215063335,DBHayes76,0,73.4,1B Jake Bauers 2B Osleivis Basabe 3B Zack Gelof C Salvador Perez OF Christian Yelich OF Chandler Simpson OF Cole Carrigg P Nick Martinez P Hunter Brown SS Corey Seager,,,
1964,5215621922,twinsfan5,0,73.4,1B Connor Norby 2B Brice Turang 3B David Hamilton C William Contreras OF Garrett Mitchell OF Jackson Chourio OF Cole Carrigg P Nick Martinez P Hunter Brown SS Ezequiel Tovar,,,
1964,5215655656,jetty76 (14/20),0,73.4,1B Jonathan Aranda 2B Richie Palacios 3B David Hamilton C James McCann OF Cedric Mullins OF Corbin Carroll OF Chandler Simpson P Nick Martinez P Hunter Brown SS Corey Seager,,,
1967,5215595539,Riccajb9 (3/3),0,73.350006,1B Liam Hicks 2B Jeff McNeil 3B Zack Gelof C Jonah Heim OF Brandon Nimmo OF Cedric Mullins OF Lawrence Butler P Walker Buehler P Hunter Brown SS Jacob Wilson,,,
1967,5215144199,kreller17 (20/20),0,73.35,1B Ty France 2B Vaughn Grissom 3B Ezequiel Duran C Moises Ballesteros OF Mike Trout OF Austin Hays OF Mickey Moniak P Walker Buehler P Hunter Brown SS Jeremy Pena,,,
1969,5215246765,soonerdallas (6/20),0,73.25,1B Jeff McNeil 2B Willi Castro 3B Zack Gelof C Hunter Goodman OF Jake McCarthy OF Carlos Cortes OF Lawrence Butler P Michael Wacha P Hunter Brown SS Jacob Wilson,,,
1970,5214854880,jrevelle3 (7/20),0,73.2,1B Shohei Ohtani 2B Jeff McNeil 3B Max Muncy C Salvador Perez OF Kyle Tucker OF Alex Call OF Andy Pages P Hunter Brown P Ryan Johnson SS Bobby Witt Jr.,,,
1970,5215185418,HairyBacks (9/20),0,73.2,1B Christian Walker 2B Ketel Marte 3B Nolan Arenado C Gabriel Moreno OF Kyle Tucker OF Lars Nootbaar OF Corbin Carroll P Kyle Harrison P Mitch Bratt SS Zach Neto,,,
1970,5215222541,DrNickIsIn (1/20),0,73.2,1B Tim Tawa 2B Ildemaro Vargas 3B Connor Norby C Liam Hicks OF Shohei Ohtani OF Lars Nootbaar OF Corbin Carroll P Hunter Brown P Ryan Johnson SS Bobby Witt Jr.,,,
1970,5215685229,dillmaak2022 (17/20),0,73.2,1B Shohei Ohtani 2B Jeff McNeil 3B Max Muncy C Salvador Perez OF Kyle Tucker OF Alex Call OF Andy Pages P Hunter Brown P Ryan Johnson SS Bobby Witt Jr.,,,
1974,5215661674,mikemitch1986,0,73.15,1B Yandy Diaz 2B Jeff McNeil 3B Kyle Karros C James McCann OF Brandon Nimmo OF Victor Mesa Jr. OF Chandler Simpson P Hunter Brown P Kyle Harrison SS Corey Seager,,,
1974,5215222548,DrNickIsIn (8/20),0,73.149994,1B Tim Tawa 2B Tommy Edman 3B Kyle Karros C Ben Rortvedt OF Shohei Ohtani OF Jake McCarthy OF Alex Call P Hunter Brown P Kyle Harrison SS Mookie Betts,,,
1974,5215685201,Stackhouse5310 (1/2),0,73.149994,1B Joc Pederson 2B Ketel Marte 3B Nolan Arenado C Gabriel Moreno OF Jihwan Bae OF Corbin Carroll OF Cam Smith P Hunter Brown P Kyle Harrison SS Corey Seager,,,
1977,5215045700,FoxyGrandpa252 (2/20),0,73.05,1B Shohei Ohtani 2B Jose Altuve 3B Nick Loftin C Salvador Perez OF Kyle Tucker OF Andy Pages OF Jac Caglianone P Cody Bradford P Mitch Bratt SS Bobby Witt Jr.,,,
1977,5215396639,silencetheg (3/20),0,73.05,1B Jonathan Aranda 2B Jose Altuve 3B Isaac Paredes C Yainer Diaz OF Shohei Ohtani OF Yordan Alvarez OF Daulton Varsho P Cody Bradford P Mitch Bratt SS Mookie Betts,,,
1977,5215647854,KING--13 (3/10),0,73.05,1B Jonathan Aranda 2B Jeff McNeil 3B Yandy Diaz C Liam Hicks OF Cedric Mullins OF Corbin Carroll OF Chandler Simpson P Cody Bradford P Mitch Bratt SS Corey Seager,,,
1977,5215717927,cacolbe (3/16),0,73.05,1B Jonathan Aranda 2B Tommy Edman 3B Yandy Diaz C Liam Hicks OF Brandon Nimmo OF Corbin Carroll OF Wyatt Langford P Cody Bradford P Mitch Bratt SS Corey Seager,,,
1977,5215717937,cacolbe (13/16),0,73.05,1B Jonathan Aranda 2B Tommy Edman 3B Yandy Diaz C Liam Hicks OF Brandon Nimmo OF Corbin Carroll OF Wyatt Langford P Cody Bradford P Mitch Bratt SS Corey Seager,,,
1982,5215703581,Chili77 (1/2),0,73,1B Joc Pederson 2B Jeff McNeil 3B Junior Caminero C Liam Hicks OF Brandon Nimmo OF Lars Nootbaar OF Wyatt Langford P Cody Bradford P Hunter Brown SS Corey Seager,,,
1983,5214854882,jrevelle3 (9/20),0,72.95,1B Freddie Freeman 2B Donovan Walton 3B Manny Machado C Ben Rortvedt OF Shohei Ohtani OF Jake Bauers OF Kyle Tucker P Hunter Brown P Mitch Bratt SS Mookie Betts,,,
1983,5215147049,j-wolf05 (14/20),0,72.95,1B Freddie Freeman 2B Oswald Peraza 3B Nolan Arenado C James McCann OF Shohei Ohtani OF Kyle Tucker OF Andy Pages P Hunter Brown P Mitch Bratt SS Mookie Betts,,,
1983,5215561891,patton15,0,72.95,1B Jac Caglianone 2B Ildemaro Vargas 3B Nolan Arenado C Gabriel Moreno OF Jake McCarthy OF Jackson Merrill OF Jackson Chourio P Hunter Brown P Mitch Bratt SS Xander Bogaerts,,,
1983,5215641742,bhess777 (15/20),0,72.95,1B Jonathan Aranda 2B Jeff McNeil 3B Junior Caminero C James McCann OF Carlos Cortes OF Yordan Alvarez OF Zack Gelof P Hunter Brown P Mitch Bratt SS Jacob Wilson,,,
1983,5215704842,facemelters,0,72.95,1B Jonathan Aranda 2B Jeff McNeil 3B Junior Caminero C Gabriel Moreno OF Brandon Nimmo OF Lars Nootbaar OF Corbin Carroll P Hunter Brown P Mitch Bratt SS Corey Seager,,,
1988,5215716553,SaucyJack1001 (8/9),0,72.8,1B Jonathan Aranda 2B Brice Turang 3B Junior Caminero C Moises Ballesteros OF Drew Gilbert OF Victor Bericoto OF Evan Carter P Blake Snell P Kyle Harrison SS Willy Adames,,,
1989,5215702867,mkvly2004 (1/4),0,72.75,1B Jonathan Aranda 2B Willi Castro 3B Ezequiel Duran C James McCann OF Fernando Tatis Jr. OF Jackson Chourio OF Cam Smith P Nick Martinez P Michael Wacha SS Corey Seager,,,
1989,5215706491,mkvly2004 (2/4),0,72.75,1B Jonathan Aranda 2B Willi Castro 3B Ezequiel Duran C James McCann OF Fernando Tatis Jr. OF Jackson Chourio OF Cam Smith P Nick Martinez P Michael Wacha SS Corey Seager,,,
1989,5215706499,mkvly2004 (3/4),0,72.75,1B Jonathan Aranda 2B Willi Castro 3B Ezequiel Duran C James McCann OF Fernando Tatis Jr. OF Jackson Chourio OF Cam Smith P Nick Martinez P Michael Wacha SS Corey Seager,,,
1989,5215707027,mkvly2004 (4/4),0,72.75,1B Jonathan Aranda 2B Willi Castro 3B Ezequiel Duran C James McCann OF Fernando Tatis Jr. OF Jackson Chourio OF Cam Smith P Nick Martinez P Michael Wacha SS Corey Seager,,,
1993,5215052089,SeanDre (6/20),0,72.649994,1B Jake Burger 2B Nicky Lopez 3B Yandy Diaz C Hunter Goodman OF Brandon Nimmo OF Cedric Mullins OF Evan Carter P Blake Snell P Cody Bradford SS Corey Seager,,,
1993,5215075981,ivymoose (11/20),0,72.649994,1B Jake Burger 2B Ketel Marte 3B Ezequiel Duran C James McCann OF Corbin Carroll OF Evan Carter OF Wyatt Langford P Blake Snell P Cody Bradford SS Corey Seager,,,
1993,5215346435,LOCNOTM (7/20),0,72.649994,1B Jonathan Aranda 2B Tommy Edman 3B Junior Caminero C Austin Wynns OF Brandon Nimmo OF Evan Carter OF Wyatt Langford P Blake Snell P Cody Bradford SS Corey Seager,,,
1993,5215487717,mlief (18/20),0,72.649994,1B Jake Burger 2B Willi Castro 3B Kyle Karros C Hunter Goodman OF Brandon Nimmo OF Jake McCarthy OF Wyatt Langford P Blake Snell P Cody Bradford SS Corey Seager,,,
1997,5215185425,HairyBacks (16/20),0,72.6,1B Freddie Freeman 2B Jeff McNeil 3B Max Muncy C Austin Wynns OF Shohei Ohtani OF Kyle Tucker OF Andy Pages P Blake Snell P Mitch Bratt SS Corey Seager,,,
1997,5215195092,jsamtoy (18/20),0,72.6,1B Jake Bauers 2B Brice Turang 3B Zack Gelof C William Contreras OF Christian Yelich OF Brandon Nimmo OF Garrett Mitchell P Blake Snell P Mitch Bratt SS Corey Seager,,,
1997,5215246777,soonerdallas (18/20),0,72.6,1B Shohei Ohtani 2B Tommy Edman 3B Ezequiel Duran C Jonah Heim OF Kyle Tucker OF Alex Call OF Carlos Cortes P Walker Buehler P Kyle Harrison SS Mookie Betts,,,
1997,5215685035,meyers2305 (13/20),0,72.6,1B Jonathan Aranda 2B Brice Turang 3B Zack Gelof C Gabriel Moreno OF Brandon Nimmo OF Kyle Tucker OF Lars Nootbaar P Blake Snell P Mitch Bratt SS Corey Seager,,,
2001,5215372213,tybry85 (9/20),0,72.55,1B Christian Walker 2B Jose Altuve 3B Isaac Paredes C James McCann OF Brandon Nimmo OF Corbin Carroll OF Cam Smith P Blake Snell P Hunter Brown SS Corey Seager,,,
2001,5215615929,cjc13,0,72.55,1B Jonathan Aranda 2B Ketel Marte 3B Tommy White C James McCann OF Christian Yelich OF Jihwan Bae OF Corbin Carroll P Blake Snell P Hunter Brown SS Corey Seager,,,
2001,5215685030,meyers2305 (8/20),0,72.55,1B Jonathan Aranda 2B Jeff McNeil 3B Junior Caminero C James McCann OF Brandon Nimmo OF Jake McCarthy OF Jihwan Bae P Blake Snell P Hunter Brown SS Corey Seager,,,
2001,5215708512,sportsfan14 (19/20),0,72.55,1B Nolan Schanuel 2B Oswald Peraza 3B Vaughn Grissom C William Contreras OF Jose Siri OF Jake Bauers OF Jake McCarthy P Blake Snell P Hunter Brown SS Zach Neto,,,
2001,5215717608,Mrkvs (3/12),0,72.55,1B Shohei Ohtani 2B Oswald Peraza 3B Vaughn Grissom C Ben Rortvedt OF Mike Trout OF Jose Siri OF Lars Nootbaar P Blake Snell P Hunter Brown SS Zach Neto,,,
2001,5215359201,Cuscus3 (14/20),0,72.549995,1B Joc Pederson 2B Oswald Peraza 3B Ezequiel Duran C James McCann OF Brandon Nimmo OF Shohei Ohtani OF Wyatt Langford P Blake Snell P Hunter Brown SS Nicky Lopez,,,
2007,5215029964,az350z (12/20),0,72.5,1B Ty France 2B Willi Castro 3B Connor Norby C Hunter Goodman OF Jake McCarthy OF Mickey Moniak OF Jackson Merrill P Nick Martinez P Cody Bradford SS Xander Bogaerts,,,
2007,5215148951,RickyBrett,0,72.5,1B Christian Walker 2B Osleivis Basabe 3B Zack Gelof C Gabriel Moreno OF Christian Yelich OF Brandon Nimmo OF Shohei Ohtani P Nick Martinez P Cody Bradford SS Zach Neto,,,
2007,5215498083,Jkataliaf44 (2/2),0,72.5,1B Jonathan Aranda 2B Tommy Edman 3B Ezequiel Duran C William Contreras OF Jac Caglianone OF Jackson Merrill OF Wyatt Langford P Nick Martinez P Cody Bradford SS Corey Seager,,,
2010,5215222552,DrNickIsIn (12/20),0,72.45,1B Connor Norby 2B Brice Turang 3B Kyle Karros C Hunter Goodman OF Jordan Beck OF Jackson Chourio OF Cole Carrigg P Kyle Harrison P Ryan Johnson SS Bobby Witt Jr.,,,
2010,5215562920,cocosdaddy1 (1/2),0,72.45,1B Shohei Ohtani 2B Ildemaro Vargas 3B Max Muncy C Jonah Heim OF Andy Pages OF Corbin Carroll OF Tyler Soderstrom P Mitch Bratt P Carson Whisenhunt SS Willy Adames,,,
2012,5215117895,Dominator-Seguin (5/20),0,72.4,1B Christian Walker 2B Richie Palacios 3B Junior Caminero C Austin Wynns OF Cedric Mullins OF Daulton Varsho OF Wyatt Langford P Nick Martinez P Hunter Brown SS Corey Seager,,,
2012,5215651669,colbyhornet (10/20),0,72.4,1B Freddie Freeman 2B Ketel Marte 3B Max Muncy C Ben Rortvedt OF Shohei Ohtani OF Andy Pages OF Wyatt Langford P Walker Buehler P Mitch Bratt SS Corey Seager,,,
2014,5215014264,Reboot78 (14/20),0,72.25,1B Jonathan Aranda 2B Richie Palacios 3B Yandy Diaz C William Contreras OF Brandon Nimmo OF Cedric Mullins OF Evan Carter P Cody Bradford P Kyle Harrison SS Taylor Walls,,,
2014,5215117909,Dominator-Seguin (19/20),0,72.25,1B Jonathan Aranda 2B Tommy Edman 3B Junior Caminero C Ben Rortvedt OF Cedric Mullins OF Alex Call OF Chandler Simpson P Cody Bradford P Kyle Harrison SS Taylor Walls,,,
2014,5215670064,HammerSZN (4/20),0,72.25,1B Joc Pederson 2B Ketel Marte 3B Yandy Diaz C Austin Wynns OF Corbin Carroll OF Evan Carter OF Wyatt Langford P Cody Bradford P Kyle Harrison SS Corey Seager,,,
2014,5215701259,TNeidert (6/20),0,72.25,1B Bryce Eldridge 2B Osleivis Basabe 3B Kyle Karros C Hunter Goodman OF Jake McCarthy OF Jung Hoo Lee OF Cole Carrigg P Cody Bradford P Kyle Harrison SS Willy Adames,,,
2014,5215718334,Awalker3081 (11/20),0,72.25,1B Tim Tawa 2B Jose Altuve 3B Isaac Paredes C Gabriel Moreno OF Brandon Nimmo OF Lars Nootbaar OF Corbin Carroll P Michael Wacha P Hunter Brown SS Corey Seager,,,
2019,5214946325,stock2mail (1/20),0,72.2,1B Freddie Freeman 2B Jeff McNeil 3B Nick Loftin C Salvador Perez OF Shohei Ohtani OF Kyle Tucker OF Jac Caglianone P Hunter Brown P Ryan Johnson SS Bobby Witt Jr.,,,
2019,5214982199,Swishdakyng (7/20),0,72.2,1B Freddie Freeman 2B Oswald Peraza 3B Junior Caminero C James McCann OF Brandon Nimmo OF Kyle Tucker OF Andy Pages P Kyle Harrison P Mitch Bratt SS Mookie Betts,,,
2019,5215070286,LTskelter (3/20),0,72.2,1B Joc Pederson 2B Ketel Marte 3B Nolan Arenado C Gabriel Moreno OF Lars Nootbaar OF Corbin Carroll OF Wyatt Langford P Kyle Harrison P Mitch Bratt SS Jeremy Pena,,,
2019,5215147038,j-wolf05 (3/20),0,72.2,1B Joc Pederson 2B Ketel Marte 3B Nolan Arenado C Gabriel Moreno OF Lars Nootbaar OF Corbin Carroll OF Wyatt Langford P Kyle Harrison P Mitch Bratt SS Corey Seager,,,
2019,5215696417,rb146886,0,72.2,1B Jac Caglianone 2B Ketel Marte 3B Zack Gelof C Gabriel Moreno OF Brandon Nimmo OF Garrett Mitchell OF Ryan Waldschmidt P Kyle Harrison P Mitch Bratt SS Bobby Witt Jr.,,,
2019,5215708963,lilmaryy (1/10),0,72.2,1B Jonathan Aranda 2B Richie Palacios 3B Junior Caminero C Yainer Diaz OF Cedric Mullins OF Cam Smith OF Chandler Simpson P Hunter Brown P Ryan Johnson SS Jeremy Pena,,,
2025,5215689359,dantheman78 (16/20),0,72.149994,1B Tim Tawa 2B Jeff McNeil 3B Zack Gelof C Gabriel Moreno OF Carlos Cortes OF Lawrence Butler OF Corbin Carroll P Hunter Brown P Kyle Harrison SS Jacob Wilson,,,
2026,5215345730,clathren (4/20),0,72.05,1B Yandy Diaz 2B Jose Altuve 3B Junior Caminero C James McCann OF Brandon Nimmo OF Shohei Ohtani OF Lars Nootbaar P Cody Bradford P Mitch Bratt SS Corey Seager,,,
2026,5215345746,clathren (20/20),0,72.05,1B Shohei Ohtani 2B Jeff McNeil 3B Junior Caminero C Gabriel Moreno OF Jihwan Bae OF Andy Pages OF Zack Gelof P Cody Bradford P Mitch Bratt SS Bobby Witt Jr.,,,
2026,5215578161,chfen07 (13/20),0,72.05,1B Freddie Freeman 2B Jeff McNeil 3B Zack Gelof C Liam Hicks OF Shohei Ohtani OF Carlos Cortes OF Fernando Tatis Jr. P Cody Bradford P Mitch Bratt SS Jacob Wilson,,,
2026,5215609198,JaserD (3/20),0,72.05,1B Joc Pederson 2B Jose Altuve 3B Isaac Paredes C Yainer Diaz OF Yordan Alvarez OF Corbin Carroll OF Wyatt Langford P Cody Bradford P Mitch Bratt SS Jeremy Pena,,,
2026,5215701270,TNeidert (17/20),0,72.05,1B Christian Walker 2B Ketel Marte 3B Nolan Arenado C Yainer Diaz OF Yordan Alvarez OF Lars Nootbaar OF Corbin Carroll P Cody Bradford P Mitch Bratt SS Jeremy Pena,,,
2026,5215717611,Mrkvs (6/12),0,72.05,1B Jonathan Aranda 2B Ketel Marte 3B Nick Loftin C Gabriel Moreno OF Cedric Mullins OF Lars Nootbaar OF Corbin Carroll P Cody Bradford P Mitch Bratt SS Bobby Witt Jr.,,,
2032,5215038643,aquafinatim (15/20),0,72,1B Shohei Ohtani 2B Ketel Marte 3B Nolan Arenado C James McCann OF Jake McCarthy OF Lars Nootbaar OF Ryan Waldschmidt P Cody Bradford P Hunter Brown SS Mookie Betts,,,
2032,5215097733,aurum48 (2/4),0,72,1B Joc Pederson 2B Ketel Marte 3B Ezequiel Duran C Liam Hicks OF Brandon Nimmo OF Lars Nootbaar OF Wyatt Langford P Cody Bradford P Hunter Brown SS Corey Seager,,,
2032,5215267260,Do_Figolo_Chip (7/7),0,72,1B Connor Norby 2B Jose Altuve 3B Zack Gelof C Austin Wynns OF Carlos Cortes OF Yordan Alvarez OF Victor Mesa Jr. P Cody Bradford P Hunter Brown SS Bobby Witt Jr.,,,
2032,5215384724,lttlsht (18/20),0,72,1B Jonathan Aranda 2B Jeff McNeil 3B Yandy Diaz C Liam Hicks OF Victor Mesa Jr. OF Evan Carter OF Chandler Simpson P Cody Bradford P Hunter Brown SS Corey Seager,,,
2032,5215384928,zsmittty223 (1/20),0,72,1B Joc Pederson 2B Nicky Lopez 3B Yandy Diaz C Yainer Diaz OF Yordan Alvarez OF Daulton Varsho OF Cam Smith P Cody Bradford P Hunter Brown SS Jeremy Pena,,,
2032,5215639424,samsli (1/7),0,72,1B Jonathan Aranda 2B Jeff McNeil 3B Junior Caminero C James McCann OF Brandon Nimmo OF Carlos Cortes OF Corbin Carroll P Cody Bradford P Hunter Brown SS Corey Seager,,,
2032,5215639425,samsli (2/7),0,72,1B Jonathan Aranda 2B Jeff McNeil 3B Junior Caminero C James McCann OF Brandon Nimmo OF Carlos Cortes OF Corbin Carroll P Cody Bradford P Hunter Brown SS Corey Seager,,,
2032,5215639426,samsli (3/7),0,72,1B Jonathan Aranda 2B Jeff McNeil 3B Junior Caminero C James McCann OF Brandon Nimmo OF Carlos Cortes OF Corbin Carroll P Cody Bradford P Hunter Brown SS Corey Seager,,,
2032,5215639427,samsli (4/7),0,72,1B Jonathan Aranda 2B Jeff McNeil 3B Junior Caminero C James McCann OF Brandon Nimmo OF Carlos Cortes OF Corbin Carroll P Cody Bradford P Hunter Brown SS Corey Seager,,,
2032,5215639428,samsli (5/7),0,72,1B Jonathan Aranda 2B Jeff McNeil 3B Junior Caminero C James McCann OF Brandon Nimmo OF Carlos Cortes OF Corbin Carroll P Cody Bradford P Hunter Brown SS Corey Seager,,,
2032,5215639429,samsli (6/7),0,72,1B Jonathan Aranda 2B Jeff McNeil 3B Junior Caminero C James McCann OF Brandon Nimmo OF Carlos Cortes OF Corbin Carroll P Cody Bradford P Hunter Brown SS Corey Seager,,,
2032,5215639430,samsli (7/7),0,72,1B Jonathan Aranda 2B Jeff McNeil 3B Junior Caminero C James McCann OF Brandon Nimmo OF Carlos Cortes OF Corbin Carroll P Cody Bradford P Hunter Brown SS Corey Seager,,,
2044,5215045708,FoxyGrandpa252 (10/20),0,71.95,1B Freddie Freeman 2B Ketel Marte 3B Nolan Arenado C James McCann OF Lars Nootbaar OF Andy Pages OF Corbin Carroll P Hunter Brown P Mitch Bratt SS Corey Seager,,,
2044,5215331993,jeffylube (13/20),0,71.95,1B Jonathan Aranda 2B Ketel Marte 3B Zack Gelof C Gabriel Moreno OF Brandon Nimmo OF Lars Nootbaar OF Corbin Carroll P Hunter Brown P Mitch Bratt SS Corey Seager,,,
2044,5215413767,Darkmen715 (12/20),0,71.95,1B Jonathan Aranda 2B Tommy Edman 3B Zack Gelof C Liam Hicks OF Lars Nootbaar OF Victor Mesa Jr. OF Corbin Carroll P Hunter Brown P Mitch Bratt SS Corey Seager,,,
2044,5215718336,Awalker3081 (13/20),0,71.95,1B Jeff McNeil 2B Jose Altuve 3B Isaac Paredes C Liam Hicks OF Shohei Ohtani OF Carlos Cortes OF Lawrence Butler P Hunter Brown P Mitch Bratt SS Jacob Wilson,,,
2048,5214946335,stock2mail (11/20),0,71.85,1B Christian Walker 2B Jose Altuve 3B Isaac Paredes C Liam Hicks OF Yordan Alvarez OF Victor Bericoto OF Chandler Simpson P Blake Snell P Ryan Johnson SS Jeremy Pena,,,
2049,5215513981,andymartin5586 (17/20),0,71.799995,1B Joc Pederson 2B Ketel Marte 3B Ezequiel Duran C James McCann OF Brandon Nimmo OF Lars Nootbaar OF Wyatt Langford P Blake Snell P Kyle Harrison SS Corey Seager,,,
2050,5214866656,Sammy.Boy (6/20),0,71.65,1B Jonathan Aranda 2B Ketel Marte 3B Ezequiel Duran C Gabriel Moreno OF Brandon Nimmo OF Evan Carter OF Wyatt Langford P Blake Snell P Cody Bradford SS Corey Seager,,,
2050,5215052088,SeanDre (5/20),0,71.65,1B Jake Burger 2B Nicky Lopez 3B Yandy Diaz C Jonah Heim OF Brandon Nimmo OF Cedric Mullins OF Carlos Cortes P Blake Snell P Cody Bradford SS Corey Seager,,,
2050,5215576124,striz2017 (2/5),0,71.65,1B Yandy Diaz 2B Jeff McNeil 3B Junior Caminero C Liam Hicks OF Jung Hoo Lee OF Chandler Simpson OF Ryan Waldschmidt P Nick Martinez P Kyle Harrison SS Nicky Lopez,,,
2050,5215718798,Wickline75,0,71.65,1B Freddie Freeman 2B Osleivis Basabe 3B Ezequiel Duran C Jonah Heim OF Brandon Nimmo OF Austin Hays OF Garrett Mitchell P Nick Martinez P Kyle Harrison SS Zach Neto,,,
2050,5215123060,jah_586 (12/20),0,71.649994,1B Jeff McNeil 2B Ketel Marte 3B Zack Gelof C Jonah Heim OF Shohei Ohtani OF Lars Nootbaar OF Henry Bolte P Blake Snell P Cody Bradford SS Jacob Wilson,,,
2050,5215185427,HairyBacks (18/20),0,71.649994,1B Jonathan Aranda 2B Jose Altuve 3B Junior Caminero C Austin Wynns OF Brandon Nimmo OF Evan Carter OF Wyatt Langford P Blake Snell P Cody Bradford SS Corey Seager,,,
2056,5215642998,bassguy39 (8/15),0,71.6,1B Christian Walker 2B Jose Altuve 3B Isaac Paredes C James McCann OF Yordan Alvarez OF Corbin Carroll OF Victor Bericoto P Blake Snell P Mitch Bratt SS Jeremy Pena,,,
2057,5215014251,Reboot78 (1/20),0,71.55,1B Jake Burger 2B Jeff McNeil 3B Junior Caminero C Austin Wynns OF Evan Carter OF Chandler Simpson OF Wyatt Langford P Blake Snell P Hunter Brown SS Corey Seager,,,
2057,5215346438,LOCNOTM (10/20),0,71.55,1B Jake Burger 2B Nicky Lopez 3B Junior Caminero C Liam Hicks OF Brandon Nimmo OF Jose Siri OF Evan Carter P Blake Snell P Hunter Brown SS Corey Seager,,,
2057,5215674749,dillmaak2022 (11/20),0,71.55,1B Jonathan Aranda 2B Jeff McNeil 3B Yandy Diaz C Austin Wynns OF Evan Carter OF Chandler Simpson OF Wyatt Langford P Blake Snell P Hunter Brown SS Corey Seager,,,
2057,5215678509,minfan77 (19/20),0,71.55,1B Liam Hicks 2B Richie Palacios 3B Ezequiel Duran C Austin Wynns OF Evan Carter OF Chandler Simpson OF Wyatt Langford P Blake Snell P Hunter Brown SS Corey Seager,,,
2057,5215708966,lilmaryy (4/10),0,71.549995,1B Jake Burger 2B Jeff McNeil 3B Yandy Diaz C Austin Wynns OF Brandon Nimmo OF Shohei Ohtani OF Evan Carter P Blake Snell P Hunter Brown SS Corey Seager,,,
2062,5215147046,j-wolf05 (11/20),0,71.5,1B Jonathan Aranda 2B Richie Palacios 3B Junior Caminero C Liam Hicks OF Cedric Mullins OF Jake McCarthy OF Zack Gelof P Cody Bradford P Carson Whisenhunt SS Jacob Wilson,,,
2062,5215318708,mrclean913 (19/20),0,71.5,1B Joc Pederson 2B Tommy Edman 3B Max Muncy C Liam Hicks OF Shohei Ohtani OF Kyle Tucker OF Andy Pages P Cody Bradford P Carson Whisenhunt SS Corey Seager,,,
2064,5215578165,chfen07 (17/20),0,71.45,1B Shohei Ohtani 2B Jeff McNeil 3B Max Muncy C Hunter Goodman OF Kyle Tucker OF Jake McCarthy OF Alex Call P Kyle Harrison P Ryan Johnson SS Mookie Betts,,,
2065,5215246779,soonerdallas (20/20),0,71.4,1B Salvador Perez 2B Tommy Edman 3B Max Muncy C Carter Jensen OF Kyle Isbel OF Andy Pages OF Wyatt Langford P Nick Martinez P Hunter Brown SS Tyler Tolbert,,,
2066,5215574690,Dreak01,0,71.350006,1B Shohei Ohtani 2B Jeff McNeil 3B Vaughn Grissom C Gabriel Moreno OF Lars Nootbaar OF Lawrence Butler OF Wyatt Langford P Walker Buehler P Hunter Brown SS Bobby Witt Jr.,,,
2067,5215212761,SilversurferVII (14/20),0,71.2,1B Christian Walker 2B Jose Altuve 3B Vaughn Grissom C Yainer Diaz OF Mike Trout OF Yordan Alvarez OF Cam Smith P Hunter Brown P Ryan Johnson SS Zach Neto,,,
2068,5215195090,jsamtoy (16/20),0,71.15,1B Joc Pederson 2B Ketel Marte 3B Ezequiel Duran C Austin Wynns OF Brandon Nimmo OF Lars Nootbaar OF Wyatt Langford P Hunter Brown P Kyle Harrison SS Zach Neto,,,
2068,5215272281,jrancor22 (17/20),0,71.15,1B Nolan Schanuel 2B Willi Castro 3B Kyle Karros C Hunter Goodman OF Lars Nootbaar OF Jordan Beck OF Cole Carrigg P Hunter Brown P Kyle Harrison SS Zach Neto,,,
2068,5215700374,sgtky23,0,71.15,1B Yandy Diaz 2B Ketel Marte 3B Ezequiel Duran C James McCann OF Brandon Nimmo OF Jac Caglianone OF Wade Meckler P Hunter Brown P Kyle Harrison SS Nicky Lopez,,,
2068,5215699564,Bones1212 (1/2),0,71.149994,1B Joc Pederson 2B Ketel Marte 3B Nolan Arenado C Gabriel Moreno OF Jose Siri OF Lars Nootbaar OF Corbin Carroll P Hunter Brown P Kyle Harrison SS Ezequiel Tovar,,,
2068,5215707638,jmack0624,0,71.149994,1B Christian Walker 2B Jose Altuve 3B Isaac Paredes C Salvador Perez OF Kyle Tucker OF Carlos Cortes OF Lawrence Butler P Hunter Brown P Kyle Harrison SS Mookie Betts,,,
2073,5215652496,xXxPLOSIVE (4/5),0,71.05,1B Jonathan Aranda 2B Jose Altuve 3B Junior Caminero C Liam Hicks OF Lars Nootbaar OF Zack Gelof OF Corbin Carroll P Cody Bradford P Mitch Bratt SS Corey Seager,,,
2074,5215634627,6ringslater,0,71,1B Jonathan Aranda 2B Ketel Marte 3B Willi Castro C James McCann OF Brandon Nimmo OF Chandler Simpson OF Cole Carrigg P Cody Bradford P Hunter Brown SS Jacob Wilson,,,
2074,5215643470,cmalas (15/20),0,71,1B Joc Pederson 2B Jeff McNeil 3B Zack Gelof C Jonah Heim OF Yordan Alvarez OF Lawrence Butler OF Wyatt Langford P Cody Bradford P Hunter Brown SS Jacob Wilson,,,
2074,5215707318,holdmhigh707,0,71,1B Jac Caglianone 2B Willi Castro 3B Kyle Karros C James McCann OF Shohei Ohtani OF Jake McCarthy OF Cole Carrigg P Cody Bradford P Hunter Brown SS Ezequiel Tovar,,,
2077,5215070285,LTskelter (2/20),0,70.95,1B Freddie Freeman 2B Jeff McNeil 3B Max Muncy C James McCann OF Shohei Ohtani OF Lars Nootbaar OF Andy Pages P Hunter Brown P Mitch Bratt SS Mookie Betts,,,
2077,5215070302,LTskelter (19/20),0,70.95,1B Shohei Ohtani 2B Tommy Edman 3B Ezequiel Duran C Austin Wynns OF Kyle Tucker OF Andy Pages OF Wyatt Langford P Hunter Brown P Mitch Bratt SS Mookie Betts,,,
2077,5215413765,Darkmen715 (10/20),0,70.95,1B Jonathan Aranda 2B Richie Palacios 3B Junior Caminero C Austin Wynns OF Yordan Alvarez OF Lars Nootbaar OF Daulton Varsho P Hunter Brown P Mitch Bratt SS Jeremy Pena,,,
2077,5215631589,cmalas (1/20),0,70.95,1B Joc Pederson 2B Brice Turang 3B Ezequiel Duran C Liam Hicks OF Brandon Nimmo OF Jake Bauers OF Wyatt Langford P Hunter Brown P Mitch Bratt SS Corey Seager,,,
2077,5215641738,bhess777 (11/20),0,70.95,1B Joc Pederson 2B Brice Turang 3B Ezequiel Duran C Liam Hicks OF Brandon Nimmo OF Jake Bauers OF Wyatt Langford P Hunter Brown P Mitch Bratt SS Corey Seager,,,
2077,5215661264,Mige1 (20/20),0,70.95,1B Freddie Freeman 2B Richie Palacios 3B Max Muncy C Liam Hicks OF Kyle Tucker OF Alex Call OF Andy Pages P Hunter Brown P Mitch Bratt SS Corey Seager,,,
2077,5215707855,KarrosHair,0,70.95,1B Jonathan Aranda 2B Nicky Lopez 3B Junior Caminero C Liam Hicks OF Brandon Nimmo OF Kyle Tucker OF Chandler Simpson P Hunter Brown P Mitch Bratt SS Corey Seager,,,
2077,5215718328,Awalker3081 (5/20),0,70.95,1B Jonathan Aranda 2B Vaughn Grissom 3B Isaac Paredes C Liam Hicks OF Victor Mesa Jr. OF Chandler Simpson OF Wyatt Langford P Hunter Brown P Mitch Bratt SS Jeremy Pena,,,
2085,5215384934,zsmittty223 (7/20),0,70.85,1B Freddie Freeman 2B Richie Palacios 3B Max Muncy C William Contreras OF Shohei Ohtani OF Kyle Tucker OF Andy Pages P Tomoyuki Sugano P Carson Whisenhunt SS Jeremy Pena,,,
2086,5215704840,mrzippy (2/3),0,70.8,1B Jonathan Aranda 2B Nicky Lopez 3B Kyle Karros C Gabriel Moreno OF Carlos Cortes OF Corbin Carroll OF Wyatt Langford P Blake Snell P Kyle Harrison SS Ezequiel Tovar,,,
2086,5215695210,SnowAngel74 (3/20),0,70.799995,1B Freddie Freeman 2B Tommy Edman 3B David Hamilton C William Contreras OF Kyle Tucker OF Jihwan Bae OF Luis Lara P Blake Snell P Kyle Harrison SS Mookie Betts,,,
2088,5215346445,LOCNOTM (17/20),0,70.65,1B Jonathan Aranda 2B Tommy Edman 3B Yandy Diaz C Austin Wynns OF Brandon Nimmo OF Evan Carter OF Wyatt Langford P Blake Snell P Cody Bradford SS Corey Seager,,,
2088,5215609207,JaserD (12/20),0,70.65,1B Yandy Diaz 2B Donovan Walton 3B Zack Gelof C Liam Hicks OF Cedric Mullins OF Victor Mesa Jr. OF Chandler Simpson P Kyle Harrison P Carson Whisenhunt SS Jacob Wilson,,,
2088,5215409973,jnwallen (13/17),0,70.649994,1B Tommy White 2B Jeff McNeil 3B Zack Gelof C Hunter Goodman OF Jake McCarthy OF Mickey Moniak OF Carlos Cortes P Blake Snell P Cody Bradford SS Jacob Wilson,,,
2088,5215685039,meyers2305 (17/20),0,70.649994,1B Christian Walker 2B Jeff McNeil 3B Junior Caminero C James McCann OF Yordan Alvarez OF Zack Gelof OF Victor Bericoto P Blake Snell P Cody Bradford SS Corey Seager,,,
2092,5215212750,SilversurferVII (3/20),0,70.6,1B Shohei Ohtani 2B Tommy Edman 3B Max Muncy C Ben Rortvedt OF Brandon Nimmo OF Kyle Tucker OF Wyatt Langford P Blake Snell P Mitch Bratt SS Corey Seager,,,
2093,5215346437,LOCNOTM (9/20),0,70.55,1B Jake Burger 2B Jose Altuve 3B Isaac Paredes C Austin Wynns OF Brandon Nimmo OF Corbin Carroll OF Evan Carter P Blake Snell P Hunter Brown SS Corey Seager,,,
2093,5215362327,Daily_Big_Kahuna (1/5),0,70.55,1B Jonathan Aranda 2B Nicky Lopez 3B Junior Caminero C Austin Wynns OF Brandon Nimmo OF Jose Siri OF Wyatt Langford P Blake Snell P Hunter Brown SS Corey Seager,,,
2093,5215416156,UniversalFriend (1/20),0,70.55,1B Jonathan Aranda 2B Oswald Peraza 3B Junior Caminero C Austin Wynns OF Brandon Nimmo OF Evan Carter OF Wyatt Langford P Blake Snell P Hunter Brown SS Corey Seager,,,
2093,5215113511,milligolf (14/20),0,70.549995,1B Freddie Freeman 2B Tommy Edman 3B Isaac Paredes C Ben Rortvedt OF Kyle Tucker OF Alex Call OF Carlos Cortes P Blake Snell P Hunter Brown SS Jeremy Pena,,,
2093,5215123068,jah_586 (20/20),0,70.549995,1B Shohei Ohtani 2B Jeff McNeil 3B Max Muncy C Ben Rortvedt OF Kyle Tucker OF Alex Call OF Cam Smith P Blake Snell P Hunter Brown SS Jeremy Pena,,,
2093,5215177097,SpeedRacer101 (19/20),0,70.549995,1B Jeff McNeil 2B Jose Altuve 3B Isaac Paredes C Austin Wynns OF Brandon Nimmo OF Yordan Alvarez OF Daulton Varsho P Blake Snell P Hunter Brown SS Jeremy Pena,,,
2093,5215585753,scohen21 (17/20),0,70.549995,1B Joc Pederson 2B Jeff McNeil 3B Ezequiel Duran C Austin Wynns OF Shohei Ohtani OF Evan Carter OF Wyatt Langford P Blake Snell P Hunter Brown SS Jeremy Pena,,,
2093,5215680029,Hawkeye-1,0,70.549995,1B Jeff McNeil 2B Willi Castro 3B Zack Gelof C William Contreras OF Jake Bauers OF Carlos Cortes OF Garrett Mitchell P Blake Snell P Hunter Brown SS Jacob Wilson,,,
2101,5215068384,pat_the_hat2 (1/20),0,70.45,1B Jake Burger 2B Willi Castro 3B Kyle Karros C Hunter Goodman OF Jake McCarthy OF Wyatt Langford OF Cole Carrigg P Walker Buehler P Cody Bradford SS Corey Seager,,,
2101,5215636823,TheKingKaz (3/8),0,70.45,1B Jonathan Aranda 2B Ketel Marte 3B Tommy White C Gabriel Moreno OF Corbin Carroll OF Jac Caglianone OF Ryan Waldschmidt P Kyle Harrison P Ryan Johnson SS Bobby Witt Jr.,,,
2103,5215646513,stevenwinters79,0,70.4,1B Jake Bauers 2B Nicky Lopez 3B Nolan Arenado C Gabriel Moreno OF Yordan Alvarez OF Jihwan Bae OF Jackson Chourio P Nick Martinez P Hunter Brown SS Tyler Tolbert,,,
2103,5215665768,wolfpack1946,0,70.4,1B Jonathan Aranda 2B Jeff McNeil 3B Isaac Paredes C Liam Hicks OF Brandon Nimmo OF Cam Smith OF Chandler Simpson P Nick Martinez P Hunter Brown SS Jeremy Pena,,,
2103,5215696691,mrfb (16/20),0,70.4,1B Jonathan Aranda 2B Tommy Edman 3B Max Muncy C Liam Hicks OF Shohei Ohtani OF Andy Pages OF Chandler Simpson P Tomoyuki Sugano P Mitch Bratt SS Corey Seager,,,
2103,5215708967,lilmaryy (5/10),0,70.4,1B Shohei Ohtani 2B Ketel Marte 3B Nolan Arenado C James McCann OF Kyle Tucker OF Lars Nootbaar OF Corbin Carroll P Hunter Brown P Carson Whisenhunt SS Corey Seager,,,
2107,5215029956,az350z (4/20),0,70.35,1B Jonathan Aranda 2B Richie Palacios 3B Ezequiel Duran C Austin Wynns OF Cedric Mullins OF Fernando Tatis Jr. OF Chandler Simpson P Michael Wacha P Cody Bradford SS Corey Seager,,,
2108,5215345737,clathren (11/20),0,70.3,1B Jonathan Aranda 2B Jose Altuve 3B Yandy Diaz C James McCann OF Zack Gelof OF Corbin Carroll OF Wyatt Langford P Michael Wacha P Mitch Bratt SS Jeremy Pena,,,
2109,5215401275,jnwallen (8/17),0,70.25,1B Joc Pederson 2B Ketel Marte 3B Nolan Arenado C James McCann OF Brandon Nimmo OF Lars Nootbaar OF Corbin Carroll P Cody Bradford P Kyle Harrison SS Corey Seager,,,
2110,5215319614,Dubbzz (19/20),0,70.2,1B Joc Pederson 2B Jose Altuve 3B Junior Caminero C Austin Wynns OF Shohei Ohtani OF Lawrence Butler OF Wyatt Langford P Kyle Harrison P Mitch Bratt SS Corey Seager,,,
2110,5215607488,neterka,0,70.2,1B Yandy Diaz 2B Jeff McNeil 3B Junior Caminero C James McCann OF Brandon Nimmo OF Lars Nootbaar OF Corbin Carroll P Kyle Harrison P Mitch Bratt SS Corey Seager,,,
2112,5215283901,lornaz,0,70.05,1B Jake Bauers 2B Brice Turang 3B Junior Caminero C Gabriel Moreno OF Mike Trout OF Victor Bericoto OF Jackson Chourio P Cody Bradford P Mitch Bratt SS Ezequiel Tovar,,,
2112,5215319603,Dubbzz (8/20),0,70.05,1B Shohei Ohtani 2B Jeff McNeil 3B Yandy Diaz C Austin Wynns OF Brandon Nimmo OF Corbin Carroll OF Wyatt Langford P Cody Bradford P Mitch Bratt SS Corey Seager,,,
2112,5215445283,Skralph (14/20),0,70.05,1B Christian Walker 2B Ketel Marte 3B Nolan Arenado C James McCann OF Yordan Alvarez OF Lars Nootbaar OF Corbin Carroll P Cody Bradford P Mitch Bratt SS Jeremy Pena,,,
2112,5215654322,expostulate (5/10),0,70.05,1B Freddie Freeman 2B Jeff McNeil 3B Max Muncy C Salvador Perez OF Shohei Ohtani OF Alex Call OF Andy Pages P Cody Bradford P Mitch Bratt SS Bobby Witt Jr.,,,
2116,5215044057,kcroyalfan (15/20),0,70,1B Joc Pederson 2B Nicky Lopez 3B Willi Castro C Hunter Goodman OF Brandon Nimmo OF Corbin Carroll OF Wyatt Langford P Cody Bradford P Hunter Brown SS Corey Seager,,,
2116,5215345742,clathren (16/20),0,70,1B Jonathan Aranda 2B Ketel Marte 3B Yandy Diaz C Hunter Goodman OF Lars Nootbaar OF Jihwan Bae OF Cam Smith P Cody Bradford P Hunter Brown SS Corey Seager,,,
2116,5215686577,woodreb5 (5/20),0,70,1B Joc Pederson 2B Nicky Lopez 3B Junior Caminero C Liam Hicks OF Evan Carter OF Chandler Simpson OF Wyatt Langford P Cody Bradford P Hunter Brown SS Corey Seager,,,
2116,5215702845,APot30 (15/20),0,70,1B Joc Pederson 2B Brice Turang 3B Yandy Diaz C William Contreras OF Christian Yelich OF Garrett Mitchell OF Jihwan Bae P Cody Bradford P Hunter Brown SS Corey Seager,,,
2120,5214854881,jrevelle3 (8/20),0,69.95,1B Freddie Freeman 2B Nicky Lopez 3B Manny Machado C Ben Rortvedt OF Shohei Ohtani OF Jake Bauers OF Kyle Tucker P Hunter Brown P Mitch Bratt SS Mookie Betts,,,
2120,5214982196,Swishdakyng (4/20),0,69.95,1B Jonathan Aranda 2B Richie Palacios 3B Junior Caminero C Austin Wynns OF Shohei Ohtani OF Lars Nootbaar OF Chandler Simpson P Hunter Brown P Mitch Bratt SS Corey Seager,,,
2120,5215068394,pat_the_hat2 (11/20),0,69.95,1B Jake Burger 2B Brice Turang 3B Nick Loftin C Salvador Perez OF Shohei Ohtani OF Kyle Isbel OF Jac Caglianone P Hunter Brown P Mitch Bratt SS Bobby Witt Jr.,,,
2120,5215108900,donj9903,0,69.95,1B Freddie Freeman 2B Jeff McNeil 3B Junior Caminero C Liam Hicks OF Brandon Nimmo OF Jake McCarthy OF Chandler Simpson P Hunter Brown P Mitch Bratt SS Nicky Lopez,,,
2120,5215144180,kreller17 (1/20),0,69.95,1B Tim Tawa 2B Tommy Edman 3B Nolan Arenado C Ben Rortvedt OF Shohei Ohtani OF Lars Nootbaar OF Andy Pages P Hunter Brown P Mitch Bratt SS Bobby Witt Jr.,,,
2120,5215161051,csurunnerccr (1/20),0,69.95,1B Jonathan Aranda 2B Jose Altuve 3B Isaac Paredes C Salvador Perez OF Yordan Alvarez OF Victor Mesa Jr. OF Cam Smith P Hunter Brown P Mitch Bratt SS Jeremy Pena,,,
2120,5215164382,melvincali (18/20),0,69.95,1B Jake Burger 2B Ketel Marte 3B Zack Gelof C Gabriel Moreno OF Brandon Nimmo OF Corbin Carroll OF Wyatt Langford P Hunter Brown P Mitch Bratt SS Corey Seager,,,
2120,5215331999,jeffylube (19/20),0,69.95,1B Shohei Ohtani 2B Ketel Marte 3B Isaac Paredes C James McCann OF Brandon Nimmo OF Lars Nootbaar OF Corbin Carroll P Hunter Brown P Mitch Bratt SS Corey Seager,,,
2120,5215647852,KING--13 (1/10),0,69.95,1B Jonathan Aranda 2B Jeff McNeil 3B Junior Caminero C Liam Hicks OF Brandon Nimmo OF Lars Nootbaar OF Chandler Simpson P Hunter Brown P Mitch Bratt SS Corey Seager,,,
2120,5215655648,jetty76 (6/20),0,69.95,1B Jake Burger 2B Ketel Marte 3B Ezequiel Duran C Gabriel Moreno OF Brandon Nimmo OF Corbin Carroll OF Wyatt Langford P Hunter Brown P Mitch Bratt SS Corey Seager,,,
2120,5215669527,SkyU27 (1/10),0,69.95,1B Jake Burger 2B Ketel Marte 3B Ezequiel Duran C Gabriel Moreno OF Brandon Nimmo OF Corbin Carroll OF Wyatt Langford P Hunter Brown P Mitch Bratt SS Corey Seager,,,
2120,5215700221,ralphgonzo10 (4/5),0,69.95,1B Jake Burger 2B Tommy Edman 3B Junior Caminero C Hunter Goodman OF Kyle Tucker OF Daulton Varsho OF Cam Smith P Hunter Brown P Mitch Bratt SS Corey Seager,,,
2132,5215667411,ToddyBeam (2/3),0,69.799995,1B Jeff McNeil 2B Brice Turang 3B Ezequiel Duran C Austin Wynns OF Christian Yelich OF Corbin Carroll OF Tim Tawa P Blake Snell P Kyle Harrison SS Corey Seager,,,
2133,5215075989,ivymoose (19/20),0,69.65,1B Jake Burger 2B Ketel Marte 3B Ezequiel Duran C Gabriel Moreno OF Brandon Nimmo OF Lars Nootbaar OF Wyatt Langford P Blake Snell P Cody Bradford SS Corey Seager,,,
2133,5215578160,chfen07 (12/20),0,69.65,1B Jonathan Aranda 2B Richie Palacios 3B Yandy Diaz C Liam Hicks OF Jose Siri OF Jake McCarthy OF Chandler Simpson P Kyle Harrison P Carson Whisenhunt SS Zach Neto,,,
2133,5215431761,Anthonykorobellis (14/20),0,69.649994,1B Jonathan Aranda 2B Jeff McNeil 3B Zack Gelof C William Contreras OF Shohei Ohtani OF Lars Nootbaar OF Corbin Carroll P Blake Snell P Cody Bradford SS Ezequiel Tovar,,,
2136,5215039611,Satch65 (20/20),0,69.55,1B Nolan Schanuel 2B Oswald Peraza 3B Max Muncy C Gabriel Moreno OF Brandon Nimmo OF Kyle Tucker OF Lars Nootbaar P Blake Snell P Hunter Brown SS Corey Seager,,,
2136,5215384931,zsmittty223 (4/20),0,69.55,1B Jeff McNeil 2B Donovan Walton 3B Tommy White C William Contreras OF Christian Yelich OF Zack Gelof OF Corbin Carroll P Blake Snell P Hunter Brown SS Jacob Wilson,,,
2136,5215177084,SpeedRacer101 (6/20),0,69.549995,1B Christian Walker 2B Jose Altuve 3B Max Muncy C Yainer Diaz OF Brandon Nimmo OF Daulton Varsho OF Cam Smith P Blake Snell P Hunter Brown SS Corey Seager,,,
2136,5215251224,Wanna_Square_Up1567 (15/20),0,69.549995,1B Tommy White 2B Donovan Walton 3B Zack Gelof C Jonah Heim OF Yordan Alvarez OF Jihwan Bae OF Lawrence Butler P Blake Snell P Hunter Brown SS Jeremy Pena,,,
2136,5215264780,cwthrow24 (1/20),0,69.549995,1B Freddie Freeman 2B Jeff McNeil 3B Max Muncy C Ben Rortvedt OF Brandon Nimmo OF Alex Call OF Wyatt Langford P Blake Snell P Hunter Brown SS Jeremy Pena,,,
2136,5215700150,cptnspaulding (13/20),0,69.549995,1B Christian Walker 2B Jose Altuve 3B Isaac Paredes C Gabriel Moreno OF Lars Nootbaar OF Daulton Varsho OF Lawrence Butler P Blake Snell P Hunter Brown SS Jeremy Pena,,,
2142,5215716550,SaucyJack1001 (5/9),0,69.5,1B Christian Walker 2B Oswald Peraza 3B Junior Caminero C Gabriel Moreno OF Christian Yelich OF Lars Nootbaar OF Jackson Chourio P Nick Martinez P Cody Bradford SS Willy Adames,,,
2143,5214983961,mattped23 (3/3),0,69.45,1B Freddie Freeman 2B Tommy Edman 3B Max Muncy C James McCann OF Shohei Ohtani OF Kyle Tucker OF Kyle Isbel P Nick Martinez P Mitch Bratt SS Bobby Witt Jr.,,,
2143,5215116863,Ctracefan (4/20),0,69.45,1B Shohei Ohtani 2B Willi Castro 3B Kyle Karros C Hunter Goodman OF Jake McCarthy OF Zack Gelof OF Cam Smith P Walker Buehler P Cody Bradford SS Jeremy Pena,,,
2145,5215543002,Taylormd1645,0,69.4,1B Christian Walker 2B Osleivis Basabe 3B Isaac Paredes C Salvador Perez OF Teoscar Hernandez OF Yordan Alvarez OF Cam Smith P Nick Martinez P Hunter Brown SS Jeremy Pena,,,
2145,5215648878,hanks101,0,69.4,1B Christian Walker 2B Vaughn Grissom 3B Nolan Arenado C Salvador Perez OF Christian Yelich OF Jake McCarthy OF Jackson Merrill P Nick Martinez P Hunter Brown SS Corey Seager,,,
2145,5215655644,jetty76 (2/20),0,69.4,1B Joc Pederson 2B Jose Altuve 3B Isaac Paredes C Austin Wynns OF Yordan Alvarez OF Evan Carter OF Wyatt Langford P Nick Martinez P Hunter Brown SS Jeremy Pena,,,
2148,5215246771,soonerdallas (12/20),0,69.350006,1B Freddie Freeman 2B Oswald Peraza 3B Max Muncy C Ben Rortvedt OF Shohei Ohtani OF Andy Pages OF Cam Smith P Tomoyuki Sugano P Hunter Brown SS Zach Neto,,,
2149,5215133466,eharig09 (8/20),0,69.25,1B Joc Pederson 2B Nicky Lopez 3B Ezequiel Duran C Jonah Heim OF Lawrence Butler OF Zack Gelof OF Wyatt Langford P Michael Wacha P Hunter Brown SS Corey Seager,,,
2149,5215431766,Anthonykorobellis (19/20),0,69.25,1B Joc Pederson 2B Ketel Marte 3B Christian Koss C Gabriel Moreno OF Brandon Nimmo OF Corbin Carroll OF Wyatt Langford P Cody Bradford P Kyle Harrison SS Corey Seager,,,
2149,5215643000,bassguy39 (10/15),0,69.25,1B Freddie Freeman 2B Michael Massey 3B Max Muncy C Salvador Perez OF Shohei Ohtani OF Kyle Tucker OF Andy Pages P Mitch Bratt P Ryan Johnson SS Bobby Witt Jr.,,,
2149,5215701268,TNeidert (15/20),0,69.25,1B Joc Pederson 2B Willi Castro 3B Kyle Karros C Hunter Goodman OF Brandon Nimmo OF Wyatt Langford OF Cole Carrigg P Cody Bradford P Kyle Harrison SS Corey Seager,,,
2153,5215319604,Dubbzz (9/20),0,69.2,1B Shohei Ohtani 2B Ketel Marte 3B Willi Castro C Hunter Goodman OF Jake McCarthy OF Andy Pages OF Jordan Beck P Hunter Brown P Ryan Johnson SS Ezequiel Tovar,,,
2153,5215445280,Skralph (11/20),0,69.2,1B Jake Bauers 2B Ketel Marte 3B Nolan Arenado C James McCann OF Lars Nootbaar OF Corbin Carroll OF Jackson Chourio P Hunter Brown P Ryan Johnson SS Corey Seager,,,
2153,5215651690,knox314 (6/20),0,69.2,1B Liam Hicks 2B Tommy Edman 3B Max Muncy C James McCann OF Kyle Tucker OF Andy Pages OF Chandler Simpson P Kyle Harrison P Mitch Bratt SS Mookie Betts,,,
2156,5215714029,Gabe57 (14/19),0,69.15,1B Joc Pederson 2B Nicky Lopez 3B Max Muncy C Salvador Perez OF Alex Call OF Andy Pages OF Jac Caglianone P Hunter Brown P Kyle Harrison SS Corey Seager,,,
2156,5215719058,Gabe57 (19/19),0,69.15,1B Joc Pederson 2B Nicky Lopez 3B Max Muncy C Salvador Perez OF Alex Call OF Andy Pages OF Jac Caglianone P Hunter Brown P Kyle Harrison SS Corey Seager,,,
2156,5215505637,MO-TRUBBLE,0,69.149994,1B Joc Pederson 2B Ketel Marte 3B Nolan Arenado C Gabriel Moreno OF Brandon Nimmo OF Carlos Cortes OF Lars Nootbaar P Hunter Brown P Kyle Harrison SS Corey Seager,,,
2159,5215080458,hbcards (3/3),0,69.05,1B Jonathan Aranda 2B Nicky Lopez 3B Junior Caminero C Liam Hicks OF Brandon Nimmo OF Yordan Alvarez OF Cam Smith P Cody Bradford P Mitch Bratt SS Jeremy Pena,,,
2159,5215215830,SilversurferVII (20/20),0,69.05,1B Jake Burger 2B Ketel Marte 3B Ezequiel Duran C Gabriel Moreno OF Brandon Nimmo OF Corbin Carroll OF Wyatt Langford P Cody Bradford P Mitch Bratt SS Corey Seager,,,
2159,5215272277,jrancor22 (13/20),0,69.05,1B Jonathan Aranda 2B Ildemaro Vargas 3B Junior Caminero C Gabriel Moreno OF Lars Nootbaar OF Corbin Carroll OF Chandler Simpson P Cody Bradford P Mitch Bratt SS Corey Seager,,,
2159,5215450544,darrylposton (20/20),0,69.05,1B Christian Walker 2B Jose Altuve 3B Isaac Paredes C Liam Hicks OF Yordan Alvarez OF Victor Mesa Jr. OF Chandler Simpson P Cody Bradford P Mitch Bratt SS Jeremy Pena,,,
2159,5215500170,dadsonit,0,69.05,1B Freddie Freeman 2B Brice Turang 3B Zack Gelof C Salvador Perez OF Christian Yelich OF Brandon Nimmo OF Fernando Tatis Jr. P Cody Bradford P Mitch Bratt SS Corey Seager,,,
2159,5215578166,chfen07 (18/20),0,69.05,1B Christian Walker 2B Jose Altuve 3B Isaac Paredes C Liam Hicks OF Yordan Alvarez OF Victor Mesa Jr. OF Chandler Simpson P Cody Bradford P Mitch Bratt SS Jeremy Pena,,,
2159,5215624167,jballagh (4/20),0,69.05,1B Joc Pederson 2B Jose Altuve 3B Ezequiel Duran C Liam Hicks OF Brandon Nimmo OF Yordan Alvarez OF Wyatt Langford P Cody Bradford P Mitch Bratt SS Jeremy Pena,,,
2159,5215670069,HammerSZN (9/20),0,69.05,1B Jonathan Aranda 2B Richie Palacios 3B Junior Caminero C Austin Wynns OF Shohei Ohtani OF Cedric Mullins OF Chandler Simpson P Cody Bradford P Mitch Bratt SS Corey Seager,,,
2159,5215713351,SICKHEMI (14/20),0,69.05,1B Shohei Ohtani 2B Tommy Edman 3B Ezequiel Duran C William Contreras OF Kyle Tucker OF Andy Pages OF Wyatt Langford P Cody Bradford P Mitch Bratt SS Mookie Betts,,,
2168,5214854893,jrevelle3 (20/20),0,69,1B Joc Pederson 2B Jose Altuve 3B Isaac Paredes C Yainer Diaz OF Brandon Nimmo OF Alex Call OF Yordan Alvarez P Cody Bradford P Hunter Brown SS Jeremy Pena,,,
2168,5215063182,mikeslindy,0,69,1B Jake Burger 2B Ketel Marte 3B Nolan Arenado C Gabriel Moreno OF Lars Nootbaar OF Corbin Carroll OF Henry Bolte P Cody Bradford P Hunter Brown SS Jacob Wilson,,,
2168,5215354680,jaakko (3/6),0,69,1B Jonathan Aranda 2B Richie Palacios 3B Junior Caminero C Ben Rortvedt OF Cedric Mullins OF Carlos Cortes OF Zack Gelof P Cody Bradford P Hunter Brown SS Jacob Wilson,,,
2168,5215360035,cachedinar (20/20),0,69,1B Christian Walker 2B Ketel Marte 3B Isaac Paredes C James McCann OF Lars Nootbaar OF Corbin Carroll OF Tim Tawa P Cody Bradford P Hunter Brown SS Corey Seager,,,
2168,5215370175,brockstar5 (2/20),0,69,1B Jeff McNeil 2B Donovan Walton 3B Max Muncy C James McCann OF Shohei Ohtani OF Kyle Tucker OF Andy Pages P Cody Bradford P Hunter Brown SS Mookie Betts,,,
2168,5215370180,brockstar5 (7/20),0,69,1B Christian Walker 2B Ketel Marte 3B Nolan Arenado C Salvador Perez OF Kyle Tucker OF Lars Nootbaar OF Corbin Carroll P Cody Bradford P Hunter Brown SS Corey Seager,,,
2168,5215554584,Nomada4444,0,69,1B Jake Burger 2B Ketel Marte 3B Nolan Arenado C Gabriel Moreno OF Lars Nootbaar OF Corbin Carroll OF Henry Bolte P Cody Bradford P Hunter Brown SS Jacob Wilson,,,
2175,5215054474,ttillie (18/20),0,68.95,1B Yandy Diaz 2B Jeff McNeil 3B Max Muncy C Gabriel Moreno OF Kyle Tucker OF Lars Nootbaar OF Chandler Simpson P Hunter Brown P Mitch Bratt SS Jeremy Pena,,,
2175,5215251216,Wanna_Square_Up1567 (7/20),0,68.95,1B Salvador Perez 2B Brice Turang 3B Manny Machado C William Contreras OF Jihwan Bae OF Jackson Chourio OF Luis Lara P Hunter Brown P Mitch Bratt SS Bobby Witt Jr.,,,
2175,5215345740,clathren (14/20),0,68.95,1B Christian Walker 2B Jose Altuve 3B Yandy Diaz C Salvador Perez OF Lars Nootbaar OF Zack Gelof OF Corbin Carroll P Hunter Brown P Mitch Bratt SS Jeremy Pena,,,
2175,5215413770,Darkmen715 (15/20),0,68.95,1B Jonathan Aranda 2B Jeff McNeil 3B Junior Caminero C Moises Ballesteros OF Victor Mesa Jr. OF Jackson Chourio OF Wyatt Langford P Hunter Brown P Mitch Bratt SS Corey Seager,,,
2175,5215585744,scohen21 (8/20),0,68.95,1B Shohei Ohtani 2B Ketel Marte 3B Ezequiel Duran C James McCann OF Brandon Nimmo OF Corbin Carroll OF Evan Carter P Hunter Brown P Mitch Bratt SS Corey Seager,,,
2180,5215384709,lttlsht (3/20),0,68.850006,1B Freddie Freeman 2B Jeff McNeil 3B Max Muncy C Carter Jensen OF Shohei Ohtani OF Kyle Tucker OF Andy Pages P Walker Buehler P Carson Whisenhunt SS Jacob Wilson,,,
2181,5215106738,rsumrall (2/20),0,68.65,1B Shohei Ohtani 2B Tommy Edman 3B Max Muncy C Ben Rortvedt OF Brandon Nimmo OF Alex Call OF Wyatt Langford P Blake Snell P Cody Bradford SS Corey Seager,,,
2181,5215147043,j-wolf05 (8/20),0,68.65,1B Nolan Schanuel 2B Oswald Peraza 3B Ezequiel Duran C Moises Ballesteros OF Mike Trout OF Brandon Nimmo OF Yordan Alvarez P Nick Martinez P Kyle Harrison SS Zach Neto,,,
2181,5215644794,MarkL1981 (3/3),0,68.65,1B Jonathan Aranda 2B Richie Palacios 3B Ezequiel Duran C Liam Hicks OF Jung Hoo Lee OF Victor Mesa Jr. OF Chandler Simpson P Nick Martinez P Kyle Harrison SS Corey Seager,,,
2181,5215662178,chubbo09,0,68.65,1B Liam Hicks 2B Vaughn Grissom 3B Max Muncy C Salvador Perez OF Jake McCarthy OF Victor Bericoto OF Jac Caglianone P Nick Martinez P Kyle Harrison SS Jacob Wilson,,,
2185,5215145692,klukstr37,0,68.55,1B Jake Burger 2B Brice Turang 3B Ezequiel Duran C James McCann OF Lars Nootbaar OF Corbin Carroll OF Jordan Beck P Blake Snell P Hunter Brown SS Corey Seager,,,
2185,5215346431,LOCNOTM (3/20),0,68.55,1B Shohei Ohtani 2B Willi Castro 3B Kyle Karros C Austin Wynns OF Brandon Nimmo OF Evan Carter OF Wyatt Langford P Blake Snell P Hunter Brown SS Corey Seager,,,
2185,5215079136,griffalicious24 (1/5),0,68.549995,1B Jonathan Aranda 2B Jeff McNeil 3B Yandy Diaz C James McCann OF Brandon Nimmo OF Lars Nootbaar OF Wyatt Langford P Blake Snell P Hunter Brown SS Corey Seager,,,
2185,5215079137,griffalicious24 (2/5),0,68.549995,1B Jonathan Aranda 2B Jeff McNeil 3B Yandy Diaz C James McCann OF Brandon Nimmo OF Lars Nootbaar OF Wyatt Langford P Blake Snell P Hunter Brown SS Corey Seager,,,
2185,5215079138,griffalicious24 (3/5),0,68.549995,1B Jonathan Aranda 2B Jeff McNeil 3B Yandy Diaz C James McCann OF Brandon Nimmo OF Lars Nootbaar OF Wyatt Langford P Blake Snell P Hunter Brown SS Corey Seager,,,
2185,5215079139,griffalicious24 (4/5),0,68.549995,1B Jonathan Aranda 2B Jeff McNeil 3B Yandy Diaz C James McCann OF Brandon Nimmo OF Lars Nootbaar OF Wyatt Langford P Blake Snell P Hunter Brown SS Corey Seager,,,
2185,5215079140,griffalicious24 (5/5),0,68.549995,1B Jonathan Aranda 2B Jeff McNeil 3B Yandy Diaz C James McCann OF Brandon Nimmo OF Lars Nootbaar OF Wyatt Langford P Blake Snell P Hunter Brown SS Corey Seager,,,
2192,5215401270,jnwallen (3/17),0,68.5,1B Joc Pederson 2B Oswald Peraza 3B Vaughn Grissom C Moises Ballesteros OF Mike Trout OF Brandon Nimmo OF Wyatt Langford P Michael Wacha P Kyle Harrison SS Zach Neto,,,
2192,5215708670,SliceB,0,68.5,1B Christian Walker 2B Willi Castro 3B Nolan Arenado C Hunter Goodman OF Jake McCarthy OF Corbin Carroll OF Victor Bericoto P Nick Martinez P Cody Bradford SS Jeremy Pena,,,
2194,5215038646,aquafinatim (18/20),0,68.4,1B Freddie Freeman 2B Jose Altuve 3B Max Muncy C Yainer Diaz OF Shohei Ohtani OF Alex Call OF Andy Pages P Walker Buehler P Mitch Bratt SS Jeremy Pena,,,
2194,5215293145,Jspears30 (1/2),0,68.4,1B Jake Burger 2B Jose Altuve 3B Junior Caminero C Hunter Goodman OF Kyle Tucker OF Alek Thomas OF Ryan Ward P Nick Martinez P Hunter Brown SS Jeremy Pena,,,
2194,5215296714,Jspears30 (2/2),0,68.4,1B Jake Burger 2B Jose Altuve 3B Junior Caminero C Hunter Goodman OF Kyle Tucker OF Alek Thomas OF Ryan Ward P Nick Martinez P Hunter Brown SS Jeremy Pena,,,
2194,5215484483,Recovering_Bears_Fan (1/2),0,68.4,1B Jake Bauers 2B Oswald Peraza 3B Yandy Diaz C Ben Rortvedt OF Yordan Alvarez OF Jung Hoo Lee OF Andy Pages P Nick Martinez P Hunter Brown SS Ezequiel Tovar,,,
2198,5215651627,Tf1960,0,68.350006,1B Christian Walker 2B Jose Altuve 3B Isaac Paredes C Yainer Diaz OF Brandon Nimmo OF Jake Bauers OF Yordan Alvarez P Walker Buehler P Hunter Brown SS Tyler Tolbert,,,
2199,5215144185,kreller17 (6/20),0,68.25,1B Freddie Freeman 2B Tommy Edman 3B Isaac Paredes C Salvador Perez OF Shohei Ohtani OF Kyle Tucker OF Andy Pages P Mitch Bratt P Ryan Johnson SS Bobby Witt Jr.,,,
2200,5215381405,FunkyKong (16/20),0,68.2,1B Christian Walker 2B Vaughn Grissom 3B Isaac Paredes C Yainer Diaz OF Yordan Alvarez OF Daulton Varsho OF Jackson Chourio P Hunter Brown P Ryan Johnson SS Zach Neto,,,
2200,5215521028,Moneygal,0,68.2,1B Rafael Devers 2B Brice Turang 3B Vaughn Grissom C Hunter Goodman OF Mike Trout OF Jose Siri OF Wade Meckler P Kyle Harrison P Mitch Bratt SS Zach Neto,,,
2200,5215657506,BuckeyeCity (7/20),0,68.2,1B Jake Bauers 2B Brice Turang 3B Isaac Paredes C Moises Ballesteros OF Mike Trout OF Jihwan Bae OF Jackson Chourio P Hunter Brown P Ryan Johnson SS Zach Neto,,,
2203,5215591849,Buckeye-Ninja (4/5),0,68.15,1B Tim Tawa 2B Oswald Peraza 3B Nolan Arenado C James McCann OF Mike Trout OF Lars Nootbaar OF Corbin Carroll P Hunter Brown P Kyle Harrison SS Zach Neto,,,
2203,5214997701,foutah (1/2),0,68.149994,1B Yandy Diaz 2B Jose Altuve 3B Max Muncy C Liam Hicks OF Jihwan Bae OF Tim Tawa OF Victor Bericoto P Hunter Brown P Kyle Harrison SS Willy Adames,,,
2203,5215038489,foutah (2/2),0,68.149994,1B Yandy Diaz 2B Jose Altuve 3B Max Muncy C Liam Hicks OF Jihwan Bae OF Tim Tawa OF Victor Bericoto P Hunter Brown P Kyle Harrison SS Willy Adames,,,
2203,5215684759,dillmaak2022 (14/20),0,68.149994,1B Joc Pederson 2B Ketel Marte 3B Nolan Arenado C Austin Wynns OF Brandon Nimmo OF Chandler Simpson OF Wyatt Langford P Hunter Brown P Kyle Harrison SS Corey Seager,,,
2203,5215689360,dantheman78 (17/20),0,68.149994,1B Joc Pederson 2B Donovan Walton 3B Ezequiel Duran C Hunter Goodman OF Lawrence Butler OF Zack Gelof OF Henry Bolte P Hunter Brown P Kyle Harrison SS Jacob Wilson,,,
2208,5214854891,jrevelle3 (18/20),0,68,1B Joc Pederson 2B Jose Altuve 3B Isaac Paredes C Yainer Diaz OF Yordan Alvarez OF Tim Tawa OF Ryan Waldschmidt P Cody Bradford P Hunter Brown SS Jeremy Pena,,,
2208,5215491831,wazzu24 (12/20),0,68,1B Jake Burger 2B Tommy Edman 3B Max Muncy C Austin Wynns OF Brandon Nimmo OF Shohei Ohtani OF Evan Carter P Cody Bradford P Hunter Brown SS Mookie Betts,,,
2208,5215643005,bassguy39 (15/15),0,68,1B Shohei Ohtani 2B Willi Castro 3B Kyle Karros C Ben Rortvedt OF Jake McCarthy OF Corbin Carroll OF Cole Carrigg P Cody Bradford P Hunter Brown SS Ezequiel Tovar,,,
2211,5215288539,HC0023 (5/20),0,67.95,1B Joc Pederson 2B Brice Turang 3B Ezequiel Duran C Gabriel Moreno OF Brandon Nimmo OF Jake Bauers OF Wyatt Langford P Hunter Brown P Mitch Bratt SS Corey Seager,,,
2211,5215288542,HC0023 (8/20),0,67.95,1B Freddie Freeman 2B Oswald Peraza 3B Max Muncy C Moises Ballesteros OF Shohei Ohtani OF Jose Siri OF Andy Pages P Hunter Brown P Mitch Bratt SS Mookie Betts,,,
2211,5215669528,SkyU27 (2/10),0,67.95,1B Jake Burger 2B Ketel Marte 3B Nolan Arenado C Gabriel Moreno OF Lars Nootbaar OF Corbin Carroll OF Wyatt Langford P Hunter Brown P Mitch Bratt SS Corey Seager,,,
2214,5215624183,jballagh (20/20),0,67.85,1B Rafael Devers 2B Jose Altuve 3B Isaac Paredes C Yainer Diaz OF Jake McCarthy OF Yordan Alvarez OF Jung Hoo Lee P Nick Martinez P Walker Buehler SS Jeremy Pena,,,
2215,5215121861,thundrenterprises (5/20),0,67.8,1B Nolan Schanuel 2B Oswald Peraza 3B Ezequiel Duran C Moises Ballesteros OF Mike Trout OF Brandon Nimmo OF Evan Carter P Blake Snell P Kyle Harrison SS Zach Neto,,,
2215,5215158356,73pd2x (6/20),0,67.8,1B Connor Norby 2B Ildemaro Vargas 3B Kyle Karros C Hunter Goodman OF Lars Nootbaar OF Jordan Beck OF Cole Carrigg P Blake Snell P Kyle Harrison SS Jeremy Pena,,,
2217,5215396643,silencetheg (7/20),0,67.65,1B Jake Bauers 2B Brice Turang 3B Max Muncy C William Contreras OF Christian Yelich OF Alex Call OF Garrett Mitchell P Kyle Harrison P Carson Whisenhunt SS Mookie Betts,,,
2217,5215686591,woodreb5 (19/20),0,67.65,1B Jonathan Aranda 2B Oswald Peraza 3B Junior Caminero C Liam Hicks OF Lawrence Butler OF Evan Carter OF Wyatt Langford P Kyle Harrison P Carson Whisenhunt SS Zach Neto,,,
2219,5214946329,stock2mail (5/20),0,67.55,1B Jake Burger 2B Jose Altuve 3B Isaac Paredes C Austin Wynns OF Brandon Nimmo OF Yordan Alvarez OF Cam Smith P Blake Snell P Hunter Brown SS Corey Seager,,,
2219,5215512849,TwoHearted (10/20),0,67.55,1B Jonathan Aranda 2B Ketel Marte 3B Isaac Paredes C James McCann OF Lars Nootbaar OF Cam Smith OF Ryan Waldschmidt P Blake Snell P Hunter Brown SS Jeremy Pena,,,
2219,5215708495,sportsfan14 (2/20),0,67.55,1B Shohei Ohtani 2B Willi Castro 3B Connor Norby C Ben Rortvedt OF Jake McCarthy OF Corbin Carroll OF Jordan Beck P Blake Snell P Hunter Brown SS Ezequiel Tovar,,,
2219,5215161055,csurunnerccr (5/20),0,67.549995,1B Jake Burger 2B Ketel Marte 3B Ezequiel Duran C James McCann OF Brandon Nimmo OF Lars Nootbaar OF Wyatt Langford P Blake Snell P Hunter Brown SS Corey Seager,,,
2223,5215318698,mrclean913 (9/20),0,67.45,1B Jake Bauers 2B Brice Turang 3B Nolan Arenado C William Contreras OF Lars Nootbaar OF Garrett Mitchell OF Jackson Chourio P Nick Martinez P Mitch Bratt SS Jeremy Pena,,,
2223,5215381393,FunkyKong (15/20),0,67.45,1B Shohei Ohtani 2B Ketel Marte 3B Nolan Arenado C James McCann OF Lars Nootbaar OF Lawrence Butler OF Corbin Carroll P Kyle Harrison P Ryan Johnson SS Jeremy Pena,,,
2223,5215651673,colbyhornet (14/20),0,67.45,1B Christian Walker 2B Ketel Marte 3B Max Muncy C Gabriel Moreno OF Lars Nootbaar OF Corbin Carroll OF Tim Tawa P Kyle Harrison P Ryan Johnson SS Jeremy Pena,,,
2226,5215702015,BChap71 (3/3),0,67.4,1B Jake Bauers 2B Jose Altuve 3B Isaac Paredes C Gabriel Moreno OF Kyle Tucker OF Garrett Mitchell OF Chandler Simpson P Nick Martinez P Hunter Brown SS Ezequiel Tovar,,,
2227,5215318702,mrclean913 (13/20),0,67.350006,1B Jeff McNeil 2B Donovan Walton 3B Zack Gelof C Hunter Goodman OF Shohei Ohtani OF Jake McCarthy OF Carlos Cortes P Walker Buehler P Hunter Brown SS Jacob Wilson,,,
2228,5215318700,mrclean913 (11/20),0,67.3,1B Joc Pederson 2B Jose Altuve 3B Isaac Paredes C Yainer Diaz OF Jake Bauers OF Yordan Alvarez OF Wyatt Langford P Michael Wacha P Mitch Bratt SS Jeremy Pena,,,
2229,5215113505,milligolf (8/20),0,67.25,1B Joc Pederson 2B Jeff McNeil 3B Junior Caminero C Jonah Heim OF Brandon Nimmo OF Lawrence Butler OF Wyatt Langford P Cody Bradford P Kyle Harrison SS Corey Seager,,,
2229,5215207480,Elwaysarmy (17/20),0,67.25,1B Connor Norby 2B Brice Turang 3B Kyle Karros C Hunter Goodman OF Lars Nootbaar OF Corbin Carroll OF Cole Carrigg P Cody Bradford P Kyle Harrison SS Ezequiel Tovar,,,
2231,5215312498,louiswat (1/4),0,67.2,1B Christian Walker 2B Osleivis Basabe 3B Isaac Paredes C Luis Campusano OF Shohei Ohtani OF Andy Pages OF Wyatt Langford P Kyle Harrison P Mitch Bratt SS Willy Adames,,,
2232,5215431179,Boltmantom (1/2),0,67.15,1B Tim Tawa 2B Jeff McNeil 3B Vaughn Grissom C Salvador Perez OF Mike Trout OF Jake Bauers OF Zack Gelof P Hunter Brown P Kyle Harrison SS Zach Neto,,,
2232,5215713396,ligerbomb,0,67.15,1B Freddie Freeman 2B Richie Palacios 3B Isaac Paredes C James McCann OF Brandon Nimmo OF Tim Tawa OF Jac Caglianone P Hunter Brown P Kyle Harrison SS Jacob Wilson,,,
2232,5215647899,rcarena (1/4),0,67.149994,1B Jake Burger 2B Richie Palacios 3B Ezequiel Duran C Liam Hicks OF Brandon Nimmo OF Victor Mesa Jr. OF Tim Tawa P Hunter Brown P Kyle Harrison SS Corey Seager,,,
2235,5215044043,kcroyalfan (1/20),0,67.05,1B Freddie Freeman 2B Brice Turang 3B Zack Gelof C Liam Hicks OF Teoscar Hernandez OF Shohei Ohtani OF Tim Tawa P Cody Bradford P Mitch Bratt SS Corey Seager,,,
2235,5215239089,johnne28 (2/3),0,67.05,1B Yandy Diaz 2B Tommy Edman 3B Nolan Arenado C Liam Hicks OF Shohei Ohtani OF Andy Pages OF Evan Carter P Cody Bradford P Mitch Bratt SS Corey Seager,,,
2235,5215652495,xXxPLOSIVE (3/5),0,67.05,1B Jonathan Aranda 2B Jeff McNeil 3B Yandy Diaz C Liam Hicks OF Shohei Ohtani OF Lars Nootbaar OF Corbin Carroll P Cody Bradford P Mitch Bratt SS Corey Seager,,,
2235,5215717615,Mrkvs (10/12),0,67.05,1B Christian Walker 2B Ketel Marte 3B Isaac Paredes C Yainer Diaz OF Yordan Alvarez OF Lars Nootbaar OF Corbin Carroll P Cody Bradford P Mitch Bratt SS Jeremy Pena,,,
2239,5215070297,LTskelter (14/20),0,67,1B Joc Pederson 2B Jeff McNeil 3B Ezequiel Duran C Hunter Goodman OF Jake McCarthy OF Wyatt Langford OF Cole Carrigg P Cody Bradford P Hunter Brown SS Corey Seager,,,
2239,5215655660,jetty76 (18/20),0,67,1B Christian Walker 2B Jose Altuve 3B Isaac Paredes C Yainer Diaz OF Shohei Ohtani OF Kyle Tucker OF Alex Call P Cody Bradford P Hunter Brown SS Mookie Betts,,,
2241,5215140883,terryf20,0,66.95,1B Tim Tawa 2B Brice Turang 3B Ezequiel Duran C Moises Ballesteros OF Christian Yelich OF Corbin Carroll OF Jackson Chourio P Hunter Brown P Mitch Bratt SS Corey Seager,,,
2241,5215655872,DigitalDreams (4/4),0,66.95,1B Jake Burger 2B Ketel Marte 3B Nolan Arenado C James McCann OF Corbin Carroll OF Jackson Chourio OF Wyatt Langford P Hunter Brown P Mitch Bratt SS Corey Seager,,,
2241,5215689344,dantheman78 (1/20),0,66.95,1B Jake Bauers 2B Brice Turang 3B Nolan Arenado C James McCann OF Lars Nootbaar OF Garrett Mitchell OF Jackson Chourio P Hunter Brown P Mitch Bratt SS Zach Neto,,,
2244,5215113514,milligolf (17/20),0,66.8,1B Bryce Eldridge 2B Brice Turang 3B David Hamilton C James McCann OF Jake Bauers OF Jihwan Bae OF Jackson Chourio P Blake Snell P Kyle Harrison SS Willy Adames,,,
2244,5215144191,kreller17 (12/20),0,66.8,1B Bryce Eldridge 2B Brice Turang 3B David Hamilton C William Contreras OF Jihwan Bae OF Victor Bericoto OF Jackson Chourio P Blake Snell P Kyle Harrison SS Willy Adames,,,
2244,5215144198,kreller17 (19/20),0,66.8,1B Rafael Devers 2B Brice Turang 3B Max Muncy C William Contreras OF Jihwan Bae OF Victor Bericoto OF Luis Lara P Blake Snell P Kyle Harrison SS Willy Adames,,,
2244,5215691597,Hiss24,0,66.799995,1B Jake Bauers 2B Jose Altuve 3B Yandy Diaz C Hunter Goodman OF Brandon Nimmo OF Jordan Beck OF Victor Bericoto P Blake Snell P Kyle Harrison SS Nicky Lopez,,,
2248,5215081710,reedo714,0,66.65,1B Joc Pederson 2B Jose Altuve 3B Isaac Paredes C Liam Hicks OF Brandon Nimmo OF Chandler Simpson OF Wyatt Langford P Nick Martinez P Kyle Harrison SS Corey Seager,,,
2248,5215696431,bxtrey (1/2),0,66.65,1B Shohei Ohtani 2B Jeff McNeil 3B Max Muncy C Ben Rortvedt OF Mike Trout OF Yordan Alvarez OF Jackson Chourio P Tomoyuki Sugano P Ryan Johnson SS Jeremy Pena,,,
2248,5215372222,tybry85 (18/20),0,66.649994,1B Christian Walker 2B Jose Altuve 3B Isaac Paredes C James McCann OF Brandon Nimmo OF Corbin Carroll OF Wyatt Langford P Blake Snell P Cody Bradford SS Corey Seager,,,
2248,5215381385,FunkyKong (7/20),0,66.649994,1B Jake Bauers 2B Brice Turang 3B Connor Norby C James McCann OF Christian Yelich OF Garrett Mitchell OF Jackson Chourio P Blake Snell P Cody Bradford SS Tyler Tolbert,,,
2248,5215702838,APot30 (8/20),0,66.649994,1B Christian Walker 2B Jose Altuve 3B Isaac Paredes C Gabriel Moreno OF Lars Nootbaar OF Corbin Carroll OF Cam Smith P Blake Snell P Cody Bradford SS Jeremy Pena,,,
2253,5215331987,jeffylube (7/20),0,66.55,1B Jonathan Aranda 2B Jeff McNeil 3B Zack Gelof C Liam Hicks OF Brandon Nimmo OF Cam Smith OF Wyatt Langford P Blake Snell P Hunter Brown SS Corey Seager,,,
2254,5215288538,HC0023 (4/20),0,66.5,1B Joc Pederson 2B Brice Turang 3B Ezequiel Duran C Liam Hicks OF Shohei Ohtani OF Andy Pages OF Wyatt Langford P Cody Bradford P Carson Whisenhunt SS Corey Seager,,,
2255,5215663248,bherring19 (2/4),0,66.4,1B Jonathan Aranda 2B Jeff McNeil 3B Nick Loftin C Gabriel Moreno OF Corbin Carroll OF Chandler Simpson OF Wyatt Langford P Nick Martinez P Hunter Brown SS Corey Seager,,,
2255,5215696692,mrfb (17/20),0,66.4,1B Jonathan Aranda 2B Tommy Edman 3B Max Muncy C Liam Hicks OF Shohei Ohtani OF Kyle Tucker OF Andy Pages P Tomoyuki Sugano P Mitch Bratt SS Corey Seager,,,
2257,5215428613,mauka95 (2/4),0,66.350006,1B Freddie Freeman 2B Jose Altuve 3B Isaac Paredes C Ben Rortvedt OF Shohei Ohtani OF Victor Mesa Jr. OF Cam Smith P Walker Buehler P Hunter Brown SS Jeremy Pena,,,
2258,5215014265,Reboot78 (15/20),0,66.25,1B Joc Pederson 2B Brice Turang 3B Junior Caminero C Ben Rortvedt OF Victor Mesa Jr. OF Evan Carter OF Wyatt Langford P Cody Bradford P Kyle Harrison SS Corey Seager,,,
2258,5215535247,GeMSta69 (1/2),0,66.25,1B Jake Bauers 2B Brice Turang 3B Nolan Arenado C Salvador Perez OF Christian Yelich OF Brandon Nimmo OF Daulton Varsho P Cody Bradford P Kyle Harrison SS Mookie Betts,,,
2260,5215222553,DrNickIsIn (13/20),0,66.2,1B Shohei Ohtani 2B Ketel Marte 3B Nolan Arenado C Gabriel Moreno OF Lars Nootbaar OF Evan Carter OF Wyatt Langford P Kyle Harrison P Mitch Bratt SS Mookie Betts,,,
2260,5215645444,BrocNessMonster,0,66.2,1B Joc Pederson 2B Ketel Marte 3B Ezequiel Duran C Gabriel Moreno OF Brandon Nimmo OF Yordan Alvarez OF Evan Carter P Kyle Harrison P Mitch Bratt SS Corey Seager,,,
2262,5215222550,DrNickIsIn (10/20),0,66.15,1B Nolan Schanuel 2B Ketel Marte 3B Vaughn Grissom C James McCann OF Mike Trout OF Brandon Nimmo OF Evan Carter P Hunter Brown P Kyle Harrison SS Zach Neto,,,
2262,5215578150,chfen07 (2/20),0,66.15,1B Jonathan Aranda 2B Jeff McNeil 3B Zack Gelof C Liam Hicks OF Carlos Cortes OF Lawrence Butler OF Victor Mesa Jr. P Hunter Brown P Kyle Harrison SS Jacob Wilson,,,
2262,5215651667,colbyhornet (8/20),0,66.15,1B Jac Caglianone 2B Jeff McNeil 3B Zack Gelof C Jonah Heim OF Carlos Cortes OF Lawrence Butler OF Cam Smith P Hunter Brown P Kyle Harrison SS Bobby Witt Jr.,,,
2262,5215710957,DaBanker,0,66.15,1B Jonathan Aranda 2B Jeff McNeil 3B Zack Gelof C Liam Hicks OF Carlos Cortes OF Lawrence Butler OF Victor Mesa Jr. P Hunter Brown P Kyle Harrison SS Jacob Wilson,,,
2262,5215323678,mgo14,0,66.149994,1B Yandy Diaz 2B Jeff McNeil 3B Isaac Paredes C Tyler Heineman OF Victor Mesa Jr. OF Corbin Carroll OF Cam Smith P Hunter Brown P Kyle Harrison SS Corey Seager,,,
2262,5215455183,Hammer1969,0,66.149994,1B Jonathan Aranda 2B Ketel Marte 3B Ezequiel Duran C Gabriel Moreno OF Brandon Nimmo OF Carlos Cortes OF Lawrence Butler P Hunter Brown P Kyle Harrison SS Ezequiel Tovar,,,
2262,5215457559,squatman2008 (2/6),0,66.149994,1B Joc Pederson 2B Willi Castro 3B Ezequiel Duran C Salvador Perez OF Brandon Nimmo OF Kyle Tucker OF Victor Mesa Jr. P Hunter Brown P Kyle Harrison SS Corey Seager,,,
2262,5215457560,squatman2008 (3/6),0,66.149994,1B Joc Pederson 2B Willi Castro 3B Ezequiel Duran C Salvador Perez OF Brandon Nimmo OF Kyle Tucker OF Victor Mesa Jr. P Hunter Brown P Kyle Harrison SS Corey Seager,,,
2262,5215708969,lilmaryy (7/10),0,66.149994,1B Jonathan Aranda 2B Jeff McNeil 3B Yandy Diaz C Salvador Perez OF Carlos Cortes OF Lawrence Butler OF Zack Gelof P Hunter Brown P Kyle Harrison SS Jacob Wilson,,,
2271,5215251217,Wanna_Square_Up1567 (8/20),0,66.05,1B Ildemaro Vargas 2B Ketel Marte 3B Max Muncy C Gabriel Moreno OF Lars Nootbaar OF Corbin Carroll OF Wyatt Langford P Cody Bradford P Mitch Bratt SS Corey Seager,,,
2271,5215360021,cachedinar (6/20),0,66.05,1B Freddie Freeman 2B Ildemaro Vargas 3B Max Muncy C James McCann OF Shohei Ohtani OF Corbin Carroll OF Tim Tawa P Cody Bradford P Mitch Bratt SS Corey Seager,,,
2271,5215381406,FunkyKong (17/20),0,66.05,1B Jonathan Aranda 2B Jeff McNeil 3B Junior Caminero C Liam Hicks OF Cedric Mullins OF Andy Pages OF Chandler Simpson P Cody Bradford P Mitch Bratt SS Corey Seager,,,
2271,5215653639,wormlove3 (1/20),0,66.05,1B Jeff McNeil 2B Ketel Marte 3B Nick Loftin C Ben Rortvedt OF Shohei Ohtani OF Yordan Alvarez OF Jackson Chourio P Cody Bradford P Mitch Bratt SS Bobby Witt Jr.,,,
2271,5215653649,wormlove3 (8/20),0,66.05,1B Jeff McNeil 2B Ketel Marte 3B Nick Loftin C Ben Rortvedt OF Shohei Ohtani OF Yordan Alvarez OF Jackson Chourio P Cody Bradford P Mitch Bratt SS Bobby Witt Jr.,,,
2271,5215653658,wormlove3 (15/20),0,66.05,1B Jeff McNeil 2B Ketel Marte 3B Nick Loftin C Ben Rortvedt OF Shohei Ohtani OF Yordan Alvarez OF Jackson Chourio P Cody Bradford P Mitch Bratt SS Bobby Witt Jr.,,,
2271,5215672631,evan121110 (1/2),0,66.05,1B Jonathan Aranda 2B Ildemaro Vargas 3B Junior Caminero C Liam Hicks OF Brandon Nimmo OF Cedric Mullins OF Chandler Simpson P Cody Bradford P Mitch Bratt SS Corey Seager,,,
2271,5215692537,tonypaqs (1/2),0,66.05,1B Jonathan Aranda 2B Jeff McNeil 3B Junior Caminero C Gabriel Moreno OF Mike Trout OF Shohei Ohtani OF Cam Smith P Cody Bradford P Mitch Bratt SS Corey Seager,,,
2271,5215698731,tonypaqs (2/2),0,66.05,1B Jonathan Aranda 2B Jeff McNeil 3B Junior Caminero C Gabriel Moreno OF Mike Trout OF Shohei Ohtani OF Cam Smith P Cody Bradford P Mitch Bratt SS Corey Seager,,,
2271,5215717926,cacolbe (2/16),0,66.05,1B Jonathan Aranda 2B Jose Altuve 3B Yandy Diaz C Liam Hicks OF Yordan Alvarez OF Daulton Varsho OF Cam Smith P Cody Bradford P Mitch Bratt SS Jeremy Pena,,,
2271,5215717936,cacolbe (12/16),0,66.05,1B Jonathan Aranda 2B Jose Altuve 3B Yandy Diaz C Liam Hicks OF Yordan Alvarez OF Daulton Varsho OF Cam Smith P Cody Bradford P Mitch Bratt SS Jeremy Pena,,,
2282,5215360017,cachedinar (2/20),0,66,1B Jeff McNeil 2B Ketel Marte 3B Ezequiel Duran C Gabriel Moreno OF Brandon Nimmo OF Corbin Carroll OF Evan Carter P Cody Bradford P Hunter Brown SS Corey Seager,,,
2282,5215375697,DJsPath23,0,66,1B Jake Bauers 2B Ketel Marte 3B Nolan Arenado C Gabriel Moreno OF Lars Nootbaar OF Garrett Mitchell OF Jihwan Bae P Cody Bradford P Hunter Brown SS Bobby Witt Jr.,,,
2282,5215450283,BourbonRat,0,66,1B Joc Pederson 2B Willi Castro 3B Ezequiel Duran C Hunter Goodman OF Evan Carter OF Wyatt Langford OF Cole Carrigg P Cody Bradford P Hunter Brown SS Corey Seager,,,
2282,5215647857,KING--13 (6/10),0,66,1B Jonathan Aranda 2B Jeff McNeil 3B Yandy Diaz C Gabriel Moreno OF Lawrence Butler OF Zack Gelof OF Henry Bolte P Cody Bradford P Hunter Brown SS Corey Seager,,,
2282,5215654324,expostulate (7/10),0,66,1B Freddie Freeman 2B Michael Massey 3B Max Muncy C Ben Rortvedt OF Brandon Nimmo OF Kyle Tucker OF Wyatt Langford P Cody Bradford P Hunter Brown SS Mookie Betts,,,
2287,5214974510,King_Cole22,0,65.95,1B Jonathan Aranda 2B Jose Altuve 3B Isaac Paredes C Gabriel Moreno OF Brandon Nimmo OF Corbin Carroll OF Chandler Simpson P Hunter Brown P Mitch Bratt SS Corey Seager,,,
2287,5215054476,ttillie (20/20),0,65.95,1B Freddie Freeman 2B Jeff McNeil 3B Nolan Arenado C Liam Hicks OF Shohei Ohtani OF Lars Nootbaar OF Victor Mesa Jr. P Hunter Brown P Mitch Bratt SS Corey Seager,,,
2287,5215624182,jballagh (19/20),0,65.95,1B Shohei Ohtani 2B Oswald Peraza 3B Max Muncy C Moises Ballesteros OF Mike Trout OF Jose Siri OF Andy Pages P Hunter Brown P Mitch Bratt SS Zach Neto,,,
2287,5215654326,expostulate (9/10),0,65.95,1B Freddie Freeman 2B Tommy Edman 3B Max Muncy C James McCann OF Shohei Ohtani OF Alex Call OF Lars Nootbaar P Hunter Brown P Mitch Bratt SS Zach Neto,,,
2291,5215113512,milligolf (15/20),0,65.799995,1B Joc Pederson 2B Donovan Walton 3B Max Muncy C Ben Rortvedt OF Shohei Ohtani OF Alex Call OF Wyatt Langford P Blake Snell P Kyle Harrison SS Corey Seager,,,
2292,5215664401,Albino_Zebra (17/20),0,65.65,1B Christian Walker 2B Jose Altuve 3B Isaac Paredes C Yainer Diaz OF Yordan Alvarez OF Jung Hoo Lee OF Victor Bericoto P Blake Snell P Cody Bradford SS Willy Adames,,,
2292,5215044021,whoisjohngalt420 (20/20),0,65.649994,1B Jonathan Aranda 2B Jeff McNeil 3B Isaac Paredes C Yainer Diaz OF Yordan Alvarez OF Zack Gelof OF Cam Smith P Blake Snell P Cody Bradford SS Jeremy Pena,,,
2292,5215372221,tybry85 (17/20),0,65.649994,1B Jonathan Aranda 2B Jose Altuve 3B Isaac Paredes C Liam Hicks OF Brandon Nimmo OF Cam Smith OF Wyatt Langford P Blake Snell P Cody Bradford SS Corey Seager,,,
2292,5215623929,easymoneynow (2/3),0,65.649994,1B Christian Walker 2B Osleivis Basabe 3B Isaac Paredes C James McCann OF Kyle Tucker OF Andy Pages OF Jackson Chourio P Nick Martinez P Kyle Harrison SS Mookie Betts,,,
2296,5215195089,jsamtoy (15/20),0,65.6,1B Christian Walker 2B Jose Altuve 3B Isaac Paredes C James McCann OF Brandon Nimmo OF Yordan Alvarez OF Wyatt Langford P Blake Snell P Mitch Bratt SS Jeremy Pena,,,
2297,5215121860,thundrenterprises (4/20),0,65.55,1B Christian Walker 2B Jose Altuve 3B Isaac Paredes C Austin Wynns OF Brandon Nimmo OF Kyle Tucker OF Cam Smith P Blake Snell P Hunter Brown SS Jeremy Pena,,,
2297,5215346448,LOCNOTM (20/20),0,65.55,1B Jake Burger 2B Nicky Lopez 3B Junior Caminero C James McCann OF Brandon Nimmo OF Jose Siri OF Wyatt Langford P Blake Snell P Hunter Brown SS Corey Seager,,,
2297,5215651662,colbyhornet (3/20),0,65.55,1B Jake Bauers 2B Brice Turang 3B Zack Gelof C William Contreras OF Jake McCarthy OF Jihwan Bae OF Luis Lara P Blake Snell P Hunter Brown SS Ezequiel Tovar,,,
2300,5215701269,TNeidert (16/20),0,65.4,1B Christian Walker 2B Jose Altuve 3B Kyle Karros C Ben Rortvedt OF Jake McCarthy OF Mickey Moniak OF Cole Carrigg P Nick Martinez P Hunter Brown SS Jeremy Pena,,,
2301,5215318699,mrclean913 (10/20),0,65.350006,1B Shohei Ohtani 2B Oswald Peraza 3B Willi Castro C Moises Ballesteros OF Mike Trout OF Jose Siri OF Andy Pages P Walker Buehler P Hunter Brown SS Zach Neto,,,
2301,5215718341,Awalker3081 (18/20),0,65.350006,1B Jeff McNeil 2B Donovan Walton 3B Zack Gelof C Liam Hicks OF Shohei Ohtani OF Lawrence Butler OF Wyatt Langford P Walker Buehler P Hunter Brown SS Corey Seager,,,
2303,5214866665,Sammy.Boy (15/20),0,65.25,1B Joc Pederson 2B Ketel Marte 3B Nolan Arenado C Gabriel Moreno OF Corbin Carroll OF Victor Bericoto OF Wyatt Langford P Cody Bradford P Kyle Harrison SS Corey Seager,,,
2303,5215116870,Ctracefan (11/20),0,65.25,1B Joc Pederson 2B Richie Palacios 3B Junior Caminero C Austin Wynns OF Brandon Nimmo OF Shohei Ohtani OF Evan Carter P Cody Bradford P Kyle Harrison SS Corey Seager,,,
2303,5215643003,bassguy39 (13/15),0,65.25,1B Joc Pederson 2B Ketel Marte 3B Nolan Arenado C Gabriel Moreno OF Lars Nootbaar OF Corbin Carroll OF Evan Carter P Cody Bradford P Kyle Harrison SS Corey Seager,,,
2303,5215689352,dantheman78 (9/20),0,65.25,1B Joc Pederson 2B Jeff McNeil 3B Zack Gelof C Liam Hicks OF Carlos Cortes OF Yordan Alvarez OF Lawrence Butler P Cody Bradford P Kyle Harrison SS Jeremy Pena,,,
2307,5215267247,Do_Figolo_Chip (5/7),0,65.2,1B Jake Bauers 2B Brice Turang 3B Isaac Paredes C William Contreras OF Kyle Tucker OF Daulton Varsho OF Jackson Chourio P Kyle Harrison P Mitch Bratt SS Taylor Walls,,,
2307,5215414763,laken04,0,65.2,1B Yandy Diaz 2B Jeff McNeil 3B Junior Caminero C Liam Hicks OF Christian Yelich OF Alex Call OF Jackson Chourio P Kyle Harrison P Mitch Bratt SS Nicky Lopez,,,
2307,5215609202,JaserD (7/20),0,65.2,1B Christian Walker 2B Jose Altuve 3B Isaac Paredes C Yainer Diaz OF Mike Trout OF Jose Siri OF Yordan Alvarez P Hunter Brown P Ryan Johnson SS Zach Neto,,,
2307,5215717853,Yotesfan19,0,65.2,1B Jeff McNeil 2B Osleivis Basabe 3B Nolan Arenado C Gabriel Moreno OF Jake Bauers OF Yordan Alvarez OF Corbin Carroll P Kyle Harrison P Mitch Bratt SS Willy Adames,,,
2311,5215252477,swiftyjb (1/4),0,65.15,1B Joc Pederson 2B Oswald Peraza 3B Vaughn Grissom C Liam Hicks OF Mike Trout OF Lars Nootbaar OF Luis Lara P Hunter Brown P Kyle Harrison SS Zach Neto,,,
2312,5215251226,Wanna_Square_Up1567 (17/20),0,65.05,1B Christian Walker 2B Jose Altuve 3B Nick Loftin C Yainer Diaz OF Yordan Alvarez OF Corbin Carroll OF Cam Smith P Cody Bradford P Mitch Bratt SS Bobby Witt Jr.,,,
2312,5215713340,SICKHEMI (3/20),0,65.05,1B Jake Burger 2B Jose Altuve 3B Junior Caminero C Yainer Diaz OF Brandon Nimmo OF Yordan Alvarez OF Daulton Varsho P Cody Bradford P Mitch Bratt SS Jeremy Pena,,,
2314,5215147040,j-wolf05 (5/20),0,65,1B Joc Pederson 2B Brice Turang 3B Zack Gelof C Jonah Heim OF Carlos Cortes OF Henry Bolte OF Wyatt Langford P Cody Bradford P Hunter Brown SS Jacob Wilson,,,
2315,5215491824,wazzu24 (5/20),0,64.95,1B Freddie Freeman 2B Jeff McNeil 3B Nick Loftin C Salvador Perez OF Shohei Ohtani OF Carlos Cortes OF Andy Pages P Hunter Brown P Mitch Bratt SS Bobby Witt Jr.,,,
2315,5215631103,johnbrock636 (4/6),0,64.95,1B Yandy Diaz 2B Jose Altuve 3B Isaac Paredes C Gabriel Moreno OF Brandon Nimmo OF Zack Gelof OF Wyatt Langford P Hunter Brown P Mitch Bratt SS Corey Seager,,,
2315,5215648111,Hoily (1/20),0,64.95,1B Christian Walker 2B Jose Altuve 3B Isaac Paredes C Gabriel Moreno OF Carlos Cortes OF Yordan Alvarez OF Lawrence Butler P Hunter Brown P Mitch Bratt SS Jeremy Pena,,,
2315,5215648112,Hoily (2/20),0,64.95,1B Christian Walker 2B Jose Altuve 3B Isaac Paredes C Gabriel Moreno OF Carlos Cortes OF Yordan Alvarez OF Lawrence Butler P Hunter Brown P Mitch Bratt SS Jeremy Pena,,,
2315,5215648113,Hoily (3/20),0,64.95,1B Christian Walker 2B Jose Altuve 3B Isaac Paredes C Gabriel Moreno OF Carlos Cortes OF Yordan Alvarez OF Lawrence Butler P Hunter Brown P Mitch Bratt SS Jeremy Pena,,,
2315,5215648114,Hoily (4/20),0,64.95,1B Christian Walker 2B Jose Altuve 3B Isaac Paredes C Gabriel Moreno OF Carlos Cortes OF Yordan Alvarez OF Lawrence Butler P Hunter Brown P Mitch Bratt SS Jeremy Pena,,,
2321,5215702833,APot30 (3/20),0,64.85,1B Shohei Ohtani 2B Jose Altuve 3B Isaac Paredes C Yainer Diaz OF Kyle Tucker OF Jake McCarthy OF Cam Smith P Blake Snell P Ryan Johnson SS Jeremy Pena,,,
2322,5215195094,jsamtoy (20/20),0,64.8,1B Christian Walker 2B Jose Altuve 3B Isaac Paredes C Liam Hicks OF Daulton Varsho OF Victor Mesa Jr. OF Cam Smith P Blake Snell P Kyle Harrison SS Corey Seager,,,
2322,5215708505,sportsfan14 (12/20),0,64.8,1B Shohei Ohtani 2B Oswald Peraza 3B Vaughn Grissom C Tyler Heineman OF Mike Trout OF Brandon Nimmo OF Evan Carter P Blake Snell P Kyle Harrison SS Zach Neto,,,
2322,5215661261,Mige1 (17/20),0,64.799995,1B Tim Tawa 2B Willi Castro 3B Nolan Arenado C James McCann OF Jake McCarthy OF Lars Nootbaar OF Corbin Carroll P Blake Snell P Kyle Harrison SS Corey Seager,,,
2325,5215207466,Elwaysarmy (3/20),0,64.7,1B Freddie Freeman 2B Ketel Marte 3B Nolan Arenado C James McCann OF Shohei Ohtani OF Lars Nootbaar OF Corbin Carroll P Mitch Bratt P Mason Barnett SS Bobby Witt Jr.,,,
2326,5215632238,NITEMARE1993,0,64.65,1B Yandy Diaz 2B Osleivis Basabe 3B Ezequiel Duran C Gabriel Moreno OF Brandon Nimmo OF Chandler Simpson OF Ryan Waldschmidt P Nick Martinez P Kyle Harrison SS Corey Seager,,,
2327,5215701256,TNeidert (3/20),0,64.600006,1B Shohei Ohtani 2B Tommy Edman 3B Max Muncy C Ben Rortvedt OF Carlos Cortes OF Andy Pages OF Lawrence Butler P Walker Buehler P Kyle Harrison SS Jacob Wilson,,,
2327,5215123056,jah_586 (8/20),0,64.6,1B Shohei Ohtani 2B Jose Altuve 3B Isaac Paredes C Ben Rortvedt OF Yordan Alvarez OF Lars Nootbaar OF Daulton Varsho P Blake Snell P Mitch Bratt SS Jeremy Pena,,,
2329,5215657504,BuckeyeCity (5/20),0,64.55,1B Christian Walker 2B Jose Altuve 3B Connor Norby C Yainer Diaz OF Yordan Alvarez OF Jordan Beck OF Cam Smith P Blake Snell P Hunter Brown SS Ezequiel Tovar,,,
2329,5215674397,dillmaak2022 (6/20),0,64.55,1B Jake Burger 2B Jose Altuve 3B Isaac Paredes C Yainer Diaz OF Brandon Nimmo OF Kyle Tucker OF Cam Smith P Blake Snell P Hunter Brown SS Jeremy Pena,,,
2329,5215235881,A.Burgos930 (20/20),0,64.549995,1B Shohei Ohtani 2B Nicky Lopez 3B Zack Gelof C Austin Wynns OF Mike Trout OF Brandon Nimmo OF Evan Carter P Blake Snell P Hunter Brown SS Corey Seager,,,
2329,5215346442,LOCNOTM (14/20),0,64.549995,1B Jonathan Aranda 2B Tommy Edman 3B Manny Machado C Austin Wynns OF Brandon Nimmo OF Evan Carter OF Wyatt Langford P Blake Snell P Hunter Brown SS Corey Seager,,,
2329,5215512846,TwoHearted (7/20),0,64.549995,1B Joc Pederson 2B Oswald Peraza 3B Ezequiel Duran C Ben Rortvedt OF Shohei Ohtani OF Evan Carter OF Wyatt Langford P Blake Snell P Hunter Brown SS Corey Seager,,,
2334,5215038647,aquafinatim (19/20),0,64.5,1B Joc Pederson 2B Tommy Edman 3B Max Muncy C Gabriel Moreno OF Shohei Ohtani OF Andy Pages OF Wyatt Langford P Cody Bradford P Carson Whisenhunt SS Corey Seager,,,
2334,5215333037,papa-sports-39,0,64.5,1B Jonathan Aranda 2B Brice Turang 3B Nick Loftin C Liam Hicks OF Jake Bauers OF Kyle Tucker OF Chandler Simpson P Nick Martinez P Cody Bradford SS Corey Seager,,,
2336,5215701267,TNeidert (14/20),0,64.45,1B Jake Bauers 2B Brice Turang 3B Ezequiel Duran C William Contreras OF Brandon Nimmo OF Jackson Chourio OF Wyatt Langford P Nick Martinez P Mitch Bratt SS Corey Seager,,,
2337,5215670746,tigolebitties91 (1/4),0,64.4,1B Jonathan Aranda 2B Jeff McNeil 3B Nolan Arenado C Liam Hicks OF Brandon Nimmo OF Jung Hoo Lee OF Jackson Chourio P Nick Martinez P Hunter Brown SS Corey Seager,,,
2337,5215695226,SnowAngel74 (19/20),0,64.4,1B Jac Caglianone 2B Tommy Edman 3B Max Muncy C Ben Rortvedt OF Shohei Ohtani OF John Rave OF Kyle Isbel P Hunter Brown P Carson Whisenhunt SS Bobby Witt Jr.,,,
2339,5214854879,jrevelle3 (6/20),0,64.350006,1B Jeff McNeil 2B Oswald Peraza 3B Max Muncy C Ben Rortvedt OF Shohei Ohtani OF Kyle Tucker OF Andy Pages P Walker Buehler P Hunter Brown SS Bobby Witt Jr.,,,
2339,5215450535,darrylposton (11/20),0,64.35,1B Joc Pederson 2B Jose Altuve 3B Isaac Paredes C James McCann OF Jake McCarthy OF Yordan Alvarez OF Evan Carter P Walker Buehler P Hunter Brown SS Jeremy Pena,,,
2339,5215491821,wazzu24 (2/20),0,64.35,1B Salvador Perez 2B Brice Turang 3B Nick Loftin C William Contreras OF Jake Bauers OF Garrett Mitchell OF Luis Lara P Michael Wacha P Cody Bradford SS Bobby Witt Jr.,,,
2342,5215068401,pat_the_hat2 (18/20),0,64.25,1B Rafael Devers 2B Ketel Marte 3B Nolan Arenado C Gabriel Moreno OF Jung Hoo Lee OF Corbin Carroll OF Victor Bericoto P Cody Bradford P Kyle Harrison SS Willy Adames,,,
2342,5215384933,zsmittty223 (6/20),0,64.25,1B Jonathan Aranda 2B Jeff McNeil 3B Junior Caminero C Liam Hicks OF Cedric Mullins OF Jihwan Bae OF Chandler Simpson P Michael Wacha P Hunter Brown SS Nicky Lopez,,,
2344,5215068390,pat_the_hat2 (7/20),0,64.2,1B Christian Walker 2B Ketel Marte 3B Isaac Paredes C Yainer Diaz OF Mike Trout OF Jake Bauers OF Cam Smith P Hunter Brown P Ryan Johnson SS Jeremy Pena,,,
2344,5215123051,jah_586 (3/20),0,64.2,1B Shohei Ohtani 2B Oswald Peraza 3B Max Muncy C Ben Rortvedt OF Lars Nootbaar OF Andy Pages OF Corbin Carroll P Kyle Harrison P Mitch Bratt SS Mookie Betts,,,
2344,5215207481,Elwaysarmy (18/20),0,64.2,1B Shohei Ohtani 2B Brice Turang 3B David Hamilton C William Contreras OF Christian Yelich OF Fernando Tatis Jr. OF Jihwan Bae P Hunter Brown P Ryan Johnson SS Xander Bogaerts,,,
2344,5215416166,UniversalFriend (11/20),0,64.2,1B Shohei Ohtani 2B Willi Castro 3B Connor Norby C Salvador Perez OF Jake McCarthy OF Jordan Beck OF Cole Carrigg P Hunter Brown P Ryan Johnson SS Bobby Witt Jr.,,,
2348,5214986854,pkjorgy12,0,64.15,1B Jac Caglianone 2B Osleivis Basabe 3B Zack Gelof C Jonah Heim OF Carlos Cortes OF Corbin Carroll OF Ryan Waldschmidt P Hunter Brown P Kyle Harrison SS Tyler Tolbert,,,
2348,5215212763,SilversurferVII (16/20),0,64.15,1B Jeff McNeil 2B Donovan Walton 3B Tommy White C Hunter Goodman OF Mike Trout OF Lawrence Butler OF Zack Gelof P Hunter Brown P Kyle Harrison SS Zach Neto,,,
2348,5215222558,DrNickIsIn (18/20),0,64.15,1B Joc Pederson 2B Nicky Lopez 3B Kyle Karros C Hunter Goodman OF Mike Trout OF Brandon Nimmo OF Evan Carter P Hunter Brown P Kyle Harrison SS Corey Seager,,,
2348,5215457558,squatman2008 (1/6),0,64.15,1B Jonathan Aranda 2B Willi Castro 3B Kyle Karros C Salvador Perez OF Carlos Cortes OF Victor Mesa Jr. OF Chandler Simpson P Hunter Brown P Kyle Harrison SS Corey Seager,,,
2348,5215672639,evan121110 (2/2),0,64.15,1B Nolan Schanuel 2B Vaughn Grissom 3B Nolan Arenado C Tyler Heineman OF Mike Trout OF Kyle Tucker OF Chandler Simpson P Hunter Brown P Kyle Harrison SS Zach Neto,,,
2348,5215080291,hbcards (1/3),0,64.149994,1B Joc Pederson 2B Ketel Marte 3B Nolan Arenado C Salvador Perez OF Brandon Nimmo OF Evan Carter OF Wyatt Langford P Hunter Brown P Kyle Harrison SS Corey Seager,,,
2348,5215677868,cubbie57,0,64.149994,1B Tim Tawa 2B Jose Altuve 3B Nolan Arenado C Salvador Perez OF Brandon Nimmo OF Garrett Mitchell OF Jackson Chourio P Hunter Brown P Kyle Harrison SS Tyler Tolbert,,,
2355,5215054462,ttillie (6/20),0,64,1B Jeff McNeil 2B Jose Altuve 3B Yandy Diaz C James McCann OF Kyle Tucker OF Andy Pages OF Tim Tawa P Cody Bradford P Hunter Brown SS Jeremy Pena,,,
2355,5215144437,untouchables-420 (3/10),0,64,1B Joc Pederson 2B Nicky Lopez 3B Yandy Diaz C Hunter Goodman OF Jake McCarthy OF Evan Carter OF Wyatt Langford P Cody Bradford P Hunter Brown SS Corey Seager,,,
2355,5215184729,Kay7Trini (1/2),0,64,1B Jake Burger 2B Ketel Marte 3B Junior Caminero C Austin Wynns OF Evan Carter OF Chandler Simpson OF Wyatt Langford P Cody Bradford P Hunter Brown SS Corey Seager,,,
2355,5215482401,junior80,0,64,1B Yandy Diaz 2B Jeff McNeil 3B Junior Caminero C Ben Rortvedt OF Shohei Ohtani OF Victor Bericoto OF Cam Smith P Cody Bradford P Hunter Brown SS Corey Seager,,,
2355,5215679230,KingDean59 (5/8),0,64,1B Jonathan Aranda 2B Jeff McNeil 3B Yandy Diaz C Liam Hicks OF Brandon Nimmo OF Henry Bolte OF Chandler Simpson P Cody Bradford P Hunter Brown SS Corey Seager,,,
2355,5215679231,KingDean59 (6/8),0,64,1B Jonathan Aranda 2B Jeff McNeil 3B Yandy Diaz C Liam Hicks OF Brandon Nimmo OF Henry Bolte OF Chandler Simpson P Cody Bradford P Hunter Brown SS Corey Seager,,,
2361,5215144197,kreller17 (18/20),0,63.95,1B Freddie Freeman 2B Michael Massey 3B Nick Loftin C Salvador Perez OF Shohei Ohtani OF John Rave OF Tim Tawa P Hunter Brown P Mitch Bratt SS Bobby Witt Jr.,,,
2361,5215396641,silencetheg (5/20),0,63.95,1B Yandy Diaz 2B Jose Altuve 3B Isaac Paredes C Yainer Diaz OF Cedric Mullins OF Cam Smith OF Chandler Simpson P Hunter Brown P Mitch Bratt SS Jeremy Pena,,,
2361,5215413768,Darkmen715 (13/20),0,63.95,1B Jonathan Aranda 2B Jeff McNeil 3B Junior Caminero C Gabriel Moreno OF Brandon Nimmo OF Jake McCarthy OF Zack Gelof P Hunter Brown P Mitch Bratt SS Corey Seager,,,
2361,5215578151,chfen07 (3/20),0,63.95,1B Joc Pederson 2B Brice Turang 3B David Hamilton C William Contreras OF Jake Bauers OF Garrett Mitchell OF Wyatt Langford P Hunter Brown P Mitch Bratt SS Jeremy Pena,,,
2365,5215123065,jah_586 (17/20),0,63.8,1B Nolan Schanuel 2B Oswald Peraza 3B Vaughn Grissom C Ben Rortvedt OF Mike Trout OF Shohei Ohtani OF Lars Nootbaar P Blake Snell P Kyle Harrison SS Zach Neto,,,
2366,5214966599,hatdaddy (13/20),0,63.6,1B Jonathan Aranda 2B Jose Altuve 3B Isaac Paredes C Gabriel Moreno OF Shohei Ohtani OF Daulton Varsho OF Evan Carter P Blake Snell P Mitch Bratt SS Jeremy Pena,,,
2366,5215359206,Cuscus3 (19/20),0,63.6,1B Jake Burger 2B Jose Altuve 3B Ezequiel Duran C Gabriel Moreno OF Brandon Nimmo OF Jackson Chourio OF Wyatt Langford P Blake Snell P Mitch Bratt SS Corey Seager,,,
2368,5215642992,bassguy39 (2/15),0,63.55,1B Freddie Freeman 2B Jeff McNeil 3B Max Muncy C Austin Wynns OF Brandon Nimmo OF Evan Carter OF Wyatt Langford P Blake Snell P Hunter Brown SS Corey Seager,,,
2368,5215674576,dillmaak2022 (10/20),0,63.55,1B Jake Burger 2B Ketel Marte 3B Ezequiel Duran C James McCann OF Kyle Tucker OF Evan Carter OF Wyatt Langford P Blake Snell P Hunter Brown SS Corey Seager,,,
2370,5215068399,pat_the_hat2 (16/20),0,63.5,1B Joc Pederson 2B Willi Castro 3B Kyle Karros C Hunter Goodman OF Brandon Nimmo OF Jake McCarthy OF Evan Carter P Michael Wacha P Kyle Harrison SS Corey Seager,,,
2370,5215632953,gazmon,0,63.5,1B Freddie Freeman 2B Jake Cronenworth 3B Max Muncy C James McCann OF Shohei Ohtani OF Kyle Tucker OF Andy Pages P Nick Martinez P Cody Bradford SS Nicky Lopez,,,
2372,5215565204,jgriz003,0,63.45,1B Shohei Ohtani 2B Nicky Lopez 3B Max Muncy C Liam Hicks OF Brandon Nimmo OF Cedric Mullins OF Chandler Simpson P Walker Buehler P Cody Bradford SS Corey Seager,,,
2372,5215657505,BuckeyeCity (6/20),0,63.45,1B Christian Walker 2B Jose Altuve 3B Isaac Paredes C Salvador Perez OF Jake McCarthy OF Yordan Alvarez OF Cole Carrigg P Walker Buehler P Cody Bradford SS Jeremy Pena,,,
2374,5215029963,az350z (11/20),0,63.350002,1B Jake Bauers 2B Brice Turang 3B Manny Machado C William Contreras OF Christian Yelich OF Brandon Nimmo OF Garrett Mitchell P Tomoyuki Sugano P Hunter Brown SS Nicky Lopez,,,
2374,5215657230,BuckeyeCity (1/20),0,63.350002,1B Connor Norby 2B Willi Castro 3B Nick Loftin C Salvador Perez OF Mickey Moniak OF Yordan Alvarez OF Kyle Isbel P Walker Buehler P Hunter Brown SS Bobby Witt Jr.,,,
2376,5214983391,ByronAK,0,63.25,1B Jonathan Aranda 2B Jeff McNeil 3B Junior Caminero C Liam Hicks OF Lars Nootbaar OF Victor Mesa Jr. OF Chandler Simpson P Cody Bradford P Kyle Harrison SS Ezequiel Tovar,,,
2377,5215689363,dantheman78 (20/20),0,63.2,1B Shohei Ohtani 2B Ketel Marte 3B Nolan Arenado C James McCann OF Mike Trout OF Lars Nootbaar OF Ryan Waldschmidt P Kyle Harrison P Mitch Bratt SS Zach Neto,,,
2378,5215272266,jrancor22 (2/20),0,63.15,1B Jonathan Aranda 2B Jeff McNeil 3B Tommy White C Jonah Heim OF Cedric Mullins OF Victor Mesa Jr. OF Chandler Simpson P Hunter Brown P Kyle Harrison SS Taylor Walls,,,
2378,5215686516,omes16,0,63.15,1B Liam Hicks 2B Jeff McNeil 3B Kyle Karros C Hunter Goodman OF Jake McCarthy OF Carlos Cortes OF Cole Carrigg P Hunter Brown P Kyle Harrison SS Ezequiel Tovar,,,
2378,5215701396,jefftheho,0,63.149998,1B Joc Pederson 2B Ketel Marte 3B Nolan Arenado C James McCann OF Lars Nootbaar OF Corbin Carroll OF Evan Carter P Hunter Brown P Kyle Harrison SS Corey Seager,,,
2381,5215624176,jballagh (13/20),0,63.05,1B Christian Walker 2B Jose Altuve 3B Nolan Arenado C Gabriel Moreno OF Yordan Alvarez OF Daulton Varsho OF Corbin Carroll P Cody Bradford P Mitch Bratt SS Jeremy Pena,,,
2381,5215631104,johnbrock636 (5/6),0,63.05,1B Liam Hicks 2B Jose Altuve 3B Isaac Paredes C Gabriel Moreno OF Brandon Nimmo OF Shohei Ohtani OF Corbin Carroll P Cody Bradford P Mitch Bratt SS Corey Seager,,,
2383,5215264793,cwthrow24 (14/20),0,63,1B Salvador Perez 2B Brice Turang 3B Nick Loftin C Ben Rortvedt OF Shohei Ohtani OF Kyle Isbel OF Jac Caglianone P Cody Bradford P Hunter Brown SS Bobby Witt Jr.,,,
2383,5215264796,cwthrow24 (17/20),0,63,1B Salvador Perez 2B Jose Altuve 3B Nick Loftin C Carter Jensen OF Jake McCarthy OF Jac Caglianone OF Cam Smith P Cody Bradford P Hunter Brown SS Bobby Witt Jr.,,,
2383,5215693018,ralphgonzo10 (1/5),0,63,1B Joc Pederson 2B Jose Altuve 3B Nolan Arenado C James McCann OF Brandon Nimmo OF Yordan Alvarez OF Wyatt Langford P Cody Bradford P Hunter Brown SS Corey Seager,,,
2383,5215701828,Phil8650,0,63,1B Freddie Freeman 2B Jeff McNeil 3B Junior Caminero C Gabriel Moreno OF Brandon Nimmo OF Henry Bolte OF Chandler Simpson P Cody Bradford P Hunter Brown SS Nicky Lopez,,,
2387,5215038641,aquafinatim (13/20),0,62.95,1B Joc Pederson 2B Jose Altuve 3B Ezequiel Duran C Yainer Diaz OF Yordan Alvarez OF Cam Smith OF Wyatt Langford P Hunter Brown P Mitch Bratt SS Jeremy Pena,,,
2387,5215147047,j-wolf05 (12/20),0,62.95,1B Joc Pederson 2B Brice Turang 3B Ezequiel Duran C Liam Hicks OF Evan Carter OF Jackson Chourio OF Wyatt Langford P Hunter Brown P Mitch Bratt SS Corey Seager,,,
2387,5215161066,csurunnerccr (16/20),0,62.95,1B Jake Burger 2B Ketel Marte 3B Max Muncy C Austin Wynns OF Brandon Nimmo OF Shohei Ohtani OF Wyatt Langford P Hunter Brown P Mitch Bratt SS Corey Seager,,,
2387,5215288541,HC0023 (7/20),0,62.95,1B Joc Pederson 2B Jose Altuve 3B Zack Gelof C Yainer Diaz OF Yordan Alvarez OF Cam Smith OF Wyatt Langford P Hunter Brown P Mitch Bratt SS Jeremy Pena,,,
2387,5215450526,darrylposton (2/20),0,62.95,1B Joc Pederson 2B Jose Altuve 3B Zack Gelof C Yainer Diaz OF Yordan Alvarez OF Cam Smith OF Wyatt Langford P Hunter Brown P Mitch Bratt SS Jeremy Pena,,,
2387,5215578158,chfen07 (10/20),0,62.95,1B Joc Pederson 2B Jose Altuve 3B Ezequiel Duran C Yainer Diaz OF Yordan Alvarez OF Cam Smith OF Wyatt Langford P Hunter Brown P Mitch Bratt SS Jeremy Pena,,,
2387,5215609212,JaserD (17/20),0,62.95,1B Joc Pederson 2B Tommy Edman 3B Max Muncy C Ben Rortvedt OF Shohei Ohtani OF Andy Pages OF Wyatt Langford P Hunter Brown P Mitch Bratt SS Corey Seager,,,
2387,5215674524,dillmaak2022 (9/20),0,62.95,1B Jonathan Aranda 2B Jeff McNeil 3B Junior Caminero C Yainer Diaz OF Cedric Mullins OF Cam Smith OF Chandler Simpson P Hunter Brown P Mitch Bratt SS Jeremy Pena,,,
2387,5215689349,dantheman78 (6/20),0,62.95,1B Joc Pederson 2B Jose Altuve 3B Ezequiel Duran C Yainer Diaz OF Yordan Alvarez OF Cam Smith OF Wyatt Langford P Hunter Brown P Mitch Bratt SS Jeremy Pena,,,
2387,5215718324,Awalker3081 (1/20),0,62.95,1B Jonathan Aranda 2B Richie Palacios 3B Junior Caminero C Liam Hicks OF Lars Nootbaar OF Evan Carter OF Wyatt Langford P Hunter Brown P Mitch Bratt SS Corey Seager,,,
2397,5215163729,Bridgeh201 (2/3),0,62.8,1B Shohei Ohtani 2B Nicky Lopez 3B Kyle Karros C Hunter Goodman OF Brandon Nimmo OF Jordan Beck OF Evan Carter P Blake Snell P Kyle Harrison SS Corey Seager,,,
2397,5215207465,Elwaysarmy (2/20),0,62.8,1B Jonathan Aranda 2B Oswald Peraza 3B Ezequiel Duran C Moises Ballesteros OF Mike Trout OF Brandon Nimmo OF Evan Carter P Blake Snell P Kyle Harrison SS Zach Neto,,,
2397,5215458812,thembones1970,0,62.8,1B Jake Burger 2B Ildemaro Vargas 3B Nolan Arenado C Yainer Diaz OF Brandon Nimmo OF Jackson Chourio OF Cole Carrigg P Blake Snell P Kyle Harrison SS Ezequiel Tovar,,,
2397,5215708972,lilmaryy (10/10),0,62.8,1B Jake Burger 2B Oswald Peraza 3B Vaughn Grissom C Moises Ballesteros OF Mike Trout OF Brandon Nimmo OF Wyatt Langford P Blake Snell P Kyle Harrison SS Zach Neto,,,
2401,5215680415,WeatherMan7,0,62.65,1B Rafael Devers 2B Jose Altuve 3B Yandy Diaz C Liam Hicks OF Jung Hoo Lee OF Drew Gilbert OF Cam Smith P Nick Martinez P Kyle Harrison SS Jeremy Pena,,,
2401,5215116871,Ctracefan (12/20),0,62.649998,1B Connor Norby 2B Brice Turang 3B Zack Gelof C Austin Wynns OF Jake Bauers OF Garrett Mitchell OF Jackson Chourio P Blake Snell P Cody Bradford SS Corey Seager,,,
2401,5215163730,Bridgeh201 (3/3),0,62.649998,1B Jake Burger 2B Brice Turang 3B Isaac Paredes C Austin Wynns OF Brandon Nimmo OF Jackson Chourio OF Wyatt Langford P Blake Snell P Cody Bradford SS Corey Seager,,,
2404,5215063756,codyewell (6/20),0,62.55,1B Jake Burger 2B Nicky Lopez 3B Nolan Arenado C James McCann OF Corbin Carroll OF Evan Carter OF Wyatt Langford P Blake Snell P Hunter Brown SS Corey Seager,,,
2404,5215591848,Buckeye-Ninja (3/5),0,62.55,1B Jonathan Aranda 2B Nicky Lopez 3B Junior Caminero C Austin Wynns OF Jose Siri OF Evan Carter OF Wyatt Langford P Blake Snell P Hunter Brown SS Corey Seager,,,
2404,5215685205,dillmaak2022 (15/20),0,62.55,1B Jonathan Aranda 2B Jose Altuve 3B Isaac Paredes C Yainer Diaz OF Brandon Nimmo OF Daulton Varsho OF Evan Carter P Blake Snell P Hunter Brown SS Jeremy Pena,,,
2407,5215116860,Ctracefan (1/20),0,62.4,1B Shohei Ohtani 2B Ketel Marte 3B Nick Loftin C Gabriel Moreno OF Lars Nootbaar OF Corbin Carroll OF Ryan Waldschmidt P Hunter Brown P Carson Whisenhunt SS Corey Seager,,,
2408,5215375469,Drayspencer,0,62.35,1B Ty France 2B Tommy Edman 3B Isaac Paredes C Salvador Perez OF Yordan Alvarez OF Zack Gelof OF Cam Smith P Michael Wacha P Cody Bradford SS Jeremy Pena,,,
2409,5214854887,jrevelle3 (14/20),0,62.25,1B Joc Pederson 2B Nicky Lopez 3B Zack Gelof C Hunter Goodman OF Corbin Carroll OF Evan Carter OF Cole Carrigg P Cody Bradford P Kyle Harrison SS Corey Seager,,,
2410,5215222549,DrNickIsIn (9/20),0,62.2,1B Jonathan Aranda 2B Jeff McNeil 3B Junior Caminero C James McCann OF Corbin Carroll OF Tim Tawa OF Wyatt Langford P Kyle Harrison P Mitch Bratt SS Corey Seager,,,
2410,5215384716,lttlsht (10/20),0,62.2,1B Jonathan Aranda 2B Ketel Marte 3B Nolan Arenado C Gabriel Moreno OF Brandon Nimmo OF Lars Nootbaar OF Corbin Carroll P Kyle Harrison P Mitch Bratt SS Corey Seager,,,
2410,5215636821,TheKingKaz (1/8),0,62.2,1B Christian Walker 2B Ketel Marte 3B Nick Loftin C Gabriel Moreno OF Lars Nootbaar OF Andy Pages OF Ryan Waldschmidt P Hunter Brown P Ryan Johnson SS Bobby Witt Jr.,,,
2410,5215664402,Albino_Zebra (18/20),0,62.2,1B Freddie Freeman 2B Brice Turang 3B Nick Loftin C Ben Rortvedt OF Shohei Ohtani OF Alex Call OF Andy Pages P Hunter Brown P Ryan Johnson SS Bobby Witt Jr.,,,
2414,5215015341,SmokinJoe42069,0,62.149998,1B Joc Pederson 2B Richie Palacios 3B Isaac Paredes C Salvador Perez OF Yordan Alvarez OF Daulton Varsho OF Cam Smith P Hunter Brown P Kyle Harrison SS Corey Seager,,,
2414,5215261760,Do_Figolo_Chip (3/7),0,62.149998,1B Salvador Perez 2B Oswald Peraza 3B Nolan Arenado C Yainer Diaz OF Shohei Ohtani OF Kyle Tucker OF Alex Call P Hunter Brown P Kyle Harrison SS Mookie Betts,,,
2416,5215696678,mrfb (3/20),0,62.05,1B Freddie Freeman 2B Richie Palacios 3B Max Muncy C James McCann OF Shohei Ohtani OF Kyle Tucker OF Andy Pages P Cody Bradford P Mitch Bratt SS Jacob Wilson,,,
2417,5215551816,dob1105,0,62,1B Tim Tawa 2B Nicky Lopez 3B Nolan Arenado C Gabriel Moreno OF Shohei Ohtani OF Lars Nootbaar OF Corbin Carroll P Cody Bradford P Hunter Brown SS Corey Seager,,,
2417,5215661253,Mige1 (9/20),0,62,1B Joc Pederson 2B Donovan Walton 3B Ezequiel Duran C Hunter Goodman OF Brandon Nimmo OF Jake McCarthy OF Wyatt Langford P Cody Bradford P Hunter Brown SS Corey Seager,,,
2417,5215668708,Gabe57 (7/19),0,62,1B Joc Pederson 2B Tommy Edman 3B Ezequiel Duran C Liam Hicks OF Brandon Nimmo OF Kyle Tucker OF Wyatt Langford P Cody Bradford P Hunter Brown SS Corey Seager,,,
2417,5215685040,meyers2305 (18/20),0,62,1B Jonathan Aranda 2B Jeff McNeil 3B Junior Caminero C Liam Hicks OF Brandon Nimmo OF Jihwan Bae OF Zack Gelof P Cody Bradford P Hunter Brown SS Jeremy Pena,,,
2421,5215070287,LTskelter (4/20),0,61.95,1B Joc Pederson 2B Jose Altuve 3B Ezequiel Duran C Liam Hicks OF Yordan Alvarez OF Evan Carter OF Wyatt Langford P Hunter Brown P Mitch Bratt SS Corey Seager,,,
2421,5215207476,Elwaysarmy (13/20),0,61.95,1B Christian Walker 2B Jose Altuve 3B Isaac Paredes C Yainer Diaz OF Shohei Ohtani OF Daulton Varsho OF Andy Pages P Hunter Brown P Mitch Bratt SS Zach Neto,,,
2421,5215360031,cachedinar (16/20),0,61.95,1B Freddie Freeman 2B Jeff McNeil 3B Max Muncy C Ben Rortvedt OF Shohei Ohtani OF Andy Pages OF Evan Carter P Hunter Brown P Mitch Bratt SS Zach Neto,,,
2421,5215686581,woodreb5 (9/20),0,61.95,1B Jake Burger 2B Ketel Marte 3B Ezequiel Duran C Gabriel Moreno OF Lars Nootbaar OF Corbin Carroll OF Wyatt Langford P Hunter Brown P Mitch Bratt SS Corey Seager,,,
2425,5215207479,Elwaysarmy (16/20),0,61.750004,1B Joc Pederson 2B Michael Massey 3B Nick Loftin C Salvador Perez OF Shohei Ohtani OF Jac Caglianone OF Wyatt Langford P Cody Bradford P Mason Barnett SS Bobby Witt Jr.,,,
2426,5215113510,milligolf (13/20),0,61.649998,1B Jake Burger 2B Nicky Lopez 3B Max Muncy C James McCann OF Brandon Nimmo OF Shohei Ohtani OF Andy Pages P Blake Snell P Cody Bradford SS Corey Seager,,,
2426,5215670067,HammerSZN (7/20),0,61.649998,1B Jake Burger 2B Jose Altuve 3B Yandy Diaz C Austin Wynns OF Shohei Ohtani OF Evan Carter OF Wyatt Langford P Blake Snell P Cody Bradford SS Corey Seager,,,
2426,5215670908,dbeam09 (1/2),0,61.649998,1B Freddie Freeman 2B Tommy Edman 3B Ezequiel Duran C Ben Rortvedt OF Brandon Nimmo OF Shohei Ohtani OF Wyatt Langford P Blake Snell P Cody Bradford SS Ezequiel Tovar,,,
2429,5215491835,wazzu24 (16/20),0,61.55,1B Jeff McNeil 2B Jose Altuve 3B Isaac Paredes C Yainer Diaz OF Yordan Alvarez OF Evan Carter OF Cam Smith P Blake Snell P Hunter Brown SS Corey Seager,,,
2429,5215696150,Bears7381,0,61.55,1B Christian Walker 2B Oswald Peraza 3B Ezequiel Duran C James McCann OF Jake Bauers OF Zack Gelof OF Jackson Merrill P Blake Snell P Hunter Brown SS Corey Seager,,,
2431,5215707101,thebobscotch,0,61.5,1B Jonathan Aranda 2B Nicky Lopez 3B Yandy Diaz C James McCann OF Kyle Tucker OF Yordan Alvarez OF Wyatt Langford P Nick Martinez P Cody Bradford SS Corey Seager,,,
2432,5215695219,SnowAngel74 (12/20),0,61.45,1B Nolan Schanuel 2B Brice Turang 3B Vaughn Grissom C William Contreras OF Mike Trout OF Christian Yelich OF Luis Lara P Kyle Harrison P Ryan Johnson SS Zach Neto,,,
2433,5215488824,SIRNBT1 (3/3),0,61.4,1B Jonathan Aranda 2B Jeff McNeil 3B Yandy Diaz C James McCann OF Yordan Alvarez OF Lars Nootbaar OF Victor Bericoto P Nick Martinez P Hunter Brown SS Jeremy Pena,,,
2433,5215681473,tigolebitties91 (3/4),0,61.4,1B Jonathan Aranda 2B Jeff McNeil 3B Nolan Arenado C Gabriel Moreno OF Brandon Nimmo OF Jung Hoo Lee OF Jackson Chourio P Nick Martinez P Hunter Brown SS Corey Seager,,,
2433,5215687000,DavidMoose,0,61.4,1B Jake Bauers 2B Vaughn Grissom 3B Zack Gelof C James McCann OF Brandon Nimmo OF Garrett Mitchell OF Jackson Chourio P Nick Martinez P Hunter Brown SS Corey Seager,,,
2436,5215650994,Thescoop,0,61.350002,1B Rafael Devers 2B Jose Altuve 3B David Hamilton C William Contreras OF Shohei Ohtani OF Yordan Alvarez OF Jordan Beck P Tomoyuki Sugano P Hunter Brown SS Xander Bogaerts,,,
2437,5215185421,HairyBacks (12/20),0,61.25,1B Yandy Diaz 2B Richie Palacios 3B Junior Caminero C Austin Wynns OF Brandon Nimmo OF Evan Carter OF Wyatt Langford P Cody Bradford P Kyle Harrison SS Corey Seager,,,
2437,5215370181,brockstar5 (8/20),0,61.25,1B Jonathan Aranda 2B Jeff McNeil 3B Yandy Diaz C Liam Hicks OF Victor Mesa Jr. OF Victor Bericoto OF Chandler Simpson P Cody Bradford P Kyle Harrison SS Jacob Wilson,,,
2439,5215044008,whoisjohngalt420 (7/20),0,61.2,1B Freddie Freeman 2B Jose Altuve 3B Isaac Paredes C Ben Rortvedt OF Shohei Ohtani OF Kyle Tucker OF Andy Pages P Hunter Brown P Ryan Johnson SS Zach Neto,,,
2440,5215201729,ToddyBeam (1/3),0,61.15,1B Joc Pederson 2B Brice Turang 3B Kyle Karros C Hunter Goodman OF Lars Nootbaar OF Garrett Mitchell OF Jihwan Bae P Hunter Brown P Kyle Harrison SS Corey Seager,,,
2440,5215381379,FunkyKong (1/20),0,61.149998,1B Joc Pederson 2B Ketel Marte 3B Nolan Arenado C Austin Wynns OF Mike Trout OF Evan Carter OF Wyatt Langford P Hunter Brown P Kyle Harrison SS Corey Seager,,,
2442,5215686582,woodreb5 (10/20),0,61.05,1B Jonathan Aranda 2B Donovan Walton 3B Junior Caminero C Liam Hicks OF Cedric Mullins OF Chandler Simpson OF Wyatt Langford P Cody Bradford P Mitch Bratt SS Corey Seager,,,
2443,5215262081,ajmack01,0,61,1B Nolan Schanuel 2B Jeff McNeil 3B Nolan Arenado C James McCann OF Jake McCarthy OF Jackson Merrill OF Jackson Chourio P Cody Bradford P Hunter Brown SS Bobby Witt Jr.,,,
2443,5215272283,jrancor22 (19/20),0,61,1B Tim Tawa 2B Ildemaro Vargas 3B Isaac Paredes C Austin Wynns OF Yordan Alvarez OF Lars Nootbaar OF Corbin Carroll P Cody Bradford P Hunter Brown SS Jeremy Pena,,,
2443,5215384936,zsmittty223 (9/20),0,61,1B Jeff McNeil 2B Willi Castro 3B Nolan Arenado C Hunter Goodman OF Jake McCarthy OF Mickey Moniak OF Jackson Merrill P Cody Bradford P Hunter Brown SS Ezequiel Tovar,,,
2443,5215653214,FantasyCrusader (2/4),0,61,1B Jake Burger 2B Ketel Marte 3B Junior Caminero C James McCann OF Brandon Nimmo OF Lars Nootbaar OF Evan Carter P Cody Bradford P Hunter Brown SS Corey Seager,,,
2443,5215679226,KingDean59 (1/8),0,61,1B Jonathan Aranda 2B Jeff McNeil 3B Yandy Diaz C Liam Hicks OF Brandon Nimmo OF Lars Nootbaar OF Chandler Simpson P Cody Bradford P Hunter Brown SS Corey Seager,,,
2443,5215685034,meyers2305 (12/20),0,61,1B Yandy Diaz 2B Jose Altuve 3B Junior Caminero C Gabriel Moreno OF Lars Nootbaar OF Jihwan Bae OF Evan Carter P Cody Bradford P Hunter Brown SS Corey Seager,,,
2449,5215113499,milligolf (2/20),0,60.95,1B Salvador Perez 2B Brice Turang 3B Isaac Paredes C William Contreras OF Jake Bauers OF Jihwan Bae OF Jackson Chourio P Hunter Brown P Mitch Bratt SS Bobby Witt Jr.,,,
2449,5215654318,expostulate (1/10),0,60.95,1B Freddie Freeman 2B Jeff McNeil 3B Zack Gelof C Ben Rortvedt OF Shohei Ohtani OF Kyle Tucker OF Andy Pages P Hunter Brown P Mitch Bratt SS Zach Neto,,,
2449,5215672268,jakethesnake83 (1/3),0,60.95,1B Liam Hicks 2B Jeff McNeil 3B Yandy Diaz C James McCann OF Yordan Alvarez OF Lars Nootbaar OF Garrett Mitchell P Hunter Brown P Mitch Bratt SS Jeremy Pena,,,
2452,5215617667,dext56ses,0,60.600002,1B Jake Bauers 2B Brice Turang 3B Zack Gelof C William Contreras OF Austin Hays OF Garrett Mitchell OF Jackson Chourio P Tomoyuki Sugano P Kyle Harrison SS Willy Adames,,,
2453,5215075985,ivymoose (15/20),0,60.55,1B Christian Walker 2B Jose Altuve 3B Isaac Paredes C Yainer Diaz OF Brandon Nimmo OF Daulton Varsho OF Wyatt Langford P Blake Snell P Hunter Brown SS Corey Seager,,,
2453,5215164381,melvincali (17/20),0,60.55,1B Christian Walker 2B Jose Altuve 3B Ezequiel Duran C Austin Wynns OF Brandon Nimmo OF Daulton Varsho OF Wyatt Langford P Blake Snell P Hunter Brown SS Corey Seager,,,
2453,5215218865,TroyGilly91 (9/10),0,60.55,1B Jonathan Aranda 2B Nicky Lopez 3B Ezequiel Duran C Moises Ballesteros OF Brandon Nimmo OF Chandler Simpson OF Wyatt Langford P Blake Snell P Hunter Brown SS Corey Seager,,,
2456,5215429126,mauka95 (4/4),0,60.5,1B Jonathan Aranda 2B Jeff McNeil 3B David Hamilton C Liam Hicks OF Zack Gelof OF Victor Mesa Jr. OF Chandler Simpson P Michael Wacha P Kyle Harrison SS Jacob Wilson,,,
2457,5215222551,DrNickIsIn (11/20),0,60.45,1B Jonathan Aranda 2B Ketel Marte 3B Isaac Paredes C Liam Hicks OF Carlos Cortes OF Zack Gelof OF Chandler Simpson P Kyle Harrison P Ryan Johnson SS Jeremy Pena,,,
2458,5215487666,jsw1264,0,60.4,1B Nolan Schanuel 2B Jeff McNeil 3B Ezequiel Duran C Gabriel Moreno OF Jake McCarthy OF Jung Hoo Lee OF Jonny DeLuca P Nick Martinez P Hunter Brown SS Bobby Witt Jr.,,,
2459,5215596751,ChrisCopps33,0,60.25,1B Yandy Diaz 2B Jeff McNeil 3B Isaac Paredes C James McCann OF Corbin Carroll OF Victor Bericoto OF Jackson Chourio P Cody Bradford P Kyle Harrison SS Zach Neto,,,
2460,5215491836,wazzu24 (17/20),0,60.2,1B Jonathan Aranda 2B Oswald Peraza 3B Junior Caminero C Moises Ballesteros OF Jose Siri OF Lars Nootbaar OF Corbin Carroll P Kyle Harrison P Mitch Bratt SS Zach Neto,,,
2460,5215630864,Boogie1208 (1/2),0,60.2,1B Jake Bauers 2B Ildemaro Vargas 3B Junior Caminero C Ben Rortvedt OF Jac Caglianone OF Jackson Chourio OF Wyatt Langford P Kyle Harrison P Mitch Bratt SS Tyler Tolbert,,,
2460,5215651695,knox314 (11/20),0,60.2,1B Jonathan Aranda 2B Richie Palacios 3B Junior Caminero C Liam Hicks OF Brandon Nimmo OF Andy Pages OF Wyatt Langford P Kyle Harrison P Mitch Bratt SS Nicky Lopez,,,
2463,5215381407,FunkyKong (18/20),0,60.15,1B Nolan Schanuel 2B Oswald Peraza 3B Kyle Karros C Moises Ballesteros OF Mike Trout OF Jake Bauers OF Chandler Simpson P Hunter Brown P Kyle Harrison SS Zach Neto,,,
2463,5215657502,BuckeyeCity (3/20),0,60.15,1B Connor Norby 2B Michael Massey 3B Nick Loftin C Salvador Perez OF Kyle Tucker OF Jac Caglianone OF Cole Carrigg P Hunter Brown P Kyle Harrison SS Tyler Tolbert,,,
2463,5215701254,TNeidert (1/20),0,60.15,1B Jac Caglianone 2B Jeff McNeil 3B Nick Loftin C Salvador Perez OF Jake McCarthy OF Jordan Beck OF Cole Carrigg P Hunter Brown P Kyle Harrison SS Bobby Witt Jr.,,,
2463,5215632581,Emac (13/20),0,60.149998,1B Joc Pederson 2B Ketel Marte 3B Nolan Arenado C Gabriel Moreno OF Brandon Nimmo OF Lars Nootbaar OF Evan Carter P Hunter Brown P Kyle Harrison SS Corey Seager,,,
2467,5215668912,ToddyBeam (3/3),0,60.05,1B Jonathan Aranda 2B Brice Turang 3B Ezequiel Duran C William Contreras OF Christian Yelich OF Brandon Nimmo OF Corbin Carroll P Cody Bradford P Mitch Bratt SS Corey Seager,,,
2467,5215696689,mrfb (14/20),0,60.05,1B Shohei Ohtani 2B Nicky Lopez 3B Yandy Diaz C Liam Hicks OF Cedric Mullins OF Kyle Tucker OF Chandler Simpson P Cody Bradford P Mitch Bratt SS Corey Seager,,,
2467,5215702850,APot30 (20/20),0,60.05,1B Christian Walker 2B Brice Turang 3B Junior Caminero C William Contreras OF Garrett Mitchell OF Jihwan Bae OF Jackson Chourio P Cody Bradford P Mitch Bratt SS Jeremy Pena,,,
2470,5215121865,thundrenterprises (9/20),0,60,1B Joc Pederson 2B Brice Turang 3B Ezequiel Duran C William Contreras OF Brandon Nimmo OF Jake Bauers OF Evan Carter P Cody Bradford P Hunter Brown SS Corey Seager,,,
2470,5215655661,jetty76 (19/20),0,60,1B Christian Walker 2B Ketel Marte 3B Isaac Paredes C Yainer Diaz OF Corbin Carroll OF Cam Smith OF Ryan Waldschmidt P Cody Bradford P Hunter Brown SS Jeremy Pena,,,
2470,5215668704,Gabe57 (3/19),0,60,1B Joc Pederson 2B Michael Massey 3B Ezequiel Duran C Liam Hicks OF Brandon Nimmo OF Andy Pages OF Wyatt Langford P Cody Bradford P Hunter Brown SS Corey Seager,,,
2473,5215023018,jw1984 (13/20),0,59.95,1B Christian Walker 2B Jose Altuve 3B Isaac Paredes C Yainer Diaz OF Cedric Mullins OF Victor Mesa Jr. OF Chandler Simpson P Hunter Brown P Mitch Bratt SS Jeremy Pena,,,
2474,5215044014,whoisjohngalt420 (13/20),0,59.8,1B Jake Burger 2B Oswald Peraza 3B Vaughn Grissom C Austin Wynns OF Mike Trout OF Shohei Ohtani OF Evan Carter P Blake Snell P Kyle Harrison SS Zach Neto,,,
2474,5215123061,jah_586 (13/20),0,59.8,1B Joc Pederson 2B Jeff McNeil 3B Ezequiel Duran C Austin Wynns OF Shohei Ohtani OF Zack Gelof OF Wyatt Langford P Blake Snell P Kyle Harrison SS Corey Seager,,,
2474,5215195077,jsamtoy (3/20),0,59.8,1B Christian Walker 2B Jose Altuve 3B Isaac Paredes C Jonah Heim OF Carlos Cortes OF Daulton Varsho OF Lawrence Butler P Blake Snell P Kyle Harrison SS Jeremy Pena,,,
2474,5215513971,andymartin5586 (7/20),0,59.8,1B Joc Pederson 2B Jose Altuve 3B Isaac Paredes C Yainer Diaz OF Brandon Nimmo OF Evan Carter OF Wyatt Langford P Blake Snell P Kyle Harrison SS Corey Seager,,,
2478,5215246776,soonerdallas (17/20),0,59.75,1B Ildemaro Vargas 2B Ketel Marte 3B Zack Gelof C Jonah Heim OF Andy Pages OF Corbin Carroll OF Jackson Merrill P Cody Bradford P Mason Barnett SS Jacob Wilson,,,
2479,5215671734,ZIBANENASTY93,0,59.65,1B Freddie Freeman 2B Jeff McNeil 3B Nick Loftin C Ben Rortvedt OF Shohei Ohtani OF Jac Caglianone OF Cam Smith P Nick Martinez P Kyle Harrison SS Bobby Witt Jr.,,,
2479,5215044018,whoisjohngalt420 (17/20),0,59.649998,1B Shohei Ohtani 2B Tommy Edman 3B Max Muncy C Ben Rortvedt OF Brandon Nimmo OF Evan Carter OF Wyatt Langford P Blake Snell P Cody Bradford SS Corey Seager,,,
2479,5215063196,iamawful (3/6),0,59.649998,1B Joc Pederson 2B Nicky Lopez 3B Isaac Paredes C Gabriel Moreno OF Brandon Nimmo OF Yordan Alvarez OF Evan Carter P Nick Martinez P Kyle Harrison SS Jeremy Pena,,,
2479,5215686583,woodreb5 (11/20),0,59.649998,1B Shohei Ohtani 2B Tommy Edman 3B Max Muncy C Ben Rortvedt OF Brandon Nimmo OF Evan Carter OF Wyatt Langford P Blake Snell P Cody Bradford SS Corey Seager,,,
2483,5215497781,Sallibone,0,59.600002,1B Shohei Ohtani 2B Jeff McNeil 3B Isaac Paredes C James McCann OF Mike Trout OF Brandon Nimmo OF Jackson Chourio P Tomoyuki Sugano P Kyle Harrison SS Zach Neto,,,
2484,5215023008,jw1984 (3/20),0,59.55,1B Christian Walker 2B Jose Altuve 3B Isaac Paredes C Austin Wynns OF Yordan Alvarez OF Daulton Varsho OF Evan Carter P Blake Snell P Hunter Brown SS Corey Seager,,,
2484,5215113517,milligolf (20/20),0,59.55,1B Freddie Freeman 2B Willi Castro 3B Connor Norby C Ben Rortvedt OF Shohei Ohtani OF Kyle Tucker OF Jordan Beck P Blake Snell P Hunter Brown SS Ezequiel Tovar,,,
2484,5215346441,LOCNOTM (13/20),0,59.55,1B Jake Burger 2B Jeff McNeil 3B Isaac Paredes C Austin Wynns OF Brandon Nimmo OF Jackson Chourio OF Wyatt Langford P Blake Snell P Hunter Brown SS Corey Seager,,,
2484,5215655652,jetty76 (10/20),0,59.55,1B Christian Walker 2B Jeff McNeil 3B Isaac Paredes C Yainer Diaz OF Yordan Alvarez OF Lars Nootbaar OF Cam Smith P Blake Snell P Hunter Brown SS Corey Seager,,,
2484,5215678493,minfan77 (3/20),0,59.55,1B Christian Walker 2B Willi Castro 3B Isaac Paredes C Yainer Diaz OF Mickey Moniak OF Jordan Beck OF Cam Smith P Blake Snell P Hunter Brown SS Jeremy Pena,,,
2489,5215113506,milligolf (9/20),0,59.5,1B Christian Walker 2B Jose Altuve 3B Isaac Paredes C Salvador Perez OF Daulton Varsho OF Jac Caglianone OF Cam Smith P Michael Wacha P Kyle Harrison SS Bobby Witt Jr.,,,
2490,5215651678,colbyhornet (19/20),0,59.25,1B Christian Walker 2B Jose Altuve 3B Isaac Paredes C James McCann OF Yordan Alvarez OF Lars Nootbaar OF Cam Smith P Michael Wacha P Hunter Brown SS Zach Neto,,,
2490,5215677414,tonywergin (2/2),0,59.25,1B Jonathan Aranda 2B Nicky Lopez 3B Nolan Arenado C Liam Hicks OF Brandon Nimmo OF Jackson Chourio OF Wyatt Langford P Cody Bradford P Kyle Harrison SS Taylor Walls,,,
2492,5215345745,clathren (19/20),0,59.2,1B Jonathan Aranda 2B Vaughn Grissom 3B Junior Caminero C James McCann OF Brandon Nimmo OF Lars Nootbaar OF Zack Gelof P Kyle Harrison P Mitch Bratt SS Bobby Witt Jr.,,,
2492,5215381388,FunkyKong (10/20),0,59.2,1B Joc Pederson 2B Brice Turang 3B Ezequiel Duran C Carter Jensen OF Brandon Nimmo OF Evan Carter OF Wyatt Langford P Kyle Harrison P Mitch Bratt SS Bobby Witt Jr.,,,
2494,5215218861,TroyGilly91 (5/10),0,59.15,1B Christian Walker 2B Oswald Peraza 3B Nolan Arenado C James McCann OF Lars Nootbaar OF Corbin Carroll OF Tim Tawa P Hunter Brown P Kyle Harrison SS Zach Neto,,,
2494,5215689346,dantheman78 (3/20),0,59.15,1B Joc Pederson 2B Vaughn Grissom 3B Zack Gelof C Moises Ballesteros OF Mike Trout OF Jose Siri OF Wyatt Langford P Hunter Brown P Kyle Harrison SS Zach Neto,,,
2496,5215006244,freakazoid0,0,59,1B Jonathan Aranda 2B Oswald Peraza 3B Yandy Diaz C Liam Hicks OF Jake McCarthy OF Lars Nootbaar OF Evan Carter P Cody Bradford P Hunter Brown SS Zach Neto,,,
2496,5215052090,SeanDre (7/20),0,59,1B Jake Burger 2B Richie Palacios 3B Junior Caminero C Austin Wynns OF Brandon Nimmo OF Lars Nootbaar OF Wyatt Langford P Cody Bradford P Hunter Brown SS Corey Seager,,,
2496,5215117906,Dominator-Seguin (16/20),0,59,1B Salvador Perez 2B Nicky Lopez 3B Manny Machado C Austin Wynns OF Brandon Nimmo OF Corbin Carroll OF Wyatt Langford P Cody Bradford P Hunter Brown SS Corey Seager,,,
2496,5215323169,snake137,0,59,1B Yandy Diaz 2B Jose Altuve 3B Isaac Paredes C Yainer Diaz OF Jung Hoo Lee OF Andy Pages OF Cam Smith P Cody Bradford P Hunter Brown SS Jacob Wilson,,,
2496,5215496503,Tslegend,0,59,1B Ty France 2B Nicky Lopez 3B Christian Koss C Gabriel Moreno OF Fernando Tatis Jr. OF Jackson Chourio OF Luis Lara P Cody Bradford P Hunter Brown SS Corey Seager,,,
2496,5215651679,colbyhornet (20/20),0,59,1B Joc Pederson 2B Brice Turang 3B Zack Gelof C William Contreras OF Garrett Mitchell OF Jihwan Bae OF Jackson Chourio P Cody Bradford P Hunter Brown SS Corey Seager,,,
2496,5215657501,BuckeyeCity (2/20),0,59,1B Salvador Perez 2B Willi Castro 3B Isaac Paredes C Hunter Goodman OF Jake McCarthy OF Jordan Beck OF Cole Carrigg P Cody Bradford P Hunter Brown SS Jeremy Pena,,,
2496,5215674752,dillmaak2022 (12/20),0,59,1B Jonathan Aranda 2B Richie Palacios 3B Yandy Diaz C Austin Wynns OF Brandon Nimmo OF Cedric Mullins OF Wyatt Langford P Cody Bradford P Hunter Brown SS Corey Seager,,,
2504,5215037393,Johnnyw21,0,58.95,1B Shohei Ohtani 2B Jeff McNeil 3B Isaac Paredes C Gabriel Moreno OF Lars Nootbaar OF Corbin Carroll OF Chandler Simpson P Hunter Brown P Mitch Bratt SS Corey Seager,,,
2504,5215044048,kcroyalfan (6/20),0,58.95,1B Jonathan Aranda 2B Brice Turang 3B Zack Gelof C Jonah Heim OF Brandon Nimmo OF Cedric Mullins OF Corbin Carroll P Hunter Brown P Mitch Bratt SS Nicky Lopez,,,
2504,5215641737,bhess777 (10/20),0,58.95,1B Christian Walker 2B Jose Altuve 3B Max Muncy C Liam Hicks OF Kyle Tucker OF Alex Call OF Andy Pages P Hunter Brown P Mitch Bratt SS Jeremy Pena,,,
2507,5214982193,Swishdakyng (1/20),0,58.8,1B Jonathan Aranda 2B Richie Palacios 3B Junior Caminero C Austin Wynns OF Jose Siri OF Evan Carter OF Wyatt Langford P Blake Snell P Kyle Harrison SS Corey Seager,,,
2507,5215207472,Elwaysarmy (9/20),0,58.8,1B Rafael Devers 2B Brice Turang 3B David Hamilton C William Contreras OF Jihwan Bae OF Evan Carter OF Jackson Chourio P Blake Snell P Kyle Harrison SS Willy Adames,,,
2509,5215318692,mrclean913 (3/20),0,58.65,1B Jake Bauers 2B Brice Turang 3B Zack Gelof C Jonah Heim OF Lawrence Butler OF Corbin Carroll OF Henry Bolte P Kyle Harrison P Carson Whisenhunt SS Jacob Wilson,,,
2509,5215052091,SeanDre (8/20),0,58.649998,1B Jake Burger 2B Nicky Lopez 3B Willi Castro C Hunter Goodman OF Brandon Nimmo OF Mickey Moniak OF Evan Carter P Blake Snell P Cody Bradford SS Corey Seager,,,
2509,5215116874,Ctracefan (15/20),0,58.649998,1B Christian Walker 2B Vaughn Grissom 3B Isaac Paredes C Yainer Diaz OF Shohei Ohtani OF Jung Hoo Lee OF Cam Smith P Blake Snell P Cody Bradford SS Jeremy Pena,,,
2509,5215668703,Gabe57 (2/19),0,58.649998,1B Freddie Freeman 2B Willi Castro 3B Max Muncy C Ben Rortvedt OF Shohei Ohtani OF Kyle Tucker OF Jihwan Bae P Blake Snell P Cody Bradford SS Corey Seager,,,
2509,5215668707,Gabe57 (6/19),0,58.649998,1B Freddie Freeman 2B Willi Castro 3B Max Muncy C Ben Rortvedt OF Shohei Ohtani OF Kyle Tucker OF Jihwan Bae P Blake Snell P Cody Bradford SS Corey Seager,,,
2514,5215029962,az350z (10/20),0,58.600002,1B Rafael Devers 2B Osleivis Basabe 3B Max Muncy C Jonah Heim OF Yordan Alvarez OF Jung Hoo Lee OF Henry Bolte P Walker Buehler P Kyle Harrison SS Willy Adames,,,
2514,5215716547,SaucyJack1001 (2/9),0,58.600002,1B Jonathan Aranda 2B Richie Palacios 3B Zack Gelof C Carter Jensen OF Cedric Mullins OF Yordan Alvarez OF Jordan Beck P Walker Buehler P Kyle Harrison SS Tyler Tolbert,,,
2516,5215695227,SnowAngel74 (20/20),0,58.4,1B Freddie Freeman 2B Michael Massey 3B Nick Loftin C Salvador Perez OF Shohei Ohtani OF Kyle Tucker OF Andy Pages P Hunter Brown P Carson Whisenhunt SS Tyler Tolbert,,,
2517,5214999454,oleman64,0,58.25,1B Joc Pederson 2B Richie Palacios 3B Ezequiel Duran C Liam Hicks OF Cedric Mullins OF Jackson Chourio OF Chandler Simpson P Cody Bradford P Kyle Harrison SS Ezequiel Tovar,,,
2517,5215014262,Reboot78 (12/20),0,58.25,1B Jonathan Aranda 2B Jose Altuve 3B Isaac Paredes C William Contreras OF Yordan Alvarez OF Daulton Varsho OF Cam Smith P Cody Bradford P Kyle Harrison SS Taylor Walls,,,
2517,5215117908,Dominator-Seguin (18/20),0,58.25,1B Jake Bauers 2B Jose Altuve 3B Isaac Paredes C William Contreras OF Shohei Ohtani OF Alex Call OF Yordan Alvarez P Mitch Bratt P Ryan Johnson SS Jeremy Pena,,,
2517,5215288547,HC0023 (13/20),0,58.25,1B Jonathan Aranda 2B Jeff McNeil 3B Yandy Diaz C Liam Hicks OF Lawrence Butler OF Zack Gelof OF Henry Bolte P Cody Bradford P Kyle Harrison SS Jacob Wilson,,,
2517,5215685209,Stackhouse5310 (2/2),0,58.25,1B Joc Pederson 2B Ketel Marte 3B Ezequiel Duran C Gabriel Moreno OF Brandon Nimmo OF Luis Lara OF Wyatt Langford P Cody Bradford P Kyle Harrison SS Corey Seager,,,
2517,5215713339,SICKHEMI (2/20),0,58.25,1B Freddie Freeman 2B Jose Altuve 3B Isaac Paredes C Liam Hicks OF Shohei Ohtani OF Yordan Alvarez OF Cam Smith P Mitch Bratt P Ryan Johnson SS Jeremy Pena,,,
2523,5215195079,jsamtoy (5/20),0,58.2,1B Shohei Ohtani 2B Tommy Edman 3B Max Muncy C James McCann OF Lars Nootbaar OF Daulton Varsho OF Andy Pages P Kyle Harrison P Mitch Bratt SS Mookie Betts,,,
2524,5215334530,mellomon2,0,58.15,1B Yandy Diaz 2B Jeff McNeil 3B Kyle Karros C James McCann OF Andy Pages OF Victor Bericoto OF Jackson Chourio P Hunter Brown P Kyle Harrison SS Willy Adames,,,
2524,5215396649,silencetheg (13/20),0,58.15,1B Jeff McNeil 2B Donovan Walton 3B Zack Gelof C Gabriel Moreno OF Brandon Nimmo OF Lawrence Butler OF Corbin Carroll P Hunter Brown P Kyle Harrison SS Jacob Wilson,,,
2524,5215698409,srken,0,58.15,1B Joc Pederson 2B Richie Palacios 3B Isaac Paredes C Gabriel Moreno OF Brandon Nimmo OF Jung Hoo Lee OF Chandler Simpson P Hunter Brown P Kyle Harrison SS Corey Seager,,,
2527,5214854875,jrevelle3 (2/20),0,58,1B Yandy Diaz 2B Tommy Edman 3B Max Muncy C Austin Wynns OF Brandon Nimmo OF Evan Carter OF Wyatt Langford P Cody Bradford P Hunter Brown SS Corey Seager,,,
2527,5215106791,nmec1,0,58,1B Jake Burger 2B Ketel Marte 3B Nolan Arenado C James McCann OF Brandon Nimmo OF Kyle Tucker OF Jackson Chourio P Cody Bradford P Hunter Brown SS Corey Seager,,,
2527,5215702844,APot30 (14/20),0,58,1B Jake Burger 2B Ketel Marte 3B Nolan Arenado C James McCann OF Jake McCarthy OF Lars Nootbaar OF Corbin Carroll P Cody Bradford P Hunter Brown SS Corey Seager,,,
2530,5215214852,AbeyBaby88 (10/20),0,57.95,1B Jake Burger 2B Nicky Lopez 3B Junior Caminero C Austin Wynns OF Shohei Ohtani OF Evan Carter OF Wyatt Langford P Hunter Brown P Mitch Bratt SS Bobby Witt Jr.,,,
2530,5215413769,Darkmen715 (14/20),0,57.95,1B Jonathan Aranda 2B Jeff McNeil 3B Junior Caminero C Austin Wynns OF Shohei Ohtani OF Lars Nootbaar OF Andy Pages P Hunter Brown P Mitch Bratt SS Corey Seager,,,
2530,5215643462,cmalas (7/20),0,57.95,1B Joc Pederson 2B Jose Altuve 3B Ezequiel Duran C Yainer Diaz OF Jose Siri OF Yordan Alvarez OF Wyatt Langford P Hunter Brown P Mitch Bratt SS Jeremy Pena,,,
2530,5215713341,SICKHEMI (4/20),0,57.95,1B Christian Walker 2B Jose Altuve 3B Isaac Paredes C Gabriel Moreno OF Andy Pages OF Corbin Carroll OF Cam Smith P Hunter Brown P Mitch Bratt SS Jeremy Pena,,,
2530,5215718333,Awalker3081 (10/20),0,57.95,1B Jeff McNeil 2B Donovan Walton 3B Zack Gelof C Liam Hicks OF Shohei Ohtani OF Lawrence Butler OF Wyatt Langford P Hunter Brown P Mitch Bratt SS Jeremy Pena,,,
2535,5215490361,marino82867,0,57.65,1B Christian Walker 2B Brice Turang 3B David Hamilton C William Contreras OF Jake Bauers OF Garrett Mitchell OF Cole Carrigg P Kyle Harrison P Carson Whisenhunt SS Zach Neto,,,
2536,5215695213,SnowAngel74 (6/20),0,57.5,1B Jac Caglianone 2B Brice Turang 3B David Hamilton C Salvador Perez OF Kyle Isbel OF Jihwan Bae OF Jackson Chourio P Michael Wacha P Kyle Harrison SS Bobby Witt Jr.,,,
2537,5215121870,thundrenterprises (14/20),0,57.350002,1B Christian Walker 2B Jose Altuve 3B Isaac Paredes C Yainer Diaz OF Shohei Ohtani OF Jose Siri OF Cam Smith P Walker Buehler P Hunter Brown SS Bobby Witt Jr.,,,
2538,5215117900,Dominator-Seguin (10/20),0,57.25,1B Christian Walker 2B Vaughn Grissom 3B Isaac Paredes C Yainer Diaz OF Shohei Ohtani OF Yordan Alvarez OF Andy Pages P Mitch Bratt P Ryan Johnson SS Jeremy Pena,,,
2538,5215689355,dantheman78 (12/20),0,57.25,1B Joc Pederson 2B Willi Castro 3B Kyle Karros C Hunter Goodman OF Jake McCarthy OF Carlos Cortes OF Wyatt Langford P Cody Bradford P Kyle Harrison SS Corey Seager,,,
2540,5214854888,jrevelle3 (15/20),0,57.2,1B Christian Walker 2B Jose Altuve 3B Isaac Paredes C Yainer Diaz OF Mike Trout OF Mickey Moniak OF Cole Carrigg P Hunter Brown P Ryan Johnson SS Jeremy Pena,,,
2540,5215207477,Elwaysarmy (14/20),0,57.2,1B Shohei Ohtani 2B Jose Altuve 3B Max Muncy C Yainer Diaz OF Daulton Varsho OF Cam Smith OF Chandler Simpson P Hunter Brown P Ryan Johnson SS Jeremy Pena,,,
2540,5215609199,JaserD (4/20),0,57.2,1B Freddie Freeman 2B Vaughn Grissom 3B Max Muncy C Moises Ballesteros OF Mike Trout OF Jose Siri OF Andy Pages P Kyle Harrison P Mitch Bratt SS Zach Neto,,,
2543,5215681146,Dethstar1972,0,57.15,1B Jac Caglianone 2B Jeff McNeil 3B Nolan Arenado C Carter Jensen OF Jake Bauers OF Tim Tawa OF Cam Smith P Hunter Brown P Kyle Harrison SS Corey Seager,,,
2543,5215578155,chfen07 (7/20),0,57.149998,1B Joc Pederson 2B Brice Turang 3B Ezequiel Duran C James McCann OF Brandon Nimmo OF Tim Tawa OF Wyatt Langford P Hunter Brown P Kyle Harrison SS Corey Seager,,,
2545,5215713354,SICKHEMI (17/20),0,57.05,1B Freddie Freeman 2B Tommy Edman 3B Max Muncy C Liam Hicks OF Kyle Tucker OF Andy Pages OF Cam Smith P Cody Bradford P Mitch Bratt SS Jeremy Pena,,,
2546,5215624168,jballagh (5/20),0,57,1B Liam Hicks 2B Jeff McNeil 3B Zack Gelof C Hunter Goodman OF Jake McCarthy OF Carlos Cortes OF Henry Bolte P Cody Bradford P Hunter Brown SS Jacob Wilson,,,
2547,5215394291,phatandy14,0,56.95,1B Jake Bauers 2B Brice Turang 3B Nolan Arenado C James McCann OF Christian Yelich OF Kyle Tucker OF Lars Nootbaar P Hunter Brown P Mitch Bratt SS Bobby Witt Jr.,,,
2547,5215718337,Awalker3081 (14/20),0,56.95,1B Jeff McNeil 2B Jose Altuve 3B Zack Gelof C Gabriel Moreno OF Shohei Ohtani OF Lawrence Butler OF Henry Bolte P Hunter Brown P Mitch Bratt SS Jeremy Pena,,,
2547,5215718338,Awalker3081 (15/20),0,56.95,1B Jeff McNeil 2B Jose Altuve 3B Tommy White C Liam Hicks OF Shohei Ohtani OF Lawrence Butler OF Wyatt Langford P Hunter Brown P Mitch Bratt SS Jacob Wilson,,,
2550,5215267086,Do_Figolo_Chip (4/7),0,56.8,1B Jonathan Aranda 2B Vaughn Grissom 3B Ezequiel Duran C Moises Ballesteros OF Brandon Nimmo OF Zack Gelof OF Chandler Simpson P Blake Snell P Kyle Harrison SS Corey Seager,,,
2550,5215359203,Cuscus3 (16/20),0,56.8,1B Joc Pederson 2B Oswald Peraza 3B Ezequiel Duran C Austin Wynns OF Shohei Ohtani OF Andy Pages OF Victor Bericoto P Blake Snell P Kyle Harrison SS Corey Seager,,,
2552,5215045702,FoxyGrandpa252 (4/20),0,56.55,1B Jake Burger 2B Nicky Lopez 3B Ezequiel Duran C Liam Hicks OF Cedric Mullins OF Evan Carter OF Chandler Simpson P Blake Snell P Hunter Brown SS Corey Seager,,,
2552,5215346429,LOCNOTM (1/20),0,56.55,1B Christian Walker 2B Jose Altuve 3B Isaac Paredes C Austin Wynns OF Brandon Nimmo OF Evan Carter OF Wyatt Langford P Blake Snell P Hunter Brown SS Corey Seager,,,
2554,5215068393,pat_the_hat2 (10/20),0,56.45,1B Nolan Schanuel 2B Oswald Peraza 3B Vaughn Grissom C William Contreras OF Mike Trout OF Garrett Mitchell OF Jackson Chourio P Kyle Harrison P Ryan Johnson SS Zach Neto,,,
2554,5215695218,SnowAngel74 (11/20),0,56.45,1B Jake Bauers 2B Brice Turang 3B Vaughn Grissom C Tyler Heineman OF Mike Trout OF Garrett Mitchell OF Jackson Chourio P Kyle Harrison P Ryan Johnson SS Zach Neto,,,
2556,5215014261,Reboot78 (11/20),0,56.25,1B Joc Pederson 2B Nicky Lopez 3B Junior Caminero C Liam Hicks OF Brandon Nimmo OF Jake Bauers OF Evan Carter P Cody Bradford P Kyle Harrison SS Corey Seager,,,
2556,5215054470,ttillie (14/20),0,56.25,1B Yandy Diaz 2B Jeff McNeil 3B Ezequiel Duran C Liam Hicks OF Lars Nootbaar OF Zack Gelof OF Victor Mesa Jr. P Cody Bradford P Kyle Harrison SS Corey Seager,,,
2556,5215218863,TroyGilly91 (7/10),0,56.25,1B Jake Burger 2B Richie Palacios 3B Junior Caminero C Austin Wynns OF Brandon Nimmo OF Evan Carter OF Cole Carrigg P Cody Bradford P Kyle Harrison SS Corey Seager,,,
2559,5214957809,nh70744,0,56.2,1B Jac Caglianone 2B Osleivis Basabe 3B Ezequiel Duran C Yainer Diaz OF Shohei Ohtani OF Jackson Merrill OF Cam Smith P Kyle Harrison P Mitch Bratt SS Jeremy Pena,,,
2560,5214964510,MrBigAnt4224,0,56.15,1B Jeff McNeil 2B Donovan Walton 3B Isaac Paredes C Salvador Perez OF Christian Yelich OF Yordan Alvarez OF Jung Hoo Lee P Hunter Brown P Kyle Harrison SS Taylor Walls,,,
2560,5215061224,bigtee73,0,56.15,1B Jake Burger 2B Ketel Marte 3B Kyle Karros C Austin Wynns OF Brandon Nimmo OF Shohei Ohtani OF Kyle Tucker P Hunter Brown P Kyle Harrison SS Ezequiel Tovar,,,
2560,5215070290,LTskelter (7/20),0,56.15,1B Joc Pederson 2B Jeff McNeil 3B Zack Gelof C Hunter Goodman OF Carlos Cortes OF Henry Bolte OF Wyatt Langford P Hunter Brown P Kyle Harrison SS Jacob Wilson,,,
2560,5215144186,kreller17 (7/20),0,56.15,1B Freddie Freeman 2B Michael Massey 3B Nick Loftin C Salvador Perez OF Kyle Tucker OF Alex Call OF Jac Caglianone P Hunter Brown P Kyle Harrison SS Tyler Tolbert,,,
2560,5215705153,cwsavage,0,56.15,1B Salvador Perez 2B Willi Castro 3B Nick Loftin C Hunter Goodman OF Kyle Isbel OF Jordan Beck OF Jac Caglianone P Hunter Brown P Kyle Harrison SS Bobby Witt Jr.,,,
2565,5214854878,jrevelle3 (5/20),0,56,1B Shohei Ohtani 2B Jeff McNeil 3B Max Muncy C Austin Wynns OF Brandon Nimmo OF Kyle Tucker OF Evan Carter P Cody Bradford P Hunter Brown SS Bobby Witt Jr.,,,
2565,5215334039,civillobo (3/5),0,56,1B Joc Pederson 2B Jose Altuve 3B Isaac Paredes C Yainer Diaz OF Jake McCarthy OF Daulton Varsho OF Andy Pages P Cody Bradford P Hunter Brown SS Jeremy Pena,,,
2565,5215666979,sonnyflip,0,56,1B Yandy Diaz 2B Jeff McNeil 3B Ezequiel Duran C Liam Hicks OF Zack Gelof OF Henry Bolte OF Wyatt Langford P Cody Bradford P Hunter Brown SS Corey Seager,,,
2568,5215038632,aquafinatim (4/20),0,55.95,1B Christian Walker 2B Jose Altuve 3B Isaac Paredes C Gabriel Moreno OF Yordan Alvarez OF Lars Nootbaar OF Tim Tawa P Hunter Brown P Mitch Bratt SS Jeremy Pena,,,
2568,5215609196,JaserD (1/20),0,55.95,1B Jeff McNeil 2B Brice Turang 3B Zack Gelof C Jonah Heim OF Carlos Cortes OF Yordan Alvarez OF Henry Bolte P Hunter Brown P Mitch Bratt SS Jeremy Pena,,,
2568,5215661247,Mige1 (3/20),0,55.95,1B Jeff McNeil 2B Brice Turang 3B Zack Gelof C Jonah Heim OF Carlos Cortes OF Yordan Alvarez OF Henry Bolte P Hunter Brown P Mitch Bratt SS Jeremy Pena,,,
2571,5215595415,Paul322,0,55.75,1B Freddie Freeman 2B Ketel Marte 3B Nolan Arenado C Gabriel Moreno OF Jake McCarthy OF Mickey Moniak OF Corbin Carroll P Cody Bradford P Mason Barnett SS Ezequiel Tovar,,,
2572,5215678531,dbeam09 (2/2),0,55.65,1B Freddie Freeman 2B Jose Altuve 3B Nick Loftin C Ben Rortvedt OF Kyle Tucker OF John Rave OF Jac Caglianone P Nick Martinez P Kyle Harrison SS Bobby Witt Jr.,,,
2573,5214962671,Schoey17 (1/8),0,55.55,1B Jake Burger 2B Tommy Edman 3B Ezequiel Duran C Ben Rortvedt OF Brandon Nimmo OF Shohei Ohtani OF Evan Carter P Blake Snell P Hunter Brown SS Corey Seager,,,
2573,5215075983,ivymoose (13/20),0,55.55,1B Jake Burger 2B Tommy Edman 3B Ezequiel Duran C Ben Rortvedt OF Brandon Nimmo OF Shohei Ohtani OF Evan Carter P Blake Snell P Hunter Brown SS Corey Seager,,,
2573,5215214847,AbeyBaby88 (5/20),0,55.55,1B Shohei Ohtani 2B Jeff McNeil 3B Ezequiel Duran C Moises Ballesteros OF Brandon Nimmo OF Evan Carter OF Wyatt Langford P Blake Snell P Hunter Brown SS Corey Seager,,,
2573,5215272272,jrancor22 (8/20),0,55.55,1B Jonathan Aranda 2B Tommy Edman 3B Ezequiel Duran C Moises Ballesteros OF Brandon Nimmo OF Evan Carter OF Wyatt Langford P Blake Snell P Hunter Brown SS Corey Seager,,,
2573,5215416159,UniversalFriend (4/20),0,55.55,1B Jake Burger 2B Tommy Edman 3B Ezequiel Duran C Ben Rortvedt OF Brandon Nimmo OF Shohei Ohtani OF Evan Carter P Blake Snell P Hunter Brown SS Corey Seager,,,
2573,5215513972,andymartin5586 (8/20),0,55.55,1B Jake Burger 2B Jose Altuve 3B Isaac Paredes C Yainer Diaz OF Brandon Nimmo OF Evan Carter OF Wyatt Langford P Blake Snell P Hunter Brown SS Corey Seager,,,
2579,5215491837,wazzu24 (18/20),0,55.45,1B Shohei Ohtani 2B Ketel Marte 3B Connor Norby C Gabriel Moreno OF Jake McCarthy OF Corbin Carroll OF Jordan Beck P Kyle Harrison P Ryan Johnson SS Ezequiel Tovar,,,
2580,5215113513,milligolf (16/20),0,55.35,1B Jonathan Aranda 2B Oswald Peraza 3B Junior Caminero C Austin Wynns OF Cedric Mullins OF Evan Carter OF Wyatt Langford P Walker Buehler P Hunter Brown SS Corey Seager,,,
2581,5215014268,Reboot78 (18/20),0,55.25,1B Joc Pederson 2B Brice Turang 3B Junior Caminero C James McCann OF Brandon Nimmo OF Lars Nootbaar OF Evan Carter P Cody Bradford P Kyle Harrison SS Corey Seager,,,
2581,5215413773,Darkmen715 (18/20),0,55.25,1B Jonathan Aranda 2B Jeff McNeil 3B Junior Caminero C Liam Hicks OF Brandon Nimmo OF Lars Nootbaar OF Lawrence Butler P Cody Bradford P Kyle Harrison SS Corey Seager,,,
2583,5214982208,Swishdakyng (16/20),0,55.2,1B Shohei Ohtani 2B Ketel Marte 3B Ezequiel Duran C James McCann OF Andy Pages OF Victor Mesa Jr. OF Evan Carter P Kyle Harrison P Mitch Bratt SS Corey Seager,,,
2583,5215038635,aquafinatim (7/20),0,55.2,1B Joc Pederson 2B Brice Turang 3B Ezequiel Duran C James McCann OF Jake Bauers OF Corbin Carroll OF Wyatt Langford P Kyle Harrison P Mitch Bratt SS Corey Seager,,,
2583,5215509403,striz2017 (1/5),0,55.2,1B Jeff McNeil 2B Ketel Marte 3B Nolan Arenado C Gabriel Moreno OF Jake McCarthy OF Lars Nootbaar OF Corbin Carroll P Kyle Harrison P Mitch Bratt SS Jeremy Pena,,,
2583,5215651026,chemicalsofdemocracy (1/2),0,55.2,1B Jake Bauers 2B Brice Turang 3B Yandy Diaz C James McCann OF Brandon Nimmo OF Cam Smith OF Chandler Simpson P Kyle Harrison P Mitch Bratt SS Corey Seager,,,
2583,5215661258,Mige1 (14/20),0,55.2,1B Joc Pederson 2B Brice Turang 3B Ezequiel Duran C Liam Hicks OF Brandon Nimmo OF Jake Bauers OF Wyatt Langford P Kyle Harrison P Mitch Bratt SS Corey Seager,,,
2588,5215144184,kreller17 (5/20),0,55.15,1B Joc Pederson 2B Donovan Walton 3B Nick Loftin C Jonah Heim OF Jose Siri OF Corbin Carroll OF Henry Bolte P Hunter Brown P Kyle Harrison SS Bobby Witt Jr.,,,
2588,5215214861,AbeyBaby88 (19/20),0,55.15,1B Joc Pederson 2B Osleivis Basabe 3B Ezequiel Duran C Salvador Perez OF Brandon Nimmo OF Chandler Simpson OF Wyatt Langford P Hunter Brown P Kyle Harrison SS Corey Seager,,,
2588,5215266912,rikyrotten (2/2),0,55.15,1B Joc Pederson 2B Ketel Marte 3B Vaughn Grissom C James McCann OF Brandon Nimmo OF Jake Bauers OF Lars Nootbaar P Hunter Brown P Kyle Harrison SS Corey Seager,,,
2588,5215311916,salty39 (2/3),0,55.15,1B Joc Pederson 2B Jeff McNeil 3B Kyle Karros C Gabriel Moreno OF Kyle Tucker OF Chandler Simpson OF Wyatt Langford P Hunter Brown P Kyle Harrison SS Corey Seager,,,
2588,5215701677,whycuz22,0,55.15,1B Jake Bauers 2B Donovan Walton 3B Nick Loftin C Salvador Perez OF Christian Yelich OF Andy Pages OF Tim Tawa P Hunter Brown P Kyle Harrison SS Zach Neto,,,
2593,5215063331,iamawful (4/6),0,55,1B Joc Pederson 2B Jose Altuve 3B Isaac Paredes C Gabriel Moreno OF Brandon Nimmo OF Evan Carter OF Wyatt Langford P Cody Bradford P Hunter Brown SS Jeremy Pena,,,
2593,5215068389,pat_the_hat2 (6/20),0,55,1B Jake Burger 2B Michael Massey 3B Ezequiel Duran C Salvador Perez OF Evan Carter OF Jac Caglianone OF Wyatt Langford P Cody Bradford P Hunter Brown SS Bobby Witt Jr.,,,
2593,5215360029,cachedinar (14/20),0,55,1B Joc Pederson 2B Brice Turang 3B Ezequiel Duran C William Contreras OF Garrett Mitchell OF Evan Carter OF Wyatt Langford P Cody Bradford P Hunter Brown SS Corey Seager,,,
2593,5215689358,dantheman78 (15/20),0,55,1B Joc Pederson 2B Brice Turang 3B Ezequiel Duran C James McCann OF Jake Bauers OF Zack Gelof OF Wyatt Langford P Cody Bradford P Hunter Brown SS Corey Seager,,,
2593,5215705082,sloyd1885,0,55,1B Joc Pederson 2B Jose Altuve 3B Zack Gelof C Austin Wynns OF Yordan Alvarez OF Henry Bolte OF Wyatt Langford P Cody Bradford P Hunter Brown SS Jeremy Pena,,,
2598,5215359200,Cuscus3 (13/20),0,54.8,1B Jake Burger 2B Vaughn Grissom 3B Isaac Paredes C Austin Wynns OF Mike Trout OF Brandon Nimmo OF Evan Carter P Blake Snell P Kyle Harrison SS Corey Seager,,,
2599,5215616420,ddstell,0,54.65,1B Jeff McNeil 2B Ketel Marte 3B Ezequiel Duran C James McCann OF Mike Trout OF Jake Bauers OF Jackson Chourio P Nick Martinez P Kyle Harrison SS Nicky Lopez,,,
2599,5215643809,04diehard,0,54.65,1B Jake Bauers 2B Jeff McNeil 3B Junior Caminero C Liam Hicks OF Jackson Chourio OF Wade Meckler OF Ryan Waldschmidt P Nick Martinez P Kyle Harrison SS Nicky Lopez,,,
2599,5215123247,REDNECKDUCK,0,54.649998,1B Jonathan Aranda 2B Jeff McNeil 3B Zack Gelof C Yainer Diaz OF Jake Bauers OF Kyle Tucker OF Wyatt Langford P Blake Snell P Cody Bradford SS Jeremy Pena,,,
2599,5215359194,Cuscus3 (7/20),0,54.649998,1B Christian Walker 2B Jose Altuve 3B Ezequiel Duran C Gabriel Moreno OF Brandon Nimmo OF Evan Carter OF Wyatt Langford P Blake Snell P Cody Bradford SS Corey Seager,,,
2603,5215669536,SkyU27 (10/10),0,54.55,1B Christian Walker 2B Jose Altuve 3B Ezequiel Duran C Yainer Diaz OF Brandon Nimmo OF Evan Carter OF Wyatt Langford P Blake Snell P Hunter Brown SS Corey Seager,,,
2604,5215401277,jnwallen (10/17),0,54.5,1B Nolan Schanuel 2B Oswald Peraza 3B Zack Gelof C Jonah Heim OF Mike Trout OF Jose Siri OF Carlos Cortes P Michael Wacha P Kyle Harrison SS Zach Neto,,,
2605,5214875059,hasco (1/2),0,54.4,1B Christian Walker 2B Jose Altuve 3B Tommy White C Yainer Diaz OF Austin Hays OF Yordan Alvarez OF Lars Nootbaar P Nick Martinez P Hunter Brown SS Jeremy Pena,,,
2606,5215484496,ecaras0381,0,54.2,1B Jake Burger 2B Ketel Marte 3B Nolan Arenado C James McCann OF Brandon Nimmo OF Yordan Alvarez OF Zack Gelof P Kyle Harrison P Mitch Bratt SS Jeremy Pena,,,
2607,5214866447,Albqhokie,0,54.15,1B Jake Bauers 2B Jeff McNeil 3B Ezequiel Duran C Austin Wynns OF Kyle Tucker OF Victor Mesa Jr. OF Wyatt Langford P Hunter Brown P Kyle Harrison SS Zach Neto,,,
2607,5215061244,jbari64,0,54.15,1B Bryce Eldridge 2B Jose Altuve 3B David Hamilton C Jonah Heim OF Jose Siri OF Carlos Cortes OF Fernando Tatis Jr. P Hunter Brown P Kyle Harrison SS Xander Bogaerts,,,
2607,5215678042,jimbo484848,0,54.15,1B Freddie Freeman 2B Oswald Peraza 3B Max Muncy C Luis Campusano OF Shohei Ohtani OF Alex Call OF Jihwan Bae P Hunter Brown P Kyle Harrison SS Nicky Lopez,,,
2607,5215714001,Bonfire_Villa8 (1/2),0,54.15,1B Liam Hicks 2B Vaughn Grissom 3B Zack Gelof C James McCann OF Shohei Ohtani OF Brandon Lockridge OF Ryan Waldschmidt P Hunter Brown P Kyle Harrison SS Taylor Walls,,,
2611,5215631105,johnbrock636 (6/6),0,54,1B Christian Walker 2B Ketel Marte 3B Ezequiel Duran C Gabriel Moreno OF Brandon Nimmo OF Lars Nootbaar OF Zack Gelof P Cody Bradford P Hunter Brown SS Corey Seager,,,
2611,5215642661,Rexella,0,54,1B Joc Pederson 2B Jeff McNeil 3B Ezequiel Duran C Jonah Heim OF Brandon Nimmo OF Shohei Ohtani OF Wyatt Langford P Cody Bradford P Hunter Brown SS Corey Seager,,,
2611,5215670076,HammerSZN (16/20),0,54,1B Joc Pederson 2B Tommy Edman 3B Max Muncy C Austin Wynns OF Shohei Ohtani OF Evan Carter OF Wyatt Langford P Cody Bradford P Hunter Brown SS Corey Seager,,,
2611,5215717616,Mrkvs (11/12),0,54,1B Connor Norby 2B Willi Castro 3B Kyle Karros C Hunter Goodman OF Brandon Nimmo OF Jake McCarthy OF Wyatt Langford P Cody Bradford P Hunter Brown SS Corey Seager,,,
2615,5214946342,stock2mail (18/20),0,53.95,1B Christian Walker 2B Jose Altuve 3B Isaac Paredes C Austin Wynns OF Yordan Alvarez OF Lars Nootbaar OF Corbin Carroll P Hunter Brown P Mitch Bratt SS Jeremy Pena,,,
2615,5215043995,nrlane24 (2/2),0,53.95,1B Jake Bauers 2B Brice Turang 3B Nick Loftin C William Contreras OF Kyle Tucker OF Garrett Mitchell OF Jackson Chourio P Hunter Brown P Mitch Bratt SS Xander Bogaerts,,,
2615,5215122716,juliom328,0,53.95,1B Jonathan Aranda 2B Jeff McNeil 3B Junior Caminero C James McCann OF Shohei Ohtani OF Kyle Tucker OF Lars Nootbaar P Hunter Brown P Mitch Bratt SS Corey Seager,,,
2615,5215431272,Boltmantom (2/2),0,53.95,1B Christian Walker 2B Jose Altuve 3B Manny Machado C Salvador Perez OF Yordan Alvarez OF Lars Nootbaar OF Cam Smith P Hunter Brown P Mitch Bratt SS Jeremy Pena,,,
2615,5215450538,darrylposton (14/20),0,53.95,1B Christian Walker 2B Ildemaro Vargas 3B Nolan Arenado C James McCann OF Yordan Alvarez OF Lars Nootbaar OF Corbin Carroll P Hunter Brown P Mitch Bratt SS Jeremy Pena,,,
2615,5215654320,expostulate (3/10),0,53.95,1B Freddie Freeman 2B Tommy Edman 3B Isaac Paredes C Ben Rortvedt OF Alex Call OF Yordan Alvarez OF Andy Pages P Hunter Brown P Mitch Bratt SS Jeremy Pena,,,
2615,5215654327,expostulate (10/10),0,53.95,1B Christian Walker 2B Ildemaro Vargas 3B Nolan Arenado C James McCann OF Yordan Alvarez OF Lars Nootbaar OF Corbin Carroll P Hunter Brown P Mitch Bratt SS Jeremy Pena,,,
2615,5215674383,dillmaak2022 (5/20),0,53.95,1B Jonathan Aranda 2B Jose Altuve 3B Isaac Paredes C Yainer Diaz OF Yordan Alvarez OF Daulton Varsho OF Chandler Simpson P Hunter Brown P Mitch Bratt SS Corey Seager,,,
2623,5215212762,SilversurferVII (15/20),0,53.649998,1B Freddie Freeman 2B Nicky Lopez 3B Max Muncy C Austin Wynns OF Shohei Ohtani OF Evan Carter OF Wyatt Langford P Blake Snell P Cody Bradford SS Corey Seager,,,
2623,5215345735,clathren (9/20),0,53.649998,1B Jonathan Aranda 2B Jose Altuve 3B Isaac Paredes C Gabriel Moreno OF Kyle Tucker OF Jake McCarthy OF Lars Nootbaar P Blake Snell P Cody Bradford SS Corey Seager,,,
2625,5215092621,Captsky23,0,53.3,1B Jake Burger 2B Ildemaro Vargas 3B Tommy White C Yainer Diaz OF Yordan Alvarez OF Corbin Carroll OF Jackson Chourio P Michael Wacha P Mitch Bratt SS Corey Seager,,,
2626,5215054468,ttillie (12/20),0,53.25,1B Tim Tawa 2B Jeff McNeil 3B Yandy Diaz C Liam Hicks OF Lars Nootbaar OF Garrett Mitchell OF Zack Gelof P Cody Bradford P Kyle Harrison SS Jeremy Pena,,,
2626,5215674366,dillmaak2022 (2/20),0,53.25,1B Christian Walker 2B Ketel Marte 3B Isaac Paredes C Yainer Diaz OF Corbin Carroll OF Drew Gilbert OF Cam Smith P Cody Bradford P Kyle Harrison SS Jeremy Pena,,,
2628,5215045717,FoxyGrandpa252 (19/20),0,53.2,1B Christian Walker 2B Vaughn Grissom 3B Isaac Paredes C Salvador Perez OF Shohei Ohtani OF Cedric Mullins OF Chandler Simpson P Hunter Brown P Ryan Johnson SS Jeremy Pena,,,
2628,5215235874,A.Burgos930 (13/20),0,53.2,1B Christian Walker 2B Jose Altuve 3B Isaac Paredes C Gabriel Moreno OF Jake McCarthy OF Daulton Varsho OF Corbin Carroll P Hunter Brown P Ryan Johnson SS Jeremy Pena,,,
2628,5215360025,cachedinar (10/20),0,53.2,1B Christian Walker 2B Jose Altuve 3B Nolan Arenado C Liam Hicks OF Yordan Alvarez OF Lars Nootbaar OF Daulton Varsho P Hunter Brown P Ryan Johnson SS Jeremy Pena,,,
2628,5215624164,jballagh (1/20),0,53.2,1B Christian Walker 2B Vaughn Grissom 3B Isaac Paredes C Yainer Diaz OF Mike Trout OF Jose Siri OF Yordan Alvarez P Hunter Brown P Ryan Johnson SS Jeremy Pena,,,
2628,5215624174,jballagh (11/20),0,53.2,1B Freddie Freeman 2B Jeff McNeil 3B Max Muncy C Jonah Heim OF Andy Pages OF Lawrence Butler OF Zack Gelof P Kyle Harrison P Mitch Bratt SS Jacob Wilson,,,
2628,5215674448,lefty4488 (4/15),0,53.2,1B Jonathan Aranda 2B Richie Palacios 3B Yandy Diaz C Liam Hicks OF Lars Nootbaar OF Chandler Simpson OF Wyatt Langford P Kyle Harrison P Mitch Bratt SS Corey Seager,,,
2634,5215541554,matelius2007,0,53.15,1B Joc Pederson 2B Nicky Lopez 3B Kyle Karros C Hunter Goodman OF Yordan Alvarez OF Alejandro Osuna OF Cam Cauley P Hunter Brown P Kyle Harrison SS Jeremy Pena,,,
2635,5215239088,johnne28 (1/3),0,53.05,1B Jonathan Aranda 2B Jeff McNeil 3B Max Muncy C Liam Hicks OF Shohei Ohtani OF Cedric Mullins OF Chandler Simpson P Cody Bradford P Mitch Bratt SS Corey Seager,,,
2635,5215416168,UniversalFriend (13/20),0,53.05,1B Christian Walker 2B Jose Altuve 3B Isaac Paredes C Gabriel Moreno OF Yordan Alvarez OF Lars Nootbaar OF Corbin Carroll P Cody Bradford P Mitch Bratt SS Jeremy Pena,,,
2637,5214854877,jrevelle3 (4/20),0,53,1B Shohei Ohtani 2B Jeff McNeil 3B Max Muncy C Ben Rortvedt OF Brandon Nimmo OF Kyle Tucker OF Evan Carter P Cody Bradford P Hunter Brown SS Bobby Witt Jr.,,,
2637,5215038633,aquafinatim (5/20),0,53,1B Joc Pederson 2B Willi Castro 3B Ezequiel Duran C Hunter Goodman OF Jake McCarthy OF Evan Carter OF Wyatt Langford P Cody Bradford P Hunter Brown SS Corey Seager,,,
2637,5215115358,bigbone33,0,53,1B Freddie Freeman 2B Jake Cronenworth 3B Kyle Karros C William Contreras OF Christian Yelich OF Brandon Nimmo OF Wyatt Langford P Cody Bradford P Hunter Brown SS Corey Seager,,,
2637,5215450533,darrylposton (9/20),0,53,1B Joc Pederson 2B Brice Turang 3B Ezequiel Duran C Austin Wynns OF Jake Bauers OF Jake McCarthy OF Wyatt Langford P Cody Bradford P Hunter Brown SS Corey Seager,,,
2637,5215631100,johnbrock636 (1/6),0,53,1B Christian Walker 2B Ketel Marte 3B Isaac Paredes C Liam Hicks OF Brandon Nimmo OF Lars Nootbaar OF Wyatt Langford P Cody Bradford P Hunter Brown SS Corey Seager,,,
2637,5215661257,Mige1 (13/20),0,53,1B Christian Walker 2B Richie Palacios 3B Isaac Paredes C James McCann OF Yordan Alvarez OF Cam Smith OF Chandler Simpson P Cody Bradford P Hunter Brown SS Jeremy Pena,,,
2643,5214866668,Sammy.Boy (18/20),0,52.95,1B Shohei Ohtani 2B Tommy Edman 3B Max Muncy C Austin Wynns OF Brandon Nimmo OF Kyle Tucker OF Wyatt Langford P Hunter Brown P Mitch Bratt SS Corey Seager,,,
2643,5215416173,UniversalFriend (18/20),0,52.95,1B Freddie Freeman 2B Michael Massey 3B Nick Loftin C Salvador Perez OF Shohei Ohtani OF Kyle Isbel OF Andy Pages P Hunter Brown P Mitch Bratt SS Bobby Witt Jr.,,,
2643,5215653810,Birdzofprey15 (1/6),0,52.95,1B Christian Walker 2B Jose Altuve 3B Isaac Paredes C Liam Hicks OF Yordan Alvarez OF Jihwan Bae OF Chandler Simpson P Hunter Brown P Mitch Bratt SS Jeremy Pena,,,
2643,5215653811,Birdzofprey15 (2/6),0,52.95,1B Christian Walker 2B Jose Altuve 3B Isaac Paredes C Liam Hicks OF Yordan Alvarez OF Jihwan Bae OF Chandler Simpson P Hunter Brown P Mitch Bratt SS Jeremy Pena,,,
2643,5215664391,Albino_Zebra (7/20),0,52.95,1B Freddie Freeman 2B Jeff McNeil 3B Junior Caminero C Austin Wynns OF Shohei Ohtani OF Evan Carter OF Wyatt Langford P Hunter Brown P Mitch Bratt SS Corey Seager,,,
2648,5215487707,mlief (8/20),0,52.8,1B Rafael Devers 2B Brice Turang 3B Isaac Paredes C Yainer Diaz OF Daulton Varsho OF Victor Bericoto OF Cam Smith P Blake Snell P Kyle Harrison SS Jeremy Pena,,,
2648,5215686590,woodreb5 (18/20),0,52.8,1B Jake Burger 2B Oswald Peraza 3B Ezequiel Duran C Moises Ballesteros OF Mike Trout OF Jose Siri OF Wyatt Langford P Blake Snell P Kyle Harrison SS Zach Neto,,,
2650,5215396654,silencetheg (18/20),0,52.600002,1B Shohei Ohtani 2B Jeff McNeil 3B Zack Gelof C Jonah Heim OF Carlos Cortes OF Lars Nootbaar OF Corbin Carroll P Walker Buehler P Kyle Harrison SS Jacob Wilson,,,
2651,5214946339,stock2mail (15/20),0,52.55,1B Shohei Ohtani 2B Nicky Lopez 3B Zack Gelof C James McCann OF Brandon Nimmo OF Evan Carter OF Wyatt Langford P Blake Snell P Hunter Brown SS Corey Seager,,,
2651,5215106752,rsumrall (16/20),0,52.55,1B Jake Burger 2B Oswald Peraza 3B Ezequiel Duran C Ben Rortvedt OF Brandon Nimmo OF Shohei Ohtani OF Wyatt Langford P Blake Snell P Hunter Brown SS Corey Seager,,,
2653,5215345741,clathren (15/20),0,52.5,1B Joc Pederson 2B Jose Altuve 3B Yandy Diaz C James McCann OF Lars Nootbaar OF Zack Gelof OF Wyatt Langford P Michael Wacha P Kyle Harrison SS Corey Seager,,,
2654,5215399601,gogosox2005 (3/4),0,52.35,1B Shohei Ohtani 2B Willi Castro 3B David Hamilton C Gabriel Moreno OF Cedric Mullins OF Chandler Simpson OF Luis Lara P Michael Wacha P Cody Bradford SS Xander Bogaerts,,,
2655,5215696695,mrfb (20/20),0,52.25,1B Jake Bauers 2B Brice Turang 3B Kyle Karros C William Contreras OF Jordan Beck OF Jackson Chourio OF Cole Carrigg P Cody Bradford P Kyle Harrison SS Ezequiel Tovar,,,
2656,5215384714,lttlsht (8/20),0,52.2,1B Christian Walker 2B Ketel Marte 3B Nolan Arenado C Gabriel Moreno OF Lars Nootbaar OF Corbin Carroll OF Wyatt Langford P Kyle Harrison P Mitch Bratt SS Corey Seager,,,
2656,5215450537,darrylposton (13/20),0,52.2,1B Joc Pederson 2B Brice Turang 3B Ezequiel Duran C Gabriel Moreno OF Brandon Nimmo OF Jake Bauers OF Wyatt Langford P Kyle Harrison P Mitch Bratt SS Corey Seager,,,
2658,5215253102,saki72,0,52.15,1B Connor Norby 2B Donovan Walton 3B Nick Loftin C Liam Hicks OF Jake Bauers OF Cedric Mullins OF Kyle Tucker P Hunter Brown P Kyle Harrison SS Taylor Walls,,,
2658,5215397154,mstra999,0,52.15,1B Nolan Schanuel 2B Jeff McNeil 3B Nolan Arenado C Gabriel Moreno OF Brandon Nimmo OF Jackson Merrill OF Jackson Chourio P Hunter Brown P Kyle Harrison SS Ezequiel Tovar,,,
2658,5215596943,jimles,0,52.15,1B Joc Pederson 2B Ketel Marte 3B Isaac Paredes C James McCann OF Brandon Nimmo OF Jake McCarthy OF Lars Nootbaar P Hunter Brown P Kyle Harrison SS Corey Seager,,,
2661,5215044059,kcroyalfan (17/20),0,52,1B Jeff McNeil 2B Jose Altuve 3B Isaac Paredes C Yainer Diaz OF Brandon Nimmo OF Carlos Cortes OF Yordan Alvarez P Cody Bradford P Hunter Brown SS Jeremy Pena,,,
2661,5215103401,Rene8480 (4/4),0,52,1B Jonathan Aranda 2B Jeff McNeil 3B Yandy Diaz C James McCann OF Cedric Mullins OF Zack Gelof OF Chandler Simpson P Cody Bradford P Hunter Brown SS Corey Seager,,,
2661,5215698714,jrsr411,0,52,1B Yandy Diaz 2B Jeff McNeil 3B Nolan Arenado C Jonah Heim OF Shohei Ohtani OF Lars Nootbaar OF Jihwan Bae P Cody Bradford P Hunter Brown SS Jeremy Pena,,,
2664,5215413766,Darkmen715 (11/20),0,51.95,1B Jonathan Aranda 2B Jose Altuve 3B Zack Gelof C Liam Hicks OF Lars Nootbaar OF Corbin Carroll OF Wyatt Langford P Hunter Brown P Mitch Bratt SS Corey Seager,,,
2664,5215621048,Makin-A-Run (10/20),0,51.95,1B Jonathan Aranda 2B Brice Turang 3B Yandy Diaz C Yainer Diaz OF Lars Nootbaar OF Evan Carter OF Wyatt Langford P Hunter Brown P Mitch Bratt SS Corey Seager,,,
2664,5215635200,metsy50,0,51.95,1B Shohei Ohtani 2B Ketel Marte 3B Ezequiel Duran C Jonah Heim OF Jose Siri OF Evan Carter OF Wade Meckler P Hunter Brown P Mitch Bratt SS Corey Seager,,,
2667,5215674449,lefty4488 (5/15),0,51.7,1B Freddie Freeman 2B Oswald Peraza 3B Max Muncy C Gabriel Moreno OF Shohei Ohtani OF Kyle Tucker OF Andy Pages P Mitch Bratt P Mason Barnett SS Zach Neto,,,
2668,5215384719,lttlsht (13/20),0,51.65,1B Jake Burger 2B Tommy Edman 3B Max Muncy C Moises Ballesteros OF Shohei Ohtani OF Kyle Tucker OF Wyatt Langford P Kyle Harrison P Carson Whisenhunt SS Mookie Betts,,,
2669,5215070298,LTskelter (15/20),0,51.2,1B Joc Pederson 2B Brice Turang 3B Ezequiel Duran C William Contreras OF Brandon Nimmo OF Jake Bauers OF Wyatt Langford P Kyle Harrison P Mitch Bratt SS Corey Seager,,,
2669,5215383658,Fluffhead017 (5/20),0,51.2,1B Shohei Ohtani 2B Tommy Edman 3B Nick Loftin C Salvador Perez OF Kyle Tucker OF Alex Call OF Andy Pages P Kyle Harrison P Mitch Bratt SS Bobby Witt Jr.,,,
2669,5215558769,ehaugen (3/4),0,51.2,1B Jake Bauers 2B Ketel Marte 3B David Hamilton C James McCann OF Christian Yelich OF Garrett Mitchell OF Luis Lara P Kyle Harrison P Mitch Bratt SS Bobby Witt Jr.,,,
2669,5215643475,cmalas (20/20),0,51.2,1B Christian Walker 2B Jose Altuve 3B Isaac Paredes C James McCann OF Yordan Alvarez OF Lars Nootbaar OF Corbin Carroll P Hunter Brown P Ryan Johnson SS Jeremy Pena,,,
2669,5215702836,APot30 (6/20),0,51.2,1B Jeff McNeil 2B Ketel Marte 3B Isaac Paredes C Yainer Diaz OF Lars Nootbaar OF Corbin Carroll OF Jackson Chourio P Kyle Harrison P Mitch Bratt SS Jeremy Pena,,,
2674,5215027131,acerun34,0,51.15,1B Ildemaro Vargas 2B Richie Palacios 3B Kyle Karros C Gabriel Moreno OF Jake McCarthy OF Lars Nootbaar OF Corbin Carroll P Hunter Brown P Kyle Harrison SS Ezequiel Tovar,,,
2674,5215369688,LoveFrogs,0,51.15,1B Jake Bauers 2B Jeff McNeil 3B Junior Caminero C Moises Ballesteros OF Carlos Cortes OF Lars Nootbaar OF Lawrence Butler P Hunter Brown P Kyle Harrison SS Corey Seager,,,
2674,5215384720,lttlsht (14/20),0,51.15,1B Joc Pederson 2B Ketel Marte 3B Ezequiel Duran C Moises Ballesteros OF Brandon Nimmo OF Lars Nootbaar OF Wyatt Langford P Hunter Brown P Kyle Harrison SS Corey Seager,,,
2674,5215492855,BadMOFO55,0,51.15,1B Jonathan Aranda 2B Richie Palacios 3B Junior Caminero C Liam Hicks OF Jose Siri OF Jihwan Bae OF Chandler Simpson P Hunter Brown P Kyle Harrison SS Nicky Lopez,,,
2674,5215613004,sacman50,0,51.15,1B Jeff McNeil 2B Donovan Walton 3B Junior Caminero C Moises Ballesteros OF Austin Hays OF Jackson Chourio OF Cam Smith P Hunter Brown P Kyle Harrison SS Jacob Wilson,,,
2674,5215636404,gooey911 (3/3),0,51.15,1B Jonathan Aranda 2B Brice Turang 3B Vaughn Grissom C James McCann OF Shohei Ohtani OF Jose Siri OF Jihwan Bae P Hunter Brown P Kyle Harrison SS Taylor Walls,,,
2674,5215650168,Mr.Jay17,0,51.15,1B Joc Pederson 2B Jeff McNeil 3B Zack Gelof C James McCann OF Brandon Nimmo OF Jake McCarthy OF Corbin Carroll P Hunter Brown P Kyle Harrison SS Corey Seager,,,
2674,5215655658,jetty76 (16/20),0,51.15,1B Shohei Ohtani 2B Jeff McNeil 3B Kyle Karros C Hunter Goodman OF Jake McCarthy OF Carlos Cortes OF Jordan Beck P Hunter Brown P Kyle Harrison SS Ezequiel Tovar,,,
2674,5215661263,Mige1 (19/20),0,51.15,1B Joc Pederson 2B Donovan Walton 3B Zack Gelof C Jonah Heim OF Lars Nootbaar OF Corbin Carroll OF Henry Bolte P Hunter Brown P Kyle Harrison SS Jacob Wilson,,,
2674,5215686588,woodreb5 (16/20),0,51.15,1B Shohei Ohtani 2B Jeff McNeil 3B Max Muncy C Ben Rortvedt OF Alex Call OF Lawrence Butler OF Zack Gelof P Hunter Brown P Kyle Harrison SS Jacob Wilson,,,
2684,5215106756,rsumrall (20/20),0,51,1B Jonathan Aranda 2B Nicky Lopez 3B Yandy Diaz C Salvador Perez OF Brandon Nimmo OF Evan Carter OF Wyatt Langford P Cody Bradford P Hunter Brown SS Corey Seager,,,
2684,5215345729,clathren (3/20),0,51,1B Jonathan Aranda 2B Jeff McNeil 3B Isaac Paredes C Liam Hicks OF Kyle Tucker OF Lars Nootbaar OF Corbin Carroll P Cody Bradford P Hunter Brown SS Corey Seager,,,
2684,5215374758,11rios24,0,51,1B Jeff McNeil 2B Tommy Edman 3B Ezequiel Duran C Liam Hicks OF Brandon Nimmo OF Jake Bauers OF Chandler Simpson P Cody Bradford P Hunter Brown SS Corey Seager,,,
2684,5215439430,tbark13,0,51,1B Jake Bauers 2B Jose Altuve 3B Zack Gelof C James McCann OF Garrett Mitchell OF Chandler Simpson OF Cole Carrigg P Cody Bradford P Hunter Brown SS Corey Seager,,,
2684,5215587189,jeremyc76,0,51,1B Liam Hicks 2B Willi Castro 3B Isaac Paredes C Gabriel Moreno OF Jake McCarthy OF Cam Smith OF Cole Carrigg P Cody Bradford P Hunter Brown SS Corey Seager,,,
2689,5215147041,j-wolf05 (6/20),0,50.95,1B Freddie Freeman 2B Jeff McNeil 3B Isaac Paredes C Yainer Diaz OF Kyle Tucker OF Yordan Alvarez OF Cam Smith P Hunter Brown P Mitch Bratt SS Jeremy Pena,,,
2689,5215628229,RaiderBob,0,50.95,1B Freddie Freeman 2B Osleivis Basabe 3B Nolan Arenado C James McCann OF Shohei Ohtani OF Jake Bauers OF Zack Gelof P Hunter Brown P Mitch Bratt SS Corey Seager,,,
2689,5215647905,rcarena (2/4),0,50.95,1B Jonathan Aranda 2B Nicky Lopez 3B Junior Caminero C Liam Hicks OF Cedric Mullins OF Evan Carter OF Wyatt Langford P Hunter Brown P Mitch Bratt SS Corey Seager,,,
2692,5215144194,kreller17 (15/20),0,50.8,1B Rafael Devers 2B Osleivis Basabe 3B Willi Castro C Yainer Diaz OF Jake McCarthy OF Victor Bericoto OF Wyatt Langford P Blake Snell P Kyle Harrison SS Willy Adames,,,
2692,5215359207,Cuscus3 (20/20),0,50.8,1B Jake Burger 2B Jeff McNeil 3B Ezequiel Duran C Austin Wynns OF Shohei Ohtani OF Lawrence Butler OF Evan Carter P Blake Snell P Kyle Harrison SS Corey Seager,,,
2694,5215659617,bigwill_70,0,50.65,1B Ildemaro Vargas 2B Ketel Marte 3B Ezequiel Duran C Jonah Heim OF Brandon Nimmo OF Kyle Tucker OF Lars Nootbaar P Nick Martinez P Kyle Harrison SS Corey Seager,,,
2695,5215695220,SnowAngel74 (13/20),0,50.600002,1B Jake Bauers 2B Brice Turang 3B Willi Castro C Hunter Goodman OF Garrett Mitchell OF Jordan Beck OF Jackson Chourio P Tomoyuki Sugano P Kyle Harrison SS Ezequiel Tovar,,,
2696,5215212760,SilversurferVII (13/20),0,50.25,1B Jake Burger 2B Ketel Marte 3B Nolan Arenado C James McCann OF Brandon Nimmo OF Corbin Carroll OF Wyatt Langford P Cody Bradford P Kyle Harrison SS Corey Seager,,,
2697,5215251227,Wanna_Square_Up1567 (18/20),0,50.2,1B Jake Bauers 2B Brice Turang 3B Nick Loftin C William Contreras OF Garrett Mitchell OF Jackson Chourio OF Cam Smith P Hunter Brown P Ryan Johnson SS Jeremy Pena,,,
2697,5215685036,meyers2305 (14/20),0,50.2,1B Jonathan Aranda 2B Jose Altuve 3B Isaac Paredes C James McCann OF Yordan Alvarez OF Lars Nootbaar OF Corbin Carroll P Kyle Harrison P Mitch Bratt SS Willy Adames,,,
2699,5215134855,Donheit,0,50.15,1B Jeff McNeil 2B Willi Castro 3B Nolan Arenado C Gabriel Moreno OF Brandon Nimmo OF Jung Hoo Lee OF Jac Caglianone P Hunter Brown P Kyle Harrison SS Jacob Wilson,,,
2699,5215538751,GeMSta69 (2/2),0,50.15,1B Christian Walker 2B Ketel Marte 3B Junior Caminero C Yainer Diaz OF Lars Nootbaar OF Victor Bericoto OF Cam Smith P Hunter Brown P Kyle Harrison SS Ezequiel Tovar,,,
2699,5215630280,bherring19 (1/4),0,50.15,1B Joc Pederson 2B Brice Turang 3B Nick Loftin C Austin Wynns OF Jackson Chourio OF Cam Smith OF Chandler Simpson P Hunter Brown P Kyle Harrison SS Corey Seager,,,
2699,5215671750,bigsac7,0,50.15,1B Shohei Ohtani 2B Nicky Lopez 3B Kyle Karros C Ben Rortvedt OF Mike Trout OF Christian Yelich OF Jordan Beck P Hunter Brown P Kyle Harrison SS Zach Neto,,,
2703,5214854889,jrevelle3 (16/20),0,50,1B Jake Burger 2B Nicky Lopez 3B Yandy Diaz C Austin Wynns OF Brandon Nimmo OF Cedric Mullins OF Andy Pages P Cody Bradford P Hunter Brown SS Corey Seager,,,
2703,5215052096,SeanDre (13/20),0,50,1B Jake Burger 2B Nicky Lopez 3B Junior Caminero C Liam Hicks OF Brandon Nimmo OF Lars Nootbaar OF Evan Carter P Cody Bradford P Hunter Brown SS Corey Seager,,,
2703,5215164380,melvincali (16/20),0,50,1B Jake Burger 2B Tommy Edman 3B Max Muncy C Austin Wynns OF Brandon Nimmo OF Evan Carter OF Wyatt Langford P Cody Bradford P Hunter Brown SS Bobby Witt Jr.,,,
2703,5215272282,jrancor22 (18/20),0,50,1B Jake Burger 2B Nicky Lopez 3B Junior Caminero C Liam Hicks OF Brandon Nimmo OF Cedric Mullins OF Evan Carter P Cody Bradford P Hunter Brown SS Corey Seager,,,
2703,5215370183,brockstar5 (10/20),0,50,1B Joc Pederson 2B Tommy Edman 3B Ezequiel Duran C Ben Rortvedt OF Shohei Ohtani OF Kyle Tucker OF Wyatt Langford P Cody Bradford P Hunter Brown SS Corey Seager,,,
2703,5215413772,Darkmen715 (17/20),0,50,1B Jonathan Aranda 2B Jeff McNeil 3B Isaac Paredes C Hunter Goodman OF Jake McCarthy OF Lars Nootbaar OF Cole Carrigg P Cody Bradford P Hunter Brown SS Corey Seager,,,
2703,5215653642,wormlove3 (4/20),0,50,1B Christian Walker 2B Ketel Marte 3B Nolan Arenado C James McCann OF John Rave OF Yordan Alvarez OF Lars Nootbaar P Cody Bradford P Hunter Brown SS Corey Seager,,,
2703,5215653652,wormlove3 (11/20),0,50,1B Christian Walker 2B Ketel Marte 3B Nolan Arenado C James McCann OF John Rave OF Yordan Alvarez OF Lars Nootbaar P Cody Bradford P Hunter Brown SS Corey Seager,,,
2703,5215653661,wormlove3 (18/20),0,50,1B Christian Walker 2B Ketel Marte 3B Nolan Arenado C James McCann OF John Rave OF Yordan Alvarez OF Lars Nootbaar P Cody Bradford P Hunter Brown SS Corey Seager,,,
2712,5215647861,KING--13 (10/10),0,49.95,1B Shohei Ohtani 2B Jeff McNeil 3B Zack Gelof C Jonah Heim OF Lars Nootbaar OF Corbin Carroll OF Henry Bolte P Hunter Brown P Mitch Bratt SS Corey Seager,,,
2713,5215409975,jnwallen (15/17),0,49.9,1B Nolan Schanuel 2B Oswald Peraza 3B Vaughn Grissom C Hunter Goodman OF Mike Trout OF Jake McCarthy OF Cole Carrigg P Kyle Harrison P Mason Barnett SS Zach Neto,,,
2714,5215045707,FoxyGrandpa252 (9/20),0,49.8,1B Rafael Devers 2B Jose Altuve 3B Isaac Paredes C Austin Wynns OF Yordan Alvarez OF Victor Bericoto OF Cam Smith P Blake Snell P Kyle Harrison SS Jeremy Pena,,,
2714,5215264786,cwthrow24 (7/20),0,49.8,1B Rafael Devers 2B Osleivis Basabe 3B Isaac Paredes C Yainer Diaz OF Brandon Nimmo OF Evan Carter OF Wyatt Langford P Blake Snell P Kyle Harrison SS Jeremy Pena,,,
2716,5215117891,Dominator-Seguin (1/20),0,49.55,1B Jake Burger 2B Nicky Lopez 3B Ezequiel Duran C Yainer Diaz OF Evan Carter OF Cam Smith OF Wyatt Langford P Blake Snell P Hunter Brown SS Jeremy Pena,,,
2717,5215014260,Reboot78 (10/20),0,49.25,1B Joc Pederson 2B Brice Turang 3B Ezequiel Duran C Austin Wynns OF Lars Nootbaar OF Corbin Carroll OF Wyatt Langford P Cody Bradford P Kyle Harrison SS Corey Seager,,,
2717,5215014263,Reboot78 (13/20),0,49.25,1B Jake Burger 2B Ketel Marte 3B Ezequiel Duran C Gabriel Moreno OF Brandon Nimmo OF Jihwan Bae OF Corbin Carroll P Cody Bradford P Kyle Harrison SS Corey Seager,,,
2717,5215714076,louiswat (4/4),0,49.25,1B Nolan Schanuel 2B Oswald Peraza 3B Vaughn Grissom C Drew Cavanaugh OF Shohei Ohtani OF Austin Hays OF Yordan Alvarez P Cody Bradford P Kyle Harrison SS Jeremy Pena,,,
2720,5215345744,clathren (18/20),0,49.2,1B Shohei Ohtani 2B Jose Altuve 3B Zack Gelof C James McCann OF Jake Bauers OF Lars Nootbaar OF Andy Pages P Kyle Harrison P Mitch Bratt SS Mookie Betts,,,
2720,5215702831,APot30 (1/20),0,49.2,1B Christian Walker 2B Jose Altuve 3B Isaac Paredes C Yainer Diaz OF Lars Nootbaar OF Corbin Carroll OF Jackson Chourio P Hunter Brown P Ryan Johnson SS Jeremy Pena,,,
2722,5215012330,ariric864 (1/2),0,49.15,1B Jonathan Aranda 2B Oswald Peraza 3B Junior Caminero C James McCann OF Lawrence Butler OF Zack Gelof OF Victor Bericoto P Hunter Brown P Kyle Harrison SS Jacob Wilson,,,
2722,5215573875,Ryan138,0,49.15,1B Jonathan Aranda 2B Jeff McNeil 3B Junior Caminero C Liam Hicks OF Carlos Cortes OF Victor Bericoto OF Chandler Simpson P Hunter Brown P Kyle Harrison SS Nicky Lopez,,,
2722,5215669460,ariric864 (2/2),0,49.15,1B Jonathan Aranda 2B Oswald Peraza 3B Junior Caminero C James McCann OF Lawrence Butler OF Zack Gelof OF Victor Bericoto P Hunter Brown P Kyle Harrison SS Jacob Wilson,,,
2722,5215713790,Gabe57 (12/19),0,49.15,1B Joc Pederson 2B Nicky Lopez 3B Nick Loftin C Ben Rortvedt OF Shohei Ohtani OF Andy Pages OF Jac Caglianone P Hunter Brown P Kyle Harrison SS Corey Seager,,,
2722,5215717511,RyderCup616 (2/2),0,49.15,1B Joc Pederson 2B Jeff McNeil 3B Ezequiel Duran C Gabriel Moreno OF Mike Trout OF Christian Yelich OF Brandon Nimmo P Hunter Brown P Kyle Harrison SS Nicky Lopez,,,
2722,5215718429,Gabe57 (17/19),0,49.15,1B Joc Pederson 2B Nicky Lopez 3B Nick Loftin C Ben Rortvedt OF Shohei Ohtani OF Andy Pages OF Jac Caglianone P Hunter Brown P Kyle Harrison SS Corey Seager,,,
2728,5215272279,jrancor22 (15/20),0,49,1B Jonathan Aranda 2B Richie Palacios 3B Ezequiel Duran C Liam Hicks OF Brandon Nimmo OF Cedric Mullins OF Lars Nootbaar P Cody Bradford P Hunter Brown SS Corey Seager,,,
2728,5215631101,johnbrock636 (2/6),0,49,1B Christian Walker 2B Ketel Marte 3B Zack Gelof C Gabriel Moreno OF Brandon Nimmo OF Lars Nootbaar OF Wyatt Langford P Cody Bradford P Hunter Brown SS Corey Seager,,,
2728,5215669529,SkyU27 (3/10),0,49,1B Jake Burger 2B Ketel Marte 3B Ezequiel Duran C Gabriel Moreno OF Brandon Nimmo OF Lars Nootbaar OF Wyatt Langford P Cody Bradford P Hunter Brown SS Corey Seager,,,
2731,5215288553,HC0023 (19/20),0,48.95,1B Christian Walker 2B Jose Altuve 3B Isaac Paredes C Yainer Diaz OF Shohei Ohtani OF Alex Call OF Andy Pages P Hunter Brown P Mitch Bratt SS Jeremy Pena,,,
2732,5215106755,rsumrall (19/20),0,48.8,1B Christian Walker 2B Jose Altuve 3B Isaac Paredes C James McCann OF Daulton Varsho OF Corbin Carroll OF Victor Bericoto P Blake Snell P Kyle Harrison SS Jeremy Pena,,,
2732,5215657517,BuckeyeCity (18/20),0,48.8,1B Bryce Eldridge 2B Jose Altuve 3B Isaac Paredes C James McCann OF Jung Hoo Lee OF Victor Bericoto OF Cam Smith P Blake Snell P Kyle Harrison SS Jeremy Pena,,,
2734,5215670916,tigolebitties91 (2/4),0,48.65,1B Jonathan Aranda 2B Jeff McNeil 3B Nolan Arenado C Liam Hicks OF Brandon Nimmo OF Jung Hoo Lee OF Jackson Chourio P Nick Martinez P Kyle Harrison SS Corey Seager,,,
2735,5215207470,Elwaysarmy (7/20),0,48.2,1B Shohei Ohtani 2B Michael Massey 3B Nick Loftin C Salvador Perez OF Kyle Tucker OF Alex Call OF Andy Pages P Kyle Harrison P Mitch Bratt SS Bobby Witt Jr.,,,
2735,5215450539,darrylposton (15/20),0,48.2,1B Freddie Freeman 2B Jeff McNeil 3B Zack Gelof C Jonah Heim OF Shohei Ohtani OF Andy Pages OF Henry Bolte P Hunter Brown P Ryan Johnson SS Jacob Wilson,,,
2735,5215643467,cmalas (12/20),0,48.2,1B Joc Pederson 2B Brice Turang 3B David Hamilton C William Contreras OF Garrett Mitchell OF Jackson Chourio OF Wyatt Langford P Kyle Harrison P Mitch Bratt SS Corey Seager,,,
2735,5215686587,woodreb5 (15/20),0,48.2,1B Jonathan Aranda 2B Vaughn Grissom 3B Yandy Diaz C Liam Hicks OF Brandon Nimmo OF Evan Carter OF Wyatt Langford P Kyle Harrison P Mitch Bratt SS Corey Seager,,,
2739,5215702834,APot30 (4/20),0,48.05,1B Jeff McNeil 2B Jose Altuve 3B Isaac Paredes C Yainer Diaz OF Shohei Ohtani OF Yordan Alvarez OF Zack Gelof P Cody Bradford P Mitch Bratt SS Jeremy Pena,,,
2740,5215117892,Dominator-Seguin (2/20),0,48,1B Jake Burger 2B Jose Altuve 3B Ezequiel Duran C Austin Wynns OF Brandon Nimmo OF Corbin Carroll OF Evan Carter P Cody Bradford P Hunter Brown SS Jeremy Pena,,,
2740,5215496367,LadyNoLuck,0,48,1B Jonathan Aranda 2B Jeff McNeil 3B Nolan Arenado C James McCann OF Shohei Ohtani OF Lars Nootbaar OF Corbin Carroll P Cody Bradford P Hunter Brown SS Corey Seager,,,
2740,5215534779,THEBEST77,0,48,1B Jonathan Aranda 2B Jeff McNeil 3B Ezequiel Duran C Gabriel Moreno OF Lars Nootbaar OF Corbin Carroll OF Wyatt Langford P Cody Bradford P Hunter Brown SS Jacob Wilson,,,
2743,5215360020,cachedinar (5/20),0,47.95,1B Christian Walker 2B Jose Altuve 3B Isaac Paredes C Austin Wynns OF Brandon Nimmo OF Yordan Alvarez OF Wyatt Langford P Hunter Brown P Mitch Bratt SS Jeremy Pena,,,
2743,5215522281,MSUspartan25000,0,47.95,1B Christian Walker 2B Jose Altuve 3B Isaac Paredes C Austin Wynns OF Brandon Nimmo OF Yordan Alvarez OF Wyatt Langford P Hunter Brown P Mitch Bratt SS Jeremy Pena,,,
2745,5215401273,jnwallen (6/17),0,47.9,1B Nolan Schanuel 2B Oswald Peraza 3B Kyle Karros C Hunter Goodman OF Mike Trout OF Jake McCarthy OF Mickey Moniak P Kyle Harrison P Mason Barnett SS Zach Neto,,,
2746,5215319611,Dubbzz (16/20),0,47.8,1B Jake Burger 2B Jeff McNeil 3B Zack Gelof C Hunter Goodman OF Brandon Nimmo OF Evan Carter OF Wyatt Langford P Blake Snell P Kyle Harrison SS Corey Seager,,,
2746,5215370176,brockstar5 (3/20),0,47.8,1B Freddie Freeman 2B Jeff McNeil 3B Max Muncy C Ben Rortvedt OF Shohei Ohtani OF Kyle Tucker OF Victor Bericoto P Blake Snell P Kyle Harrison SS Ezequiel Tovar,,,
2748,5215683909,MrCheezle1 (2/2),0,47.65,1B Jake Bauers 2B Tommy Edman 3B Ezequiel Duran C Salvador Perez OF Shohei Ohtani OF Austin Hays OF Victor Bericoto P Nick Martinez P Kyle Harrison SS Corey Seager,,,
2749,5215413774,Darkmen715 (19/20),0,47.5,1B Jonathan Aranda 2B Jeff McNeil 3B Yandy Diaz C Liam Hicks OF Brandon Nimmo OF Lars Nootbaar OF Henry Bolte P Michael Wacha P Kyle Harrison SS Corey Seager,,,
2749,5215413775,Darkmen715 (20/20),0,47.5,1B Jonathan Aranda 2B Jeff McNeil 3B Yandy Diaz C Liam Hicks OF Brandon Nimmo OF Lars Nootbaar OF Henry Bolte P Michael Wacha P Kyle Harrison SS Corey Seager,,,
2751,5215636826,TheKingKaz (6/8),0,47.25,1B Shohei Ohtani 2B Tommy Edman 3B Kyle Karros C Ben Rortvedt OF Jake McCarthy OF Evan Carter OF Wyatt Langford P Cody Bradford P Kyle Harrison SS Mookie Betts,,,
2751,5215657518,BuckeyeCity (19/20),0,47.25,1B Jake Burger 2B Nicky Lopez 3B Kyle Karros C Hunter Goodman OF Brandon Nimmo OF Wyatt Langford OF Cole Carrigg P Cody Bradford P Kyle Harrison SS Corey Seager,,,
2751,5215716551,SaucyJack1001 (6/9),0,47.25,1B Joc Pederson 2B Jake Cronenworth 3B Max Muncy C Jonah Heim OF Brandon Nimmo OF Jake McCarthy OF Wyatt Langford P Cody Bradford P Kyle Harrison SS Corey Seager,,,
2754,5215029957,az350z (5/20),0,47.2,1B Christian Walker 2B Brice Turang 3B Isaac Paredes C Yainer Diaz OF Jake Bauers OF Jackson Chourio OF Cam Smith P Hunter Brown P Ryan Johnson SS Jeremy Pena,,,
2754,5215147054,j-wolf05 (19/20),0,47.2,1B Joc Pederson 2B Jose Altuve 3B Ezequiel Duran C Yainer Diaz OF Yordan Alvarez OF Daulton Varsho OF Wyatt Langford P Kyle Harrison P Mitch Bratt SS Jeremy Pena,,,
2754,5215683908,MrCheezle1 (1/2),0,47.2,1B Yandy Diaz 2B Jose Altuve 3B David Hamilton C Jonah Heim OF Cedric Mullins OF Evan Carter OF Jackson Chourio P Kyle Harrison P Mitch Bratt SS Willy Adames,,,
2757,5215014270,Reboot78 (20/20),0,47.15,1B Christian Walker 2B Richie Palacios 3B Junior Caminero C Yainer Diaz OF Daulton Varsho OF Jihwan Bae OF Cam Smith P Hunter Brown P Kyle Harrison SS Jeremy Pena,,,
2757,5215457561,squatman2008 (4/6),0,47.15,1B Jonathan Aranda 2B Jeff McNeil 3B Kyle Karros C Salvador Perez OF Brandon Nimmo OF Evan Carter OF Wyatt Langford P Hunter Brown P Kyle Harrison SS Bobby Witt Jr.,,,
2757,5215701262,TNeidert (9/20),0,47.15,1B Nolan Schanuel 2B Oswald Peraza 3B Ezequiel Duran C James McCann OF Mike Trout OF Brandon Nimmo OF Wyatt Langford P Hunter Brown P Kyle Harrison SS Zach Neto,,,
2757,5215706465,Bones1212 (2/2),0,47.15,1B Yandy Diaz 2B Jeff McNeil 3B Isaac Paredes C Tyler Heineman OF Jose Siri OF Yordan Alvarez OF Chandler Simpson P Hunter Brown P Kyle Harrison SS Ezequiel Tovar,,,
2761,5215215689,mertqq40 (5/5),0,46.95,1B Freddie Freeman 2B Jeff McNeil 3B Max Muncy C Austin Wynns OF Shohei Ohtani OF Kyle Tucker OF Wyatt Langford P Hunter Brown P Mitch Bratt SS Corey Seager,,,
2761,5215344763,Coolac420,0,46.95,1B Christian Walker 2B Jose Altuve 3B Isaac Paredes C Yainer Diaz OF Brandon Nimmo OF Yordan Alvarez OF Wyatt Langford P Hunter Brown P Mitch Bratt SS Corey Seager,,,
2763,5215616423,Randy1265,0,46.65,1B Jake Bauers 2B Vaughn Grissom 3B Nick Loftin C James McCann OF Shohei Ohtani OF Victor Bericoto OF Jackson Chourio P Nick Martinez P Kyle Harrison SS Willy Adames,,,
2764,5215657512,BuckeyeCity (13/20),0,46.5,1B Connor Norby 2B Brice Turang 3B Kyle Karros C Yainer Diaz OF Jordan Beck OF Jackson Chourio OF Cam Smith P Michael Wacha P Kyle Harrison SS Jeremy Pena,,,
2765,5215252498,swiftyjb (3/4),0,46.4,1B Freddie Freeman 2B Ildemaro Vargas 3B Max Muncy C Ben Rortvedt OF Christian Yelich OF Shohei Ohtani OF Jose Siri P Nick Martinez P Hunter Brown SS Nicky Lopez,,,
2766,5215288545,HC0023 (11/20),0,46.25,1B Joc Pederson 2B Jeff McNeil 3B Zack Gelof C Hunter Goodman OF Brandon Nimmo OF Jake McCarthy OF Wyatt Langford P Cody Bradford P Kyle Harrison SS Corey Seager,,,
2767,5215643468,cmalas (13/20),0,46.2,1B Joc Pederson 2B Tommy Edman 3B Max Muncy C Ben Rortvedt OF Shohei Ohtani OF Kyle Tucker OF Wyatt Langford P Kyle Harrison P Mitch Bratt SS Corey Seager,,,
2768,5215084751,jokerdpo (2/2),0,46.15,1B Nolan Schanuel 2B Oswald Peraza 3B Vaughn Grissom C William Contreras OF Jake Bauers OF Garrett Mitchell OF Luis Lara P Hunter Brown P Kyle Harrison SS Zach Neto,,,
2768,5215553078,ehaugen (1/4),0,46.15,1B Tim Tawa 2B Brice Turang 3B Nolan Arenado C Gabriel Moreno OF Brandon Nimmo OF Lars Nootbaar OF Ryan Waldschmidt P Hunter Brown P Kyle Harrison SS Corey Seager,,,
2768,5215685439,dillmaak2022 (18/20),0,46.15,1B Joc Pederson 2B Jeff McNeil 3B Ezequiel Duran C Austin Wynns OF Brandon Nimmo OF Shohei Ohtani OF Kyle Tucker P Hunter Brown P Kyle Harrison SS Corey Seager,,,
2768,5215704174,mrzippy (1/3),0,46.15,1B Liam Hicks 2B Nicky Lopez 3B Willi Castro C Hunter Goodman OF Carlos Cortes OF Jordan Beck OF Chandler Simpson P Hunter Brown P Kyle Harrison SS Jacob Wilson,,,
2768,5215716531,SaucyJack1001 (1/9),0,46.15,1B Christian Walker 2B Brice Turang 3B Nolan Arenado C Moises Ballesteros OF Kyle Tucker OF Fernando Tatis Jr. OF Kyle Isbel P Hunter Brown P Kyle Harrison SS Ezequiel Tovar,,,
2773,5215023019,jw1984 (14/20),0,46,1B Jake Burger 2B Michael Massey 3B Ezequiel Duran C Salvador Perez OF Brandon Nimmo OF Evan Carter OF Wyatt Langford P Cody Bradford P Hunter Brown SS Bobby Witt Jr.,,,
2774,5215689353,dantheman78 (10/20),0,45.95,1B Christian Walker 2B Jose Altuve 3B Isaac Paredes C Ben Rortvedt OF Kyle Tucker OF Yordan Alvarez OF Andy Pages P Hunter Brown P Mitch Bratt SS Jeremy Pena,,,
2775,5215681491,tigolebitties91 (4/4),0,45.65,1B Jonathan Aranda 2B Jeff McNeil 3B Nolan Arenado C Gabriel Moreno OF Brandon Nimmo OF Jung Hoo Lee OF Jackson Chourio P Nick Martinez P Kyle Harrison SS Corey Seager,,,
2776,5215378854,gupsbroncos,0,45.25,1B Shohei Ohtani 2B Ketel Marte 3B Kyle Karros C Hunter Goodman OF Jake McCarthy OF Kyle Isbel OF Lars Nootbaar P Cody Bradford P Kyle Harrison SS Nicky Lopez,,,
2776,5215595537,Riccajb9 (1/3),0,45.25,1B Joc Pederson 2B Jeff McNeil 3B Ezequiel Duran C Jonah Heim OF Brandon Nimmo OF Kyle Tucker OF Wyatt Langford P Cody Bradford P Kyle Harrison SS Jacob Wilson,,,
2778,5215212766,SilversurferVII (19/20),0,45.2,1B Jonathan Aranda 2B Jeff McNeil 3B Junior Caminero C Jonah Heim OF Cedric Mullins OF Zack Gelof OF Henry Bolte P Kyle Harrison P Mitch Bratt SS Jacob Wilson,,,
2779,5214982204,Swishdakyng (12/20),0,45.15,1B Tim Tawa 2B Brice Turang 3B Isaac Paredes C Austin Wynns OF Brandon Nimmo OF Kyle Tucker OF Wyatt Langford P Hunter Brown P Kyle Harrison SS Corey Seager,,,
2779,5215604494,bizz2020,0,45.15,1B Freddie Freeman 2B Jeff McNeil 3B Zack Gelof C Yainer Diaz OF Brandon Nimmo OF Victor Mesa Jr. OF Cam Smith P Hunter Brown P Kyle Harrison SS Corey Seager,,,
2781,5215288549,HC0023 (15/20),0,45.05,1B Jake Bauers 2B Brice Turang 3B Ezequiel Duran C William Contreras OF Garrett Mitchell OF Jackson Chourio OF Wyatt Langford P Cody Bradford P Mitch Bratt SS Corey Seager,,,
2782,5215477279,bigdaddykhane,0,45,1B Christian Walker 2B Miguel Rojas 3B Manny Machado C Brian Serven OF Fernando Tatis Jr. OF Jung Hoo Lee OF Tyler Soderstrom P Cody Bradford P Hunter Brown SS Corey Seager,,,
2782,5215518779,deuce6078,0,45,1B Salvador Perez 2B Willi Castro 3B Ezequiel Duran C William Contreras OF Christian Yelich OF Brandon Nimmo OF Andy Pages P Cody Bradford P Hunter Brown SS Corey Seager,,,
2782,5215708508,sportsfan14 (15/20),0,45,1B Jake Burger 2B Willi Castro 3B Ezequiel Duran C James McCann OF Brandon Nimmo OF Corbin Carroll OF Wyatt Langford P Cody Bradford P Hunter Brown SS Corey Seager,,,
2785,5215690835,zack1288,0,44.95,1B Ildemaro Vargas 2B Jose Altuve 3B Isaac Paredes C Gabriel Moreno OF Yordan Alvarez OF Lars Nootbaar OF Cam Smith P Hunter Brown P Mitch Bratt SS Jeremy Pena,,,
2786,5215391535,Sprtsguy,0,44.600002,1B Jake Bauers 2B Jose Altuve 3B Nolan Arenado C Gabriel Moreno OF Christian Yelich OF Austin Hays OF Jackson Chourio P Tomoyuki Sugano P Kyle Harrison SS Corey Seager,,,
2787,5214966598,hatdaddy (12/20),0,44.55,1B Jake Burger 2B Jose Altuve 3B Ezequiel Duran C Moises Ballesteros OF Cedric Mullins OF Lars Nootbaar OF Wyatt Langford P Blake Snell P Hunter Brown SS Corey Seager,,,
2788,5215509134,mrbig91,0,44.35,1B Jonathan Aranda 2B Willi Castro 3B Zack Gelof C Gabriel Moreno OF Brandon Nimmo OF Jake Bauers OF Jake McCarthy P Michael Wacha P Cody Bradford SS Corey Seager,,,
2789,5215038638,aquafinatim (10/20),0,44.25,1B Joc Pederson 2B Jeff McNeil 3B Zack Gelof C Jonah Heim OF Shohei Ohtani OF Carlos Cortes OF Wyatt Langford P Cody Bradford P Kyle Harrison SS Jacob Wilson,,,
2789,5215609210,JaserD (15/20),0,44.25,1B Joc Pederson 2B Brice Turang 3B Ezequiel Duran C William Contreras OF Brandon Nimmo OF Jake Bauers OF Evan Carter P Cody Bradford P Kyle Harrison SS Corey Seager,,,
2789,5215621055,Makin-A-Run (17/20),0,44.25,1B Jake Burger 2B Ketel Marte 3B Ezequiel Duran C James McCann OF Brandon Nimmo OF Lars Nootbaar OF Corbin Carroll P Cody Bradford P Kyle Harrison SS Corey Seager,,,
2789,5215631329,DukeSnizz,0,44.25,1B Freddie Freeman 2B Richie Palacios 3B Ezequiel Duran C Liam Hicks OF Lars Nootbaar OF Corbin Carroll OF Jordan Beck P Cody Bradford P Kyle Harrison SS Corey Seager,,,
2793,5215117893,Dominator-Seguin (3/20),0,44.2,1B Christian Walker 2B Ketel Marte 3B Isaac Paredes C James McCann OF Brandon Nimmo OF Yordan Alvarez OF Evan Carter P Kyle Harrison P Mitch Bratt SS Jeremy Pena,,,
2793,5215212765,SilversurferVII (18/20),0,44.2,1B Christian Walker 2B Jose Altuve 3B Zack Gelof C Jonah Heim OF Yordan Alvarez OF Lawrence Butler OF Henry Bolte P Kyle Harrison P Mitch Bratt SS Jacob Wilson,,,
2795,5215593307,consumedadam,0,44.15,1B Jac Caglianone 2B Jeff McNeil 3B Zack Gelof C James McCann OF Brandon Nimmo OF Jung Hoo Lee OF Ryan Waldschmidt P Hunter Brown P Kyle Harrison SS Bobby Witt Jr.,,,
2795,5215626583,gooey911 (1/3),0,44.15,1B Freddie Freeman 2B Ketel Marte 3B Vaughn Grissom C Liam Hicks OF Carlos Cortes OF Jihwan Bae OF Evan Carter P Hunter Brown P Kyle Harrison SS Corey Seager,,,
2795,5215632990,hondo777 (2/2),0,44.15,1B Joc Pederson 2B Nicky Lopez 3B Christian Koss C Tyler Heineman OF Brandon Nimmo OF Shohei Ohtani OF Yordan Alvarez P Hunter Brown P Kyle Harrison SS Corey Seager,,,
2795,5215658635,cookiesox48 (2/2),0,44.15,1B Shohei Ohtani 2B Jeff McNeil 3B Ezequiel Duran C Moises Ballesteros OF Mickey Moniak OF Lars Nootbaar OF Jordan Beck P Hunter Brown P Kyle Harrison SS Mookie Betts,,,
2795,5215676901,tmigliozzi,0,44.15,1B Jeff McNeil 2B Willi Castro 3B Zack Gelof C James McCann OF Jake McCarthy OF Jackson Merrill OF Chandler Simpson P Hunter Brown P Kyle Harrison SS Willy Adames,,,
2800,5215080303,hbcards (2/3),0,43.95,1B Freddie Freeman 2B Nicky Lopez 3B Max Muncy C Austin Wynns OF Shohei Ohtani OF Kyle Tucker OF Wyatt Langford P Hunter Brown P Mitch Bratt SS Corey Seager,,,
2800,5215644793,MarkL1981 (2/3),0,43.95,1B Ildemaro Vargas 2B Jose Altuve 3B Ezequiel Duran C James McCann OF Yordan Alvarez OF Chandler Simpson OF Wyatt Langford P Hunter Brown P Mitch Bratt SS Corey Seager,,,
2802,5215524846,Benders59,0,43.600002,1B Shohei Ohtani 2B Brice Turang 3B David Hamilton C Ben Rortvedt OF Garrett Mitchell OF Jackson Chourio OF Luis Lara P Tomoyuki Sugano P Kyle Harrison SS Xander Bogaerts,,,
2802,5215695221,SnowAngel74 (14/20),0,43.600002,1B Jake Bauers 2B Brice Turang 3B Willi Castro C William Contreras OF Christian Yelich OF Jake McCarthy OF Cole Carrigg P Tomoyuki Sugano P Kyle Harrison SS Ezequiel Tovar,,,
2804,5215207011,rikyrotten (1/2),0,43.4,1B Freddie Freeman 2B Ildemaro Vargas 3B Ezequiel Duran C James McCann OF Cedric Mullins OF Kyle Tucker OF Lars Nootbaar P Nick Martinez P Hunter Brown SS Corey Seager,,,
2805,5214967330,twm4life (2/2),0,43.15,1B Joc Pederson 2B Jeff McNeil 3B Max Muncy C Salvador Perez OF Jake Bauers OF Evan Carter OF Wyatt Langford P Hunter Brown P Kyle Harrison SS Corey Seager,,,
2805,5215052092,SeanDre (9/20),0,43.15,1B Jake Burger 2B Brice Turang 3B Vaughn Grissom C Austin Wynns OF Brandon Nimmo OF Evan Carter OF Wyatt Langford P Hunter Brown P Kyle Harrison SS Zach Neto,,,
2805,5215063194,iamawful (1/6),0,43.15,1B Joc Pederson 2B Nicky Lopez 3B Isaac Paredes C Gabriel Moreno OF Brandon Nimmo OF Daulton Varsho OF Wyatt Langford P Hunter Brown P Kyle Harrison SS Jeremy Pena,,,
2805,5215272269,jrancor22 (5/20),0,43.15,1B Christian Walker 2B Jose Altuve 3B Isaac Paredes C Salvador Perez OF Daulton Varsho OF Cam Smith OF Wyatt Langford P Hunter Brown P Kyle Harrison SS Zach Neto,,,
2805,5215370174,brockstar5 (1/20),0,43.15,1B Joc Pederson 2B Oswald Peraza 3B Ezequiel Duran C Moises Ballesteros OF Mike Trout OF Brandon Nimmo OF Wyatt Langford P Hunter Brown P Kyle Harrison SS Corey Seager,,,
2805,5215381390,FunkyKong (12/20),0,43.15,1B Salvador Perez 2B Jose Altuve 3B Nick Loftin C Carter Jensen OF Jose Siri OF Victor Bericoto OF Jac Caglianone P Hunter Brown P Kyle Harrison SS Bobby Witt Jr.,,,
2805,5215446229,sloan1310,0,43.15,1B Jake Burger 2B Jeff McNeil 3B Zack Gelof C Hunter Goodman OF Lawrence Butler OF Henry Bolte OF Cam Smith P Hunter Brown P Kyle Harrison SS Jeremy Pena,,,
2805,5215450528,darrylposton (4/20),0,43.15,1B Joc Pederson 2B Jeff McNeil 3B Zack Gelof C Jonah Heim OF Jake McCarthy OF Carlos Cortes OF Wyatt Langford P Hunter Brown P Kyle Harrison SS Jacob Wilson,,,
2813,5215644342,bigbfb83,0,43.100002,1B Jake Bauers 2B Jose Altuve 3B Ezequiel Duran C Carter Jensen OF Mickey Moniak OF Corbin Carroll OF Jackson Chourio P Tomoyuki Sugano P Mason Barnett SS Corey Seager,,,
2814,5215106740,rsumrall (4/20),0,42.8,1B Shohei Ohtani 2B Jeff McNeil 3B Zack Gelof C Austin Wynns OF Brandon Nimmo OF Evan Carter OF Wyatt Langford P Blake Snell P Kyle Harrison SS Corey Seager,,,
2814,5215246778,soonerdallas (19/20),0,42.8,1B Rafael Devers 2B Jose Altuve 3B Tommy White C Yainer Diaz OF Yordan Alvarez OF Jordan Beck OF Victor Bericoto P Blake Snell P Kyle Harrison SS Jeremy Pena,,,
2816,5215716014,memphizen,0,42.5,1B Ildemaro Vargas 2B Ketel Marte 3B Zack Gelof C Jonah Heim OF Lars Nootbaar OF Garrett Mitchell OF Henry Bolte P Michael Wacha P Kyle Harrison SS Jacob Wilson,,,
2817,5215001050,Trckrdd,0,42.25,1B Jonathan Aranda 2B Willi Castro 3B Kyle Karros C Jonah Heim OF Cedric Mullins OF Carlos Cortes OF Chandler Simpson P Cody Bradford P Kyle Harrison SS Jacob Wilson,,,
2817,5215014266,Reboot78 (16/20),0,42.25,1B Jake Burger 2B Ketel Marte 3B Isaac Paredes C Austin Wynns OF Corbin Carroll OF Evan Carter OF Jackson Chourio P Cody Bradford P Kyle Harrison SS Corey Seager,,,
2817,5215686998,ChicagoMagpie,0,42.25,1B Jake Burger 2B Brice Turang 3B Christian Koss C Hunter Goodman OF Yordan Alvarez OF Kyle Isbel OF Jihwan Bae P Cody Bradford P Kyle Harrison SS Bobby Witt Jr.,,,
2820,5215246769,soonerdallas (10/20),0,42.2,1B Christian Walker 2B Jose Altuve 3B Isaac Paredes C Yainer Diaz OF Jake Bauers OF Garrett Mitchell OF Jackson Chourio P Hunter Brown P Ryan Johnson SS Jeremy Pena,,,
2820,5215345743,clathren (17/20),0,42.2,1B Jonathan Aranda 2B Jeff McNeil 3B Vaughn Grissom C Salvador Perez OF Shohei Ohtani OF Corbin Carroll OF Wyatt Langford P Kyle Harrison P Mitch Bratt SS Corey Seager,,,
2820,5215638490,daddyo622,0,42.2,1B Jake Bauers 2B Brice Turang 3B Nick Loftin C Gabriel Moreno OF Lars Nootbaar OF Garrett Mitchell OF Corbin Carroll P Kyle Harrison P Mitch Bratt SS Corey Seager,,,
2823,5214982207,Swishdakyng (15/20),0,42.15,1B Joc Pederson 2B Jose Altuve 3B Isaac Paredes C Austin Wynns OF Brandon Nimmo OF Shohei Ohtani OF Evan Carter P Hunter Brown P Kyle Harrison SS Corey Seager,,,
2823,5215113478,milligolf (1/20),0,42.15,1B Salvador Perez 2B Jeff McNeil 3B Nick Loftin C Gabriel Moreno OF Lars Nootbaar OF Corbin Carroll OF Ryan Waldschmidt P Hunter Brown P Kyle Harrison SS Bobby Witt Jr.,,,
2823,5215144949,otbjoe,0,42.15,1B Liam Hicks 2B Tommy Edman 3B Willi Castro C Gabriel Moreno OF Carlos Cortes OF Daulton Varsho OF Chandler Simpson P Hunter Brown P Kyle Harrison SS Ezequiel Tovar,,,
2823,5215417763,Erikbolt,0,42.15,1B Jake Bauers 2B Donovan Walton 3B Isaac Paredes C Salvador Perez OF Kyle Tucker OF Lars Nootbaar OF Victor Mesa Jr. P Hunter Brown P Kyle Harrison SS Corey Seager,,,
2823,5215578157,chfen07 (9/20),0,42.15,1B Joc Pederson 2B Jeff McNeil 3B Ezequiel Duran C Jonah Heim OF Zack Gelof OF Henry Bolte OF Wyatt Langford P Hunter Brown P Kyle Harrison SS Jacob Wilson,,,
2823,5215656603,3robertdawkins3,0,42.15,1B Joc Pederson 2B Donovan Walton 3B Ezequiel Duran C Jonah Heim OF Brandon Nimmo OF Zack Gelof OF Wyatt Langford P Hunter Brown P Kyle Harrison SS Corey Seager,,,
2823,5215685617,dillmaak2022 (20/20),0,42.15,1B Joc Pederson 2B Jeff McNeil 3B Zack Gelof C Austin Wynns OF Brandon Nimmo OF Shohei Ohtani OF Wyatt Langford P Hunter Brown P Kyle Harrison SS Corey Seager,,,
2823,5215702846,APot30 (16/20),0,42.15,1B Joc Pederson 2B Brice Turang 3B David Hamilton C William Contreras OF Garrett Mitchell OF Jihwan Bae OF Wyatt Langford P Hunter Brown P Kyle Harrison SS Corey Seager,,,
2823,5215717123,Delusivee299,0,42.15,1B Joc Pederson 2B Jeff McNeil 3B Zack Gelof C Austin Wynns OF Brandon Nimmo OF Shohei Ohtani OF Wyatt Langford P Hunter Brown P Kyle Harrison SS Corey Seager,,,
2832,5215678496,minfan77 (6/20),0,42,1B Freddie Freeman 2B Tommy Edman 3B Max Muncy C Austin Wynns OF Brandon Nimmo OF Evan Carter OF Wyatt Langford P Cody Bradford P Hunter Brown SS Corey Seager,,,
2833,5215106747,rsumrall (11/20),0,41.95,1B Freddie Freeman 2B Jose Altuve 3B Isaac Paredes C Yainer Diaz OF Shohei Ohtani OF Jose Siri OF Cam Smith P Hunter Brown P Mitch Bratt SS Jeremy Pena,,,
2834,5215695217,SnowAngel74 (10/20),0,41.25,1B Joc Pederson 2B Brice Turang 3B Ezequiel Duran C William Contreras OF Jake Bauers OF Garrett Mitchell OF Wyatt Langford P Cody Bradford P Kyle Harrison SS Nicky Lopez,,,
2835,5215717096,tmas20,0,41.2,1B Jake Bauers 2B Brice Turang 3B Yandy Diaz C Yainer Diaz OF Christian Yelich OF Jose Siri OF Cam Smith P Kyle Harrison P Mitch Bratt SS Corey Seager,,,
2836,5215632577,Emac (9/20),0,41.15,1B Shohei Ohtani 2B Oswald Peraza 3B Vaughn Grissom C Tyler Heineman OF Jose Siri OF Corbin Carroll OF Evan Carter P Hunter Brown P Kyle Harrison SS Zach Neto,,,
2836,5215661097,ParlayKinng,0,41.15,1B Jac Caglianone 2B Michael Massey 3B Isaac Paredes C Salvador Perez OF John Rave OF Daulton Varsho OF Cam Smith P Hunter Brown P Kyle Harrison SS Jeremy Pena,,,
2836,5215690839,chemicalsofdemocracy (2/2),0,41.15,1B Christian Walker 2B Jose Altuve 3B Isaac Paredes C James McCann OF Brandon Nimmo OF Victor Mesa Jr. OF Cam Smith P Hunter Brown P Kyle Harrison SS Jeremy Pena,,,
2839,5215147050,j-wolf05 (15/20),0,41,1B Christian Walker 2B Jeff McNeil 3B Tommy White C Gabriel Moreno OF Yordan Alvarez OF Zack Gelof OF Henry Bolte P Cody Bradford P Hunter Brown SS Jacob Wilson,,,
2839,5215235871,A.Burgos930 (10/20),0,41,1B Freddie Freeman 2B Tommy Edman 3B Ezequiel Duran C Salvador Perez OF Brandon Nimmo OF Evan Carter OF Wyatt Langford P Cody Bradford P Hunter Brown SS Corey Seager,,,
2839,5215384943,zsmittty223 (16/20),0,41,1B Christian Walker 2B Jose Altuve 3B Isaac Paredes C Austin Wynns OF Brandon Nimmo OF Yordan Alvarez OF Evan Carter P Cody Bradford P Hunter Brown SS Jeremy Pena,,,
2839,5215384944,zsmittty223 (17/20),0,41,1B Christian Walker 2B Jose Altuve 3B Isaac Paredes C Austin Wynns OF Brandon Nimmo OF Yordan Alvarez OF Evan Carter P Cody Bradford P Hunter Brown SS Jeremy Pena,,,
2839,5215384945,zsmittty223 (18/20),0,41,1B Christian Walker 2B Jose Altuve 3B Isaac Paredes C Austin Wynns OF Brandon Nimmo OF Yordan Alvarez OF Evan Carter P Cody Bradford P Hunter Brown SS Jeremy Pena,,,
2839,5215384946,zsmittty223 (19/20),0,41,1B Christian Walker 2B Jose Altuve 3B Isaac Paredes C Austin Wynns OF Brandon Nimmo OF Yordan Alvarez OF Evan Carter P Cody Bradford P Hunter Brown SS Jeremy Pena,,,
2839,5215384947,zsmittty223 (20/20),0,41,1B Christian Walker 2B Jose Altuve 3B Isaac Paredes C Austin Wynns OF Brandon Nimmo OF Yordan Alvarez OF Evan Carter P Cody Bradford P Hunter Brown SS Jeremy Pena,,,
2839,5215512854,TwoHearted (15/20),0,41,1B Jake Burger 2B Nicky Lopez 3B Max Muncy C Austin Wynns OF Shohei Ohtani OF Evan Carter OF Wyatt Langford P Cody Bradford P Hunter Brown SS Bobby Witt Jr.,,,
2847,5215121869,thundrenterprises (13/20),0,40.95,1B Jake Burger 2B Tommy Edman 3B Max Muncy C Austin Wynns OF Shohei Ohtani OF Evan Carter OF Wyatt Langford P Hunter Brown P Mitch Bratt SS Corey Seager,,,
2848,5215663250,bherring19 (4/4),0,40.65,1B Freddie Freeman 2B Ketel Marte 3B Zack Gelof C James McCann OF Brandon Nimmo OF Shohei Ohtani OF Jose Siri P Kyle Harrison P Carson Whisenhunt SS Corey Seager,,,
2849,5215144183,kreller17 (4/20),0,40.25,1B Jake Burger 2B Jose Altuve 3B Isaac Paredes C Yainer Diaz OF Mickey Moniak OF Lars Nootbaar OF Cam Smith P Michael Wacha P Hunter Brown SS Jeremy Pena,,,
2849,5215624177,jballagh (14/20),0,40.25,1B Rafael Devers 2B Brice Turang 3B David Hamilton C William Contreras OF Jake Bauers OF Jung Hoo Lee OF Garrett Mitchell P Cody Bradford P Kyle Harrison SS Willy Adames,,,
2849,5215672980,YE261B,0,40.25,1B Jake Bauers 2B Willi Castro 3B Kyle Karros C Gabriel Moreno OF Brandon Nimmo OF Kyle Tucker OF Garrett Mitchell P Cody Bradford P Kyle Harrison SS Corey Seager,,,
2852,5215044049,kcroyalfan (7/20),0,40.15,1B Christian Walker 2B Jose Altuve 3B Isaac Paredes C Salvador Perez OF Lars Nootbaar OF Victor Mesa Jr. OF Cam Smith P Hunter Brown P Kyle Harrison SS Jeremy Pena,,,
2852,5215076383,Hotdogfatboy,0,40.15,1B Jake Bauers 2B Jeff McNeil 3B Isaac Paredes C William Contreras OF Brandon Nimmo OF Andy Pages OF Victor Bericoto P Hunter Brown P Kyle Harrison SS Willy Adames,,,
2852,5215384940,zsmittty223 (13/20),0,40.15,1B Rafael Devers 2B Jose Altuve 3B Isaac Paredes C Yainer Diaz OF Jung Hoo Lee OF Daulton Varsho OF Cam Smith P Hunter Brown P Kyle Harrison SS Willy Adames,,,
2855,5215248098,Hawkswin25,0,40,1B Jonathan Aranda 2B Jake Cronenworth 3B Zack Gelof C Liam Hicks OF Jake McCarthy OF Victor Bericoto OF Jackson Chourio P Cody Bradford P Hunter Brown SS Corey Seager,,,
2855,5215659609,coastrat69,0,40,1B Jake Burger 2B Jose Altuve 3B Isaac Paredes C Yainer Diaz OF Brandon Nimmo OF Yordan Alvarez OF Wyatt Langford P Cody Bradford P Hunter Brown SS Nicky Lopez,,,
2857,5215070292,LTskelter (9/20),0,39.95,1B Christian Walker 2B Jose Altuve 3B Isaac Paredes C Gabriel Moreno OF Yordan Alvarez OF Lars Nootbaar OF Ryan Waldschmidt P Hunter Brown P Mitch Bratt SS Jeremy Pena,,,
2857,5215318697,mrclean913 (8/20),0,39.95,1B Christian Walker 2B Jose Altuve 3B Isaac Paredes C Gabriel Moreno OF Jose Siri OF Yordan Alvarez OF Ryan Waldschmidt P Hunter Brown P Mitch Bratt SS Jeremy Pena,,,
2857,5215670322,striz2017 (4/5),0,39.95,1B Christian Walker 2B Jose Altuve 3B Isaac Paredes C Gabriel Moreno OF Yordan Alvarez OF Jung Hoo Lee OF Ryan Waldschmidt P Hunter Brown P Mitch Bratt SS Jeremy Pena,,,
2860,5215359198,Cuscus3 (11/20),0,39.8,1B Jake Burger 2B Jeff McNeil 3B Ezequiel Duran C James McCann OF Brandon Nimmo OF Shohei Ohtani OF Evan Carter P Blake Snell P Kyle Harrison SS Corey Seager,,,
2861,5215224221,BackStabuzz,0,39.15,1B Christian Walker 2B Willi Castro 3B Nolan Arenado C Gary Sanchez OF Brandon Nimmo OF Jung Hoo Lee OF Andy Pages P Hunter Brown P Kyle Harrison SS Tyler Tolbert,,,
2861,5215513977,andymartin5586 (13/20),0,39.15,1B Joc Pederson 2B Jose Altuve 3B Isaac Paredes C Yainer Diaz OF Brandon Nimmo OF Evan Carter OF Wyatt Langford P Hunter Brown P Kyle Harrison SS Corey Seager,,,
2861,5215653397,LesterNygaard,0,39.15,1B Joc Pederson 2B Jeff McNeil 3B Ezequiel Duran C James McCann OF Brandon Nimmo OF Jackson Chourio OF Wyatt Langford P Hunter Brown P Kyle Harrison SS Corey Seager,,,
2861,5215689572,piston90,0,39.15,1B Jeff McNeil 2B Brice Turang 3B Nick Loftin C Gabriel Moreno OF Brandon Nimmo OF Jake McCarthy OF Lars Nootbaar P Hunter Brown P Kyle Harrison SS Willy Adames,,,
2861,5215702014,BChap71 (2/3),0,39.15,1B Jake Bauers 2B Vaughn Grissom 3B Nolan Arenado C James McCann OF Garrett Mitchell OF Jordan Beck OF Chandler Simpson P Hunter Brown P Kyle Harrison SS Jeremy Pena,,,
2866,5215717357,Frenchy0721,0,39.100002,1B Jake Burger 2B Osleivis Basabe 3B Vaughn Grissom C William Contreras OF Shohei Ohtani OF Yordan Alvarez OF Jackson Chourio P Tomoyuki Sugano P Mason Barnett SS Jeremy Pena,,,
2867,5215164383,melvincali (19/20),0,39,1B Shohei Ohtani 2B Jose Altuve 3B Manny Machado C Ben Rortvedt OF Brandon Nimmo OF Evan Carter OF Wyatt Langford P Cody Bradford P Hunter Brown SS Corey Seager,,,
2867,5215272280,jrancor22 (16/20),0,39,1B Christian Walker 2B Jose Altuve 3B Isaac Paredes C Yainer Diaz OF Brandon Nimmo OF Andy Pages OF Wyatt Langford P Cody Bradford P Hunter Brown SS Corey Seager,,,
2867,5215384929,zsmittty223 (2/20),0,39,1B Jake Burger 2B Ildemaro Vargas 3B Ezequiel Duran C Yainer Diaz OF Yordan Alvarez OF Daulton Varsho OF Cam Smith P Cody Bradford P Hunter Brown SS Jeremy Pena,,,
2870,5215014258,Reboot78 (8/20),0,38.25,1B Jonathan Aranda 2B Brice Turang 3B Yandy Diaz C Austin Wynns OF Brandon Nimmo OF Evan Carter OF Wyatt Langford P Cody Bradford P Kyle Harrison SS Corey Seager,,,
2870,5215366614,67JCON,0,38.25,1B Tommy White 2B Oswald Peraza 3B Nick Loftin C Hunter Goodman OF Shohei Ohtani OF Kyle Isbel OF Jackson Merrill P Cody Bradford P Kyle Harrison SS Bobby Witt Jr.,,,
2870,5215685037,meyers2305 (15/20),0,38.25,1B Jonathan Aranda 2B Jeff McNeil 3B Junior Caminero C Liam Hicks OF Lars Nootbaar OF Jihwan Bae OF Andy Pages P Cody Bradford P Kyle Harrison SS Corey Seager,,,
2873,5214854890,jrevelle3 (17/20),0,38.15,1B Jake Burger 2B Nicky Lopez 3B Yandy Diaz C Austin Wynns OF Brandon Nimmo OF Cedric Mullins OF Chandler Simpson P Hunter Brown P Kyle Harrison SS Corey Seager,,,
2873,5215668710,Gabe57 (9/19),0,38.15,1B Joc Pederson 2B Nicky Lopez 3B Nick Loftin C Salvador Perez OF Shohei Ohtani OF Kyle Tucker OF John Rave P Hunter Brown P Kyle Harrison SS Corey Seager,,,
2873,5215668711,Gabe57 (10/19),0,38.15,1B Joc Pederson 2B Nicky Lopez 3B Nick Loftin C Salvador Perez OF Shohei Ohtani OF Kyle Tucker OF John Rave P Hunter Brown P Kyle Harrison SS Corey Seager,,,
2873,5215713776,Gabe57 (11/19),0,38.15,1B Joc Pederson 2B Nicky Lopez 3B Nick Loftin C Salvador Perez OF Shohei Ohtani OF Kyle Tucker OF John Rave P Hunter Brown P Kyle Harrison SS Corey Seager,,,
2873,5215713806,Gabe57 (13/19),0,38.15,1B Joc Pederson 2B Nicky Lopez 3B Nick Loftin C Salvador Perez OF Shohei Ohtani OF Kyle Tucker OF John Rave P Hunter Brown P Kyle Harrison SS Corey Seager,,,
2873,5215714047,Gabe57 (15/19),0,38.15,1B Joc Pederson 2B Nicky Lopez 3B Nick Loftin C Salvador Perez OF Shohei Ohtani OF Kyle Tucker OF John Rave P Hunter Brown P Kyle Harrison SS Corey Seager,,,
2873,5215714065,Gabe57 (16/19),0,38.15,1B Joc Pederson 2B Nicky Lopez 3B Nick Loftin C Salvador Perez OF Shohei Ohtani OF Kyle Tucker OF John Rave P Hunter Brown P Kyle Harrison SS Corey Seager,,,
2873,5215716539,razortheguru,0,38.15,1B Jeff McNeil 2B Brice Turang 3B David Hamilton C Ben Rortvedt OF Brandon Nimmo OF Jose Siri OF Corbin Carroll P Hunter Brown P Kyle Harrison SS Jeremy Pena,,,
2873,5215719041,Gabe57 (18/19),0,38.15,1B Joc Pederson 2B Nicky Lopez 3B Nick Loftin C Salvador Perez OF Shohei Ohtani OF Kyle Tucker OF John Rave P Hunter Brown P Kyle Harrison SS Corey Seager,,,
2882,5215264785,cwthrow24 (6/20),0,38,1B Freddie Freeman 2B Jose Altuve 3B Max Muncy C Ben Rortvedt OF Brandon Nimmo OF Evan Carter OF Wyatt Langford P Cody Bradford P Hunter Brown SS Corey Seager,,,
2882,5215370178,brockstar5 (5/20),0,38,1B Christian Walker 2B Jose Altuve 3B Isaac Paredes C James McCann OF Lars Nootbaar OF Corbin Carroll OF Wyatt Langford P Cody Bradford P Hunter Brown SS Jeremy Pena,,,
2882,5215370192,brockstar5 (19/20),0,38,1B Christian Walker 2B Jose Altuve 3B Isaac Paredes C James McCann OF Lars Nootbaar OF Corbin Carroll OF Wyatt Langford P Cody Bradford P Hunter Brown SS Jeremy Pena,,,
2885,5215044062,kcroyalfan (20/20),0,37.15,1B Freddie Freeman 2B Donovan Walton 3B Zack Gelof C James McCann OF Brandon Nimmo OF Shohei Ohtani OF Tim Tawa P Hunter Brown P Kyle Harrison SS Nicky Lopez,,,
2885,5215429122,Peezy16,0,37.15,1B Jake Burger 2B Ketel Marte 3B Nolan Arenado C James McCann OF Brandon Nimmo OF Lars Nootbaar OF Wyatt Langford P Hunter Brown P Kyle Harrison SS Corey Seager,,,
2885,5215457562,squatman2008 (5/6),0,37.15,1B Jonathan Aranda 2B Vaughn Grissom 3B Nick Loftin C Liam Hicks OF Mike Trout OF Brandon Nimmo OF Kyle Isbel P Hunter Brown P Kyle Harrison SS Corey Seager,,,
2885,5215653645,wormlove3 (7/20),0,37.15,1B Jake Bauers 2B Brice Turang 3B Kyle Karros C William Contreras OF Daulton Varsho OF Jihwan Bae OF Jackson Chourio P Hunter Brown P Kyle Harrison SS Nicky Lopez,,,
2885,5215653655,wormlove3 (14/20),0,37.15,1B Jake Bauers 2B Brice Turang 3B Kyle Karros C William Contreras OF Daulton Varsho OF Jihwan Bae OF Jackson Chourio P Hunter Brown P Kyle Harrison SS Nicky Lopez,,,
2890,5215621051,Makin-A-Run (13/20),0,37,1B Jonathan Aranda 2B Nicky Lopez 3B Ezequiel Duran C Liam Hicks OF Brandon Nimmo OF Cedric Mullins OF Wyatt Langford P Cody Bradford P Hunter Brown SS Corey Seager,,,
2891,5215161064,csurunnerccr (14/20),0,36.8,1B Christian Walker 2B Jose Altuve 3B Isaac Paredes C Yainer Diaz OF Evan Carter OF Cam Smith OF Wyatt Langford P Blake Snell P Kyle Harrison SS Corey Seager,,,
2891,5215311876,salty39 (1/3),0,36.8,1B Jake Bauers 2B Jeff McNeil 3B Ezequiel Duran C James McCann OF Christian Yelich OF Luis Lara OF Wyatt Langford P Blake Snell P Kyle Harrison SS Corey Seager,,,
2891,5215708513,sportsfan14 (20/20),0,36.8,1B Jake Burger 2B Willi Castro 3B Ezequiel Duran C Austin Wynns OF Jake McCarthy OF Andy Pages OF Evan Carter P Blake Snell P Kyle Harrison SS Corey Seager,,,
2894,5215246767,soonerdallas (8/20),0,36.25,1B Jake Burger 2B Nicky Lopez 3B Ezequiel Duran C Hunter Goodman OF Brandon Nimmo OF Jake McCarthy OF Cole Carrigg P Cody Bradford P Kyle Harrison SS Corey Seager,,,
2895,5215384941,zsmittty223 (14/20),0,36.15,1B Rafael Devers 2B Jose Altuve 3B Isaac Paredes C James McCann OF Yordan Alvarez OF Daulton Varsho OF Cam Smith P Hunter Brown P Kyle Harrison SS Ezequiel Tovar,,,
2895,5215505827,curleeshu (1/5),0,36.15,1B Ty France 2B Brice Turang 3B David Hamilton C William Contreras OF Brandon Nimmo OF John Rave OF Zack Gelof P Hunter Brown P Kyle Harrison SS Nicky Lopez,,,
2895,5215655662,jetty76 (20/20),0,36.15,1B Ildemaro Vargas 2B Ketel Marte 3B Isaac Paredes C Yainer Diaz OF Lars Nootbaar OF Daulton Varsho OF Cam Smith P Hunter Brown P Kyle Harrison SS Jeremy Pena,,,
2898,5215621053,Makin-A-Run (15/20),0,36,1B Jonathan Aranda 2B Jose Altuve 3B Ezequiel Duran C Austin Wynns OF Brandon Nimmo OF Cedric Mullins OF Wyatt Langford P Cody Bradford P Hunter Brown SS Corey Seager,,,
2898,5215702849,APot30 (19/20),0,36,1B Christian Walker 2B Brice Turang 3B Isaac Paredes C Yainer Diaz OF Christian Yelich OF Lars Nootbaar OF Cam Smith P Cody Bradford P Hunter Brown SS Jeremy Pena,,,
2900,5215643001,bassguy39 (11/15),0,35.25,1B Jonathan Aranda 2B Jose Altuve 3B Junior Caminero C Austin Wynns OF Brandon Nimmo OF Evan Carter OF Wyatt Langford P Cody Bradford P Kyle Harrison SS Corey Seager,,,
2900,5215671688,zergpie,0,35.25,1B Tim Tawa 2B Brice Turang 3B Ezequiel Duran C Jonah Heim OF Christian Yelich OF Garrett Mitchell OF Jihwan Bae P Cody Bradford P Kyle Harrison SS Jeremy Pena,,,
2902,5215054469,ttillie (13/20),0,35.2,1B Freddie Freeman 2B Jeff McNeil 3B Junior Caminero C Gabriel Moreno OF Cedric Mullins OF Lars Nootbaar OF Evan Carter P Kyle Harrison P Mitch Bratt SS Corey Seager,,,
2902,5215674371,dillmaak2022 (3/20),0,35.2,1B Shohei Ohtani 2B Jose Altuve 3B Max Muncy C James McCann OF Kyle Tucker OF Daulton Varsho OF Cam Smith P Kyle Harrison P Mitch Bratt SS Jeremy Pena,,,
2904,5215052102,SeanDre (19/20),0,35.15,1B Jake Burger 2B Brice Turang 3B Vaughn Grissom C Austin Wynns OF Mike Trout OF Brandon Nimmo OF Evan Carter P Hunter Brown P Kyle Harrison SS Corey Seager,,,
2904,5215492261,CAKSEER,0,35.15,1B Christian Walker 2B Vaughn Grissom 3B Zack Gelof C Moises Ballesteros OF Mike Trout OF Jake McCarthy OF Cole Carrigg P Hunter Brown P Kyle Harrison SS Nicky Lopez,,,
2906,5215319599,Dubbzz (4/20),0,34.9,1B Shohei Ohtani 2B Brice Turang 3B David Hamilton C William Contreras OF Christian Yelich OF Kyle Tucker OF Jihwan Bae P Kyle Harrison P Mason Barnett SS Mookie Betts,,,
2907,5215253503,Grandhope (1/2),0,34.600002,1B Jake Burger 2B Jose Altuve 3B Zack Gelof C James McCann OF Shohei Ohtani OF Yordan Alvarez OF Wade Meckler P Walker Buehler P Kyle Harrison SS Nicky Lopez,,,
2907,5215716554,SaucyJack1001 (9/9),0,34.600002,1B Ty France 2B Ildemaro Vargas 3B Nick Loftin C Carter Jensen OF Yordan Alvarez OF Jung Hoo Lee OF Victor Bericoto P Walker Buehler P Kyle Harrison SS Jeremy Pena,,,
2909,5215054473,ttillie (17/20),0,34.25,1B Freddie Freeman 2B Jeff McNeil 3B Max Muncy C Gabriel Moreno OF Lars Nootbaar OF Tim Tawa OF Wyatt Langford P Cody Bradford P Kyle Harrison SS Corey Seager,,,
2909,5215370185,brockstar5 (12/20),0,34.25,1B Christian Walker 2B Jose Altuve 3B Isaac Paredes C Gabriel Moreno OF Alex Call OF Lars Nootbaar OF Corbin Carroll P Cody Bradford P Kyle Harrison SS Jeremy Pena,,,
2911,5215029969,az350z (17/20),0,34.15,1B Christian Walker 2B Brice Turang 3B David Hamilton C Yainer Diaz OF Alex Call OF Daulton Varsho OF Cam Smith P Hunter Brown P Kyle Harrison SS Jeremy Pena,,,
2911,5215310945,Mrboozer,0,34.15,1B Jake Burger 2B Tommy Edman 3B Isaac Paredes C Moises Ballesteros OF Brandon Nimmo OF Yordan Alvarez OF Daulton Varsho P Hunter Brown P Kyle Harrison SS Ezequiel Tovar,,,
2913,5215711532,RyderCup616 (1/2),0,34,1B Jake Bauers 2B Jeff McNeil 3B Ezequiel Duran C Jonah Heim OF Christian Yelich OF Brandon Nimmo OF Cedric Mullins P Cody Bradford P Hunter Brown SS Corey Seager,,,
2914,5215513552,Klangman,0,33.25,1B Ty France 2B Jeff McNeil 3B Zack Gelof C James McCann OF Shohei Ohtani OF Jackson Chourio OF Chandler Simpson P Cody Bradford P Kyle Harrison SS Ezequiel Tovar,,,
2915,5215648115,Hoily (5/20),0,33.2,1B Jake Bauers 2B Brice Turang 3B Connor Norby C Gabriel Moreno OF Christian Yelich OF Garrett Mitchell OF Jackson Chourio P Kyle Harrison P Mitch Bratt SS Ezequiel Tovar,,,
2915,5215648116,Hoily (6/20),0,33.2,1B Jake Bauers 2B Brice Turang 3B Connor Norby C Gabriel Moreno OF Christian Yelich OF Garrett Mitchell OF Jackson Chourio P Kyle Harrison P Mitch Bratt SS Ezequiel Tovar,,,
2915,5215648117,Hoily (7/20),0,33.2,1B Jake Bauers 2B Brice Turang 3B Connor Norby C Gabriel Moreno OF Christian Yelich OF Garrett Mitchell OF Jackson Chourio P Kyle Harrison P Mitch Bratt SS Ezequiel Tovar,,,
2915,5215648118,Hoily (8/20),0,33.2,1B Jake Bauers 2B Brice Turang 3B Connor Norby C Gabriel Moreno OF Christian Yelich OF Garrett Mitchell OF Jackson Chourio P Kyle Harrison P Mitch Bratt SS Ezequiel Tovar,,,
2919,5215621057,Makin-A-Run (19/20),0,33.15,1B Jake Burger 2B Brice Turang 3B Isaac Paredes C Austin Wynns OF Brandon Nimmo OF Evan Carter OF Chandler Simpson P Hunter Brown P Kyle Harrison SS Corey Seager,,,
2920,5215702839,APot30 (9/20),0,33,1B Christian Walker 2B Jose Altuve 3B Isaac Paredes C Yainer Diaz OF Shohei Ohtani OF Lars Nootbaar OF Daulton Varsho P Cody Bradford P Hunter Brown SS Corey Seager,,,
2921,5215638025,Mouse4 (1/2),0,32.25,1B Jake Burger 2B Ildemaro Vargas 3B Isaac Paredes C Liam Hicks OF Shohei Ohtani OF Lars Nootbaar OF Luis Lara P Cody Bradford P Kyle Harrison SS Willy Adames,,,
2921,5215695753,Ship1992 (3/3),0,32.25,1B Rafael Devers 2B Osleivis Basabe 3B Isaac Paredes C Gabriel Moreno OF Kyle Tucker OF Lars Nootbaar OF Jackson Chourio P Cody Bradford P Kyle Harrison SS Jacob Wilson,,,
2923,5215404600,bunit1388 (1/3),0,32.2,1B Freddie Freeman 2B Jeff McNeil 3B Zack Gelof C Moises Ballesteros OF Christian Yelich OF Shohei Ohtani OF Chandler Simpson P Kyle Harrison P Mitch Bratt SS Jacob Wilson,,,
2924,5215678508,minfan77 (18/20),0,31.25,1B Jake Burger 2B Nicky Lopez 3B Junior Caminero C Austin Wynns OF Cedric Mullins OF Chandler Simpson OF Wyatt Langford P Cody Bradford P Kyle Harrison SS Corey Seager,,,
2925,5215116868,Ctracefan (9/20),0,31.2,1B Jeff McNeil 2B Tommy Edman 3B Zack Gelof C Gabriel Moreno OF Shohei Ohtani OF Jake McCarthy OF Henry Bolte P Kyle Harrison P Mitch Bratt SS Jacob Wilson,,,
2926,5214982194,Swishdakyng (2/20),0,31.150002,1B Jonathan Aranda 2B Richie Palacios 3B Isaac Paredes C Austin Wynns OF Shohei Ohtani OF Jose Siri OF Daulton Varsho P Hunter Brown P Kyle Harrison SS Corey Seager,,,
2926,5215384168,SIRNBT1 (2/3),0,31.150002,1B Jake Burger 2B Jose Altuve 3B Isaac Paredes C Hunter Goodman OF Jake Bauers OF Lars Nootbaar OF Cam Smith P Hunter Brown P Kyle Harrison SS Ezequiel Tovar,,,
2926,5215559666,ricktacular,0,31.150002,1B Nolan Schanuel 2B Jeff McNeil 3B Willi Castro C James McCann OF Yordan Alvarez OF Jackson Chourio OF Cam Smith P Hunter Brown P Kyle Harrison SS Ezequiel Tovar,,,
2929,5215591846,Buckeye-Ninja (1/5),0,31,1B Jake Burger 2B Ildemaro Vargas 3B Ezequiel Duran C James McCann OF Brandon Nimmo OF Mickey Moniak OF Wyatt Langford P Cody Bradford P Hunter Brown SS Corey Seager,,,
2930,5215686589,woodreb5 (17/20),0,30,1B Christian Walker 2B Jose Altuve 3B Isaac Paredes C James McCann OF Yordan Alvarez OF Lars Nootbaar OF Ryan Waldschmidt P Cody Bradford P Hunter Brown SS Jeremy Pena,,,
2931,5215695212,SnowAngel74 (5/20),0,29.5,1B Jake Bauers 2B Michael Massey 3B Nick Loftin C William Contreras OF Kyle Isbel OF Jihwan Bae OF Jackson Chourio P Michael Wacha P Kyle Harrison SS Bobby Witt Jr.,,,
2932,5215473572,filmcritic,0,29.25,1B Jake Bauers 2B Brice Turang 3B Nolan Arenado C James McCann OF Garrett Mitchell OF Jihwan Bae OF Jackson Chourio P Cody Bradford P Kyle Harrison SS Corey Seager,,,
2933,5215670493,striz2017 (5/5),0,29.2,1B Jake Bauers 2B Brice Turang 3B Nick Loftin C William Contreras OF Jake McCarthy OF Garrett Mitchell OF Jackson Chourio P Kyle Harrison P Mitch Bratt SS Nicky Lopez,,,
2934,5215457563,squatman2008 (6/6),0,29.150002,1B Jonathan Aranda 2B Brice Turang 3B Nick Loftin C Liam Hicks OF Jake Bauers OF Jihwan Bae OF Jordan Beck P Hunter Brown P Kyle Harrison SS Corey Seager,,,
2934,5215695752,Ship1992 (2/3),0,29.150002,1B Christian Walker 2B Willi Castro 3B Vaughn Grissom C Salvador Perez OF Jake Bauers OF Garrett Mitchell OF Cam Smith P Hunter Brown P Kyle Harrison SS Corey Seager,,,
2936,5215370188,brockstar5 (15/20),0,28.150002,1B Christian Walker 2B Jeff McNeil 3B Zack Gelof C Salvador Perez OF Brandon Nimmo OF Kyle Tucker OF Wyatt Langford P Hunter Brown P Kyle Harrison SS Corey Seager,,,
2937,5215396638,silencetheg (2/20),0,27.25,1B Christian Walker 2B Jose Altuve 3B Isaac Paredes C Liam Hicks OF Brandon Nimmo OF Cam Smith OF Wyatt Langford P Cody Bradford P Kyle Harrison SS Jeremy Pena,,,
2938,5215246774,soonerdallas (15/20),0,27.150002,1B Jake Bauers 2B Brice Turang 3B David Hamilton C William Contreras OF Jose Siri OF Lars Nootbaar OF Garrett Mitchell P Hunter Brown P Kyle Harrison SS Ezequiel Tovar,,,
2938,5215517168,richietenenbaum,0,27.150002,1B Jonathan Aranda 2B Jeff McNeil 3B Vaughn Grissom C Liam Hicks OF Brandon Nimmo OF Jose Siri OF Wyatt Langford P Hunter Brown P Kyle Harrison SS Corey Seager,,,
2940,5215222555,DrNickIsIn (15/20),0,26.150002,1B Ildemaro Vargas 2B Jose Altuve 3B Nolan Arenado C Yainer Diaz OF Lars Nootbaar OF Daulton Varsho OF Cam Smith P Hunter Brown P Kyle Harrison SS Jeremy Pena,,,
2941,5215471054,Lowgear51,0,25.150002,1B Christian Walker 2B Brice Turang 3B Isaac Paredes C William Contreras OF Jihwan Bae OF Jackson Chourio OF Cam Smith P Hunter Brown P Kyle Harrison SS Nicky Lopez,,,
2941,5215695209,SnowAngel74 (2/20),0,25.150002,1B Jake Bauers 2B Jose Altuve 3B Isaac Paredes C William Contreras OF Jihwan Bae OF Cam Smith OF Luis Lara P Hunter Brown P Kyle Harrison SS Jeremy Pena,,,
2943,5215014269,Reboot78 (19/20),0,22.25,1B Jake Burger 2B Brice Turang 3B Ezequiel Duran C Ben Rortvedt OF Brandon Nimmo OF Shohei Ohtani OF Evan Carter P Cody Bradford P Kyle Harrison SS Corey Seager,,,
2944,5215413417,pdaly1998,0,22.2,1B Shohei Ohtani 2B Tommy Edman 3B Ezequiel Duran C Jonah Heim OF Christian Yelich OF Luis Lara OF Ryan Waldschmidt P Kyle Harrison P Mitch Bratt SS Corey Seager,,,
2945,5215695208,SnowAngel74 (1/20),0,22.150002,1B Christian Walker 2B Brice Turang 3B David Hamilton C Yainer Diaz OF Christian Yelich OF Jihwan Bae OF Cam Smith P Hunter Brown P Kyle Harrison SS Jeremy Pena,,,
2946,5215498082,Jkataliaf44 (1/2),0,20.25,1B Christian Walker 2B Willi Castro 3B Ezequiel Duran C Jonah Heim OF Christian Yelich OF Brandon Nimmo OF Zack Gelof P Cody Bradford P Kyle Harrison SS Corey Seager,,,
2946,5215632573,Emac (5/20),0,20.25,1B Shohei Ohtani 2B Jeff McNeil 3B Ezequiel Duran C William Contreras OF Brandon Nimmo OF Evan Carter OF Wyatt Langford P Cody Bradford P Kyle Harrison SS Corey Seager,,,
2948,5215052100,SeanDre (17/20),0,20.150002,1B Jake Burger 2B Brice Turang 3B Vaughn Grissom C Austin Wynns OF Evan Carter OF Jackson Chourio OF Wyatt Langford P Hunter Brown P Kyle Harrison SS Nicky Lopez,,,
2948,5215222546,DrNickIsIn (6/20),0,20.150002,1B Christian Walker 2B Jose Altuve 3B Willi Castro C Austin Wynns OF Mickey Moniak OF Daulton Varsho OF Cam Smith P Hunter Brown P Kyle Harrison SS Jeremy Pena,,,
2948,5215222556,DrNickIsIn (16/20),0,20.150002,1B Jake Burger 2B Nicky Lopez 3B Ezequiel Duran C Moises Ballesteros OF Brandon Nimmo OF Kyle Tucker OF Mickey Moniak P Hunter Brown P Kyle Harrison SS Corey Seager,,,
2951,5215695216,SnowAngel74 (9/20),0,19.25,1B Jake Bauers 2B Brice Turang 3B David Hamilton C Austin Wynns OF Christian Yelich OF Evan Carter OF Jackson Chourio P Cody Bradford P Kyle Harrison SS Corey Seager,,,
2952,5215117898,Dominator-Seguin (8/20),0,18.650002,1B Christian Walker 2B Jose Altuve 3B Isaac Paredes C Yainer Diaz OF Jose Siri OF Yordan Alvarez OF Wyatt Langford P Hunter Brown P Mason Barnett SS Corey Seager,,,
2953,5215264797,cwthrow24 (18/20),0,18.25,1B Jake Burger 2B Michael Massey 3B Max Muncy C Austin Wynns OF Andy Pages OF Evan Carter OF Wyatt Langford P Cody Bradford P Kyle Harrison SS Corey Seager,,,
2954,5215042057,dkudii,0,17.25,1B Jonathan Aranda 2B Nicky Lopez 3B Nick Loftin C Gabriel Moreno OF Jake McCarthy OF Chandler Simpson OF Wyatt Langford P Cody Bradford P Kyle Harrison SS Jeremy Pena,,,
2954,5215321406,thinman2001 (2/2),0,17.25,1B Jake Bauers 2B Nicky Lopez 3B Ezequiel Duran C William Contreras OF Christian Yelich OF Brandon Nimmo OF Wyatt Langford P Cody Bradford P Kyle Harrison SS Corey Seager,,,
2956,5215360022,cachedinar (7/20),0,17.150002,1B Jake Burger 2B Oswald Peraza 3B Zack Gelof C Austin Wynns OF Brandon Nimmo OF Jake McCarthy OF Wyatt Langford P Hunter Brown P Kyle Harrison SS Corey Seager,,,
2957,5215381382,FunkyKong (4/20),0,15.249999,1B Christian Walker 2B Jose Altuve 3B Willi Castro C James McCann OF Yordan Alvarez OF Daulton Varsho OF Evan Carter P Cody Bradford P Kyle Harrison SS Jeremy Pena,,,
2957,5215674379,dillmaak2022 (4/20),0,15.249999,1B Christian Walker 2B Jose Altuve 3B Isaac Paredes C James McCann OF Shohei Ohtani OF Lars Nootbaar OF Daulton Varsho P Cody Bradford P Kyle Harrison SS Jeremy Pena,,,
2959,5215029959,az350z (7/20),0,13.900001,1B Freddie Freeman 2B Tommy Edman 3B Max Muncy C Ben Rortvedt OF Brandon Nimmo OF Kyle Tucker OF Wyatt Langford P Kyle Harrison P Mason Barnett SS Corey Seager,,,
2960,5215252282,Elecman14,0,0,,,,
2960,5215414182,adam-man,0,0,,,,
2960,5215417212,TwistPalace,0,0,,,,
2960,5215426701,Whoson1st66 (1/4),0,0,,,,
2960,5215426702,Whoson1st66 (2/4),0,0,,,,
2960,5215426703,Whoson1st66 (3/4),0,0,,,,
2960,5215426704,Whoson1st66 (4/4),0,0,,,,
2960,5215561401,managyjr,0,0,,,,
2960,5215670718,Deano4367,0,0,,,,
2960,5215674142,j1mjam13,0,0,,,,
2960,5215695222,SnowAngel74 (15/20),0,0,,,,
2960,5215695223,SnowAngel74 (16/20),0,0,,,,
2960,5215695224,SnowAngel74 (17/20),0,0,,,,
