Rank,EntryId,EntryName,TimeRemaining,Points,Lineup,,Player,Roster Position,%Drafted,FPTS
1,5211812853,Dybdahl21,0,162.45,1B Willson Contreras 2B Xavier Edwards 3B Caleb Durbin C Jonah Heim OF Tyler Soderstrom OF Henry Bolte OF Jahmai Jones P Chris Sale P Gerrit Cole SS Jacob Wilson,,Chris Sale,P,75.53%,19.3
1,5211832884,nycgator12,0,162.45,1B Kyle Stowers 2B Xavier Edwards 3B Caleb Durbin C Drake Baldwin OF Ronald Acuna Jr. OF Henry Bolte OF Jahmai Jones P Chris Sale P Gerrit Cole SS George Lombard Jr.,,Caleb Durbin,3B,73.59%,14
3,5211932212,prayel,0,160.5,1B Ben Rice 2B Xavier Edwards 3B Caleb Durbin C Austin Wells OF Mike Trout OF Tyler Soderstrom OF Jarren Duran P Gerrit Cole P Sandy Alcantara SS George Lombard Jr.,,Ceddanne Rafaela,OF,71.49%,3
3,5212042031,bassguy39,0,160.5,1B Ben Rice 2B Nick Sogard 3B Caleb Durbin C Brian Serven OF Ceddanne Rafaela OF Jarren Duran OF Jahmai Jones P Gerrit Cole P Sandy Alcantara SS George Lombard Jr.,,Sandy Alcantara,P,53.99%,33.35
5,5211906621,chelterbrand,0,156.65,1B Willson Contreras 2B Nick Sogard 3B Caleb Durbin C Drake Baldwin OF Tyler Soderstrom OF Jakob Marsee OF Jahmai Jones P Chris Sale P Sandy Alcantara SS Otto Lopez,,Andruw Monasterio,SS,49.79%,11
6,5212072723,rbird33,0,154.65,1B Willson Contreras 2B Xavier Edwards 3B Caleb Durbin C Jonah Heim OF Tyler Soderstrom OF Ceddanne Rafaela OF Jahmai Jones P Chris Sale P Sandy Alcantara SS Jacob Wilson,,Willson Contreras,1B,43.40%,3
6,5212258459,ptrquint,0,154.65,1B Willson Contreras 2B Xavier Edwards 3B Caleb Durbin C Jonah Heim OF Tyler Soderstrom OF Ceddanne Rafaela OF Jahmai Jones P Chris Sale P Sandy Alcantara SS Jacob Wilson,,Xavier Edwards,2B,42.05%,18
8,5211877622,nickenyon6,0,153.65,1B Matt Olson 2B Xavier Edwards 3B Caleb Durbin C Drake Baldwin OF Ronald Acuna Jr. OF Jakob Marsee OF Jahmai Jones P Chris Sale P Sandy Alcantara SS Andruw Monasterio,,Drake Baldwin,C,38.18%,3
8,5211905655,medicine,0,153.65,1B Matt Olson 2B Xavier Edwards 3B Caleb Durbin C Drake Baldwin OF Ronald Acuna Jr. OF Jakob Marsee OF Jahmai Jones P Chris Sale P Sandy Alcantara SS Andruw Monasterio,,Ronald Acuna Jr.,OF,36.16%,14
10,5211909122,Tx-mac3,0,152.65,1B Willson Contreras 2B Xavier Edwards 3B Caleb Durbin C Jonah Heim OF Ceddanne Rafaela OF Jakob Marsee OF Jahmai Jones P Chris Sale P Sandy Alcantara SS Otto Lopez,,Jake Bennett,P,30.11%,8.6
11,5212211959,teddyruxpin6969,0,152.05,1B Nick Sogard 2B Xavier Edwards 3B Tommy White C Jonah Heim OF Tyler Soderstrom OF Michael Harris II OF Henry Bolte P Sandy Alcantara P Gage Jump SS Jacob Wilson,,Michael Harris II,OF,26.91%,3
12,5211931242,Tshep23,0,151.65,1B Willson Contreras 2B Xavier Edwards 3B Caleb Durbin C Jonah Heim OF Tyler Soderstrom OF Ceddanne Rafaela OF Jahmai Jones P Chris Sale P Sandy Alcantara SS Andruw Monasterio,,Jahmai Jones,OF,25.23%,27
12,5212077234,sdot2350,0,151.65,1B Willson Contreras 2B Xavier Edwards 3B Caleb Durbin C Jonah Heim OF Tyler Soderstrom OF Ceddanne Rafaela OF Jahmai Jones P Chris Sale P Sandy Alcantara SS Andruw Monasterio,,Ozzie Albies,2B,24.64%,5
12,5212189947,wersel,0,151.65,1B Willson Contreras 2B Xavier Edwards 3B Caleb Durbin C Jonah Heim OF Tyler Soderstrom OF Ceddanne Rafaela OF Jahmai Jones P Chris Sale P Sandy Alcantara SS Andruw Monasterio,,Jarren Duran,OF,22.46%,0
15,5212103957,seahawks4444,0,151.5,1B Kyle Stowers 2B Xavier Edwards 3B Caleb Durbin C Jonah Heim OF Tyler Soderstrom OF Ceddanne Rafaela OF Jakob Marsee P Gerrit Cole P Sandy Alcantara SS Otto Lopez,,Nick Sogard,2B,21.61%,13
16,5211998167,Matt_42,0,150.5,1B Nick Sogard 2B Xavier Edwards 3B Caleb Durbin C Jonah Heim OF Ronald Acuna Jr. OF Ceddanne Rafaela OF Heriberto Hernandez P Gerrit Cole P Sandy Alcantara SS Andruw Monasterio,,Matt Olson,1B,21.53%,0
16,5212255901,poco1083,0,150.5,1B Ben Rice 2B Xavier Edwards 3B Amed Rosario C Jonah Heim OF Tyler Soderstrom OF Trent Grisham OF Jakob Marsee P Gerrit Cole P Sandy Alcantara SS Andruw Monasterio,,Gerrit Cole,P,20.77%,30.15
18,5211987686,i_48hater,0,149.65,1B Kyle Stowers 2B Xavier Edwards 3B Caleb Durbin C Brian Serven OF Ronald Acuna Jr. OF Tyler Soderstrom OF Henry Bolte P Chris Sale P Sandy Alcantara SS Jacob Wilson,,Jonah Heim,C,19.09%,7
19,5212145866,willthrill05,0,149.5,1B Willson Contreras 2B Nick Sogard 3B Caleb Durbin C Austin Wells OF Ronald Acuna Jr. OF Tyler Soderstrom OF Michael Harris II P Gerrit Cole P Sandy Alcantara SS Andruw Monasterio,,Otto Lopez,SS,18.84%,14
19,5212241973,southtexaspanic,0,149.5,1B Ben Rice 2B Xavier Edwards 3B Javier Sanoja C Jonah Heim OF Michael Harris II OF Heriberto Hernandez OF Jakob Marsee P Gerrit Cole P Sandy Alcantara SS Otto Lopez,,Kyle Stowers,1B,18.25%,2
19,5212272425,jakeupjohnson,0,149.5,1B Willson Contreras 2B Nick Sogard 3B Caleb Durbin C Austin Wells OF Ronald Acuna Jr. OF Tyler Soderstrom OF Ceddanne Rafaela P Gerrit Cole P Sandy Alcantara SS Andruw Monasterio,,Mike Trout,OF,18.00%,2
22,5211893368,Scottyj316,0,149.45,1B Willson Contreras 2B Xavier Edwards 3B Caleb Durbin C Jonah Heim OF Ceddanne Rafaela OF Henry Bolte OF Jahmai Jones P Chris Sale P Gerrit Cole SS Jacob Wilson,,Jakob Marsee,OF,17.75%,14
22,5212166823,dtrain4902,0,149.45,1B Willson Contreras 2B Xavier Edwards 3B Caleb Durbin C Jonah Heim OF Ceddanne Rafaela OF Jakob Marsee OF Jahmai Jones P Chris Sale P Gerrit Cole SS Jacob Wilson,,Tyler Soderstrom,OF,16.06%,16
24,5211391434,gators070,0,148.65,1B Kyle Stowers 2B Xavier Edwards 3B Caleb Durbin C Jonah Heim OF Ronald Acuna Jr. OF Ceddanne Rafaela OF Jahmai Jones P Chris Sale P Sandy Alcantara SS Andruw Monasterio,,Walbert Urena,P,14.38%,-2.95
24,5211550139,BigBlue74,0,148.65,1B Willson Contreras 2B Xavier Edwards 3B Caleb Durbin C Drake Baldwin OF Michael Harris II OF Jakob Marsee OF Jahmai Jones P Chris Sale P Sandy Alcantara SS Otto Lopez,,Connor Wong,C,13.96%,0
26,5212013870,kingjack3,0,148.5,1B Ben Rice 2B Ozzie Albies 3B Caleb Durbin C Austin Wells OF Wilyer Abreu OF Tyler Soderstrom OF Ceddanne Rafaela P Gerrit Cole P Sandy Alcantara SS George Lombard Jr.,,Joe Mack,C,13.88%,0
26,5212079957,dada2188,0,148.5,1B Kyle Stowers 2B Xavier Edwards 3B Caleb Durbin C Jonah Heim OF Tyler Soderstrom OF Ceddanne Rafaela OF Henry Bolte P Gerrit Cole P Sandy Alcantara SS Andruw Monasterio,,Henry Bolte,OF,12.78%,14
28,5211922975,rybutts13,0,148.45,1B Kyle Stowers 2B Xavier Edwards 3B Caleb Durbin C Jonah Heim OF Tyler Soderstrom OF Henry Bolte OF Lawrence Butler P Chris Sale P Gerrit Cole SS Jacob Wilson,,Jacob Wilson,SS,10.09%,14
28,5212067014,texasfrog90,0,148.45,1B Kyle Stowers 2B Xavier Edwards 3B Caleb Durbin C Jonah Heim OF Ceddanne Rafaela OF Jakob Marsee OF Jahmai Jones P Chris Sale P Gerrit Cole SS Otto Lopez,,Zach Neto,SS,8.58%,0
30,5211903329,soxf4n,0,147.65,1B Willson Contreras 2B Xavier Edwards 3B Caleb Durbin C Drake Baldwin OF Ronald Acuna Jr. OF Eli White OF Jahmai Jones P Chris Sale P Sandy Alcantara SS Jacob Wilson,,Austin Riley,3B,8.49%,3
30,5212037421,DodgeStratus,0,147.65,1B Willson Contreras 2B Nick Sogard 3B Caleb Durbin C Jonah Heim OF Ronald Acuna Jr. OF Ceddanne Rafaela OF Jahmai Jones P Chris Sale P Sandy Alcantara SS Jacob Wilson,,Griffin Conine,OF,7.32%,8
30,5212074791,ursteppapi,0,147.65,1B Willson Contreras 2B Nick Sogard 3B Caleb Durbin C Jonah Heim OF Ronald Acuna Jr. OF Ceddanne Rafaela OF Jahmai Jones P Chris Sale P Sandy Alcantara SS Jacob Wilson,,Heriberto Hernandez,OF,6.98%,7
33,5211842149,profhit,0,147.5,1B Willson Contreras 2B Xavier Edwards 3B Caleb Durbin C Jonah Heim OF Ceddanne Rafaela OF Henry Bolte OF Jakob Marsee P Gerrit Cole P Sandy Alcantara SS Andruw Monasterio,,Vaughn Grissom,2B,6.81%,0
34,5212197689,Checkmyballs47,0,147.45,1B Kyle Stowers 2B Xavier Edwards 3B Caleb Durbin C Jonah Heim OF Tyler Soderstrom OF Ceddanne Rafaela OF Jahmai Jones P Chris Sale P Gerrit Cole SS Andruw Monasterio,,Eli White,OF,6.14%,2
34,5212210192,Troha77,0,147.45,1B Kyle Stowers 2B Xavier Edwards 3B Caleb Durbin C Jonah Heim OF Tyler Soderstrom OF Ceddanne Rafaela OF Jahmai Jones P Chris Sale P Gerrit Cole SS Andruw Monasterio,,Heliot Ramos,OF,5.55%,0
36,5211945815,raskelson,0,146.5,1B Ben Rice 2B Xavier Edwards 3B Caleb Durbin C Joe Mack OF Tyler Soderstrom OF Ceddanne Rafaela OF Heriberto Hernandez P Gerrit Cole P Sandy Alcantara SS Andruw Monasterio,,Moises Ballesteros,C,5.21%,0
37,5211617788,JimmyWhitt,0,146.45,1B Willson Contreras 2B Xavier Edwards 3B Caleb Durbin C Jonah Heim OF Ceddanne Rafaela OF Jakob Marsee OF Jahmai Jones P Chris Sale P Gerrit Cole SS Andruw Monasterio,,Nolan Schanuel,1B,5.05%,3
37,5211684866,jordanh415,0,146.45,1B Willson Contreras 2B Xavier Edwards 3B Caleb Durbin C Jonah Heim OF Ceddanne Rafaela OF Jakob Marsee OF Jahmai Jones P Chris Sale P Gerrit Cole SS Andruw Monasterio,,Wade Meckler,OF,4.96%,8
37,5211729949,Max4Play,0,146.45,1B Willson Contreras 2B Xavier Edwards 3B Caleb Durbin C Jonah Heim OF Ceddanne Rafaela OF Jakob Marsee OF Jahmai Jones P Chris Sale P Gerrit Cole SS Andruw Monasterio,,George Lombard Jr.,SS,4.88%,21
37,5211792062,Midwest5,0,146.45,1B Willson Contreras 2B Xavier Edwards 3B Caleb Durbin C Jonah Heim OF Ceddanne Rafaela OF Jakob Marsee OF Jahmai Jones P Chris Sale P Gerrit Cole SS Andruw Monasterio,,Gage Jump,P,4.71%,30.7
37,5211816508,Falcons8er,0,146.45,1B Willson Contreras 2B Xavier Edwards 3B Caleb Durbin C Jonah Heim OF Ceddanne Rafaela OF Jakob Marsee OF Jahmai Jones P Chris Sale P Gerrit Cole SS Andruw Monasterio,,Mauricio Dubon,SS,4.54%,7
37,5211818163,missintrubisky,0,146.45,1B Willson Contreras 2B Xavier Edwards 3B Caleb Durbin C Jonah Heim OF Ceddanne Rafaela OF Jakob Marsee OF Jahmai Jones P Chris Sale P Gerrit Cole SS Andruw Monasterio,,Ben Rice,1B,4.37%,14
37,5211829118,JRaab,0,146.45,1B Willson Contreras 2B Xavier Edwards 3B Caleb Durbin C Jonah Heim OF Ceddanne Rafaela OF Jakob Marsee OF Jahmai Jones P Chris Sale P Gerrit Cole SS Andruw Monasterio,,Brian Serven,C,4.21%,5
37,5211834110,Darkwarriors75,0,146.45,1B Willson Contreras 2B Xavier Edwards 3B Caleb Durbin C Jonah Heim OF Ceddanne Rafaela OF Jakob Marsee OF Jahmai Jones P Chris Sale P Gerrit Cole SS Andruw Monasterio,,Nick Sogard,1B,4.12%,13
37,5211900146,okgac15,0,146.45,1B Willson Contreras 2B Xavier Edwards 3B Caleb Durbin C Jonah Heim OF Ceddanne Rafaela OF Jakob Marsee OF Jahmai Jones P Chris Sale P Gerrit Cole SS Andruw Monasterio,,Tommy White,3B,3.95%,3
37,5211905781,mike34771,0,146.45,1B Willson Contreras 2B Xavier Edwards 3B Caleb Durbin C Jonah Heim OF Ceddanne Rafaela OF Jakob Marsee OF Jahmai Jones P Chris Sale P Gerrit Cole SS Andruw Monasterio,,Wilyer Abreu,OF,3.95%,0
37,5211960232,Jwikoff2,0,146.45,1B Willson Contreras 2B Xavier Edwards 3B Caleb Durbin C Jonah Heim OF Ceddanne Rafaela OF Jakob Marsee OF Jahmai Jones P Chris Sale P Gerrit Cole SS Andruw Monasterio,,Mauricio Dubon,OF,3.78%,7
37,5212033870,rbcc13,0,146.45,1B Willson Contreras 2B Xavier Edwards 3B Caleb Durbin C Jonah Heim OF Ceddanne Rafaela OF Jakob Marsee OF Jahmai Jones P Chris Sale P Gerrit Cole SS Andruw Monasterio,,Javier Sanoja,3B,3.28%,9
37,5212034785,1965icecreamguy,0,146.45,1B Willson Contreras 2B Xavier Edwards 3B Caleb Durbin C Jonah Heim OF Ceddanne Rafaela OF Jakob Marsee OF Jahmai Jones P Chris Sale P Gerrit Cole SS Andruw Monasterio,,Austin Wells,C,3.20%,12
37,5212052953,cheesyflinstone,0,146.45,1B Willson Contreras 2B Xavier Edwards 3B Caleb Durbin C Jonah Heim OF Ceddanne Rafaela OF Jakob Marsee OF Jahmai Jones P Chris Sale P Gerrit Cole SS Andruw Monasterio,,Alika Williams,2B,3.20%,6
37,5212061140,robvaughan,0,146.45,1B Willson Contreras 2B Xavier Edwards 3B Caleb Durbin C Jonah Heim OF Ceddanne Rafaela OF Jakob Marsee OF Jahmai Jones P Chris Sale P Gerrit Cole SS Andruw Monasterio,,Max Muncy,3B,2.78%,0
37,5212118368,Dotzism,0,146.45,1B Willson Contreras 2B Xavier Edwards 3B Caleb Durbin C Jonah Heim OF Ceddanne Rafaela OF Jakob Marsee OF Jahmai Jones P Chris Sale P Gerrit Cole SS Andruw Monasterio,,Amed Rosario,3B,2.78%,0
37,5212138192,NathanSchnabel5,0,146.45,1B Willson Contreras 2B Xavier Edwards 3B Caleb Durbin C Jonah Heim OF Ceddanne Rafaela OF Jakob Marsee OF Jahmai Jones P Chris Sale P Gerrit Cole SS Andruw Monasterio,,Trent Grisham,OF,2.61%,7
37,5212229011,texan86mc,0,146.45,1B Willson Contreras 2B Xavier Edwards 3B Caleb Durbin C Jonah Heim OF Ceddanne Rafaela OF Jakob Marsee OF Jahmai Jones P Chris Sale P Gerrit Cole SS Andruw Monasterio,,Paul Goldschmidt,1B,2.44%,5
37,5212241335,texansl,0,146.45,1B Willson Contreras 2B Xavier Edwards 3B Caleb Durbin C Jonah Heim OF Ceddanne Rafaela OF Henry Bolte OF Jahmai Jones P Chris Sale P Gerrit Cole SS Andruw Monasterio,,Lawrence Butler,OF,2.27%,14
37,5212254067,rb53288,0,146.45,1B Willson Contreras 2B Xavier Edwards 3B Caleb Durbin C Jonah Heim OF Ceddanne Rafaela OF Jakob Marsee OF Jahmai Jones P Chris Sale P Gerrit Cole SS Andruw Monasterio,,Owen Caissie,OF,2.19%,5
37,5212288924,NukeCity,0,146.45,1B Willson Contreras 2B Xavier Edwards 3B Caleb Durbin C Jonah Heim OF Ceddanne Rafaela OF Jakob Marsee OF Jahmai Jones P Chris Sale P Gerrit Cole SS Andruw Monasterio,,Mike Yastrzemski,OF,2.10%,13
58,5211722617,chrissair,0,145.65,1B Willson Contreras 2B Xavier Edwards 3B Caleb Durbin C Drake Baldwin OF Ceddanne Rafaela OF Jakob Marsee OF Jahmai Jones P Chris Sale P Sandy Alcantara SS Andruw Monasterio,,Jose Caballero,3B,1.77%,7
58,5211768955,rajonrondough,0,145.65,1B Willson Contreras 2B Xavier Edwards 3B Caleb Durbin C Drake Baldwin OF Ceddanne Rafaela OF Jakob Marsee OF Jahmai Jones P Chris Sale P Sandy Alcantara SS Andruw Monasterio,,Vaughn Grissom,3B,1.77%,0
58,5211797076,slick300800,0,145.65,1B Willson Contreras 2B Xavier Edwards 3B Caleb Durbin C Drake Baldwin OF Ceddanne Rafaela OF Jakob Marsee OF Jahmai Jones P Chris Sale P Sandy Alcantara SS Andruw Monasterio,,Josh Lowe,OF,1.60%,2
58,5211837144,irish126,0,145.65,1B Willson Contreras 2B Xavier Edwards 3B Caleb Durbin C Drake Baldwin OF Ceddanne Rafaela OF Henry Bolte OF Jahmai Jones P Chris Sale P Sandy Alcantara SS Andruw Monasterio,,Spencer Jones,OF,1.18%,24
58,5211844921,welchy81,0,145.65,1B Willson Contreras 2B Xavier Edwards 3B Caleb Durbin C Connor Wong OF Ronald Acuna Jr. OF Ceddanne Rafaela OF Jahmai Jones P Chris Sale P Sandy Alcantara SS Jacob Wilson,,Denzer Guzman,3B,1.18%,3
58,5211914915,ra8erfan111,0,145.65,1B Willson Contreras 2B Xavier Edwards 3B Caleb Durbin C Drake Baldwin OF Ceddanne Rafaela OF Jakob Marsee OF Jahmai Jones P Chris Sale P Sandy Alcantara SS Andruw Monasterio,,Agustin Ramirez,C,1.01%,0
58,5211977470,KLeh22,0,145.65,1B Willson Contreras 2B Xavier Edwards 3B Caleb Durbin C Drake Baldwin OF Ceddanne Rafaela OF Henry Bolte OF Jahmai Jones P Chris Sale P Sandy Alcantara SS Andruw Monasterio,,Tyler Heineman,C,0.84%,3
58,5212020759,pgreen2015,0,145.65,1B Willson Contreras 2B Xavier Edwards 3B Caleb Durbin C Drake Baldwin OF Ceddanne Rafaela OF Jakob Marsee OF Jahmai Jones P Chris Sale P Sandy Alcantara SS Andruw Monasterio,,Jim Jarvis,SS,0.76%,5
58,5212023041,mwr2001,0,145.65,1B Willson Contreras 2B Xavier Edwards 3B Caleb Durbin C Drake Baldwin OF Ceddanne Rafaela OF Jakob Marsee OF Jahmai Jones P Chris Sale P Sandy Alcantara SS Andruw Monasterio,,Anthony Seigler,2B,0.76%,0
58,5212030122,mikecapp12,0,145.65,1B Willson Contreras 2B Xavier Edwards 3B Caleb Durbin C Drake Baldwin OF Ceddanne Rafaela OF Henry Bolte OF Jahmai Jones P Chris Sale P Sandy Alcantara SS Andruw Monasterio,,Javier Sanoja,OF,0.76%,9
58,5212045957,danblah25,0,145.65,1B Willson Contreras 2B Xavier Edwards 3B Caleb Durbin C Drake Baldwin OF Ceddanne Rafaela OF Henry Bolte OF Jahmai Jones P Chris Sale P Sandy Alcantara SS Andruw Monasterio,,Jazz Chisholm Jr.,2B,0.59%,0
58,5212071659,ARaven52,0,145.65,1B Willson Contreras 2B Xavier Edwards 3B Caleb Durbin C Connor Wong OF Ronald Acuna Jr. OF Ceddanne Rafaela OF Jahmai Jones P Chris Sale P Sandy Alcantara SS Otto Lopez,,Alika Williams,SS,0.42%,6
58,5212088000,aformb21,0,145.65,1B Willson Contreras 2B Xavier Edwards 3B Caleb Durbin C Drake Baldwin OF Ceddanne Rafaela OF Jakob Marsee OF Jahmai Jones P Chris Sale P Sandy Alcantara SS Andruw Monasterio,,Lane Thomas,OF,0.34%,0
58,5212088591,CashLineCriminal,0,145.65,1B Willson Contreras 2B Xavier Edwards 3B Caleb Durbin C Drake Baldwin OF Ceddanne Rafaela OF Jakob Marsee OF Jahmai Jones P Chris Sale P Sandy Alcantara SS Andruw Monasterio,,Luis Garcia Jr.,1B,0.34%,0
58,5212089109,thundernation44,0,145.65,1B Willson Contreras 2B Xavier Edwards 3B Caleb Durbin C Drake Baldwin OF Ceddanne Rafaela OF Jakob Marsee OF Jahmai Jones P Chris Sale P Sandy Alcantara SS Andruw Monasterio,,Esteury Ruiz,OF,0.25%,0
58,5212094360,Yappin01,0,145.65,1B Willson Contreras 2B Xavier Edwards 3B Caleb Durbin C Drake Baldwin OF Ceddanne Rafaela OF Jakob Marsee OF Jahmai Jones P Chris Sale P Sandy Alcantara SS Andruw Monasterio,,Jeff McNeil,1B,0.17%,9
58,5212106653,iamtheky,0,145.65,1B Willson Contreras 2B Xavier Edwards 3B Caleb Durbin C Drake Baldwin OF Ceddanne Rafaela OF Henry Bolte OF Jahmai Jones P Chris Sale P Sandy Alcantara SS Andruw Monasterio,,Ryan McMahon,3B,0.17%,0
58,5212126830,Jrake,0,145.65,1B Willson Contreras 2B Xavier Edwards 3B Caleb Durbin C Drake Baldwin OF Ceddanne Rafaela OF Jakob Marsee OF Jahmai Jones P Chris Sale P Sandy Alcantara SS Andruw Monasterio,,Jose Siri,OF,0.08%,0
58,5212156057,FHUSlater2000,0,145.65,1B Willson Contreras 2B Xavier Edwards 3B Caleb Durbin C Connor Wong OF Ronald Acuna Jr. OF Ceddanne Rafaela OF Jahmai Jones P Chris Sale P Sandy Alcantara SS Otto Lopez,,Anthony Volpe,SS,0.08%,0
58,5212159005,7Jaguar7Paw7,0,145.65,1B Willson Contreras 2B Xavier Edwards 3B Caleb Durbin C Connor Wong OF Ronald Acuna Jr. OF Ceddanne Rafaela OF Jahmai Jones P Chris Sale P Sandy Alcantara SS Otto Lopez,,Dominic Smith,OF,0.08%,5
58,5212159164,fimp77,0,145.65,1B Willson Contreras 2B Xavier Edwards 3B Caleb Durbin C Drake Baldwin OF Ceddanne Rafaela OF Jakob Marsee OF Jahmai Jones P Chris Sale P Sandy Alcantara SS Andruw Monasterio,,Oswald Peraza,2B,0.08%,0
58,5212197628,dcarle6869,0,145.65,1B Willson Contreras 2B Xavier Edwards 3B Caleb Durbin C Drake Baldwin OF Ceddanne Rafaela OF Jakob Marsee OF Jahmai Jones P Chris Sale P Sandy Alcantara SS Andruw Monasterio,,Cody Bellinger,OF,0.08%,0
58,5212245009,Gmeyer295,0,145.65,1B Willson Contreras 2B Xavier Edwards 3B Caleb Durbin C Drake Baldwin OF Ceddanne Rafaela OF Jakob Marsee OF Jahmai Jones P Chris Sale P Sandy Alcantara SS Andruw Monasterio,,Giancarlo Stanton,OF,0.08%,0
58,5212247671,bhucks83,0,145.65,1B Willson Contreras 2B Xavier Edwards 3B Caleb Durbin C Drake Baldwin OF Ceddanne Rafaela OF Jakob Marsee OF Jahmai Jones P Chris Sale P Sandy Alcantara SS Andruw Monasterio,,Jasson Dominguez,OF,0.08%,0
58,5212266222,jtsteam2012,0,145.65,1B Willson Contreras 2B Xavier Edwards 3B Caleb Durbin C Drake Baldwin OF Ceddanne Rafaela OF Jakob Marsee OF Jahmai Jones P Chris Sale P Sandy Alcantara SS Andruw Monasterio,,Travis d'Arnaud,C,0.08%,0
58,5212279707,Velllo,0,145.65,1B Willson Contreras 2B Xavier Edwards 3B Caleb Durbin C Connor Wong OF Ronald Acuna Jr. OF Ceddanne Rafaela OF Jahmai Jones P Chris Sale P Sandy Alcantara SS Jacob Wilson,,Jake Rogers,C,0.08%,0
84,5211926383,thundrenterprises,0,144.65,1B Kyle Stowers 2B Xavier Edwards 3B Caleb Durbin C Connor Wong OF Ceddanne Rafaela OF Jakob Marsee OF Jahmai Jones P Chris Sale P Sandy Alcantara SS Otto Lopez,,,
84,5212016492,R-E-L-A-X,0,144.65,1B Willson Contreras 2B Ozzie Albies 3B Caleb Durbin C Austin Wells OF Ronald Acuna Jr. OF Ceddanne Rafaela OF Jahmai Jones P Chris Sale P Sandy Alcantara SS Otto Lopez,,,
84,5212071484,shelbyrobin,0,144.65,1B Willson Contreras 2B Xavier Edwards 3B Caleb Durbin C Drake Baldwin OF Ceddanne Rafaela OF Michael Harris II OF Jahmai Jones P Chris Sale P Sandy Alcantara SS George Lombard Jr.,,,
84,5212144658,salatso22,0,144.65,1B Willson Contreras 2B Xavier Edwards 3B Caleb Durbin C Drake Baldwin OF Ronald Acuna Jr. OF Eli White OF Jahmai Jones P Chris Sale P Sandy Alcantara SS Andruw Monasterio,,,
84,5212225276,popimpin,0,144.65,1B Kyle Stowers 2B Xavier Edwards 3B Caleb Durbin C Jonah Heim OF Tyler Soderstrom OF Heriberto Hernandez OF Henry Bolte P Chris Sale P Sandy Alcantara SS Jacob Wilson,,,
84,5212241506,gdarb,0,144.65,1B Kyle Stowers 2B Xavier Edwards 3B Caleb Durbin C Drake Baldwin OF Ceddanne Rafaela OF Jakob Marsee OF Jahmai Jones P Chris Sale P Sandy Alcantara SS Andruw Monasterio,,,
90,5211634928,Roho,0,144.5,1B Willson Contreras 2B Nick Sogard 3B Caleb Durbin C Jonah Heim OF Tyler Soderstrom OF Ceddanne Rafaela OF Henry Bolte P Gerrit Cole P Sandy Alcantara SS Andruw Monasterio,,,
90,5212100866,AaronTheVillain,0,144.5,1B Willson Contreras 2B Nick Sogard 3B Caleb Durbin C Joe Mack OF Ceddanne Rafaela OF Trent Grisham OF Jahmai Jones P Gerrit Cole P Sandy Alcantara SS Otto Lopez,,,
90,5212196521,gmathews57,0,144.5,1B Kyle Stowers 2B Xavier Edwards 3B Caleb Durbin C Joe Mack OF Tyler Soderstrom OF Ceddanne Rafaela OF Jakob Marsee P Gerrit Cole P Sandy Alcantara SS Otto Lopez,,,
93,5212155360,shempdevil,0,144.05,1B Kyle Stowers 2B Xavier Edwards 3B Tommy White C Jonah Heim OF Henry Bolte OF Lawrence Butler OF Griffin Conine P Sandy Alcantara P Gage Jump SS Otto Lopez,,,
94,5212091856,JSB31,0,143.65,1B Kyle Stowers 2B Xavier Edwards 3B Caleb Durbin C Jonah Heim OF Ronald Acuna Jr. OF Jakob Marsee OF Griffin Conine P Chris Sale P Sandy Alcantara SS Otto Lopez,,,
95,5211835686,tonyt91,0,143.45,1B Kyle Stowers 2B Xavier Edwards 3B Caleb Durbin C Joe Mack OF Tyler Soderstrom OF Ceddanne Rafaela OF Jahmai Jones P Chris Sale P Gerrit Cole SS Otto Lopez,,,
95,5211865408,llmc,0,143.45,1B Kyle Stowers 2B Xavier Edwards 3B Caleb Durbin C Joe Mack OF Tyler Soderstrom OF Ceddanne Rafaela OF Jahmai Jones P Chris Sale P Gerrit Cole SS Otto Lopez,,,
97,5211790218,sharksbay99,0,142.65,1B Kyle Stowers 2B Nick Sogard 3B Caleb Durbin C Drake Baldwin OF Ceddanne Rafaela OF Henry Bolte OF Jahmai Jones P Chris Sale P Sandy Alcantara SS Jacob Wilson,,,
97,5211854138,coopsamuels,0,142.65,1B Willson Contreras 2B Xavier Edwards 3B Caleb Durbin C Joe Mack OF Ceddanne Rafaela OF Jakob Marsee OF Jahmai Jones P Chris Sale P Sandy Alcantara SS Andruw Monasterio,,,
97,5212194081,T2012,0,142.65,1B Willson Contreras 2B Xavier Edwards 3B Caleb Durbin C Joe Mack OF Ronald Acuna Jr. OF Ceddanne Rafaela OF Jahmai Jones P Chris Sale P Sandy Alcantara SS Andruw Monasterio,,,
97,5212233240,SnowGoon99,0,142.65,1B Nick Sogard 2B Ozzie Albies 3B Caleb Durbin C Drake Baldwin OF Ronald Acuna Jr. OF Ceddanne Rafaela OF Jahmai Jones P Chris Sale P Sandy Alcantara SS Andruw Monasterio,,,
97,5212256554,ssvinny,0,142.65,1B Willson Contreras 2B Nick Sogard 3B Caleb Durbin C Drake Baldwin OF Tyler Soderstrom OF Jarren Duran OF Jahmai Jones P Chris Sale P Sandy Alcantara SS Otto Lopez,,,
102,5211797727,AndrewCraig94,0,142.45,1B Willson Contreras 2B Xavier Edwards 3B Caleb Durbin C Connor Wong OF Ceddanne Rafaela OF Jakob Marsee OF Jahmai Jones P Chris Sale P Gerrit Cole SS Otto Lopez,,,
103,5211890276,mbrewer81,0,141.65,1B Kyle Stowers 2B Xavier Edwards 3B Caleb Durbin C Joe Mack OF Ceddanne Rafaela OF Jakob Marsee OF Jahmai Jones P Chris Sale P Sandy Alcantara SS Andruw Monasterio,,,
103,5212052681,ahawkins75,0,141.65,1B Willson Contreras 2B Xavier Edwards 3B Caleb Durbin C Austin Wells OF Ronald Acuna Jr. OF Ceddanne Rafaela OF Henry Bolte P Chris Sale P Sandy Alcantara SS Andruw Monasterio,,,
103,5212111025,SpeedRacer101,0,141.65,1B Willson Contreras 2B Xavier Edwards 3B Tommy White C Jonah Heim OF Tyler Soderstrom OF Henry Bolte OF Jakob Marsee P Chris Sale P Sandy Alcantara SS Jacob Wilson,,,
103,5212161692,marktins,0,141.65,1B Kyle Stowers 2B Xavier Edwards 3B Caleb Durbin C Joe Mack OF Ronald Acuna Jr. OF Ceddanne Rafaela OF Jahmai Jones P Chris Sale P Sandy Alcantara SS Andruw Monasterio,,,
107,5211888884,bcargerm,0,141.45,1B Willson Contreras 2B Xavier Edwards 3B Caleb Durbin C Joe Mack OF Tyler Soderstrom OF Ceddanne Rafaela OF Jahmai Jones P Chris Sale P Gerrit Cole SS Andruw Monasterio,,,
107,5212167482,Dr.Bendover,0,141.45,1B Willson Contreras 2B Xavier Edwards 3B Caleb Durbin C Connor Wong OF Mike Trout OF Jakob Marsee OF Jahmai Jones P Chris Sale P Gerrit Cole SS Otto Lopez,,,
107,5212191864,losdiaz1,0,141.45,1B Willson Contreras 2B Xavier Edwards 3B Javier Sanoja C Jonah Heim OF Ceddanne Rafaela OF Jakob Marsee OF Jahmai Jones P Chris Sale P Gerrit Cole SS Andruw Monasterio,,,
110,5212184119,Playforme,0,140.75,1B Ben Rice 2B Nick Sogard 3B Javier Sanoja C Austin Wells OF Ronald Acuna Jr. OF Mike Trout OF Spencer Jones P Gerrit Cole P Jake Bennett SS Otto Lopez,,,
111,5211896286,73pd2x,0,140.65,1B Willson Contreras 2B Xavier Edwards 3B Javier Sanoja C Joe Mack OF Ceddanne Rafaela OF Jakob Marsee OF Jahmai Jones P Chris Sale P Sandy Alcantara SS Otto Lopez,,,
111,5211977761,djames0981,0,140.65,1B Nick Sogard 2B Xavier Edwards 3B Caleb Durbin C Connor Wong OF Ronald Acuna Jr. OF Mike Trout OF Tyler Soderstrom P Chris Sale P Sandy Alcantara SS Andruw Monasterio,,,
111,5212162371,mbretecher,0,140.65,1B Kyle Stowers 2B Xavier Edwards 3B Caleb Durbin C Jonah Heim OF Tyler Soderstrom OF Ceddanne Rafaela OF Lawrence Butler P Chris Sale P Sandy Alcantara SS Jacob Wilson,,,
114,5212234853,dschaf,0,140.5,1B Willson Contreras 2B Ozzie Albies 3B Caleb Durbin C Drake Baldwin OF Ceddanne Rafaela OF Griffin Conine OF Jahmai Jones P Gerrit Cole P Sandy Alcantara SS Otto Lopez,,,
115,5211896197,mike_hunt69,0,139.65,1B Willson Contreras 2B Xavier Edwards 3B Caleb Durbin C Joe Mack OF Ronald Acuna Jr. OF Ceddanne Rafaela OF Henry Bolte P Chris Sale P Sandy Alcantara SS George Lombard Jr.,,,
115,5212148019,tuvilof,0,139.65,1B Willson Contreras 2B Xavier Edwards 3B Caleb Durbin C Drake Baldwin OF Ceddanne Rafaela OF Griffin Conine OF Jahmai Jones P Chris Sale P Sandy Alcantara SS Andruw Monasterio,,,
115,5212207914,crick1295,0,139.65,1B Willson Contreras 2B Ozzie Albies 3B Caleb Durbin C Jonah Heim OF Ceddanne Rafaela OF Jakob Marsee OF Jahmai Jones P Chris Sale P Sandy Alcantara SS Otto Lopez,,,
115,5212225011,BrokenNoser32,0,139.65,1B Kyle Stowers 2B Nick Sogard 3B Caleb Durbin C Drake Baldwin OF Ronald Acuna Jr. OF Ceddanne Rafaela OF Jahmai Jones P Chris Sale P Sandy Alcantara SS Andruw Monasterio,,,
119,5212240667,JOLO1970,0,139.5,1B Matt Olson 2B Xavier Edwards 3B Amed Rosario C Drake Baldwin OF Ronald Acuna Jr. OF Ceddanne Rafaela OF Jahmai Jones P Gerrit Cole P Sandy Alcantara SS Andruw Monasterio,,,
120,5211784179,gambleman,0,139.45,1B Willson Contreras 2B Xavier Edwards 3B Caleb Durbin C Jonah Heim OF Ceddanne Rafaela OF Heriberto Hernandez OF Jahmai Jones P Chris Sale P Gerrit Cole SS Andruw Monasterio,,,
120,5212114819,LionelHutz,0,139.45,1B Willson Contreras 2B Nick Sogard 3B Caleb Durbin C Moises Ballesteros OF Tyler Soderstrom OF Ceddanne Rafaela OF Jahmai Jones P Chris Sale P Gerrit Cole SS Jacob Wilson,,,
120,5212288209,Bazoinkles,0,139.45,1B Matt Olson 2B Xavier Edwards 3B Caleb Durbin C Tyler Heineman OF Ronald Acuna Jr. OF Ceddanne Rafaela OF Jahmai Jones P Chris Sale P Gerrit Cole SS Andruw Monasterio,,,
123,5212060414,OussyMoosy,0,139.05,1B Ben Rice 2B Xavier Edwards 3B Amed Rosario C Brian Serven OF Mike Trout OF Lawrence Butler OF Griffin Conine P Sandy Alcantara P Gage Jump SS Jacob Wilson,,,
124,5211991460,bigtop1399,0,138.65,1B Willson Contreras 2B Xavier Edwards 3B Amed Rosario C Jonah Heim OF Ronald Acuna Jr. OF Ceddanne Rafaela OF Jahmai Jones P Chris Sale P Sandy Alcantara SS Jacob Wilson,,,
124,5212048002,tommytdv41,0,138.65,1B Kyle Stowers 2B Xavier Edwards 3B Tommy White C Brian Serven OF Ronald Acuna Jr. OF Tyler Soderstrom OF Henry Bolte P Chris Sale P Sandy Alcantara SS Jacob Wilson,,,
124,5212243158,Colin1006,0,138.65,1B Willson Contreras 2B Xavier Edwards 3B Caleb Durbin C Jonah Heim OF Ceddanne Rafaela OF Michael Harris II OF Jahmai Jones P Chris Sale P Sandy Alcantara SS Andruw Monasterio,,,
124,5212251284,DirtyO37,0,138.65,1B Willson Contreras 2B Ozzie Albies 3B Caleb Durbin C Jonah Heim OF Tyler Soderstrom OF Ceddanne Rafaela OF Jahmai Jones P Chris Sale P Sandy Alcantara SS Andruw Monasterio,,,
124,5212252185,Jonnyrose,0,138.65,1B Willson Contreras 2B Xavier Edwards 3B Caleb Durbin C Jonah Heim OF Ceddanne Rafaela OF Jarren Duran OF Jahmai Jones P Chris Sale P Sandy Alcantara SS Otto Lopez,,,
129,5212065623,bronxbs,0,138.5,1B Paul Goldschmidt 2B Xavier Edwards 3B Caleb Durbin C Jonah Heim OF Ronald Acuna Jr. OF Ceddanne Rafaela OF Heliot Ramos P Gerrit Cole P Sandy Alcantara SS Jacob Wilson,,,
129,5212125356,jackball222,0,138.5,1B Willson Contreras 2B Xavier Edwards 3B Caleb Durbin C Joe Mack OF Tyler Soderstrom OF Ceddanne Rafaela OF Heliot Ramos P Gerrit Cole P Sandy Alcantara SS George Lombard Jr.,,,
131,5211960948,chuckface8,0,137.95,1B Willson Contreras 2B Xavier Edwards 3B Caleb Durbin C Drake Baldwin OF Ronald Acuna Jr. OF Ceddanne Rafaela OF Jahmai Jones P Sandy Alcantara P Jake Bennett SS Otto Lopez,,,
132,5212178329,dmminetti,0,137.85,1B Willson Contreras 2B Xavier Edwards 3B Amed Rosario C Austin Wells OF Ronald Acuna Jr. OF Tyler Soderstrom OF Heliot Ramos P Gerrit Cole P Gage Jump SS Otto Lopez,,,
133,5211790558,Sam-I-Am,0,137.65,1B Willson Contreras 2B Xavier Edwards 3B Caleb Durbin C Jonah Heim OF Mike Trout OF Michael Harris II OF Jahmai Jones P Chris Sale P Sandy Alcantara SS Andruw Monasterio,,,
133,5211797760,The_Fast_Forester,0,137.65,1B Nick Sogard 2B Xavier Edwards 3B Caleb Durbin C Drake Baldwin OF Tyler Soderstrom OF Ceddanne Rafaela OF Heriberto Hernandez P Chris Sale P Sandy Alcantara SS Andruw Monasterio,,,
133,5211806075,bobbyrock,0,137.65,1B Paul Goldschmidt 2B Nick Sogard 3B Caleb Durbin C Joe Mack OF Ronald Acuna Jr. OF Mike Trout OF Tyler Soderstrom P Chris Sale P Sandy Alcantara SS George Lombard Jr.,,,
133,5211957239,Nealkid1,0,137.65,1B Kyle Stowers 2B Xavier Edwards 3B Caleb Durbin C Jonah Heim OF Tyler Soderstrom OF Ceddanne Rafaela OF Henry Bolte P Chris Sale P Sandy Alcantara SS Andruw Monasterio,,,
133,5211993674,buffdaddies,0,137.65,1B Matt Olson 2B Nick Sogard 3B Caleb Durbin C Drake Baldwin OF Ronald Acuna Jr. OF Michael Harris II OF Jahmai Jones P Chris Sale P Sandy Alcantara SS Andruw Monasterio,,,
133,5212208442,bjmcneill,0,137.65,1B Willson Contreras 2B Xavier Edwards 3B Austin Riley C Drake Baldwin OF Ceddanne Rafaela OF Jakob Marsee OF Jahmai Jones P Chris Sale P Sandy Alcantara SS Otto Lopez,,,
139,5211886895,charles52,0,137.5,1B Ben Rice 2B Xavier Edwards 3B Caleb Durbin C Jonah Heim OF Ronald Acuna Jr. OF Owen Caissie OF Eli White P Gerrit Cole P Sandy Alcantara SS Zach Neto,,,
139,5212070311,lunchbox11,0,137.5,1B Kyle Stowers 2B Xavier Edwards 3B Caleb Durbin C Jonah Heim OF Tyler Soderstrom OF Ceddanne Rafaela OF Jarren Duran P Gerrit Cole P Sandy Alcantara SS Jacob Wilson,,,
141,5212081494,NextSignal,0,137.45,1B Willson Contreras 2B Xavier Edwards 3B Caleb Durbin C Jonah Heim OF Ceddanne Rafaela OF Eli White OF Jahmai Jones P Chris Sale P Gerrit Cole SS Jacob Wilson,,,
142,5211865438,marky2513,0,137.05,1B Paul Goldschmidt 2B Xavier Edwards 3B Tommy White C Drake Baldwin OF Ronald Acuna Jr. OF Lawrence Butler OF Eli White P Sandy Alcantara P Gage Jump SS Jacob Wilson,,,
143,5211506972,blitzburgh07,0,136.65,1B Nick Sogard 2B Xavier Edwards 3B Caleb Durbin C Drake Baldwin OF Ronald Acuna Jr. OF Ceddanne Rafaela OF Wade Meckler P Chris Sale P Sandy Alcantara SS Andruw Monasterio,,,
143,5211675524,dpike0410,0,136.65,1B Matt Olson 2B Xavier Edwards 3B Caleb Durbin C Drake Baldwin OF Ronald Acuna Jr. OF Michael Harris II OF Jahmai Jones P Chris Sale P Sandy Alcantara SS Jim Jarvis,,,
143,5211738031,Schoey17,0,136.65,1B Willson Contreras 2B Ozzie Albies 3B Caleb Durbin C Jonah Heim OF Ceddanne Rafaela OF Lawrence Butler OF Jahmai Jones P Chris Sale P Sandy Alcantara SS Andruw Monasterio,,,
143,5211747413,moramich,0,136.65,1B Willson Contreras 2B Ozzie Albies 3B Caleb Durbin C Drake Baldwin OF Ronald Acuna Jr. OF Mauricio Dubon OF Jahmai Jones P Chris Sale P Sandy Alcantara SS Andruw Monasterio,,,
143,5211833923,bkfitzg,0,136.65,1B Kyle Stowers 2B Xavier Edwards 3B Caleb Durbin C Drake Baldwin OF Ceddanne Rafaela OF Michael Harris II OF Jahmai Jones P Chris Sale P Sandy Alcantara SS Otto Lopez,,,
143,5211863524,krisnegus,0,136.65,1B Willson Contreras 2B Ozzie Albies 3B Caleb Durbin C Drake Baldwin OF Ronald Acuna Jr. OF Mauricio Dubon OF Jahmai Jones P Chris Sale P Sandy Alcantara SS Andruw Monasterio,,,
143,5211934335,RTSV5,0,136.65,1B Willson Contreras 2B Xavier Edwards 3B Javier Sanoja C Jonah Heim OF Ceddanne Rafaela OF Michael Harris II OF Jahmai Jones P Chris Sale P Sandy Alcantara SS Otto Lopez,,,
143,5211980435,Squizzle,0,136.65,1B Willson Contreras 2B Nick Sogard 3B Caleb Durbin C Drake Baldwin OF Ronald Acuna Jr. OF Ceddanne Rafaela OF Jahmai Jones P Chris Sale P Sandy Alcantara SS Mauricio Dubon,,,
143,5212183950,sboynton10,0,136.65,1B Matt Olson 2B Xavier Edwards 3B Tommy White C Brian Serven OF Ronald Acuna Jr. OF Tyler Soderstrom OF Henry Bolte P Chris Sale P Sandy Alcantara SS Jacob Wilson,,,
143,5212234277,dillmaak2022,0,136.65,1B Willson Contreras 2B Xavier Edwards 3B Caleb Durbin C Drake Baldwin OF Ceddanne Rafaela OF Eli White OF Jahmai Jones P Chris Sale P Sandy Alcantara SS Otto Lopez,,,
153,5212001233,watershed1,0,136.5,1B Willson Contreras 2B Xavier Edwards 3B Caleb Durbin C Jonah Heim OF Ceddanne Rafaela OF Heliot Ramos OF Jakob Marsee P Gerrit Cole P Sandy Alcantara SS Jacob Wilson,,,
154,5212109440,chuckkowal63,0,135.5,1B Kyle Stowers 2B Xavier Edwards 3B Caleb Durbin C Joe Mack OF Ronald Acuna Jr. OF Ceddanne Rafaela OF Heliot Ramos P Gerrit Cole P Sandy Alcantara SS George Lombard Jr.,,,
155,5211626508,shanew23,0,135.45,1B Kyle Stowers 2B Xavier Edwards 3B Tommy White C Jonah Heim OF Henry Bolte OF Jakob Marsee OF Lawrence Butler P Chris Sale P Gerrit Cole SS Jacob Wilson,,,
155,5211869048,lnl2win,0,135.45,1B Kyle Stowers 2B Xavier Edwards 3B Caleb Durbin C Brian Serven OF Tyler Soderstrom OF Ceddanne Rafaela OF Henry Bolte P Chris Sale P Gerrit Cole SS Jacob Wilson,,,
157,5212028171,kossss714,0,134.95,1B Matt Olson 2B Xavier Edwards 3B Caleb Durbin C Drake Baldwin OF Ronald Acuna Jr. OF Ceddanne Rafaela OF Jahmai Jones P Sandy Alcantara P Jake Bennett SS Otto Lopez,,,
158,5212199966,eisenjas,0,134.75,1B Ben Rice 2B Xavier Edwards 3B Jose Caballero C Austin Wells OF Heliot Ramos OF Heriberto Hernandez OF Spencer Jones P Gerrit Cole P Jake Bennett SS Otto Lopez,,,
159,5211977460,Adols9,0,134.65,1B Willson Contreras 2B Ozzie Albies 3B Caleb Durbin C Brian Serven OF Ronald Acuna Jr. OF Ceddanne Rafaela OF Jahmai Jones P Chris Sale P Sandy Alcantara SS Andruw Monasterio,,,
159,5212131460,texasnumbercruncher,0,134.65,1B Willson Contreras 2B Xavier Edwards 3B Tommy White C Connor Wong OF Tyler Soderstrom OF Henry Bolte OF Lawrence Butler P Chris Sale P Sandy Alcantara SS Jacob Wilson,,,
159,5212148085,JaredCenal123,0,134.65,1B Willson Contreras 2B Ozzie Albies 3B Caleb Durbin C Drake Baldwin OF Ronald Acuna Jr. OF Eli White OF Jahmai Jones P Chris Sale P Sandy Alcantara SS Jacob Wilson,,,
159,5212200708,seabie123,0,134.65,1B Matt Olson 2B Nick Sogard 3B Caleb Durbin C Drake Baldwin OF Ronald Acuna Jr. OF Jarren Duran OF Jahmai Jones P Chris Sale P Sandy Alcantara SS Andruw Monasterio,,,
159,5212261032,jakswild,0,134.65,1B Willson Contreras 2B Ozzie Albies 3B Caleb Durbin C Brian Serven OF Ronald Acuna Jr. OF Ceddanne Rafaela OF Jahmai Jones P Chris Sale P Sandy Alcantara SS Andruw Monasterio,,,
159,5212262550,JJFalcon,0,134.65,1B Kyle Stowers 2B Xavier Edwards 3B Caleb Durbin C Drake Baldwin OF Ceddanne Rafaela OF Henry Bolte OF Jakob Marsee P Chris Sale P Sandy Alcantara SS Jacob Wilson,,,
159,5212263962,domin8ters,0,134.65,1B Nick Sogard 2B Xavier Edwards 3B Caleb Durbin C Connor Wong OF Ceddanne Rafaela OF Lawrence Butler OF Javier Sanoja P Chris Sale P Sandy Alcantara SS Andruw Monasterio,,,
159,5212278367,jasonwithaj,0,134.65,1B Matt Olson 2B Nick Sogard 3B Caleb Durbin C Drake Baldwin OF Ronald Acuna Jr. OF Jarren Duran OF Jahmai Jones P Chris Sale P Sandy Alcantara SS Andruw Monasterio,,,
167,5211755559,A.Burgos930,0,134.5,1B Willson Contreras 2B Nick Sogard 3B Caleb Durbin C Connor Wong OF Trent Grisham OF Heliot Ramos OF Jahmai Jones P Gerrit Cole P Sandy Alcantara SS Jose Caballero,,,
168,5212001276,wlcjr1963,0,134.45,1B Kyle Stowers 2B Xavier Edwards 3B Caleb Durbin C Jonah Heim OF Ceddanne Rafaela OF Jakob Marsee OF Jahmai Jones P Chris Sale P Gerrit Cole SS Zach Neto,,,
168,5212138781,LunaticMonkey77,0,134.45,1B Kyle Stowers 2B Xavier Edwards 3B Max Muncy C Jonah Heim OF Tyler Soderstrom OF Henry Bolte OF Jakob Marsee P Chris Sale P Gerrit Cole SS Jacob Wilson,,,
170,5212189015,blaze8461,0,134.4,1B Ben Rice 2B Nick Sogard 3B Caleb Durbin C Austin Wells OF Ronald Acuna Jr. OF Wilyer Abreu OF Tyler Soderstrom P Walbert Urena P Sandy Alcantara SS George Lombard Jr.,,,
171,5212188766,DanAsh19,0,134.05,1B Ben Rice 2B Xavier Edwards 3B Amed Rosario C Drake Baldwin OF Mike Trout OF Tyler Soderstrom OF Michael Harris II P Sandy Alcantara P Gage Jump SS Jacob Wilson,,,
172,5211825903,BRAVO214,0,133.65,1B Willson Contreras 2B Alika Williams 3B Caleb Durbin C Drake Baldwin OF Ronald Acuna Jr. OF Ceddanne Rafaela OF Jahmai Jones P Chris Sale P Sandy Alcantara SS Andruw Monasterio,,,
172,5211876313,rmfeel,0,133.65,1B Willson Contreras 2B Alika Williams 3B Caleb Durbin C Drake Baldwin OF Ronald Acuna Jr. OF Ceddanne Rafaela OF Jahmai Jones P Chris Sale P Sandy Alcantara SS Andruw Monasterio,,,
172,5211927060,jeffs3454,0,133.65,1B Willson Contreras 2B Xavier Edwards 3B Caleb Durbin C Jonah Heim OF Ceddanne Rafaela OF Lawrence Butler OF Griffin Conine P Chris Sale P Sandy Alcantara SS Otto Lopez,,,
172,5211953941,Jeff_Walls,0,133.65,1B Willson Contreras 2B Alika Williams 3B Caleb Durbin C Drake Baldwin OF Ronald Acuna Jr. OF Ceddanne Rafaela OF Jahmai Jones P Chris Sale P Sandy Alcantara SS Andruw Monasterio,,,
172,5211959173,Shane2K,0,133.65,1B Willson Contreras 2B Alika Williams 3B Caleb Durbin C Drake Baldwin OF Ronald Acuna Jr. OF Ceddanne Rafaela OF Jahmai Jones P Chris Sale P Sandy Alcantara SS Andruw Monasterio,,,
172,5211978113,deansmith07,0,133.65,1B Willson Contreras 2B Nick Sogard 3B Caleb Durbin C Jonah Heim OF Tyler Soderstrom OF Jarren Duran OF Henry Bolte P Chris Sale P Sandy Alcantara SS Jacob Wilson,,,
172,5211996811,allfantasy42,0,133.65,1B Willson Contreras 2B Alika Williams 3B Caleb Durbin C Drake Baldwin OF Ronald Acuna Jr. OF Ceddanne Rafaela OF Jahmai Jones P Chris Sale P Sandy Alcantara SS Andruw Monasterio,,,
172,5212000141,smittay,0,133.65,1B Willson Contreras 2B Nick Sogard 3B Caleb Durbin C Jonah Heim OF Tyler Soderstrom OF Ceddanne Rafaela OF Henry Bolte P Chris Sale P Sandy Alcantara SS Andruw Monasterio,,,
172,5212016687,n8thgr8,0,133.65,1B Willson Contreras 2B Alika Williams 3B Caleb Durbin C Drake Baldwin OF Ronald Acuna Jr. OF Ceddanne Rafaela OF Jahmai Jones P Chris Sale P Sandy Alcantara SS Andruw Monasterio,,,
172,5212030364,jrow01,0,133.65,1B Willson Contreras 2B Nick Sogard 3B Caleb Durbin C Jonah Heim OF Tyler Soderstrom OF Ceddanne Rafaela OF Henry Bolte P Chris Sale P Sandy Alcantara SS Andruw Monasterio,,,
172,5212032208,dbjb,0,133.65,1B Willson Contreras 2B Xavier Edwards 3B Max Muncy C Drake Baldwin OF Tyler Soderstrom OF Ceddanne Rafaela OF Jahmai Jones P Chris Sale P Sandy Alcantara SS Andruw Monasterio,,,
172,5212043270,harryfox23,0,133.65,1B Matt Olson 2B Xavier Edwards 3B Caleb Durbin C Joe Mack OF Ronald Acuna Jr. OF Heriberto Hernandez OF Henry Bolte P Chris Sale P Sandy Alcantara SS Jacob Wilson,,,
172,5212072021,mikeyt-68,0,133.65,1B Matt Olson 2B Nick Sogard 3B Caleb Durbin C Drake Baldwin OF Ronald Acuna Jr. OF Michael Harris II OF Mike Yastrzemski P Chris Sale P Sandy Alcantara SS George Lombard Jr.,,,
172,5212094480,Tommy71,0,133.65,1B Willson Contreras 2B Nick Sogard 3B Caleb Durbin C Jonah Heim OF Tyler Soderstrom OF Ceddanne Rafaela OF Henry Bolte P Chris Sale P Sandy Alcantara SS Andruw Monasterio,,,
172,5212124354,ericmcq3121,0,133.65,1B Willson Contreras 2B Xavier Edwards 3B Caleb Durbin C Drake Baldwin OF Michael Harris II OF Eli White OF Jahmai Jones P Chris Sale P Sandy Alcantara SS Andruw Monasterio,,,
172,5212183699,Magic02506,0,133.65,1B Willson Contreras 2B Nick Sogard 3B Caleb Durbin C Jonah Heim OF Tyler Soderstrom OF Ceddanne Rafaela OF Henry Bolte P Chris Sale P Sandy Alcantara SS Andruw Monasterio,,,
172,5212220785,Millville27,0,133.65,1B Willson Contreras 2B Alika Williams 3B Caleb Durbin C Drake Baldwin OF Ronald Acuna Jr. OF Ceddanne Rafaela OF Jahmai Jones P Chris Sale P Sandy Alcantara SS Andruw Monasterio,,,
172,5212232311,chargercab,0,133.65,1B Willson Contreras 2B Nick Sogard 3B Caleb Durbin C Jonah Heim OF Tyler Soderstrom OF Ceddanne Rafaela OF Henry Bolte P Chris Sale P Sandy Alcantara SS Andruw Monasterio,,,
172,5212287518,luksza,0,133.65,1B Willson Contreras 2B Nick Sogard 3B Caleb Durbin C Jonah Heim OF Tyler Soderstrom OF Ceddanne Rafaela OF Henry Bolte P Chris Sale P Sandy Alcantara SS Andruw Monasterio,,,
191,5211977340,slipperywhendry,0,133.5,1B Willson Contreras 2B Xavier Edwards 3B Caleb Durbin C Jonah Heim OF Ceddanne Rafaela OF Jarren Duran OF Henry Bolte P Gerrit Cole P Sandy Alcantara SS Andruw Monasterio,,,
191,5212176987,ukawuba,0,133.5,1B Ben Rice 2B Nick Sogard 3B Caleb Durbin C Drake Baldwin OF Ceddanne Rafaela OF Jarren Duran OF Eli White P Gerrit Cole P Sandy Alcantara SS George Lombard Jr.,,,
193,5211872286,michaelvogt223,0,133.45,1B Nolan Schanuel 2B Xavier Edwards 3B Max Muncy C Drake Baldwin OF Tyler Soderstrom OF Ceddanne Rafaela OF Jahmai Jones P Chris Sale P Gerrit Cole SS Otto Lopez,,,
193,5212229730,ronniepetitt,0,133.45,1B Nolan Schanuel 2B Xavier Edwards 3B Vaughn Grissom C Jonah Heim OF Mike Trout OF Tyler Soderstrom OF Jahmai Jones P Chris Sale P Gerrit Cole SS Andruw Monasterio,,,
193,5212243143,blackbearded,0,133.45,1B Willson Contreras 2B Ozzie Albies 3B Caleb Durbin C Jonah Heim OF Ceddanne Rafaela OF Jakob Marsee OF Jahmai Jones P Chris Sale P Gerrit Cole SS Andruw Monasterio,,,
193,5212268234,jayjay062511,0,133.45,1B Willson Contreras 2B Ozzie Albies 3B Caleb Durbin C Jonah Heim OF Ceddanne Rafaela OF Henry Bolte OF Jahmai Jones P Chris Sale P Gerrit Cole SS Andruw Monasterio,,,
197,5211926754,MasterLaster,0,133.05,1B Matt Olson 2B Xavier Edwards 3B Austin Riley C Drake Baldwin OF Ronald Acuna Jr. OF Michael Harris II OF Henry Bolte P Sandy Alcantara P Gage Jump SS Otto Lopez,,,
198,5211910728,gwpsr,0,132.95,1B Paul Goldschmidt 2B Xavier Edwards 3B Caleb Durbin C Jonah Heim OF Ronald Acuna Jr. OF Tyler Soderstrom OF Ceddanne Rafaela P Sandy Alcantara P Jake Bennett SS Otto Lopez,,,
199,5211686784,BFreeman,0,132.65,1B Willson Contreras 2B Ozzie Albies 3B Caleb Durbin C Drake Baldwin OF Ceddanne Rafaela OF Jakob Marsee OF Jahmai Jones P Chris Sale P Sandy Alcantara SS Andruw Monasterio,,,
199,5211770240,peltifreeze89,0,132.65,1B Willson Contreras 2B Ozzie Albies 3B Caleb Durbin C Connor Wong OF Ceddanne Rafaela OF Henry Bolte OF Jahmai Jones P Chris Sale P Sandy Alcantara SS Jacob Wilson,,,
199,5212002497,madballnj,0,132.65,1B Willson Contreras 2B Ozzie Albies 3B Caleb Durbin C Drake Baldwin OF Ceddanne Rafaela OF Jakob Marsee OF Jahmai Jones P Chris Sale P Sandy Alcantara SS Andruw Monasterio,,,
199,5212035561,King_LTV,0,132.65,1B Willson Contreras 2B Xavier Edwards 3B Caleb Durbin C Austin Wells OF Tyler Soderstrom OF Ceddanne Rafaela OF Jarren Duran P Chris Sale P Sandy Alcantara SS Jacob Wilson,,,
199,5212041000,vinny1979,0,132.65,1B Kyle Stowers 2B Xavier Edwards 3B Caleb Durbin C Drake Baldwin OF Ceddanne Rafaela OF Eli White OF Jahmai Jones P Chris Sale P Sandy Alcantara SS Andruw Monasterio,,,
199,5212070160,AlphaDawg1,0,132.65,1B Willson Contreras 2B Ozzie Albies 3B Caleb Durbin C Drake Baldwin OF Ceddanne Rafaela OF Jakob Marsee OF Jahmai Jones P Chris Sale P Sandy Alcantara SS Andruw Monasterio,,,
199,5212089023,jellybread,0,132.65,1B Willson Contreras 2B Ozzie Albies 3B Caleb Durbin C Drake Baldwin OF Ceddanne Rafaela OF Jakob Marsee OF Jahmai Jones P Chris Sale P Sandy Alcantara SS Andruw Monasterio,,,
199,5212109303,doran,0,132.65,1B Willson Contreras 2B Ozzie Albies 3B Caleb Durbin C Drake Baldwin OF Ceddanne Rafaela OF Henry Bolte OF Jahmai Jones P Chris Sale P Sandy Alcantara SS Andruw Monasterio,,,
199,5212122298,DNation86,0,132.65,1B Willson Contreras 2B Ozzie Albies 3B Caleb Durbin C Drake Baldwin OF Ceddanne Rafaela OF Jakob Marsee OF Jahmai Jones P Chris Sale P Sandy Alcantara SS Andruw Monasterio,,,
199,5212164171,BleedORANGE,0,132.65,1B Willson Contreras 2B Nick Sogard 3B Caleb Durbin C Brian Serven OF Ronald Acuna Jr. OF Ceddanne Rafaela OF Jakob Marsee P Chris Sale P Sandy Alcantara SS Jacob Wilson,,,
199,5212167940,solobx1,0,132.65,1B Matt Olson 2B Xavier Edwards 3B Caleb Durbin C Jonah Heim OF Tyler Soderstrom OF Jarren Duran OF Jakob Marsee P Chris Sale P Sandy Alcantara SS Andruw Monasterio,,,
199,5212221091,sk4rr,0,132.65,1B Willson Contreras 2B Ozzie Albies 3B Caleb Durbin C Drake Baldwin OF Ceddanne Rafaela OF Jakob Marsee OF Jahmai Jones P Chris Sale P Sandy Alcantara SS Andruw Monasterio,,,
199,5212257838,brandonjbaker1992,0,132.65,1B Willson Contreras 2B Ozzie Albies 3B Caleb Durbin C Drake Baldwin OF Ceddanne Rafaela OF Jakob Marsee OF Jahmai Jones P Chris Sale P Sandy Alcantara SS Andruw Monasterio,,,
199,5212277025,Iceman501,0,132.65,1B Willson Contreras 2B Ozzie Albies 3B Caleb Durbin C Drake Baldwin OF Ceddanne Rafaela OF Henry Bolte OF Jahmai Jones P Chris Sale P Sandy Alcantara SS Andruw Monasterio,,,
213,5212189955,timmysweepsfox,0,132.5,1B Ben Rice 2B Alika Williams 3B Jose Caballero C Brian Serven OF Tyler Soderstrom OF Trent Grisham OF Heliot Ramos P Gerrit Cole P Sandy Alcantara SS Jacob Wilson,,,
214,5212006614,dodgerplayer89,0,132.45,1B Willson Contreras 2B Xavier Edwards 3B Caleb Durbin C Moises Ballesteros OF Mike Trout OF Griffin Conine OF Jahmai Jones P Chris Sale P Gerrit Cole SS Andruw Monasterio,,,
215,5212232715,JesusChristlovesDFS,0,132.05,1B Matt Olson 2B Xavier Edwards 3B Javier Sanoja C Drake Baldwin OF Ronald Acuna Jr. OF Michael Harris II OF Heriberto Hernandez P Sandy Alcantara P Gage Jump SS Otto Lopez,,,
216,5211720509,Keroppi613,0,131.65,1B Willson Contreras 2B Ozzie Albies 3B Caleb Durbin C Drake Baldwin OF Ronald Acuna Jr. OF Eli White OF Jahmai Jones P Chris Sale P Sandy Alcantara SS Andruw Monasterio,,,
216,5211751130,bluester111,0,131.65,1B Willson Contreras 2B Xavier Edwards 3B Caleb Durbin C Drake Baldwin OF Ceddanne Rafaela OF Heliot Ramos OF Jahmai Jones P Chris Sale P Sandy Alcantara SS Andruw Monasterio,,,
216,5211775335,mustafael,0,131.65,1B Willson Contreras 2B Ozzie Albies 3B Caleb Durbin C Drake Baldwin OF Ronald Acuna Jr. OF Eli White OF Jahmai Jones P Chris Sale P Sandy Alcantara SS Andruw Monasterio,,,
216,5211811819,Wanna_Square_Up1567,0,131.65,1B Kyle Stowers 2B Xavier Edwards 3B Javier Sanoja C Brian Serven OF Ronald Acuna Jr. OF Michael Harris II OF Jakob Marsee P Chris Sale P Sandy Alcantara SS Otto Lopez,,,
216,5211880944,stickyhandz,0,131.65,1B Nick Sogard 2B Xavier Edwards 3B Caleb Durbin C Jonah Heim OF Mike Trout OF Ceddanne Rafaela OF Griffin Conine P Chris Sale P Sandy Alcantara SS Otto Lopez,,,
216,5212096507,dlandau,0,131.65,1B Willson Contreras 2B Ozzie Albies 3B Caleb Durbin C Drake Baldwin OF Ronald Acuna Jr. OF Eli White OF Jahmai Jones P Chris Sale P Sandy Alcantara SS Andruw Monasterio,,,
216,5212273306,GSlam,0,131.65,1B Kyle Stowers 2B Xavier Edwards 3B Tommy White C Drake Baldwin OF Ronald Acuna Jr. OF Henry Bolte OF Jakob Marsee P Chris Sale P Sandy Alcantara SS Andruw Monasterio,,,
223,5212065293,Prazracing,0,131.5,1B Ben Rice 2B Xavier Edwards 3B Amed Rosario C Austin Wells OF Ceddanne Rafaela OF Trent Grisham OF Heliot Ramos P Gerrit Cole P Sandy Alcantara SS Otto Lopez,,,
224,5211910845,Leemanhack,0,130.65,1B Kyle Stowers 2B Xavier Edwards 3B Caleb Durbin C Drake Baldwin OF Ceddanne Rafaela OF Jarren Duran OF Jahmai Jones P Chris Sale P Sandy Alcantara SS Andruw Monasterio,,,
224,5211971720,porky78,0,130.65,1B Kyle Stowers 2B Nick Sogard 3B Caleb Durbin C Brian Serven OF Ronald Acuna Jr. OF Tyler Soderstrom OF Ceddanne Rafaela P Chris Sale P Sandy Alcantara SS Andruw Monasterio,,,
224,5212204135,dcousins989,0,130.65,1B Willson Contreras 2B Nick Sogard 3B Tommy White C Drake Baldwin OF Ronald Acuna Jr. OF Henry Bolte OF Lawrence Butler P Chris Sale P Sandy Alcantara SS Jacob Wilson,,,
227,5211879182,sixfootfive,0,130.5,1B Ben Rice 2B Xavier Edwards 3B Amed Rosario C Austin Wells OF Ronald Acuna Jr. OF Mike Trout OF Heliot Ramos P Gerrit Cole P Sandy Alcantara SS Jose Caballero,,,
227,5211987632,poochy16,0,130.5,1B Willson Contreras 2B Xavier Edwards 3B Caleb Durbin C Jonah Heim OF Ceddanne Rafaela OF Jarren Duran OF Griffin Conine P Gerrit Cole P Sandy Alcantara SS Otto Lopez,,,
227,5212147002,ericm210,0,130.5,1B Ben Rice 2B Nick Sogard 3B Caleb Durbin C Austin Wells OF Ceddanne Rafaela OF Heliot Ramos OF Jarren Duran P Gerrit Cole P Sandy Alcantara SS Andruw Monasterio,,,
227,5212263685,needlunchmoney,0,130.5,1B Ben Rice 2B Xavier Edwards 3B Amed Rosario C Jonah Heim OF Trent Grisham OF Heliot Ramos OF Henry Bolte P Gerrit Cole P Sandy Alcantara SS Jose Caballero,,,
231,5211995459,TXBeran,0,130.45,1B Willson Contreras 2B Nick Sogard 3B Caleb Durbin C Jonah Heim OF Ceddanne Rafaela OF Henry Bolte OF Jahmai Jones P Chris Sale P Gerrit Cole SS Zach Neto,,,
232,5211662046,Deepdrives,0,129.65,1B Matt Olson 2B Ozzie Albies 3B Caleb Durbin C Drake Baldwin OF Ceddanne Rafaela OF Henry Bolte OF Jahmai Jones P Chris Sale P Sandy Alcantara SS Andruw Monasterio,,,
232,5211690187,LOCNOTM,0,129.65,1B Willson Contreras 2B Ozzie Albies 3B Caleb Durbin C Connor Wong OF Ronald Acuna Jr. OF Michael Harris II OF Jahmai Jones P Chris Sale P Sandy Alcantara SS Andruw Monasterio,,,
232,5211758207,zaxattack,0,129.65,1B Willson Contreras 2B Ozzie Albies 3B Caleb Durbin C Joe Mack OF Ronald Acuna Jr. OF Ceddanne Rafaela OF Jahmai Jones P Chris Sale P Sandy Alcantara SS Andruw Monasterio,,,
232,5211911185,flapenguin,0,129.65,1B Willson Contreras 2B Xavier Edwards 3B Javier Sanoja C Connor Wong OF Tyler Soderstrom OF Ceddanne Rafaela OF Lawrence Butler P Chris Sale P Sandy Alcantara SS Otto Lopez,,,
232,5211980706,rsumrall,0,129.65,1B Willson Contreras 2B Ozzie Albies 3B Caleb Durbin C Connor Wong OF Ronald Acuna Jr. OF Michael Harris II OF Jahmai Jones P Chris Sale P Sandy Alcantara SS Andruw Monasterio,,,
232,5211998018,dbishop999,0,129.65,1B Willson Contreras 2B Ozzie Albies 3B Caleb Durbin C Joe Mack OF Ronald Acuna Jr. OF Ceddanne Rafaela OF Jahmai Jones P Chris Sale P Sandy Alcantara SS Andruw Monasterio,,,
232,5212122361,jargus,0,129.65,1B Willson Contreras 2B Ozzie Albies 3B Caleb Durbin C Joe Mack OF Ronald Acuna Jr. OF Ceddanne Rafaela OF Jahmai Jones P Chris Sale P Sandy Alcantara SS Andruw Monasterio,,,
232,5212139250,sh-13,0,129.65,1B Kyle Stowers 2B Xavier Edwards 3B Tommy White C Jonah Heim OF Tyler Soderstrom OF Ceddanne Rafaela OF Jakob Marsee P Chris Sale P Sandy Alcantara SS Otto Lopez,,,
232,5212144052,GameOnLetsGo,0,129.65,1B Willson Contreras 2B Nick Sogard 3B Caleb Durbin C Brian Serven OF Ronald Acuna Jr. OF Ceddanne Rafaela OF Lawrence Butler P Chris Sale P Sandy Alcantara SS Andruw Monasterio,,,
232,5212204188,fsufarmer2,0,129.65,1B Willson Contreras 2B Ozzie Albies 3B Caleb Durbin C Joe Mack OF Ronald Acuna Jr. OF Ceddanne Rafaela OF Jahmai Jones P Chris Sale P Sandy Alcantara SS Andruw Monasterio,,,
232,5212233638,jalworde,0,129.65,1B Ben Rice 2B Vaughn Grissom 3B Caleb Durbin C Jonah Heim OF Ceddanne Rafaela OF Jakob Marsee OF Lawrence Butler P Chris Sale P Sandy Alcantara SS Andruw Monasterio,,,
232,5212254102,NYGFan56,0,129.65,1B Willson Contreras 2B Alika Williams 3B Caleb Durbin C Jonah Heim OF Tyler Soderstrom OF Ceddanne Rafaela OF Henry Bolte P Chris Sale P Sandy Alcantara SS Jacob Wilson,,,
232,5212274716,Oscartino6,0,129.65,1B Matt Olson 2B Nick Sogard 3B Caleb Durbin C Drake Baldwin OF Henry Bolte OF Jakob Marsee OF Wade Meckler P Chris Sale P Sandy Alcantara SS Andruw Monasterio,,,
232,5212276205,bionicknee,0,129.65,1B Willson Contreras 2B Ozzie Albies 3B Caleb Durbin C Joe Mack OF Ceddanne Rafaela OF Jakob Marsee OF Jahmai Jones P Chris Sale P Sandy Alcantara SS Andruw Monasterio,,,
232,5212278876,MCLUNA1989,0,129.65,1B Willson Contreras 2B Xavier Edwards 3B Caleb Durbin C Austin Wells OF Tyler Soderstrom OF Ceddanne Rafaela OF Jarren Duran P Chris Sale P Sandy Alcantara SS Andruw Monasterio,,,
247,5211581809,ivymoose,0,129.5,1B Ben Rice 2B Nick Sogard 3B Caleb Durbin C Austin Wells OF Heliot Ramos OF Jarren Duran OF Eli White P Gerrit Cole P Sandy Alcantara SS Andruw Monasterio,,,
247,5212090733,Dperrin13,0,129.5,1B Paul Goldschmidt 2B Xavier Edwards 3B Ryan McMahon C Joe Mack OF Ronald Acuna Jr. OF Mike Trout OF Tyler Soderstrom P Gerrit Cole P Sandy Alcantara SS Andruw Monasterio,,,
247,5212244022,BuckeyeCity,0,129.5,1B Paul Goldschmidt 2B Nick Sogard 3B Amed Rosario C Connor Wong OF Ceddanne Rafaela OF Trent Grisham OF Jahmai Jones P Gerrit Cole P Sandy Alcantara SS Andruw Monasterio,,,
247,5212250509,TheoTruthDFS,0,129.5,1B Kyle Stowers 2B Nick Sogard 3B Javier Sanoja C Joe Mack OF Tyler Soderstrom OF Jakob Marsee OF Owen Caissie P Gerrit Cole P Sandy Alcantara SS Jose Caballero,,,
247,5212259856,BenFreed3,0,129.5,1B Kyle Stowers 2B Xavier Edwards 3B Tommy White C Brian Serven OF Ceddanne Rafaela OF Heriberto Hernandez OF Henry Bolte P Gerrit Cole P Sandy Alcantara SS Otto Lopez,,,
247,5212268230,DreamchaserJC,0,129.5,1B Willson Contreras 2B Xavier Edwards 3B Caleb Durbin C Connor Wong OF Ceddanne Rafaela OF Jarren Duran OF Jakob Marsee P Gerrit Cole P Sandy Alcantara SS Otto Lopez,,,
247,5212276189,5Dolans2020,0,129.5,1B Kyle Stowers 2B Xavier Edwards 3B Caleb Durbin C Connor Wong OF Ceddanne Rafaela OF Heriberto Hernandez OF Griffin Conine P Gerrit Cole P Sandy Alcantara SS Otto Lopez,,,
247,5212288145,cedric1017,0,129.5,1B Paul Goldschmidt 2B Xavier Edwards 3B Amed Rosario C Austin Wells OF Ceddanne Rafaela OF Heliot Ramos OF Heriberto Hernandez P Gerrit Cole P Sandy Alcantara SS George Lombard Jr.,,,
255,5211999845,kcroyalfan,0,129.45,1B Kyle Stowers 2B Xavier Edwards 3B Caleb Durbin C Brian Serven OF Ronald Acuna Jr. OF Ceddanne Rafaela OF Mike Yastrzemski P Chris Sale P Gerrit Cole SS Andruw Monasterio,,,
256,5211697067,adua711,0,128.65,1B Willson Contreras 2B Alika Williams 3B Caleb Durbin C Jonah Heim OF Ceddanne Rafaela OF Eli White OF Jahmai Jones P Chris Sale P Sandy Alcantara SS Jacob Wilson,,,
256,5211848752,Hallbsure37,0,128.65,1B Matt Olson 2B Ozzie Albies 3B Caleb Durbin C Drake Baldwin OF Ceddanne Rafaela OF Michael Harris II OF Jahmai Jones P Chris Sale P Sandy Alcantara SS George Lombard Jr.,,,
256,5211879925,NoThought,0,128.65,1B Matt Olson 2B Ozzie Albies 3B Tommy White C Drake Baldwin OF Ronald Acuna Jr. OF Michael Harris II OF Jahmai Jones P Chris Sale P Sandy Alcantara SS George Lombard Jr.,,,
256,5211996463,rmiller4444,0,128.65,1B Matt Olson 2B Ozzie Albies 3B Caleb Durbin C Drake Baldwin OF Ronald Acuna Jr. OF Eli White OF Jahmai Jones P Chris Sale P Sandy Alcantara SS Andruw Monasterio,,,
256,5212091791,GreatTabbarinos,0,128.65,1B Kyle Stowers 2B Nick Sogard 3B Caleb Durbin C Austin Wells OF Mike Trout OF Tyler Soderstrom OF Ceddanne Rafaela P Chris Sale P Sandy Alcantara SS Otto Lopez,,,
256,5212167030,adambomb33,0,128.65,1B Willson Contreras 2B Ozzie Albies 3B Caleb Durbin C Brian Serven OF Ronald Acuna Jr. OF Henry Bolte OF Mauricio Dubon P Chris Sale P Sandy Alcantara SS Otto Lopez,,,
256,5212201994,Mikekataja,0,128.65,1B Kyle Stowers 2B Xavier Edwards 3B Caleb Durbin C Drake Baldwin OF Ceddanne Rafaela OF Jakob Marsee OF Griffin Conine P Chris Sale P Sandy Alcantara SS Otto Lopez,,,
263,5211809563,sbrown111,0,128.5,1B Willson Contreras 2B Ozzie Albies 3B Amed Rosario C Moises Ballesteros OF Ronald Acuna Jr. OF Mike Trout OF Jahmai Jones P Gerrit Cole P Sandy Alcantara SS Otto Lopez,,,
264,5211790184,Dr.Satan666,0,128.45,1B Kyle Stowers 2B Xavier Edwards 3B Caleb Durbin C Joe Mack OF Ceddanne Rafaela OF Henry Bolte OF Jakob Marsee P Chris Sale P Gerrit Cole SS Otto Lopez,,,
264,5211835739,pinkandbrown44,0,128.45,1B Willson Contreras 2B Xavier Edwards 3B Caleb Durbin C Joe Mack OF Ceddanne Rafaela OF Jarren Duran OF Jahmai Jones P Chris Sale P Gerrit Cole SS Otto Lopez,,,
264,5212027296,redskins1001,0,128.45,1B Willson Contreras 2B Xavier Edwards 3B Caleb Durbin C Joe Mack OF Ceddanne Rafaela OF Jarren Duran OF Jahmai Jones P Chris Sale P Gerrit Cole SS Otto Lopez,,,
264,5212084393,Fedor73,0,128.45,1B Willson Contreras 2B Xavier Edwards 3B Caleb Durbin C Joe Mack OF Ceddanne Rafaela OF Jarren Duran OF Jahmai Jones P Chris Sale P Gerrit Cole SS Otto Lopez,,,
264,5212204119,MikeRod,0,128.45,1B Willson Contreras 2B Xavier Edwards 3B Caleb Durbin C Joe Mack OF Ceddanne Rafaela OF Jarren Duran OF Jahmai Jones P Chris Sale P Gerrit Cole SS Otto Lopez,,,
264,5212249403,givemesleeps,0,128.45,1B Willson Contreras 2B Xavier Edwards 3B Caleb Durbin C Joe Mack OF Ceddanne Rafaela OF Jarren Duran OF Jahmai Jones P Chris Sale P Gerrit Cole SS Otto Lopez,,,
264,5212255882,fuzzyturtle1,0,128.45,1B Willson Contreras 2B Ozzie Albies 3B Caleb Durbin C Connor Wong OF Tyler Soderstrom OF Henry Bolte OF Jahmai Jones P Chris Sale P Gerrit Cole SS Zach Neto,,,
271,5212264648,durkee3,0,127.95,1B Willson Contreras 2B Xavier Edwards 3B Caleb Durbin C Joe Mack OF Ceddanne Rafaela OF Heriberto Hernandez OF Jahmai Jones P Sandy Alcantara P Jake Bennett SS Otto Lopez,,,
272,5211816337,TeamOtis13,0,127.649994,1B Matt Olson 2B Ozzie Albies 3B Javier Sanoja C Drake Baldwin OF Michael Harris II OF Jakob Marsee OF Jahmai Jones P Chris Sale P Sandy Alcantara SS Otto Lopez,,,
272,5211954172,WharfRatz,0,127.649994,1B Kyle Stowers 2B Nick Sogard 3B Caleb Durbin C Drake Baldwin OF Mike Trout OF Ceddanne Rafaela OF Jahmai Jones P Chris Sale P Sandy Alcantara SS Andruw Monasterio,,,
272,5212224898,joanofarc66,0,127.649994,1B Nolan Schanuel 2B Nick Sogard 3B Caleb Durbin C Drake Baldwin OF Ronald Acuna Jr. OF Ceddanne Rafaela OF Jakob Marsee P Chris Sale P Sandy Alcantara SS Andruw Monasterio,,,
272,5212276532,Sonicboom45,0,127.649994,1B Willson Contreras 2B Nick Sogard 3B Caleb Durbin C Drake Baldwin OF Ceddanne Rafaela OF Henry Bolte OF Jakob Marsee P Chris Sale P Sandy Alcantara SS Andruw Monasterio,,,
276,5212122860,obcase,0,127.5,1B Kyle Stowers 2B Nick Sogard 3B Caleb Durbin C Jonah Heim OF Ronald Acuna Jr. OF Ceddanne Rafaela OF Jarren Duran P Gerrit Cole P Sandy Alcantara SS Andruw Monasterio,,,
277,5211987794,JTFarley,0,127.45,1B Kyle Stowers 2B Xavier Edwards 3B Caleb Durbin C Connor Wong OF Ceddanne Rafaela OF Jakob Marsee OF Jahmai Jones P Chris Sale P Gerrit Cole SS Zach Neto,,,
277,5212142801,Hgberg,0,127.45,1B Kyle Stowers 2B Nick Sogard 3B Caleb Durbin C Jonah Heim OF Ronald Acuna Jr. OF Jarren Duran OF Heriberto Hernandez P Chris Sale P Gerrit Cole SS George Lombard Jr.,,,
279,5211947807,DFS_Rookie,0,127.05,1B Matt Olson 2B Ozzie Albies 3B Javier Sanoja C Joe Mack OF Michael Harris II OF Jakob Marsee OF Jahmai Jones P Sandy Alcantara P Gage Jump SS Jim Jarvis,,,
280,5212244491,txlawdog,0,126.95,1B Nick Sogard 2B Xavier Edwards 3B Caleb Durbin C Joe Mack OF Ronald Acuna Jr. OF Tyler Soderstrom OF Ceddanne Rafaela P Sandy Alcantara P Jake Bennett SS Mauricio Dubon,,,
281,5212121968,coachp17,0,126.75,1B Willson Contreras 2B Xavier Edwards 3B Caleb Durbin C Jonah Heim OF Mike Trout OF Ceddanne Rafaela OF Jahmai Jones P Gerrit Cole P Jake Bennett SS Otto Lopez,,,
282,5211722675,cfraijo89,0,126.649994,1B Kyle Stowers 2B Xavier Edwards 3B Caleb Durbin C Connor Wong OF Tyler Soderstrom OF Ceddanne Rafaela OF Heriberto Hernandez P Chris Sale P Sandy Alcantara SS Otto Lopez,,,
282,5211824716,Wolverines1016,0,126.649994,1B Willson Contreras 2B Nick Sogard 3B Caleb Durbin C Drake Baldwin OF Ronald Acuna Jr. OF Jakob Marsee OF Eli White P Chris Sale P Sandy Alcantara SS Andruw Monasterio,,,
282,5211831916,Moeg196,0,126.649994,1B Matt Olson 2B Ozzie Albies 3B Caleb Durbin C Joe Mack OF Ronald Acuna Jr. OF Ceddanne Rafaela OF Jahmai Jones P Chris Sale P Sandy Alcantara SS Andruw Monasterio,,,
282,5211863714,Parakeet,0,126.649994,1B Kyle Stowers 2B Nick Sogard 3B Caleb Durbin C Brian Serven OF Ronald Acuna Jr. OF Mike Trout OF Ceddanne Rafaela P Chris Sale P Sandy Alcantara SS George Lombard Jr.,,,
282,5211956717,roberts2525,0,126.649994,1B Nolan Schanuel 2B Nick Sogard 3B Caleb Durbin C Moises Ballesteros OF Ronald Acuna Jr. OF Tyler Soderstrom OF Ceddanne Rafaela P Chris Sale P Sandy Alcantara SS Andruw Monasterio,,,
282,5211971033,tweyerich,0,126.649994,1B Willson Contreras 2B Xavier Edwards 3B Caleb Durbin C Joe Mack OF Ceddanne Rafaela OF Jakob Marsee OF Griffin Conine P Chris Sale P Sandy Alcantara SS Otto Lopez,,,
282,5212079333,macataca,0,126.649994,1B Willson Contreras 2B Nick Sogard 3B Caleb Durbin C Drake Baldwin OF Ronald Acuna Jr. OF Jakob Marsee OF Eli White P Chris Sale P Sandy Alcantara SS Andruw Monasterio,,,
282,5212137791,vego07,0,126.649994,1B Matt Olson 2B Ozzie Albies 3B Caleb Durbin C Connor Wong OF Ronald Acuna Jr. OF Ceddanne Rafaela OF Jahmai Jones P Chris Sale P Sandy Alcantara SS Andruw Monasterio,,,
282,5212152166,thow1872,0,126.649994,1B Matt Olson 2B Ozzie Albies 3B Amed Rosario C Drake Baldwin OF Ronald Acuna Jr. OF Jakob Marsee OF Jahmai Jones P Chris Sale P Sandy Alcantara SS Andruw Monasterio,,,
282,5212269994,bkowens52,0,126.649994,1B Matt Olson 2B Nick Sogard 3B Austin Riley C Drake Baldwin OF Ronald Acuna Jr. OF Michael Harris II OF Jahmai Jones P Chris Sale P Sandy Alcantara SS Andruw Monasterio,,,
282,5212270908,roonish87,0,126.649994,1B Kyle Stowers 2B Xavier Edwards 3B Caleb Durbin C Connor Wong OF Tyler Soderstrom OF Ceddanne Rafaela OF Heriberto Hernandez P Chris Sale P Sandy Alcantara SS Otto Lopez,,,
293,5212018633,bigboirob,0,126.5,1B Willson Contreras 2B Xavier Edwards 3B Caleb Durbin C Joe Mack OF Wilyer Abreu OF Ceddanne Rafaela OF Jakob Marsee P Gerrit Cole P Sandy Alcantara SS Andruw Monasterio,,,
293,5212130731,niquisition,0,126.5,1B Willson Contreras 2B Xavier Edwards 3B Amed Rosario C Joe Mack OF Trent Grisham OF Heliot Ramos OF Jakob Marsee P Gerrit Cole P Sandy Alcantara SS George Lombard Jr.,,,
295,5211961904,Jgreens26,0,126.45,1B Willson Contreras 2B Xavier Edwards 3B Caleb Durbin C Connor Wong OF Ceddanne Rafaela OF Henry Bolte OF Jakob Marsee P Chris Sale P Gerrit Cole SS Andruw Monasterio,,,
295,5212170176,BigBrixey,0,126.45,1B Kyle Stowers 2B Xavier Edwards 3B Caleb Durbin C Jonah Heim OF Jarren Duran OF Henry Bolte OF Griffin Conine P Chris Sale P Gerrit Cole SS Otto Lopez,,,
295,5212187320,cypauerbach,0,126.45,1B Willson Contreras 2B Nick Sogard 3B Caleb Durbin C Brian Serven OF Ceddanne Rafaela OF Henry Bolte OF Jakob Marsee P Chris Sale P Gerrit Cole SS Andruw Monasterio,,,
298,5211849784,rafdogg2000,0,126.05,1B Matt Olson 2B Xavier Edwards 3B Austin Riley C Drake Baldwin OF Ronald Acuna Jr. OF Michael Harris II OF Heriberto Hernandez P Sandy Alcantara P Gage Jump SS Otto Lopez,,,
298,5212179685,chefmed804,0,126.05,1B Matt Olson 2B Xavier Edwards 3B Austin Riley C Drake Baldwin OF Ronald Acuna Jr. OF Michael Harris II OF Heriberto Hernandez P Sandy Alcantara P Gage Jump SS Otto Lopez,,,
300,5211653232,aschuite,0,125.649994,1B Willson Contreras 2B Ozzie Albies 3B Caleb Durbin C Jonah Heim OF Ceddanne Rafaela OF Michael Harris II OF Jahmai Jones P Chris Sale P Sandy Alcantara SS Andruw Monasterio,,,
300,5211664870,theGuru805,0,125.649994,1B Kyle Stowers 2B Xavier Edwards 3B Tommy White C Brian Serven OF Ronald Acuna Jr. OF Ceddanne Rafaela OF Henry Bolte P Chris Sale P Sandy Alcantara SS Otto Lopez,,,
300,5211758491,tbjones2121,0,125.649994,1B Willson Contreras 2B Xavier Edwards 3B Caleb Durbin C Connor Wong OF Ceddanne Rafaela OF Heriberto Hernandez OF Jakob Marsee P Chris Sale P Sandy Alcantara SS Otto Lopez,,,
300,5211773504,jetman33,0,125.649994,1B Willson Contreras 2B Nick Sogard 3B Caleb Durbin C Austin Wells OF Ronald Acuna Jr. OF Ceddanne Rafaela OF Michael Harris II P Chris Sale P Sandy Alcantara SS Andruw Monasterio,,,
300,5211836458,HornHighYo7275,0,125.649994,1B Willson Contreras 2B Ozzie Albies 3B Caleb Durbin C Drake Baldwin OF Ceddanne Rafaela OF Heriberto Hernandez OF Jahmai Jones P Chris Sale P Sandy Alcantara SS Andruw Monasterio,,,
300,5211923698,bch1274,0,125.649994,1B Kyle Stowers 2B Xavier Edwards 3B Caleb Durbin C Connor Wong OF Ronald Acuna Jr. OF Ceddanne Rafaela OF Griffin Conine P Chris Sale P Sandy Alcantara SS Otto Lopez,,,
300,5211928142,alansclub,0,125.649994,1B Willson Contreras 2B Xavier Edwards 3B Caleb Durbin C Joe Mack OF Ceddanne Rafaela OF Heriberto Hernandez OF Jakob Marsee P Chris Sale P Sandy Alcantara SS Otto Lopez,,,
300,5211973954,theblackhand666,0,125.649994,1B Kyle Stowers 2B Xavier Edwards 3B Caleb Durbin C Joe Mack OF Ronald Acuna Jr. OF Ceddanne Rafaela OF Griffin Conine P Chris Sale P Sandy Alcantara SS Otto Lopez,,,
300,5211995177,MKies816,0,125.649994,1B Kyle Stowers 2B Nick Sogard 3B Caleb Durbin C Joe Mack OF Ronald Acuna Jr. OF Tyler Soderstrom OF Ceddanne Rafaela P Chris Sale P Sandy Alcantara SS Andruw Monasterio,,,
300,5212029799,BaltimoreBomberz,0,125.649994,1B Kyle Stowers 2B Nick Sogard 3B Tommy White C Connor Wong OF Ronald Acuna Jr. OF Ceddanne Rafaela OF Jahmai Jones P Chris Sale P Sandy Alcantara SS Andruw Monasterio,,,
300,5212034062,crackers03,0,125.649994,1B Willson Contreras 2B Xavier Edwards 3B Caleb Durbin C Drake Baldwin OF Ceddanne Rafaela OF Jakob Marsee OF Mauricio Dubon P Chris Sale P Sandy Alcantara SS Andruw Monasterio,,,
300,5212081064,zinner5,0,125.649994,1B Willson Contreras 2B Ozzie Albies 3B Caleb Durbin C Jonah Heim OF Ceddanne Rafaela OF Michael Harris II OF Jahmai Jones P Chris Sale P Sandy Alcantara SS Andruw Monasterio,,,
300,5212140353,TwinkieOnIce,0,125.649994,1B Willson Contreras 2B Xavier Edwards 3B Caleb Durbin C Joe Mack OF Ceddanne Rafaela OF Heriberto Hernandez OF Jakob Marsee P Chris Sale P Sandy Alcantara SS Otto Lopez,,,
300,5212214306,Cameronconrad10,0,125.649994,1B Willson Contreras 2B Ozzie Albies 3B Caleb Durbin C Joe Mack OF Ronald Acuna Jr. OF Ceddanne Rafaela OF Mike Yastrzemski P Chris Sale P Sandy Alcantara SS George Lombard Jr.,,,
300,5212256908,onthemoney511,0,125.649994,1B Willson Contreras 2B Ozzie Albies 3B Caleb Durbin C Jonah Heim OF Ceddanne Rafaela OF Jarren Duran OF Jahmai Jones P Chris Sale P Sandy Alcantara SS Otto Lopez,,,
315,5211706350,AudiLopez,0,125.5,1B Kyle Stowers 2B Nick Sogard 3B Caleb Durbin C Connor Wong OF Ronald Acuna Jr. OF Mike Trout OF Michael Harris II P Gerrit Cole P Sandy Alcantara SS Otto Lopez,,,
316,5211780361,jlp4765,0,125.45,1B Kyle Stowers 2B Xavier Edwards 3B Caleb Durbin C Jonah Heim OF Ceddanne Rafaela OF Heriberto Hernandez OF Jakob Marsee P Chris Sale P Gerrit Cole SS Andruw Monasterio,,,
316,5212204106,mauka95,0,125.45,1B Kyle Stowers 2B Xavier Edwards 3B Caleb Durbin C Joe Mack OF Mike Trout OF Eli White OF Jahmai Jones P Chris Sale P Gerrit Cole SS Andruw Monasterio,,,
316,5212256361,andywxman,0,125.45,1B Nick Sogard 2B Xavier Edwards 3B Caleb Durbin C Connor Wong OF Ceddanne Rafaela OF Jarren Duran OF Jakob Marsee P Chris Sale P Gerrit Cole SS Otto Lopez,,,
319,5212167130,joeisagm,0,125.05,1B Matt Olson 2B Xavier Edwards 3B Austin Riley C Jonah Heim OF Ronald Acuna Jr. OF Tyler Soderstrom OF Michael Harris II P Sandy Alcantara P Gage Jump SS Zach Neto,,,
320,5211802596,ekkoniks,0,124.95,1B Willson Contreras 2B Ozzie Albies 3B Caleb Durbin C Drake Baldwin OF Ronald Acuna Jr. OF Ceddanne Rafaela OF Jahmai Jones P Sandy Alcantara P Jake Bennett SS Jacob Wilson,,,
321,5211819925,ewoofter,0,124.85,1B Ben Rice 2B Xavier Edwards 3B Max Muncy C Agustin Ramirez OF Mike Trout OF Wilyer Abreu OF Tyler Soderstrom P Gerrit Cole P Gage Jump SS Jacob Wilson,,,
322,5212134138,lonewirenut,0,124.649994,1B Willson Contreras 2B Nick Sogard 3B Caleb Durbin C Joe Mack OF Ronald Acuna Jr. OF Ceddanne Rafaela OF Jakob Marsee P Chris Sale P Sandy Alcantara SS Andruw Monasterio,,,
322,5212198388,WarrenGG,0,124.649994,1B Willson Contreras 2B Xavier Edwards 3B Caleb Durbin C Connor Wong OF Tyler Soderstrom OF Ceddanne Rafaela OF Heriberto Hernandez P Chris Sale P Sandy Alcantara SS Andruw Monasterio,,,
322,5212250881,rounders26,0,124.649994,1B Willson Contreras 2B Xavier Edwards 3B Caleb Durbin C Jonah Heim OF Ceddanne Rafaela OF Griffin Conine OF Owen Caissie P Chris Sale P Sandy Alcantara SS Otto Lopez,,,
325,5212237354,CrottyAlex52,0,124.5,1B Willson Contreras 2B Xavier Edwards 3B Caleb Durbin C Drake Baldwin OF Ceddanne Rafaela OF Jarren Duran OF Javier Sanoja P Gerrit Cole P Sandy Alcantara SS Andruw Monasterio,,,
325,5212244478,abelle08,0,124.5,1B Willson Contreras 2B Nick Sogard 3B Caleb Durbin C Joe Mack OF Ronald Acuna Jr. OF Ceddanne Rafaela OF Heliot Ramos P Gerrit Cole P Sandy Alcantara SS Jacob Wilson,,,
327,5212159531,battlekat1,0,124.45,1B Willson Contreras 2B Xavier Edwards 3B Caleb Durbin C Brian Serven OF Ceddanne Rafaela OF Heriberto Hernandez OF Jakob Marsee P Chris Sale P Gerrit Cole SS Andruw Monasterio,,,
328,5211554788,GalloDerek,0,124,1B Matt Olson 2B Xavier Edwards 3B Javier Sanoja C Drake Baldwin OF Ronald Acuna Jr. OF Michael Harris II OF Mike Yastrzemski P Chris Sale P Gage Jump SS Jacob Wilson,,,
329,5211993058,KingDaey,0,123.95,1B Ben Rice 2B Nick Sogard 3B Caleb Durbin C Drake Baldwin OF Ronald Acuna Jr. OF Ceddanne Rafaela OF Mauricio Dubon P Sandy Alcantara P Jake Bennett SS Otto Lopez,,,
330,5212238162,Shamans,0,123.9,1B Willson Contreras 2B Xavier Edwards 3B Caleb Durbin C Drake Baldwin OF Ceddanne Rafaela OF Jakob Marsee OF Jahmai Jones P Chris Sale P Jake Bennett SS Otto Lopez,,,
330,5212276566,DrParadise,0,123.9,1B Willson Contreras 2B Xavier Edwards 3B Caleb Durbin C Drake Baldwin OF Ceddanne Rafaela OF Jakob Marsee OF Jahmai Jones P Chris Sale P Jake Bennett SS Otto Lopez,,,
332,5211728038,Elenbst,0,123.649994,1B Matt Olson 2B Xavier Edwards 3B Caleb Durbin C Drake Baldwin OF Ceddanne Rafaela OF Jakob Marsee OF Wade Meckler P Chris Sale P Sandy Alcantara SS Andruw Monasterio,,,
332,5211824523,hutchs72,0,123.649994,1B Willson Contreras 2B Nick Sogard 3B Caleb Durbin C Jonah Heim OF Ceddanne Rafaela OF Michael Harris II OF Henry Bolte P Chris Sale P Sandy Alcantara SS Jacob Wilson,,,
332,5211897393,King_Cole22,0,123.649994,1B Matt Olson 2B Alika Williams 3B Tommy White C Jonah Heim OF Ronald Acuna Jr. OF Tyler Soderstrom OF Henry Bolte P Chris Sale P Sandy Alcantara SS Andruw Monasterio,,,
332,5211972264,sixsixx,0,123.649994,1B Willson Contreras 2B Xavier Edwards 3B Caleb Durbin C Drake Baldwin OF Ceddanne Rafaela OF Jakob Marsee OF Owen Caissie P Chris Sale P Sandy Alcantara SS Andruw Monasterio,,,
332,5212017612,jp_walkemdown,0,123.649994,1B Kyle Stowers 2B Alika Williams 3B Javier Sanoja C Jonah Heim OF Ronald Acuna Jr. OF Tyler Soderstrom OF Michael Harris II P Chris Sale P Sandy Alcantara SS Jacob Wilson,,,
332,5212044036,budaman3195,0,123.649994,1B Willson Contreras 2B Xavier Edwards 3B Caleb Durbin C Joe Mack OF Mike Trout OF Tyler Soderstrom OF Mauricio Dubon P Chris Sale P Sandy Alcantara SS Andruw Monasterio,,,
332,5212137762,barrysg21,0,123.649994,1B Willson Contreras 2B Nick Sogard 3B Caleb Durbin C Jonah Heim OF Ceddanne Rafaela OF Michael Harris II OF Jakob Marsee P Chris Sale P Sandy Alcantara SS Jacob Wilson,,,
332,5212176244,JNunnery1,0,123.649994,1B Matt Olson 2B Alika Williams 3B Caleb Durbin C Drake Baldwin OF Ronald Acuna Jr. OF Heriberto Hernandez OF Mike Yastrzemski P Chris Sale P Sandy Alcantara SS Jacob Wilson,,,
332,5212178591,wildwildwilly,0,123.649994,1B Paul Goldschmidt 2B Ozzie Albies 3B Caleb Durbin C Drake Baldwin OF Ceddanne Rafaela OF Michael Harris II OF Jahmai Jones P Chris Sale P Sandy Alcantara SS Andruw Monasterio,,,
332,5212258717,endlessmike03,0,123.649994,1B Matt Olson 2B Xavier Edwards 3B Caleb Durbin C Drake Baldwin OF Ceddanne Rafaela OF Henry Bolte OF Griffin Conine P Chris Sale P Sandy Alcantara SS Andruw Monasterio,,,
342,5211759399,AIRTHORPE21,0,123.45,1B Willson Contreras 2B Xavier Edwards 3B Caleb Durbin C Drake Baldwin OF Ceddanne Rafaela OF Jarren Duran OF Jahmai Jones P Chris Sale P Gerrit Cole SS Alika Williams,,,
342,5211980610,Gthitter,0,123.45,1B Nick Sogard 2B Xavier Edwards 3B Caleb Durbin C Connor Wong OF Mike Trout OF Tyler Soderstrom OF Jarren Duran P Chris Sale P Gerrit Cole SS Andruw Monasterio,,,
344,5212054314,Romo2Witten82,0,123,1B Matt Olson 2B Ozzie Albies 3B Tommy White C Jonah Heim OF Ronald Acuna Jr. OF Tyler Soderstrom OF Henry Bolte P Chris Sale P Gage Jump SS Jacob Wilson,,,
344,5212208561,pd1956,0,123,1B Kyle Stowers 2B Ozzie Albies 3B Caleb Durbin C Drake Baldwin OF Ronald Acuna Jr. OF Tyler Soderstrom OF Wade Meckler P Chris Sale P Gage Jump SS Andruw Monasterio,,,
346,5211715998,Linedrivers,0,122.95,1B Kyle Stowers 2B Xavier Edwards 3B Caleb Durbin C Connor Wong OF Ronald Acuna Jr. OF Tyler Soderstrom OF Ceddanne Rafaela P Sandy Alcantara P Jake Bennett SS Otto Lopez,,,
346,5211934526,izzymuzy,0,122.95,1B Kyle Stowers 2B Xavier Edwards 3B Caleb Durbin C Drake Baldwin OF Ronald Acuna Jr. OF Mike Trout OF Jakob Marsee P Sandy Alcantara P Jake Bennett SS Jacob Wilson,,,
346,5212100004,DaltonR24,0,122.95,1B Willson Contreras 2B Xavier Edwards 3B Caleb Durbin C Jonah Heim OF Ronald Acuna Jr. OF Ceddanne Rafaela OF Wade Meckler P Sandy Alcantara P Jake Bennett SS Otto Lopez,,,
349,5211612637,consendonk,0,122.9,1B Matt Olson 2B Xavier Edwards 3B Caleb Durbin C Drake Baldwin OF Ronald Acuna Jr. OF Griffin Conine OF Jahmai Jones P Chris Sale P Jake Bennett SS Andruw Monasterio,,,
350,5211610869,cavs44,0,122.649994,1B Willson Contreras 2B Xavier Edwards 3B Caleb Durbin C Jonah Heim OF Ceddanne Rafaela OF Jarren Duran OF Henry Bolte P Chris Sale P Sandy Alcantara SS Andruw Monasterio,,,
350,5211681870,bartmeister,0,122.649994,1B Willson Contreras 2B Xavier Edwards 3B Caleb Durbin C Jonah Heim OF Ceddanne Rafaela OF Esteury Ruiz OF Henry Bolte P Chris Sale P Sandy Alcantara SS Andruw Monasterio,,,
350,5211734322,robarge12,0,122.649994,1B Matt Olson 2B Ozzie Albies 3B Caleb Durbin C Jonah Heim OF Ceddanne Rafaela OF Michael Harris II OF Jahmai Jones P Chris Sale P Sandy Alcantara SS Andruw Monasterio,,,
350,5211742950,gatorback,0,122.649994,1B Willson Contreras 2B Ozzie Albies 3B Austin Riley C Jonah Heim OF Jarren Duran OF Henry Bolte OF Jahmai Jones P Chris Sale P Sandy Alcantara SS Andruw Monasterio,,,
350,5211798659,edelong76,0,122.649994,1B Willson Contreras 2B Xavier Edwards 3B Caleb Durbin C Jonah Heim OF Ceddanne Rafaela OF Jarren Duran OF Henry Bolte P Chris Sale P Sandy Alcantara SS Andruw Monasterio,,,
350,5211817291,cdf1228,0,122.649994,1B Willson Contreras 2B Xavier Edwards 3B Caleb Durbin C Jonah Heim OF Ceddanne Rafaela OF Jarren Duran OF Henry Bolte P Chris Sale P Sandy Alcantara SS Andruw Monasterio,,,
350,5211829734,valintino85,0,122.649994,1B Matt Olson 2B Nick Sogard 3B Caleb Durbin C Austin Wells OF Ronald Acuna Jr. OF Ceddanne Rafaela OF Michael Harris II P Chris Sale P Sandy Alcantara SS Andruw Monasterio,,,
350,5212016282,Dhadron,0,122.649994,1B Willson Contreras 2B Xavier Edwards 3B Caleb Durbin C Jonah Heim OF Ceddanne Rafaela OF Jarren Duran OF Henry Bolte P Chris Sale P Sandy Alcantara SS Andruw Monasterio,,,
350,5212027403,totoroll33,0,122.649994,1B Willson Contreras 2B Xavier Edwards 3B Caleb Durbin C Jonah Heim OF Ceddanne Rafaela OF Jarren Duran OF Jakob Marsee P Chris Sale P Sandy Alcantara SS Andruw Monasterio,,,
350,5212060112,Rey12263,0,122.649994,1B Willson Contreras 2B Xavier Edwards 3B Caleb Durbin C Jonah Heim OF Ceddanne Rafaela OF Jarren Duran OF Jakob Marsee P Chris Sale P Sandy Alcantara SS Andruw Monasterio,,,
350,5212152828,hothooper7,0,122.649994,1B Willson Contreras 2B Xavier Edwards 3B Caleb Durbin C Joe Mack OF Ceddanne Rafaela OF Heriberto Hernandez OF Jakob Marsee P Chris Sale P Sandy Alcantara SS Andruw Monasterio,,,
350,5212239141,harrissmith,0,122.649994,1B Willson Contreras 2B Xavier Edwards 3B Caleb Durbin C Brian Serven OF Tyler Soderstrom OF Ceddanne Rafaela OF Jarren Duran P Chris Sale P Sandy Alcantara SS Andruw Monasterio,,,
350,5212244792,XxWokeUpxX,0,122.649994,1B Willson Contreras 2B Xavier Edwards 3B Caleb Durbin C Jonah Heim OF Ceddanne Rafaela OF Jarren Duran OF Henry Bolte P Chris Sale P Sandy Alcantara SS Andruw Monasterio,,,
350,5212249645,mtlhawk33,0,122.649994,1B Willson Contreras 2B Xavier Edwards 3B Caleb Durbin C Jonah Heim OF Ceddanne Rafaela OF Jarren Duran OF Henry Bolte P Chris Sale P Sandy Alcantara SS Andruw Monasterio,,,
350,5212256776,YoungBoy2320,0,122.649994,1B Matt Olson 2B Alika Williams 3B Tommy White C Drake Baldwin OF Ronald Acuna Jr. OF Michael Harris II OF Jahmai Jones P Chris Sale P Sandy Alcantara SS Jacob Wilson,,,
365,5212014116,PersuAsians,0,122.45,1B Kyle Stowers 2B Nick Sogard 3B Caleb Durbin C Connor Wong OF Ronald Acuna Jr. OF Ceddanne Rafaela OF Jahmai Jones P Chris Sale P Gerrit Cole SS Zach Neto,,,
365,5212155562,Ibn1031,0,122.45,1B Willson Contreras 2B Nick Sogard 3B Caleb Durbin C Austin Wells OF Ceddanne Rafaela OF Jarren Duran OF Jakob Marsee P Chris Sale P Gerrit Cole SS Otto Lopez,,,
367,5211676560,LSC4,0,122,1B Matt Olson 2B Vaughn Grissom 3B Austin Riley C Drake Baldwin OF Ronald Acuna Jr. OF Spencer Jones OF Henry Bolte P Chris Sale P Gage Jump SS Jacob Wilson,,,
367,5211928066,garygs400,0,122,1B Kyle Stowers 2B Nick Sogard 3B Caleb Durbin C Drake Baldwin OF Ronald Acuna Jr. OF Tyler Soderstrom OF Ceddanne Rafaela P Chris Sale P Gage Jump SS Mauricio Dubon,,,
369,5211753979,chiefs2922,0,121.95,1B Willson Contreras 2B Ozzie Albies 3B Caleb Durbin C Drake Baldwin OF Ronald Acuna Jr. OF Ceddanne Rafaela OF Jahmai Jones P Sandy Alcantara P Jake Bennett SS Andruw Monasterio,,,
369,5211857104,uheameboi23,0,121.95,1B Willson Contreras 2B Ozzie Albies 3B Caleb Durbin C Drake Baldwin OF Ronald Acuna Jr. OF Ceddanne Rafaela OF Jahmai Jones P Sandy Alcantara P Jake Bennett SS Andruw Monasterio,,,
369,5211858079,ASepull,0,121.95,1B Matt Olson 2B Ozzie Albies 3B Caleb Durbin C Drake Baldwin OF Ronald Acuna Jr. OF Ceddanne Rafaela OF Jahmai Jones P Sandy Alcantara P Jake Bennett SS Otto Lopez,,,
369,5212060387,ericm22,0,121.95,1B Matt Olson 2B Ozzie Albies 3B Caleb Durbin C Drake Baldwin OF Ronald Acuna Jr. OF Ceddanne Rafaela OF Jahmai Jones P Sandy Alcantara P Jake Bennett SS Otto Lopez,,,
369,5212248238,Nitram99,0,121.95,1B Willson Contreras 2B Ozzie Albies 3B Caleb Durbin C Drake Baldwin OF Ronald Acuna Jr. OF Ceddanne Rafaela OF Jahmai Jones P Sandy Alcantara P Jake Bennett SS Andruw Monasterio,,,
374,5211632097,briang1993,0,121.649994,1B Willson Contreras 2B Nick Sogard 3B Caleb Durbin C Drake Baldwin OF Ceddanne Rafaela OF Henry Bolte OF Wade Meckler P Chris Sale P Sandy Alcantara SS Andruw Monasterio,,,
374,5211744832,rubbsy,0,121.649994,1B Willson Contreras 2B Xavier Edwards 3B Caleb Durbin C Connor Wong OF Ceddanne Rafaela OF Michael Harris II OF Jakob Marsee P Chris Sale P Sandy Alcantara SS Otto Lopez,,,
374,5211773505,Dmerkel1980,0,121.649994,1B Matt Olson 2B Nick Sogard 3B Caleb Durbin C Joe Mack OF Ronald Acuna Jr. OF Ceddanne Rafaela OF Jakob Marsee P Chris Sale P Sandy Alcantara SS Andruw Monasterio,,,
374,5211793431,Phil8650,0,121.649994,1B Nolan Schanuel 2B Xavier Edwards 3B Jose Caballero C Drake Baldwin OF Ronald Acuna Jr. OF Ceddanne Rafaela OF Jarren Duran P Chris Sale P Sandy Alcantara SS George Lombard Jr.,,,
374,5211886875,TroyGilly91,0,121.649994,1B Matt Olson 2B Nick Sogard 3B Caleb Durbin C Connor Wong OF Ronald Acuna Jr. OF Ceddanne Rafaela OF Jakob Marsee P Chris Sale P Sandy Alcantara SS Andruw Monasterio,,,
374,5211907221,brielly1972,0,121.649994,1B Kyle Stowers 2B Xavier Edwards 3B Caleb Durbin C Drake Baldwin OF Michael Harris II OF Heriberto Hernandez OF Griffin Conine P Chris Sale P Sandy Alcantara SS Otto Lopez,,,
374,5211991781,Jay1112,0,121.649994,1B Kyle Stowers 2B Xavier Edwards 3B Caleb Durbin C Jonah Heim OF Ceddanne Rafaela OF Jarren Duran OF Jakob Marsee P Chris Sale P Sandy Alcantara SS Andruw Monasterio,,,
374,5212087768,DefenseWins,0,121.649994,1B Kyle Stowers 2B Xavier Edwards 3B Caleb Durbin C Jonah Heim OF Ceddanne Rafaela OF Jarren Duran OF Jakob Marsee P Chris Sale P Sandy Alcantara SS Andruw Monasterio,,,
374,5212177099,jbrothers83,0,121.649994,1B Willson Contreras 2B Nick Sogard 3B Caleb Durbin C Jonah Heim OF Ronald Acuna Jr. OF Ceddanne Rafaela OF Griffin Conine P Chris Sale P Sandy Alcantara SS Mauricio Dubon,,,
374,5212177709,P-Rat,0,121.649994,1B Willson Contreras 2B Xavier Edwards 3B Caleb Durbin C Connor Wong OF Ceddanne Rafaela OF Michael Harris II OF Henry Bolte P Chris Sale P Sandy Alcantara SS Jacob Wilson,,,
374,5212237575,dwigtschrute6,0,121.649994,1B Willson Contreras 2B Xavier Edwards 3B Caleb Durbin C Drake Baldwin OF Ceddanne Rafaela OF Heriberto Hernandez OF Jakob Marsee P Chris Sale P Sandy Alcantara SS Mauricio Dubon,,,
374,5212269931,Trifecta333,0,121.649994,1B Willson Contreras 2B Alika Williams 3B Caleb Durbin C Jonah Heim OF Ceddanne Rafaela OF Henry Bolte OF Griffin Conine P Chris Sale P Sandy Alcantara SS Jacob Wilson,,,
386,5211874170,sapadon,0,121.45,1B Willson Contreras 2B Xavier Edwards 3B Caleb Durbin C Jonah Heim OF Ceddanne Rafaela OF Henry Bolte OF Josh Lowe P Chris Sale P Gerrit Cole SS Andruw Monasterio,,,
386,5212228912,rebelrobin,0,121.45,1B Willson Contreras 2B Xavier Edwards 3B Caleb Durbin C Jonah Heim OF Ceddanne Rafaela OF Henry Bolte OF Eli White P Chris Sale P Gerrit Cole SS Andruw Monasterio,,,
388,5212036421,wmorris23,0,120.9,1B Willson Contreras 2B Xavier Edwards 3B Caleb Durbin C Connor Wong OF Ronald Acuna Jr. OF Ceddanne Rafaela OF Jahmai Jones P Chris Sale P Jake Bennett SS Otto Lopez,,,
389,5211768117,MY-BAD-BRO,0,120.649994,1B Kyle Stowers 2B Xavier Edwards 3B Caleb Durbin C Drake Baldwin OF Ceddanne Rafaela OF Jarren Duran OF Henry Bolte P Chris Sale P Sandy Alcantara SS Jacob Wilson,,,
389,5211842306,bds528,0,120.649994,1B Kyle Stowers 2B Xavier Edwards 3B Austin Riley C Drake Baldwin OF Ronald Acuna Jr. OF Heriberto Hernandez OF Henry Bolte P Chris Sale P Sandy Alcantara SS Mauricio Dubon,,,
389,5211894368,UniversalFriend,0,120.649994,1B Willson Contreras 2B Xavier Edwards 3B Caleb Durbin C Drake Baldwin OF Ceddanne Rafaela OF Jakob Marsee OF Eli White P Chris Sale P Sandy Alcantara SS Andruw Monasterio,,,
389,5211908829,mkirwin12,0,120.649994,1B Willson Contreras 2B Ozzie Albies 3B Caleb Durbin C Jonah Heim OF Ceddanne Rafaela OF Henry Bolte OF Griffin Conine P Chris Sale P Sandy Alcantara SS Jacob Wilson,,,
389,5211934389,sportsfan14,0,120.649994,1B Willson Contreras 2B Xavier Edwards 3B Caleb Durbin C Drake Baldwin OF Ceddanne Rafaela OF Jakob Marsee OF Eli White P Chris Sale P Sandy Alcantara SS Andruw Monasterio,,,
389,5211942221,Wfrazier,0,120.649994,1B Kyle Stowers 2B Xavier Edwards 3B Caleb Durbin C Drake Baldwin OF Ceddanne Rafaela OF Jarren Duran OF Jakob Marsee P Chris Sale P Sandy Alcantara SS Jacob Wilson,,,
389,5211966820,JordanC1023,0,120.649994,1B Willson Contreras 2B Nick Sogard 3B Caleb Durbin C Brian Serven OF Tyler Soderstrom OF Ceddanne Rafaela OF Jarren Duran P Chris Sale P Sandy Alcantara SS Otto Lopez,,,
389,5211976879,RemoteLIES,0,120.649994,1B Willson Contreras 2B Xavier Edwards 3B Caleb Durbin C Drake Baldwin OF Ceddanne Rafaela OF Jakob Marsee OF Eli White P Chris Sale P Sandy Alcantara SS Andruw Monasterio,,,
389,5212221108,dawgs_fan31,0,120.649994,1B Kyle Stowers 2B Ozzie Albies 3B Caleb Durbin C Jonah Heim OF Tyler Soderstrom OF Ceddanne Rafaela OF Lawrence Butler P Chris Sale P Sandy Alcantara SS Jose Caballero,,,
389,5212290492,DosElephantes,0,120.649994,1B Willson Contreras 2B Xavier Edwards 3B Caleb Durbin C Drake Baldwin OF Ceddanne Rafaela OF Jakob Marsee OF Eli White P Chris Sale P Sandy Alcantara SS Andruw Monasterio,,,
399,5212176234,kfrye0219,0,120.5,1B Kyle Stowers 2B Ozzie Albies 3B Caleb Durbin C Joe Mack OF Tyler Soderstrom OF Ceddanne Rafaela OF Michael Harris II P Gerrit Cole P Sandy Alcantara SS Otto Lopez,,,
400,5211793360,samsli,0,120.45,1B Willson Contreras 2B Xavier Edwards 3B Caleb Durbin C Joe Mack OF Ceddanne Rafaela OF Jakob Marsee OF Griffin Conine P Chris Sale P Gerrit Cole SS Andruw Monasterio,,,
400,5211838678,daddyshark423,0,120.45,1B Willson Contreras 2B Xavier Edwards 3B Caleb Durbin C Connor Wong OF Ceddanne Rafaela OF Jakob Marsee OF Owen Caissie P Chris Sale P Gerrit Cole SS Otto Lopez,,,
400,5212077435,pandaBEAR83,0,120.45,1B Kyle Stowers 2B Xavier Edwards 3B Max Muncy C Jonah Heim OF Tyler Soderstrom OF Jarren Duran OF Henry Bolte P Chris Sale P Gerrit Cole SS Jacob Wilson,,,
400,5212106348,chris11bee11,0,120.45,1B Willson Contreras 2B Xavier Edwards 3B Caleb Durbin C Jonah Heim OF Ceddanne Rafaela OF Griffin Conine OF Mauricio Dubon P Chris Sale P Gerrit Cole SS Andruw Monasterio,,,
400,5212165413,turfgurutigers69,0,120.45,1B Willson Contreras 2B Xavier Edwards 3B Javier Sanoja C Joe Mack OF Wilyer Abreu OF Ceddanne Rafaela OF Jahmai Jones P Chris Sale P Gerrit Cole SS Andruw Monasterio,,,
400,5212187344,gwbrown1956,0,120.45,1B Willson Contreras 2B Nick Sogard 3B Caleb Durbin C Austin Wells OF Tyler Soderstrom OF Ceddanne Rafaela OF Michael Harris II P Chris Sale P Gerrit Cole SS Mauricio Dubon,,,
400,5212233262,Kopi11,0,120.45,1B Willson Contreras 2B Nick Sogard 3B Tommy White C Brian Serven OF Tyler Soderstrom OF Ceddanne Rafaela OF Henry Bolte P Chris Sale P Gerrit Cole SS Jacob Wilson,,,
400,5212285724,ggreiner4,0,120.45,1B Kyle Stowers 2B Xavier Edwards 3B Caleb Durbin C Jonah Heim OF Mike Trout OF Javier Sanoja OF Griffin Conine P Chris Sale P Gerrit Cole SS Andruw Monasterio,,,
408,5211842575,colonelforbin22,0,120.2,1B Willson Contreras 2B Xavier Edwards 3B Caleb Durbin C Connor Wong OF Ceddanne Rafaela OF Jakob Marsee OF Jahmai Jones P Gerrit Cole P Walbert Urena SS Jacob Wilson,,,
409,5212167703,prime8,0,120,1B Matt Olson 2B Xavier Edwards 3B Austin Riley C Joe Mack OF Ronald Acuna Jr. OF Heriberto Hernandez OF Jakob Marsee P Chris Sale P Gage Jump SS Otto Lopez,,,
410,5211985782,moreweaponsthanyou,0,119.95,1B Kyle Stowers 2B Xavier Edwards 3B Caleb Durbin C Joe Mack OF Ceddanne Rafaela OF Jarren Duran OF Jahmai Jones P Sandy Alcantara P Jake Bennett SS Otto Lopez,,,
410,5212156165,jonbrit83,0,119.95,1B Matt Olson 2B Nick Sogard 3B Caleb Durbin C Jonah Heim OF Ronald Acuna Jr. OF Mike Trout OF Lawrence Butler P Sandy Alcantara P Jake Bennett SS Otto Lopez,,,
410,5212286162,killercat,0,119.95,1B Ben Rice 2B Ozzie Albies 3B Caleb Durbin C Moises Ballesteros OF Ronald Acuna Jr. OF Ceddanne Rafaela OF Jakob Marsee P Sandy Alcantara P Jake Bennett SS Otto Lopez,,,
413,5212014442,Gregoryc4279,0,119.9,1B Willson Contreras 2B Xavier Edwards 3B Caleb Durbin C Drake Baldwin OF Ronald Acuna Jr. OF Eli White OF Jahmai Jones P Chris Sale P Jake Bennett SS Andruw Monasterio,,,
413,5212201030,Hootch,0,119.9,1B Matt Olson 2B Nick Sogard 3B Caleb Durbin C Austin Wells OF Ronald Acuna Jr. OF Mike Trout OF Tyler Soderstrom P Chris Sale P Jake Bennett SS George Lombard Jr.,,,
415,5211750760,cjm419,0,119.649994,1B Willson Contreras 2B Nick Sogard 3B Javier Sanoja C Drake Baldwin OF Ceddanne Rafaela OF Henry Bolte OF Griffin Conine P Chris Sale P Sandy Alcantara SS Otto Lopez,,,
415,5211756964,lackthereof,0,119.649994,1B Nick Sogard 2B Xavier Edwards 3B Javier Sanoja C Agustin Ramirez OF Mike Trout OF Wilyer Abreu OF Jakob Marsee P Chris Sale P Sandy Alcantara SS Andruw Monasterio,,,
415,5211940736,JcClark18,0,119.649994,1B Kyle Stowers 2B Xavier Edwards 3B Austin Riley C Drake Baldwin OF Ronald Acuna Jr. OF Griffin Conine OF Owen Caissie P Chris Sale P Sandy Alcantara SS Otto Lopez,,,
415,5212001412,Beastcall,0,119.649994,1B Matt Olson 2B Xavier Edwards 3B Caleb Durbin C Connor Wong OF Ronald Acuna Jr. OF Ceddanne Rafaela OF Mauricio Dubon P Chris Sale P Sandy Alcantara SS Andruw Monasterio,,,
415,5212071478,ga33,0,119.649994,1B Willson Contreras 2B Nick Sogard 3B Caleb Durbin C Drake Baldwin OF Ronald Acuna Jr. OF Mauricio Dubon OF Eli White P Chris Sale P Sandy Alcantara SS Andruw Monasterio,,,
415,5212122954,Scoobydoo2110,0,119.649994,1B Nick Sogard 2B Alika Williams 3B Caleb Durbin C Jonah Heim OF Ronald Acuna Jr. OF Wilyer Abreu OF Josh Lowe P Chris Sale P Sandy Alcantara SS Andruw Monasterio,,,
415,5212146420,wrona77,0,119.649994,1B Matt Olson 2B Alika Williams 3B Austin Riley C Drake Baldwin OF Ronald Acuna Jr. OF Ceddanne Rafaela OF Jahmai Jones P Chris Sale P Sandy Alcantara SS Andruw Monasterio,,,
415,5212149810,lindbergh2,0,119.649994,1B Kyle Stowers 2B Xavier Edwards 3B Caleb Durbin C Drake Baldwin OF Ceddanne Rafaela OF Heliot Ramos OF Jahmai Jones P Chris Sale P Sandy Alcantara SS Zach Neto,,,
415,5212184802,hoppinball26,0,119.649994,1B Matt Olson 2B Xavier Edwards 3B Austin Riley C Drake Baldwin OF Heriberto Hernandez OF Jakob Marsee OF Griffin Conine P Chris Sale P Sandy Alcantara SS Otto Lopez,,,
415,5212202753,YodaOG420,0,119.649994,1B Kyle Stowers 2B Nick Sogard 3B Caleb Durbin C Drake Baldwin OF Ronald Acuna Jr. OF Ceddanne Rafaela OF Mauricio Dubon P Chris Sale P Sandy Alcantara SS Andruw Monasterio,,,
415,5212221925,makemoney73,0,119.649994,1B Nick Sogard 2B Alika Williams 3B Caleb Durbin C Drake Baldwin OF Ronald Acuna Jr. OF Ceddanne Rafaela OF Michael Harris II P Chris Sale P Sandy Alcantara SS Andruw Monasterio,,,
426,5211835582,steven2255,0,119.5,1B Kyle Stowers 2B Xavier Edwards 3B Caleb Durbin C Connor Wong OF Tyler Soderstrom OF Ceddanne Rafaela OF Michael Harris II P Gerrit Cole P Sandy Alcantara SS Zach Neto,,,
427,5211511617,Gvanyperen,0,119.45,1B Willson Contreras 2B Xavier Edwards 3B Caleb Durbin C Connor Wong OF Ceddanne Rafaela OF Heriberto Hernandez OF Jakob Marsee P Chris Sale P Gerrit Cole SS Andruw Monasterio,,,
427,5211738250,fpaullywod,0,119.45,1B Nolan Schanuel 2B Nick Sogard 3B Caleb Durbin C Jonah Heim OF Tyler Soderstrom OF Ceddanne Rafaela OF Jarren Duran P Chris Sale P Gerrit Cole SS Jacob Wilson,,,
427,5211831676,Xsanguinate,0,119.45,1B Kyle Stowers 2B Xavier Edwards 3B Caleb Durbin C Connor Wong OF Ronald Acuna Jr. OF Ceddanne Rafaela OF Wade Meckler P Chris Sale P Gerrit Cole SS Andruw Monasterio,,,
427,5212002897,Jonestown000,0,119.45,1B Willson Contreras 2B Xavier Edwards 3B Caleb Durbin C Connor Wong OF Mike Trout OF Jakob Marsee OF Griffin Conine P Chris Sale P Gerrit Cole SS Andruw Monasterio,,,
427,5212241109,botto16,0,119.45,1B Kyle Stowers 2B Xavier Edwards 3B Caleb Durbin C Jonah Heim OF Ceddanne Rafaela OF Heriberto Hernandez OF Griffin Conine P Chris Sale P Gerrit Cole SS Andruw Monasterio,,,
432,5212150588,deppe9,0,119,1B Willson Contreras 2B Xavier Edwards 3B Caleb Durbin C Jonah Heim OF Mike Trout OF Ceddanne Rafaela OF Wade Meckler P Chris Sale P Gage Jump SS Jacob Wilson,,,
432,5212285381,alexyudelson,0,119,1B Matt Olson 2B Ozzie Albies 3B Austin Riley C Drake Baldwin OF Tyler Soderstrom OF Henry Bolte OF Lawrence Butler P Chris Sale P Gage Jump SS Jacob Wilson,,,
434,5211651413,EazyE84x,0,118.95,1B Matt Olson 2B Ozzie Albies 3B Caleb Durbin C Drake Baldwin OF Ronald Acuna Jr. OF Michael Harris II OF Jahmai Jones P Sandy Alcantara P Jake Bennett SS Andruw Monasterio,,,
435,5211721451,SLBMLightshow,0,118.649994,1B Willson Contreras 2B Nick Sogard 3B Caleb Durbin C Joe Mack OF Ronald Acuna Jr. OF Ceddanne Rafaela OF Griffin Conine P Chris Sale P Sandy Alcantara SS Andruw Monasterio,,,
435,5211756653,supremexjp,0,118.649994,1B Matt Olson 2B Ozzie Albies 3B Denzer Guzman C Drake Baldwin OF Ronald Acuna Jr. OF Michael Harris II OF Jahmai Jones P Chris Sale P Sandy Alcantara SS Andruw Monasterio,,,
435,5212110562,willpyne,0,118.649994,1B Willson Contreras 2B Xavier Edwards 3B Caleb Durbin C Connor Wong OF Ceddanne Rafaela OF Michael Harris II OF Henry Bolte P Chris Sale P Sandy Alcantara SS Andruw Monasterio,,,
435,5212147769,Domination1122,0,118.649994,1B Matt Olson 2B Ozzie Albies 3B Denzer Guzman C Drake Baldwin OF Ronald Acuna Jr. OF Michael Harris II OF Jahmai Jones P Chris Sale P Sandy Alcantara SS Andruw Monasterio,,,
435,5212152143,Bmac09,0,118.649994,1B Willson Contreras 2B Xavier Edwards 3B Caleb Durbin C Joe Mack OF Ceddanne Rafaela OF Jarren Duran OF Jakob Marsee P Chris Sale P Sandy Alcantara SS Otto Lopez,,,
435,5212236923,Oziumrules,0,118.649994,1B Willson Contreras 2B Xavier Edwards 3B Caleb Durbin C Connor Wong OF Ceddanne Rafaela OF Jarren Duran OF Jakob Marsee P Chris Sale P Sandy Alcantara SS Otto Lopez,,,
435,5212244741,kaeshoscudder,0,118.649994,1B Willson Contreras 2B Xavier Edwards 3B Caleb Durbin C Joe Mack OF Ceddanne Rafaela OF Jarren Duran OF Jakob Marsee P Chris Sale P Sandy Alcantara SS Otto Lopez,,,
435,5212248812,derrickhostert,0,118.649994,1B Willson Contreras 2B Xavier Edwards 3B Caleb Durbin C Jonah Heim OF Ceddanne Rafaela OF Jarren Duran OF Henry Bolte P Chris Sale P Sandy Alcantara SS Mauricio Dubon,,,
435,5212256971,bamafan47,0,118.649994,1B Kyle Stowers 2B Xavier Edwards 3B Vaughn Grissom C Austin Wells OF Ronald Acuna Jr. OF Ceddanne Rafaela OF Michael Harris II P Chris Sale P Sandy Alcantara SS Jacob Wilson,,,
435,5212275299,BobCat2155,0,118.649994,1B Willson Contreras 2B Xavier Edwards 3B Caleb Durbin C Joe Mack OF Ceddanne Rafaela OF Jarren Duran OF Henry Bolte P Chris Sale P Sandy Alcantara SS Otto Lopez,,,
435,5212288237,woodsoncb2,0,118.649994,1B Willson Contreras 2B Ozzie Albies 3B Caleb Durbin C Drake Baldwin OF Michael Harris II OF Jarren Duran OF Jahmai Jones P Chris Sale P Sandy Alcantara SS Andruw Monasterio,,,
446,5212085314,Shack1973,0,118.45,1B Matt Olson 2B Nick Sogard 3B Caleb Durbin C Austin Wells OF Tyler Soderstrom OF Ceddanne Rafaela OF Jarren Duran P Chris Sale P Gerrit Cole SS Andruw Monasterio,,,
447,5211887663,dr91888,0,117.95,1B Matt Olson 2B Xavier Edwards 3B Caleb Durbin C Drake Baldwin OF Ronald Acuna Jr. OF Ceddanne Rafaela OF Michael Harris II P Sandy Alcantara P Jake Bennett SS George Lombard Jr.,,,
447,5212041099,ThreeToTheDome,0,117.95,1B Willson Contreras 2B Xavier Edwards 3B Caleb Durbin C Drake Baldwin OF Ronald Acuna Jr. OF Michael Harris II OF Mauricio Dubon P Sandy Alcantara P Jake Bennett SS Otto Lopez,,,
447,5212067221,jc000000,0,117.95,1B Kyle Stowers 2B Xavier Edwards 3B Caleb Durbin C Drake Baldwin OF Ronald Acuna Jr. OF Ceddanne Rafaela OF Griffin Conine P Sandy Alcantara P Jake Bennett SS Otto Lopez,,,
447,5212187956,Bwilson84,0,117.95,1B Kyle Stowers 2B Xavier Edwards 3B Caleb Durbin C Drake Baldwin OF Ceddanne Rafaela OF Jakob Marsee OF Griffin Conine P Sandy Alcantara P Jake Bennett SS Otto Lopez,,,
447,5212188322,alexjohnmckinnon,0,117.95,1B Willson Contreras 2B Xavier Edwards 3B Caleb Durbin C Drake Baldwin OF Ronald Acuna Jr. OF Ceddanne Rafaela OF Heliot Ramos P Sandy Alcantara P Jake Bennett SS George Lombard Jr.,,,
452,5211909502,Guesty,0,117.75,1B Ben Rice 2B Xavier Edwards 3B Amed Rosario C Jonah Heim OF Mike Trout OF Trent Grisham OF Spencer Jones P Gerrit Cole P Jake Bennett SS Jose Caballero,,,
453,5211860900,efortee,0,117.649994,1B Willson Contreras 2B Ozzie Albies 3B Caleb Durbin C Drake Baldwin OF Ceddanne Rafaela OF Michael Harris II OF Jahmai Jones P Chris Sale P Sandy Alcantara SS Mauricio Dubon,,,
453,5212020450,deedee04,0,117.649994,1B Kyle Stowers 2B Xavier Edwards 3B Caleb Durbin C Connor Wong OF Ronald Acuna Jr. OF Ceddanne Rafaela OF Michael Harris II P Chris Sale P Sandy Alcantara SS Andruw Monasterio,,,
453,5212043960,steelythunder,0,117.649994,1B Willson Contreras 2B Xavier Edwards 3B Caleb Durbin C Drake Baldwin OF Ceddanne Rafaela OF Griffin Conine OF Eli White P Chris Sale P Sandy Alcantara SS Otto Lopez,,,
453,5212062339,zestfulyclean,0,117.649994,1B Matt Olson 2B Alika Williams 3B Austin Riley C Jonah Heim OF Ronald Acuna Jr. OF Heriberto Hernandez OF Henry Bolte P Chris Sale P Sandy Alcantara SS Jacob Wilson,,,
453,5212105663,csurunnerccr,0,117.649994,1B Kyle Stowers 2B Xavier Edwards 3B Austin Riley C Drake Baldwin OF Michael Harris II OF Jakob Marsee OF Griffin Conine P Chris Sale P Sandy Alcantara SS Otto Lopez,,,
453,5212124826,gamegamer,0,117.649994,1B Nick Sogard 2B Ozzie Albies 3B Austin Riley C Connor Wong OF Ceddanne Rafaela OF Jarren Duran OF Jahmai Jones P Chris Sale P Sandy Alcantara SS Jacob Wilson,,,
453,5212145652,ace573,0,117.649994,1B Paul Goldschmidt 2B Nick Sogard 3B Austin Riley C Connor Wong OF Ronald Acuna Jr. OF Tyler Soderstrom OF Ceddanne Rafaela P Chris Sale P Sandy Alcantara SS Andruw Monasterio,,,
453,5212253412,jakeneverloses,0,117.649994,1B Willson Contreras 2B Ozzie Albies 3B Caleb Durbin C Drake Baldwin OF Ceddanne Rafaela OF Michael Harris II OF Jahmai Jones P Chris Sale P Sandy Alcantara SS Mauricio Dubon,,,
453,5212259325,andyhalegua2792,0,117.649994,1B Willson Contreras 2B Xavier Edwards 3B Caleb Durbin C Drake Baldwin OF Ceddanne Rafaela OF Griffin Conine OF Eli White P Chris Sale P Sandy Alcantara SS Otto Lopez,,,
462,5211865564,mpoit,0,117.45,1B Willson Contreras 2B Nick Sogard 3B Caleb Durbin C Jonah Heim OF Mike Trout OF Eli White OF Jahmai Jones P Chris Sale P Gerrit Cole SS Zach Neto,,,
462,5212251178,astockstill,0,117.45,1B Willson Contreras 2B Xavier Edwards 3B Caleb Durbin C Brian Serven OF Ceddanne Rafaela OF Jarren Duran OF Henry Bolte P Chris Sale P Gerrit Cole SS Andruw Monasterio,,,
464,5211794951,SoxPopuli,0,116.95,1B Willson Contreras 2B Xavier Edwards 3B Caleb Durbin C Jonah Heim OF Mike Trout OF Ceddanne Rafaela OF Jakob Marsee P Sandy Alcantara P Jake Bennett SS Otto Lopez,,,
464,5211882658,jw1984,0,116.95,1B Kyle Stowers 2B Xavier Edwards 3B Caleb Durbin C Drake Baldwin OF Ronald Acuna Jr. OF Michael Harris II OF Jakob Marsee P Sandy Alcantara P Jake Bennett SS Mauricio Dubon,,,
464,5211897343,mkpullano,0,116.95,1B Willson Contreras 2B Xavier Edwards 3B Caleb Durbin C Jonah Heim OF Mike Trout OF Ceddanne Rafaela OF Henry Bolte P Sandy Alcantara P Jake Bennett SS Otto Lopez,,,
464,5212086446,Swirv36,0,116.95,1B Nolan Schanuel 2B Xavier Edwards 3B Caleb Durbin C Drake Baldwin OF Ronald Acuna Jr. OF Mike Trout OF Jarren Duran P Sandy Alcantara P Jake Bennett SS George Lombard Jr.,,,
464,5212273056,mrjbnuts13,0,116.95,1B Willson Contreras 2B Nick Sogard 3B Caleb Durbin C Connor Wong OF Ronald Acuna Jr. OF Ceddanne Rafaela OF Jakob Marsee P Sandy Alcantara P Jake Bennett SS Otto Lopez,,,
469,5212197685,Dilbert29,0,116.9,1B Willson Contreras 2B Ozzie Albies 3B Caleb Durbin C Austin Wells OF Ronald Acuna Jr. OF Ceddanne Rafaela OF Jahmai Jones P Chris Sale P Jake Bennett SS Andruw Monasterio,,,
470,5211816082,bbrvan,0,116.649994,1B Willson Contreras 2B Alika Williams 3B Tommy White C Jonah Heim OF Ronald Acuna Jr. OF Ceddanne Rafaela OF Henry Bolte P Chris Sale P Sandy Alcantara SS Jacob Wilson,,,
470,5211921328,pat_the_hat2,0,116.649994,1B Matt Olson 2B Xavier Edwards 3B Austin Riley C Drake Baldwin OF Heriberto Hernandez OF Jakob Marsee OF Owen Caissie P Chris Sale P Sandy Alcantara SS Otto Lopez,,,
470,5212186251,Airliner34,0,116.649994,1B Willson Contreras 2B Ozzie Albies 3B Caleb Durbin C Jonah Heim OF Ceddanne Rafaela OF Henry Bolte OF Mauricio Dubon P Chris Sale P Sandy Alcantara SS Andruw Monasterio,,,
470,5212228554,ChainGangGang,0,116.649994,1B Willson Contreras 2B Vaughn Grissom 3B Caleb Durbin C Drake Baldwin OF Ceddanne Rafaela OF Michael Harris II OF Jahmai Jones P Chris Sale P Sandy Alcantara SS Andruw Monasterio,,,
470,5212244771,Bnanti12,0,116.649994,1B Willson Contreras 2B Vaughn Grissom 3B Caleb Durbin C Drake Baldwin OF Ceddanne Rafaela OF Michael Harris II OF Jahmai Jones P Chris Sale P Sandy Alcantara SS Andruw Monasterio,,,
470,5212269916,Schlaurizzle,0,116.649994,1B Willson Contreras 2B Vaughn Grissom 3B Caleb Durbin C Drake Baldwin OF Ceddanne Rafaela OF Michael Harris II OF Jahmai Jones P Chris Sale P Sandy Alcantara SS Andruw Monasterio,,,
476,5211887966,NazzAttack,0,116.5,1B Nolan Schanuel 2B Vaughn Grissom 3B Caleb Durbin C Brian Serven OF Ronald Acuna Jr. OF Ceddanne Rafaela OF Jarren Duran P Gerrit Cole P Sandy Alcantara SS Otto Lopez,,,
477,5211733042,HeechNYC,0,116.45,1B Nolan Schanuel 2B Nick Sogard 3B Caleb Durbin C Jonah Heim OF Mike Trout OF Ceddanne Rafaela OF Henry Bolte P Chris Sale P Gerrit Cole SS Andruw Monasterio,,,
477,5211999065,J-Law87,0,116.45,1B Nolan Schanuel 2B Nick Sogard 3B Tommy White C Jonah Heim OF Ronald Acuna Jr. OF Henry Bolte OF Josh Lowe P Chris Sale P Gerrit Cole SS Andruw Monasterio,,,
477,5212108854,WacallyWabbit1,0,116.45,1B Kyle Stowers 2B Xavier Edwards 3B Austin Riley C Connor Wong OF Tyler Soderstrom OF Jarren Duran OF Jakob Marsee P Chris Sale P Gerrit Cole SS Otto Lopez,,,
477,5212252230,FlairFlyers,0,116.45,1B Willson Contreras 2B Vaughn Grissom 3B Caleb Durbin C Austin Wells OF Tyler Soderstrom OF Ceddanne Rafaela OF Griffin Conine P Chris Sale P Gerrit Cole SS Andruw Monasterio,,,
481,5211986966,donthaveaname,0,116,1B Matt Olson 2B Xavier Edwards 3B Austin Riley C Joe Mack OF Tyler Soderstrom OF Henry Bolte OF Wade Meckler P Chris Sale P Gage Jump SS Mauricio Dubon,,,
482,5212035555,RyanKingss,0,115.9,1B Matt Olson 2B Ozzie Albies 3B Caleb Durbin C Drake Baldwin OF Ronald Acuna Jr. OF Henry Bolte OF Jahmai Jones P Chris Sale P Jake Bennett SS Andruw Monasterio,,,
483,5212250575,jpdingster,0,115.85,1B Paul Goldschmidt 2B Vaughn Grissom 3B Amed Rosario C Jonah Heim OF Tyler Soderstrom OF Ceddanne Rafaela OF Michael Harris II P Gerrit Cole P Gage Jump SS George Lombard Jr.,,,
484,5211635874,LASGolf1985,0,115.649994,1B Matt Olson 2B Ozzie Albies 3B Caleb Durbin C Drake Baldwin OF Ceddanne Rafaela OF Jarren Duran OF Jahmai Jones P Chris Sale P Sandy Alcantara SS Andruw Monasterio,,,
484,5211736072,JCMart2,0,115.649994,1B Willson Contreras 2B Xavier Edwards 3B Caleb Durbin C Joe Mack OF Ceddanne Rafaela OF Jarren Duran OF Jakob Marsee P Chris Sale P Sandy Alcantara SS Andruw Monasterio,,,
484,5211739622,crristof,0,115.649994,1B Willson Contreras 2B Xavier Edwards 3B Caleb Durbin C Connor Wong OF Ceddanne Rafaela OF Michael Harris II OF Griffin Conine P Chris Sale P Sandy Alcantara SS Otto Lopez,,,
484,5211856404,Babysnatcha,0,115.649994,1B Willson Contreras 2B Nick Sogard 3B Caleb Durbin C Jonah Heim OF Tyler Soderstrom OF Ceddanne Rafaela OF Jarren Duran P Chris Sale P Sandy Alcantara SS Jose Caballero,,,
484,5211875741,dapperdan999,0,115.649994,1B Willson Contreras 2B Xavier Edwards 3B Tommy White C Connor Wong OF Ronald Acuna Jr. OF Ceddanne Rafaela OF Griffin Conine P Chris Sale P Sandy Alcantara SS Jacob Wilson,,,
484,5211907936,lewisdale,0,115.649994,1B Matt Olson 2B Nick Sogard 3B Caleb Durbin C Joe Mack OF Ronald Acuna Jr. OF Ceddanne Rafaela OF Griffin Conine P Chris Sale P Sandy Alcantara SS Andruw Monasterio,,,
484,5212042250,BK3LT,0,115.649994,1B Kyle Stowers 2B Xavier Edwards 3B Tommy White C Jonah Heim OF Tyler Soderstrom OF Ceddanne Rafaela OF Michael Harris II P Chris Sale P Sandy Alcantara SS Andruw Monasterio,,,
484,5212058314,Jimbobwae42,0,115.649994,1B Willson Contreras 2B Xavier Edwards 3B Caleb Durbin C Joe Mack OF Ceddanne Rafaela OF Jarren Duran OF Jakob Marsee P Chris Sale P Sandy Alcantara SS Andruw Monasterio,,,
484,5212115915,lilhulk,0,115.649994,1B Kyle Stowers 2B Xavier Edwards 3B Jose Caballero C Jonah Heim OF Tyler Soderstrom OF Ceddanne Rafaela OF Michael Harris II P Chris Sale P Sandy Alcantara SS Mauricio Dubon,,,
484,5212237797,KCCheeZ33,0,115.649994,1B Matt Olson 2B Ozzie Albies 3B Caleb Durbin C Drake Baldwin OF Ceddanne Rafaela OF Jarren Duran OF Jahmai Jones P Chris Sale P Sandy Alcantara SS Andruw Monasterio,,,
494,5211973513,discodog182,0,115.5,1B Willson Contreras 2B Xavier Edwards 3B Caleb Durbin C Connor Wong OF Ceddanne Rafaela OF Heliot Ramos OF Jarren Duran P Gerrit Cole P Sandy Alcantara SS Otto Lopez,,,
495,5211882329,godfatherofgainz,0,115.45,1B Nolan Schanuel 2B Xavier Edwards 3B Max Muncy C Jonah Heim OF Ceddanne Rafaela OF Heriberto Hernandez OF Henry Bolte P Chris Sale P Gerrit Cole SS Otto Lopez,,,
495,5212144211,Ronzo99,0,115.45,1B Kyle Stowers 2B Xavier Edwards 3B Javier Sanoja C Moises Ballesteros OF Tyler Soderstrom OF Jarren Duran OF Heriberto Hernandez P Chris Sale P Gerrit Cole SS Otto Lopez,,,
497,5211908163,JWGarrison,0,114.95,1B Matt Olson 2B Xavier Edwards 3B Jose Caballero C Drake Baldwin OF Ronald Acuna Jr. OF Michael Harris II OF Jakob Marsee P Sandy Alcantara P Jake Bennett SS Otto Lopez,,,
497,5212133195,mljetsfan9960,0,114.95,1B Ben Rice 2B Xavier Edwards 3B Javier Sanoja C Drake Baldwin OF Tyler Soderstrom OF Ceddanne Rafaela OF Michael Harris II P Sandy Alcantara P Jake Bennett SS Mauricio Dubon,,,
497,5212226492,flangen,0,114.95,1B Willson Contreras 2B Xavier Edwards 3B Caleb Durbin C Connor Wong OF Ronald Acuna Jr. OF Wilyer Abreu OF Ceddanne Rafaela P Sandy Alcantara P Jake Bennett SS George Lombard Jr.,,,
497,5212239645,GroanDog,0,114.95,1B Kyle Stowers 2B Xavier Edwards 3B Caleb Durbin C Drake Baldwin OF Tyler Soderstrom OF Ceddanne Rafaela OF Michael Harris II P Sandy Alcantara P Jake Bennett SS Otto Lopez,,,
501,5211886088,cutbackjoe,0,114.649994,1B Kyle Stowers 2B Xavier Edwards 3B Caleb Durbin C Connor Wong OF Ronald Acuna Jr. OF Ceddanne Rafaela OF Jarren Duran P Chris Sale P Sandy Alcantara SS Andruw Monasterio,,,
501,5212028824,Lordofthenewbs,0,114.649994,1B Willson Contreras 2B Nick Sogard 3B Caleb Durbin C Drake Baldwin OF Ceddanne Rafaela OF Heriberto Hernandez OF Griffin Conine P Chris Sale P Sandy Alcantara SS Andruw Monasterio,,,
501,5212039532,bheywood,0,114.649994,1B Kyle Stowers 2B Xavier Edwards 3B Caleb Durbin C Joe Mack OF Ronald Acuna Jr. OF Ceddanne Rafaela OF Jarren Duran P Chris Sale P Sandy Alcantara SS Andruw Monasterio,,,
501,5212130592,geraldcolviniii,0,114.649994,1B Kyle Stowers 2B Xavier Edwards 3B Caleb Durbin C Drake Baldwin OF Ceddanne Rafaela OF Michael Harris II OF Griffin Conine P Chris Sale P Sandy Alcantara SS Andruw Monasterio,,,
501,5212224932,Wizeguy1015,0,114.649994,1B Kyle Stowers 2B Xavier Edwards 3B Caleb Durbin C Joe Mack OF Ronald Acuna Jr. OF Ceddanne Rafaela OF Jarren Duran P Chris Sale P Sandy Alcantara SS Andruw Monasterio,,,
501,5212267725,CLanders6390,0,114.649994,1B Kyle Stowers 2B Xavier Edwards 3B Caleb Durbin C Joe Mack OF Ronald Acuna Jr. OF Ceddanne Rafaela OF Jarren Duran P Chris Sale P Sandy Alcantara SS Andruw Monasterio,,,
507,5211810479,dhanesh0726,0,114.45,1B Kyle Stowers 2B Xavier Edwards 3B Caleb Durbin C Joe Mack OF Ceddanne Rafaela OF Jarren Duran OF Jakob Marsee P Chris Sale P Gerrit Cole SS Otto Lopez,,,
507,5211882873,JRIDGE,0,114.45,1B Willson Contreras 2B Nick Sogard 3B Caleb Durbin C Brian Serven OF Ronald Acuna Jr. OF Ceddanne Rafaela OF Josh Lowe P Chris Sale P Gerrit Cole SS Andruw Monasterio,,,
507,5211917859,darth3raider,0,114.45,1B Nolan Schanuel 2B Xavier Edwards 3B Caleb Durbin C Joe Mack OF Mike Trout OF Jarren Duran OF Jakob Marsee P Chris Sale P Gerrit Cole SS Otto Lopez,,,
507,5211939274,Redfish23,0,114.45,1B Willson Contreras 2B Nick Sogard 3B Vaughn Grissom C Austin Wells OF Mike Trout OF Tyler Soderstrom OF Wade Meckler P Chris Sale P Gerrit Cole SS Andruw Monasterio,,,
511,5212044871,Ruckus252,0,114.399994,1B Willson Contreras 2B Nick Sogard 3B Caleb Durbin C Jonah Heim OF Tyler Soderstrom OF Ceddanne Rafaela OF Henry Bolte P Walbert Urena P Sandy Alcantara SS Jacob Wilson,,,
512,5211921830,grrrrmonsta,0,114.05,1B Matt Olson 2B Xavier Edwards 3B Austin Riley C Drake Baldwin OF Ronald Acuna Jr. OF Mike Trout OF Michael Harris II P Sandy Alcantara P Gage Jump SS Jose Caballero,,,
513,5211824706,Mark4343,0,113.95,1B Kyle Stowers 2B Xavier Edwards 3B Caleb Durbin C Drake Baldwin OF Ronald Acuna Jr. OF Ceddanne Rafaela OF Heriberto Hernandez P Sandy Alcantara P Jake Bennett SS Andruw Monasterio,,,
513,5211927827,Irshava2656,0,113.95,1B Ben Rice 2B Nick Sogard 3B Caleb Durbin C Brian Serven OF Ronald Acuna Jr. OF Mike Trout OF Ceddanne Rafaela P Sandy Alcantara P Jake Bennett SS Jose Caballero,,,
513,5211946227,likenoah,0,113.95,1B Kyle Stowers 2B Xavier Edwards 3B Caleb Durbin C Drake Baldwin OF Ronald Acuna Jr. OF Ceddanne Rafaela OF Heriberto Hernandez P Sandy Alcantara P Jake Bennett SS Andruw Monasterio,,,
516,5211854151,Stree,0,113.649994,1B Willson Contreras 2B Nick Sogard 3B Caleb Durbin C Drake Baldwin OF Michael Harris II OF Jarren Duran OF Henry Bolte P Chris Sale P Sandy Alcantara SS Andruw Monasterio,,,
516,5212008532,CDizzle75,0,113.649994,1B Matt Olson 2B Xavier Edwards 3B Jose Caballero C Joe Mack OF Ronald Acuna Jr. OF Michael Harris II OF Griffin Conine P Chris Sale P Sandy Alcantara SS Andruw Monasterio,,,
516,5212060096,mbenson,0,113.649994,1B Kyle Stowers 2B Xavier Edwards 3B Javier Sanoja C Drake Baldwin OF Ronald Acuna Jr. OF Michael Harris II OF Owen Caissie P Chris Sale P Sandy Alcantara SS Jose Caballero,,,
516,5212064716,Chili77,0,113.649994,1B Willson Contreras 2B Vaughn Grissom 3B Caleb Durbin C Drake Baldwin OF Ceddanne Rafaela OF Heliot Ramos OF Jahmai Jones P Chris Sale P Sandy Alcantara SS Andruw Monasterio,,,
516,5212210616,Bye_product,0,113.649994,1B Kyle Stowers 2B Xavier Edwards 3B Caleb Durbin C Drake Baldwin OF Ceddanne Rafaela OF Jarren Duran OF Mauricio Dubon P Chris Sale P Sandy Alcantara SS Otto Lopez,,,
521,5211661643,rizzogizmo,0,113.45,1B Kyle Stowers 2B Nick Sogard 3B Caleb Durbin C Jonah Heim OF Ceddanne Rafaela OF Jarren Duran OF Henry Bolte P Chris Sale P Gerrit Cole SS Andruw Monasterio,,,
521,5211988291,pac10joe,0,113.45,1B Kyle Stowers 2B Xavier Edwards 3B Vaughn Grissom C Moises Ballesteros OF Tyler Soderstrom OF Jarren Duran OF Jakob Marsee P Chris Sale P Gerrit Cole SS Otto Lopez,,,
521,5212108824,JaysonHill,0,113.45,1B Willson Contreras 2B Xavier Edwards 3B Jose Caballero C Jonah Heim OF Michael Harris II OF Heriberto Hernandez OF Griffin Conine P Chris Sale P Gerrit Cole SS Andruw Monasterio,,,
521,5212183686,collincaleb,0,113.45,1B Kyle Stowers 2B Xavier Edwards 3B Caleb Durbin C Drake Baldwin OF Ceddanne Rafaela OF Griffin Conine OF Eli White P Chris Sale P Gerrit Cole SS Otto Lopez,,,
521,5212218335,ballers31,0,113.45,1B Willson Contreras 2B Xavier Edwards 3B Caleb Durbin C Joe Mack OF Ceddanne Rafaela OF Heriberto Hernandez OF Griffin Conine P Chris Sale P Gerrit Cole SS Andruw Monasterio,,,
521,5212230445,jesseem,0,113.45,1B Matt Olson 2B Nick Sogard 3B Austin Riley C Connor Wong OF Ronald Acuna Jr. OF Tyler Soderstrom OF Mauricio Dubon P Chris Sale P Gerrit Cole SS Andruw Monasterio,,,
527,5211772950,PghSteele23,0,113.399994,1B Nick Sogard 2B Xavier Edwards 3B Caleb Durbin C Jonah Heim OF Ronald Acuna Jr. OF Ceddanne Rafaela OF Jarren Duran P Walbert Urena P Sandy Alcantara SS Jacob Wilson,,,
528,5212065582,timjohnsonsr,0,113.3,1B Kyle Stowers 2B Ozzie Albies 3B Caleb Durbin C Jonah Heim OF Ronald Acuna Jr. OF Mike Trout OF Tyler Soderstrom P Jake Bennett P Gage Jump SS Otto Lopez,,,
528,5212144957,j0rdantay10r,0,113.3,1B Willson Contreras 2B Xavier Edwards 3B Tommy White C Drake Baldwin OF Ronald Acuna Jr. OF Jakob Marsee OF Owen Caissie P Jake Bennett P Gage Jump SS Otto Lopez,,,
530,5212074212,mattboyle11,0,112.95,1B Ben Rice 2B Ozzie Albies 3B Caleb Durbin C Joe Mack OF Ronald Acuna Jr. OF Michael Harris II OF Heriberto Hernandez P Sandy Alcantara P Jake Bennett SS Otto Lopez,,,
530,5212217346,greengoon,0,112.95,1B Willson Contreras 2B Xavier Edwards 3B Caleb Durbin C Drake Baldwin OF Ronald Acuna Jr. OF Ceddanne Rafaela OF Eli White P Sandy Alcantara P Jake Bennett SS Otto Lopez,,,
532,5211563141,jstodd22,0,112.9,1B Matt Olson 2B Nick Sogard 3B Caleb Durbin C Drake Baldwin OF Ronald Acuna Jr. OF Ceddanne Rafaela OF Jahmai Jones P Chris Sale P Jake Bennett SS Andruw Monasterio,,,
532,5211878357,Drewski9090,0,112.9,1B Matt Olson 2B Nick Sogard 3B Caleb Durbin C Drake Baldwin OF Ronald Acuna Jr. OF Michael Harris II OF Jahmai Jones P Chris Sale P Jake Bennett SS Andruw Monasterio,,,
532,5211979374,Mr.FanGuru,0,112.9,1B Matt Olson 2B Nick Sogard 3B Caleb Durbin C Drake Baldwin OF Ronald Acuna Jr. OF Ceddanne Rafaela OF Jahmai Jones P Chris Sale P Jake Bennett SS Andruw Monasterio,,,
532,5212114034,cantfademe,0,112.9,1B Matt Olson 2B Nick Sogard 3B Caleb Durbin C Drake Baldwin OF Ronald Acuna Jr. OF Ceddanne Rafaela OF Jahmai Jones P Chris Sale P Jake Bennett SS Andruw Monasterio,,,
532,5212145639,Dricou,0,112.9,1B Matt Olson 2B Nick Sogard 3B Caleb Durbin C Drake Baldwin OF Ronald Acuna Jr. OF Ceddanne Rafaela OF Jahmai Jones P Chris Sale P Jake Bennett SS Andruw Monasterio,,,
532,5212268735,xXxPLOSIVE,0,112.9,1B Matt Olson 2B Nick Sogard 3B Caleb Durbin C Drake Baldwin OF Ronald Acuna Jr. OF Ceddanne Rafaela OF Jahmai Jones P Chris Sale P Jake Bennett SS Andruw Monasterio,,,
538,5211878787,joltman1974,0,112.649994,1B Kyle Stowers 2B Xavier Edwards 3B Max Muncy C Brian Serven OF Mike Trout OF Tyler Soderstrom OF Ceddanne Rafaela P Chris Sale P Sandy Alcantara SS Jacob Wilson,,,
538,5211903820,ajmccann,0,112.649994,1B Kyle Stowers 2B Nick Sogard 3B Tommy White C Jonah Heim OF Ronald Acuna Jr. OF Michael Harris II OF Heriberto Hernandez P Chris Sale P Sandy Alcantara SS Andruw Monasterio,,,
538,5211952369,leopard1,0,112.649994,1B Kyle Stowers 2B Nick Sogard 3B Caleb Durbin C Joe Mack OF Ronald Acuna Jr. OF Ceddanne Rafaela OF Michael Harris II P Chris Sale P Sandy Alcantara SS Andruw Monasterio,,,
538,5211987648,Leithal13,0,112.649994,1B Matt Olson 2B Nick Sogard 3B Caleb Durbin C Drake Baldwin OF Ceddanne Rafaela OF Michael Harris II OF Mike Yastrzemski P Chris Sale P Sandy Alcantara SS Andruw Monasterio,,,
538,5212070196,brysonlindsey27,0,112.649994,1B Matt Olson 2B Nick Sogard 3B Caleb Durbin C Connor Wong OF Tyler Soderstrom OF Ceddanne Rafaela OF Jarren Duran P Chris Sale P Sandy Alcantara SS Jacob Wilson,,,
538,5212150938,jholse,0,112.649994,1B Kyle Stowers 2B Xavier Edwards 3B Austin Riley C Jonah Heim OF Tyler Soderstrom OF Ceddanne Rafaela OF Jarren Duran P Chris Sale P Sandy Alcantara SS Andruw Monasterio,,,
538,5212160129,hsojsenoj,0,112.649994,1B Willson Contreras 2B Nick Sogard 3B Caleb Durbin C Drake Baldwin OF Ronald Acuna Jr. OF Heliot Ramos OF Eli White P Chris Sale P Sandy Alcantara SS Andruw Monasterio,,,
538,5212166303,Satch65,0,112.649994,1B Willson Contreras 2B Nick Sogard 3B Caleb Durbin C Drake Baldwin OF Ceddanne Rafaela OF Griffin Conine OF Eli White P Chris Sale P Sandy Alcantara SS Otto Lopez,,,
538,5212168148,superjjp2001,0,112.649994,1B Willson Contreras 2B Alika Williams 3B Caleb Durbin C Jonah Heim OF Tyler Soderstrom OF Ceddanne Rafaela OF Jarren Duran P Chris Sale P Sandy Alcantara SS Andruw Monasterio,,,
538,5212179488,1BostonBoys1,0,112.649994,1B Willson Contreras 2B Ozzie Albies 3B Caleb Durbin C Drake Baldwin OF Ceddanne Rafaela OF Griffin Conine OF Mike Yastrzemski P Chris Sale P Sandy Alcantara SS Andruw Monasterio,,,
538,5212243219,raiders616,0,112.649994,1B Willson Contreras 2B Ozzie Albies 3B Caleb Durbin C Drake Baldwin OF Ceddanne Rafaela OF Wade Meckler OF Mike Yastrzemski P Chris Sale P Sandy Alcantara SS Andruw Monasterio,,,
549,5212193466,goolie1228,0,112.45,1B Willson Contreras 2B Xavier Edwards 3B Vaughn Grissom C Connor Wong OF Ceddanne Rafaela OF Henry Bolte OF Jakob Marsee P Chris Sale P Gerrit Cole SS Andruw Monasterio,,,
550,5212243480,FlyingBurritos,0,112,1B Matt Olson 2B Xavier Edwards 3B Tommy White C Drake Baldwin OF Ronald Acuna Jr. OF Michael Harris II OF Mauricio Dubon P Chris Sale P Gage Jump SS Otto Lopez,,,
551,5212082221,hudweb1,0,111.95,1B Willson Contreras 2B Xavier Edwards 3B Caleb Durbin C Jonah Heim OF Ronald Acuna Jr. OF Ceddanne Rafaela OF Jarren Duran P Sandy Alcantara P Jake Bennett SS Andruw Monasterio,,,
551,5212160242,nbr1687,0,111.95,1B Willson Contreras 2B Nick Sogard 3B Caleb Durbin C Jonah Heim OF Mike Trout OF Ceddanne Rafaela OF Henry Bolte P Sandy Alcantara P Jake Bennett SS Otto Lopez,,,
553,5211679307,demetrius.bailey,0,111.649994,1B Kyle Stowers 2B Ozzie Albies 3B Caleb Durbin C Brian Serven OF Tyler Soderstrom OF Ceddanne Rafaela OF Michael Harris II P Chris Sale P Sandy Alcantara SS Andruw Monasterio,,,
553,5211738003,krism1956,0,111.649994,1B Matt Olson 2B Nick Sogard 3B Amed Rosario C Drake Baldwin OF Tyler Soderstrom OF Ceddanne Rafaela OF Michael Harris II P Chris Sale P Sandy Alcantara SS George Lombard Jr.,,,
553,5211741212,Hoily,0,111.649994,1B Willson Contreras 2B Ozzie Albies 3B Caleb Durbin C Jonah Heim OF Ceddanne Rafaela OF Henry Bolte OF Eli White P Chris Sale P Sandy Alcantara SS Andruw Monasterio,,,
553,5212059277,EJMiles37,0,111.649994,1B Kyle Stowers 2B Nick Sogard 3B Austin Riley C Joe Mack OF Ronald Acuna Jr. OF Tyler Soderstrom OF Heliot Ramos P Chris Sale P Sandy Alcantara SS Andruw Monasterio,,,
553,5212144254,Finlaggan,0,111.649994,1B Kyle Stowers 2B Nick Sogard 3B Javier Sanoja C Jonah Heim OF Ronald Acuna Jr. OF Ceddanne Rafaela OF Jarren Duran P Chris Sale P Sandy Alcantara SS Andruw Monasterio,,,
553,5212151833,pkrinthedrkstar,0,111.649994,1B Nick Sogard 2B Ozzie Albies 3B Caleb Durbin C Drake Baldwin OF Ronald Acuna Jr. OF Michael Harris II OF Jarren Duran P Chris Sale P Sandy Alcantara SS Mauricio Dubon,,,
559,5211646486,elicash23,0,111.45,1B Kyle Stowers 2B Alika Williams 3B Caleb Durbin C Brian Serven OF Ronald Acuna Jr. OF Ceddanne Rafaela OF Heriberto Hernandez P Chris Sale P Gerrit Cole SS Andruw Monasterio,,,
559,5211783262,Brewhaus,0,111.45,1B Kyle Stowers 2B Nick Sogard 3B Tommy White C Connor Wong OF Ronald Acuna Jr. OF Tyler Soderstrom OF Ceddanne Rafaela P Chris Sale P Gerrit Cole SS Andruw Monasterio,,,
559,5211926347,carlson2000,0,111.45,1B Matt Olson 2B Ozzie Albies 3B Caleb Durbin C Austin Wells OF Ceddanne Rafaela OF Jarren Duran OF Mauricio Dubon P Chris Sale P Gerrit Cole SS George Lombard Jr.,,,
559,5211957304,bravesfan2366,0,111.45,1B Paul Goldschmidt 2B Xavier Edwards 3B Caleb Durbin C Jonah Heim OF Mike Trout OF Lawrence Butler OF Eli White P Chris Sale P Gerrit Cole SS Zach Neto,,,
559,5211991717,trybicki,0,111.45,1B Willson Contreras 2B Nick Sogard 3B Denzer Guzman C Moises Ballesteros OF Mike Trout OF Ceddanne Rafaela OF Jahmai Jones P Chris Sale P Gerrit Cole SS Andruw Monasterio,,,
559,5212190688,solutionsports,0,111.45,1B Nick Sogard 2B Vaughn Grissom 3B Austin Riley C Drake Baldwin OF Mike Trout OF Ceddanne Rafaela OF Jahmai Jones P Chris Sale P Gerrit Cole SS Andruw Monasterio,,,
565,5211709829,Luiyopr,0,111.399994,1B Willson Contreras 2B Nick Sogard 3B Jose Caballero C Drake Baldwin OF Ronald Acuna Jr. OF Ceddanne Rafaela OF Spencer Jones P Walbert Urena P Sandy Alcantara SS Jacob Wilson,,,
566,5212106668,davidarussellii,0,111,1B Kyle Stowers 2B Xavier Edwards 3B Max Muncy C Brian Serven OF Jakob Marsee OF Lawrence Butler OF Griffin Conine P Chris Sale P Gage Jump SS Zach Neto,,,
567,5212241143,scottaberg,0,110.95,1B Willson Contreras 2B Xavier Edwards 3B Caleb Durbin C Joe Mack OF Ronald Acuna Jr. OF Ceddanne Rafaela OF Michael Harris II P Sandy Alcantara P Jake Bennett SS Otto Lopez,,,
568,5212192752,lilytiger,0,110.9,1B Matt Olson 2B Xavier Edwards 3B Caleb Durbin C Connor Wong OF Ronald Acuna Jr. OF Mike Trout OF Jakob Marsee P Chris Sale P Jake Bennett SS George Lombard Jr.,,,
569,5212070676,LionKing1957,0,110.75,1B Ben Rice 2B Nick Sogard 3B Caleb Durbin C Drake Baldwin OF Ceddanne Rafaela OF Jarren Duran OF Henry Bolte P Gerrit Cole P Jake Bennett SS Andruw Monasterio,,,
570,5211676764,dgubatan,0,110.649994,1B Kyle Stowers 2B Ozzie Albies 3B Javier Sanoja C Drake Baldwin OF Michael Harris II OF Jakob Marsee OF Griffin Conine P Chris Sale P Sandy Alcantara SS Otto Lopez,,,
570,5211880292,dfriel6654,0,110.649994,1B Matt Olson 2B Nick Sogard 3B Caleb Durbin C Drake Baldwin OF Ceddanne Rafaela OF Jarren Duran OF Henry Bolte P Chris Sale P Sandy Alcantara SS Andruw Monasterio,,,
570,5211944730,drpimpsumn,0,110.649994,1B Kyle Stowers 2B Xavier Edwards 3B Caleb Durbin C Drake Baldwin OF Ceddanne Rafaela OF Jarren Duran OF Heriberto Hernandez P Chris Sale P Sandy Alcantara SS Andruw Monasterio,,,
570,5212075962,redyodagirl,0,110.649994,1B Matt Olson 2B Nick Sogard 3B Caleb Durbin C Drake Baldwin OF Ceddanne Rafaela OF Jarren Duran OF Henry Bolte P Chris Sale P Sandy Alcantara SS Andruw Monasterio,,,
570,5212129053,Quinzon,0,110.649994,1B Kyle Stowers 2B Xavier Edwards 3B Caleb Durbin C Joe Mack OF Wilyer Abreu OF Ceddanne Rafaela OF Heriberto Hernandez P Chris Sale P Sandy Alcantara SS Otto Lopez,,,
570,5212248823,CupcakesWinter,0,110.649994,1B Willson Contreras 2B Ozzie Albies 3B Caleb Durbin C Connor Wong OF Ronald Acuna Jr. OF Michael Harris II OF Wade Meckler P Chris Sale P Sandy Alcantara SS Andruw Monasterio,,,
570,5212252819,scotthbud,0,110.649994,1B Willson Contreras 2B Xavier Edwards 3B Denzer Guzman C Drake Baldwin OF Ronald Acuna Jr. OF Ceddanne Rafaela OF Griffin Conine P Chris Sale P Sandy Alcantara SS Alika Williams,,,
570,5212272420,Midlandman,0,110.649994,1B Paul Goldschmidt 2B Ozzie Albies 3B Caleb Durbin C Drake Baldwin OF Michael Harris II OF Jarren Duran OF Henry Bolte P Chris Sale P Sandy Alcantara SS Otto Lopez,,,
570,5212287227,JennBhere,0,110.649994,1B Willson Contreras 2B Ozzie Albies 3B Caleb Durbin C Connor Wong OF Ronald Acuna Jr. OF Michael Harris II OF Wade Meckler P Chris Sale P Sandy Alcantara SS Andruw Monasterio,,,
579,5211889633,Dennissallee,0,110.45,1B Kyle Stowers 2B Nick Sogard 3B Caleb Durbin C Jonah Heim OF Michael Harris II OF Jarren Duran OF Griffin Conine P Chris Sale P Gerrit Cole SS Otto Lopez,,,
580,5212128253,beenjammin98,0,110.399994,1B Willson Contreras 2B Ozzie Albies 3B Caleb Durbin C Drake Baldwin OF Ronald Acuna Jr. OF Michael Harris II OF Jahmai Jones P Walbert Urena P Sandy Alcantara SS Andruw Monasterio,,,
580,5212258227,wmudude24,0,110.399994,1B Willson Contreras 2B Ozzie Albies 3B Caleb Durbin C Drake Baldwin OF Ronald Acuna Jr. OF Ceddanne Rafaela OF Jahmai Jones P Walbert Urena P Sandy Alcantara SS Andruw Monasterio,,,
582,5212011207,cmiller0624,0,110,1B Kyle Stowers 2B Xavier Edwards 3B Javier Sanoja C Joe Mack OF Ronald Acuna Jr. OF Michael Harris II OF Jakob Marsee P Chris Sale P Gage Jump SS Zach Neto,,,
582,5212043993,TwoHearted,0,110,1B Matt Olson 2B Ozzie Albies 3B Tommy White C Brian Serven OF Ronald Acuna Jr. OF Tyler Soderstrom OF Michael Harris II P Chris Sale P Gage Jump SS Jacob Wilson,,,
584,5212041706,twobeasts,0,109.95,1B Ben Rice 2B Nick Sogard 3B Caleb Durbin C Drake Baldwin OF Ceddanne Rafaela OF Trent Grisham OF Michael Harris II P Sandy Alcantara P Jake Bennett SS Andruw Monasterio,,,
584,5212061980,harmon2121,0,109.95,1B Matt Olson 2B Xavier Edwards 3B Caleb Durbin C Tyler Heineman OF Ronald Acuna Jr. OF Mike Trout OF Ceddanne Rafaela P Sandy Alcantara P Jake Bennett SS Otto Lopez,,,
584,5212168250,rickbo81,0,109.95,1B Willson Contreras 2B Xavier Edwards 3B Caleb Durbin C Agustin Ramirez OF Mike Trout OF Ceddanne Rafaela OF Jakob Marsee P Sandy Alcantara P Jake Bennett SS Otto Lopez,,,
584,5212219611,joseph.kiley,0,109.95,1B Ben Rice 2B Ozzie Albies 3B Caleb Durbin C Connor Wong OF Ronald Acuna Jr. OF Ceddanne Rafaela OF Trent Grisham P Sandy Alcantara P Jake Bennett SS Andruw Monasterio,,,
584,5212240286,Task,0,109.95,1B Ben Rice 2B Xavier Edwards 3B Caleb Durbin C Drake Baldwin OF Ronald Acuna Jr. OF Heliot Ramos OF Jarren Duran P Sandy Alcantara P Jake Bennett SS Jim Jarvis,,,
584,5212273955,meekfill,0,109.95,1B Kyle Stowers 2B Xavier Edwards 3B Caleb Durbin C Drake Baldwin OF Ronald Acuna Jr. OF Ceddanne Rafaela OF Michael Harris II P Sandy Alcantara P Jake Bennett SS Andruw Monasterio,,,
590,5211714888,dragnalus,0,109.9,1B Willson Contreras 2B Xavier Edwards 3B Caleb Durbin C Drake Baldwin OF Ceddanne Rafaela OF Michael Harris II OF Jahmai Jones P Chris Sale P Jake Bennett SS Andruw Monasterio,,,
590,5211810716,Mr.Jay17,0,109.9,1B Willson Contreras 2B Xavier Edwards 3B Caleb Durbin C Drake Baldwin OF Ceddanne Rafaela OF Jarren Duran OF Jahmai Jones P Chris Sale P Jake Bennett SS Otto Lopez,,,
590,5211880886,butchismyhomie,0,109.9,1B Willson Contreras 2B Xavier Edwards 3B Caleb Durbin C Drake Baldwin OF Ceddanne Rafaela OF Michael Harris II OF Jahmai Jones P Chris Sale P Jake Bennett SS Andruw Monasterio,,,
590,5212058390,jreigle81,0,109.9,1B Willson Contreras 2B Xavier Edwards 3B Caleb Durbin C Drake Baldwin OF Ceddanne Rafaela OF Michael Harris II OF Jahmai Jones P Chris Sale P Jake Bennett SS Andruw Monasterio,,,
590,5212144205,MrPredetermine,0,109.9,1B Willson Contreras 2B Xavier Edwards 3B Caleb Durbin C Drake Baldwin OF Ceddanne Rafaela OF Michael Harris II OF Jahmai Jones P Chris Sale P Jake Bennett SS Andruw Monasterio,,,
590,5212278004,J-Rock-R,0,109.9,1B Willson Contreras 2B Xavier Edwards 3B Caleb Durbin C Drake Baldwin OF Ceddanne Rafaela OF Michael Harris II OF Jahmai Jones P Chris Sale P Jake Bennett SS Andruw Monasterio,,,
596,5211810190,Bobbergonzo,0,109.649994,1B Matt Olson 2B Xavier Edwards 3B Austin Riley C Connor Wong OF Ronald Acuna Jr. OF Michael Harris II OF Owen Caissie P Chris Sale P Sandy Alcantara SS Otto Lopez,,,
596,5211873133,mickevcarter,0,109.649994,1B Willson Contreras 2B Ozzie Albies 3B Caleb Durbin C Connor Wong OF Ronald Acuna Jr. OF Ceddanne Rafaela OF Mauricio Dubon P Chris Sale P Sandy Alcantara SS Andruw Monasterio,,,
596,5211874070,evan15_15,0,109.649994,1B Kyle Stowers 2B Xavier Edwards 3B Max Muncy C Jonah Heim OF Mike Trout OF Jarren Duran OF Lawrence Butler P Chris Sale P Sandy Alcantara SS Otto Lopez,,,
596,5211879462,Tbit79,0,109.649994,1B Kyle Stowers 2B Nick Sogard 3B Caleb Durbin C Joe Mack OF Ceddanne Rafaela OF Jarren Duran OF Jakob Marsee P Chris Sale P Sandy Alcantara SS Andruw Monasterio,,,
596,5211882545,Jojobooboo,0,109.649994,1B Willson Contreras 2B Nick Sogard 3B Caleb Durbin C Drake Baldwin OF Ceddanne Rafaela OF Michael Harris II OF Mauricio Dubon P Chris Sale P Sandy Alcantara SS Andruw Monasterio,,,
596,5211890473,aurum48,0,109.649994,1B Nick Sogard 2B Ozzie Albies 3B Austin Riley C Drake Baldwin OF Ronald Acuna Jr. OF Michael Harris II OF Eli White P Chris Sale P Sandy Alcantara SS Otto Lopez,,,
596,5211905874,PresidentLeach,0,109.649994,1B Kyle Stowers 2B Ozzie Albies 3B Austin Riley C Drake Baldwin OF Michael Harris II OF Henry Bolte OF Mike Yastrzemski P Chris Sale P Sandy Alcantara SS Otto Lopez,,,
596,5211926980,Dcline3333,0,109.649994,1B Willson Contreras 2B Ozzie Albies 3B Caleb Durbin C Connor Wong OF Ronald Acuna Jr. OF Ceddanne Rafaela OF Mauricio Dubon P Chris Sale P Sandy Alcantara SS Andruw Monasterio,,,
596,5212027078,FrozenFromundaCheese,0,109.649994,1B Kyle Stowers 2B Xavier Edwards 3B Max Muncy C Drake Baldwin OF Ceddanne Rafaela OF Michael Harris II OF Jakob Marsee P Chris Sale P Sandy Alcantara SS Jacob Wilson,,,
596,5212144491,mljackson5,0,109.649994,1B Matt Olson 2B Ozzie Albies 3B Caleb Durbin C Jonah Heim OF Michael Harris II OF Lane Thomas OF Henry Bolte P Chris Sale P Sandy Alcantara SS Jacob Wilson,,,
596,5212180851,redmanan,0,109.649994,1B Willson Contreras 2B Nick Sogard 3B Caleb Durbin C Drake Baldwin OF Ceddanne Rafaela OF Michael Harris II OF Mauricio Dubon P Chris Sale P Sandy Alcantara SS Andruw Monasterio,,,
596,5212206354,Jschnese15,0,109.649994,1B Kyle Stowers 2B Ozzie Albies 3B Denzer Guzman C Connor Wong OF Ronald Acuna Jr. OF Tyler Soderstrom OF Ceddanne Rafaela P Chris Sale P Sandy Alcantara SS Jacob Wilson,,,
608,5212088398,richmondrob7,0,109.45,1B Willson Contreras 2B Nick Sogard 3B Caleb Durbin C Moises Ballesteros OF Ronald Acuna Jr. OF Ceddanne Rafaela OF Josh Lowe P Chris Sale P Gerrit Cole SS Andruw Monasterio,,,
608,5212127614,BlackIice,0,109.45,1B Kyle Stowers 2B Xavier Edwards 3B Max Muncy C Joe Mack OF Ceddanne Rafaela OF Spencer Jones OF Eli White P Chris Sale P Gerrit Cole SS Andruw Monasterio,,,
610,5212125920,JmonsterB,0,108.95,1B Willson Contreras 2B Xavier Edwards 3B Caleb Durbin C Drake Baldwin OF Tyler Soderstrom OF Ceddanne Rafaela OF Michael Harris II P Sandy Alcantara P Jake Bennett SS Jose Caballero,,,
610,5212162674,scboll,0,108.95,1B Willson Contreras 2B Vaughn Grissom 3B Caleb Durbin C Jonah Heim OF Mike Trout OF Ceddanne Rafaela OF Jahmai Jones P Sandy Alcantara P Jake Bennett SS Andruw Monasterio,,,
610,5212198960,4prongdigger,0,108.95,1B Ben Rice 2B Ozzie Albies 3B Caleb Durbin C Drake Baldwin OF Michael Harris II OF Heliot Ramos OF Mauricio Dubon P Sandy Alcantara P Jake Bennett SS George Lombard Jr.,,,
610,5212222884,bobalouy,0,108.95,1B Kyle Stowers 2B Xavier Edwards 3B Caleb Durbin C Joe Mack OF Ronald Acuna Jr. OF Mike Trout OF Ceddanne Rafaela P Sandy Alcantara P Jake Bennett SS Otto Lopez,,,
614,5211820759,TheHyperCritic,0,108.9,1B Willson Contreras 2B Alika Williams 3B Caleb Durbin C Drake Baldwin OF Ronald Acuna Jr. OF Ceddanne Rafaela OF Jahmai Jones P Chris Sale P Jake Bennett SS Andruw Monasterio,,,
615,5211416026,dmb250,0,108.649994,1B Matt Olson 2B Nick Sogard 3B Caleb Durbin C Drake Baldwin OF Tyler Soderstrom OF Michael Harris II OF Jarren Duran P Chris Sale P Sandy Alcantara SS Mauricio Dubon,,,
615,5211766793,ImaDonk11,0,108.649994,1B Willson Contreras 2B Nick Sogard 3B Max Muncy C Jonah Heim OF Tyler Soderstrom OF Ceddanne Rafaela OF Jarren Duran P Chris Sale P Sandy Alcantara SS Jacob Wilson,,,
615,5211909319,WaitTilNextYear,0,108.649994,1B Willson Contreras 2B Alika Williams 3B Caleb Durbin C Drake Baldwin OF Ronald Acuna Jr. OF Ceddanne Rafaela OF Eli White P Chris Sale P Sandy Alcantara SS Andruw Monasterio,,,
615,5211982925,verdineka,0,108.649994,1B Matt Olson 2B Xavier Edwards 3B Caleb Durbin C Joe Mack OF Ronald Acuna Jr. OF Michael Harris II OF Jarren Duran P Chris Sale P Sandy Alcantara SS Mauricio Dubon,,,
615,5212021923,Wolfskiii77,0,108.649994,1B Kyle Stowers 2B Nick Sogard 3B Caleb Durbin C Drake Baldwin OF Mike Trout OF Ceddanne Rafaela OF Griffin Conine P Chris Sale P Sandy Alcantara SS Andruw Monasterio,,,
615,5212052682,coachrr,0,108.649994,1B Matt Olson 2B Xavier Edwards 3B Caleb Durbin C Drake Baldwin OF Ceddanne Rafaela OF Jarren Duran OF Mauricio Dubon P Chris Sale P Sandy Alcantara SS Andruw Monasterio,,,
615,5212121463,CPVicious,0,108.649994,1B Matt Olson 2B Xavier Edwards 3B Caleb Durbin C Drake Baldwin OF Ceddanne Rafaela OF Michael Harris II OF Wade Meckler P Chris Sale P Sandy Alcantara SS Mauricio Dubon,,,
615,5212149184,Retnuh1203,0,108.649994,1B Willson Contreras 2B Alika Williams 3B Caleb Durbin C Drake Baldwin OF Ronald Acuna Jr. OF Ceddanne Rafaela OF Eli White P Chris Sale P Sandy Alcantara SS Andruw Monasterio,,,
615,5212201676,Blowgamer420,0,108.649994,1B Nick Sogard 2B Ozzie Albies 3B Caleb Durbin C Jonah Heim OF Wilyer Abreu OF Ceddanne Rafaela OF Michael Harris II P Chris Sale P Sandy Alcantara SS Andruw Monasterio,,,
615,5212233244,mtkenny22,0,108.649994,1B Willson Contreras 2B Xavier Edwards 3B Caleb Durbin C Joe Mack OF Ceddanne Rafaela OF Jarren Duran OF Heriberto Hernandez P Chris Sale P Sandy Alcantara SS Andruw Monasterio,,,
625,5211651428,fasteddie35,0,108.45,1B Kyle Stowers 2B Vaughn Grissom 3B Caleb Durbin C Jonah Heim OF Ceddanne Rafaela OF Lawrence Butler OF Griffin Conine P Chris Sale P Gerrit Cole SS Andruw Monasterio,,,
625,5212290666,Kramsta21,0,108.45,1B Paul Goldschmidt 2B Xavier Edwards 3B Caleb Durbin C Tyler Heineman OF Mike Trout OF Ceddanne Rafaela OF Michael Harris II P Chris Sale P Gerrit Cole SS Andruw Monasterio,,,
627,5212176596,mkoonz,0,108.399994,1B Nick Sogard 2B Ozzie Albies 3B Caleb Durbin C Drake Baldwin OF Tyler Soderstrom OF Ceddanne Rafaela OF Mike Yastrzemski P Walbert Urena P Sandy Alcantara SS Andruw Monasterio,,,
627,5212233657,PayBigG,0,108.399994,1B Nick Sogard 2B Xavier Edwards 3B Caleb Durbin C Drake Baldwin OF Wilyer Abreu OF Tyler Soderstrom OF Michael Harris II P Walbert Urena P Sandy Alcantara SS Andruw Monasterio,,,
629,5211776208,bearcat_coach,0,107.9,1B Willson Contreras 2B Xavier Edwards 3B Caleb Durbin C Drake Baldwin OF Ceddanne Rafaela OF Henry Bolte OF Jakob Marsee P Chris Sale P Jake Bennett SS Andruw Monasterio,,,
629,5211901653,Audisav,0,107.9,1B Nick Sogard 2B Ozzie Albies 3B Caleb Durbin C Joe Mack OF Ronald Acuna Jr. OF Tyler Soderstrom OF Trent Grisham P Chris Sale P Jake Bennett SS Andruw Monasterio,,,
629,5212254904,blindwoman1312,0,107.9,1B Willson Contreras 2B Ozzie Albies 3B Caleb Durbin C Moises Ballesteros OF Ronald Acuna Jr. OF Michael Harris II OF Jahmai Jones P Chris Sale P Jake Bennett SS Otto Lopez,,,
632,5211887969,M1n1Ditkas,0,107.75,1B Ben Rice 2B Xavier Edwards 3B Vaughn Grissom C Joe Mack OF Mike Trout OF Heriberto Hernandez OF Jakob Marsee P Gerrit Cole P Jake Bennett SS Otto Lopez,,,
633,5211902036,Ericleit69,0,107.649994,1B Willson Contreras 2B Ozzie Albies 3B Caleb Durbin C Drake Baldwin OF Ceddanne Rafaela OF Henry Bolte OF Eli White P Chris Sale P Sandy Alcantara SS Andruw Monasterio,,,
633,5211921252,rwdw0822,0,107.649994,1B Willson Contreras 2B Ozzie Albies 3B Caleb Durbin C Connor Wong OF Ronald Acuna Jr. OF Ceddanne Rafaela OF Owen Caissie P Chris Sale P Sandy Alcantara SS Andruw Monasterio,,,
633,5211983369,Briangill,0,107.649994,1B Nolan Schanuel 2B Xavier Edwards 3B Caleb Durbin C Drake Baldwin OF Ceddanne Rafaela OF Michael Harris II OF Heliot Ramos P Chris Sale P Sandy Alcantara SS Andruw Monasterio,,,
633,5212017416,mostwanted009,0,107.649994,1B Matt Olson 2B Nick Sogard 3B Caleb Durbin C Drake Baldwin OF Ceddanne Rafaela OF Michael Harris II OF Griffin Conine P Chris Sale P Sandy Alcantara SS Andruw Monasterio,,,
633,5212102977,chadrock78,0,107.649994,1B Matt Olson 2B Nick Sogard 3B Caleb Durbin C Drake Baldwin OF Ceddanne Rafaela OF Michael Harris II OF Griffin Conine P Chris Sale P Sandy Alcantara SS Andruw Monasterio,,,
633,5212220032,premier_player,0,107.649994,1B Nick Sogard 2B Ozzie Albies 3B Caleb Durbin C Jonah Heim OF Mike Trout OF Ceddanne Rafaela OF Jarren Duran P Chris Sale P Sandy Alcantara SS Andruw Monasterio,,,
633,5212238522,obr175,0,107.649994,1B Willson Contreras 2B Ozzie Albies 3B Caleb Durbin C Drake Baldwin OF Ceddanne Rafaela OF Jakob Marsee OF Eli White P Chris Sale P Sandy Alcantara SS Andruw Monasterio,,,
633,5212273944,jcollier0913,0,107.649994,1B Willson Contreras 2B Ozzie Albies 3B Austin Riley C Drake Baldwin OF Ceddanne Rafaela OF Jarren Duran OF Jahmai Jones P Chris Sale P Sandy Alcantara SS Andruw Monasterio,,,
641,5212153083,ale112,0,107.5,1B Kyle Stowers 2B Nick Sogard 3B Javier Sanoja C Drake Baldwin OF Wilyer Abreu OF Ceddanne Rafaela OF Jarren Duran P Gerrit Cole P Sandy Alcantara SS Otto Lopez,,,
642,5211786317,jhojacker,0,107.45,1B Kyle Stowers 2B Vaughn Grissom 3B Caleb Durbin C Jonah Heim OF Mike Trout OF Henry Bolte OF Griffin Conine P Chris Sale P Gerrit Cole SS Andruw Monasterio,,,
642,5211901325,RJ_Football5000,0,107.45,1B Ben Rice 2B Alika Williams 3B Amed Rosario C Austin Wells OF Mike Trout OF Ceddanne Rafaela OF Heliot Ramos P Chris Sale P Gerrit Cole SS George Lombard Jr.,,,
642,5211987575,BIGB44,0,107.45,1B Nick Sogard 2B Vaughn Grissom 3B Caleb Durbin C Connor Wong OF Ronald Acuna Jr. OF Ceddanne Rafaela OF Michael Harris II P Chris Sale P Gerrit Cole SS Andruw Monasterio,,,
642,5212029469,raiderfan88,0,107.45,1B Willson Contreras 2B Xavier Edwards 3B Caleb Durbin C Joe Mack OF Ceddanne Rafaela OF Jarren Duran OF Javier Sanoja P Chris Sale P Gerrit Cole SS Andruw Monasterio,,,
642,5212065993,Lscanson,0,107.45,1B Willson Contreras 2B Xavier Edwards 3B Caleb Durbin C Joe Mack OF Ceddanne Rafaela OF Jarren Duran OF Javier Sanoja P Chris Sale P Gerrit Cole SS Andruw Monasterio,,,
642,5212209874,SaucyJack1001,0,107.45,1B Ben Rice 2B Xavier Edwards 3B Tommy White C Jonah Heim OF Michael Harris II OF Heliot Ramos OF Josh Lowe P Chris Sale P Gerrit Cole SS Andruw Monasterio,,,
642,5212268880,tcusickmn,0,107.45,1B Willson Contreras 2B Xavier Edwards 3B Caleb Durbin C Moises Ballesteros OF Ceddanne Rafaela OF Jarren Duran OF Javier Sanoja P Chris Sale P Gerrit Cole SS Andruw Monasterio,,,
649,5211906133,BenSeligman,0,107.399994,1B Matt Olson 2B Ozzie Albies 3B Caleb Durbin C Drake Baldwin OF Ronald Acuna Jr. OF Ceddanne Rafaela OF Jahmai Jones P Walbert Urena P Sandy Alcantara SS Andruw Monasterio,,,
649,5212000247,geoghegan8,0,107.399994,1B Willson Contreras 2B Nick Sogard 3B Caleb Durbin C Austin Wells OF Ronald Acuna Jr. OF Ceddanne Rafaela OF Trent Grisham P Walbert Urena P Sandy Alcantara SS Andruw Monasterio,,,
649,5212031413,jnwallen,0,107.399994,1B Matt Olson 2B Ozzie Albies 3B Caleb Durbin C Drake Baldwin OF Ronald Acuna Jr. OF Michael Harris II OF Jahmai Jones P Walbert Urena P Sandy Alcantara SS Andruw Monasterio,,,
652,5211983384,MercyRule,0,107,1B Luis Garcia Jr. 2B Vaughn Grissom 3B Caleb Durbin C Jonah Heim OF Ronald Acuna Jr. OF Ceddanne Rafaela OF Owen Caissie P Chris Sale P Gage Jump SS Otto Lopez,,,
652,5212104520,meyers2305,0,107,1B Kyle Stowers 2B Ozzie Albies 3B Javier Sanoja C Drake Baldwin OF Ronald Acuna Jr. OF Michael Harris II OF Jakob Marsee P Chris Sale P Gage Jump SS Mauricio Dubon,,,
652,5212248463,samsonite136,0,107,1B Matt Olson 2B Alika Williams 3B Austin Riley C Drake Baldwin OF Ronald Acuna Jr. OF Michael Harris II OF Henry Bolte P Chris Sale P Gage Jump SS Jacob Wilson,,,
655,5211858877,Jungleboy513,0,106.95,1B Willson Contreras 2B Xavier Edwards 3B Caleb Durbin C Joe Mack OF Tyler Soderstrom OF Ceddanne Rafaela OF Jarren Duran P Sandy Alcantara P Jake Bennett SS Andruw Monasterio,,,
655,5212140889,Baseball1427,0,106.95,1B Willson Contreras 2B Xavier Edwards 3B Caleb Durbin C Drake Baldwin OF Ceddanne Rafaela OF Michael Harris II OF Heriberto Hernandez P Sandy Alcantara P Jake Bennett SS Otto Lopez,,,
655,5212181295,jbamat,0,106.95,1B Willson Contreras 2B Xavier Edwards 3B Caleb Durbin C Jonah Heim OF Mike Trout OF Jarren Duran OF Heriberto Hernandez P Sandy Alcantara P Jake Bennett SS Otto Lopez,,,
658,5211820781,mpritchard1,0,106.9,1B Matt Olson 2B Xavier Edwards 3B Caleb Durbin C Drake Baldwin OF Ceddanne Rafaela OF Michael Harris II OF Jahmai Jones P Chris Sale P Jake Bennett SS Andruw Monasterio,,,
658,5212077748,clintwood83,0,106.9,1B Kyle Stowers 2B Xavier Edwards 3B Caleb Durbin C Joe Mack OF Ronald Acuna Jr. OF Ceddanne Rafaela OF Jakob Marsee P Chris Sale P Jake Bennett SS Otto Lopez,,,
658,5212093652,boston_fanatic,0,106.9,1B Paul Goldschmidt 2B Nick Sogard 3B Caleb Durbin C Jonah Heim OF Ronald Acuna Jr. OF Tyler Soderstrom OF Ceddanne Rafaela P Chris Sale P Jake Bennett SS Jose Caballero,,,
658,5212105861,shark4thewin,0,106.9,1B Matt Olson 2B Xavier Edwards 3B Caleb Durbin C Drake Baldwin OF Ceddanne Rafaela OF Heliot Ramos OF Jahmai Jones P Chris Sale P Jake Bennett SS Otto Lopez,,,
662,5212191852,greasemonkey156,0,106.75,1B Willson Contreras 2B Xavier Edwards 3B Caleb Durbin C Joe Mack OF Tyler Soderstrom OF Ceddanne Rafaela OF Jarren Duran P Gerrit Cole P Jake Bennett SS Otto Lopez,,,
662,5212243707,Dfontenot4545,0,106.75,1B Willson Contreras 2B Nick Sogard 3B Caleb Durbin C Joe Mack OF Ronald Acuna Jr. OF Ceddanne Rafaela OF Heriberto Hernandez P Gerrit Cole P Jake Bennett SS Otto Lopez,,,
664,5212163766,BigHommie904,0,106.649994,1B Matt Olson 2B Nick Sogard 3B Caleb Durbin C Drake Baldwin OF Ceddanne Rafaela OF Michael Harris II OF Mauricio Dubon P Chris Sale P Sandy Alcantara SS Andruw Monasterio,,,
664,5212269704,dallazboyz1,0,106.649994,1B Willson Contreras 2B Xavier Edwards 3B Caleb Durbin C Drake Baldwin OF Ceddanne Rafaela OF Heliot Ramos OF Josh Lowe P Chris Sale P Sandy Alcantara SS Andruw Monasterio,,,
666,5212137491,figaro1223,0,106.45,1B Willson Contreras 2B Nick Sogard 3B Caleb Durbin C Tyler Heineman OF Mike Trout OF Ceddanne Rafaela OF Wade Meckler P Chris Sale P Gerrit Cole SS Andruw Monasterio,,,
666,5212204767,Puckett,0,106.45,1B Willson Contreras 2B Xavier Edwards 3B Caleb Durbin C Joe Mack OF Ceddanne Rafaela OF Jarren Duran OF Griffin Conine P Chris Sale P Gerrit Cole SS Andruw Monasterio,,,
668,5212258255,bizz2020,0,106.399994,1B Willson Contreras 2B Ozzie Albies 3B Caleb Durbin C Jonah Heim OF Tyler Soderstrom OF Ceddanne Rafaela OF Henry Bolte P Walbert Urena P Sandy Alcantara SS Jacob Wilson,,,
669,5212102980,loigwine,0,106,1B Nolan Schanuel 2B Xavier Edwards 3B Max Muncy C Drake Baldwin OF Mike Trout OF Tyler Soderstrom OF Henry Bolte P Chris Sale P Gage Jump SS Zach Neto,,,
669,5212273367,Sims11,0,106,1B Matt Olson 2B Vaughn Grissom 3B Austin Riley C Jonah Heim OF Mike Trout OF Tyler Soderstrom OF Henry Bolte P Chris Sale P Gage Jump SS Jacob Wilson,,,
671,5211770146,blooketmane,0,105.9,1B Kyle Stowers 2B Xavier Edwards 3B Caleb Durbin C Drake Baldwin OF Ceddanne Rafaela OF Jarren Duran OF Jahmai Jones P Chris Sale P Jake Bennett SS Andruw Monasterio,,,
672,5211639595,kheo,0,105.649994,1B Ben Rice 2B Ozzie Albies 3B Javier Sanoja C Joe Mack OF Ronald Acuna Jr. OF Lane Thomas OF Jose Siri P Chris Sale P Sandy Alcantara SS Andruw Monasterio,,,
672,5211996068,bona_man,0,105.649994,1B Willson Contreras 2B Ozzie Albies 3B Caleb Durbin C Joe Mack OF Ceddanne Rafaela OF Michael Harris II OF Jakob Marsee P Chris Sale P Sandy Alcantara SS Andruw Monasterio,,,
672,5212123074,redbrick22,0,105.649994,1B Willson Contreras 2B Vaughn Grissom 3B Caleb Durbin C Connor Wong OF Ronald Acuna Jr. OF Ceddanne Rafaela OF Wade Meckler P Chris Sale P Sandy Alcantara SS Andruw Monasterio,,,
675,5212224859,bmcghee19,0,105.45,1B Willson Contreras 2B Xavier Edwards 3B Jose Caballero C Joe Mack OF Jarren Duran OF Henry Bolte OF Jakob Marsee P Chris Sale P Gerrit Cole SS Zach Neto,,,
675,5212232041,ryblake2000,0,105.45,1B Willson Contreras 2B Nick Sogard 3B Caleb Durbin C Brian Serven OF Mike Trout OF Ceddanne Rafaela OF Owen Caissie P Chris Sale P Gerrit Cole SS Andruw Monasterio,,,
675,5212278604,2014gtcs,0,105.45,1B Nolan Schanuel 2B Xavier Edwards 3B Caleb Durbin C Brian Serven OF Mike Trout OF Ceddanne Rafaela OF Jarren Duran P Chris Sale P Gerrit Cole SS Andruw Monasterio,,,
678,5212276765,Jp_07,0,105.399994,1B Willson Contreras 2B Xavier Edwards 3B Caleb Durbin C Moises Ballesteros OF Mike Trout OF Tyler Soderstrom OF Griffin Conine P Walbert Urena P Sandy Alcantara SS Otto Lopez,,,
679,5211599610,SkyU27,0,104.95,1B Matt Olson 2B Ozzie Albies 3B Caleb Durbin C Drake Baldwin OF Ronald Acuna Jr. OF Ceddanne Rafaela OF Mike Yastrzemski P Sandy Alcantara P Jake Bennett SS Andruw Monasterio,,,
679,5211752659,ToddH13,0,104.95,1B Kyle Stowers 2B Xavier Edwards 3B Caleb Durbin C Drake Baldwin OF Mike Trout OF Ceddanne Rafaela OF Heriberto Hernandez P Sandy Alcantara P Jake Bennett SS Otto Lopez,,,
679,5212062754,velocity1,0,104.95,1B Kyle Stowers 2B Ozzie Albies 3B Caleb Durbin C Drake Baldwin OF Ronald Acuna Jr. OF Ceddanne Rafaela OF Griffin Conine P Sandy Alcantara P Jake Bennett SS Otto Lopez,,,
682,5212030804,krabby13,0,104.9,1B Willson Contreras 2B Nick Sogard 3B Austin Riley C Drake Baldwin OF Ronald Acuna Jr. OF Ceddanne Rafaela OF Jahmai Jones P Chris Sale P Jake Bennett SS Andruw Monasterio,,,
682,5212071617,Joemac58,0,104.9,1B Willson Contreras 2B Xavier Edwards 3B Caleb Durbin C Connor Wong OF Ronald Acuna Jr. OF Ceddanne Rafaela OF Jakob Marsee P Chris Sale P Jake Bennett SS Andruw Monasterio,,,
682,5212244310,jeffylube,0,104.9,1B Matt Olson 2B Ozzie Albies 3B Austin Riley C Drake Baldwin OF Ronald Acuna Jr. OF Jakob Marsee OF Jahmai Jones P Chris Sale P Jake Bennett SS Andruw Monasterio,,,
685,5211749035,kenny7575,0,104.649994,1B Matt Olson 2B Nick Sogard 3B Caleb Durbin C Drake Baldwin OF Ceddanne Rafaela OF Jarren Duran OF Wade Meckler P Chris Sale P Sandy Alcantara SS Andruw Monasterio,,,
685,5211905755,esmith911,0,104.649994,1B Matt Olson 2B Nick Sogard 3B Caleb Durbin C Drake Baldwin OF Ceddanne Rafaela OF Jarren Duran OF Wade Meckler P Chris Sale P Sandy Alcantara SS Andruw Monasterio,,,
685,5211982688,g3n3r4l4,0,104.649994,1B Willson Contreras 2B Xavier Edwards 3B Caleb Durbin C Joe Mack OF Ceddanne Rafaela OF Michael Harris II OF Jarren Duran P Chris Sale P Sandy Alcantara SS Andruw Monasterio,,,
685,5211995506,KramerDanger,0,104.649994,1B Willson Contreras 2B Xavier Edwards 3B Caleb Durbin C Joe Mack OF Ceddanne Rafaela OF Michael Harris II OF Heliot Ramos P Chris Sale P Sandy Alcantara SS Andruw Monasterio,,,
685,5212053616,Wilmsy636,0,104.649994,1B Kyle Stowers 2B Vaughn Grissom 3B Caleb Durbin C Brian Serven OF Ronald Acuna Jr. OF Ceddanne Rafaela OF Michael Harris II P Chris Sale P Sandy Alcantara SS Andruw Monasterio,,,
685,5212078473,junkyard56,0,104.649994,1B Matt Olson 2B Ozzie Albies 3B Caleb Durbin C Travis d'Arnaud OF Ceddanne Rafaela OF Michael Harris II OF Jahmai Jones P Chris Sale P Sandy Alcantara SS Zach Neto,,,
685,5212087200,moneymike2424,0,104.649994,1B Willson Contreras 2B Xavier Edwards 3B Caleb Durbin C Joe Mack OF Ceddanne Rafaela OF Michael Harris II OF Jarren Duran P Chris Sale P Sandy Alcantara SS Andruw Monasterio,,,
685,5212117040,columbiaspice,0,104.649994,1B Willson Contreras 2B Xavier Edwards 3B Caleb Durbin C Connor Wong OF Ceddanne Rafaela OF Michael Harris II OF Heliot Ramos P Chris Sale P Sandy Alcantara SS Andruw Monasterio,,,
685,5212183423,ImAlexKelly,0,104.649994,1B Matt Olson 2B Nick Sogard 3B Caleb Durbin C Connor Wong OF Ronald Acuna Jr. OF Ceddanne Rafaela OF Michael Harris II P Chris Sale P Sandy Alcantara SS Jim Jarvis,,,
685,5212209526,KING--13,0,104.649994,1B Kyle Stowers 2B Ozzie Albies 3B Vaughn Grissom C Drake Baldwin OF Michael Harris II OF Henry Bolte OF Jakob Marsee P Chris Sale P Sandy Alcantara SS Andruw Monasterio,,,
685,5212226228,tjh3390,0,104.649994,1B Willson Contreras 2B Vaughn Grissom 3B Caleb Durbin C Jonah Heim OF Ceddanne Rafaela OF Jarren Duran OF Lawrence Butler P Chris Sale P Sandy Alcantara SS Andruw Monasterio,,,
685,5212274038,costaas,0,104.649994,1B Nolan Schanuel 2B Nick Sogard 3B Austin Riley C Joe Mack OF Ronald Acuna Jr. OF Mike Trout OF Ceddanne Rafaela P Chris Sale P Sandy Alcantara SS Jacob Wilson,,,
697,5211643918,mfps22,0,104.45,1B Willson Contreras 2B Nick Sogard 3B Caleb Durbin C Connor Wong OF Mike Trout OF Ceddanne Rafaela OF Jakob Marsee P Chris Sale P Gerrit Cole SS Alika Williams,,,
697,5211729739,Jokers_wild81,0,104.45,1B Kyle Stowers 2B Xavier Edwards 3B Caleb Durbin C Joe Mack OF Ceddanne Rafaela OF Jarren Duran OF Heriberto Hernandez P Chris Sale P Gerrit Cole SS Andruw Monasterio,,,
697,5212250310,hittinmiddle,0,104.45,1B Kyle Stowers 2B Xavier Edwards 3B Caleb Durbin C Joe Mack OF Ceddanne Rafaela OF Jarren Duran OF Heriberto Hernandez P Chris Sale P Gerrit Cole SS Andruw Monasterio,,,
700,5211700953,Robbswt22,0,104.399994,1B Willson Contreras 2B Nick Sogard 3B Caleb Durbin C Connor Wong OF Ronald Acuna Jr. OF Tyler Soderstrom OF Michael Harris II P Walbert Urena P Sandy Alcantara SS Andruw Monasterio,,,
700,5212224888,Gezzy38,0,104.399994,1B Willson Contreras 2B Nick Sogard 3B Austin Riley C Drake Baldwin OF Ronald Acuna Jr. OF Ceddanne Rafaela OF Spencer Jones P Walbert Urena P Sandy Alcantara SS Andruw Monasterio,,,
702,5212138026,VATRENI98,0,104.2,1B Nolan Schanuel 2B Nick Sogard 3B Vaughn Grissom C Jonah Heim OF Ronald Acuna Jr. OF Mike Trout OF Spencer Jones P Gerrit Cole P Walbert Urena SS Jacob Wilson,,,
703,5211847222,Fuzz988,0,103.9,1B Kyle Stowers 2B Nick Sogard 3B Caleb Durbin C Drake Baldwin OF Ceddanne Rafaela OF Jarren Duran OF Jahmai Jones P Chris Sale P Jake Bennett SS Otto Lopez,,,
703,5211877658,RSH427R,0,103.9,1B Willson Contreras 2B Nick Sogard 3B Caleb Durbin C Drake Baldwin OF Ronald Acuna Jr. OF Ceddanne Rafaela OF Owen Caissie P Chris Sale P Jake Bennett SS George Lombard Jr.,,,
703,5212131372,dogyballs,0,103.9,1B Matt Olson 2B Ozzie Albies 3B Caleb Durbin C Drake Baldwin OF Michael Harris II OF Mike Yastrzemski OF Jahmai Jones P Chris Sale P Jake Bennett SS Andruw Monasterio,,,
703,5212169398,Hockey7MX77,0,103.9,1B Matt Olson 2B Nick Sogard 3B Caleb Durbin C Austin Wells OF Ronald Acuna Jr. OF Mike Trout OF Wilyer Abreu P Chris Sale P Jake Bennett SS George Lombard Jr.,,,
703,5212262780,hitters9,0,103.9,1B Matt Olson 2B Xavier Edwards 3B Caleb Durbin C Drake Baldwin OF Ceddanne Rafaela OF Jarren Duran OF Jahmai Jones P Chris Sale P Jake Bennett SS Andruw Monasterio,,,
708,5211794947,redem7,0,103.649994,1B Matt Olson 2B Nick Sogard 3B Austin Riley C Drake Baldwin OF Ronald Acuna Jr. OF Jarren Duran OF Mauricio Dubon P Chris Sale P Sandy Alcantara SS Andruw Monasterio,,,
708,5211983892,rareiam,0,103.649994,1B Kyle Stowers 2B Xavier Edwards 3B Caleb Durbin C Agustin Ramirez OF Wilyer Abreu OF Michael Harris II OF Jarren Duran P Chris Sale P Sandy Alcantara SS Otto Lopez,,,
708,5211990956,bubsfantasy,0,103.649994,1B Matt Olson 2B Ozzie Albies 3B Caleb Durbin C Joe Mack OF Ronald Acuna Jr. OF Ceddanne Rafaela OF Griffin Conine P Chris Sale P Sandy Alcantara SS Mauricio Dubon,,,
708,5212221070,KILLANADZ24,0,103.649994,1B Matt Olson 2B Xavier Edwards 3B Caleb Durbin C Drake Baldwin OF Ceddanne Rafaela OF Jarren Duran OF Eli White P Chris Sale P Sandy Alcantara SS Andruw Monasterio,,,
708,5212246302,Baylor24,0,103.649994,1B Kyle Stowers 2B Ozzie Albies 3B Austin Riley C Drake Baldwin OF Ronald Acuna Jr. OF Griffin Conine OF Eli White P Chris Sale P Sandy Alcantara SS Otto Lopez,,,
713,5211853903,Bitmeee,0,103.45,1B Willson Contreras 2B Xavier Edwards 3B Caleb Durbin C Connor Wong OF Ceddanne Rafaela OF Jarren Duran OF Josh Lowe P Chris Sale P Gerrit Cole SS Otto Lopez,,,
713,5212279929,swift280,0,103.45,1B Ben Rice 2B Xavier Edwards 3B Max Muncy C Moises Ballesteros OF Heliot Ramos OF Jakob Marsee OF Wade Meckler P Chris Sale P Gerrit Cole SS Zach Neto,,,
715,5211927744,soeserific,0,103.35,1B Nick Sogard 2B Ozzie Albies 3B Caleb Durbin C Jonah Heim OF Mike Trout OF Spencer Jones OF Wade Meckler P Chris Sale P Walbert Urena SS Jacob Wilson,,,
715,5212222871,groovecityhacksaw,0,103.35,1B Matt Olson 2B Xavier Edwards 3B Caleb Durbin C Connor Wong OF Ronald Acuna Jr. OF Ceddanne Rafaela OF Jahmai Jones P Chris Sale P Walbert Urena SS Andruw Monasterio,,,
717,5212036978,Bcman2,0,103,1B Matt Olson 2B Vaughn Grissom 3B Austin Riley C Drake Baldwin OF Tyler Soderstrom OF Michael Harris II OF Henry Bolte P Chris Sale P Gage Jump SS Jacob Wilson,,,
718,5211861870,cellos213,0,102.95,1B Matt Olson 2B Nick Sogard 3B Caleb Durbin C Drake Baldwin OF Ronald Acuna Jr. OF Ceddanne Rafaela OF Michael Harris II P Sandy Alcantara P Jake Bennett SS Andruw Monasterio,,,
718,5211934297,MichaelTherrien,0,102.95,1B Matt Olson 2B Nick Sogard 3B Caleb Durbin C Drake Baldwin OF Ronald Acuna Jr. OF Ceddanne Rafaela OF Michael Harris II P Sandy Alcantara P Jake Bennett SS Andruw Monasterio,,,
718,5211955932,Pojkl456,0,102.95,1B Matt Olson 2B Nick Sogard 3B Caleb Durbin C Drake Baldwin OF Ronald Acuna Jr. OF Ceddanne Rafaela OF Michael Harris II P Sandy Alcantara P Jake Bennett SS Andruw Monasterio,,,
721,5211875235,Scobra1111,0,102.9,1B Willson Contreras 2B Xavier Edwards 3B Caleb Durbin C Austin Wells OF Ronald Acuna Jr. OF Ceddanne Rafaela OF Jarren Duran P Chris Sale P Jake Bennett SS Andruw Monasterio,,,
721,5212103393,jjenki39,0,102.9,1B Kyle Stowers 2B Xavier Edwards 3B Caleb Durbin C Joe Mack OF Wilyer Abreu OF Ceddanne Rafaela OF Jahmai Jones P Chris Sale P Jake Bennett SS Andruw Monasterio,,,
721,5212160624,brianbondurant,0,102.9,1B Matt Olson 2B Ozzie Albies 3B Austin Riley C Drake Baldwin OF Ronald Acuna Jr. OF Javier Sanoja OF Jahmai Jones P Chris Sale P Jake Bennett SS Jacob Wilson,,,
724,5211941502,ChokeHoldem1,0,102.85,1B Ben Rice 2B Vaughn Grissom 3B Jose Caballero C Austin Wells OF Trent Grisham OF Heliot Ramos OF Josh Lowe P Gerrit Cole P Gage Jump SS Zach Neto,,,
725,5211809433,Diariamente,0,102.75,1B Matt Olson 2B Xavier Edwards 3B Amed Rosario C Brian Serven OF Jakob Marsee OF Griffin Conine OF Owen Caissie P Gerrit Cole P Jake Bennett SS Otto Lopez,,,
726,5211880938,ep3550,0,102.649994,1B Kyle Stowers 2B Xavier Edwards 3B Caleb Durbin C Drake Baldwin OF Ceddanne Rafaela OF Michael Harris II OF Jarren Duran P Chris Sale P Sandy Alcantara SS Mauricio Dubon,,,
726,5211883081,kudos72off,0,102.649994,1B Matt Olson 2B Xavier Edwards 3B Austin Riley C Joe Mack OF Ceddanne Rafaela OF Heriberto Hernandez OF Owen Caissie P Chris Sale P Sandy Alcantara SS Otto Lopez,,,
726,5211895400,gwells23,0,102.649994,1B Willson Contreras 2B Nick Sogard 3B Caleb Durbin C Joe Mack OF Ceddanne Rafaela OF Michael Harris II OF Jarren Duran P Chris Sale P Sandy Alcantara SS Otto Lopez,,,
726,5212097790,eladk,0,102.649994,1B Kyle Stowers 2B Xavier Edwards 3B Caleb Durbin C Joe Mack OF Mike Trout OF Ceddanne Rafaela OF Jarren Duran P Chris Sale P Sandy Alcantara SS Andruw Monasterio,,,
726,5212219638,Cowboys024,0,102.649994,1B Willson Contreras 2B Nick Sogard 3B Tommy White C Jonah Heim OF Trent Grisham OF Michael Harris II OF Jarren Duran P Chris Sale P Sandy Alcantara SS Otto Lopez,,,
731,5212036944,dirtyred718,0,102.399994,1B Paul Goldschmidt 2B Ozzie Albies 3B Caleb Durbin C Drake Baldwin OF Ronald Acuna Jr. OF Ceddanne Rafaela OF Henry Bolte P Walbert Urena P Sandy Alcantara SS Jacob Wilson,,,
731,5212121359,jonjonlegend,0,102.399994,1B Willson Contreras 2B Xavier Edwards 3B Caleb Durbin C Jonah Heim OF Tyler Soderstrom OF Ceddanne Rafaela OF Jarren Duran P Walbert Urena P Sandy Alcantara SS Andruw Monasterio,,,
731,5212217316,rayray5102,0,102.399994,1B Matt Olson 2B Nick Sogard 3B Caleb Durbin C Drake Baldwin OF Ronald Acuna Jr. OF Ceddanne Rafaela OF Henry Bolte P Walbert Urena P Sandy Alcantara SS Andruw Monasterio,,,
734,5212198159,Krawiec2,0,101.95,1B Willson Contreras 2B Ozzie Albies 3B Caleb Durbin C Drake Baldwin OF Ronald Acuna Jr. OF Ceddanne Rafaela OF Mauricio Dubon P Sandy Alcantara P Jake Bennett SS Andruw Monasterio,,,
735,5211399469,edevita16,0,101.9,1B Matt Olson 2B Ozzie Albies 3B Austin Riley C Joe Mack OF Ronald Acuna Jr. OF Trent Grisham OF Spencer Jones P Chris Sale P Jake Bennett SS George Lombard Jr.,,,
735,5211784652,jsw1264,0,101.9,1B Kyle Stowers 2B Nick Sogard 3B Caleb Durbin C Drake Baldwin OF Ronald Acuna Jr. OF Ceddanne Rafaela OF Lawrence Butler P Chris Sale P Jake Bennett SS Andruw Monasterio,,,
735,5211792203,dentiddo,0,101.9,1B Matt Olson 2B Nick Sogard 3B Austin Riley C Drake Baldwin OF Ronald Acuna Jr. OF Ceddanne Rafaela OF Jahmai Jones P Chris Sale P Jake Bennett SS Andruw Monasterio,,,
738,5211631354,3thor3,0,101.649994,1B Matt Olson 2B Ozzie Albies 3B Caleb Durbin C Connor Wong OF Tyler Soderstrom OF Ceddanne Rafaela OF Jarren Duran P Chris Sale P Sandy Alcantara SS Andruw Monasterio,,,
738,5211664864,slwillie,0,101.649994,1B Matt Olson 2B Xavier Edwards 3B Caleb Durbin C Joe Mack OF Ceddanne Rafaela OF Michael Harris II OF Jarren Duran P Chris Sale P Sandy Alcantara SS Andruw Monasterio,,,
738,5211686718,mcgowee,0,101.649994,1B Kyle Stowers 2B Xavier Edwards 3B Caleb Durbin C Joe Mack OF Mike Trout OF Ceddanne Rafaela OF Michael Harris II P Chris Sale P Sandy Alcantara SS Mauricio Dubon,,,
738,5211802830,EGrizzly123,0,101.649994,1B Matt Olson 2B Ozzie Albies 3B Caleb Durbin C Connor Wong OF Tyler Soderstrom OF Ceddanne Rafaela OF Jarren Duran P Chris Sale P Sandy Alcantara SS Andruw Monasterio,,,
738,5211839286,ShpIt2Papi,0,101.649994,1B Kyle Stowers 2B Nick Sogard 3B Caleb Durbin C Drake Baldwin OF Ceddanne Rafaela OF Michael Harris II OF Jarren Duran P Chris Sale P Sandy Alcantara SS Andruw Monasterio,,,
738,5212139709,Akman21G,0,101.649994,1B Willson Contreras 2B Nick Sogard 3B Javier Sanoja C Drake Baldwin OF Wilyer Abreu OF Ceddanne Rafaela OF Mauricio Dubon P Chris Sale P Sandy Alcantara SS Andruw Monasterio,,,
738,5212190184,realraystrick,0,101.649994,1B Matt Olson 2B Ozzie Albies 3B Caleb Durbin C Drake Baldwin OF Michael Harris II OF Griffin Conine OF Owen Caissie P Chris Sale P Sandy Alcantara SS Andruw Monasterio,,,
738,5212209486,whip99,0,101.649994,1B Matt Olson 2B Ozzie Albies 3B Tommy White C Drake Baldwin OF Tyler Soderstrom OF Michael Harris II OF Lawrence Butler P Chris Sale P Sandy Alcantara SS Jim Jarvis,,,
746,5211851221,trapp365,0,101.45,1B Kyle Stowers 2B Nick Sogard 3B Max Muncy C Jonah Heim OF Tyler Soderstrom OF Ceddanne Rafaela OF Jarren Duran P Chris Sale P Gerrit Cole SS Andruw Monasterio,,,
746,5211892601,bkbball22,0,101.45,1B Kyle Stowers 2B Ozzie Albies 3B Caleb Durbin C Connor Wong OF Ronald Acuna Jr. OF Ceddanne Rafaela OF Mauricio Dubon P Chris Sale P Gerrit Cole SS Jose Caballero,,,
746,5212088151,iamawful,0,101.45,1B Kyle Stowers 2B Nick Sogard 3B Caleb Durbin C Joe Mack OF Owen Caissie OF Eli White OF Josh Lowe P Chris Sale P Gerrit Cole SS Otto Lopez,,,
749,5211969067,abrahamrs,0,101.3,1B Ben Rice 2B Ozzie Albies 3B Amed Rosario C Drake Baldwin OF Ronald Acuna Jr. OF Mike Trout OF Michael Harris II P Jake Bennett P Gage Jump SS George Lombard Jr.,,,
750,5211671584,Lundelius,0,100.95,1B Kyle Stowers 2B Ozzie Albies 3B Caleb Durbin C Jonah Heim OF Ronald Acuna Jr. OF Ceddanne Rafaela OF Jarren Duran P Sandy Alcantara P Jake Bennett SS Otto Lopez,,,
750,5211917587,Glory_Days,0,100.95,1B Paul Goldschmidt 2B Xavier Edwards 3B Caleb Durbin C Drake Baldwin OF Mike Trout OF Ceddanne Rafaela OF Heliot Ramos P Sandy Alcantara P Jake Bennett SS Otto Lopez,,,
750,5212206772,sgtky23,0,100.95,1B Matt Olson 2B Xavier Edwards 3B Caleb Durbin C Drake Baldwin OF Ceddanne Rafaela OF Heliot Ramos OF Jarren Duran P Sandy Alcantara P Jake Bennett SS George Lombard Jr.,,,
753,5211858102,mattintexas,0,100.649994,1B Kyle Stowers 2B Xavier Edwards 3B Caleb Durbin C Agustin Ramirez OF Wilyer Abreu OF Ceddanne Rafaela OF Jarren Duran P Chris Sale P Sandy Alcantara SS Andruw Monasterio,,,
753,5212065650,Fraruman,0,100.649994,1B Willson Contreras 2B Ozzie Albies 3B Caleb Durbin C Drake Baldwin OF Ceddanne Rafaela OF Heriberto Hernandez OF Eli White P Chris Sale P Sandy Alcantara SS Andruw Monasterio,,,
753,5212123454,BigAlKeno1,0,100.649994,1B Matt Olson 2B Ozzie Albies 3B Caleb Durbin C Brian Serven OF Ceddanne Rafaela OF Michael Harris II OF Heriberto Hernandez P Chris Sale P Sandy Alcantara SS Andruw Monasterio,,,
756,5211728137,Daking330,0,100.45,1B Kyle Stowers 2B Vaughn Grissom 3B Caleb Durbin C Jonah Heim OF Ceddanne Rafaela OF Jarren Duran OF Henry Bolte P Chris Sale P Gerrit Cole SS Andruw Monasterio,,,
756,5211787720,ghudson1,0,100.45,1B Nick Sogard 2B Vaughn Grissom 3B Javier Sanoja C Jonah Heim OF Ceddanne Rafaela OF Jarren Duran OF Wade Meckler P Chris Sale P Gerrit Cole SS Andruw Monasterio,,,
756,5211885621,Miracle52,0,100.45,1B Kyle Stowers 2B Alika Williams 3B Austin Riley C Connor Wong OF Ronald Acuna Jr. OF Mike Trout OF Ceddanne Rafaela P Chris Sale P Gerrit Cole SS George Lombard Jr.,,,
759,5211756595,jama9964,0,100.399994,1B Ben Rice 2B Ozzie Albies 3B Jose Caballero C Connor Wong OF Ronald Acuna Jr. OF Tyler Soderstrom OF Michael Harris II P Walbert Urena P Sandy Alcantara SS Andruw Monasterio,,,
759,5211784451,treeman51672,0,100.399994,1B Nick Sogard 2B Xavier Edwards 3B Caleb Durbin C Drake Baldwin OF Tyler Soderstrom OF Ceddanne Rafaela OF Michael Harris II P Walbert Urena P Sandy Alcantara SS Zach Neto,,,
759,5212049641,tactmayor,0,100.399994,1B Willson Contreras 2B Nick Sogard 3B Caleb Durbin C Jonah Heim OF Tyler Soderstrom OF Ceddanne Rafaela OF Jarren Duran P Walbert Urena P Sandy Alcantara SS Jacob Wilson,,,
759,5212176450,Paperhungry,0,100.399994,1B Willson Contreras 2B Nick Sogard 3B Caleb Durbin C Jonah Heim OF Tyler Soderstrom OF Ceddanne Rafaela OF Jarren Duran P Walbert Urena P Sandy Alcantara SS Jacob Wilson,,,
759,5212269894,Jus2win,0,100.399994,1B Willson Contreras 2B Nick Sogard 3B Caleb Durbin C Jonah Heim OF Tyler Soderstrom OF Ceddanne Rafaela OF Jarren Duran P Walbert Urena P Sandy Alcantara SS Jacob Wilson,,,
759,5212279325,tpettus121475,0,100.399994,1B Willson Contreras 2B Nick Sogard 3B Max Muncy C Jonah Heim OF Ronald Acuna Jr. OF Tyler Soderstrom OF Ceddanne Rafaela P Walbert Urena P Sandy Alcantara SS Jacob Wilson,,,
765,5211743718,dgpederson,0,99.95,1B Nick Sogard 2B Ozzie Albies 3B Amed Rosario C Jonah Heim OF Ronald Acuna Jr. OF Mike Trout OF Ceddanne Rafaela P Sandy Alcantara P Jake Bennett SS Otto Lopez,,,
765,5212242219,russ6255,0,99.95,1B Matt Olson 2B Ozzie Albies 3B Javier Sanoja C Drake Baldwin OF Ronald Acuna Jr. OF Ceddanne Rafaela OF Michael Harris II P Sandy Alcantara P Jake Bennett SS George Lombard Jr.,,,
767,5211826972,T41129130907,0,99.75,1B Ben Rice 2B Nick Sogard 3B Caleb Durbin C Connor Wong OF Mike Trout OF Trent Grisham OF Heliot Ramos P Gerrit Cole P Jake Bennett SS Andruw Monasterio,,,
768,5211883028,opbabored,0,99.649994,1B Matt Olson 2B Ozzie Albies 3B Austin Riley C Drake Baldwin OF Heriberto Hernandez OF Henry Bolte OF Griffin Conine P Chris Sale P Sandy Alcantara SS Mauricio Dubon,,,
768,5212220010,crawdaddy_11,0,99.649994,1B Willson Contreras 2B Nick Sogard 3B Tommy White C Drake Baldwin OF Ceddanne Rafaela OF Michael Harris II OF Griffin Conine P Chris Sale P Sandy Alcantara SS Andruw Monasterio,,,
770,5212271945,bullfrog1976,0,99.45,1B Nolan Schanuel 2B Alika Williams 3B Javier Sanoja C Moises Ballesteros OF Mike Trout OF Tyler Soderstrom OF Ceddanne Rafaela P Chris Sale P Gerrit Cole SS Andruw Monasterio,,,
771,5211988297,Dillymonkeys,0,99.399994,1B Paul Goldschmidt 2B Nick Sogard 3B Caleb Durbin C Jonah Heim OF Ronald Acuna Jr. OF Mike Trout OF Ceddanne Rafaela P Walbert Urena P Sandy Alcantara SS Andruw Monasterio,,,
772,5211799784,rcarena,0,99,1B Kyle Stowers 2B Ozzie Albies 3B Max Muncy C Drake Baldwin OF Ronald Acuna Jr. OF Michael Harris II OF Griffin Conine P Chris Sale P Gage Jump SS Otto Lopez,,,
772,5212033982,austinrholcomb,0,99,1B Matt Olson 2B Vaughn Grissom 3B Javier Sanoja C Drake Baldwin OF Mike Trout OF Heriberto Hernandez OF Henry Bolte P Chris Sale P Gage Jump SS Jacob Wilson,,,
772,5212133209,JLOVEDAY25,0,99,1B Matt Olson 2B Ozzie Albies 3B Austin Riley C Drake Baldwin OF Michael Harris II OF Heriberto Hernandez OF Jakob Marsee P Chris Sale P Gage Jump SS Otto Lopez,,,
775,5211686015,kpreme,0,98.9,1B Kyle Stowers 2B Ozzie Albies 3B Caleb Durbin C Drake Baldwin OF Ronald Acuna Jr. OF Jakob Marsee OF Wade Meckler P Chris Sale P Jake Bennett SS Andruw Monasterio,,,
775,5211851605,outlawpete5,0,98.9,1B Kyle Stowers 2B Ozzie Albies 3B Caleb Durbin C Drake Baldwin OF Ronald Acuna Jr. OF Jakob Marsee OF Wade Meckler P Chris Sale P Jake Bennett SS Andruw Monasterio,,,
775,5211883685,Ncfire950,0,98.9,1B Matt Olson 2B Nick Sogard 3B Austin Riley C Drake Baldwin OF Ronald Acuna Jr. OF Michael Harris II OF Jakob Marsee P Chris Sale P Jake Bennett SS George Lombard Jr.,,,
775,5211895203,morganelizabeth2,0,98.9,1B Kyle Stowers 2B Ozzie Albies 3B Caleb Durbin C Joe Mack OF Ronald Acuna Jr. OF Jakob Marsee OF Griffin Conine P Chris Sale P Jake Bennett SS Otto Lopez,,,
775,5211941144,stingerz22,0,98.9,1B Matt Olson 2B Ozzie Albies 3B Caleb Durbin C Drake Baldwin OF Ronald Acuna Jr. OF Ceddanne Rafaela OF Jahmai Jones P Chris Sale P Jake Bennett SS Jim Jarvis,,,
775,5211954837,iceit519,0,98.9,1B Kyle Stowers 2B Ozzie Albies 3B Caleb Durbin C Drake Baldwin OF Ronald Acuna Jr. OF Jakob Marsee OF Wade Meckler P Chris Sale P Jake Bennett SS Andruw Monasterio,,,
775,5211996061,flpngino,0,98.9,1B Kyle Stowers 2B Ozzie Albies 3B Caleb Durbin C Drake Baldwin OF Ronald Acuna Jr. OF Jakob Marsee OF Wade Meckler P Chris Sale P Jake Bennett SS Andruw Monasterio,,,
775,5212030347,Hoakjeff,0,98.9,1B Ben Rice 2B Xavier Edwards 3B Austin Riley C Drake Baldwin OF Mike Trout OF Mike Yastrzemski OF Mauricio Dubon P Chris Sale P Jake Bennett SS Andruw Monasterio,,,
775,5212105847,gamblingman7,0,98.9,1B Willson Contreras 2B Xavier Edwards 3B Caleb Durbin C Connor Wong OF Ronald Acuna Jr. OF Ceddanne Rafaela OF Wade Meckler P Chris Sale P Jake Bennett SS Andruw Monasterio,,,
775,5212132560,nofearkyleshere,0,98.9,1B Matt Olson 2B Ozzie Albies 3B Caleb Durbin C Drake Baldwin OF Ronald Acuna Jr. OF Ceddanne Rafaela OF Jahmai Jones P Chris Sale P Jake Bennett SS Jim Jarvis,,,
775,5212168727,3Capt1978,0,98.9,1B Willson Contreras 2B Xavier Edwards 3B Austin Riley C Drake Baldwin OF Ceddanne Rafaela OF Michael Harris II OF Jahmai Jones P Chris Sale P Jake Bennett SS Andruw Monasterio,,,
775,5212266133,boozie62,0,98.9,1B Willson Contreras 2B Nick Sogard 3B Austin Riley C Drake Baldwin OF Ronald Acuna Jr. OF Griffin Conine OF Mike Yastrzemski P Chris Sale P Jake Bennett SS Otto Lopez,,,
787,5212197948,Skralph,0,98.75,1B Ben Rice 2B Alika Williams 3B Amed Rosario C Jonah Heim OF Tyler Soderstrom OF Trent Grisham OF Heliot Ramos P Walbert Urena P Gage Jump SS George Lombard Jr.,,,
787,5212221773,alshanb228,0,98.75,1B Kyle Stowers 2B Xavier Edwards 3B Caleb Durbin C Jonah Heim OF Mike Trout OF Ceddanne Rafaela OF Michael Harris II P Gerrit Cole P Jake Bennett SS Andruw Monasterio,,,
789,5211898246,chumking,0,98.649994,1B Willson Contreras 2B Nick Sogard 3B Max Muncy C Joe Mack OF Tyler Soderstrom OF Ceddanne Rafaela OF Jarren Duran P Chris Sale P Sandy Alcantara SS Andruw Monasterio,,,
789,5211916048,wizgagnon,0,98.649994,1B Matt Olson 2B Nick Sogard 3B Caleb Durbin C Connor Wong OF Mike Trout OF Ceddanne Rafaela OF Michael Harris II P Chris Sale P Sandy Alcantara SS Andruw Monasterio,,,
789,5211943352,Windbag27,0,98.649994,1B Kyle Stowers 2B Anthony Seigler 3B Javier Sanoja C Jonah Heim OF Mike Trout OF Tyler Soderstrom OF Ceddanne Rafaela P Chris Sale P Sandy Alcantara SS Mauricio Dubon,,,
789,5211958832,CoolhandLG,0,98.649994,1B Willson Contreras 2B Ozzie Albies 3B Max Muncy C Drake Baldwin OF Michael Harris II OF Mike Yastrzemski OF Owen Caissie P Chris Sale P Sandy Alcantara SS Otto Lopez,,,
789,5211990659,Storm5,0,98.649994,1B Matt Olson 2B Xavier Edwards 3B Caleb Durbin C Joe Mack OF Ceddanne Rafaela OF Cody Bellinger OF Giancarlo Stanton P Chris Sale P Sandy Alcantara SS Andruw Monasterio,,,
794,5212164101,4courtney4,0,98.45,1B Nolan Schanuel 2B Vaughn Grissom 3B Caleb Durbin C Moises Ballesteros OF Mike Trout OF Ceddanne Rafaela OF Jahmai Jones P Chris Sale P Gerrit Cole SS Zach Neto,,,
795,5211922096,burger1855,0,97.95,1B Matt Olson 2B Xavier Edwards 3B Caleb Durbin C Agustin Ramirez OF Ronald Acuna Jr. OF Trent Grisham OF Michael Harris II P Sandy Alcantara P Jake Bennett SS Zach Neto,,,
796,5211731054,smorriso54,0,97.9,1B Nolan Schanuel 2B Xavier Edwards 3B Caleb Durbin C Brian Serven OF Ronald Acuna Jr. OF Mike Trout OF Ceddanne Rafaela P Chris Sale P Jake Bennett SS Andruw Monasterio,,,
796,5212276256,ripking,0,97.9,1B Willson Contreras 2B Nick Sogard 3B Vaughn Grissom C Connor Wong OF Ronald Acuna Jr. OF Mike Trout OF Jahmai Jones P Chris Sale P Jake Bennett SS Andruw Monasterio,,,
796,5212290487,jman33683,0,97.9,1B Matt Olson 2B Xavier Edwards 3B Caleb Durbin C Moises Ballesteros OF Ronald Acuna Jr. OF Ceddanne Rafaela OF Jarren Duran P Chris Sale P Jake Bennett SS George Lombard Jr.,,,
799,5212015627,thewizardone1,0,97.649994,1B Matt Olson 2B Nick Sogard 3B Austin Riley C Drake Baldwin OF Tyler Soderstrom OF Michael Harris II OF Jarren Duran P Chris Sale P Sandy Alcantara SS Mauricio Dubon,,,
800,5212034510,mcgee5555,0,97.45,1B Kyle Stowers 2B Ozzie Albies 3B Caleb Durbin C Connor Wong OF Mike Trout OF Jarren Duran OF Henry Bolte P Chris Sale P Gerrit Cole SS Andruw Monasterio,,,
801,5212271963,MyNameIsBuck,0,97.399994,1B Willson Contreras 2B Xavier Edwards 3B Amed Rosario C Drake Baldwin OF Ceddanne Rafaela OF Eli White OF Jahmai Jones P Walbert Urena P Sandy Alcantara SS Andruw Monasterio,,,
802,5211921320,carmen23ny,0,96.95,1B Willson Contreras 2B Ozzie Albies 3B Caleb Durbin C Drake Baldwin OF Tyler Soderstrom OF Ceddanne Rafaela OF Jarren Duran P Sandy Alcantara P Jake Bennett SS Andruw Monasterio,,,
802,5212099296,mmckenna22,0,96.95,1B Willson Contreras 2B Ozzie Albies 3B Caleb Durbin C Drake Baldwin OF Ronald Acuna Jr. OF Michael Harris II OF Eli White P Sandy Alcantara P Jake Bennett SS Andruw Monasterio,,,
802,5212244764,Smooovely,0,96.95,1B Willson Contreras 2B Xavier Edwards 3B Caleb Durbin C Drake Baldwin OF Ceddanne Rafaela OF Jarren Duran OF Jakob Marsee P Sandy Alcantara P Jake Bennett SS Zach Neto,,,
805,5212043290,bragona,0,96.9,1B Ben Rice 2B Ozzie Albies 3B Caleb Durbin C Jonah Heim OF Ceddanne Rafaela OF Heriberto Hernandez OF Griffin Conine P Chris Sale P Jake Bennett SS Andruw Monasterio,,,
805,5212058229,porterhh87,0,96.9,1B Willson Contreras 2B Ozzie Albies 3B Caleb Durbin C Drake Baldwin OF Ceddanne Rafaela OF Michael Harris II OF Jahmai Jones P Chris Sale P Jake Bennett SS Andruw Monasterio,,,
805,5212105670,Spicegren,0,96.9,1B Willson Contreras 2B Nick Sogard 3B Caleb Durbin C Drake Baldwin OF Ceddanne Rafaela OF Jakob Marsee OF Griffin Conine P Chris Sale P Jake Bennett SS Andruw Monasterio,,,
805,5212130620,JohnnyPickEm,0,96.9,1B Willson Contreras 2B Ozzie Albies 3B Caleb Durbin C Drake Baldwin OF Ceddanne Rafaela OF Michael Harris II OF Jahmai Jones P Chris Sale P Jake Bennett SS Andruw Monasterio,,,
805,5212196151,hruskapapi,0,96.9,1B Kyle Stowers 2B Xavier Edwards 3B Caleb Durbin C Drake Baldwin OF Ceddanne Rafaela OF Heriberto Hernandez OF Griffin Conine P Chris Sale P Jake Bennett SS Otto Lopez,,,
805,5212198657,Zokjock,0,96.9,1B Willson Contreras 2B Ozzie Albies 3B Caleb Durbin C Drake Baldwin OF Ceddanne Rafaela OF Michael Harris II OF Jahmai Jones P Chris Sale P Jake Bennett SS Andruw Monasterio,,,
805,5212216709,OzzyB11,0,96.9,1B Willson Contreras 2B Ozzie Albies 3B Caleb Durbin C Drake Baldwin OF Ceddanne Rafaela OF Michael Harris II OF Jahmai Jones P Chris Sale P Jake Bennett SS Andruw Monasterio,,,
805,5212227930,tyler24_k3,0,96.9,1B Willson Contreras 2B Ozzie Albies 3B Caleb Durbin C Drake Baldwin OF Ceddanne Rafaela OF Michael Harris II OF Jahmai Jones P Chris Sale P Jake Bennett SS Andruw Monasterio,,,
813,5212180969,aadler14,0,96.649994,1B Willson Contreras 2B Ozzie Albies 3B Tommy White C Connor Wong OF Tyler Soderstrom OF Ceddanne Rafaela OF Michael Harris II P Chris Sale P Sandy Alcantara SS Andruw Monasterio,,,
814,5212148121,ac919,0,96.45,1B Nolan Schanuel 2B Xavier Edwards 3B Javier Sanoja C Joe Mack OF Mike Trout OF Heriberto Hernandez OF Wade Meckler P Chris Sale P Gerrit Cole SS Zach Neto,,,
815,5212047435,mcglade8,0,96.399994,1B Matt Olson 2B Ozzie Albies 3B Austin Riley C Drake Baldwin OF Ronald Acuna Jr. OF Ceddanne Rafaela OF Jahmai Jones P Walbert Urena P Sandy Alcantara SS Andruw Monasterio,,,
815,5212114133,CoorsMan1247,0,96.399994,1B Ben Rice 2B Xavier Edwards 3B Amed Rosario C Jonah Heim OF Ceddanne Rafaela OF Trent Grisham OF Michael Harris II P Walbert Urena P Sandy Alcantara SS Jacob Wilson,,,
815,5212236243,ReadyToMeal,0,96.399994,1B Willson Contreras 2B Xavier Edwards 3B Caleb Durbin C Joe Mack OF Ceddanne Rafaela OF Michael Harris II OF Henry Bolte P Walbert Urena P Sandy Alcantara SS Andruw Monasterio,,,
815,5212249453,Wiscoman67,0,96.399994,1B Matt Olson 2B Ozzie Albies 3B Caleb Durbin C Connor Wong OF Ronald Acuna Jr. OF Tyler Soderstrom OF Michael Harris II P Walbert Urena P Sandy Alcantara SS Jacob Wilson,,,
815,5212274524,rgendron22,0,96.399994,1B Willson Contreras 2B Nick Sogard 3B Caleb Durbin C Drake Baldwin OF Tyler Soderstrom OF Ceddanne Rafaela OF Jarren Duran P Walbert Urena P Sandy Alcantara SS Jacob Wilson,,,
820,5211915226,ScottThunder,0,96.35,1B Willson Contreras 2B Ozzie Albies 3B Caleb Durbin C Drake Baldwin OF Ceddanne Rafaela OF Henry Bolte OF Jahmai Jones P Chris Sale P Walbert Urena SS Andruw Monasterio,,,
820,5211999614,lichter17,0,96.35,1B Willson Contreras 2B Nick Sogard 3B Caleb Durbin C Drake Baldwin OF Ceddanne Rafaela OF Michael Harris II OF Jahmai Jones P Chris Sale P Walbert Urena SS Jacob Wilson,,,
820,5212155285,Pootnami,0,96.35,1B Willson Contreras 2B Ozzie Albies 3B Caleb Durbin C Drake Baldwin OF Ceddanne Rafaela OF Henry Bolte OF Jahmai Jones P Chris Sale P Walbert Urena SS Andruw Monasterio,,,
820,5212276499,sloppiedeuce,0,96.35,1B Willson Contreras 2B Ozzie Albies 3B Caleb Durbin C Drake Baldwin OF Ceddanne Rafaela OF Jakob Marsee OF Jahmai Jones P Chris Sale P Walbert Urena SS Andruw Monasterio,,,
824,5212145449,caryreynolds11,0,96,1B Kyle Stowers 2B Xavier Edwards 3B Vaughn Grissom C Drake Baldwin OF Mike Trout OF Heriberto Hernandez OF Jakob Marsee P Chris Sale P Gage Jump SS Zach Neto,,,
825,5211978081,lover101,0,95.95,1B Kyle Stowers 2B Ozzie Albies 3B Caleb Durbin C Connor Wong OF Ronald Acuna Jr. OF Mike Trout OF Ceddanne Rafaela P Sandy Alcantara P Jake Bennett SS Otto Lopez,,,
825,5212160163,buddybinks777,0,95.95,1B Willson Contreras 2B Xavier Edwards 3B Caleb Durbin C Joe Mack OF Mike Trout OF Ceddanne Rafaela OF Jarren Duran P Sandy Alcantara P Jake Bennett SS Otto Lopez,,,
825,5212165930,Slugxx,0,95.95,1B Ben Rice 2B Ozzie Albies 3B Amed Rosario C Jonah Heim OF Ronald Acuna Jr. OF Ceddanne Rafaela OF Jarren Duran P Sandy Alcantara P Jake Bennett SS Andruw Monasterio,,,
828,5211685450,OldEnglishChains,0,95.9,1B Nick Sogard 2B Xavier Edwards 3B Caleb Durbin C Drake Baldwin OF Ceddanne Rafaela OF Michael Harris II OF Jarren Duran P Chris Sale P Jake Bennett SS Otto Lopez,,,
828,5211907485,leighton32,0,95.9,1B Willson Contreras 2B Xavier Edwards 3B Caleb Durbin C Drake Baldwin OF Ceddanne Rafaela OF Jakob Marsee OF Eli White P Chris Sale P Jake Bennett SS Andruw Monasterio,,,
828,5212160692,Tpope15,0,95.9,1B Paul Goldschmidt 2B Xavier Edwards 3B Caleb Durbin C Connor Wong OF Ronald Acuna Jr. OF Ceddanne Rafaela OF Heliot Ramos P Chris Sale P Jake Bennett SS Otto Lopez,,,
831,5212041165,Dhertz,0,95.75,1B Paul Goldschmidt 2B Ozzie Albies 3B Caleb Durbin C Connor Wong OF Ronald Acuna Jr. OF Mike Trout OF Ceddanne Rafaela P Gerrit Cole P Jake Bennett SS Jacob Wilson,,,
832,5212089862,Yes98765,0,95.45,1B Matt Olson 2B Nick Sogard 3B Austin Riley C Connor Wong OF Tyler Soderstrom OF Ceddanne Rafaela OF Jarren Duran P Chris Sale P Gerrit Cole SS Andruw Monasterio,,,
832,5212208858,Graycm22,0,95.45,1B Nick Sogard 2B Xavier Edwards 3B Vaughn Grissom C Connor Wong OF Mike Trout OF Jarren Duran OF Eli White P Chris Sale P Gerrit Cole SS Andruw Monasterio,,,
832,5212277060,Paste1,0,95.45,1B Nick Sogard 2B Vaughn Grissom 3B Caleb Durbin C Connor Wong OF Mike Trout OF Ceddanne Rafaela OF Jarren Duran P Chris Sale P Gerrit Cole SS Jacob Wilson,,,
835,5212021970,sikwitit317,0,95.399994,1B Willson Contreras 2B Nick Sogard 3B Caleb Durbin C Brian Serven OF Ronald Acuna Jr. OF Mike Trout OF Ceddanne Rafaela P Walbert Urena P Sandy Alcantara SS Andruw Monasterio,,,
836,5211623573,maverickdn,0,94.95,1B Kyle Stowers 2B Ozzie Albies 3B Caleb Durbin C Drake Baldwin OF Mike Trout OF Ceddanne Rafaela OF Michael Harris II P Sandy Alcantara P Jake Bennett SS George Lombard Jr.,,,
836,5211861126,cryanclt,0,94.95,1B Willson Contreras 2B Ozzie Albies 3B Caleb Durbin C Joe Mack OF Ronald Acuna Jr. OF Ceddanne Rafaela OF Jarren Duran P Sandy Alcantara P Jake Bennett SS Otto Lopez,,,
838,5211898805,roomtyme,0,94.9,1B Kyle Stowers 2B Xavier Edwards 3B Caleb Durbin C Moises Ballesteros OF Mike Trout OF Ceddanne Rafaela OF Jakob Marsee P Chris Sale P Jake Bennett SS Otto Lopez,,,
838,5212181762,HeatFan2015,0,94.9,1B Willson Contreras 2B Vaughn Grissom 3B Caleb Durbin C Jonah Heim OF Mike Trout OF Ceddanne Rafaela OF Jahmai Jones P Chris Sale P Jake Bennett SS Andruw Monasterio,,,
838,5212241946,gilgarz,0,94.9,1B Willson Contreras 2B Xavier Edwards 3B Caleb Durbin C Drake Baldwin OF Ceddanne Rafaela OF Heriberto Hernandez OF Griffin Conine P Chris Sale P Jake Bennett SS Andruw Monasterio,,,
841,5212141283,mrains88,0,94.75,1B Matt Olson 2B Ozzie Albies 3B Caleb Durbin C Jonah Heim OF Ronald Acuna Jr. OF Tyler Soderstrom OF Heliot Ramos P Walbert Urena P Gage Jump SS Andruw Monasterio,,,
842,5211787294,twhinton21,0,94.649994,1B Matt Olson 2B Vaughn Grissom 3B Javier Sanoja C Joe Mack OF Tyler Soderstrom OF Ceddanne Rafaela OF Michael Harris II P Chris Sale P Sandy Alcantara SS Andruw Monasterio,,,
842,5211953074,bobbo015,0,94.649994,1B Kyle Stowers 2B Ozzie Albies 3B Amed Rosario C Brian Serven OF Ronald Acuna Jr. OF Michael Harris II OF Eli White P Chris Sale P Sandy Alcantara SS Andruw Monasterio,,,
844,5212260953,DrLiberman,0,94.45,1B Kyle Stowers 2B Alika Williams 3B Tommy White C Connor Wong OF Ronald Acuna Jr. OF Ceddanne Rafaela OF Michael Harris II P Chris Sale P Gerrit Cole SS Otto Lopez,,,
845,5211888070,F0rsaken,0,94,1B Matt Olson 2B Ozzie Albies 3B Max Muncy C Drake Baldwin OF Ronald Acuna Jr. OF Michael Harris II OF Owen Caissie P Chris Sale P Gage Jump SS Jacob Wilson,,,
846,5211695402,Peteysixteen,0,93.95,1B Kyle Stowers 2B Ozzie Albies 3B Caleb Durbin C Drake Baldwin OF Ronald Acuna Jr. OF Ceddanne Rafaela OF Heliot Ramos P Sandy Alcantara P Jake Bennett SS Andruw Monasterio,,,
846,5212207597,tkmo21,0,93.95,1B Kyle Stowers 2B Ozzie Albies 3B Caleb Durbin C Drake Baldwin OF Ronald Acuna Jr. OF Ceddanne Rafaela OF Jarren Duran P Sandy Alcantara P Jake Bennett SS Andruw Monasterio,,,
848,5211646698,tomjg2,0,93.9,1B Matt Olson 2B Xavier Edwards 3B Caleb Durbin C Connor Wong OF Ceddanne Rafaela OF Michael Harris II OF Jakob Marsee P Chris Sale P Jake Bennett SS Otto Lopez,,,
848,5211783148,neterka,0,93.9,1B Matt Olson 2B Ozzie Albies 3B Caleb Durbin C Drake Baldwin OF Ceddanne Rafaela OF Michael Harris II OF Jahmai Jones P Chris Sale P Jake Bennett SS Andruw Monasterio,,,
848,5211889420,the_rick64,0,93.9,1B Willson Contreras 2B Ozzie Albies 3B Caleb Durbin C Drake Baldwin OF Ceddanne Rafaela OF Heliot Ramos OF Jahmai Jones P Chris Sale P Jake Bennett SS Andruw Monasterio,,,
848,5211892390,Jthrill,0,93.9,1B Matt Olson 2B Ozzie Albies 3B Caleb Durbin C Drake Baldwin OF Ceddanne Rafaela OF Michael Harris II OF Jahmai Jones P Chris Sale P Jake Bennett SS Andruw Monasterio,,,
848,5211959445,GingerAttack,0,93.9,1B Willson Contreras 2B Ozzie Albies 3B Caleb Durbin C Joe Mack OF Ceddanne Rafaela OF Michael Harris II OF Jahmai Jones P Chris Sale P Jake Bennett SS Andruw Monasterio,,,
848,5212028926,BeastPigg1,0,93.9,1B Willson Contreras 2B Xavier Edwards 3B Caleb Durbin C Joe Mack OF Ceddanne Rafaela OF Jarren Duran OF Jakob Marsee P Chris Sale P Jake Bennett SS Otto Lopez,,,
848,5212237316,KillerCarnage,0,93.9,1B Willson Contreras 2B Xavier Edwards 3B Caleb Durbin C Connor Wong OF Ceddanne Rafaela OF Jarren Duran OF Jakob Marsee P Chris Sale P Jake Bennett SS Otto Lopez,,,
855,5211859772,az350z,0,93.649994,1B Matt Olson 2B Ozzie Albies 3B Austin Riley C Drake Baldwin OF Michael Harris II OF Henry Bolte OF Eli White P Chris Sale P Sandy Alcantara SS Andruw Monasterio,,,
855,5212021074,jordanz84,0,93.649994,1B Kyle Stowers 2B Ozzie Albies 3B Caleb Durbin C Joe Mack OF Ceddanne Rafaela OF Michael Harris II OF Jarren Duran P Chris Sale P Sandy Alcantara SS Otto Lopez,,,
855,5212130323,Titanwarrior,0,93.649994,1B Willson Contreras 2B Vaughn Grissom 3B Caleb Durbin C Connor Wong OF Ceddanne Rafaela OF Jarren Duran OF Mauricio Dubon P Chris Sale P Sandy Alcantara SS Otto Lopez,,,
858,5211658866,winningfaith,0,93.5,1B Willson Contreras 2B Ozzie Albies 3B Austin Riley C Tyler Heineman OF Mike Trout OF Ceddanne Rafaela OF Jarren Duran P Gerrit Cole P Sandy Alcantara SS Andruw Monasterio,,,
859,5212055941,GeForce,0,93.45,1B Kyle Stowers 2B Nick Sogard 3B Javier Sanoja C Moises Ballesteros OF Ceddanne Rafaela OF Michael Harris II OF Jarren Duran P Chris Sale P Gerrit Cole SS Otto Lopez,,,
859,5212094053,Boneyball1018,0,93.45,1B Willson Contreras 2B Vaughn Grissom 3B Caleb Durbin C Drake Baldwin OF Ceddanne Rafaela OF Wade Meckler OF Eli White P Chris Sale P Gerrit Cole SS Andruw Monasterio,,,
859,5212157178,bbruce,0,93.45,1B Kyle Stowers 2B Xavier Edwards 3B Austin Riley C Moises Ballesteros OF Mike Trout OF Heliot Ramos OF Owen Caissie P Chris Sale P Gerrit Cole SS Jacob Wilson,,,
862,5211771844,tori6,0,93.35,1B Willson Contreras 2B Alika Williams 3B Caleb Durbin C Jonah Heim OF Tyler Soderstrom OF Ceddanne Rafaela OF Henry Bolte P Chris Sale P Walbert Urena SS Jacob Wilson,,,
862,5212196094,awilhite,0,93.35,1B Willson Contreras 2B Nick Sogard 3B Caleb Durbin C Drake Baldwin OF Ceddanne Rafaela OF Henry Bolte OF Jahmai Jones P Chris Sale P Walbert Urena SS Zach Neto,,,
864,5211741678,gloriousnation,0,92.95,1B Jeff McNeil 2B Anthony Seigler 3B Caleb Durbin C Moises Ballesteros OF Ronald Acuna Jr. OF Wilyer Abreu OF Jarren Duran P Sandy Alcantara P Jake Bennett SS Otto Lopez,,,
864,5212057039,Joelweeks98,0,92.95,1B Matt Olson 2B Xavier Edwards 3B Caleb Durbin C Drake Baldwin OF Mike Trout OF Michael Harris II OF Heliot Ramos P Sandy Alcantara P Jake Bennett SS Andruw Monasterio,,,
864,5212155560,Ptrav11,0,92.95,1B Matt Olson 2B Ozzie Albies 3B Caleb Durbin C Drake Baldwin OF Ronald Acuna Jr. OF Ceddanne Rafaela OF Owen Caissie P Sandy Alcantara P Jake Bennett SS Jose Caballero,,,
867,5211867619,ellisac1,0,92.9,1B Kyle Stowers 2B Ozzie Albies 3B Caleb Durbin C Drake Baldwin OF Jakob Marsee OF Griffin Conine OF Owen Caissie P Chris Sale P Jake Bennett SS Otto Lopez,,,
867,5211910775,polk45,0,92.9,1B Nolan Schanuel 2B Xavier Edwards 3B Caleb Durbin C Connor Wong OF Mike Trout OF Ceddanne Rafaela OF Jakob Marsee P Chris Sale P Jake Bennett SS Andruw Monasterio,,,
867,5212038299,getschmoney,0,92.9,1B Nolan Schanuel 2B Nick Sogard 3B Caleb Durbin C Jonah Heim OF Ronald Acuna Jr. OF Wilyer Abreu OF Ceddanne Rafaela P Chris Sale P Jake Bennett SS Andruw Monasterio,,,
867,5212055267,chrispy2005,0,92.9,1B Willson Contreras 2B Xavier Edwards 3B Caleb Durbin C Connor Wong OF Ronald Acuna Jr. OF Michael Harris II OF Eli White P Chris Sale P Jake Bennett SS Andruw Monasterio,,,
867,5212091936,tjspence24,0,92.9,1B Willson Contreras 2B Xavier Edwards 3B Caleb Durbin C Joe Mack OF Mike Trout OF Ceddanne Rafaela OF Jakob Marsee P Chris Sale P Jake Bennett SS Andruw Monasterio,,,
867,5212180522,wareagle123,0,92.9,1B Willson Contreras 2B Xavier Edwards 3B Caleb Durbin C Moises Ballesteros OF Mike Trout OF Ceddanne Rafaela OF Jakob Marsee P Chris Sale P Jake Bennett SS Andruw Monasterio,,,
867,5212275751,hg2003,0,92.9,1B Willson Contreras 2B Xavier Edwards 3B Caleb Durbin C Joe Mack OF Mike Trout OF Ceddanne Rafaela OF Henry Bolte P Chris Sale P Jake Bennett SS Andruw Monasterio,,,
874,5211826353,rmelden,0,92.649994,1B Kyle Stowers 2B Xavier Edwards 3B Max Muncy C Drake Baldwin OF Ceddanne Rafaela OF Michael Harris II OF Jarren Duran P Chris Sale P Sandy Alcantara SS Andruw Monasterio,,,
874,5211970957,mzubs11,0,92.649994,1B Paul Goldschmidt 2B Ozzie Albies 3B Tommy White C Drake Baldwin OF Ronald Acuna Jr. OF Michael Harris II OF Heliot Ramos P Chris Sale P Sandy Alcantara SS Mauricio Dubon,,,
874,5212053275,Steeler7553,0,92.649994,1B Willson Contreras 2B Vaughn Grissom 3B Austin Riley C Joe Mack OF Ceddanne Rafaela OF Michael Harris II OF Henry Bolte P Chris Sale P Sandy Alcantara SS Otto Lopez,,,
874,5212088471,ChristopherW009,0,92.649994,1B Matt Olson 2B Nick Sogard 3B Max Muncy C Jonah Heim OF Ceddanne Rafaela OF Michael Harris II OF Jarren Duran P Chris Sale P Sandy Alcantara SS Otto Lopez,,,
874,5212225863,NewEngland,0,92.649994,1B Nolan Schanuel 2B Xavier Edwards 3B Caleb Durbin C Connor Wong OF Mike Trout OF Ceddanne Rafaela OF Jarren Duran P Chris Sale P Sandy Alcantara SS Zach Neto,,,
879,5211841108,Nelsonic,0,92.45,1B Willson Contreras 2B Nick Sogard 3B Caleb Durbin C Tyler Heineman OF Mike Trout OF Jarren Duran OF Griffin Conine P Chris Sale P Gerrit Cole SS Zach Neto,,,
879,5211844978,breez96me,0,92.45,1B Willson Contreras 2B Ozzie Albies 3B Caleb Durbin C Moises Ballesteros OF Ceddanne Rafaela OF Jarren Duran OF Mauricio Dubon P Chris Sale P Gerrit Cole SS Andruw Monasterio,,,
881,5212126376,mlief,0,92.35,1B Willson Contreras 2B Nick Sogard 3B Caleb Durbin C Drake Baldwin OF Ronald Acuna Jr. OF Eli White OF Jahmai Jones P Chris Sale P Walbert Urena SS Zach Neto,,,
882,5212239084,Musky21x,0,92.2,1B Kyle Stowers 2B Nick Sogard 3B Austin Riley C Joe Mack OF Ronald Acuna Jr. OF Tyler Soderstrom OF Michael Harris II P Gerrit Cole P Walbert Urena SS Otto Lopez,,,
883,5211804344,AverageTuesday,0,92,1B Nolan Schanuel 2B Vaughn Grissom 3B Max Muncy C Jonah Heim OF Mike Trout OF Tyler Soderstrom OF Henry Bolte P Chris Sale P Gage Jump SS Zach Neto,,,
884,5211844899,kokidd60,0,91.95,1B Kyle Stowers 2B Nick Sogard 3B Javier Sanoja C Jonah Heim OF Ronald Acuna Jr. OF Mike Trout OF Ceddanne Rafaela P Sandy Alcantara P Jake Bennett SS Zach Neto,,,
884,5211857264,Girthy42,0,91.95,1B Willson Contreras 2B Ozzie Albies 3B Caleb Durbin C Joe Mack OF Ronald Acuna Jr. OF Ceddanne Rafaela OF Jarren Duran P Sandy Alcantara P Jake Bennett SS Andruw Monasterio,,,
886,5211851015,CHS1984Ronaldthill,0,91.9,1B Willson Contreras 2B Nick Sogard 3B Caleb Durbin C Drake Baldwin OF Ceddanne Rafaela OF Michael Harris II OF Jakob Marsee P Chris Sale P Jake Bennett SS Andruw Monasterio,,,
886,5211936911,IoNlyDrmOfU,0,91.9,1B Willson Contreras 2B Nick Sogard 3B Caleb Durbin C Drake Baldwin OF Ceddanne Rafaela OF Michael Harris II OF Jakob Marsee P Chris Sale P Jake Bennett SS Andruw Monasterio,,,
886,5212125614,avg_gam_tre,0,91.9,1B Willson Contreras 2B Nick Sogard 3B Caleb Durbin C Drake Baldwin OF Ceddanne Rafaela OF Michael Harris II OF Jakob Marsee P Chris Sale P Jake Bennett SS Andruw Monasterio,,,
886,5212160170,Bkon10,0,91.9,1B Willson Contreras 2B Nick Sogard 3B Caleb Durbin C Drake Baldwin OF Ceddanne Rafaela OF Michael Harris II OF Jakob Marsee P Chris Sale P Jake Bennett SS Andruw Monasterio,,,
886,5212243702,jefoson777,0,91.9,1B Paul Goldschmidt 2B Xavier Edwards 3B Austin Riley C Jonah Heim OF Ronald Acuna Jr. OF Michael Harris II OF Jarren Duran P Chris Sale P Jake Bennett SS Jacob Wilson,,,
891,5212046615,cowgirls0287,0,91.649994,1B Dominic Smith 2B Anthony Seigler 3B Caleb Durbin C Drake Baldwin OF Ceddanne Rafaela OF Michael Harris II OF Jarren Duran P Chris Sale P Sandy Alcantara SS Andruw Monasterio,,,
892,5212043591,MonacoMarj,0,91.45,1B Paul Goldschmidt 2B Ozzie Albies 3B Max Muncy C Drake Baldwin OF Trent Grisham OF Michael Harris II OF Griffin Conine P Chris Sale P Gerrit Cole SS Andruw Monasterio,,,
893,5211846743,PUCKSINC,0,91.35,1B Nolan Schanuel 2B Nick Sogard 3B Caleb Durbin C Connor Wong OF Ronald Acuna Jr. OF Ceddanne Rafaela OF Henry Bolte P Chris Sale P Walbert Urena SS Jacob Wilson,,,
893,5212114136,jfing,0,91.35,1B Nolan Schanuel 2B Vaughn Grissom 3B Caleb Durbin C Drake Baldwin OF Ronald Acuna Jr. OF Ceddanne Rafaela OF Jahmai Jones P Chris Sale P Walbert Urena SS Andruw Monasterio,,,
893,5212228390,sami_peja,0,91.35,1B Willson Contreras 2B Nick Sogard 3B Caleb Durbin C Connor Wong OF Ronald Acuna Jr. OF Ceddanne Rafaela OF Henry Bolte P Chris Sale P Walbert Urena SS Jacob Wilson,,,
896,5211914144,drunkonpappy,0,91,1B Matt Olson 2B Ozzie Albies 3B Austin Riley C Drake Baldwin OF Ronald Acuna Jr. OF Henry Bolte OF Josh Lowe P Chris Sale P Gage Jump SS Zach Neto,,,
897,5212109013,ToddyBeam,0,90.95,1B Matt Olson 2B Ozzie Albies 3B Caleb Durbin C Drake Baldwin OF Ronald Acuna Jr. OF Wilyer Abreu OF Eli White P Sandy Alcantara P Jake Bennett SS Andruw Monasterio,,,
898,5211733075,LakeBum23,0,90.9,1B Willson Contreras 2B Xavier Edwards 3B Caleb Durbin C Joe Mack OF Ceddanne Rafaela OF Jarren Duran OF Jakob Marsee P Chris Sale P Jake Bennett SS Andruw Monasterio,,,
898,5211736031,T_revor,0,90.9,1B Matt Olson 2B Ozzie Albies 3B Caleb Durbin C Drake Baldwin OF Ronald Acuna Jr. OF Jakob Marsee OF Josh Lowe P Chris Sale P Jake Bennett SS Andruw Monasterio,,,
898,5211830939,mntiny,0,90.9,1B Willson Contreras 2B Nick Sogard 3B Caleb Durbin C Drake Baldwin OF Ceddanne Rafaela OF Michael Harris II OF Mike Yastrzemski P Chris Sale P Jake Bennett SS Andruw Monasterio,,,
898,5212092537,NIUDave85,0,90.9,1B Matt Olson 2B Ozzie Albies 3B Caleb Durbin C Drake Baldwin OF Ronald Acuna Jr. OF Jakob Marsee OF Josh Lowe P Chris Sale P Jake Bennett SS Andruw Monasterio,,,
898,5212148022,tonerome,0,90.9,1B Kyle Stowers 2B Xavier Edwards 3B Caleb Durbin C Drake Baldwin OF Mike Trout OF Ceddanne Rafaela OF Jakob Marsee P Chris Sale P Jake Bennett SS Mauricio Dubon,,,
898,5212178608,Dirtycopp,0,90.9,1B Paul Goldschmidt 2B Xavier Edwards 3B Caleb Durbin C Agustin Ramirez OF Mike Trout OF Wilyer Abreu OF Spencer Jones P Chris Sale P Jake Bennett SS Zach Neto,,,
898,5212207927,macyfan,0,90.9,1B Matt Olson 2B Ozzie Albies 3B Caleb Durbin C Drake Baldwin OF Ronald Acuna Jr. OF Jakob Marsee OF Josh Lowe P Chris Sale P Jake Bennett SS Andruw Monasterio,,,
898,5212242475,FalconsFan07,0,90.9,1B Kyle Stowers 2B Nick Sogard 3B Caleb Durbin C Connor Wong OF Ronald Acuna Jr. OF Ceddanne Rafaela OF Michael Harris II P Chris Sale P Jake Bennett SS Otto Lopez,,,
898,5212288973,papaaidz,0,90.9,1B Willson Contreras 2B Nick Sogard 3B Caleb Durbin C Drake Baldwin OF Ronald Acuna Jr. OF Ceddanne Rafaela OF Josh Lowe P Chris Sale P Jake Bennett SS Andruw Monasterio,,,
907,5211767407,ou8jaime,0,90.75,1B Kyle Stowers 2B Nick Sogard 3B Max Muncy C Joe Mack OF Ronald Acuna Jr. OF Mike Trout OF Trent Grisham P Gerrit Cole P Jake Bennett SS Otto Lopez,,,
908,5212049644,MarioBros1956,0,90.399994,1B Nick Sogard 2B Vaughn Grissom 3B Caleb Durbin C Drake Baldwin OF Ronald Acuna Jr. OF Tyler Soderstrom OF Jarren Duran P Walbert Urena P Sandy Alcantara SS Zach Neto,,,
908,5212050835,Smhaase86,0,90.399994,1B Kyle Stowers 2B Nick Sogard 3B Caleb Durbin C Drake Baldwin OF Ronald Acuna Jr. OF Ceddanne Rafaela OF Jarren Duran P Walbert Urena P Sandy Alcantara SS Andruw Monasterio,,,
908,5212239631,HallelujahHolyShhhh,0,90.399994,1B Matt Olson 2B Nick Sogard 3B Austin Riley C Drake Baldwin OF Ronald Acuna Jr. OF Ceddanne Rafaela OF Michael Harris II P Walbert Urena P Sandy Alcantara SS George Lombard Jr.,,,
911,5212230530,Sweeninator,0,90.35,1B Matt Olson 2B Nick Sogard 3B Caleb Durbin C Drake Baldwin OF Ceddanne Rafaela OF Michael Harris II OF Jahmai Jones P Chris Sale P Walbert Urena SS Andruw Monasterio,,,
912,5212031503,rwbaca22,0,89.95,1B Kyle Stowers 2B Nick Sogard 3B Caleb Durbin C Joe Mack OF Ronald Acuna Jr. OF Mike Trout OF Ceddanne Rafaela P Sandy Alcantara P Jake Bennett SS Zach Neto,,,
912,5212200651,pete2303,0,89.95,1B Willson Contreras 2B Ozzie Albies 3B Caleb Durbin C Connor Wong OF Ronald Acuna Jr. OF Mike Trout OF Ceddanne Rafaela P Sandy Alcantara P Jake Bennett SS Mauricio Dubon,,,
912,5212260871,asantomo,0,89.95,1B Kyle Stowers 2B Ozzie Albies 3B Caleb Durbin C Drake Baldwin OF Ceddanne Rafaela OF Michael Harris II OF Heriberto Hernandez P Sandy Alcantara P Jake Bennett SS Andruw Monasterio,,,
915,5211910033,Jeremyrenk,0,89.9,1B Matt Olson 2B Xavier Edwards 3B Caleb Durbin C Joe Mack OF Tyler Soderstrom OF Ceddanne Rafaela OF Jarren Duran P Chris Sale P Jake Bennett SS Andruw Monasterio,,,
915,5211981412,DakotaSkye44,0,89.9,1B Willson Contreras 2B Xavier Edwards 3B Caleb Durbin C Joe Mack OF Ronald Acuna Jr. OF Jarren Duran OF Eli White P Chris Sale P Jake Bennett SS Andruw Monasterio,,,
915,5212043283,a12bmg,0,89.9,1B Kyle Stowers 2B Nick Sogard 3B Caleb Durbin C Drake Baldwin OF Tyler Soderstrom OF Ceddanne Rafaela OF Jarren Duran P Chris Sale P Jake Bennett SS Andruw Monasterio,,,
915,5212221425,ltfmanager,0,89.9,1B Willson Contreras 2B Xavier Edwards 3B Caleb Durbin C Drake Baldwin OF Ceddanne Rafaela OF Jarren Duran OF Jakob Marsee P Chris Sale P Jake Bennett SS Mauricio Dubon,,,
915,5212225812,ELsolly46,0,89.9,1B Willson Contreras 2B Ozzie Albies 3B Caleb Durbin C Drake Baldwin OF Wilyer Abreu OF Ceddanne Rafaela OF Jahmai Jones P Chris Sale P Jake Bennett SS Mauricio Dubon,,,
915,5212232267,Salvatorture24,0,89.9,1B Nolan Schanuel 2B Ozzie Albies 3B Jose Caballero C Connor Wong OF Ronald Acuna Jr. OF Tyler Soderstrom OF Ceddanne Rafaela P Chris Sale P Jake Bennett SS Otto Lopez,,,
921,5212164185,lklk88088,0,89.649994,1B Matt Olson 2B Ozzie Albies 3B Caleb Durbin C Drake Baldwin OF Ceddanne Rafaela OF Michael Harris II OF Eli White P Chris Sale P Sandy Alcantara SS Mauricio Dubon,,,
922,5212106645,bg1481,0,89.399994,1B Willson Contreras 2B Ozzie Albies 3B Caleb Durbin C Jonah Heim OF Tyler Soderstrom OF Ceddanne Rafaela OF Jarren Duran P Walbert Urena P Sandy Alcantara SS Andruw Monasterio,,,
923,5211960735,GoBillsGo47,0,89.35,1B Matt Olson 2B Ozzie Albies 3B Caleb Durbin C Jonah Heim OF Tyler Soderstrom OF Ceddanne Rafaela OF Mauricio Dubon P Chris Sale P Walbert Urena SS George Lombard Jr.,,,
924,5212044073,whitey141414,0,88.95,1B Willson Contreras 2B Xavier Edwards 3B Caleb Durbin C Moises Ballesteros OF Mike Trout OF Ceddanne Rafaela OF Heriberto Hernandez P Sandy Alcantara P Jake Bennett SS Zach Neto,,,
925,5211839966,Aoteoroa,0,88.9,1B Kyle Stowers 2B Xavier Edwards 3B Caleb Durbin C Connor Wong OF Ronald Acuna Jr. OF Mike Trout OF Jarren Duran P Chris Sale P Jake Bennett SS Andruw Monasterio,,,
925,5212103864,bobbyharrell,0,88.9,1B Nick Sogard 2B Xavier Edwards 3B Caleb Durbin C Connor Wong OF Ronald Acuna Jr. OF Mike Trout OF Jarren Duran P Chris Sale P Jake Bennett SS Zach Neto,,,
925,5212211784,davem,0,88.9,1B Kyle Stowers 2B Ozzie Albies 3B Caleb Durbin C Jonah Heim OF Tyler Soderstrom OF Ceddanne Rafaela OF Heriberto Hernandez P Chris Sale P Jake Bennett SS Jose Caballero,,,
925,5212239951,TitoTru,0,88.9,1B Willson Contreras 2B Vaughn Grissom 3B Caleb Durbin C Connor Wong OF Ronald Acuna Jr. OF Ceddanne Rafaela OF Mike Yastrzemski P Chris Sale P Jake Bennett SS Otto Lopez,,,
925,5212279533,jackson_0824,0,88.9,1B Matt Olson 2B Xavier Edwards 3B Caleb Durbin C Drake Baldwin OF Ronald Acuna Jr. OF Ceddanne Rafaela OF Eli White P Chris Sale P Jake Bennett SS Mauricio Dubon,,,
930,5212261414,ogbubbaclark,0,88.85,1B Kyle Stowers 2B Ozzie Albies 3B Jose Caballero C Connor Wong OF Mike Trout OF Michael Harris II OF Eli White P Gerrit Cole P Gage Jump SS Mauricio Dubon,,,
931,5211710298,meatbox36,0,88.649994,1B Matt Olson 2B Ozzie Albies 3B Caleb Durbin C Joe Mack OF Ceddanne Rafaela OF Michael Harris II OF Jarren Duran P Chris Sale P Sandy Alcantara SS Andruw Monasterio,,,
931,5211794599,suvracing,0,88.649994,1B Matt Olson 2B Ozzie Albies 3B Caleb Durbin C Joe Mack OF Ceddanne Rafaela OF Michael Harris II OF Jarren Duran P Chris Sale P Sandy Alcantara SS Andruw Monasterio,,,
931,5211979790,avery98z,0,88.649994,1B Matt Olson 2B Ozzie Albies 3B Caleb Durbin C Connor Wong OF Ceddanne Rafaela OF Michael Harris II OF Jarren Duran P Chris Sale P Sandy Alcantara SS Andruw Monasterio,,,
931,5212286764,Russeljune83,0,88.649994,1B Nolan Schanuel 2B Ozzie Albies 3B Caleb Durbin C Connor Wong OF Ceddanne Rafaela OF Heliot Ramos OF Jarren Duran P Chris Sale P Sandy Alcantara SS Andruw Monasterio,,,
935,5211779134,krav4747,0,88.45,1B Willson Contreras 2B Vaughn Grissom 3B Caleb Durbin C Joe Mack OF Ceddanne Rafaela OF Jarren Duran OF Griffin Conine P Chris Sale P Gerrit Cole SS Andruw Monasterio,,,
936,5211713554,harmslayer,0,88.399994,1B Matt Olson 2B Ozzie Albies 3B Tommy White C Drake Baldwin OF Tyler Soderstrom OF Michael Harris II OF Henry Bolte P Walbert Urena P Sandy Alcantara SS Jacob Wilson,,,
937,5211933897,aklease,0,88.35,1B Nick Sogard 2B Ozzie Albies 3B Caleb Durbin C Jonah Heim OF Tyler Soderstrom OF Ceddanne Rafaela OF Jarren Duran P Chris Sale P Walbert Urena SS Jacob Wilson,,,
937,5212087242,AlbatrossBOS,0,88.35,1B Willson Contreras 2B Vaughn Grissom 3B Caleb Durbin C Joe Mack OF Ronald Acuna Jr. OF Ceddanne Rafaela OF Jahmai Jones P Chris Sale P Walbert Urena SS Andruw Monasterio,,,
939,5212098984,Poodak,0,88,1B Nolan Schanuel 2B Vaughn Grissom 3B Tommy White C Moises Ballesteros OF Mike Trout OF Tyler Soderstrom OF Henry Bolte P Chris Sale P Gage Jump SS Zach Neto,,,
940,5211988740,donnellymclean,0,87.9,1B Willson Contreras 2B Xavier Edwards 3B Caleb Durbin C Drake Baldwin OF Ceddanne Rafaela OF Jarren Duran OF Griffin Conine P Chris Sale P Jake Bennett SS Andruw Monasterio,,,
940,5211995106,spundin,0,87.9,1B Willson Contreras 2B Xavier Edwards 3B Caleb Durbin C Drake Baldwin OF Ceddanne Rafaela OF Jarren Duran OF Wade Meckler P Chris Sale P Jake Bennett SS Andruw Monasterio,,,
940,5212018808,ohiolevi,0,87.9,1B Matt Olson 2B Nick Sogard 3B Caleb Durbin C Drake Baldwin OF Ronald Acuna Jr. OF Ceddanne Rafaela OF Eli White P Chris Sale P Jake Bennett SS Andruw Monasterio,,,
940,5212103392,KelvinDubs,0,87.9,1B Kyle Stowers 2B Xavier Edwards 3B Caleb Durbin C Joe Mack OF Mike Trout OF Michael Harris II OF Heriberto Hernandez P Chris Sale P Jake Bennett SS Otto Lopez,,,
940,5212120864,TheRaker,0,87.9,1B Nolan Schanuel 2B Nick Sogard 3B Caleb Durbin C Moises Ballesteros OF Ronald Acuna Jr. OF Mike Trout OF Ceddanne Rafaela P Chris Sale P Jake Bennett SS Andruw Monasterio,,,
940,5212151313,daddyaz13,0,87.9,1B Matt Olson 2B Nick Sogard 3B Caleb Durbin C Drake Baldwin OF Ronald Acuna Jr. OF Michael Harris II OF Eli White P Chris Sale P Jake Bennett SS Andruw Monasterio,,,
940,5212192050,Noah2005.com,0,87.9,1B Nick Sogard 2B Ozzie Albies 3B Caleb Durbin C Agustin Ramirez OF Ronald Acuna Jr. OF Wilyer Abreu OF Jakob Marsee P Chris Sale P Jake Bennett SS Zach Neto,,,
940,5212252716,darrellsaxton,0,87.9,1B Willson Contreras 2B Xavier Edwards 3B Caleb Durbin C Tyler Heineman OF Ronald Acuna Jr. OF Ceddanne Rafaela OF Owen Caissie P Chris Sale P Jake Bennett SS Zach Neto,,,
940,5212273181,RelentlessD85,0,87.9,1B Willson Contreras 2B Xavier Edwards 3B Austin Riley C Joe Mack OF Ronald Acuna Jr. OF Michael Harris II OF Wade Meckler P Chris Sale P Jake Bennett SS Andruw Monasterio,,,
949,5211822469,bwestinmilehigh,0,87.65,1B Willson Contreras 2B Xavier Edwards 3B Caleb Durbin C Jonah Heim OF Tyler Soderstrom OF Ceddanne Rafaela OF Heriberto Hernandez P Walbert Urena P Jake Bennett SS Otto Lopez,,,
950,5211822536,Kingxo,0,87.2,1B Ben Rice 2B Nick Sogard 3B Amed Rosario C Jonah Heim OF Mike Trout OF Ceddanne Rafaela OF Heliot Ramos P Gerrit Cole P Walbert Urena SS George Lombard Jr.,,,
951,5212151901,Shame_onme,0,86.9,1B Nick Sogard 2B Ozzie Albies 3B Austin Riley C Austin Wells OF Ronald Acuna Jr. OF Mike Trout OF Michael Harris II P Chris Sale P Jake Bennett SS Mauricio Dubon,,,
951,5212192244,tristanwolf,0,86.9,1B Willson Contreras 2B Xavier Edwards 3B Caleb Durbin C Connor Wong OF Ceddanne Rafaela OF Jarren Duran OF Heriberto Hernandez P Chris Sale P Jake Bennett SS Otto Lopez,,,
951,5212280687,domortizz,0,86.9,1B Matt Olson 2B Xavier Edwards 3B Caleb Durbin C Moises Ballesteros OF Ceddanne Rafaela OF Michael Harris II OF Heriberto Hernandez P Chris Sale P Jake Bennett SS Otto Lopez,,,
951,5212286256,QBKillaz,0,86.9,1B Willson Contreras 2B Xavier Edwards 3B Tommy White C Tyler Heineman OF Ronald Acuna Jr. OF Michael Harris II OF Wade Meckler P Chris Sale P Jake Bennett SS Mauricio Dubon,,,
955,5212237161,Adamjf,0,86.399994,1B Willson Contreras 2B Ozzie Albies 3B Caleb Durbin C Drake Baldwin OF Ceddanne Rafaela OF Michael Harris II OF Henry Bolte P Walbert Urena P Sandy Alcantara SS Andruw Monasterio,,,
956,5211771394,Scowinston,0,85.9,1B Matt Olson 2B Nick Sogard 3B Caleb Durbin C Connor Wong OF Ronald Acuna Jr. OF Ceddanne Rafaela OF Michael Harris II P Chris Sale P Jake Bennett SS Andruw Monasterio,,,
956,5211817897,oklablue,0,85.9,1B Matt Olson 2B Nick Sogard 3B Caleb Durbin C Connor Wong OF Ronald Acuna Jr. OF Ceddanne Rafaela OF Michael Harris II P Chris Sale P Jake Bennett SS Andruw Monasterio,,,
956,5211964121,jared2004,0,85.9,1B Matt Olson 2B Nick Sogard 3B Caleb Durbin C Joe Mack OF Ronald Acuna Jr. OF Ceddanne Rafaela OF Michael Harris II P Chris Sale P Jake Bennett SS Andruw Monasterio,,,
956,5212049164,frisbeediver,0,85.9,1B Matt Olson 2B Nick Sogard 3B Caleb Durbin C Connor Wong OF Ronald Acuna Jr. OF Ceddanne Rafaela OF Michael Harris II P Chris Sale P Jake Bennett SS Andruw Monasterio,,,
956,5212120217,lucas232,0,85.9,1B Kyle Stowers 2B Xavier Edwards 3B Caleb Durbin C Brian Serven OF Mike Trout OF Ceddanne Rafaela OF Jarren Duran P Chris Sale P Jake Bennett SS Otto Lopez,,,
956,5212134097,gokullect,0,85.9,1B Matt Olson 2B Nick Sogard 3B Caleb Durbin C Connor Wong OF Ronald Acuna Jr. OF Ceddanne Rafaela OF Michael Harris II P Chris Sale P Jake Bennett SS Andruw Monasterio,,,
956,5212236327,sneuman,0,85.9,1B Willson Contreras 2B Nick Sogard 3B Caleb Durbin C Drake Baldwin OF Ceddanne Rafaela OF Jarren Duran OF Griffin Conine P Chris Sale P Jake Bennett SS Otto Lopez,,,
956,5212236392,SEANYCASH,0,85.9,1B Willson Contreras 2B Xavier Edwards 3B Caleb Durbin C Connor Wong OF Mike Trout OF Ceddanne Rafaela OF Heriberto Hernandez P Chris Sale P Jake Bennett SS Andruw Monasterio,,,
964,5211787767,BrianFergusonUSMC,0,85.649994,1B Matt Olson 2B Vaughn Grissom 3B Austin Riley C Joe Mack OF Tyler Soderstrom OF Ceddanne Rafaela OF Jarren Duran P Chris Sale P Sandy Alcantara SS Andruw Monasterio,,,
964,5212192593,bigpete3281,0,85.649994,1B Willson Contreras 2B Ozzie Albies 3B Austin Riley C Brian Serven OF Ceddanne Rafaela OF Michael Harris II OF Jarren Duran P Chris Sale P Sandy Alcantara SS Andruw Monasterio,,,
966,5212176431,StLCardsMama,0,85.45,1B Kyle Stowers 2B Ozzie Albies 3B Caleb Durbin C Brian Serven OF Wilyer Abreu OF Ceddanne Rafaela OF Jarren Duran P Chris Sale P Gerrit Cole SS Mauricio Dubon,,,
967,5212026832,Profanity,0,85.35,1B Willson Contreras 2B Nick Sogard 3B Caleb Durbin C Drake Baldwin OF Ceddanne Rafaela OF Henry Bolte OF Wade Meckler P Chris Sale P Walbert Urena SS Andruw Monasterio,,,
968,5211408122,dennis8,0,85.2,1B Nolan Schanuel 2B Nick Sogard 3B Austin Riley C Drake Baldwin OF Tyler Soderstrom OF Ceddanne Rafaela OF Michael Harris II P Gerrit Cole P Walbert Urena SS Jacob Wilson,,,
969,5211742385,j-wolf05,0,84.9,1B Willson Contreras 2B Xavier Edwards 3B Caleb Durbin C Drake Baldwin OF Ceddanne Rafaela OF Michael Harris II OF Eli White P Chris Sale P Jake Bennett SS Andruw Monasterio,,,
969,5211990700,djlions81,0,84.9,1B Willson Contreras 2B Vaughn Grissom 3B Austin Riley C Joe Mack OF Ronald Acuna Jr. OF Ceddanne Rafaela OF Jahmai Jones P Chris Sale P Jake Bennett SS Mauricio Dubon,,,
969,5212063415,zeusy24kk,0,84.9,1B Willson Contreras 2B Nick Sogard 3B Caleb Durbin C Drake Baldwin OF Ceddanne Rafaela OF Michael Harris II OF Mauricio Dubon P Chris Sale P Jake Bennett SS Andruw Monasterio,,,
969,5212220333,razorbackavery,0,84.9,1B Willson Contreras 2B Nick Sogard 3B Caleb Durbin C Tyler Heineman OF Ronald Acuna Jr. OF Mike Trout OF Wade Meckler P Chris Sale P Jake Bennett SS Zach Neto,,,
969,5212238084,AndyDrew,0,84.9,1B Matt Olson 2B Nick Sogard 3B Caleb Durbin C Drake Baldwin OF Ronald Acuna Jr. OF Jarren Duran OF Eli White P Chris Sale P Jake Bennett SS Andruw Monasterio,,,
969,5212271988,RattlerBlack,0,84.9,1B Willson Contreras 2B Xavier Edwards 3B Caleb Durbin C Connor Wong OF Ceddanne Rafaela OF Jarren Duran OF Owen Caissie P Chris Sale P Jake Bennett SS Otto Lopez,,,
975,5212199621,robertsjett,0,84.649994,1B Matt Olson 2B Ozzie Albies 3B Austin Riley C Connor Wong OF Ronald Acuna Jr. OF Ceddanne Rafaela OF Jarren Duran P Chris Sale P Sandy Alcantara SS Mauricio Dubon,,,
975,5212253423,Ravens1,0,84.649994,1B Matt Olson 2B Ozzie Albies 3B Caleb Durbin C Joe Mack OF Ceddanne Rafaela OF Michael Harris II OF Jarren Duran P Chris Sale P Sandy Alcantara SS Mauricio Dubon,,,
977,5211783221,loosetools,0,84.399994,1B Willson Contreras 2B Xavier Edwards 3B Caleb Durbin C Joe Mack OF Ceddanne Rafaela OF Jarren Duran OF Eli White P Walbert Urena P Sandy Alcantara SS Otto Lopez,,,
977,5212113353,crackbabies,0,84.399994,1B Paul Goldschmidt 2B Ozzie Albies 3B Caleb Durbin C Drake Baldwin OF Ronald Acuna Jr. OF Ceddanne Rafaela OF Michael Harris II P Walbert Urena P Sandy Alcantara SS Mauricio Dubon,,,
977,5212115922,iastormers12,0,84.399994,1B Willson Contreras 2B Xavier Edwards 3B Caleb Durbin C Joe Mack OF Mike Trout OF Ceddanne Rafaela OF Jarren Duran P Walbert Urena P Sandy Alcantara SS Otto Lopez,,,
977,5212119717,jjjacquesjerry,0,84.399994,1B Matt Olson 2B Ozzie Albies 3B Austin Riley C Drake Baldwin OF Tyler Soderstrom OF Ceddanne Rafaela OF Mike Yastrzemski P Walbert Urena P Sandy Alcantara SS Andruw Monasterio,,,
981,5211746389,MyBFLovesFootball,0,84.35,1B Matt Olson 2B Ozzie Albies 3B Caleb Durbin C Jonah Heim OF Ceddanne Rafaela OF Henry Bolte OF Lawrence Butler P Chris Sale P Walbert Urena SS Andruw Monasterio,,,
981,5211748855,chuckiepow,0,84.35,1B Willson Contreras 2B Ozzie Albies 3B Caleb Durbin C Drake Baldwin OF Tyler Soderstrom OF Lawrence Butler OF Josh Lowe P Chris Sale P Walbert Urena SS Andruw Monasterio,,,
981,5212025272,BigBoh17,0,84.35,1B Matt Olson 2B Nick Sogard 3B Caleb Durbin C Connor Wong OF Ronald Acuna Jr. OF Ceddanne Rafaela OF Michael Harris II P Chris Sale P Walbert Urena SS George Lombard Jr.,,,
984,5212002670,cdt123,0,83.95,1B Willson Contreras 2B Ozzie Albies 3B Caleb Durbin C Drake Baldwin OF Ceddanne Rafaela OF Michael Harris II OF Jarren Duran P Sandy Alcantara P Jake Bennett SS Andruw Monasterio,,,
984,5212102330,swright71,0,83.95,1B Matt Olson 2B Ozzie Albies 3B Austin Riley C Joe Mack OF Ronald Acuna Jr. OF Ceddanne Rafaela OF Michael Harris II P Sandy Alcantara P Jake Bennett SS Otto Lopez,,,
984,5212127146,msilvia,0,83.95,1B Willson Contreras 2B Ozzie Albies 3B Caleb Durbin C Drake Baldwin OF Ceddanne Rafaela OF Michael Harris II OF Jarren Duran P Sandy Alcantara P Jake Bennett SS Andruw Monasterio,,,
987,5211805434,VampGhost,0,83.9,1B Nolan Schanuel 2B Ozzie Albies 3B Caleb Durbin C Drake Baldwin OF Mike Trout OF Henry Bolte OF Griffin Conine P Chris Sale P Jake Bennett SS Mauricio Dubon,,,
987,5211827966,RAYVENZ52,0,83.9,1B Matt Olson 2B Ozzie Albies 3B Caleb Durbin C Drake Baldwin OF Ceddanne Rafaela OF Michael Harris II OF Mauricio Dubon P Chris Sale P Jake Bennett SS George Lombard Jr.,,,
987,5211952208,Bud2323,0,83.9,1B Matt Olson 2B Xavier Edwards 3B Amed Rosario C Connor Wong OF Ronald Acuna Jr. OF Ceddanne Rafaela OF Heriberto Hernandez P Chris Sale P Jake Bennett SS Otto Lopez,,,
987,5212178141,Shanecoyle23,0,83.9,1B Matt Olson 2B Xavier Edwards 3B Caleb Durbin C Jonah Heim OF Ceddanne Rafaela OF Michael Harris II OF Esteury Ruiz P Chris Sale P Jake Bennett SS Andruw Monasterio,,,
991,5212004649,boilermaker105,0,83.65,1B Nick Sogard 2B Xavier Edwards 3B Caleb Durbin C Drake Baldwin OF Ronald Acuna Jr. OF Mike Trout OF Heliot Ramos P Walbert Urena P Jake Bennett SS Jacob Wilson,,,
992,5211912134,soonerbernie2002,0,83.45,1B Nick Sogard 2B Vaughn Grissom 3B Caleb Durbin C Joe Mack OF Mike Trout OF Ceddanne Rafaela OF Eli White P Chris Sale P Gerrit Cole SS Zach Neto,,,
992,5211918870,Jerry2044,0,83.45,1B Willson Contreras 2B Vaughn Grissom 3B Tommy White C Brian Serven OF Mike Trout OF Jakob Marsee OF Mauricio Dubon P Chris Sale P Gerrit Cole SS Zach Neto,,,
994,5212037821,Hootfish,0,83.399994,1B Willson Contreras 2B Ozzie Albies 3B Caleb Durbin C Connor Wong OF Ronald Acuna Jr. OF Ceddanne Rafaela OF Michael Harris II P Walbert Urena P Sandy Alcantara SS Andruw Monasterio,,,
994,5212206542,Tiger4Life44,0,83.399994,1B Willson Contreras 2B Ozzie Albies 3B Caleb Durbin C Connor Wong OF Ronald Acuna Jr. OF Ceddanne Rafaela OF Michael Harris II P Walbert Urena P Sandy Alcantara SS Andruw Monasterio,,,
996,5211949643,codyreich1,0,83.35,1B Nick Sogard 2B Anthony Seigler 3B Caleb Durbin C Jonah Heim OF Wilyer Abreu OF Tyler Soderstrom OF Ceddanne Rafaela P Chris Sale P Walbert Urena SS Jacob Wilson,,,
997,5212088472,1magictime,0,82.95,1B Luis Garcia Jr. 2B Anthony Seigler 3B Caleb Durbin C Drake Baldwin OF Ronald Acuna Jr. OF Wilyer Abreu OF Ceddanne Rafaela P Sandy Alcantara P Jake Bennett SS Mauricio Dubon,,,
998,5211640473,torrinstrong,0,82.9,1B Matt Olson 2B Ozzie Albies 3B Austin Riley C Drake Baldwin OF Ceddanne Rafaela OF Michael Harris II OF Jahmai Jones P Chris Sale P Jake Bennett SS Andruw Monasterio,,,
998,5211873321,fendog,0,82.9,1B Nolan Schanuel 2B Xavier Edwards 3B Caleb Durbin C Drake Baldwin OF Ceddanne Rafaela OF Michael Harris II OF Jarren Duran P Chris Sale P Jake Bennett SS Andruw Monasterio,,,
998,5212051145,LRoyTheKing,0,82.9,1B Willson Contreras 2B Nick Sogard 3B Caleb Durbin C Joe Mack OF Ronald Acuna Jr. OF Ceddanne Rafaela OF Michael Harris II P Chris Sale P Jake Bennett SS Jim Jarvis,,,
998,5212102310,JaserD,0,82.9,1B Kyle Stowers 2B Xavier Edwards 3B Vaughn Grissom C Drake Baldwin OF Mike Trout OF Griffin Conine OF Wade Meckler P Chris Sale P Jake Bennett SS Otto Lopez,,,
998,5212103422,mikeso1o,0,82.9,1B Matt Olson 2B Ozzie Albies 3B Caleb Durbin C Moises Ballesteros OF Ronald Acuna Jr. OF Michael Harris II OF Griffin Conine P Chris Sale P Jake Bennett SS Andruw Monasterio,,,
998,5212210842,eharig09,0,82.9,1B Matt Olson 2B Xavier Edwards 3B Javier Sanoja C Drake Baldwin OF Ceddanne Rafaela OF Michael Harris II OF Griffin Conine P Chris Sale P Jake Bennett SS Andruw Monasterio,,,
998,5212244964,Xud85,0,82.9,1B Matt Olson 2B Nick Sogard 3B Caleb Durbin C Joe Mack OF Ronald Acuna Jr. OF Ceddanne Rafaela OF Jarren Duran P Chris Sale P Jake Bennett SS Andruw Monasterio,,,
1005,5212117277,derrty21,0,82.649994,1B Matt Olson 2B Vaughn Grissom 3B Denzer Guzman C Drake Baldwin OF Ceddanne Rafaela OF Trent Grisham OF Heriberto Hernandez P Chris Sale P Sandy Alcantara SS Jose Caballero,,,
1006,5212203139,y2kFrog,0,82.45,1B Nolan Schanuel 2B Vaughn Grissom 3B Caleb Durbin C Moises Ballesteros OF Mike Trout OF Ceddanne Rafaela OF Jarren Duran P Chris Sale P Gerrit Cole SS Andruw Monasterio,,,
1006,5212254638,PolarbearCale,0,82.45,1B Matt Olson 2B Vaughn Grissom 3B Jose Caballero C Connor Wong OF Mike Trout OF Michael Harris II OF Jarren Duran P Chris Sale P Gerrit Cole SS George Lombard Jr.,,,
1008,5211929756,STEEL8877,0,81.95,1B Willson Contreras 2B Xavier Edwards 3B Caleb Durbin C Joe Mack OF Mike Trout OF Ceddanne Rafaela OF Jarren Duran P Sandy Alcantara P Jake Bennett SS Zach Neto,,,
1009,5211728064,iBFlexSin,0,81.9,1B Matt Olson 2B Nick Sogard 3B Caleb Durbin C Drake Baldwin OF Ceddanne Rafaela OF Michael Harris II OF Mauricio Dubon P Chris Sale P Jake Bennett SS Andruw Monasterio,,,
1009,5212041707,preeves4,0,81.9,1B Willson Contreras 2B Nick Sogard 3B Caleb Durbin C Moises Ballesteros OF Mike Trout OF Ceddanne Rafaela OF Wade Meckler P Chris Sale P Jake Bennett SS Andruw Monasterio,,,
1009,5212222946,difomoneycash,0,81.9,1B Willson Contreras 2B Ozzie Albies 3B Caleb Durbin C Austin Wells OF Ceddanne Rafaela OF Michael Harris II OF Jarren Duran P Chris Sale P Jake Bennett SS Otto Lopez,,,
1012,5211649378,hulksmashing20,0,81.649994,1B Matt Olson 2B Ozzie Albies 3B Jose Caballero C Drake Baldwin OF Heliot Ramos OF Jarren Duran OF Heriberto Hernandez P Chris Sale P Sandy Alcantara SS Mauricio Dubon,,,
1013,5212008224,kingofthahill1976,0,81.35,1B Willson Contreras 2B Nick Sogard 3B Caleb Durbin C Brian Serven OF Mike Trout OF Ceddanne Rafaela OF Henry Bolte P Chris Sale P Walbert Urena SS Andruw Monasterio,,,
1014,5211873163,yoira1982,0,80.95,1B Jeff McNeil 2B Jazz Chisholm Jr. 3B Caleb Durbin C Agustin Ramirez OF Ronald Acuna Jr. OF Mike Trout OF Wilyer Abreu P Sandy Alcantara P Jake Bennett SS Zach Neto,,,
1014,5211907230,mderm,0,80.95,1B Willson Contreras 2B Nick Sogard 3B Austin Riley C Moises Ballesteros OF Ronald Acuna Jr. OF Ceddanne Rafaela OF Michael Harris II P Sandy Alcantara P Jake Bennett SS Zach Neto,,,
1014,5212221802,fmsutphin,0,80.95,1B Matt Olson 2B Ozzie Albies 3B Caleb Durbin C Drake Baldwin OF Ceddanne Rafaela OF Michael Harris II OF Heliot Ramos P Sandy Alcantara P Jake Bennett SS Andruw Monasterio,,,
1017,5212125490,beastnuts,0,80.9,1B Nolan Schanuel 2B Ozzie Albies 3B Caleb Durbin C Joe Mack OF Ronald Acuna Jr. OF Ceddanne Rafaela OF Michael Harris II P Chris Sale P Jake Bennett SS Andruw Monasterio,,,
1017,5212239163,TNTONE,0,80.9,1B Matt Olson 2B Xavier Edwards 3B Austin Riley C Connor Wong OF Ronald Acuna Jr. OF Mike Trout OF Eli White P Chris Sale P Jake Bennett SS Otto Lopez,,,
1017,5212274726,rschnake,0,80.9,1B Willson Contreras 2B Vaughn Grissom 3B Caleb Durbin C Joe Mack OF Ronald Acuna Jr. OF Jarren Duran OF Griffin Conine P Chris Sale P Jake Bennett SS Otto Lopez,,,
1020,5212042493,jprez32,0,80.75,1B Nick Sogard 2B Jazz Chisholm Jr. 3B Ryan McMahon C Drake Baldwin OF Mike Trout OF Ceddanne Rafaela OF Jarren Duran P Gerrit Cole P Jake Bennett SS George Lombard Jr.,,,
1021,5212257013,zroth2,0,80.45,1B Willson Contreras 2B Vaughn Grissom 3B Max Muncy C Connor Wong OF Ceddanne Rafaela OF Jarren Duran OF Henry Bolte P Chris Sale P Gerrit Cole SS Andruw Monasterio,,,
1022,5211981882,mgvaldez02,0,80.399994,1B Willson Contreras 2B Nick Sogard 3B Tommy White C Jonah Heim OF Mike Trout OF Ceddanne Rafaela OF Wade Meckler P Walbert Urena P Sandy Alcantara SS Andruw Monasterio,,,
1023,5211956813,dukedog71,0,80.35,1B Nolan Schanuel 2B Vaughn Grissom 3B Caleb Durbin C Drake Baldwin OF Tyler Soderstrom OF Ceddanne Rafaela OF Henry Bolte P Chris Sale P Walbert Urena SS Andruw Monasterio,,,
1024,5212116494,caporelli,0,79.95,1B Luis Garcia Jr. 2B Jazz Chisholm Jr. 3B Caleb Durbin C Jonah Heim OF Wilyer Abreu OF Michael Harris II OF Lane Thomas P Sandy Alcantara P Jake Bennett SS Otto Lopez,,,
1025,5211624444,nikkivincze,0,79.9,1B Nick Sogard 2B Ozzie Albies 3B Caleb Durbin C Connor Wong OF Ronald Acuna Jr. OF Ceddanne Rafaela OF Michael Harris II P Chris Sale P Jake Bennett SS Zach Neto,,,
1025,5211876677,icealford,0,79.9,1B Willson Contreras 2B Nick Sogard 3B Austin Riley C Drake Baldwin OF Ronald Acuna Jr. OF Michael Harris II OF Eli White P Chris Sale P Jake Bennett SS Andruw Monasterio,,,
1025,5211911903,greeniemeanies,0,79.9,1B Willson Contreras 2B Xavier Edwards 3B Caleb Durbin C Joe Mack OF Ceddanne Rafaela OF Michael Harris II OF Jarren Duran P Chris Sale P Jake Bennett SS Andruw Monasterio,,,
1025,5212042022,Fn_Ralph,0,79.9,1B Kyle Stowers 2B Nick Sogard 3B Jose Caballero C Joe Mack OF Ronald Acuna Jr. OF Mike Trout OF Ceddanne Rafaela P Chris Sale P Jake Bennett SS Andruw Monasterio,,,
1029,5211807293,p1boggan,0,79.35,1B Willson Contreras 2B Ozzie Albies 3B Austin Riley C Connor Wong OF Ronald Acuna Jr. OF Jarren Duran OF Jahmai Jones P Chris Sale P Walbert Urena SS Andruw Monasterio,,,
1029,5212144216,JoshOSU25,0,79.35,1B Nick Sogard 2B Ozzie Albies 3B Caleb Durbin C Connor Wong OF Ronald Acuna Jr. OF Ceddanne Rafaela OF Michael Harris II P Chris Sale P Walbert Urena SS Andruw Monasterio,,,
1031,5211752513,baldtyndall1,0,78.9,1B Kyle Stowers 2B Ozzie Albies 3B Austin Riley C Agustin Ramirez OF Wilyer Abreu OF Michael Harris II OF Spencer Jones P Chris Sale P Jake Bennett SS Otto Lopez,,,
1031,5212165837,JRsmooVe,0,78.9,1B Matt Olson 2B Nick Sogard 3B Caleb Durbin C Agustin Ramirez OF Ronald Acuna Jr. OF Wilyer Abreu OF Michael Harris II P Chris Sale P Jake Bennett SS Mauricio Dubon,,,
1033,5211797083,cubbie57,0,78.45,1B Nolan Schanuel 2B Alika Williams 3B Caleb Durbin C Moises Ballesteros OF Ceddanne Rafaela OF Michael Harris II OF Heliot Ramos P Chris Sale P Gerrit Cole SS Zach Neto,,,
1034,5211863616,Reboot78,0,78.399994,1B Willson Contreras 2B Vaughn Grissom 3B Caleb Durbin C Connor Wong OF Ronald Acuna Jr. OF Ceddanne Rafaela OF Michael Harris II P Walbert Urena P Sandy Alcantara SS Andruw Monasterio,,,
1034,5211979718,chicos33,0,78.399994,1B Matt Olson 2B Vaughn Grissom 3B Javier Sanoja C Joe Mack OF Ronald Acuna Jr. OF Mike Trout OF Tyler Soderstrom P Walbert Urena P Sandy Alcantara SS Jose Caballero,,,
1036,5211854148,gooey911,0,78.35,1B Willson Contreras 2B Nick Sogard 3B Caleb Durbin C Moises Ballesteros OF Mike Trout OF Michael Harris II OF Jahmai Jones P Chris Sale P Walbert Urena SS Zach Neto,,,
1036,5212176604,Puggie555,0,78.35,1B Willson Contreras 2B Nick Sogard 3B Caleb Durbin C Drake Baldwin OF Ceddanne Rafaela OF Heriberto Hernandez OF Wade Meckler P Chris Sale P Walbert Urena SS Andruw Monasterio,,,
1036,5212182828,smpres,0,78.35,1B Willson Contreras 2B Nick Sogard 3B Caleb Durbin C Moises Ballesteros OF Mike Trout OF Ceddanne Rafaela OF Jahmai Jones P Chris Sale P Walbert Urena SS Zach Neto,,,
1039,5211766661,justutah,0,78.2,1B Ben Rice 2B Vaughn Grissom 3B Jose Caballero C Moises Ballesteros OF Mike Trout OF Trent Grisham OF Heliot Ramos P Gerrit Cole P Walbert Urena SS George Lombard Jr.,,,
1040,5212275057,bbfan4eva,0,77.95,1B Matt Olson 2B Ozzie Albies 3B Caleb Durbin C Drake Baldwin OF Wilyer Abreu OF Ceddanne Rafaela OF Jarren Duran P Sandy Alcantara P Jake Bennett SS Andruw Monasterio,,,
1041,5211742399,trigga46,0,77.9,1B Nolan Schanuel 2B Jazz Chisholm Jr. 3B Austin Riley C Brian Serven OF Mike Trout OF Tyler Soderstrom OF Heriberto Hernandez P Chris Sale P Jake Bennett SS Otto Lopez,,,
1041,5211887519,tangledsnow,0,77.9,1B Kyle Stowers 2B Xavier Edwards 3B Caleb Durbin C Connor Wong OF Mike Trout OF Ceddanne Rafaela OF Jarren Duran P Chris Sale P Jake Bennett SS Andruw Monasterio,,,
1041,5211949402,AGGIES1515,0,77.9,1B Kyle Stowers 2B Ozzie Albies 3B Austin Riley C Joe Mack OF Ronald Acuna Jr. OF Ceddanne Rafaela OF Javier Sanoja P Chris Sale P Jake Bennett SS Otto Lopez,,,
1044,5211937666,jp4real21,0,77.35,1B Nolan Schanuel 2B Nick Sogard 3B Austin Riley C Drake Baldwin OF Ronald Acuna Jr. OF Ceddanne Rafaela OF Wade Meckler P Chris Sale P Walbert Urena SS Jacob Wilson,,,
1044,5212124786,AMBUSH,0,77.35,1B Willson Contreras 2B Nick Sogard 3B Caleb Durbin C Austin Wells OF Mike Trout OF Ceddanne Rafaela OF Jarren Duran P Chris Sale P Walbert Urena SS Jacob Wilson,,,
1046,5211766662,CROM1000,0,76.9,1B Willson Contreras 2B Vaughn Grissom 3B Caleb Durbin C Joe Mack OF Mike Trout OF Ceddanne Rafaela OF Jahmai Jones P Chris Sale P Jake Bennett SS Zach Neto,,,
1046,5212182848,land_of_the_lock,0,76.9,1B Matt Olson 2B Ozzie Albies 3B Caleb Durbin C Connor Wong OF Ronald Acuna Jr. OF Michael Harris II OF Eli White P Chris Sale P Jake Bennett SS Andruw Monasterio,,,
1046,5212237206,fritzter,0,76.9,1B Willson Contreras 2B Nick Sogard 3B Caleb Durbin C Joe Mack OF Mike Trout OF Ceddanne Rafaela OF Michael Harris II P Chris Sale P Jake Bennett SS Andruw Monasterio,,,
1046,5212260040,mollyballs,0,76.9,1B Willson Contreras 2B Nick Sogard 3B Caleb Durbin C Joe Mack OF Tyler Soderstrom OF Ceddanne Rafaela OF Jarren Duran P Chris Sale P Jake Bennett SS Zach Neto,,,
1050,5211774560,maverick_1324,0,76.649994,1B Matt Olson 2B Jazz Chisholm Jr. 3B Caleb Durbin C Connor Wong OF Wilyer Abreu OF Michael Harris II OF Heliot Ramos P Chris Sale P Sandy Alcantara SS Mauricio Dubon,,,
1051,5211711820,JDuden5,0,76.399994,1B Matt Olson 2B Ozzie Albies 3B Austin Riley C Jonah Heim OF Ronald Acuna Jr. OF Ceddanne Rafaela OF Heriberto Hernandez P Walbert Urena P Sandy Alcantara SS Jose Caballero,,,
1051,5211957162,tmac515,0,76.399994,1B Matt Olson 2B Ozzie Albies 3B Caleb Durbin C Drake Baldwin OF Wilyer Abreu OF Ceddanne Rafaela OF Jarren Duran P Walbert Urena P Sandy Alcantara SS George Lombard Jr.,,,
1051,5211987227,chelseaturlock,0,76.399994,1B Willson Contreras 2B Ozzie Albies 3B Caleb Durbin C Drake Baldwin OF Ceddanne Rafaela OF Jarren Duran OF Mauricio Dubon P Walbert Urena P Sandy Alcantara SS Andruw Monasterio,,,
1054,5211759950,texascub,0,76.35,1B Matt Olson 2B Ozzie Albies 3B Caleb Durbin C Connor Wong OF Ronald Acuna Jr. OF Michael Harris II OF Mike Yastrzemski P Chris Sale P Walbert Urena SS Andruw Monasterio,,,
1054,5211937289,jbwilliams3,0,76.35,1B Nolan Schanuel 2B Vaughn Grissom 3B Caleb Durbin C Moises Ballesteros OF Ronald Acuna Jr. OF Mike Trout OF Jahmai Jones P Chris Sale P Walbert Urena SS Zach Neto,,,
1054,5212257609,chrisaumell,0,76.35,1B Matt Olson 2B Xavier Edwards 3B Caleb Durbin C Moises Ballesteros OF Ceddanne Rafaela OF Michael Harris II OF Wade Meckler P Chris Sale P Walbert Urena SS Otto Lopez,,,
1057,5211812871,snowsnlabs,0,76.2,1B Willson Contreras 2B Vaughn Grissom 3B Caleb Durbin C Moises Ballesteros OF Mike Trout OF Ceddanne Rafaela OF Jahmai Jones P Gerrit Cole P Walbert Urena SS Zach Neto,,,
1058,5212069361,AverillsAvengers,0,75.9,1B Nolan Schanuel 2B Ozzie Albies 3B Vaughn Grissom C Joe Mack OF Ronald Acuna Jr. OF Mike Trout OF Ceddanne Rafaela P Chris Sale P Jake Bennett SS George Lombard Jr.,,,
1058,5212240700,cons26,0,75.9,1B Kyle Stowers 2B Xavier Edwards 3B Caleb Durbin C Drake Baldwin OF Ceddanne Rafaela OF Jarren Duran OF Griffin Conine P Chris Sale P Jake Bennett SS Zach Neto,,,
1060,5212095263,gmull73,0,75.75,1B Kyle Stowers 2B Vaughn Grissom 3B Caleb Durbin C Connor Wong OF Mike Trout OF Tyler Soderstrom OF Ceddanne Rafaela P Gerrit Cole P Jake Bennett SS Zach Neto,,,
1061,5212124453,blairdon,0,75.35,1B Kyle Stowers 2B Nick Sogard 3B Caleb Durbin C Moises Ballesteros OF Tyler Soderstrom OF Ceddanne Rafaela OF Jarren Duran P Chris Sale P Walbert Urena SS Andruw Monasterio,,,
1062,5211941508,Sallibone,0,75.2,1B Nolan Schanuel 2B Ozzie Albies 3B Caleb Durbin C Connor Wong OF Mike Trout OF Ceddanne Rafaela OF Jarren Duran P Gerrit Cole P Walbert Urena SS George Lombard Jr.,,,
1062,5212117495,TommyLasorda,0,75.2,1B Willson Contreras 2B Ozzie Albies 3B Caleb Durbin C Connor Wong OF Mike Trout OF Ceddanne Rafaela OF Heliot Ramos P Gerrit Cole P Walbert Urena SS George Lombard Jr.,,,
1064,5212144292,paul1647,0,74.95,1B Kyle Stowers 2B Ozzie Albies 3B Austin Riley C Drake Baldwin OF Ceddanne Rafaela OF Michael Harris II OF Jakob Marsee P Sandy Alcantara P Jake Bennett SS Zach Neto,,,
1065,5211893962,atmted,0,74.9,1B Matt Olson 2B Alika Williams 3B Caleb Durbin C Joe Mack OF Ceddanne Rafaela OF Trent Grisham OF Michael Harris II P Chris Sale P Jake Bennett SS Otto Lopez,,,
1065,5212123378,jeffcombs,0,74.9,1B Matt Olson 2B Xavier Edwards 3B Caleb Durbin C Connor Wong OF Mike Trout OF Ceddanne Rafaela OF Michael Harris II P Chris Sale P Jake Bennett SS Jose Caballero,,,
1067,5211846755,WalterJackson,0,74.75,1B Ben Rice 2B Vaughn Grissom 3B Max Muncy C Jonah Heim OF Mike Trout OF Wade Meckler OF Josh Lowe P Walbert Urena P Gage Jump SS Otto Lopez,,,
1067,5211987767,Breedski,0,74.75,1B Paul Goldschmidt 2B Vaughn Grissom 3B Austin Riley C Jonah Heim OF Ronald Acuna Jr. OF Mike Trout OF Tyler Soderstrom P Walbert Urena P Gage Jump SS Zach Neto,,,
1069,5212096402,jamielori26,0,73.9,1B Willson Contreras 2B Xavier Edwards 3B Vaughn Grissom C Brian Serven OF Ceddanne Rafaela OF Michael Harris II OF Jakob Marsee P Chris Sale P Jake Bennett SS Zach Neto,,,
1070,5212146926,KHICKE11,0,73.35,1B Willson Contreras 2B Ozzie Albies 3B Caleb Durbin C Moises Ballesteros OF Tyler Soderstrom OF Ceddanne Rafaela OF Eli White P Chris Sale P Walbert Urena SS Jacob Wilson,,,
1070,5212184073,legggggggggy,0,73.35,1B Kyle Stowers 2B Nick Sogard 3B Caleb Durbin C Connor Wong OF Ronald Acuna Jr. OF Wilyer Abreu OF Michael Harris II P Chris Sale P Walbert Urena SS Andruw Monasterio,,,
1072,5211906821,rschoon3,0,72.9,1B Kyle Stowers 2B Nick Sogard 3B Caleb Durbin C Joe Mack OF Mike Trout OF Ceddanne Rafaela OF Jarren Duran P Chris Sale P Jake Bennett SS Andruw Monasterio,,,
1072,5212273995,raiderright,0,72.9,1B Willson Contreras 2B Xavier Edwards 3B Caleb Durbin C Moises Ballesteros OF Ceddanne Rafaela OF Jarren Duran OF Heriberto Hernandez P Chris Sale P Jake Bennett SS Zach Neto,,,
1074,5212063681,glueless,0,72.649994,1B Nolan Schanuel 2B Ozzie Albies 3B Tommy White C Jonah Heim OF Mike Trout OF Jarren Duran OF Jasson Dominguez P Chris Sale P Sandy Alcantara SS Zach Neto,,,
1075,5211797704,pitcoman,0,72.399994,1B Matt Olson 2B Ozzie Albies 3B Max Muncy C Drake Baldwin OF Ceddanne Rafaela OF Michael Harris II OF Henry Bolte P Walbert Urena P Sandy Alcantara SS Jacob Wilson,,,
1075,5211989065,dirtroadlover,0,72.399994,1B Matt Olson 2B Ozzie Albies 3B Jose Caballero C Drake Baldwin OF Wilyer Abreu OF Ceddanne Rafaela OF Michael Harris II P Walbert Urena P Sandy Alcantara SS George Lombard Jr.,,,
1077,5212094346,GK33411,0,72.35,1B Matt Olson 2B Ozzie Albies 3B Caleb Durbin C Drake Baldwin OF Ceddanne Rafaela OF Mike Yastrzemski OF Mauricio Dubon P Chris Sale P Walbert Urena SS Andruw Monasterio,,,
1078,5212245012,SixersPhan,0,72.2,1B Paul Goldschmidt 2B Vaughn Grissom 3B Tommy White C Jonah Heim OF Mike Trout OF Ceddanne Rafaela OF Henry Bolte P Gerrit Cole P Walbert Urena SS Andruw Monasterio,,,
1079,5211757825,fvrtv6,0,71.9,1B Matt Olson 2B Nick Sogard 3B Austin Riley C Connor Wong OF Ronald Acuna Jr. OF Ceddanne Rafaela OF Jarren Duran P Chris Sale P Jake Bennett SS Andruw Monasterio,,,
1079,5212218332,AlienLocksmith,0,71.9,1B Willson Contreras 2B Vaughn Grissom 3B Caleb Durbin C Drake Baldwin OF Ceddanne Rafaela OF Michael Harris II OF Mauricio Dubon P Chris Sale P Jake Bennett SS Andruw Monasterio,,,
1079,5212225901,scotty1970,0,71.9,1B Matt Olson 2B Xavier Edwards 3B Caleb Durbin C Connor Wong OF Mike Trout OF Ceddanne Rafaela OF Mauricio Dubon P Chris Sale P Jake Bennett SS Zach Neto,,,
1082,5212118383,muckfondays,0,71.65,1B Nick Sogard 2B Ozzie Albies 3B Caleb Durbin C Drake Baldwin OF Ronald Acuna Jr. OF Ceddanne Rafaela OF Michael Harris II P Walbert Urena P Jake Bennett SS Andruw Monasterio,,,
1082,5212139894,corey1,0,71.65,1B Nolan Schanuel 2B Xavier Edwards 3B Caleb Durbin C Connor Wong OF Ronald Acuna Jr. OF Michael Harris II OF Jarren Duran P Walbert Urena P Jake Bennett SS Otto Lopez,,,
1084,5212167660,pepethepatriots,0,70.95,1B Willson Contreras 2B Ozzie Albies 3B Austin Riley C Joe Mack OF Mike Trout OF Tyler Soderstrom OF Jarren Duran P Sandy Alcantara P Jake Bennett SS Zach Neto,,,
1085,5211979379,Pinneyaj,0,70.9,1B Willson Contreras 2B Nick Sogard 3B Caleb Durbin C Moises Ballesteros OF Mike Trout OF Ceddanne Rafaela OF Wade Meckler P Chris Sale P Jake Bennett SS Zach Neto,,,
1085,5212256845,Blueman028,0,70.9,1B Kyle Stowers 2B Xavier Edwards 3B Vaughn Grissom C Joe Mack OF Mike Trout OF Heriberto Hernandez OF Jakob Marsee P Chris Sale P Jake Bennett SS Zach Neto,,,
1085,5212273345,keno54,0,70.9,1B Willson Contreras 2B Nick Sogard 3B Caleb Durbin C Connor Wong OF Mike Trout OF Ceddanne Rafaela OF Wade Meckler P Chris Sale P Jake Bennett SS Zach Neto,,,
1088,5212049126,ttibbs18,0,70.65,1B Willson Contreras 2B Xavier Edwards 3B Caleb Durbin C Connor Wong OF Ronald Acuna Jr. OF Mike Trout OF Ceddanne Rafaela P Walbert Urena P Jake Bennett SS Andruw Monasterio,,,
1089,5211858029,mrbig91,0,70.35,1B Kyle Stowers 2B Xavier Edwards 3B Caleb Durbin C Joe Mack OF Ceddanne Rafaela OF Michael Harris II OF Jarren Duran P Chris Sale P Walbert Urena SS Otto Lopez,,,
1089,5212171444,VivaLaRevolucion,0,70.35,1B Matt Olson 2B Alika Williams 3B Caleb Durbin C Drake Baldwin OF Ceddanne Rafaela OF Michael Harris II OF Henry Bolte P Chris Sale P Walbert Urena SS Andruw Monasterio,,,
1089,5212220872,LALA420,0,70.35,1B Matt Olson 2B Nick Sogard 3B Caleb Durbin C Drake Baldwin OF Ceddanne Rafaela OF Michael Harris II OF Mauricio Dubon P Chris Sale P Walbert Urena SS Andruw Monasterio,,,
1089,5212252460,MotownCats,0,70.35,1B Matt Olson 2B Nick Sogard 3B Caleb Durbin C Drake Baldwin OF Ceddanne Rafaela OF Michael Harris II OF Mauricio Dubon P Chris Sale P Walbert Urena SS Andruw Monasterio,,,
1093,5211899235,goofybh207,0,69.75,1B Willson Contreras 2B Xavier Edwards 3B Vaughn Grissom C Joe Mack OF Mike Trout OF Jarren Duran OF Wade Meckler P Gerrit Cole P Jake Bennett SS Zach Neto,,,
1093,5212053990,wazzu24,0,69.75,1B Ben Rice 2B Ozzie Albies 3B Austin Riley C Drake Baldwin OF Trent Grisham OF Michael Harris II OF Heliot Ramos P Walbert Urena P Gage Jump SS Mauricio Dubon,,,
1095,5211815323,masteryoshi13,0,69.399994,1B Ben Rice 2B Ozzie Albies 3B Amed Rosario C Drake Baldwin OF Trent Grisham OF Michael Harris II OF Heliot Ramos P Walbert Urena P Sandy Alcantara SS Mauricio Dubon,,,
1096,5212156986,cw1tt,0,69,1B Matt Olson 2B Vaughn Grissom 3B Denzer Guzman C Drake Baldwin OF Mike Trout OF Michael Harris II OF Wade Meckler P Chris Sale P Gage Jump SS Zach Neto,,,
1097,5211779537,DeckinIt27,0,68.9,1B Nick Sogard 2B Alika Williams 3B Caleb Durbin C Drake Baldwin OF Mike Trout OF Ceddanne Rafaela OF Heliot Ramos P Chris Sale P Jake Bennett SS Zach Neto,,,
1097,5212031514,Cheussy,0,68.9,1B Matt Olson 2B Vaughn Grissom 3B Caleb Durbin C Drake Baldwin OF Ceddanne Rafaela OF Michael Harris II OF Mauricio Dubon P Chris Sale P Jake Bennett SS Andruw Monasterio,,,
1097,5212131770,bradc92,0,68.9,1B Matt Olson 2B Xavier Edwards 3B Austin Riley C Connor Wong OF Ceddanne Rafaela OF Michael Harris II OF Heliot Ramos P Chris Sale P Jake Bennett SS Otto Lopez,,,
1100,5211877472,TopCorner,0,68.65,1B Matt Olson 2B Ozzie Albies 3B Caleb Durbin C Drake Baldwin OF Ronald Acuna Jr. OF Ceddanne Rafaela OF Mike Yastrzemski P Walbert Urena P Jake Bennett SS Andruw Monasterio,,,
1100,5212199179,Zugg,0,68.65,1B Willson Contreras 2B Ozzie Albies 3B Caleb Durbin C Moises Ballesteros OF Ronald Acuna Jr. OF Ceddanne Rafaela OF Michael Harris II P Walbert Urena P Jake Bennett SS George Lombard Jr.,,,
1100,5212200032,TmfNix,0,68.65,1B Nolan Schanuel 2B Xavier Edwards 3B Caleb Durbin C Jonah Heim OF Mike Trout OF Tyler Soderstrom OF Ceddanne Rafaela P Walbert Urena P Jake Bennett SS Zach Neto,,,
1100,5212277078,toomanny,0,68.65,1B Willson Contreras 2B Vaughn Grissom 3B Jose Caballero C Drake Baldwin OF Mike Trout OF Ceddanne Rafaela OF Spencer Jones P Walbert Urena P Jake Bennett SS George Lombard Jr.,,,
1104,5211655774,bullet1964,0,68.45,1B Nolan Schanuel 2B Vaughn Grissom 3B Max Muncy C Joe Mack OF Mike Trout OF Ceddanne Rafaela OF Jarren Duran P Chris Sale P Gerrit Cole SS Andruw Monasterio,,,
1105,5211865790,SeanDre,0,68.35,1B Willson Contreras 2B Nick Sogard 3B Tommy White C Brian Serven OF Ceddanne Rafaela OF Jarren Duran OF Lawrence Butler P Chris Sale P Walbert Urena SS Andruw Monasterio,,,
1105,5211975957,Casemachine,0,68.35,1B Nolan Schanuel 2B Ozzie Albies 3B Tommy White C Drake Baldwin OF Mike Trout OF Henry Bolte OF Wade Meckler P Chris Sale P Walbert Urena SS Jacob Wilson,,,
1105,5212084344,matthewscott02,0,68.35,1B Matt Olson 2B Ozzie Albies 3B Caleb Durbin C Moises Ballesteros OF Ceddanne Rafaela OF Michael Harris II OF Jahmai Jones P Chris Sale P Walbert Urena SS Zach Neto,,,
1105,5212154800,ggone400,0,68.35,1B Nick Sogard 2B Vaughn Grissom 3B Caleb Durbin C Jake Rogers OF Ceddanne Rafaela OF Michael Harris II OF Wade Meckler P Chris Sale P Walbert Urena SS Andruw Monasterio,,,
1109,5211751541,pegulavill,0,68.2,1B Willson Contreras 2B Vaughn Grissom 3B Caleb Durbin C Moises Ballesteros OF Mike Trout OF Ceddanne Rafaela OF Wade Meckler P Gerrit Cole P Walbert Urena SS Andruw Monasterio,,,
1110,5211800157,nbllove,0,68,1B Matt Olson 2B Vaughn Grissom 3B Max Muncy C Drake Baldwin OF Mike Trout OF Trent Grisham OF Jarren Duran P Chris Sale P Gage Jump SS Alika Williams,,,
1111,5211907132,Rick174,0,67.9,1B Matt Olson 2B Nick Sogard 3B Caleb Durbin C Drake Baldwin OF Wilyer Abreu OF Ceddanne Rafaela OF Jarren Duran P Chris Sale P Jake Bennett SS Mauricio Dubon,,,
1111,5211927392,underdogz2K15,0,67.9,1B Matt Olson 2B Ozzie Albies 3B Austin Riley C Jonah Heim OF Ceddanne Rafaela OF Michael Harris II OF Wade Meckler P Chris Sale P Jake Bennett SS Andruw Monasterio,,,
1111,5212007742,Elsieadd,0,67.9,1B Matt Olson 2B Vaughn Grissom 3B Caleb Durbin C Drake Baldwin OF Ceddanne Rafaela OF Heliot Ramos OF Javier Sanoja P Chris Sale P Jake Bennett SS Andruw Monasterio,,,
1111,5212075770,Bruinboy2481,0,67.9,1B Willson Contreras 2B Alika Williams 3B Caleb Durbin C Connor Wong OF Ronald Acuna Jr. OF Ceddanne Rafaela OF Jarren Duran P Chris Sale P Jake Bennett SS Zach Neto,,,
1115,5211956690,robertnwitt,0,67.65,1B Nolan Schanuel 2B Xavier Edwards 3B Caleb Durbin C Drake Baldwin OF Ronald Acuna Jr. OF Mike Trout OF Wade Meckler P Walbert Urena P Jake Bennett SS Zach Neto,,,
1116,5211996229,jgulli10,0,67.35,1B Matt Olson 2B Alika Williams 3B Caleb Durbin C Connor Wong OF Ronald Acuna Jr. OF Ceddanne Rafaela OF Michael Harris II P Chris Sale P Walbert Urena SS Andruw Monasterio,,,
1116,5212118622,Getaway,0,67.35,1B Matt Olson 2B Nick Sogard 3B Caleb Durbin C Connor Wong OF Ronald Acuna Jr. OF Ceddanne Rafaela OF Jarren Duran P Chris Sale P Walbert Urena SS Mauricio Dubon,,,
1116,5212149701,StashIzMine,0,67.35,1B Matt Olson 2B Nick Sogard 3B Caleb Durbin C Drake Baldwin OF Ceddanne Rafaela OF Jarren Duran OF Mauricio Dubon P Chris Sale P Walbert Urena SS Andruw Monasterio,,,
1116,5212260990,Johnben26,0,67.35,1B Willson Contreras 2B Xavier Edwards 3B Amed Rosario C Moises Ballesteros OF Mike Trout OF Jarren Duran OF Jakob Marsee P Chris Sale P Walbert Urena SS Jacob Wilson,,,
1120,5211959250,mr.Woo,0,66.9,1B Matt Olson 2B Ozzie Albies 3B Javier Sanoja C Moises Ballesteros OF Wilyer Abreu OF Ceddanne Rafaela OF Griffin Conine P Chris Sale P Jake Bennett SS Otto Lopez,,,
1120,5212116472,sauce834,0,66.9,1B Willson Contreras 2B Ozzie Albies 3B Caleb Durbin C Moises Ballesteros OF Ceddanne Rafaela OF Michael Harris II OF Heliot Ramos P Chris Sale P Jake Bennett SS Andruw Monasterio,,,
1122,5211991806,MooreKris14,0,66.65,1B Willson Contreras 2B Nick Sogard 3B Caleb Durbin C Drake Baldwin OF Ronald Acuna Jr. OF Michael Harris II OF Jarren Duran P Walbert Urena P Jake Bennett SS Andruw Monasterio,,,
1123,5212036062,Keeeeeeet22,0,66.35,1B Matt Olson 2B Vaughn Grissom 3B Caleb Durbin C Connor Wong OF Ronald Acuna Jr. OF Ceddanne Rafaela OF Wade Meckler P Chris Sale P Walbert Urena SS Andruw Monasterio,,,
1124,5212024557,Shazzam47,0,66.3,1B Matt Olson 2B Ozzie Albies 3B Austin Riley C Moises Ballesteros OF Ronald Acuna Jr. OF Mike Trout OF Michael Harris II P Jake Bennett P Gage Jump SS Zach Neto,,,
1125,5212029115,CelticsPats,0,65.9,1B Matt Olson 2B Ozzie Albies 3B Austin Riley C Connor Wong OF Tyler Soderstrom OF Ceddanne Rafaela OF Jarren Duran P Chris Sale P Jake Bennett SS Andruw Monasterio,,,
1125,5212169022,BeliCheckYoSelf16,0,65.9,1B Willson Contreras 2B Vaughn Grissom 3B Caleb Durbin C Brian Serven OF Mike Trout OF Ceddanne Rafaela OF Jarren Duran P Chris Sale P Jake Bennett SS Andruw Monasterio,,,
1127,5211754646,colin2203,0,65.649994,1B Paul Goldschmidt 2B Ozzie Albies 3B Vaughn Grissom C Moises Ballesteros OF Wilyer Abreu OF Michael Harris II OF Esteury Ruiz P Chris Sale P Sandy Alcantara SS Zach Neto,,,
1128,5211988957,pittwho70,0,64.9,1B Kyle Stowers 2B Nick Sogard 3B Caleb Durbin C Moises Ballesteros OF Mike Trout OF Ceddanne Rafaela OF Michael Harris II P Chris Sale P Jake Bennett SS Zach Neto,,,
1128,5212082219,tyredaddy,0,64.9,1B Kyle Stowers 2B Nick Sogard 3B Caleb Durbin C Connor Wong OF Mike Trout OF Ceddanne Rafaela OF Michael Harris II P Chris Sale P Jake Bennett SS Zach Neto,,,
1128,5212097105,J_Kane24,0,64.9,1B Nick Sogard 2B Ozzie Albies 3B Caleb Durbin C Joe Mack OF Mike Trout OF Ceddanne Rafaela OF Heliot Ramos P Chris Sale P Jake Bennett SS Zach Neto,,,
1131,5212086614,GRMays33,0,64.35,1B Nolan Schanuel 2B Ozzie Albies 3B Vaughn Grissom C Drake Baldwin OF Mike Trout OF Wade Meckler OF Jahmai Jones P Chris Sale P Walbert Urena SS Zach Neto,,,
1132,5211767890,rndllcray0127,0,63.9,1B Kyle Stowers 2B Vaughn Grissom 3B Caleb Durbin C Drake Baldwin OF Ceddanne Rafaela OF Michael Harris II OF Jarren Duran P Chris Sale P Jake Bennett SS Andruw Monasterio,,,
1132,5212046293,TheShocker,0,63.9,1B Matt Olson 2B Ozzie Albies 3B Caleb Durbin C Connor Wong OF Ceddanne Rafaela OF Michael Harris II OF Jarren Duran P Chris Sale P Jake Bennett SS Andruw Monasterio,,,
1132,5212178593,Yesbabi,0,63.9,1B Matt Olson 2B Vaughn Grissom 3B Javier Sanoja C Drake Baldwin OF Michael Harris II OF Jarren Duran OF Mauricio Dubon P Chris Sale P Jake Bennett SS Jacob Wilson,,,
1132,5212191923,djdj12,0,63.9,1B Matt Olson 2B Ozzie Albies 3B Austin Riley C Connor Wong OF Ronald Acuna Jr. OF Michael Harris II OF Jarren Duran P Chris Sale P Jake Bennett SS Andruw Monasterio,,,
1136,5212104360,hoonah11,0,63.35,1B Matt Olson 2B Nick Sogard 3B Austin Riley C Drake Baldwin OF Ceddanne Rafaela OF Jarren Duran OF Henry Bolte P Chris Sale P Walbert Urena SS Andruw Monasterio,,,
1137,5211930479,quinzioam,0,62.35,1B Matt Olson 2B Xavier Edwards 3B Caleb Durbin C Connor Wong OF Ceddanne Rafaela OF Michael Harris II OF Griffin Conine P Chris Sale P Walbert Urena SS Zach Neto,,,
1138,5212136789,gsayers40,0,61.9,1B Paul Goldschmidt 2B Ozzie Albies 3B Caleb Durbin C Moises Ballesteros OF Mike Trout OF Ceddanne Rafaela OF Owen Caissie P Chris Sale P Jake Bennett SS Zach Neto,,,
1139,5211759469,Valhalla,0,61.65,1B Paul Goldschmidt 2B Ozzie Albies 3B Caleb Durbin C Drake Baldwin OF Mike Trout OF Michael Harris II OF Spencer Jones P Walbert Urena P Jake Bennett SS Zach Neto,,,
1140,5212181993,ronclaw47,0,61.399998,1B Willson Contreras 2B Ozzie Albies 3B Max Muncy C Drake Baldwin OF Ceddanne Rafaela OF Michael Harris II OF Jarren Duran P Walbert Urena P Sandy Alcantara SS Jacob Wilson,,,
1141,5212063852,roy2422,0,61.35,1B Nolan Schanuel 2B Anthony Seigler 3B Caleb Durbin C Moises Ballesteros OF Ronald Acuna Jr. OF Wilyer Abreu OF Ceddanne Rafaela P Chris Sale P Walbert Urena SS Andruw Monasterio,,,
1142,5211884843,tnslugger,0,60.9,1B Matt Olson 2B Ozzie Albies 3B Amed Rosario C Drake Baldwin OF Mike Trout OF Ceddanne Rafaela OF Mike Yastrzemski P Chris Sale P Jake Bennett SS Mauricio Dubon,,,
1142,5212226842,AJTruth33,0,60.9,1B Nolan Schanuel 2B Vaughn Grissom 3B Denzer Guzman C Drake Baldwin OF Ronald Acuna Jr. OF Wade Meckler OF Eli White P Chris Sale P Jake Bennett SS Zach Neto,,,
1144,5212253163,LILANTHONY94,0,60.35,1B Willson Contreras 2B Vaughn Grissom 3B Austin Riley C Moises Ballesteros OF Mike Trout OF Henry Bolte OF Wade Meckler P Chris Sale P Walbert Urena SS Otto Lopez,,,
1144,5212280378,cclow1,0,60.35,1B Willson Contreras 2B Nick Sogard 3B Caleb Durbin C Drake Baldwin OF Ceddanne Rafaela OF Michael Harris II OF Jarren Duran P Chris Sale P Walbert Urena SS Jim Jarvis,,,
1146,5211688755,rd8753,0,59.9,1B Matt Olson 2B Jazz Chisholm Jr. 3B Austin Riley C Austin Wells OF Ronald Acuna Jr. OF Ceddanne Rafaela OF Jarren Duran P Chris Sale P Jake Bennett SS Anthony Volpe,,,
1146,5211859351,AdamShulman,0,59.9,1B Nolan Schanuel 2B Ozzie Albies 3B Denzer Guzman C Drake Baldwin OF Ronald Acuna Jr. OF Mike Trout OF Josh Lowe P Chris Sale P Jake Bennett SS Zach Neto,,,
1148,5212124842,hgh13,0,59.35,1B Nolan Schanuel 2B Ozzie Albies 3B Caleb Durbin C Jonah Heim OF Ceddanne Rafaela OF Michael Harris II OF Wade Meckler P Chris Sale P Walbert Urena SS Zach Neto,,,
1149,5212182069,sprtwlf,0,58.35,1B Willson Contreras 2B Vaughn Grissom 3B Caleb Durbin C Connor Wong OF Ronald Acuna Jr. OF Mike Trout OF Eli White P Chris Sale P Walbert Urena SS Jose Caballero,,,
1150,5211803443,SoulJack,0,57.9,1B Kyle Stowers 2B Vaughn Grissom 3B Caleb Durbin C Agustin Ramirez OF Wilyer Abreu OF Ceddanne Rafaela OF Jarren Duran P Chris Sale P Jake Bennett SS Andruw Monasterio,,,
1151,5212048725,creampie42069,0,57.75,1B Matt Olson 2B Vaughn Grissom 3B Denzer Guzman C Drake Baldwin OF Ronald Acuna Jr. OF Mike Trout OF Wade Meckler P Walbert Urena P Gage Jump SS Zach Neto,,,
1152,5211796758,skunks20,0,57.65,1B Matt Olson 2B Ozzie Albies 3B Caleb Durbin C Drake Baldwin OF Ronald Acuna Jr. OF Ceddanne Rafaela OF Eli White P Walbert Urena P Jake Bennett SS Andruw Monasterio,,,
1153,5211793507,aolson72178,0,56.9,1B Matt Olson 2B Anthony Seigler 3B Jose Caballero C Drake Baldwin OF Wilyer Abreu OF Ceddanne Rafaela OF Dominic Smith P Chris Sale P Jake Bennett SS Andruw Monasterio,,,
1154,5211912520,joe1932,0,56.65,1B Matt Olson 2B Xavier Edwards 3B Caleb Durbin C Moises Ballesteros OF Wilyer Abreu OF Tyler Soderstrom OF Ceddanne Rafaela P Walbert Urena P Jake Bennett SS Zach Neto,,,
1154,5211954067,bosstown27,0,56.65,1B Willson Contreras 2B Oswald Peraza 3B Caleb Durbin C Drake Baldwin OF Ronald Acuna Jr. OF Ceddanne Rafaela OF Michael Harris II P Walbert Urena P Jake Bennett SS Andruw Monasterio,,,
1154,5212231621,rarduini,0,56.65,1B Willson Contreras 2B Xavier Edwards 3B Jose Caballero C Jonah Heim OF Mike Trout OF Ceddanne Rafaela OF Heliot Ramos P Walbert Urena P Jake Bennett SS Andruw Monasterio,,,
1157,5211989545,Mikie21,0,55.35,1B Matt Olson 2B Ozzie Albies 3B Max Muncy C Brian Serven OF Ronald Acuna Jr. OF Mike Trout OF Eli White P Chris Sale P Walbert Urena SS Andruw Monasterio,,,
1158,5211731574,defsoad,0,54.9,1B Nolan Schanuel 2B Ozzie Albies 3B Denzer Guzman C Drake Baldwin OF Mike Trout OF Michael Harris II OF Wade Meckler P Chris Sale P Jake Bennett SS Zach Neto,,,
1158,5211738072,jcate50,0,54.9,1B Willson Contreras 2B Ozzie Albies 3B Vaughn Grissom C Joe Mack OF Ceddanne Rafaela OF Michael Harris II OF Mike Yastrzemski P Chris Sale P Jake Bennett SS Zach Neto,,,
1160,5211714450,DezzyB88,0,54.65,1B Matt Olson 2B Nick Sogard 3B Caleb Durbin C Drake Baldwin OF Mike Trout OF Ceddanne Rafaela OF Michael Harris II P Walbert Urena P Jake Bennett SS Andruw Monasterio,,,
1161,5211912553,smk5430,0,54.35,1B Matt Olson 2B Vaughn Grissom 3B Austin Riley C Connor Wong OF Ronald Acuna Jr. OF Ceddanne Rafaela OF Mauricio Dubon P Chris Sale P Walbert Urena SS Andruw Monasterio,,,
1162,5212190146,Remm101,0,53.65,1B Willson Contreras 2B Nick Sogard 3B Caleb Durbin C Drake Baldwin OF Mike Trout OF Ceddanne Rafaela OF Michael Harris II P Walbert Urena P Jake Bennett SS Mauricio Dubon,,,
1163,5212273904,hmitch2011,0,53.35,1B Matt Olson 2B Xavier Edwards 3B Denzer Guzman C Drake Baldwin OF Ceddanne Rafaela OF Michael Harris II OF Jarren Duran P Chris Sale P Walbert Urena SS Mauricio Dubon,,,
1164,5211838604,joojoomae,0,52.65,1B Matt Olson 2B Ozzie Albies 3B Caleb Durbin C Connor Wong OF Ronald Acuna Jr. OF Wilyer Abreu OF Ceddanne Rafaela P Walbert Urena P Jake Bennett SS Andruw Monasterio,,,
1165,5211858395,browns1234,0,52.35,1B Matt Olson 2B Ozzie Albies 3B Caleb Durbin C Connor Wong OF Ceddanne Rafaela OF Michael Harris II OF Jarren Duran P Chris Sale P Walbert Urena SS Andruw Monasterio,,,
1165,5212217339,kingthurl,0,52.35,1B Matt Olson 2B Nick Sogard 3B Austin Riley C Joe Mack OF Ceddanne Rafaela OF Michael Harris II OF Jakob Marsee P Chris Sale P Walbert Urena SS Zach Neto,,,
1167,5211770465,OneDropKing,0,51.9,1B Willson Contreras 2B Ozzie Albies 3B Austin Riley C Connor Wong OF Ceddanne Rafaela OF Michael Harris II OF Jarren Duran P Chris Sale P Jake Bennett SS Mauricio Dubon,,,
1168,5212110134,PatsNationPicks,0,51.65,1B Luis Garcia Jr. 2B Xavier Edwards 3B Caleb Durbin C Moises Ballesteros OF Ronald Acuna Jr. OF Wilyer Abreu OF Jarren Duran P Walbert Urena P Jake Bennett SS Zach Neto,,,
1168,5212126054,Oggy1959,0,51.65,1B Nolan Schanuel 2B Nick Sogard 3B Caleb Durbin C Moises Ballesteros OF Mike Trout OF Ceddanne Rafaela OF Heliot Ramos P Walbert Urena P Jake Bennett SS Andruw Monasterio,,,
1168,5212141766,cyouse5,0,51.65,1B Ben Rice 2B Nick Sogard 3B Tommy White C Moises Ballesteros OF Ronald Acuna Jr. OF Mike Trout OF Jarren Duran P Walbert Urena P Jake Bennett SS Zach Neto,,,
1171,5212163564,newnew50,0,51.35,1B Nolan Schanuel 2B Ozzie Albies 3B Max Muncy C Tyler Heineman OF Ronald Acuna Jr. OF Mike Trout OF Wade Meckler P Chris Sale P Walbert Urena SS Zach Neto,,,
1172,5211960050,Win-Total,0,48.65,1B Willson Contreras 2B Vaughn Grissom 3B Amed Rosario C Drake Baldwin OF Ronald Acuna Jr. OF Mike Trout OF Heliot Ramos P Walbert Urena P Jake Bennett SS George Lombard Jr.,,,
1173,5212255883,redbeardo,0,48.35,1B Matt Olson 2B Vaughn Grissom 3B Austin Riley C Moises Ballesteros OF Mike Trout OF Jarren Duran OF Jahmai Jones P Chris Sale P Walbert Urena SS Zach Neto,,,
1174,5212061734,Birdzofprey15,0,47.35,1B Matt Olson 2B Anthony Seigler 3B Austin Riley C Joe Mack OF Ronald Acuna Jr. OF Michael Harris II OF Lane Thomas P Chris Sale P Walbert Urena SS Andruw Monasterio,,,
1175,5211960767,mkippv,0,44.9,1B Kyle Stowers 2B Anthony Seigler 3B Austin Riley C Connor Wong OF Mike Trout OF Wilyer Abreu OF Ceddanne Rafaela P Chris Sale P Jake Bennett SS Mauricio Dubon,,,
1176,5211890426,pinhigh69,0,44.65,1B Nick Sogard 2B Jazz Chisholm Jr. 3B Caleb Durbin C Moises Ballesteros OF Mike Trout OF Ceddanne Rafaela OF Trent Grisham P Walbert Urena P Jake Bennett SS Zach Neto,,,
1177,5212209823,mrfreid,0,44.35,1B Matt Olson 2B Ozzie Albies 3B Vaughn Grissom C Moises Ballesteros OF Mike Trout OF Wade Meckler OF Mike Yastrzemski P Chris Sale P Walbert Urena SS Zach Neto,,,
1178,5212154161,raydar131,0,42.65,1B Nick Sogard 2B Ozzie Albies 3B Caleb Durbin C Connor Wong OF Mike Trout OF Wilyer Abreu OF Ceddanne Rafaela P Walbert Urena P Jake Bennett SS Zach Neto,,,
1179,5212097134,Choker12,0,42.35,1B Matt Olson 2B Ozzie Albies 3B Vaughn Grissom C Drake Baldwin OF Michael Harris II OF Mike Yastrzemski OF Josh Lowe P Chris Sale P Walbert Urena SS Zach Neto,,,
1180,5212248340,GrinkleberryGronk,0,41.65,1B Matt Olson 2B Ozzie Albies 3B Amed Rosario C Drake Baldwin OF Ronald Acuna Jr. OF Trent Grisham OF Heliot Ramos P Walbert Urena P Jake Bennett SS Jose Caballero,,,
1181,5211998663,Paulyforfun,0,40.35,1B Matt Olson 2B Ozzie Albies 3B Tommy White C Jonah Heim OF Wilyer Abreu OF Michael Harris II OF Heliot Ramos P Chris Sale P Walbert Urena SS Alika Williams,,,
1182,5211929092,LilB09,0,36.65,1B Willson Contreras 2B Nick Sogard 3B Denzer Guzman C Moises Ballesteros OF Mike Trout OF Ceddanne Rafaela OF Trent Grisham P Walbert Urena P Jake Bennett SS Zach Neto,,,
1183,5212005159,wjgrimes,0,35.35,1B Nolan Schanuel 2B Vaughn Grissom 3B Tommy White C Drake Baldwin OF Mike Trout OF Jarren Duran OF Wade Meckler P Chris Sale P Walbert Urena SS Zach Neto,,,
1183,5212249952,bradd26,0,35.35,1B Nolan Schanuel 2B Ozzie Albies 3B Denzer Guzman C Moises Ballesteros OF Mike Trout OF Ceddanne Rafaela OF Michael Harris II P Chris Sale P Walbert Urena SS Zach Neto,,,
1185,5212111688,lilipower562,0,32.65,1B Willson Contreras 2B Nick Sogard 3B Austin Riley C Joe Mack OF Mike Trout OF Ceddanne Rafaela OF Michael Harris II P Walbert Urena P Jake Bennett SS Zach Neto,,,
1186,5211869959,jeast5656,0,27.349998,1B Nolan Schanuel 2B Vaughn Grissom 3B Austin Riley C Connor Wong OF Mike Trout OF Ceddanne Rafaela OF Jarren Duran P Chris Sale P Walbert Urena SS Zach Neto,,,
1187,5211669275,jdpruis,0,0,,,,
1187,5211731274,hnicole8847,0,0,,,,
1187,5212214548,NORTHFORK888,0,0,,,,
