Rank,EntryId,EntryName,TimeRemaining,Points,Lineup,,Player,Roster Position,%Drafted,FPTS
1,5211516363,mktall40,0,144.85,1B Jonathan Aranda 2B Tommy Edman 3B Isaac Paredes C Liam Hicks OF Jung Hoo Lee OF Jonny DeLuca OF Victor Mesa Jr. P Drew Rasmussen P Roki Sasaki SS Willy Adames,,Drew Rasmussen,P,50.63%,33.35
2,5211537773,cwhiteheart,0,144.55,1B Christian Walker 2B Jake Cronenworth 3B Kevin McGonigle C Hunter Feduccia OF Kyle Tucker OF Andy Pages OF Cam Smith P Drew Rasmussen P Logan Gilbert SS Mookie Betts,,Roki Sasaki,P,44.83%,16.5
3,5211269399,bamnuel93,0,142.04999,1B Jonathan Aranda 2B Tommy Edman 3B Kevin McGonigle C Gabriel Moreno OF Jake Meyers OF Andy Pages OF Ryan Waldschmidt P Drew Rasmussen P Keider Montero SS Geraldo Perdomo,,Jake Cronenworth,2B,30.28%,5
4,5211400774,macyfan,0,137.55,1B Rafael Devers 2B Jake Cronenworth 3B Kevin McGonigle C Daniel Susac OF Teoscar Hernandez OF Riley Greene OF Cam Smith P Drew Rasmussen P Logan Gilbert SS Willy Adames,,Kyle Tucker,OF,30.19%,5
5,5211462677,USCkv,0,136.5,1B Christian Walker 2B Ketel Marte 3B Isaac Paredes C Gabriel Moreno OF Yordan Alvarez OF Daulton Varsho OF Cam Smith P Merrill Kelly P Drew Rasmussen SS Geraldo Perdomo,,Robbie Ray,P,28.68%,0.05
6,5211381575,cantfademe,0,135.85,1B Christian Walker 2B Jake Cronenworth 3B Manny Machado C Luis Campusano OF Yordan Alvarez OF Jake Meyers OF Cam Smith P Drew Rasmussen P Roki Sasaki SS Jeremy Pena,,Logan Gilbert,P,28.34%,18.2
7,5211571176,elcroupier,0,135.55,1B Rafael Devers 2B Jake Cronenworth 3B Kevin McGonigle C Hunter Feduccia OF Jung Hoo Lee OF Andy Pages OF Drew Gilbert P Drew Rasmussen P Logan Gilbert SS Willy Adames,,Keider Montero,P,27.75%,8.7
8,5211476676,Dollarsigns,0,135.04999,1B Jonathan Aranda 2B Jose Altuve 3B Isaac Paredes C Hunter Feduccia OF Jonny DeLuca OF Corbin Carroll OF Cam Smith P Drew Rasmussen P Keider Montero SS Jeremy Pena,,Max Clark,OF,27.67%,3
9,5211437660,mtlhawk33,0,133.85,1B Rafael Devers 2B Osleivis Basabe 3B Kevin McGonigle C Dillon Dingler OF Kyle Tucker OF Cam Smith OF Max Clark P Drew Rasmussen P Roki Sasaki SS Jeremy Pena,,Colt Keith,3B,26.91%,0
9,5211570856,OldManDeF,0,133.85,1B Rafael Devers 2B Jake Cronenworth 3B Max Muncy C Dillon Dingler OF Gavin Sheets OF Jung Hoo Lee OF Cam Smith P Drew Rasmussen P Roki Sasaki SS Kevin McGonigle,,Riley Greene,OF,24.98%,5
11,5211182068,roberts2525,0,133.55,1B Tim Tawa 2B Jose Altuve 3B Nolan Arenado C Yainer Diaz OF Yordan Alvarez OF Lars Nootbaar OF Cam Smith P Drew Rasmussen P Logan Gilbert SS Javier Baez,,Shohei Ohtani,OF,23.97%,4
12,5211547822,Bentoni,0,132.85,1B Jonathan Aranda 2B Jose Altuve 3B Colt Keith C Liam Hicks OF Zach McKinstry OF Yordan Alvarez OF Cam Smith P Drew Rasmussen P Roki Sasaki SS Jeremy Pena,,Hunter Feduccia,C,23.30%,5
13,5211499634,codyewell,0,130.55,1B Shohei Ohtani 2B Jose Altuve 3B Isaac Paredes C Hunter Feduccia OF Daulton Varsho OF Jake Meyers OF Cam Smith P Drew Rasmussen P Logan Gilbert SS Mookie Betts,,Shohei Ohtani,1B,22.71%,4
14,5211474745,Profanity,0,129.55,1B Christian Walker 2B Jose Altuve 3B Sung-Mun Song C Gabriel Moreno OF Jung Hoo Lee OF Tim Tawa OF Jackson Merrill P Drew Rasmussen P Logan Gilbert SS Geraldo Perdomo,,Jose Altuve,2B,22.29%,9
15,5211414446,jjland,0,129.5,1B Christian Walker 2B Jose Altuve 3B Nolan Arenado C Liam Hicks OF Yordan Alvarez OF Cam Smith OF Chandler Simpson P Merrill Kelly P Drew Rasmussen SS Xander Bogaerts,,Dillon Dingler,C,21.03%,4
16,5211475468,Nolamamack,0,128.04999,1B Jonathan Aranda 2B Jose Altuve 3B Junior Caminero C Daniel Susac OF Yordan Alvarez OF Tim Tawa OF Cam Smith P Drew Rasmussen P Keider Montero SS Taylor Walls,,Mookie Betts,SS,19.18%,5
17,5211446126,zeusy24kk,0,127.5,1B Christian Walker 2B Ketel Marte 3B Isaac Paredes C Liam Hicks OF Corbin Carroll OF Cam Smith OF Chandler Simpson P Merrill Kelly P Drew Rasmussen SS Geraldo Perdomo,,Kevin McGonigle,SS,19.09%,13
18,5211576247,Tall_Texan,0,127.2,1B Jonathan Aranda 2B Jose Altuve 3B Kevin McGonigle C Liam Hicks OF Andy Pages OF Julio Rodriguez OF Riley Greene P Keider Montero P Roki Sasaki SS Geraldo Perdomo,,Max Muncy,3B,19.01%,0
19,5210874609,tracymcceo,0,126.85,1B Christian Walker 2B Jose Altuve 3B Colt Keith C Liam Hicks OF Zach McKinstry OF Yordan Alvarez OF Cam Smith P Drew Rasmussen P Roki Sasaki SS Jeremy Pena,,Osleivis Basabe,2B,17.91%,8
19,5211542078,verdineka,0,126.85,1B Shohei Ohtani 2B Tommy Edman 3B Kevin McGonigle C Liam Hicks OF Jonny DeLuca OF Grant McCray OF Cam Smith P Drew Rasmussen P Roki Sasaki SS Javier Baez,,Teoscar Hernandez,OF,17.33%,0
21,5211555826,HyVoltage,0,126.7,1B Shohei Ohtani 2B Jose Altuve 3B Isaac Paredes C Hunter Feduccia OF Jake Meyers OF Andy Pages OF Cam Smith P Logan Gilbert P Roki Sasaki SS Jeremy Pena,,Freddie Freeman,1B,16.82%,2
22,5211229790,Russeljune83,0,126.399994,1B Jonathan Aranda 2B Cole Young 3B Nolan Arenado C Gabriel Moreno OF Andy Pages OF Victor Mesa Jr. OF Tim Tawa P Robbie Ray P Drew Rasmussen SS Kevin McGonigle,,Kevin McGonigle,3B,16.48%,13
23,5211531877,blakemoore15,0,125.85,1B Freddie Freeman 2B Jose Altuve 3B Isaac Paredes C Hunter Feduccia OF Kyle Tucker OF Yordan Alvarez OF Cam Smith P Drew Rasmussen P Roki Sasaki SS Xander Bogaerts,,Andy Pages,OF,16.32%,16
24,5211052801,grrrrmonsta,0,125.55,1B Christian Walker 2B Jose Altuve 3B Colt Keith C Yainer Diaz OF Riley Greene OF Cam Smith OF Max Clark P Drew Rasmussen P Logan Gilbert SS Kevin McGonigle,,Jackson Merrill,OF,15.05%,12
24,5211492771,scoobydaniels,0,125.55,1B Christian Walker 2B Jose Altuve 3B Nolan Arenado C Gabriel Moreno OF Lars Nootbaar OF Tim Tawa OF Ryan Waldschmidt P Drew Rasmussen P Logan Gilbert SS Jeremy Pena,,Zach McKinstry,OF,13.96%,8
26,5211273674,sikwitit317,0,124.85,1B Christian Walker 2B Jose Altuve 3B Kevin McGonigle C Dillon Dingler OF Daulton Varsho OF Cam Smith OF Max Clark P Drew Rasmussen P Roki Sasaki SS Jeremy Pena,,Javier Baez,SS,13.04%,0
26,5211463561,GamBam5,0,124.85,1B Josh Naylor 2B Jake Cronenworth 3B Sung-Mun Song C Liam Hicks OF Yordan Alvarez OF Andy Pages OF Cam Smith P Drew Rasmussen P Roki Sasaki SS Jeremy Pena,,Christian Walker,1B,12.95%,11
28,5211380389,carlson2000,0,124.05,1B Tim Tawa 2B Osleivis Basabe 3B Colt Keith C Dillon Dingler OF Jung Hoo Lee OF Julio Rodriguez OF Jackson Merrill P Drew Rasmussen P Keider Montero SS Kevin McGonigle,,Jung Hoo Lee,OF,12.28%,11
28,5211527422,gsxallstar,0,124.05,1B Christian Walker 2B Jake Cronenworth 3B Kevin McGonigle C Dillon Dingler OF Shohei Ohtani OF Tim Tawa OF Cam Smith P Drew Rasmussen P Keider Montero SS Javier Baez,,Luis Campusano,C,12.03%,7
30,5211499659,BobCat2155,0,123.85,1B Christian Walker 2B Osleivis Basabe 3B Max Muncy C Dillon Dingler OF Javier Baez OF Riley Greene OF Cam Smith P Drew Rasmussen P Roki Sasaki SS Kevin McGonigle,,Gabriel Moreno,C,11.10%,5
30,5211526865,booboo9,0,123.85,1B Spencer Torkelson 2B Jose Altuve 3B Kevin McGonigle C Yainer Diaz OF Teoscar Hernandez OF Jung Hoo Lee OF Andy Pages P Drew Rasmussen P Roki Sasaki SS Willy Adames,,Ronel Blanco,P,11.02%,1.7
30,5211569869,Prantzer28,0,123.85,1B Shohei Ohtani 2B Jose Altuve 3B Colt Keith C Dillon Dingler OF Zach McKinstry OF Cam Smith OF Max Clark P Drew Rasmussen P Roki Sasaki SS Kevin McGonigle,,Yordan Alvarez,OF,10.77%,9
30,5211578132,Sportsfan4224,0,123.85,1B Christian Walker 2B Jake Cronenworth 3B Manny Machado C Yainer Diaz OF Shohei Ohtani OF Jake Meyers OF Cam Smith P Drew Rasmussen P Roki Sasaki SS Jeremy Pena,,Geraldo Perdomo,SS,10.43%,15
34,5211221000,Aoteoroa,0,123.55,1B Rafael Devers 2B Osleivis Basabe 3B Kevin McGonigle C Luis Campusano OF Teoscar Hernandez OF Jung Hoo Lee OF Max Clark P Drew Rasmussen P Logan Gilbert SS Willy Adames,,Corbin Carroll,OF,10.26%,0
35,5211278209,kgcom21,0,123.5,1B Jonathan Aranda 2B Jose Altuve 3B Nolan Arenado C Liam Hicks OF Jung Hoo Lee OF Riley Greene OF Corbin Carroll P Merrill Kelly P Drew Rasmussen SS Willy Adames,,Gleyber Torres,2B,9.50%,3
36,5211309146,riles0409,0,122.85,1B Rafael Devers 2B Jake Cronenworth 3B Nolan Arenado C Dillon Dingler OF Riley Greene OF Jackson Merrill OF Max Clark P Drew Rasmussen P Roki Sasaki SS Willy Adames,,Jeremy Pena,SS,9.34%,2
37,5211484348,timmysweepsfox,0,121.9,1B Christian Walker 2B Jose Altuve 3B Nolan Arenado C Gabriel Moreno OF Kyle Tucker OF Andy Pages OF Cam Smith P Keider Montero P Logan Gilbert SS Jeremy Pena,,Daniel Susac,C,9.00%,0
38,5211543738,winningisthename,0,121.85,1B Jonathan Aranda 2B Jose Altuve 3B Isaac Paredes C Daniel Susac OF Yordan Alvarez OF Jung Hoo Lee OF Grant McCray P Drew Rasmussen P Roki Sasaki SS Kevin McGonigle,,Isaac Paredes,3B,8.49%,13
38,5211562891,JordanC1023,0,121.85,1B Christian Walker 2B Jake Cronenworth 3B Manny Machado C Luis Campusano OF Fernando Tatis Jr. OF Jung Hoo Lee OF Jackson Merrill P Drew Rasmussen P Roki Sasaki SS Javier Baez,,Rafael Devers,1B,8.33%,16
40,5211463547,dcexpress,0,121.7,1B Rafael Devers 2B Jake Cronenworth 3B Isaac Paredes C Luis Campusano OF Gavin Sheets OF Yordan Alvarez OF Cam Smith P Logan Gilbert P Roki Sasaki SS Jeremy Pena,,Liam Hicks,C,8.33%,5
41,5211175658,xlgtuna,0,121.5,1B Shohei Ohtani 2B Ketel Marte 3B Nolan Arenado C Hunter Feduccia OF Teoscar Hernandez OF Corbin Carroll OF Cam Smith P Merrill Kelly P Drew Rasmussen SS Geraldo Perdomo,,Jonathan Aranda,1B,8.16%,17
42,5211442842,eharig09,0,120.85,1B Christian Walker 2B Jose Altuve 3B Isaac Paredes C Hunter Feduccia OF Teoscar Hernandez OF Fernando Tatis Jr. OF Andy Pages P Drew Rasmussen P Roki Sasaki SS Xander Bogaerts,,Lars Nootbaar,OF,7.82%,5
42,5211481157,Drew571,0,120.85,1B Bryce Eldridge 2B Osleivis Basabe 3B Kevin McGonigle C Gabriel Moreno OF Jung Hoo Lee OF Riley Greene OF Jackson Merrill P Drew Rasmussen P Roki Sasaki SS Geraldo Perdomo,,Xander Bogaerts,SS,7.74%,0
44,5211558729,walk-on,0,120.399994,1B Jonathan Aranda 2B Osleivis Basabe 3B Nolan Arenado C Gabriel Moreno OF Jung Hoo Lee OF Riley Greene OF Jackson Merrill P Robbie Ray P Drew Rasmussen SS Geraldo Perdomo,,Javier Baez,OF,7.40%,0
45,5210889447,Snowmanzel4,0,119.55,1B Tim Tawa 2B Jake Cronenworth 3B Nolan Arenado C Dillon Dingler OF Lars Nootbaar OF Jackson Merrill OF Ryan Waldschmidt P Drew Rasmussen P Logan Gilbert SS Xander Bogaerts,,Fernando Tatis Jr.,OF,7.32%,17
46,5211382839,andrewirish,0,119.399994,1B Jonathan Aranda 2B Jose Altuve 3B Nolan Arenado C Hunter Feduccia OF Yordan Alvarez OF Max Clark OF Ryan Waldschmidt P Robbie Ray P Drew Rasmussen SS Kevin McGonigle,,Spencer Torkelson,1B,7.06%,11
47,5211578590,belak01,0,119.049995,1B Shohei Ohtani 2B Ketel Marte 3B Nolan Arenado C Hunter Feduccia OF Lars Nootbaar OF Andy Pages OF Ryan Waldschmidt P Drew Rasmussen P Keider Montero SS Geraldo Perdomo,,Luis Rengifo,OF,6.98%,0
48,5211286520,ekkoniks,0,118.85,1B Rafael Devers 2B Osleivis Basabe 3B Isaac Paredes C Daniel Susac OF Yordan Alvarez OF Jung Hoo Lee OF Jake Meyers P Drew Rasmussen P Roki Sasaki SS Jeremy Pena,,Yainer Diaz,C,6.90%,0
48,5211380232,hulksmashing20,0,118.85,1B Christian Walker 2B Gleyber Torres 3B Nolan Arenado C Gabriel Moreno OF Fernando Tatis Jr. OF Max Clark OF Ryan Waldschmidt P Drew Rasmussen P Roki Sasaki SS Xander Bogaerts,,Manny Machado,3B,6.81%,9
50,5211334380,CROM1000,0,118.55,1B Tim Tawa 2B Osleivis Basabe 3B Isaac Paredes C Hunter Feduccia OF Gavin Sheets OF Yordan Alvarez OF Ryan Waldschmidt P Drew Rasmussen P Logan Gilbert SS Jeremy Pena,,Bryce Eldridge,1B,6.64%,2
51,5211252496,mattintexas,0,117.65,1B Spencer Torkelson 2B Gleyber Torres 3B Kevin McGonigle C Liam Hicks OF Yordan Alvarez OF Jackson Merrill OF Cam Smith P Merrill Kelly P Roki Sasaki SS Xander Bogaerts,,Tommy Edman,2B,6.56%,8
52,5211471143,tramjo,0,116.85,1B Shohei Ohtani 2B Jose Altuve 3B Max Muncy C Hunter Feduccia OF Teoscar Hernandez OF Cam Smith OF Max Clark P Drew Rasmussen P Roki Sasaki SS Kevin McGonigle,,Gavin Sheets,OF,6.31%,2
52,5211513822,Phil8650,0,116.85,1B Jonathan Aranda 2B Jose Altuve 3B Max Muncy C Dillon Dingler OF Julio Rodriguez OF Tim Tawa OF Max Clark P Drew Rasmussen P Roki Sasaki SS Javier Baez,,Nolan Arenado,3B,6.22%,14
54,5211559120,dlandau,0,116.7,1B Shohei Ohtani 2B Jose Altuve 3B Isaac Paredes C Hunter Feduccia OF Daulton Varsho OF Andy Pages OF Cam Smith P Logan Gilbert P Roki Sasaki SS Jeremy Pena,,Randy Arozarena,OF,6.14%,0
55,5211518429,metzet,0,116.55,1B Christian Walker 2B Jose Altuve 3B Nolan Arenado C Luis Campusano OF Kyle Tucker OF Lars Nootbaar OF Dominic Canzone P Drew Rasmussen P Logan Gilbert SS Willy Adames,,Willy Adames,SS,6.06%,14
56,5211513911,HammerMaguire,0,116.5,1B Jonathan Aranda 2B Osleivis Basabe 3B Isaac Paredes C Cal Raleigh OF Shohei Ohtani OF Andy Pages OF Max Clark P Merrill Kelly P Drew Rasmussen SS Mookie Betts,,Grant McCray,OF,6.06%,0
57,5211200283,jalworde,0,116.049995,1B Jonathan Aranda 2B Jake Cronenworth 3B Kevin McGonigle C Luis Campusano OF Teoscar Hernandez OF Fernando Tatis Jr. OF Jackson Merrill P Drew Rasmussen P Keider Montero SS Sung-Mun Song,,Cal Raleigh,C,5.97%,2
58,5211557908,BuckeyeCity,0,115.7,1B Shohei Ohtani 2B Jose Altuve 3B Isaac Paredes C Hunter Feduccia OF Kyle Tucker OF Jake Meyers OF Cam Smith P Logan Gilbert P Roki Sasaki SS Jeremy Pena,,Chandler Simpson,OF,5.89%,0
59,5211490772,llsplan,0,115.399994,1B Jonathan Aranda 2B Osleivis Basabe 3B Kevin McGonigle C Luis Campusano OF Luis Rengifo OF Jung Hoo Lee OF Jackson Merrill P Robbie Ray P Drew Rasmussen SS Willy Adames,,Cole Young,2B,5.63%,3
60,5211356747,cmiller0624,0,114.85,1B Christian Walker 2B Jake Cronenworth 3B Manny Machado C Luis Campusano OF Luis Rengifo OF Andy Pages OF Jackson Merrill P Drew Rasmussen P Roki Sasaki SS Mookie Betts,,Junior Caminero,3B,5.47%,4
60,5211510976,rebs1718,0,114.85,1B Liam Hicks 2B Jake Cronenworth 3B Manny Machado C Gabriel Moreno OF Randy Arozarena OF Tim Tawa OF Ryan Waldschmidt P Drew Rasmussen P Roki Sasaki SS Kevin McGonigle,,Cam Smith,OF,5.47%,33
60,5211560189,yerbey,0,114.85,1B Christian Walker 2B Jake Cronenworth 3B Manny Machado C Luis Campusano OF Luis Rengifo OF Andy Pages OF Jackson Merrill P Drew Rasmussen P Roki Sasaki SS Mookie Betts,,Tim Tawa,1B,5.38%,12
63,5211097747,Midwest5,0,114.55,1B Rafael Devers 2B Osleivis Basabe 3B Colt Keith C Daniel Susac OF Andy Pages OF Riley Greene OF Max Clark P Drew Rasmussen P Logan Gilbert SS Geraldo Perdomo,,Ketel Marte,2B,5.38%,2
64,5211075256,medlen1215,0,114.05,1B Yandy Diaz 2B Jose Altuve 3B Colt Keith C Dillon Dingler OF Zach McKinstry OF Riley Greene OF Cam Smith P Drew Rasmussen P Keider Montero SS Kevin McGonigle,,Julio Rodriguez,OF,4.88%,22
64,5211478023,dano27161,0,114.05,1B Bryce Eldridge 2B Richie Palacios 3B Yandy Diaz C Dillon Dingler OF Andy Pages OF Grant McCray OF Cam Smith P Drew Rasmussen P Keider Montero SS Kevin McGonigle,,Dominic Canzone,OF,4.63%,0
66,5210938700,Hoily,0,113.85,1B Christian Walker 2B Jose Altuve 3B Isaac Paredes C Hunter Feduccia OF Yordan Alvarez OF Riley Greene OF Jackson Merrill P Drew Rasmussen P Roki Sasaki SS Javier Baez,,Tim Tawa,OF,4.46%,12
66,5211008471,rsumrall,0,113.85,1B Jonathan Aranda 2B Jake Cronenworth 3B Junior Caminero C Luis Campusano OF Gavin Sheets OF Jonny DeLuca OF Jackson Merrill P Drew Rasmussen P Roki Sasaki SS Sung-Mun Song,,Josh Naylor,1B,4.46%,2
66,5211238120,bravito199,0,113.85,1B Shohei Ohtani 2B Jose Altuve 3B Max Muncy C Dillon Dingler OF Zach McKinstry OF Cam Smith OF Max Clark P Drew Rasmussen P Roki Sasaki SS Sung-Mun Song,,Taylor Walls,SS,4.21%,2
69,5211496550,Gomerism,0,113.55,1B Rafael Devers 2B Osleivis Basabe 3B Isaac Paredes C Yainer Diaz OF Yordan Alvarez OF Grant McCray OF Ryan Waldschmidt P Drew Rasmussen P Logan Gilbert SS Javier Baez,,Merrill Kelly,P,4.21%,15.15
69,5211556739,robswins1,0,113.55,1B Jonathan Aranda 2B Jose Altuve 3B Isaac Paredes C Gabriel Moreno OF Randy Arozarena OF Andy Pages OF Julio Rodriguez P Robbie Ray P Roki Sasaki SS Geraldo Perdomo,,Daulton Varsho,OF,3.95%,0
71,5211278927,jasonwithaj,0,113.350006,1B Rafael Devers 2B Jake Cronenworth 3B Manny Machado C Yainer Diaz OF Luis Rengifo OF Fernando Tatis Jr. OF Cam Smith P Merrill Kelly P Logan Gilbert SS Xander Bogaerts,,Ryan Waldschmidt,OF,3.70%,16
72,5211163391,Satch65,0,112.7,1B Christian Walker 2B Jake Cronenworth 3B Kevin McGonigle C Yainer Diaz OF Shohei Ohtani OF Jake Meyers OF Cam Smith P Logan Gilbert P Roki Sasaki SS Jeremy Pena,,Sung-Mun Song,SS,3.45%,3
73,5211535128,SadKeith,0,112.55,1B Spencer Torkelson 2B Osleivis Basabe 3B Kevin McGonigle C Dillon Dingler OF Zach McKinstry OF Jung Hoo Lee OF Max Clark P Drew Rasmussen P Logan Gilbert SS Colt Emerson,,Yandy Diaz,1B,3.36%,0
74,5211182062,Patriot721,0,112.5,1B Spencer Torkelson 2B Jose Altuve 3B Nolan Arenado C Dillon Dingler OF Lars Nootbaar OF Riley Greene OF Max Clark P Merrill Kelly P Drew Rasmussen SS Kevin McGonigle,,Christian Koss,SS,3.20%,0
75,5211462068,Alnyfl1,0,112.399994,1B Jonathan Aranda 2B Osleivis Basabe 3B Nolan Arenado C Dillon Dingler OF Jung Hoo Lee OF Tim Tawa OF Chandler Simpson P Robbie Ray P Drew Rasmussen SS Kevin McGonigle,,Colt Emerson,SS,3.11%,3
76,5211490975,Jkataliaf44,0,112.049995,1B Jonathan Aranda 2B Osleivis Basabe 3B Isaac Paredes C Gabriel Moreno OF Kyle Tucker OF Riley Greene OF Jackson Merrill P Drew Rasmussen P Keider Montero SS Mookie Betts,,Sung-Mun Song,3B,2.69%,3
76,5211546403,souge369,0,112.049995,1B Josh Naylor 2B Tommy Edman 3B Isaac Paredes C Liam Hicks OF Yordan Alvarez OF Daulton Varsho OF Cam Smith P Drew Rasmussen P Keider Montero SS Xander Bogaerts,,Brendan Donovan,3B,2.69%,2
78,5211051543,donthaveaname,0,111.85,1B Christian Walker 2B Osleivis Basabe 3B Colt Keith C Dillon Dingler OF Jung Hoo Lee OF Jackson Merrill OF Max Clark P Drew Rasmussen P Roki Sasaki SS Kevin McGonigle,,Taylor Ward,OF,2.69%,0
78,5211534278,dcw331,0,111.85,1B Tim Tawa 2B Osleivis Basabe 3B Kevin McGonigle C Dillon Dingler OF Shohei Ohtani OF Kyle Tucker OF Ryan Waldschmidt P Drew Rasmussen P Roki Sasaki SS Javier Baez,,Adrian Houser,P,2.35%,17.05
78,5211575532,mariatastic,0,111.85,1B Rafael Devers 2B Jake Cronenworth 3B Max Muncy C Hunter Feduccia OF Teoscar Hernandez OF Kyle Tucker OF Andy Pages P Drew Rasmussen P Roki Sasaki SS Geraldo Perdomo,,Yandy Diaz,3B,2.35%,0
81,5210987856,73pd2x,0,111.7,1B Christian Walker 2B Jake Cronenworth 3B Manny Machado C Hunter Feduccia OF Shohei Ohtani OF Kyle Tucker OF Cam Smith P Logan Gilbert P Roki Sasaki SS Mookie Betts,,Liam Hicks,1B,2.27%,5
82,5211067413,rsimone,0,111.55,1B Rafael Devers 2B Osleivis Basabe 3B Kevin McGonigle C Daniel Susac OF Javier Baez OF Riley Greene OF Max Clark P Drew Rasmussen P Logan Gilbert SS Geraldo Perdomo,,Victor Mesa Jr.,OF,2.27%,13
82,5211510629,gordoman29,0,111.55,1B Bryce Eldridge 2B Osleivis Basabe 3B Colt Keith C Gabriel Moreno OF Jung Hoo Lee OF Andy Pages OF Max Clark P Drew Rasmussen P Logan Gilbert SS Geraldo Perdomo,,Jake Meyers,OF,2.10%,10
84,5211414838,jlauthe,0,111.399994,1B Rafael Devers 2B Gleyber Torres 3B Manny Machado C Daniel Susac OF Teoscar Hernandez OF Andy Pages OF Jackson Merrill P Adrian Houser P Drew Rasmussen SS Mookie Betts,,Drew Gilbert,OF,2.10%,4
85,5211519199,nosebreakers,0,111.2,1B Christian Walker 2B Jake Cronenworth 3B Kevin McGonigle C Dillon Dingler OF Shohei Ohtani OF Andy Pages OF Cam Smith P Keider Montero P Roki Sasaki SS Xander Bogaerts,,Max Kepler,OF,1.85%,2
86,5211508413,VampGhost,0,110.9,1B Christian Walker 2B Ketel Marte 3B Colt Keith C Gabriel Moreno OF Julio Rodriguez OF Riley Greene OF Cam Smith P Ronel Blanco P Logan Gilbert SS Kevin McGonigle,,Jonny DeLuca,OF,1.85%,14
87,5211031872,24Gray,0,110.85,1B Rafael Devers 2B Jose Altuve 3B Colt Keith C Dillon Dingler OF Kyle Tucker OF Jung Hoo Lee OF Max Clark P Drew Rasmussen P Roki Sasaki SS Kevin McGonigle,,Christian Koss,3B,1.60%,0
87,5211453511,Lscanson,0,110.85,1B Spencer Torkelson 2B Osleivis Basabe 3B Kevin McGonigle C Luis Campusano OF Riley Greene OF Jackson Merrill OF Max Clark P Drew Rasmussen P Roki Sasaki SS Jeremy Pena,,Richie Palacios,2B,1.18%,4
89,5211080453,rlltyd1,0,110.7,1B Shohei Ohtani 2B Tommy Edman 3B Sung-Mun Song C Luis Campusano OF Teoscar Hernandez OF Andy Pages OF Cam Smith P Logan Gilbert P Roki Sasaki SS Mookie Betts,,Eduardo Valencia,C,0.67%,0
89,5211483821,The-Autumn-Wind,0,110.7,1B Rafael Devers 2B Jake Cronenworth 3B Manny Machado C Luis Campusano OF Gavin Sheets OF Jung Hoo Lee OF Jackson Merrill P Logan Gilbert P Roki Sasaki SS Willy Adames,,Ty France,1B,0.59%,0
91,5211550363,kcstengel,0,110.55,1B Tim Tawa 2B Osleivis Basabe 3B Brendan Donovan C Dillon Dingler OF Zach McKinstry OF Yordan Alvarez OF Ryan Waldschmidt P Drew Rasmussen P Logan Gilbert SS Javier Baez,,Ben Rortvedt,C,0.34%,0
92,5211521162,MudDogs10,0,110.05,1B Shohei Ohtani 2B Jose Altuve 3B Colt Keith C Hunter Feduccia OF Jake Meyers OF Riley Greene OF Cam Smith P Drew Rasmussen P Keider Montero SS Jeremy Pena,,JT Brubaker,P,0.25%,1.05
93,5211478710,mrfrisky50,0,109.9,1B Josh Naylor 2B Cole Young 3B Nolan Arenado C Luis Campusano OF Yordan Alvarez OF Victor Mesa Jr. OF Cam Smith P Keider Montero P Logan Gilbert SS Jeremy Pena,,LaMonte Wade Jr.,1B,0.17%,0
94,5211472102,Salvatorture24,0,109.85,1B Shohei Ohtani 2B Jake Cronenworth 3B Nolan Arenado C Luis Campusano OF Zach McKinstry OF Fernando Tatis Jr. OF Riley Greene P Drew Rasmussen P Roki Sasaki SS Javier Baez,,Cedric Mullins,OF,0.17%,0
95,5211510697,Sk0l_Nation,0,109.7,1B Jonathan Aranda 2B Jose Altuve 3B Isaac Paredes C Cal Raleigh OF Zach McKinstry OF Andy Pages OF Riley Greene P Logan Gilbert P Roki Sasaki SS Mookie Betts,,Freddy Fermin,C,0.17%,0
96,5211480689,redem7,0,109.55,1B Rafael Devers 2B Jose Altuve 3B Isaac Paredes C Daniel Susac OF Yordan Alvarez OF Jung Hoo Lee OF Grant McCray P Drew Rasmussen P Logan Gilbert SS Christian Koss,,Miguel Rojas,SS,0.17%,3
96,5211554104,Mabs9900,0,109.55,1B Rafael Devers 2B Tommy Edman 3B Max Muncy C Hunter Feduccia OF Jung Hoo Lee OF Grant McCray OF Drew Gilbert P Drew Rasmussen P Logan Gilbert SS Willy Adames,,Ildemaro Vargas,2B,0.17%,2
98,5211210080,chewycub31,0,109.399994,1B Rafael Devers 2B Jake Cronenworth 3B Nolan Arenado C Gabriel Moreno OF Andy Pages OF Jackson Merrill OF Max Clark P Robbie Ray P Drew Rasmussen SS Mookie Betts,,Hao-Yu Lee,3B,0.08%,2
99,5211314714,rayray5102,0,109.049995,1B Jonathan Aranda 2B Jake Cronenworth 3B Colt Keith C Dillon Dingler OF Victor Mesa Jr. OF Jackson Merrill OF Max Clark P Drew Rasmussen P Keider Montero SS Kevin McGonigle,,Zach Dezenzo,OF,0.08%,0
100,5211010549,Schoey17,0,108.9,1B Christian Walker 2B Jake Cronenworth 3B Isaac Paredes C Luis Campusano OF Gavin Sheets OF Yordan Alvarez OF Cam Smith P Keider Montero P Logan Gilbert SS Jeremy Pena,,Ildemaro Vargas,1B,0.08%,2
101,5211272400,Wilmsy636,0,108.85,1B Christian Walker 2B Jake Cronenworth 3B Kevin McGonigle C Dillon Dingler OF Kyle Tucker OF Jonny DeLuca OF Riley Greene P Drew Rasmussen P Roki Sasaki SS Taylor Walls,,Ryan Vilade,OF,0.08%,0
101,5211304885,dodgff,0,108.85,1B Christian Walker 2B Tommy Edman 3B Isaac Paredes C Gabriel Moreno OF Javier Baez OF Riley Greene OF Jackson Merrill P Drew Rasmussen P Roki Sasaki SS Mookie Betts,,Taylor Trammell,OF,0.08%,0
101,5211427591,cdt123,0,108.85,1B Spencer Torkelson 2B Gleyber Torres 3B Kevin McGonigle C Luis Campusano OF Zach McKinstry OF Riley Greene OF Jackson Merrill P Drew Rasmussen P Roki Sasaki SS Xander Bogaerts,,Nick Fortes,C,0.08%,0
101,5211489128,sugarshack,0,108.85,1B Spencer Torkelson 2B Jake Cronenworth 3B Colt Keith C Hunter Feduccia OF Shohei Ohtani OF Kyle Tucker OF Andy Pages P Drew Rasmussen P Roki Sasaki SS Kevin McGonigle,,Kike Hernandez,3B,0.08%,0
101,5211506091,RacingPrez,0,108.85,1B Bryce Eldridge 2B Jose Altuve 3B Isaac Paredes C Daniel Susac OF Kyle Tucker OF Riley Greene OF Jackson Merrill P Drew Rasmussen P Roki Sasaki SS Kevin McGonigle,,Weston Wilson,3B,0.08%,0
101,5211537356,zvolm1012,0,108.85,1B Shohei Ohtani 2B Jake Cronenworth 3B Max Muncy C Luis Campusano OF Teoscar Hernandez OF Kyle Tucker OF Cam Smith P Drew Rasmussen P Roki Sasaki SS Mookie Betts,,James McCann,C,0.08%,0
107,5211423559,morganelizabeth2,0,108.55,1B Rafael Devers 2B Osleivis Basabe 3B Colt Keith C Daniel Susac OF Jung Hoo Lee OF Riley Greene OF Drew Gilbert P Drew Rasmussen P Logan Gilbert SS Kevin McGonigle,,Jase Bowen,OF,0.08%,0
107,5211541154,PrinceofWheels,0,108.55,1B Tim Tawa 2B Gleyber Torres 3B Colt Keith C Luis Campusano OF Taylor Ward OF Zach McKinstry OF Jackson Merrill P Drew Rasmussen P Logan Gilbert SS Geraldo Perdomo,,Gage Workman,3B,0.08%,0
107,5211561834,wilsonlevi6,0,108.55,1B Christian Walker 2B Jose Altuve 3B Colt Keith C Daniel Susac OF Kyle Tucker OF Lars Nootbaar OF Jackson Merrill P Drew Rasmussen P Logan Gilbert SS Geraldo Perdomo,,Jorge Barrosa,OF,0.08%,7
110,5211020425,Oyage,0,108.5,1B Yandy Diaz 2B Ildemaro Vargas 3B Kevin McGonigle C Daniel Susac OF Victor Mesa Jr. OF Riley Greene OF Jackson Merrill P Merrill Kelly P Drew Rasmussen SS Geraldo Perdomo,,Rodolfo Duran,C,0.08%,0
111,5211482872,corythelegend1978,0,108.399994,1B Jonathan Aranda 2B Osleivis Basabe 3B Kevin McGonigle C Hunter Feduccia OF Shohei Ohtani OF Jung Hoo Lee OF Tim Tawa P Robbie Ray P Drew Rasmussen SS Mookie Betts,,Raynel Delgado,2B,0.08%,0
112,5210993066,managyjr,0,108.2,1B Jonathan Aranda 2B Jake Cronenworth 3B Isaac Paredes C Liam Hicks OF Fernando Tatis Jr. OF Andy Pages OF Riley Greene P Keider Montero P Roki Sasaki SS Mookie Betts,,Oliver Dunn,SS,0.08%,0
113,5211513482,eroc96,0,108.05,1B Christian Walker 2B Jose Altuve 3B Christian Koss C Hunter Feduccia OF Shohei Ohtani OF Yordan Alvarez OF Cam Smith P Drew Rasmussen P Ronel Blanco SS Jeremy Pena,,Kenley Jansen,P,0.08%,0
114,5210725608,LASGolf1985,0,107.85,1B Bryce Eldridge 2B Jose Altuve 3B Isaac Paredes C Yainer Diaz OF Yordan Alvarez OF Jung Hoo Lee OF Daulton Varsho P Drew Rasmussen P Roki Sasaki SS Willy Adames,,,
114,5211524653,salty39,0,107.85,1B Christian Walker 2B Osleivis Basabe 3B Isaac Paredes C Yainer Diaz OF Yordan Alvarez OF Jung Hoo Lee OF Drew Gilbert P Drew Rasmussen P Roki Sasaki SS Jeremy Pena,,,
114,5211543857,aaronmechling87,0,107.85,1B Christian Walker 2B Gleyber Torres 3B Isaac Paredes C Dillon Dingler OF Teoscar Hernandez OF Jung Hoo Lee OF Andy Pages P Drew Rasmussen P Roki Sasaki SS Javier Baez,,,
117,5211355630,Skoalzy,0,107.7,1B Rafael Devers 2B Jose Altuve 3B Kevin McGonigle C Gabriel Moreno OF Jung Hoo Lee OF Daulton Varsho OF Riley Greene P Logan Gilbert P Roki Sasaki SS Willy Adames,,,
118,5211517617,MuckyMuk1,0,107.399994,1B Spencer Torkelson 2B Gleyber Torres 3B Nolan Arenado C Dillon Dingler OF Zach McKinstry OF Max Clark OF Ryan Waldschmidt P Robbie Ray P Drew Rasmussen SS Geraldo Perdomo,,,
119,5210866506,OneDropKing,0,107.2,1B Jonathan Aranda 2B Gleyber Torres 3B Junior Caminero C Dillon Dingler OF Jake Meyers OF Riley Greene OF Cam Smith P Ronel Blanco P Roki Sasaki SS Kevin McGonigle,,,
120,5211032982,ststephen99,0,107.05,1B Shohei Ohtani 2B Ketel Marte 3B Kevin McGonigle C Gabriel Moreno OF Teoscar Hernandez OF Zach McKinstry OF Cam Smith P Drew Rasmussen P Keider Montero SS Javier Baez,,,
121,5211499691,Jonestown000,0,106.85,1B Rafael Devers 2B Osleivis Basabe 3B Kevin McGonigle C Daniel Susac OF Shohei Ohtani OF Jung Hoo Lee OF Riley Greene P Drew Rasmussen P Roki Sasaki SS Javier Baez,,,
121,5211525291,Draycooper21,0,106.85,1B Tim Tawa 2B Jake Cronenworth 3B Colt Keith C Luis Campusano OF Shohei Ohtani OF Andy Pages OF Chandler Simpson P Drew Rasmussen P Roki Sasaki SS Kevin McGonigle,,,
121,5211546634,49ers10k,0,106.85,1B Bryce Eldridge 2B Jake Cronenworth 3B Kevin McGonigle C Liam Hicks OF Jung Hoo Lee OF Andy Pages OF Max Clark P Drew Rasmussen P Roki Sasaki SS Jeremy Pena,,,
121,5211548834,KingLaner,0,106.85,1B Bryce Eldridge 2B Jose Altuve 3B Colt Keith C Liam Hicks OF Kyle Tucker OF Jung Hoo Lee OF Jackson Merrill P Drew Rasmussen P Roki Sasaki SS Kevin McGonigle,,,
125,5211437615,Railroad2000,0,106.55,1B Christian Walker 2B Cole Young 3B Nolan Arenado C Yainer Diaz OF Jung Hoo Lee OF Andy Pages OF Chandler Simpson P Drew Rasmussen P Logan Gilbert SS Javier Baez,,,
126,5211212052,daddyaz13,0,106.5,1B Spencer Torkelson 2B Ketel Marte 3B Kevin McGonigle C Gabriel Moreno OF Javier Baez OF Corbin Carroll OF Tim Tawa P Merrill Kelly P Drew Rasmussen SS Geraldo Perdomo,,,
127,5211507578,jackedup21,0,106.2,1B Christian Walker 2B Tommy Edman 3B Isaac Paredes C Dillon Dingler OF Kyle Tucker OF Jung Hoo Lee OF Andy Pages P Keider Montero P Roki Sasaki SS Kevin McGonigle,,,
128,5211001032,King_Cole22,0,106.05,1B Christian Walker 2B Ketel Marte 3B Colt Keith C Dillon Dingler OF Riley Greene OF Cam Smith OF Max Clark P Drew Rasmussen P Ronel Blanco SS Kevin McGonigle,,,
128,5211179082,greengoon,0,106.05,1B Shohei Ohtani 2B Jose Altuve 3B Kevin McGonigle C Yainer Diaz OF Teoscar Hernandez OF Riley Greene OF Cam Smith P Drew Rasmussen P Keider Montero SS Javier Baez,,,
128,5211426232,composure92,0,106.05,1B Jonathan Aranda 2B Jose Altuve 3B Junior Caminero C Hunter Feduccia OF Lars Nootbaar OF Andy Pages OF Chandler Simpson P Drew Rasmussen P Ronel Blanco SS Geraldo Perdomo,,,
128,5211507566,MarkSig213,0,106.05,1B Tim Tawa 2B Gleyber Torres 3B Max Muncy C Luis Campusano OF Andy Pages OF Riley Greene OF Ryan Waldschmidt P Drew Rasmussen P Keider Montero SS Mookie Betts,,,
132,5211478495,fpcp2005,0,105.85,1B Bryce Eldridge 2B Jake Cronenworth 3B Kevin McGonigle C Luis Campusano OF Teoscar Hernandez OF Shohei Ohtani OF Jung Hoo Lee P Drew Rasmussen P Roki Sasaki SS Willy Adames,,,
132,5211538050,frieza_5g,0,105.85,1B Rafael Devers 2B Gleyber Torres 3B Colt Keith C Dillon Dingler OF Jung Hoo Lee OF Riley Greene OF Max Clark P Drew Rasmussen P Roki Sasaki SS Willy Adames,,,
134,5211543896,Wingman73,0,105.7,1B Spencer Torkelson 2B Osleivis Basabe 3B Max Muncy C Luis Campusano OF Andy Pages OF Jackson Merrill OF Max Clark P Logan Gilbert P Roki Sasaki SS Willy Adames,,,
135,5211212233,lenn221,0,105.55,1B Christian Walker 2B Jose Altuve 3B Isaac Paredes C Hunter Feduccia OF Gavin Sheets OF Daulton Varsho OF Jackson Merrill P Drew Rasmussen P Logan Gilbert SS Jeremy Pena,,,
135,5211362620,bakeage,0,105.55,1B Christian Walker 2B Jose Altuve 3B Isaac Paredes C Luis Campusano OF Gavin Sheets OF Daulton Varsho OF Jackson Merrill P Drew Rasmussen P Logan Gilbert SS Xander Bogaerts,,,
135,5211488563,jetsfan8183,0,105.55,1B Tim Tawa 2B Jake Cronenworth 3B Colt Keith C Dillon Dingler OF Kyle Tucker OF Zach McKinstry OF Riley Greene P Drew Rasmussen P Logan Gilbert SS Geraldo Perdomo,,,
138,5211545103,theefootballguru,0,105.1,1B Rafael Devers 2B Osleivis Basabe 3B Junior Caminero C Gabriel Moreno OF Fernando Tatis Jr. OF Jung Hoo Lee OF Jackson Merrill P Robbie Ray P Adrian Houser SS Geraldo Perdomo,,,
139,5211511220,thebattler33,0,105.05,1B Shohei Ohtani 2B Jake Cronenworth 3B Kevin McGonigle C Gabriel Moreno OF Lars Nootbaar OF Andy Pages OF Tim Tawa P Drew Rasmussen P Keider Montero SS Sung-Mun Song,,,
139,5211580851,Shurikens,0,105.05,1B Jonathan Aranda 2B Gleyber Torres 3B Kevin McGonigle C Liam Hicks OF Andy Pages OF Chandler Simpson OF Ryan Waldschmidt P Drew Rasmussen P Ronel Blanco SS Javier Baez,,,
139,5211124566,ste6000,0,105.049995,1B Jonathan Aranda 2B Jose Altuve 3B Max Muncy C Gabriel Moreno OF Zach McKinstry OF Yordan Alvarez OF Tim Tawa P Drew Rasmussen P Keider Montero SS Sung-Mun Song,,,
139,5211485536,jjordan02,0,105.049995,1B Rafael Devers 2B Jake Cronenworth 3B Colt Keith C Dillon Dingler OF Zach McKinstry OF Riley Greene OF Jackson Merrill P Drew Rasmussen P Keider Montero SS Kevin McGonigle,,,
143,5211428261,gus379,0,104.85,1B Freddie Freeman 2B Richie Palacios 3B Kevin McGonigle C Hunter Feduccia OF Teoscar Hernandez OF Riley Greene OF Jackson Merrill P Drew Rasmussen P Roki Sasaki SS Willy Adames,,,
143,5211486371,wattatexan,0,104.85,1B Christian Walker 2B Osleivis Basabe 3B Max Muncy C Daniel Susac OF Shohei Ohtani OF Max Clark OF Ryan Waldschmidt P Drew Rasmussen P Roki Sasaki SS Kevin McGonigle,,,
143,5211509547,cjbryant821,0,104.85,1B Jonathan Aranda 2B Osleivis Basabe 3B Junior Caminero C Liam Hicks OF Victor Mesa Jr. OF Chandler Simpson OF Max Clark P Drew Rasmussen P Roki Sasaki SS Mookie Betts,,,
143,5211577550,andrezarbcousin,0,104.85,1B Jonathan Aranda 2B Cole Young 3B Isaac Paredes C Hunter Feduccia OF Fernando Tatis Jr. OF Corbin Carroll OF Chandler Simpson P Drew Rasmussen P Roki Sasaki SS Javier Baez,,,
147,5211034071,thundrenterprises,0,104.7,1B Josh Naylor 2B Jake Cronenworth 3B Isaac Paredes C Luis Campusano OF Luis Rengifo OF Fernando Tatis Jr. OF Jackson Merrill P Logan Gilbert P Roki Sasaki SS Willy Adames,,,
148,5211521155,Riceheath,0,104.55,1B Josh Naylor 2B Gleyber Torres 3B Colt Keith C Hunter Feduccia OF Kyle Tucker OF Zach McKinstry OF Andy Pages P Drew Rasmussen P Logan Gilbert SS Willy Adames,,,
149,5211411548,msilvia,0,104.399994,1B Spencer Torkelson 2B Gleyber Torres 3B Kevin McGonigle C Dillon Dingler OF Gavin Sheets OF Riley Greene OF Cam Smith P Robbie Ray P Drew Rasmussen SS Christian Koss,,,
149,5211535119,Cory_Hawkins92,0,104.399994,1B Christian Walker 2B Jake Cronenworth 3B Manny Machado C Daniel Susac OF Fernando Tatis Jr. OF Jung Hoo Lee OF Drew Gilbert P Robbie Ray P Drew Rasmussen SS Willy Adames,,,
151,5211503347,FoxyGrandpa252,0,104.350006,1B Christian Walker 2B Jake Cronenworth 3B Manny Machado C Yainer Diaz OF Gavin Sheets OF Yordan Alvarez OF Cam Smith P Merrill Kelly P Logan Gilbert SS Jeremy Pena,,,
152,5211508394,briangoll912,0,104.05,1B Rafael Devers 2B Ketel Marte 3B Junior Caminero C Gabriel Moreno OF Jung Hoo Lee OF Drew Gilbert OF Tim Tawa P Drew Rasmussen P Ronel Blanco SS Geraldo Perdomo,,,
152,5211229983,ZenRenG,0,104.049995,1B Christian Walker 2B Jose Altuve 3B Colt Keith C Luis Campusano OF Luis Rengifo OF Fernando Tatis Jr. OF Lars Nootbaar P Drew Rasmussen P Keider Montero SS Kevin McGonigle,,,
152,5211351514,austinrholcomb,0,104.049995,1B Christian Walker 2B Gleyber Torres 3B Nolan Arenado C Liam Hicks OF Tim Tawa OF Jackson Merrill OF Max Clark P Drew Rasmussen P Keider Montero SS Jeremy Pena,,,
152,5211388988,Biggc44,0,104.049995,1B Christian Walker 2B Ketel Marte 3B Junior Caminero C Gabriel Moreno OF Javier Baez OF Victor Mesa Jr. OF Tim Tawa P Drew Rasmussen P Keider Montero SS Geraldo Perdomo,,,
152,5211533171,PaposPicks,0,104.049995,1B Tim Tawa 2B Jose Altuve 3B Junior Caminero C Hunter Feduccia OF Zach McKinstry OF Yordan Alvarez OF Chandler Simpson P Drew Rasmussen P Keider Montero SS Geraldo Perdomo,,,
157,5210792416,theGuru805,0,103.85,1B Jonathan Aranda 2B Jose Altuve 3B Kevin McGonigle C Daniel Susac OF Kyle Tucker OF Riley Greene OF Chandler Simpson P Drew Rasmussen P Roki Sasaki SS Mookie Betts,,,
157,5211094457,gdombrow,0,103.85,1B Jonathan Aranda 2B Jose Altuve 3B Yandy Diaz C Hunter Feduccia OF Javier Baez OF Shohei Ohtani OF Kyle Tucker P Drew Rasmussen P Roki Sasaki SS Willy Adames,,,
157,5211302580,Edgitt116,0,103.85,1B Freddie Freeman 2B Jake Cronenworth 3B Max Muncy C Hunter Feduccia OF Shohei Ohtani OF Daulton Varsho OF Cam Smith P Drew Rasmussen P Roki Sasaki SS Mookie Betts,,,
157,5211392299,seanccee,0,103.85,1B Christian Walker 2B Jose Altuve 3B Isaac Paredes C Luis Campusano OF Shohei Ohtani OF Kyle Tucker OF Daulton Varsho P Drew Rasmussen P Roki Sasaki SS Mookie Betts,,,
157,5211477825,maddoc68,0,103.85,1B Freddie Freeman 2B Tommy Edman 3B Isaac Paredes C Yainer Diaz OF Teoscar Hernandez OF Javier Baez OF Andy Pages P Drew Rasmussen P Roki Sasaki SS Geraldo Perdomo,,,
157,5211562602,ghathhorn,0,103.85,1B Christian Walker 2B Ketel Marte 3B Kevin McGonigle C Dillon Dingler OF Gavin Sheets OF Lars Nootbaar OF Max Clark P Drew Rasmussen P Roki Sasaki SS Willy Adames,,,
163,5211513603,tvick,0,103.7,1B Freddie Freeman 2B Jose Altuve 3B Max Muncy C Hunter Feduccia OF Fernando Tatis Jr. OF Cam Smith OF Max Clark P Logan Gilbert P Roki Sasaki SS Javier Baez,,,
164,5210929146,Jwikoff2,0,103.55,1B Rafael Devers 2B Osleivis Basabe 3B Christian Koss C Luis Campusano OF Kyle Tucker OF Corbin Carroll OF Max Clark P Drew Rasmussen P Logan Gilbert SS Kevin McGonigle,,,
165,5211440473,hgh13,0,103.399994,1B Jonathan Aranda 2B Jake Cronenworth 3B Colt Keith C Liam Hicks OF Kyle Tucker OF Victor Mesa Jr. OF Jackson Merrill P Robbie Ray P Drew Rasmussen SS Kevin McGonigle,,,
165,5211577783,Los_bravos88,0,103.399994,1B Shohei Ohtani 2B Jake Cronenworth 3B Isaac Paredes C Yainer Diaz OF Gavin Sheets OF Fernando Tatis Jr. OF Jackson Merrill P Adrian Houser P Drew Rasmussen SS Xander Bogaerts,,,
167,5211461215,skunks20,0,103.05,1B Shohei Ohtani 2B Jose Altuve 3B Brendan Donovan C Daniel Susac OF Kyle Tucker OF Corbin Carroll OF Cam Smith P Drew Rasmussen P Ronel Blanco SS Geraldo Perdomo,,,
167,5211498243,ctrmorris,0,103.05,1B Freddie Freeman 2B Osleivis Basabe 3B Kevin McGonigle C Hunter Feduccia OF Zach McKinstry OF Yordan Alvarez OF Andy Pages P Drew Rasmussen P Keider Montero SS Javier Baez,,,
169,5211283686,alienhood,0,102.85,1B Bryce Eldridge 2B Osleivis Basabe 3B Manny Machado C Luis Campusano OF Kyle Tucker OF Riley Greene OF Jackson Merrill P Drew Rasmussen P Roki Sasaki SS Mookie Betts,,,
169,5211474387,dpfkings,0,102.85,1B Rafael Devers 2B Jose Altuve 3B Sung-Mun Song C Daniel Susac OF Gavin Sheets OF Randy Arozarena OF Yordan Alvarez P Drew Rasmussen P Roki Sasaki SS Willy Adames,,,
171,5211464826,JaserD,0,102.7,1B Freddie Freeman 2B Osleivis Basabe 3B Max Muncy C Hunter Feduccia OF Shohei Ohtani OF Andy Pages OF Cam Smith P Logan Gilbert P Roki Sasaki SS Christian Koss,,,
172,5211090143,preeves4,0,102.55,1B Tim Tawa 2B Gleyber Torres 3B Colt Keith C Dillon Dingler OF Grant McCray OF Max Clark OF Ryan Waldschmidt P Drew Rasmussen P Logan Gilbert SS Kevin McGonigle,,,
173,5211427114,thewho82,0,102.399994,1B Tim Tawa 2B Osleivis Basabe 3B Kevin McGonigle C Dillon Dingler OF Teoscar Hernandez OF Lars Nootbaar OF Jackson Merrill P Robbie Ray P Drew Rasmussen SS Geraldo Perdomo,,,
174,5211477350,mb725016,0,102.05,1B Shohei Ohtani 2B Jose Altuve 3B Isaac Paredes C Hunter Feduccia OF Teoscar Hernandez OF Kyle Tucker OF Andy Pages P Drew Rasmussen P Ronel Blanco SS Geraldo Perdomo,,,
174,5211203575,Elsieadd,0,102.049995,1B Jonathan Aranda 2B Osleivis Basabe 3B Kevin McGonigle C Dillon Dingler OF Kyle Tucker OF Jung Hoo Lee OF Chandler Simpson P Drew Rasmussen P Keider Montero SS Taylor Walls,,,
174,5211480041,danbevs,0,102.049995,1B Jonathan Aranda 2B Jake Cronenworth 3B Isaac Paredes C Dillon Dingler OF Javier Baez OF Riley Greene OF Max Clark P Drew Rasmussen P Keider Montero SS Kevin McGonigle,,,
174,5211552142,PersonalPitbull,0,102.049995,1B Tim Tawa 2B Osleivis Basabe 3B Max Muncy C Gabriel Moreno OF Teoscar Hernandez OF Shohei Ohtani OF Ryan Waldschmidt P Drew Rasmussen P Keider Montero SS Geraldo Perdomo,,,
178,5211491356,tweyerich,0,101.85,1B Freddie Freeman 2B Tommy Edman 3B Colt Keith C Hunter Feduccia OF Andy Pages OF Riley Greene OF Max Clark P Drew Rasmussen P Roki Sasaki SS Kevin McGonigle,,,
178,5211496347,letsgobadgers,0,101.85,1B Christian Walker 2B Jake Cronenworth 3B Junior Caminero C Liam Hicks OF Victor Mesa Jr. OF Jackson Merrill OF Chandler Simpson P Drew Rasmussen P Roki Sasaki SS Taylor Walls,,,
178,5211522422,JRKeon14,0,101.85,1B Christian Walker 2B Jose Altuve 3B Colt Keith C Luis Campusano OF Shohei Ohtani OF Kyle Tucker OF Max Clark P Drew Rasmussen P Roki Sasaki SS Kevin McGonigle,,,
178,5211531281,aadler14,0,101.85,1B Rafael Devers 2B Jose Altuve 3B Manny Machado C Liam Hicks OF Kyle Tucker OF Riley Greene OF Max Clark P Drew Rasmussen P Roki Sasaki SS Javier Baez,,,
178,5211562059,Iamclr0706,0,101.85,1B Christian Walker 2B Gleyber Torres 3B Manny Machado C Yainer Diaz OF Zach McKinstry OF Riley Greene OF Max Clark P Drew Rasmussen P Roki Sasaki SS Kevin McGonigle,,,
183,5210767584,PackersFan725,0,101.55,1B Tim Tawa 2B Jake Cronenworth 3B Nolan Arenado C Luis Campusano OF Shohei Ohtani OF Riley Greene OF Max Clark P Drew Rasmussen P Logan Gilbert SS Javier Baez,,,
183,5210892826,Fedor73,0,101.55,1B Spencer Torkelson 2B Hao-Yu Lee 3B Max Muncy C Hunter Feduccia OF Zach McKinstry OF Andy Pages OF Max Clark P Drew Rasmussen P Logan Gilbert SS Mookie Betts,,,
183,5211454774,RAYVENZ52,0,101.55,1B Christian Walker 2B Jose Altuve 3B Isaac Paredes C Yainer Diaz OF Luis Rengifo OF Gavin Sheets OF Jackson Merrill P Drew Rasmussen P Logan Gilbert SS Sung-Mun Song,,,
186,5211462470,mcgee5555,0,101.399994,1B Tim Tawa 2B Jake Cronenworth 3B Nolan Arenado C Gabriel Moreno OF Shohei Ohtani OF Andy Pages OF Jackson Merrill P Robbie Ray P Drew Rasmussen SS Christian Koss,,,
187,5211477212,shanewik,0,101.049995,1B Yandy Diaz 2B Jake Cronenworth 3B Isaac Paredes C Gabriel Moreno OF Kyle Tucker OF Dominic Canzone OF Andy Pages P Drew Rasmussen P Keider Montero SS Geraldo Perdomo,,,
188,5211143715,14PeteRose14,0,100.85,1B Christian Walker 2B Jake Cronenworth 3B Kevin McGonigle C Liam Hicks OF Teoscar Hernandez OF Shohei Ohtani OF Zach McKinstry P Drew Rasmussen P Roki Sasaki SS Mookie Betts,,,
188,5211463066,justinmoser2,0,100.85,1B Christian Walker 2B Jose Altuve 3B Colt Keith C Hunter Feduccia OF Yordan Alvarez OF Jackson Merrill OF Max Clark P Drew Rasmussen P Roki Sasaki SS Jeremy Pena,,,
188,5211537377,bwalktothis27,0,100.85,1B Christian Walker 2B Osleivis Basabe 3B Kevin McGonigle C Dillon Dingler OF Shohei Ohtani OF Zach McKinstry OF Max Clark P Drew Rasmussen P Roki Sasaki SS Javier Baez,,,
191,5211538194,slp_is_for_the_rich,0,100.65,1B Rafael Devers 2B Jose Altuve 3B Junior Caminero C Yainer Diaz OF Fernando Tatis Jr. OF Jung Hoo Lee OF Jackson Merrill P Merrill Kelly P Roki Sasaki SS Xander Bogaerts,,,
192,5211451890,gwpsr,0,100.55,1B Christian Walker 2B Jake Cronenworth 3B Isaac Paredes C Daniel Susac OF Shohei Ohtani OF Gavin Sheets OF Grant McCray P Drew Rasmussen P Logan Gilbert SS Willy Adames,,,
192,5211527144,Hanz2525,0,100.55,1B Shohei Ohtani 2B Osleivis Basabe 3B Kevin McGonigle C Hunter Feduccia OF Andy Pages OF Grant McCray OF Max Clark P Drew Rasmussen P Logan Gilbert SS Javier Baez,,,
194,5211302032,UniversalFriend,0,100.5,1B Spencer Torkelson 2B Jake Cronenworth 3B Junior Caminero C Liam Hicks OF Jonny DeLuca OF Victor Mesa Jr. OF Chandler Simpson P Merrill Kelly P Drew Rasmussen SS Javier Baez,,,
195,5210934360,godfatherofgainz,0,100.399994,1B Rafael Devers 2B Gleyber Torres 3B Colt Keith C Gabriel Moreno OF Zach McKinstry OF Andy Pages OF Riley Greene P Robbie Ray P Drew Rasmussen SS Willy Adames,,,
195,5210937464,joejoe113,0,100.399994,1B Rafael Devers 2B Jake Cronenworth 3B Colt Keith C Dillon Dingler OF Kyle Tucker OF Zach McKinstry OF Andy Pages P Robbie Ray P Drew Rasmussen SS Kevin McGonigle,,,
197,5211521781,1971eagle,0,100.25,1B Rafael Devers 2B Jake Cronenworth 3B Sung-Mun Song C Luis Campusano OF Fernando Tatis Jr. OF Julio Rodriguez OF Jackson Merrill P Robbie Ray P Logan Gilbert SS Javier Baez,,,
198,5210955115,Magic02506,0,100.05,1B Tim Tawa 2B Gleyber Torres 3B Colt Keith C Dillon Dingler OF Kyle Tucker OF Riley Greene OF Ryan Waldschmidt P Drew Rasmussen P Keider Montero SS Kevin McGonigle,,,
199,5211381139,FlutieFlakes84,0,99.9,1B Spencer Torkelson 2B Jake Cronenworth 3B Kevin McGonigle C Cal Raleigh OF Julio Rodriguez OF Riley Greene OF Jackson Merrill P Keider Montero P Logan Gilbert SS Colt Emerson,,,
200,5211045827,Hanner489,0,99.85,1B Jonathan Aranda 2B Jake Cronenworth 3B Junior Caminero C Hunter Feduccia OF Shohei Ohtani OF Victor Mesa Jr. OF Chandler Simpson P Drew Rasmussen P Roki Sasaki SS Taylor Walls,,,
200,5211265679,nolepole,0,99.85,1B Spencer Torkelson 2B Jose Altuve 3B Colt Keith C Hunter Feduccia OF Shohei Ohtani OF Riley Greene OF Max Clark P Drew Rasmussen P Roki Sasaki SS Kevin McGonigle,,,
200,5211463707,kenmist,0,99.85,1B Christian Walker 2B Jake Cronenworth 3B Isaac Paredes C Liam Hicks OF Kyle Tucker OF Yordan Alvarez OF Chandler Simpson P Drew Rasmussen P Roki Sasaki SS Taylor Walls,,,
200,5211512221,bsoleim,0,99.85,1B Christian Walker 2B Jose Altuve 3B Kevin McGonigle C Dillon Dingler OF Kyle Tucker OF Riley Greene OF Max Clark P Drew Rasmussen P Roki Sasaki SS Javier Baez,,,
200,5211530316,charliekoecheler,0,99.85,1B Spencer Torkelson 2B Jose Altuve 3B Colt Keith C Luis Campusano OF Shohei Ohtani OF Kyle Tucker OF Jackson Merrill P Drew Rasmussen P Roki Sasaki SS Taylor Walls,,,
200,5211534849,Marsharks,0,99.85,1B Freddie Freeman 2B Jake Cronenworth 3B Max Muncy C Hunter Feduccia OF Kyle Tucker OF Jonny DeLuca OF Riley Greene P Drew Rasmussen P Roki Sasaki SS Willy Adames,,,
200,5211566463,jc000000,0,99.85,1B Shohei Ohtani 2B Jake Cronenworth 3B Colt Keith C Yainer Diaz OF Fernando Tatis Jr. OF Jung Hoo Lee OF Victor Mesa Jr. P Drew Rasmussen P Roki Sasaki SS Javier Baez,,,
207,5211568269,slwalker1967,0,99.7,1B Rafael Devers 2B Jose Altuve 3B Kevin McGonigle C Daniel Susac OF Luis Rengifo OF Kyle Tucker OF Julio Rodriguez P Logan Gilbert P Roki Sasaki SS Xander Bogaerts,,,
208,5210815302,lichter17,0,99.399994,1B Bryce Eldridge 2B Osleivis Basabe 3B Manny Machado C Luis Campusano OF Fernando Tatis Jr. OF Jung Hoo Lee OF Jackson Merrill P Robbie Ray P Drew Rasmussen SS Christian Koss,,,
208,5211218754,Ibn1031,0,99.399994,1B Spencer Torkelson 2B Gleyber Torres 3B Kevin McGonigle C Hunter Feduccia OF Zach McKinstry OF Andy Pages OF Riley Greene P Robbie Ray P Drew Rasmussen SS Mookie Betts,,,
208,5211450475,tmangan60,0,99.399994,1B Rafael Devers 2B Jake Cronenworth 3B Nolan Arenado C Dillon Dingler OF Teoscar Hernandez OF Jung Hoo Lee OF Max Clark P Robbie Ray P Drew Rasmussen SS Kevin McGonigle,,,
211,5211326723,VMike93,0,99.2,1B Rafael Devers 2B Ketel Marte 3B Kevin McGonigle C Liam Hicks OF Randy Arozarena OF Andy Pages OF Corbin Carroll P Merrill Kelly P Adrian Houser SS Geraldo Perdomo,,,
211,5211562890,mguay1985,0,99.2,1B Liam Hicks 2B Jake Cronenworth 3B Kevin McGonigle C Gabriel Moreno OF Yordan Alvarez OF Julio Rodriguez OF Jackson Merrill P Keider Montero P Roki Sasaki SS Colt Emerson,,,
213,5211345597,Quinzon,0,99.05,1B Bryce Eldridge 2B Jake Cronenworth 3B Kevin McGonigle C Dillon Dingler OF Riley Greene OF Jackson Merrill OF Ryan Waldschmidt P Drew Rasmussen P Keider Montero SS Javier Baez,,,
213,5211542082,JaredCenal123,0,99.05,1B Shohei Ohtani 2B Jose Altuve 3B Kevin McGonigle C Hunter Feduccia OF Kyle Tucker OF Zach McKinstry OF Riley Greene P Drew Rasmussen P Ronel Blanco SS Geraldo Perdomo,,,
215,5211192541,Jamie7474,0,98.85,1B Rafael Devers 2B Jose Altuve 3B Nolan Arenado C Eduardo Valencia OF Luis Rengifo OF Taylor Ward OF Riley Greene P Drew Rasmussen P Roki Sasaki SS Mookie Betts,,,
215,5211497009,Deez7469,0,98.85,1B Shohei Ohtani 2B Gleyber Torres 3B Kevin McGonigle C Hunter Feduccia OF Kyle Tucker OF Andy Pages OF Max Clark P Drew Rasmussen P Roki Sasaki SS Christian Koss,,,
215,5211568983,shelbyrobin,0,98.85,1B Jonathan Aranda 2B Jake Cronenworth 3B Colt Keith C Liam Hicks OF Shohei Ohtani OF Riley Greene OF Grant McCray P Drew Rasmussen P Roki Sasaki SS Kevin McGonigle,,,
218,5211181833,TheoTruthDFS,0,98.75,1B Josh Naylor 2B Jose Altuve 3B Nolan Arenado C Cal Raleigh OF Kyle Tucker OF Julio Rodriguez OF Cam Smith P Robbie Ray P Keider Montero SS Sung-Mun Song,,,
219,5210705578,BFreeman,0,98.55,1B Shohei Ohtani 2B Jake Cronenworth 3B Colt Keith C Hunter Feduccia OF Kyle Tucker OF Zach McKinstry OF Riley Greene P Drew Rasmussen P Logan Gilbert SS Geraldo Perdomo,,,
219,5211351108,Xsanguinate,0,98.55,1B Shohei Ohtani 2B Jose Altuve 3B Kevin McGonigle C Hunter Feduccia OF Jung Hoo Lee OF Lars Nootbaar OF Grant McCray P Drew Rasmussen P Logan Gilbert SS Javier Baez,,,
219,5211414158,Chili77,0,98.55,1B Christian Walker 2B Jake Cronenworth 3B Colt Keith C Gabriel Moreno OF Lars Nootbaar OF Riley Greene OF Max Clark P Drew Rasmussen P Logan Gilbert SS Kevin McGonigle,,,
219,5211494403,bake86,0,98.55,1B Rafael Devers 2B Gleyber Torres 3B Nolan Arenado C Daniel Susac OF Teoscar Hernandez OF Jung Hoo Lee OF Max Clark P Drew Rasmussen P Logan Gilbert SS Xander Bogaerts,,,
219,5211578797,Epignosis,0,98.55,1B Christian Walker 2B Jake Cronenworth 3B Colt Keith C Gabriel Moreno OF Lars Nootbaar OF Riley Greene OF Max Clark P Drew Rasmussen P Logan Gilbert SS Kevin McGonigle,,,
224,5210925446,dadsdawgs,0,98.399994,1B Shohei Ohtani 2B Jake Cronenworth 3B Sung-Mun Song C Liam Hicks OF Fernando Tatis Jr. OF Dominic Canzone OF Jackson Merrill P Adrian Houser P Drew Rasmussen SS Taylor Walls,,,
224,5211333764,LarryA13,0,98.399994,1B Shohei Ohtani 2B Osleivis Basabe 3B Kevin McGonigle C Liam Hicks OF Gavin Sheets OF Max Clark OF Ryan Waldschmidt P Robbie Ray P Drew Rasmussen SS Willy Adames,,,
224,5211463724,leopard1,0,98.399994,1B Rafael Devers 2B Jake Cronenworth 3B Kevin McGonigle C Dillon Dingler OF Luis Rengifo OF Jung Hoo Lee OF Ryan Waldschmidt P Robbie Ray P Drew Rasmussen SS Xander Bogaerts,,,
224,5211492738,dominicsc,0,98.399994,1B Spencer Torkelson 2B Jake Cronenworth 3B Kevin McGonigle C Luis Campusano OF Kyle Tucker OF Andy Pages OF Max Clark P Robbie Ray P Drew Rasmussen SS Mookie Betts,,,
224,5211581479,cfoss92,0,98.399994,1B Rafael Devers 2B Jake Cronenworth 3B Kevin McGonigle C Daniel Susac OF Shohei Ohtani OF Zach McKinstry OF Andy Pages P Robbie Ray P Drew Rasmussen SS Sung-Mun Song,,,
229,5211539021,cpee15,0,98.05,1B Shohei Ohtani 2B Jose Altuve 3B Isaac Paredes C Gabriel Moreno OF Teoscar Hernandez OF Kyle Tucker OF Tim Tawa P Drew Rasmussen P Ronel Blanco SS Geraldo Perdomo,,,
230,5211090140,Mr.Jay17,0,97.85,1B Shohei Ohtani 2B Osleivis Basabe 3B Colt Keith C Dillon Dingler OF Javier Baez OF Zach McKinstry OF Jung Hoo Lee P Drew Rasmussen P Roki Sasaki SS Kevin McGonigle,,,
230,5211174286,dirtbag02,0,97.85,1B Christian Walker 2B Jose Altuve 3B Colt Keith C Gabriel Moreno OF Shohei Ohtani OF Jung Hoo Lee OF Max Clark P Drew Rasmussen P Roki Sasaki SS Mookie Betts,,,
230,5211468130,greendose,0,97.85,1B Freddie Freeman 2B Ketel Marte 3B Kevin McGonigle C Hunter Feduccia OF Javier Baez OF Zach McKinstry OF Andy Pages P Drew Rasmussen P Roki Sasaki SS Jeremy Pena,,,
233,5211167830,Dubbzz,0,97.55,1B Freddie Freeman 2B Tommy Edman 3B Junior Caminero C Hunter Feduccia OF Shohei Ohtani OF Jung Hoo Lee OF Andy Pages P Adrian Houser P Roki Sasaki SS Willy Adames,,,
233,5211168701,asplenjr,0,97.55,1B Bryce Eldridge 2B Osleivis Basabe 3B Colt Keith C Gabriel Moreno OF Teoscar Hernandez OF Kyle Tucker OF Jung Hoo Lee P Drew Rasmussen P Logan Gilbert SS Geraldo Perdomo,,,
235,5211296595,kingurbanos,0,97.399994,1B Tim Tawa 2B Jake Cronenworth 3B Max Muncy C Luis Campusano OF Shohei Ohtani OF Kyle Tucker OF Ryan Waldschmidt P Robbie Ray P Drew Rasmussen SS Geraldo Perdomo,,,
235,5211308789,rybutts13,0,97.399994,1B Freddie Freeman 2B Jake Cronenworth 3B Max Muncy C Luis Campusano OF Luis Rengifo OF Andy Pages OF Jackson Merrill P Adrian Houser P Drew Rasmussen SS Mookie Betts,,,
235,5211519010,legggggggggy,0,97.399994,1B Jonathan Aranda 2B Osleivis Basabe 3B Colt Keith C Gabriel Moreno OF Fernando Tatis Jr. OF Tim Tawa OF Chandler Simpson P Robbie Ray P Drew Rasmussen SS Mookie Betts,,,
238,5211577765,niners24boom,0,97.2,1B Bryce Eldridge 2B Osleivis Basabe 3B Isaac Paredes C Dillon Dingler OF Yordan Alvarez OF Lars Nootbaar OF Andy Pages P Keider Montero P Roki Sasaki SS Geraldo Perdomo,,,
239,5211566705,M4dya,0,97.1,1B Jonathan Aranda 2B Jose Altuve 3B Nolan Arenado C Liam Hicks OF Randy Arozarena OF Yordan Alvarez OF Jackson Merrill P Robbie Ray P Adrian Houser SS Willy Adames,,,
240,5211330717,R42799,0,97.05,1B Spencer Torkelson 2B Jake Cronenworth 3B Colt Keith C Liam Hicks OF Teoscar Hernandez OF Andy Pages OF Riley Greene P Drew Rasmussen P Keider Montero SS Kevin McGonigle,,,
240,5211531897,dogsunder,0,97.05,1B Freddie Freeman 2B Osleivis Basabe 3B Nolan Arenado C Gabriel Moreno OF Yordan Alvarez OF Jake Meyers OF Jonny DeLuca P Drew Rasmussen P Ronel Blanco SS Javier Baez,,,
240,5211549720,beilby,0,97.05,1B Liam Hicks 2B Osleivis Basabe 3B Nolan Arenado C Hunter Feduccia OF Shohei Ohtani OF Jonny DeLuca OF Max Clark P Drew Rasmussen P Keider Montero SS Jeremy Pena,,,
240,5211515233,Bobbergonzo,0,97.049995,1B Christian Walker 2B Jake Cronenworth 3B Kevin McGonigle C Hunter Feduccia OF Javier Baez OF Shohei Ohtani OF Jackson Merrill P Drew Rasmussen P Keider Montero SS Mookie Betts,,,
244,5211365256,soonerdallas,0,96.9,1B Freddie Freeman 2B Jose Altuve 3B Max Muncy C Hunter Feduccia OF Jake Meyers OF Andy Pages OF Cam Smith P Ronel Blanco P Logan Gilbert SS Jeremy Pena,,,
245,5210616443,artdz95,0,96.85,1B Bryce Eldridge 2B Gleyber Torres 3B Kevin McGonigle C Daniel Susac OF Shohei Ohtani OF Zach McKinstry OF Max Clark P Drew Rasmussen P Roki Sasaki SS Willy Adames,,,
245,5210892782,bkbball22,0,96.85,1B Jonathan Aranda 2B Jose Altuve 3B Christian Koss C Dillon Dingler OF Javier Baez OF Yordan Alvarez OF Max Clark P Drew Rasmussen P Roki Sasaki SS Mookie Betts,,,
245,5211443022,broncomaniac2015,0,96.85,1B Shohei Ohtani 2B Osleivis Basabe 3B Max Muncy C Hunter Feduccia OF Kyle Tucker OF Zach McKinstry OF Jackson Merrill P Drew Rasmussen P Roki Sasaki SS Mookie Betts,,,
245,5211470057,dillmaak2022,0,96.85,1B Bryce Eldridge 2B Osleivis Basabe 3B Colt Keith C Dillon Dingler OF Shohei Ohtani OF Jung Hoo Lee OF Drew Gilbert P Drew Rasmussen P Roki Sasaki SS Willy Adames,,,
245,5211532213,mackman1995,0,96.85,1B Freddie Freeman 2B Jake Cronenworth 3B Max Muncy C Luis Campusano OF Gavin Sheets OF Kyle Tucker OF Jackson Merrill P Drew Rasmussen P Roki Sasaki SS Willy Adames,,,
245,5211559619,nickwesterheide,0,96.85,1B Christian Walker 2B Jose Altuve 3B Kevin McGonigle C Dillon Dingler OF Teoscar Hernandez OF Javier Baez OF Kyle Tucker P Drew Rasmussen P Roki Sasaki SS Mookie Betts,,,
245,5211578766,Golf540,0,96.85,1B Yandy Diaz 2B Osleivis Basabe 3B Christian Koss C Liam Hicks OF Yordan Alvarez OF Grant McCray OF Jackson Merrill P Drew Rasmussen P Roki Sasaki SS Kevin McGonigle,,,
252,5211510718,Mightbewrong33,0,96.7,1B Spencer Torkelson 2B Jake Cronenworth 3B Kevin McGonigle C Dillon Dingler OF Jung Hoo Lee OF Dominic Canzone OF Max Clark P Logan Gilbert P Roki Sasaki SS Geraldo Perdomo,,,
252,5211548238,Deondree,0,96.7,1B Josh Naylor 2B Jose Altuve 3B Colt Keith C Luis Campusano OF Fernando Tatis Jr. OF Dominic Canzone OF Julio Rodriguez P Logan Gilbert P Roki Sasaki SS Mookie Betts,,,
254,5211476682,Jbarrin3,0,96.55,1B Bryce Eldridge 2B Osleivis Basabe 3B Manny Machado C Luis Campusano OF Fernando Tatis Jr. OF Jung Hoo Lee OF Jackson Merrill P Robbie Ray P Roki Sasaki SS Willy Adames,,,
255,5211173919,Tbit79,0,96.399994,1B Rafael Devers 2B Tommy Edman 3B Max Muncy C Hunter Feduccia OF Teoscar Hernandez OF Andy Pages OF Max Clark P Robbie Ray P Drew Rasmussen SS Geraldo Perdomo,,,
255,5211530967,krism1956,0,96.399994,1B Jonathan Aranda 2B Osleivis Basabe 3B Kevin McGonigle C Hunter Feduccia OF Teoscar Hernandez OF Shohei Ohtani OF Andy Pages P Robbie Ray P Drew Rasmussen SS Javier Baez,,,
257,5211480583,siahbabedblsiah,0,96.25,1B Shohei Ohtani 2B Jake Cronenworth 3B Nolan Arenado C Liam Hicks OF Julio Rodriguez OF Tim Tawa OF Ryan Waldschmidt P Robbie Ray P Logan Gilbert SS Xander Bogaerts,,,
258,5210825963,hpoza8,0,96.2,1B Ty France 2B Jose Altuve 3B Junior Caminero C Liam Hicks OF Fernando Tatis Jr. OF Ryan Vilade OF Cam Smith P Robbie Ray P Merrill Kelly SS Kevin McGonigle,,,
258,5211188382,STEELinthegame,0,96.2,1B Freddie Freeman 2B Jose Altuve 3B Max Muncy C Yainer Diaz OF Dominic Canzone OF Julio Rodriguez OF Cam Smith P Keider Montero P Roki Sasaki SS Mookie Betts,,,
258,5211358347,62caddyconvert,0,96.2,1B Jonathan Aranda 2B Jose Altuve 3B Isaac Paredes C Liam Hicks OF Yordan Alvarez OF Chandler Simpson OF Ryan Waldschmidt P Keider Montero P Roki Sasaki SS Jeremy Pena,,,
258,5211518966,edble1977,0,96.2,1B Christian Walker 2B Jake Cronenworth 3B Isaac Paredes C Dillon Dingler OF Fernando Tatis Jr. OF Riley Greene OF Max Clark P Keider Montero P Roki Sasaki SS Kevin McGonigle,,,
262,5211541344,ltfmanager,0,96.049995,1B Jonathan Aranda 2B Jose Altuve 3B Colt Keith C Dillon Dingler OF Javier Baez OF Jonny DeLuca OF Riley Greene P Drew Rasmussen P Keider Montero SS Mookie Betts,,,
263,5211255854,SnowGoon99,0,95.85,1B Shohei Ohtani 2B Jake Cronenworth 3B Colt Keith C Daniel Susac OF Jung Hoo Lee OF Andy Pages OF Riley Greene P Drew Rasmussen P Roki Sasaki SS Mookie Betts,,,
263,5211507532,InsideInfo,0,95.85,1B Shohei Ohtani 2B Jake Cronenworth 3B Manny Machado C Luis Campusano OF Teoscar Hernandez OF Zach McKinstry OF Dominic Canzone P Drew Rasmussen P Roki Sasaki SS Kevin McGonigle,,,
263,5211507867,codyreich1,0,95.85,1B Christian Walker 2B Jake Cronenworth 3B Colt Keith C Liam Hicks OF Teoscar Hernandez OF Yordan Alvarez OF Max Clark P Drew Rasmussen P Roki Sasaki SS Kevin McGonigle,,,
263,5211531202,Dillonator03,0,95.85,1B Shohei Ohtani 2B Gleyber Torres 3B Kevin McGonigle C Hunter Feduccia OF Kyle Tucker OF Zach McKinstry OF Max Clark P Drew Rasmussen P Roki Sasaki SS Mookie Betts,,,
263,5211561009,cookiesox48,0,95.85,1B Shohei Ohtani 2B Jake Cronenworth 3B Isaac Paredes C Daniel Susac OF Gavin Sheets OF Andy Pages OF Drew Gilbert P Drew Rasmussen P Roki Sasaki SS Jeremy Pena,,,
268,5210893583,sbrown111,0,95.7,1B Rafael Devers 2B Jose Altuve 3B Max Muncy C Liam Hicks OF Shohei Ohtani OF Zach McKinstry OF Ryan Waldschmidt P Logan Gilbert P Roki Sasaki SS Colt Emerson,,,
269,5211496815,buckwheat29,0,95.55,1B Spencer Torkelson 2B Osleivis Basabe 3B Kevin McGonigle C Dillon Dingler OF Riley Greene OF Grant McCray OF Max Clark P Drew Rasmussen P Logan Gilbert SS Christian Koss,,,
270,5210945541,mkirwin12,0,95.399994,1B Rafael Devers 2B Jake Cronenworth 3B Manny Machado C Dillon Dingler OF Jung Hoo Lee OF Grant McCray OF Drew Gilbert P Robbie Ray P Drew Rasmussen SS Kevin McGonigle,,,
271,5211338606,EPSON14,0,95.2,1B Jonathan Aranda 2B Cole Young 3B Isaac Paredes C Dillon Dingler OF Javier Baez OF Fernando Tatis Jr. OF Max Clark P Keider Montero P Roki Sasaki SS Kevin McGonigle,,,
272,5211241049,rcarena,0,95.05,1B Christian Walker 2B Gleyber Torres 3B Kevin McGonigle C Dillon Dingler OF Riley Greene OF Tim Tawa OF Max Clark P Drew Rasmussen P Keider Montero SS Taylor Walls,,,
272,5211286045,whitey141414,0,95.05,1B Christian Walker 2B Jake Cronenworth 3B Kevin McGonigle C Dillon Dingler OF Teoscar Hernandez OF Riley Greene OF Jackson Merrill P Drew Rasmussen P Keider Montero SS Sung-Mun Song,,,
272,5211507449,brandonwiseguy7,0,95.05,1B Spencer Torkelson 2B Jose Altuve 3B Colt Keith C Gabriel Moreno OF Luis Rengifo OF Jackson Merrill OF Max Clark P Drew Rasmussen P Keider Montero SS Kevin McGonigle,,,
272,5211532601,Adols9,0,95.05,1B Shohei Ohtani 2B Jose Altuve 3B Colt Keith C Yainer Diaz OF Teoscar Hernandez OF Kyle Tucker OF Cam Smith P Drew Rasmussen P Keider Montero SS Jeremy Pena,,,
272,5210924704,browns1234,0,95.049995,1B Jonathan Aranda 2B Jake Cronenworth 3B Kevin McGonigle C Dillon Dingler OF Javier Baez OF Jackson Merrill OF Chandler Simpson P Drew Rasmussen P Keider Montero SS Taylor Walls,,,
272,5211295655,Beastcall,0,95.049995,1B Jonathan Aranda 2B Gleyber Torres 3B Sung-Mun Song C Dillon Dingler OF Teoscar Hernandez OF Jung Hoo Lee OF Chandler Simpson P Drew Rasmussen P Keider Montero SS Geraldo Perdomo,,,
278,5211339723,RLS123,0,94.85,1B Shohei Ohtani 2B Jose Altuve 3B Kevin McGonigle C Hunter Feduccia OF Jung Hoo Lee OF Chandler Simpson OF Max Clark P Drew Rasmussen P Roki Sasaki SS Xander Bogaerts,,,
278,5211417482,Jlazy31,0,94.85,1B Liam Hicks 2B Osleivis Basabe 3B Kevin McGonigle C Hunter Feduccia OF Teoscar Hernandez OF Shohei Ohtani OF Kyle Tucker P Drew Rasmussen P Roki Sasaki SS Mookie Betts,,,
278,5211454448,ajmccann,0,94.85,1B Bryce Eldridge 2B Osleivis Basabe 3B Kevin McGonigle C Liam Hicks OF Teoscar Hernandez OF Jackson Merrill OF Max Clark P Drew Rasmussen P Roki Sasaki SS Jeremy Pena,,,
278,5211480581,walkdaddy8,0,94.85,1B Christian Walker 2B Jake Cronenworth 3B Max Muncy C Dillon Dingler OF Lars Nootbaar OF Riley Greene OF Jackson Merrill P Drew Rasmussen P Roki Sasaki SS Sung-Mun Song,,,
278,5211519013,gmull73,0,94.85,1B Shohei Ohtani 2B Osleivis Basabe 3B Colt Keith C Hunter Feduccia OF Jung Hoo Lee OF Corbin Carroll OF Jackson Merrill P Drew Rasmussen P Roki Sasaki SS Mookie Betts,,,
278,5211535231,rapdixon,0,94.85,1B Jonathan Aranda 2B Jake Cronenworth 3B Yandy Diaz C Liam Hicks OF Javier Baez OF Luis Rengifo OF Riley Greene P Drew Rasmussen P Roki Sasaki SS Kevin McGonigle,,,
278,5211580234,Gronkdestroys,0,94.85,1B Shohei Ohtani 2B Jake Cronenworth 3B Kevin McGonigle C Dillon Dingler OF Zach McKinstry OF Riley Greene OF Max Clark P Drew Rasmussen P Roki Sasaki SS Colt Emerson,,,
278,5211581489,LionKing1957,0,94.85,1B Christian Walker 2B Jose Altuve 3B Colt Keith C Dillon Dingler OF Kyle Tucker OF Chandler Simpson OF Max Clark P Drew Rasmussen P Roki Sasaki SS Kevin McGonigle,,,
286,5211170399,ShipMyMoney,0,94.7,1B Bryce Eldridge 2B Jake Cronenworth 3B Kevin McGonigle C Hunter Feduccia OF Shohei Ohtani OF Kyle Tucker OF Jung Hoo Lee P Logan Gilbert P Roki Sasaki SS Geraldo Perdomo,,,
287,5211251224,jsamtoy,0,94.55,1B Shohei Ohtani 2B Jake Cronenworth 3B Kevin McGonigle C Hunter Feduccia OF Zach McKinstry OF Riley Greene OF Max Clark P Drew Rasmussen P Logan Gilbert SS Javier Baez,,,
287,5211511252,luksza,0,94.55,1B Bryce Eldridge 2B Ketel Marte 3B Nolan Arenado C Hunter Feduccia OF Lars Nootbaar OF Corbin Carroll OF Grant McCray P Drew Rasmussen P Logan Gilbert SS Geraldo Perdomo,,,
287,5211545046,Barks,0,94.55,1B Bryce Eldridge 2B Tommy Edman 3B Colt Keith C Daniel Susac OF Jung Hoo Lee OF Riley Greene OF Max Clark P Drew Rasmussen P Logan Gilbert SS Willy Adames,,,
287,5211546129,AsiahRie,0,94.55,1B Bryce Eldridge 2B Ketel Marte 3B Nolan Arenado C Hunter Feduccia OF Lars Nootbaar OF Corbin Carroll OF Grant McCray P Drew Rasmussen P Logan Gilbert SS Geraldo Perdomo,,,
287,5211548296,psu7507,0,94.55,1B Christian Walker 2B Jake Cronenworth 3B Kevin McGonigle C Dillon Dingler OF Gavin Sheets OF Riley Greene OF Max Clark P Drew Rasmussen P Logan Gilbert SS Christian Koss,,,
287,5211571078,c-money1966b,0,94.55,1B Spencer Torkelson 2B Osleivis Basabe 3B Colt Keith C Dillon Dingler OF Grant McCray OF Drew Gilbert OF Max Clark P Drew Rasmussen P Logan Gilbert SS Kevin McGonigle,,,
293,5211107817,24jack,0,94.399994,1B Spencer Torkelson 2B Jake Cronenworth 3B Manny Machado C Luis Campusano OF Fernando Tatis Jr. OF Grant McCray OF Jackson Merrill P Robbie Ray P Drew Rasmussen SS Javier Baez,,,
293,5211114883,muckfondays,0,94.399994,1B Spencer Torkelson 2B Richie Palacios 3B Isaac Paredes C Dillon Dingler OF Zach McKinstry OF Andy Pages OF Riley Greene P Robbie Ray P Drew Rasmussen SS Javier Baez,,,
293,5211425139,scottaberg,0,94.399994,1B Freddie Freeman 2B Jake Cronenworth 3B Manny Machado C Hunter Feduccia OF Andy Pages OF Tim Tawa OF Jackson Merrill P Robbie Ray P Drew Rasmussen SS Xander Bogaerts,,,
293,5211512780,meyers2305,0,94.399994,1B Spencer Torkelson 2B Jake Cronenworth 3B Kevin McGonigle C Dillon Dingler OF Javier Baez OF Jung Hoo Lee OF Max Clark P Robbie Ray P Drew Rasmussen SS Willy Adames,,,
293,5211529400,miksam,0,94.399994,1B Bryce Eldridge 2B Ketel Marte 3B Junior Caminero C Gabriel Moreno OF Zach McKinstry OF Yordan Alvarez OF Grant McCray P Adrian Houser P Drew Rasmussen SS Willy Adames,,,
298,5211200479,LSC4,0,94.25,1B Spencer Torkelson 2B Jake Cronenworth 3B Isaac Paredes C Gabriel Moreno OF Javier Baez OF Fernando Tatis Jr. OF Jake Meyers P Robbie Ray P Logan Gilbert SS Geraldo Perdomo,,,
298,5211498984,cheezy,0,94.25,1B Rafael Devers 2B Gleyber Torres 3B Isaac Paredes C Daniel Susac OF Kyle Tucker OF Julio Rodriguez OF Max Clark P Robbie Ray P Logan Gilbert SS Willy Adames,,,
300,5211465360,dougiefreshinthehous,0,94.05,1B Shohei Ohtani 2B Cole Young 3B Kevin McGonigle C Cal Raleigh OF Teoscar Hernandez OF Tim Tawa OF Max Clark P Drew Rasmussen P Keider Montero SS Geraldo Perdomo,,,
300,5211077562,J-Law87,0,94.049995,1B Jonathan Aranda 2B Jose Altuve 3B Max Muncy C Liam Hicks OF Randy Arozarena OF Zach McKinstry OF Grant McCray P Drew Rasmussen P Keider Montero SS Kevin McGonigle,,,
300,5211504859,liberatemelord1,0,94.049995,1B Freddie Freeman 2B Tommy Edman 3B Nolan Arenado C Hunter Feduccia OF Shohei Ohtani OF Zach McKinstry OF Jung Hoo Lee P Drew Rasmussen P Keider Montero SS Xander Bogaerts,,,
300,5211515862,jhojacker,0,94.049995,1B Freddie Freeman 2B Jose Altuve 3B Kevin McGonigle C Yainer Diaz OF Zach McKinstry OF Jackson Merrill OF Max Clark P Drew Rasmussen P Keider Montero SS Mookie Betts,,,
304,5211487105,DavidCoppafeel,0,93.9,1B Spencer Torkelson 2B Gleyber Torres 3B Kevin McGonigle C Hunter Feduccia OF Taylor Ward OF Yordan Alvarez OF Cam Smith P Ronel Blanco P Logan Gilbert SS Javier Baez,,,
305,5210800450,rizzogizmo,0,93.85,1B Freddie Freeman 2B Jake Cronenworth 3B Manny Machado C Luis Campusano OF Teoscar Hernandez OF Kyle Tucker OF Andy Pages P Drew Rasmussen P Roki Sasaki SS Xander Bogaerts,,,
305,5211326394,Steamfitter58,0,93.85,1B Christian Walker 2B Jake Cronenworth 3B Colt Keith C Luis Campusano OF Shohei Ohtani OF Jackson Merrill OF Max Clark P Drew Rasmussen P Roki Sasaki SS Jeremy Pena,,,
305,5211437048,brick33,0,93.85,1B Bryce Eldridge 2B Jake Cronenworth 3B Colt Keith C Dillon Dingler OF Riley Greene OF Jackson Merrill OF Max Clark P Drew Rasmussen P Roki Sasaki SS Kevin McGonigle,,,
305,5211521264,Nrmprorok,0,93.85,1B Freddie Freeman 2B Jake Cronenworth 3B Sung-Mun Song C Luis Campusano OF Luis Rengifo OF Kyle Tucker OF Fernando Tatis Jr. P Drew Rasmussen P Roki Sasaki SS Mookie Betts,,,
309,5211556342,Mike246810,0,93.75,1B Liam Hicks 2B Tommy Edman 3B Isaac Paredes C Cal Raleigh OF Andy Pages OF Julio Rodriguez OF Corbin Carroll P Adrian Houser P Keider Montero SS Jeremy Pena,,,
310,5210934281,dwilliamsmma,0,93.7,1B Rafael Devers 2B Jake Cronenworth 3B Manny Machado C Daniel Susac OF Luis Rengifo OF Jung Hoo Lee OF Drew Gilbert P Logan Gilbert P Roki Sasaki SS Willy Adames,,,
310,5211533769,amarlls,0,93.7,1B Shohei Ohtani 2B Jose Altuve 3B Isaac Paredes C Hunter Feduccia OF Daulton Varsho OF Jake Meyers OF Andy Pages P Logan Gilbert P Roki Sasaki SS Jeremy Pena,,,
312,5211277123,Nomada4444,0,93.55,1B Spencer Torkelson 2B Osleivis Basabe 3B Colt Keith C Dillon Dingler OF Kyle Tucker OF Jung Hoo Lee OF Max Clark P Drew Rasmussen P Logan Gilbert SS Javier Baez,,,
313,5211269331,awilhite,0,93.399994,1B Rafael Devers 2B Osleivis Basabe 3B Kevin McGonigle C Dillon Dingler OF Jung Hoo Lee OF Riley Greene OF Max Clark P Robbie Ray P Drew Rasmussen SS Javier Baez,,,
313,5211458103,TommyLasorda,0,93.399994,1B Jonathan Aranda 2B Osleivis Basabe 3B Junior Caminero C Liam Hicks OF Javier Baez OF Kyle Tucker OF Zach McKinstry P Robbie Ray P Drew Rasmussen SS Kevin McGonigle,,,
313,5211546464,buffdaddies,0,93.399994,1B Rafael Devers 2B Osleivis Basabe 3B Colt Keith C Dillon Dingler OF Jung Hoo Lee OF Riley Greene OF Max Clark P Robbie Ray P Drew Rasmussen SS Kevin McGonigle,,,
313,5211569312,Alamanni,0,93.399994,1B Jonathan Aranda 2B Osleivis Basabe 3B Yandy Diaz C Luis Campusano OF Jung Hoo Lee OF Riley Greene OF Jackson Merrill P Robbie Ray P Drew Rasmussen SS Xander Bogaerts,,,
317,5211318363,garciagar11b,0,93.2,1B Shohei Ohtani 2B Osleivis Basabe 3B Kevin McGonigle C Dillon Dingler OF Zach McKinstry OF Andy Pages OF Jackson Merrill P Keider Montero P Roki Sasaki SS Colt Emerson,,,
317,5211559339,jagman100,0,93.2,1B Jonathan Aranda 2B Osleivis Basabe 3B Kevin McGonigle C Yainer Diaz OF Yordan Alvarez OF Andy Pages OF Max Clark P Keider Montero P Roki Sasaki SS Jeremy Pena,,,
319,5211068318,cadezane1,0,93.05,1B Bryce Eldridge 2B Gleyber Torres 3B Kevin McGonigle C Gabriel Moreno OF Corbin Carroll OF Tim Tawa OF Ryan Waldschmidt P Drew Rasmussen P Keider Montero SS Xander Bogaerts,,,
319,5211445766,SuperK1,0,93.05,1B Christian Walker 2B Osleivis Basabe 3B Isaac Paredes C Liam Hicks OF Teoscar Hernandez OF Yordan Alvarez OF Jake Meyers P Drew Rasmussen P Ronel Blanco SS Jeremy Pena,,,
321,5210873614,dcousins989,0,92.85,1B Christian Walker 2B Jake Cronenworth 3B Isaac Paredes C Yainer Diaz OF Teoscar Hernandez OF Shohei Ohtani OF Kyle Tucker P Drew Rasmussen P Roki Sasaki SS Mookie Betts,,,
321,5211380061,jakethesnake83,0,92.85,1B Christian Walker 2B Jake Cronenworth 3B Colt Keith C Dillon Dingler OF Teoscar Hernandez OF Kyle Tucker OF Andy Pages P Drew Rasmussen P Roki Sasaki SS Jeremy Pena,,,
321,5211442395,mab805us,0,92.85,1B Christian Walker 2B Richie Palacios 3B Isaac Paredes C Yainer Diaz OF Shohei Ohtani OF Yordan Alvarez OF Grant McCray P Drew Rasmussen P Roki Sasaki SS Taylor Walls,,,
321,5211444991,ajlehman10,0,92.85,1B Spencer Torkelson 2B Jake Cronenworth 3B Colt Keith C Dillon Dingler OF Teoscar Hernandez OF Kyle Tucker OF Riley Greene P Drew Rasmussen P Roki Sasaki SS Kevin McGonigle,,,
321,5211486158,kodiakdog1966,0,92.85,1B Christian Walker 2B Jake Cronenworth 3B Max Muncy C Hunter Feduccia OF Javier Baez OF Shohei Ohtani OF Kyle Tucker P Drew Rasmussen P Roki Sasaki SS Kevin McGonigle,,,
321,5211515824,kappeli,0,92.85,1B Rafael Devers 2B Tommy Edman 3B Max Muncy C Luis Campusano OF Teoscar Hernandez OF Gavin Sheets OF Kyle Tucker P Drew Rasmussen P Roki Sasaki SS Mookie Betts,,,
321,5211524643,quis414,0,92.85,1B Josh Naylor 2B Jose Altuve 3B Junior Caminero C Liam Hicks OF Kyle Tucker OF Zach McKinstry OF Riley Greene P Drew Rasmussen P Roki Sasaki SS Mookie Betts,,,
321,5211531522,3000master,0,92.85,1B Bryce Eldridge 2B Jake Cronenworth 3B Max Muncy C Hunter Feduccia OF Shohei Ohtani OF Jung Hoo Lee OF Max Clark P Drew Rasmussen P Roki Sasaki SS Kevin McGonigle,,,
321,5211533459,chindeeznuts,0,92.85,1B Yandy Diaz 2B Jake Cronenworth 3B Junior Caminero C Liam Hicks OF Gavin Sheets OF Victor Mesa Jr. OF Jackson Merrill P Drew Rasmussen P Roki Sasaki SS Taylor Walls,,,
330,5211276734,Gbox1974,0,92.75,1B Rafael Devers 2B Gleyber Torres 3B Brendan Donovan C Gabriel Moreno OF Andy Pages OF Julio Rodriguez OF Riley Greene P Robbie Ray P Keider Montero SS Geraldo Perdomo,,,
331,5211007095,playahata1,0,92.7,1B Spencer Torkelson 2B Jake Cronenworth 3B Max Muncy C Hunter Feduccia OF Andy Pages OF Riley Greene OF Max Clark P Logan Gilbert P Roki Sasaki SS Kevin McGonigle,,,
332,5211337498,Dreak01,0,92.55,1B Tim Tawa 2B Osleivis Basabe 3B Colt Keith C Hunter Feduccia OF Javier Baez OF Shohei Ohtani OF Yordan Alvarez P Drew Rasmussen P Logan Gilbert SS Colt Emerson,,,
332,5211359029,tommytrip4,0,92.55,1B Rafael Devers 2B Jose Altuve 3B Kevin McGonigle C Luis Campusano OF Luis Rengifo OF Fernando Tatis Jr. OF Tim Tawa P Robbie Ray P Roki Sasaki SS Jeremy Pena,,,
332,5211377046,billythekid29,0,92.55,1B Shohei Ohtani 2B Osleivis Basabe 3B Colt Keith C Hunter Feduccia OF Kyle Tucker OF Andy Pages OF Max Clark P Drew Rasmussen P Logan Gilbert SS Javier Baez,,,
332,5211532644,ceasar500,0,92.55,1B Shohei Ohtani 2B Osleivis Basabe 3B Yandy Diaz C Hunter Feduccia OF Zach McKinstry OF Andy Pages OF Grant McCray P Drew Rasmussen P Logan Gilbert SS Javier Baez,,,
336,5211284912,alcatraz,0,92.399994,1B Jonathan Aranda 2B Jake Cronenworth 3B Nolan Arenado C Gabriel Moreno OF Luis Rengifo OF Kyle Tucker OF Chandler Simpson P Robbie Ray P Drew Rasmussen SS Kevin McGonigle,,,
336,5211348854,justutah,0,92.399994,1B Tim Tawa 2B Jake Cronenworth 3B Sung-Mun Song C Gabriel Moreno OF Gavin Sheets OF Fernando Tatis Jr. OF Corbin Carroll P Robbie Ray P Drew Rasmussen SS Geraldo Perdomo,,,
336,5211534044,dmiller6405,0,92.399994,1B Tim Tawa 2B Ketel Marte 3B Nolan Arenado C Cal Raleigh OF Jung Hoo Lee OF Corbin Carroll OF Max Clark P Robbie Ray P Drew Rasmussen SS Geraldo Perdomo,,,
339,5211322778,JCM1183,0,92.2,1B Jonathan Aranda 2B Jose Altuve 3B Max Muncy C Hunter Feduccia OF Shohei Ohtani OF Kyle Tucker OF Julio Rodriguez P Keider Montero P Roki Sasaki SS Mookie Betts,,,
340,5211531155,bretandreski,0,92.1,1B Rafael Devers 2B Jake Cronenworth 3B Nolan Arenado C Cal Raleigh OF Shohei Ohtani OF Fernando Tatis Jr. OF Jackson Merrill P Robbie Ray P Adrian Houser SS Mookie Betts,,,
341,5211138320,vondullis,0,92.05,1B Jonathan Aranda 2B Osleivis Basabe 3B Colt Keith C Dillon Dingler OF Riley Greene OF Chandler Simpson OF Max Clark P Drew Rasmussen P Keider Montero SS Kevin McGonigle,,,
341,5211547071,wildwildwilly,0,92.05,1B Jonathan Aranda 2B Ketel Marte 3B Colt Keith C Liam Hicks OF Lars Nootbaar OF Riley Greene OF Max Clark P Drew Rasmussen P Keider Montero SS Kevin McGonigle,,,
341,5211509635,DaKidHek,0,92.049995,1B Christian Walker 2B Jake Cronenworth 3B Junior Caminero C Gabriel Moreno OF Teoscar Hernandez OF Lars Nootbaar OF Riley Greene P Drew Rasmussen P Keider Montero SS Geraldo Perdomo,,,
341,5211537177,beckynjayd,0,92.049995,1B Spencer Torkelson 2B Ketel Marte 3B Nolan Arenado C Gabriel Moreno OF Zach McKinstry OF Lars Nootbaar OF Corbin Carroll P Drew Rasmussen P Keider Montero SS Mookie Betts,,,
341,5211576707,srwolfboy777,0,92.049995,1B Christian Walker 2B Tommy Edman 3B Max Muncy C Hunter Feduccia OF Kyle Tucker OF Riley Greene OF Max Clark P Drew Rasmussen P Keider Montero SS Kevin McGonigle,,,
346,5211549227,Benzenowe,0,91.9,1B Rafael Devers 2B Jose Altuve 3B Nolan Arenado C Gabriel Moreno OF Kyle Tucker OF Lars Nootbaar OF Riley Greene P Ronel Blanco P Logan Gilbert SS Kevin McGonigle,,,
347,5211327079,rainwoman,0,91.85,1B Tim Tawa 2B Jose Altuve 3B Colt Keith C Daniel Susac OF Shohei Ohtani OF Luis Rengifo OF Fernando Tatis Jr. P Drew Rasmussen P Roki Sasaki SS Javier Baez,,,
347,5211398735,likenoah,0,91.85,1B Freddie Freeman 2B Jose Altuve 3B Max Muncy C Luis Campusano OF Luis Rengifo OF Zach McKinstry OF Max Clark P Drew Rasmussen P Roki Sasaki SS Kevin McGonigle,,,
347,5211469393,jmack8,0,91.85,1B Josh Naylor 2B Cole Young 3B Kevin McGonigle C Dillon Dingler OF Riley Greene OF Jackson Merrill OF Max Clark P Drew Rasmussen P Roki Sasaki SS Javier Baez,,,
347,5211496560,krisky,0,91.85,1B Bryce Eldridge 2B Jose Altuve 3B Colt Keith C Dillon Dingler OF Jung Hoo Lee OF Chandler Simpson OF Max Clark P Drew Rasmussen P Roki Sasaki SS Kevin McGonigle,,,
347,5211497565,joemayowilliams,0,91.85,1B Tim Tawa 2B Jose Altuve 3B Colt Keith C Dillon Dingler OF Shohei Ohtani OF Jung Hoo Lee OF Chandler Simpson P Drew Rasmussen P Roki Sasaki SS Taylor Walls,,,
347,5211501178,Birdzofprey15,0,91.85,1B Liam Hicks 2B Gleyber Torres 3B Colt Keith C Dillon Dingler OF Riley Greene OF Grant McCray OF Tim Tawa P Drew Rasmussen P Roki Sasaki SS Kevin McGonigle,,,
353,5210988701,bluester111,0,91.7,1B Shohei Ohtani 2B Jake Cronenworth 3B Kevin McGonigle C Hunter Feduccia OF Kyle Tucker OF Lars Nootbaar OF Riley Greene P Logan Gilbert P Roki Sasaki SS Geraldo Perdomo,,,
354,5210781781,mikemtz18,0,91.55,1B Bryce Eldridge 2B Jake Cronenworth 3B Manny Machado C Luis Campusano OF Luis Rengifo OF Fernando Tatis Jr. OF Grant McCray P Drew Rasmussen P Logan Gilbert SS Christian Koss,,,
354,5211466894,bnast32,0,91.55,1B Shohei Ohtani 2B Osleivis Basabe 3B Colt Keith C Hunter Feduccia OF Teoscar Hernandez OF Kyle Tucker OF Max Clark P Drew Rasmussen P Logan Gilbert SS Geraldo Perdomo,,,
354,5211467560,AEVANS1,0,91.55,1B Shohei Ohtani 2B Osleivis Basabe 3B Colt Keith C Hunter Feduccia OF Teoscar Hernandez OF Kyle Tucker OF Max Clark P Drew Rasmussen P Logan Gilbert SS Geraldo Perdomo,,,
354,5211493639,louka001,0,91.55,1B Christian Walker 2B Jake Cronenworth 3B Colt Keith C Dillon Dingler OF Zach McKinstry OF Jackson Merrill OF Chandler Simpson P Drew Rasmussen P Logan Gilbert SS Javier Baez,,,
354,5211517746,thmpr7,0,91.55,1B Bryce Eldridge 2B Jake Cronenworth 3B Colt Keith C Hunter Feduccia OF Shohei Ohtani OF Zach McKinstry OF Max Clark P Drew Rasmussen P Logan Gilbert SS Kevin McGonigle,,,
354,5211539932,brian9round,0,91.55,1B Christian Walker 2B Osleivis Basabe 3B Kevin McGonigle C Gabriel Moreno OF Shohei Ohtani OF Julio Rodriguez OF Jackson Merrill P Robbie Ray P Roki Sasaki SS Javier Baez,,,
360,5211508485,isais420,0,91.399994,1B Spencer Torkelson 2B Osleivis Basabe 3B Manny Machado C Luis Campusano OF Luis Rengifo OF Kyle Tucker OF Lars Nootbaar P Robbie Ray P Drew Rasmussen SS Kevin McGonigle,,,
360,5211579226,sadielady2154,0,91.399994,1B Rafael Devers 2B Jake Cronenworth 3B Manny Machado C Daniel Susac OF Teoscar Hernandez OF Jackson Merrill OF Max Clark P Robbie Ray P Drew Rasmussen SS Kevin McGonigle,,,
362,5211521156,jigginteam,0,91.05,1B Tim Tawa 2B Jake Cronenworth 3B Sung-Mun Song C Daniel Susac OF Shohei Ohtani OF Yordan Alvarez OF Andy Pages P Drew Rasmussen P Keider Montero SS Javier Baez,,,
362,5211287525,shellycooney0306,0,91.049995,1B Jonathan Aranda 2B Jose Altuve 3B Yandy Diaz C Liam Hicks OF Teoscar Hernandez OF Andy Pages OF Chandler Simpson P Drew Rasmussen P Keider Montero SS Taylor Walls,,,
364,5211569654,Maloney42084,0,90.850006,1B Christian Walker 2B Jose Altuve 3B Max Muncy C Dillon Dingler OF Julio Rodriguez OF Corbin Carroll OF Ryan Waldschmidt P Merrill Kelly P Keider Montero SS Mookie Betts,,,
364,5211039734,HairyBacks,0,90.85,1B Shohei Ohtani 2B Jose Altuve 3B Colt Keith C Hunter Feduccia OF Teoscar Hernandez OF Kyle Tucker OF Riley Greene P Drew Rasmussen P Roki Sasaki SS Kevin McGonigle,,,
364,5211080440,pthorpe25,0,90.85,1B Spencer Torkelson 2B Gleyber Torres 3B Sung-Mun Song C Dillon Dingler OF Gavin Sheets OF Daulton Varsho OF Riley Greene P Drew Rasmussen P Roki Sasaki SS Kevin McGonigle,,,
364,5211309870,Oscartino6,0,90.85,1B Shohei Ohtani 2B Jose Altuve 3B Colt Keith C Liam Hicks OF Yordan Alvarez OF Grant McCray OF Tim Tawa P Drew Rasmussen P Roki Sasaki SS Taylor Walls,,,
364,5211388235,kwacu,0,90.85,1B Christian Walker 2B Jose Altuve 3B Colt Keith C Yainer Diaz OF Shohei Ohtani OF Kyle Tucker OF Jake Meyers P Drew Rasmussen P Roki Sasaki SS Jeremy Pena,,,
364,5211411041,kasrpu,0,90.85,1B Freddie Freeman 2B Jose Altuve 3B Colt Keith C Hunter Feduccia OF Shohei Ohtani OF Zach McKinstry OF Jung Hoo Lee P Drew Rasmussen P Roki Sasaki SS Jeremy Pena,,,
364,5211520478,Yunghogg_Htx,0,90.85,1B Spencer Torkelson 2B Jake Cronenworth 3B Max Muncy C Dillon Dingler OF Kyle Tucker OF Grant McCray OF Max Clark P Drew Rasmussen P Roki Sasaki SS Kevin McGonigle,,,
364,5211524700,T3AMBUCKEYES,0,90.85,1B Freddie Freeman 2B Osleivis Basabe 3B Sung-Mun Song C Dillon Dingler OF Kyle Tucker OF Zach McKinstry OF Yordan Alvarez P Drew Rasmussen P Roki Sasaki SS Taylor Walls,,,
364,5211532796,geo67rge,0,90.85,1B Shohei Ohtani 2B Osleivis Basabe 3B Max Muncy C Hunter Feduccia OF Kyle Tucker OF Jung Hoo Lee OF Max Clark P Drew Rasmussen P Roki Sasaki SS Mookie Betts,,,
364,5211536311,Shamans,0,90.85,1B Bryce Eldridge 2B Jake Cronenworth 3B Kevin McGonigle C Dillon Dingler OF Shohei Ohtani OF Zach McKinstry OF Riley Greene P Drew Rasmussen P Roki Sasaki SS Christian Koss,,,
374,5211488557,Jthrill,0,90.55,1B Shohei Ohtani 2B Jake Cronenworth 3B Colt Keith C Gabriel Moreno OF Javier Baez OF Grant McCray OF Tim Tawa P Drew Rasmussen P Logan Gilbert SS Kevin McGonigle,,,
374,5211580880,tom.kingery28,0,90.55,1B Tim Tawa 2B Osleivis Basabe 3B Colt Keith C Dillon Dingler OF Shohei Ohtani OF Zach McKinstry OF Max Clark P Drew Rasmussen P Logan Gilbert SS Javier Baez,,,
376,5211311732,sdtransplant,0,90.399994,1B Liam Hicks 2B Jose Altuve 3B Max Muncy C Luis Campusano OF Jackson Merrill OF Max Clark OF Ryan Waldschmidt P Robbie Ray P Drew Rasmussen SS Mookie Betts,,,
376,5211516530,Brewhaus,0,90.399994,1B Tim Tawa 2B Tommy Edman 3B Max Muncy C Luis Campusano OF Zach McKinstry OF Riley Greene OF Jackson Merrill P Robbie Ray P Drew Rasmussen SS Mookie Betts,,,
378,5210929619,dbsuperman2110,0,90.2,1B Jonathan Aranda 2B Cole Young 3B Manny Machado C Liam Hicks OF Fernando Tatis Jr. OF Julio Rodriguez OF Chandler Simpson P Robbie Ray P Merrill Kelly SS Taylor Walls,,,
378,5211515140,wehring76,0,90.2,1B Jonathan Aranda 2B Jake Cronenworth 3B Isaac Paredes C Yainer Diaz OF Yordan Alvarez OF Andy Pages OF Max Clark P Keider Montero P Roki Sasaki SS Jeremy Pena,,,
378,5211530489,bdorrance11,0,90.2,1B Shohei Ohtani 2B Osleivis Basabe 3B Colt Keith C Gabriel Moreno OF Fernando Tatis Jr. OF Andy Pages OF Jackson Merrill P Keider Montero P Roki Sasaki SS Colt Emerson,,,
381,5210888052,pegulavill,0,90.049995,1B Jonathan Aranda 2B Jake Cronenworth 3B Junior Caminero C Liam Hicks OF Gavin Sheets OF Jackson Merrill OF Chandler Simpson P Drew Rasmussen P Keider Montero SS Sung-Mun Song,,,
381,5211313309,Rich1205,0,90.049995,1B Shohei Ohtani 2B Jake Cronenworth 3B Colt Keith C Gabriel Moreno OF Kyle Tucker OF Zach McKinstry OF Andy Pages P Drew Rasmussen P Keider Montero SS Mookie Betts,,,
381,5211411475,N.S.A,0,90.049995,1B Jonathan Aranda 2B Gleyber Torres 3B Yandy Diaz C Luis Campusano OF Yordan Alvarez OF Daulton Varsho OF Tim Tawa P Drew Rasmussen P Keider Montero SS Javier Baez,,,
384,5211550429,HappyShart,0,89.9,1B Josh Naylor 2B Osleivis Basabe 3B Isaac Paredes C Luis Campusano OF Yordan Alvarez OF Andy Pages OF Max Clark P Keider Montero P Logan Gilbert SS Mookie Betts,,,
384,5211580739,kdzo33,0,89.9,1B Christian Walker 2B Ketel Marte 3B Kevin McGonigle C Gabriel Moreno OF Zach McKinstry OF Corbin Carroll OF Ryan Waldschmidt P Ronel Blanco P Logan Gilbert SS Geraldo Perdomo,,,
386,5210984822,crristof,0,89.85,1B Bryce Eldridge 2B Osleivis Basabe 3B Junior Caminero C Liam Hicks OF Teoscar Hernandez OF Kyle Tucker OF Jung Hoo Lee P Drew Rasmussen P Roki Sasaki SS Mookie Betts,,,
386,5211196317,jppaul,0,89.85,1B Bryce Eldridge 2B Jake Cronenworth 3B Manny Machado C Hunter Feduccia OF Teoscar Hernandez OF Shohei Ohtani OF Gavin Sheets P Drew Rasmussen P Roki Sasaki SS Kevin McGonigle,,,
386,5211329776,robarge12,0,89.85,1B Christian Walker 2B Jose Altuve 3B Max Muncy C Dillon Dingler OF Javier Baez OF Daulton Varsho OF Max Clark P Drew Rasmussen P Roki Sasaki SS Kevin McGonigle,,,
389,5210861605,DNation86,0,89.7,1B Bryce Eldridge 2B Jake Cronenworth 3B Isaac Paredes C Hunter Feduccia OF Shohei Ohtani OF Kyle Tucker OF Andy Pages P Logan Gilbert P Roki Sasaki SS Mookie Betts,,,
389,5210894939,Chinlow,0,89.7,1B Tim Tawa 2B Osleivis Basabe 3B Kevin McGonigle C Gabriel Moreno OF Kyle Tucker OF Jackson Merrill OF Chandler Simpson P Logan Gilbert P Roki Sasaki SS Javier Baez,,,
389,5210969671,thundernation44,0,89.7,1B Bryce Eldridge 2B Jake Cronenworth 3B Isaac Paredes C Hunter Feduccia OF Shohei Ohtani OF Kyle Tucker OF Andy Pages P Logan Gilbert P Roki Sasaki SS Mookie Betts,,,
389,5211533248,JosephBX,0,89.7,1B Bryce Eldridge 2B Jake Cronenworth 3B Isaac Paredes C Hunter Feduccia OF Shohei Ohtani OF Kyle Tucker OF Andy Pages P Logan Gilbert P Roki Sasaki SS Mookie Betts,,,
389,5211541374,emptypockets1,0,89.7,1B Freddie Freeman 2B Jake Cronenworth 3B Isaac Paredes C Luis Campusano OF Shohei Ohtani OF Zach McKinstry OF Andy Pages P Logan Gilbert P Roki Sasaki SS Javier Baez,,,
394,5210944952,JamoDab2232,0,89.55,1B Jonathan Aranda 2B Gleyber Torres 3B Sung-Mun Song C Liam Hicks OF Zach McKinstry OF Grant McCray OF Chandler Simpson P Drew Rasmussen P Logan Gilbert SS Jeremy Pena,,,
394,5211170562,wioux,0,89.55,1B Bryce Eldridge 2B Osleivis Basabe 3B Max Muncy C Daniel Susac OF Teoscar Hernandez OF Jung Hoo Lee OF Max Clark P Drew Rasmussen P Logan Gilbert SS Willy Adames,,,
394,5211377288,Huebs,0,89.55,1B Shohei Ohtani 2B Osleivis Basabe 3B Colt Keith C Hunter Feduccia OF Javier Baez OF Kyle Tucker OF Max Clark P Drew Rasmussen P Logan Gilbert SS Kevin McGonigle,,,
397,5211488884,allfantasy42,0,89.5,1B Christian Walker 2B Gleyber Torres 3B Colt Keith C Dillon Dingler OF Kyle Tucker OF Daulton Varsho OF Riley Greene P Merrill Kelly P Drew Rasmussen SS Kevin McGonigle,,,
398,5211037728,ryjwil,0,89.399994,1B Josh Naylor 2B Osleivis Basabe 3B Kevin McGonigle C Gabriel Moreno OF Jung Hoo Lee OF Jackson Merrill OF Chandler Simpson P Robbie Ray P Drew Rasmussen SS Mookie Betts,,,
398,5211513876,JaysonHill,0,89.399994,1B Shohei Ohtani 2B Osleivis Basabe 3B Kevin McGonigle C Hunter Feduccia OF Kyle Tucker OF Max Clark OF Ryan Waldschmidt P Robbie Ray P Drew Rasmussen SS Jeremy Pena,,,
398,5211527675,Cates2019,0,89.399994,1B Bryce Eldridge 2B Osleivis Basabe 3B Junior Caminero C Daniel Susac OF Jung Hoo Lee OF Lars Nootbaar OF Jackson Merrill P Robbie Ray P Drew Rasmussen SS Willy Adames,,,
398,5211563790,kermyroxy,0,89.399994,1B Jonathan Aranda 2B Jose Altuve 3B Max Muncy C Luis Campusano OF Fernando Tatis Jr. OF Daulton Varsho OF Max Clark P Robbie Ray P Drew Rasmussen SS Colt Emerson,,,
402,5211445742,bncamp,0,89.2,1B Christian Walker 2B Jose Altuve 3B Kevin McGonigle C Liam Hicks OF Randy Arozarena OF Andy Pages OF Riley Greene P Keider Montero P Roki Sasaki SS Mookie Betts,,,
403,5211166644,patrickwad,0,89.1,1B Rafael Devers 2B Cole Young 3B Nolan Arenado C Cal Raleigh OF Shohei Ohtani OF Fernando Tatis Jr. OF Andy Pages P Robbie Ray P Adrian Houser SS Xander Bogaerts,,,
404,5211464577,rmelden,0,89.05,1B Liam Hicks 2B Osleivis Basabe 3B Kevin McGonigle C Dillon Dingler OF Andy Pages OF Riley Greene OF Max Clark P Drew Rasmussen P Ronel Blanco SS Javier Baez,,,
404,5211477798,dannyjohnson958,0,89.05,1B Freddie Freeman 2B Osleivis Basabe 3B Junior Caminero C Hunter Feduccia OF Yordan Alvarez OF Daulton Varsho OF Ryan Waldschmidt P Drew Rasmussen P Keider Montero SS Sung-Mun Song,,,
404,5210853788,nsheldon1981,0,89.049995,1B Bryce Eldridge 2B Cole Young 3B Kevin McGonigle C Dillon Dingler OF Max Kepler OF Kyle Tucker OF Max Clark P Drew Rasmussen P Keider Montero SS Geraldo Perdomo,,,
404,5211075682,jaakko,0,89.049995,1B Jonathan Aranda 2B Jake Cronenworth 3B Colt Keith C Dillon Dingler OF Riley Greene OF Chandler Simpson OF Max Clark P Drew Rasmussen P Keider Montero SS Kevin McGonigle,,,
404,5211477431,53pickup,0,89.049995,1B Christian Walker 2B Jose Altuve 3B Colt Keith C Dillon Dingler OF Javier Baez OF Kyle Tucker OF Riley Greene P Drew Rasmussen P Keider Montero SS Kevin McGonigle,,,
404,5211505848,crackers03,0,89.049995,1B Shohei Ohtani 2B Jake Cronenworth 3B Kevin McGonigle C Gabriel Moreno OF Teoscar Hernandez OF Gavin Sheets OF Max Clark P Drew Rasmussen P Keider Montero SS Geraldo Perdomo,,,
410,5211501971,gbadertscher,0,88.9,1B Shohei Ohtani 2B Osleivis Basabe 3B Kevin McGonigle C Hunter Feduccia OF Kyle Tucker OF Andy Pages OF Max Clark P Ronel Blanco P Logan Gilbert SS Geraldo Perdomo,,,
411,5211129629,GoHuskies206,0,88.85,1B Spencer Torkelson 2B Jake Cronenworth 3B Max Muncy C Dillon Dingler OF Teoscar Hernandez OF Jung Hoo Lee OF Max Clark P Drew Rasmussen P Roki Sasaki SS Mookie Betts,,,
411,5211416665,Epatrick10172020,0,88.85,1B Shohei Ohtani 2B Jake Cronenworth 3B Colt Keith C Dillon Dingler OF Zach McKinstry OF Riley Greene OF Grant McCray P Drew Rasmussen P Roki Sasaki SS Kevin McGonigle,,,
411,5211466395,RedBerts,0,88.85,1B Shohei Ohtani 2B Jake Cronenworth 3B Manny Machado C Liam Hicks OF Teoscar Hernandez OF Jung Hoo Lee OF Grant McCray P Drew Rasmussen P Roki Sasaki SS Mookie Betts,,,
411,5211489112,Apocalypse91351,0,88.85,1B Spencer Torkelson 2B Gleyber Torres 3B Colt Keith C Dillon Dingler OF Teoscar Hernandez OF Kyle Tucker OF Andy Pages P Drew Rasmussen P Roki Sasaki SS Javier Baez,,,
411,5211506747,brooks1467,0,88.85,1B Christian Walker 2B Jose Altuve 3B Max Muncy C Cal Raleigh OF Shohei Ohtani OF Kyle Tucker OF Zach McKinstry P Drew Rasmussen P Roki Sasaki SS Javier Baez,,,
411,5211540357,bestofdabest33,0,88.85,1B Rafael Devers 2B Gleyber Torres 3B Colt Keith C Dillon Dingler OF Jung Hoo Lee OF Riley Greene OF Chandler Simpson P Drew Rasmussen P Roki Sasaki SS Javier Baez,,,
411,5211565495,Bradydiggler,0,88.85,1B Freddie Freeman 2B Jake Cronenworth 3B Colt Keith C Daniel Susac OF Shohei Ohtani OF Zach McKinstry OF Fernando Tatis Jr. P Drew Rasmussen P Roki Sasaki SS Sung-Mun Song,,,
411,5211575809,HotRodTheGreat,0,88.85,1B Christian Walker 2B Osleivis Basabe 3B Colt Keith C Hunter Feduccia OF Shohei Ohtani OF Yordan Alvarez OF Grant McCray P Drew Rasmussen P Roki Sasaki SS Jeremy Pena,,,
419,5211134496,LOCNOTM,0,88.7,1B Christian Walker 2B Jose Altuve 3B Isaac Paredes C Hunter Feduccia OF Teoscar Hernandez OF Shohei Ohtani OF Jake Meyers P Logan Gilbert P Roki Sasaki SS Jeremy Pena,,,
419,5211509618,UKBK,0,88.7,1B Christian Walker 2B Jake Cronenworth 3B Isaac Paredes C Daniel Susac OF Shohei Ohtani OF Jung Hoo Lee OF Riley Greene P Logan Gilbert P Roki Sasaki SS Mookie Betts,,,
421,5211136648,postalchris,0,88.55,1B Bryce Eldridge 2B Osleivis Basabe 3B Max Muncy C Hunter Feduccia OF Shohei Ohtani OF Andy Pages OF Julio Rodriguez P Robbie Ray P Roki Sasaki SS Geraldo Perdomo,,,
421,5211138724,cjm419,0,88.55,1B Bryce Eldridge 2B Osleivis Basabe 3B Kevin McGonigle C Hunter Feduccia OF Max Kepler OF Shohei Ohtani OF Max Clark P Drew Rasmussen P Logan Gilbert SS Javier Baez,,,
421,5211483138,cmacke103,0,88.55,1B Tim Tawa 2B Osleivis Basabe 3B Sung-Mun Song C Hunter Feduccia OF Shohei Ohtani OF Riley Greene OF Corbin Carroll P Drew Rasmussen P Logan Gilbert SS Christian Koss,,,
421,5211559361,un_inc57,0,88.55,1B Jonathan Aranda 2B Richie Palacios 3B Junior Caminero C Hunter Feduccia OF Fernando Tatis Jr. OF Victor Mesa Jr. OF Jackson Merrill P Robbie Ray P Roki Sasaki SS Xander Bogaerts,,,
425,5211523805,jmarchi,0,88.399994,1B Bryce Eldridge 2B Osleivis Basabe 3B Kevin McGonigle C Dillon Dingler OF Kyle Tucker OF Lars Nootbaar OF Max Clark P Robbie Ray P Drew Rasmussen SS Geraldo Perdomo,,,
426,5210922598,Fuzz988,0,88.25,1B Rafael Devers 2B Cole Young 3B Brendan Donovan C Cal Raleigh OF Jung Hoo Lee OF Dominic Canzone OF Julio Rodriguez P Robbie Ray P Logan Gilbert SS Willy Adames,,,
427,5211367911,Bholm2323,0,88.05,1B Tim Tawa 2B Osleivis Basabe 3B Junior Caminero C Dillon Dingler OF Teoscar Hernandez OF Lars Nootbaar OF Daulton Varsho P Drew Rasmussen P Keider Montero SS Kevin McGonigle,,,
427,5211510774,ohhello,0,88.05,1B Spencer Torkelson 2B Ketel Marte 3B Kevin McGonigle C Luis Campusano OF Teoscar Hernandez OF Victor Mesa Jr. OF Chandler Simpson P Drew Rasmussen P Keider Montero SS Javier Baez,,,
427,5211580142,FantasyGOAT01,0,88.05,1B Spencer Torkelson 2B Tommy Edman 3B Colt Keith C Hunter Feduccia OF Javier Baez OF Shohei Ohtani OF Kyle Tucker P Drew Rasmussen P Keider Montero SS Kevin McGonigle,,,
427,5211315877,tbf129,0,88.049995,1B Freddie Freeman 2B Jose Altuve 3B Isaac Paredes C Hunter Feduccia OF Javier Baez OF Yordan Alvarez OF Max Clark P Drew Rasmussen P Keider Montero SS Mookie Betts,,,
427,5211532341,brewerswin,0,88.049995,1B Freddie Freeman 2B Jose Altuve 3B Max Muncy C Hunter Feduccia OF Teoscar Hernandez OF Jackson Merrill OF Max Clark P Drew Rasmussen P Keider Montero SS Geraldo Perdomo,,,
432,5211545357,Shazzam47,0,87.850006,1B Spencer Torkelson 2B Jake Cronenworth 3B Kevin McGonigle C Dillon Dingler OF Gavin Sheets OF Fernando Tatis Jr. OF Jackson Merrill P Merrill Kelly P Keider Montero SS Xander Bogaerts,,,
432,5210976450,lilhulk,0,87.85,1B Liam Hicks 2B Jose Altuve 3B Kevin McGonigle C Yainer Diaz OF Teoscar Hernandez OF Randy Arozarena OF Jung Hoo Lee P Drew Rasmussen P Roki Sasaki SS Xander Bogaerts,,,
432,5211147188,TheCreepers1969,0,87.85,1B Shohei Ohtani 2B Gleyber Torres 3B Colt Keith C Hunter Feduccia OF Javier Baez OF Andy Pages OF Riley Greene P Drew Rasmussen P Roki Sasaki SS Mookie Betts,,,
432,5211398325,eisenjas,0,87.85,1B Jonathan Aranda 2B Tommy Edman 3B Junior Caminero C Liam Hicks OF Teoscar Hernandez OF Gavin Sheets OF Chandler Simpson P Drew Rasmussen P Roki Sasaki SS Taylor Walls,,,
432,5211442667,jfing,0,87.85,1B Christian Walker 2B Jose Altuve 3B Max Muncy C Yainer Diaz OF Shohei Ohtani OF Jung Hoo Lee OF Max Clark P Drew Rasmussen P Roki Sasaki SS Javier Baez,,,
432,5211451460,nikkivincze,0,87.85,1B Christian Walker 2B Jose Altuve 3B Yandy Diaz C Daniel Susac OF Luis Rengifo OF Randy Arozarena OF Lars Nootbaar P Drew Rasmussen P Roki Sasaki SS Kevin McGonigle,,,
432,5211473313,dstang26,0,87.85,1B Shohei Ohtani 2B Osleivis Basabe 3B Max Muncy C Hunter Feduccia OF Teoscar Hernandez OF Kyle Tucker OF Max Clark P Drew Rasmussen P Roki Sasaki SS Kevin McGonigle,,,
432,5211511242,marhard,0,87.85,1B Tim Tawa 2B Jose Altuve 3B Colt Keith C Daniel Susac OF Shohei Ohtani OF Taylor Ward OF Chandler Simpson P Drew Rasmussen P Roki Sasaki SS Kevin McGonigle,,,
432,5211522624,Larry_73,0,87.85,1B Christian Walker 2B Jose Altuve 3B Yandy Diaz C Dillon Dingler OF Javier Baez OF Jackson Merrill OF Chandler Simpson P Drew Rasmussen P Roki Sasaki SS Taylor Walls,,,
432,5211527952,bama8040,0,87.85,1B Freddie Freeman 2B Jose Altuve 3B Colt Keith C Hunter Feduccia OF Shohei Ohtani OF Zach McKinstry OF Riley Greene P Drew Rasmussen P Roki Sasaki SS Mookie Betts,,,
432,5211575840,Spartan0118,0,87.85,1B Christian Walker 2B Jake Cronenworth 3B Colt Keith C Yainer Diaz OF Shohei Ohtani OF Luis Rengifo OF Kyle Tucker P Drew Rasmussen P Roki Sasaki SS Kevin McGonigle,,,
432,5211579244,124hoffman,0,87.85,1B Freddie Freeman 2B Osleivis Basabe 3B Max Muncy C Hunter Feduccia OF Shohei Ohtani OF Andy Pages OF Max Clark P Drew Rasmussen P Roki Sasaki SS Christian Koss,,,
444,5210969683,firstroundexit,0,87.7,1B Christian Walker 2B Jake Cronenworth 3B Manny Machado C Luis Campusano OF Gavin Sheets OF Riley Greene OF Jackson Merrill P Logan Gilbert P Roki Sasaki SS Jeremy Pena,,,
445,5210968342,RTSV5,0,87.55,1B Freddie Freeman 2B Osleivis Basabe 3B Colt Keith C Gabriel Moreno OF Kyle Tucker OF Zach McKinstry OF Max Clark P Drew Rasmussen P Logan Gilbert SS Mookie Betts,,,
445,5211176199,jnwallen,0,87.55,1B Bryce Eldridge 2B Osleivis Basabe 3B Max Muncy C Hunter Feduccia OF Teoscar Hernandez OF Kyle Tucker OF Jung Hoo Lee P Drew Rasmussen P Logan Gilbert SS Mookie Betts,,,
445,5211240551,Hisflower-25,0,87.55,1B Freddie Freeman 2B Osleivis Basabe 3B Kevin McGonigle C Daniel Susac OF Kyle Tucker OF Riley Greene OF Max Clark P Drew Rasmussen P Logan Gilbert SS Christian Koss,,,
445,5211434538,cw1tt,0,87.55,1B Spencer Torkelson 2B Raynel Delgado 3B Kevin McGonigle C Rodolfo Duran OF Taylor Ward OF Randy Arozarena OF Jackson Merrill P Drew Rasmussen P Logan Gilbert SS Oliver Dunn,,,
445,5211474424,Storm5,0,87.55,1B Freddie Freeman 2B Osleivis Basabe 3B Colt Keith C Hunter Feduccia OF Shohei Ohtani OF Jung Hoo Lee OF Max Clark P Drew Rasmussen P Logan Gilbert SS Sung-Mun Song,,,
450,5211250687,bobalouy,0,87.399994,1B Bryce Eldridge 2B Osleivis Basabe 3B Max Muncy C Luis Campusano OF Kyle Tucker OF Jung Hoo Lee OF Andy Pages P Robbie Ray P Drew Rasmussen SS Mookie Betts,,,
450,5211387630,bheywood,0,87.399994,1B Shohei Ohtani 2B Jake Cronenworth 3B Colt Keith C Luis Campusano OF Kyle Tucker OF Fernando Tatis Jr. OF Ryan Waldschmidt P Robbie Ray P Drew Rasmussen SS Javier Baez,,,
450,5211504590,TeamPop,0,87.399994,1B Jonathan Aranda 2B Osleivis Basabe 3B Colt Keith C Liam Hicks OF Kyle Tucker OF Randy Arozarena OF Riley Greene P Robbie Ray P Drew Rasmussen SS Willy Adames,,,
450,5211577287,Mazeblue30,0,87.399994,1B Freddie Freeman 2B Tommy Edman 3B Kevin McGonigle C Daniel Susac OF Gavin Sheets OF Jung Hoo Lee OF Max Clark P Robbie Ray P Drew Rasmussen SS Geraldo Perdomo,,,
450,5211578787,slnmudhens44,0,87.399994,1B Tim Tawa 2B Osleivis Basabe 3B Christian Koss C Cal Raleigh OF Shohei Ohtani OF Yordan Alvarez OF Andy Pages P Robbie Ray P Drew Rasmussen SS Colt Emerson,,,
455,5211474751,mdavis7031,0,87.25,1B Tim Tawa 2B Jose Altuve 3B Manny Machado C Daniel Susac OF Julio Rodriguez OF Grant McCray OF Jackson Merrill P Robbie Ray P Logan Gilbert SS Mookie Betts,,,
456,5211087095,ChocFrogAddict,0,87.2,1B Shohei Ohtani 2B Osleivis Basabe 3B Max Muncy C Hunter Feduccia OF Fernando Tatis Jr. OF Jackson Merrill OF Ryan Waldschmidt P Keider Montero P Roki Sasaki SS Xander Bogaerts,,,
456,5211236906,deepend14,0,87.2,1B Yandy Diaz 2B Tommy Edman 3B Isaac Paredes C Hunter Feduccia OF Shohei Ohtani OF Andy Pages OF Max Clark P Keider Montero P Roki Sasaki SS Kevin McGonigle,,,
456,5211471725,nparker24,0,87.2,1B Shohei Ohtani 2B Tommy Edman 3B Manny Machado C Hunter Feduccia OF Andy Pages OF Riley Greene OF Jackson Merrill P Keider Montero P Roki Sasaki SS Sung-Mun Song,,,
459,5210965976,Babysnatcha,0,87.05,1B Christian Walker 2B Jose Altuve 3B Kevin McGonigle C Dillon Dingler OF Daulton Varsho OF Riley Greene OF Max Clark P Drew Rasmussen P Keider Montero SS Javier Baez,,,
459,5211109977,eck2b,0,87.05,1B Spencer Torkelson 2B Gleyber Torres 3B Kevin McGonigle C Eduardo Valencia OF Jung Hoo Lee OF Dominic Canzone OF Riley Greene P Drew Rasmussen P Keider Montero SS Taylor Walls,,,
459,5211264355,Moeg196,0,87.05,1B Shohei Ohtani 2B Jake Cronenworth 3B Max Muncy C Hunter Feduccia OF Max Kepler OF Kyle Tucker OF Andy Pages P Drew Rasmussen P Ronel Blanco SS Geraldo Perdomo,,,
459,5211333956,Skerman103,0,87.05,1B Spencer Torkelson 2B Jose Altuve 3B Colt Keith C Dillon Dingler OF Javier Baez OF Yordan Alvarez OF Jake Meyers P Drew Rasmussen P Keider Montero SS Taylor Walls,,,
459,5211457863,TEAM_KILL_CANCER,0,87.05,1B Spencer Torkelson 2B Jose Altuve 3B Isaac Paredes C Hunter Feduccia OF Yordan Alvarez OF Daulton Varsho OF Max Clark P Drew Rasmussen P Ronel Blanco SS Jeremy Pena,,,
459,5211496269,Dotrat2,0,87.05,1B Christian Walker 2B Jose Altuve 3B Colt Keith C Dillon Dingler OF Teoscar Hernandez OF Riley Greene OF Max Clark P Drew Rasmussen P Keider Montero SS Kevin McGonigle,,,
459,5210798749,JJFalcon,0,87.049995,1B Christian Walker 2B Jose Altuve 3B Colt Keith C Liam Hicks OF Teoscar Hernandez OF Kyle Tucker OF Corbin Carroll P Drew Rasmussen P Keider Montero SS Geraldo Perdomo,,,
459,5211100029,jmclaurin,0,87.049995,1B Jonathan Aranda 2B Richie Palacios 3B Max Muncy C Hunter Feduccia OF Shohei Ohtani OF Jackson Merrill OF Max Clark P Drew Rasmussen P Keider Montero SS Javier Baez,,,
459,5211406175,AlphaDawg1,0,87.049995,1B Shohei Ohtani 2B Jose Altuve 3B Kevin McGonigle C Daniel Susac OF Jung Hoo Lee OF Riley Greene OF Max Clark P Drew Rasmussen P Keider Montero SS Javier Baez,,,
459,5211506725,belmarbb,0,87.049995,1B Freddie Freeman 2B Jake Cronenworth 3B Manny Machado C Hunter Feduccia OF Gavin Sheets OF Kyle Tucker OF Jackson Merrill P Drew Rasmussen P Keider Montero SS Mookie Betts,,,
459,5211552238,bmcghee19,0,87.049995,1B Jonathan Aranda 2B Jake Cronenworth 3B Junior Caminero C Gabriel Moreno OF Shohei Ohtani OF Gavin Sheets OF Zach McKinstry P Drew Rasmussen P Keider Montero SS Javier Baez,,,
459,5211569506,deadstone75,0,87.049995,1B Christian Walker 2B Osleivis Basabe 3B Christian Koss C Dillon Dingler OF Zach McKinstry OF Yordan Alvarez OF Max Clark P Drew Rasmussen P Keider Montero SS Jeremy Pena,,,
471,5210919071,Hgberg,0,86.85,1B Ty France 2B Osleivis Basabe 3B Max Muncy C Liam Hicks OF Zach McKinstry OF Corbin Carroll OF Max Clark P Drew Rasmussen P Roki Sasaki SS Kevin McGonigle,,,
471,5210982918,billyb688,0,86.85,1B Ty France 2B Jake Cronenworth 3B Colt Keith C Dillon Dingler OF Shohei Ohtani OF Tim Tawa OF Jackson Merrill P Drew Rasmussen P Roki Sasaki SS Javier Baez,,,
471,5210988703,aschuite,0,86.85,1B Freddie Freeman 2B Jake Cronenworth 3B Colt Keith C Luis Campusano OF Shohei Ohtani OF Andy Pages OF Max Clark P Drew Rasmussen P Roki Sasaki SS Javier Baez,,,
471,5211176659,Dirtrace,0,86.85,1B Freddie Freeman 2B Tommy Edman 3B Colt Keith C Hunter Feduccia OF Javier Baez OF Shohei Ohtani OF Andy Pages P Drew Rasmussen P Roki Sasaki SS Taylor Walls,,,
471,5211283130,Chadg20,0,86.85,1B Bryce Eldridge 2B Jake Cronenworth 3B Max Muncy C Hunter Feduccia OF Shohei Ohtani OF Kyle Tucker OF Jung Hoo Lee P Drew Rasmussen P Roki Sasaki SS Mookie Betts,,,
471,5211426233,CuBearFan,0,86.85,1B Shohei Ohtani 2B Jake Cronenworth 3B Colt Keith C Yainer Diaz OF Kyle Tucker OF Jung Hoo Lee OF Jackson Merrill P Drew Rasmussen P Roki Sasaki SS Xander Bogaerts,,,
471,5211440628,psychopooj,0,86.85,1B Jonathan Aranda 2B Osleivis Basabe 3B Yandy Diaz C Liam Hicks OF Randy Arozarena OF Riley Greene OF Chandler Simpson P Drew Rasmussen P Roki Sasaki SS Taylor Walls,,,
471,5211484218,jpichany,0,86.85,1B Freddie Freeman 2B Jake Cronenworth 3B Max Muncy C Hunter Feduccia OF Shohei Ohtani OF Zach McKinstry OF Grant McCray P Drew Rasmussen P Roki Sasaki SS Kevin McGonigle,,,
471,5211558001,5hrkoolaid,0,86.85,1B Jonathan Aranda 2B Jake Cronenworth 3B Max Muncy C Liam Hicks OF Teoscar Hernandez OF Luis Rengifo OF Kyle Tucker P Drew Rasmussen P Roki Sasaki SS Mookie Betts,,,
471,5211578795,EaglesToTheSuperBowl,0,86.85,1B Christian Walker 2B Jake Cronenworth 3B Colt Keith C Dillon Dingler OF Luis Rengifo OF Riley Greene OF Jackson Merrill P Drew Rasmussen P Roki Sasaki SS Xander Bogaerts,,,
481,5210983643,jeb1778,0,86.65,1B Shohei Ohtani 2B Tommy Edman 3B Max Muncy C Cal Raleigh OF Javier Baez OF Julio Rodriguez OF Riley Greene P Merrill Kelly P Roki Sasaki SS Willy Adames,,,
482,5211184677,Demons88,0,86.55,1B Shohei Ohtani 2B Jose Altuve 3B Colt Keith C Hunter Feduccia OF Javier Baez OF Daulton Varsho OF Drew Gilbert P Drew Rasmussen P Logan Gilbert SS Kevin McGonigle,,,
482,5211452700,JuanjoSimon,0,86.55,1B Freddie Freeman 2B Jake Cronenworth 3B Sung-Mun Song C Luis Campusano OF Teoscar Hernandez OF Gavin Sheets OF Andy Pages P Drew Rasmussen P Logan Gilbert SS Xander Bogaerts,,,
482,5211462725,DexLes,0,86.55,1B Tim Tawa 2B Ketel Marte 3B Nolan Arenado C Gabriel Moreno OF Luis Rengifo OF Randy Arozarena OF Grant McCray P Drew Rasmussen P Logan Gilbert SS Taylor Walls,,,
485,5211438266,jsw1264,0,86.5,1B Christian Walker 2B Gleyber Torres 3B Colt Keith C Dillon Dingler OF Luis Rengifo OF Fernando Tatis Jr. OF Max Clark P Merrill Kelly P Drew Rasmussen SS Javier Baez,,,
486,5211436813,nory34,0,86.399994,1B Freddie Freeman 2B Jake Cronenworth 3B Colt Keith C Gabriel Moreno OF Kyle Tucker OF Lars Nootbaar OF Andy Pages P Robbie Ray P Drew Rasmussen SS Geraldo Perdomo,,,
486,5211523633,Miggs108,0,86.399994,1B Spencer Torkelson 2B Jake Cronenworth 3B Colt Keith C Luis Campusano OF Luis Rengifo OF Riley Greene OF Jackson Merrill P Robbie Ray P Drew Rasmussen SS Kevin McGonigle,,,
488,5211032977,Arooo007,0,86.2,1B Tim Tawa 2B Osleivis Basabe 3B Junior Caminero C Dillon Dingler OF Zach McKinstry OF Yordan Alvarez OF Max Clark P Keider Montero P Roki Sasaki SS Kevin McGonigle,,,
488,5211272745,jeffreyddsn,0,86.2,1B Christian Walker 2B Jose Altuve 3B Manny Machado C Dillon Dingler OF Teoscar Hernandez OF Randy Arozarena OF Victor Mesa Jr. P Keider Montero P Roki Sasaki SS Geraldo Perdomo,,,
488,5211539984,Coachrowe6,0,86.2,1B Freddie Freeman 2B Tommy Edman 3B Isaac Paredes C Daniel Susac OF Kyle Tucker OF Andy Pages OF Jackson Merrill P Keider Montero P Roki Sasaki SS Mookie Betts,,,
491,5211442731,Beef5684,0,86.049995,1B Shohei Ohtani 2B Jake Cronenworth 3B Colt Keith C Gabriel Moreno OF Kyle Tucker OF Lars Nootbaar OF Riley Greene P Drew Rasmussen P Keider Montero SS Geraldo Perdomo,,,
492,5211418064,moldova,0,85.9,1B Bryce Eldridge 2B Gleyber Torres 3B Nolan Arenado C Gabriel Moreno OF Jung Hoo Lee OF Corbin Carroll OF Ryan Waldschmidt P Ronel Blanco P Logan Gilbert SS Geraldo Perdomo,,,
493,5210827613,dgubatan,0,85.85,1B Yandy Diaz 2B Tommy Edman 3B Colt Keith C Liam Hicks OF Teoscar Hernandez OF Kyle Tucker OF Victor Mesa Jr. P Drew Rasmussen P Roki Sasaki SS Mookie Betts,,,
493,5211491542,Drew8513,0,85.85,1B Christian Walker 2B Tommy Edman 3B Max Muncy C Hunter Feduccia OF Shohei Ohtani OF Kyle Tucker OF Max Clark P Drew Rasmussen P Roki Sasaki SS Javier Baez,,,
493,5211493905,cashyobe,0,85.85,1B Shohei Ohtani 2B Osleivis Basabe 3B Max Muncy C Daniel Susac OF Teoscar Hernandez OF Kyle Tucker OF Andy Pages P Drew Rasmussen P Roki Sasaki SS Sung-Mun Song,,,
493,5211499707,from_Fresno,0,85.85,1B Spencer Torkelson 2B Gleyber Torres 3B Colt Keith C Dillon Dingler OF Teoscar Hernandez OF Kyle Tucker OF Zach McKinstry P Drew Rasmussen P Roki Sasaki SS Mookie Betts,,,
493,5211547066,NathanSchnabel5,0,85.85,1B Spencer Torkelson 2B Jake Cronenworth 3B Max Muncy C Daniel Susac OF Shohei Ohtani OF Grant McCray OF Max Clark P Drew Rasmussen P Roki Sasaki SS Kevin McGonigle,,,
493,5211562562,Bggood63,0,85.85,1B Freddie Freeman 2B Richie Palacios 3B Colt Keith C Hunter Feduccia OF Shohei Ohtani OF Kyle Tucker OF Max Clark P Drew Rasmussen P Roki Sasaki SS Kevin McGonigle,,,
499,5210894344,leighton32,0,85.7,1B Freddie Freeman 2B Jake Cronenworth 3B Sung-Mun Song C Hunter Feduccia OF Shohei Ohtani OF Jung Hoo Lee OF Andy Pages P Logan Gilbert P Roki Sasaki SS Mookie Betts,,,
500,5210968343,maxxbob,0,85.55,1B Tim Tawa 2B Jake Cronenworth 3B Max Muncy C Yainer Diaz OF Shohei Ohtani OF Daulton Varsho OF Jake Meyers P Drew Rasmussen P Logan Gilbert SS Colt Emerson,,,
500,5211245616,A.Burgos930,0,85.55,1B Josh Naylor 2B Jake Cronenworth 3B Manny Machado C Cal Raleigh OF Fernando Tatis Jr. OF Julio Rodriguez OF Jackson Merrill P Robbie Ray P Roki Sasaki SS Xander Bogaerts,,,
500,5211427455,red399,0,85.55,1B Rafael Devers 2B Osleivis Basabe 3B Max Muncy C Luis Campusano OF Teoscar Hernandez OF Luis Rengifo OF Max Clark P Drew Rasmussen P Logan Gilbert SS Javier Baez,,,
503,5211427397,lions937,0,85.399994,1B Rafael Devers 2B Tommy Edman 3B Colt Keith C Dillon Dingler OF Teoscar Hernandez OF Jung Hoo Lee OF Victor Mesa Jr. P Robbie Ray P Drew Rasmussen SS Xander Bogaerts,,,
503,5211453977,TNTONE,0,85.399994,1B Rafael Devers 2B Osleivis Basabe 3B Isaac Paredes C Eduardo Valencia OF Kyle Tucker OF Lars Nootbaar OF Corbin Carroll P Robbie Ray P Drew Rasmussen SS Mookie Betts,,,
503,5211461337,saints_fan3209,0,85.399994,1B Jonathan Aranda 2B Jose Altuve 3B Isaac Paredes C Gabriel Moreno OF Dominic Canzone OF Riley Greene OF Max Clark P Robbie Ray P Drew Rasmussen SS Xander Bogaerts,,,
503,5211477743,MrPredetermine,0,85.399994,1B Rafael Devers 2B Jose Altuve 3B Colt Keith C Gabriel Moreno OF Max Kepler OF Lars Nootbaar OF Corbin Carroll P Robbie Ray P Drew Rasmussen SS Geraldo Perdomo,,,
503,5211488935,stoneman72,0,85.399994,1B Shohei Ohtani 2B Tommy Edman 3B Nolan Arenado C Luis Campusano OF Teoscar Hernandez OF Javier Baez OF Lars Nootbaar P Robbie Ray P Drew Rasmussen SS Willy Adames,,,
503,5211518126,duke14michael,0,85.399994,1B Shohei Ohtani 2B Jake Cronenworth 3B Colt Keith C Gabriel Moreno OF Jung Hoo Lee OF Lars Nootbaar OF Julio Rodriguez P Robbie Ray P Drew Rasmussen SS Xander Bogaerts,,,
503,5211545682,listorebeldero,0,85.399994,1B Rafael Devers 2B Osleivis Basabe 3B Junior Caminero C Hunter Feduccia OF Riley Greene OF Grant McCray OF Jackson Merrill P Robbie Ray P Drew Rasmussen SS Jeremy Pena,,,
510,5211481569,bucno,0,85.2,1B Shohei Ohtani 2B Osleivis Basabe 3B Yandy Diaz C Hunter Feduccia OF Randy Arozarena OF Andy Pages OF Julio Rodriguez P Keider Montero P Roki Sasaki SS Mookie Betts,,,
510,5211537851,John-Mo,0,85.2,1B Jonathan Aranda 2B Jose Altuve 3B Kevin McGonigle C Gabriel Moreno OF Randy Arozarena OF Andy Pages OF Corbin Carroll P Keider Montero P Roki Sasaki SS Javier Baez,,,
512,5211358366,Tron55,0,85.05,1B Shohei Ohtani 2B Jake Cronenworth 3B Junior Caminero C Hunter Feduccia OF Riley Greene OF Tim Tawa OF Max Clark P Drew Rasmussen P Keider Montero SS Mookie Betts,,,
512,5211506982,henley45,0,85.05,1B Spencer Torkelson 2B Ketel Marte 3B Colt Keith C Gabriel Moreno OF Corbin Carroll OF Max Clark OF Ryan Waldschmidt P Drew Rasmussen P Ronel Blanco SS Kevin McGonigle,,,
512,5211391136,KidTycoon,0,85.049995,1B Rafael Devers 2B Osleivis Basabe 3B Colt Keith C Dillon Dingler OF Kyle Tucker OF Riley Greene OF Max Clark P Drew Rasmussen P Keider Montero SS Jeremy Pena,,,
515,5211526213,lb100662,0,84.9,1B Christian Walker 2B Jose Altuve 3B Christian Koss C Hunter Feduccia OF Shohei Ohtani OF Kyle Tucker OF Julio Rodriguez P Keider Montero P Logan Gilbert SS Jeremy Pena,,,
516,5211474621,Thompsk84,0,84.85,1B Freddie Freeman 2B Osleivis Basabe 3B Max Muncy C Hunter Feduccia OF Shohei Ohtani OF Zach McKinstry OF Max Clark P Drew Rasmussen P Roki Sasaki SS Mookie Betts,,,
516,5211511233,riverrat64,0,84.85,1B Shohei Ohtani 2B Jose Altuve 3B Colt Keith C Dillon Dingler OF Javier Baez OF Kyle Tucker OF Zach McKinstry P Drew Rasmussen P Roki Sasaki SS Mookie Betts,,,
516,5211527407,SFGiants420,0,84.85,1B Shohei Ohtani 2B Jose Altuve 3B Colt Keith C Hunter Feduccia OF Yordan Alvarez OF Grant McCray OF Max Clark P Drew Rasmussen P Roki Sasaki SS Mookie Betts,,,
516,5211535125,bignasty03,0,84.85,1B Yandy Diaz 2B Jake Cronenworth 3B Kevin McGonigle C Dillon Dingler OF Javier Baez OF Victor Mesa Jr. OF Chandler Simpson P Drew Rasmussen P Roki Sasaki SS Xander Bogaerts,,,
516,5211554163,wbrenner28,0,84.85,1B Bryce Eldridge 2B Jake Cronenworth 3B Manny Machado C Dillon Dingler OF Luis Rengifo OF Jackson Merrill OF Max Clark P Drew Rasmussen P Roki Sasaki SS Javier Baez,,,
516,5211560096,Raytheupsguy,0,84.85,1B Bryce Eldridge 2B Gleyber Torres 3B Yandy Diaz C Gabriel Moreno OF Teoscar Hernandez OF Luis Rengifo OF Jung Hoo Lee P Drew Rasmussen P Roki Sasaki SS Willy Adames,,,
522,5210733732,Lundelius,0,84.7,1B LaMonte Wade Jr. 2B Jose Altuve 3B Colt Keith C Dillon Dingler OF Jung Hoo Lee OF Andy Pages OF Riley Greene P Logan Gilbert P Roki Sasaki SS Mookie Betts,,,
522,5211059724,boze623,0,84.7,1B Christian Walker 2B Jake Cronenworth 3B Manny Machado C Cal Raleigh OF Kyle Tucker OF Daulton Varsho OF Riley Greene P Logan Gilbert P Roki Sasaki SS Kevin McGonigle,,,
522,5211374529,redbeardo,0,84.7,1B Rafael Devers 2B Gleyber Torres 3B Kevin McGonigle C Dillon Dingler OF Jung Hoo Lee OF Daulton Varsho OF Max Clark P Logan Gilbert P Roki Sasaki SS Javier Baez,,,
525,5211449320,970BroncoFan,0,84.55,1B Tim Tawa 2B Jose Altuve 3B Max Muncy C Hunter Feduccia OF Max Kepler OF Randy Arozarena OF Daulton Varsho P Drew Rasmussen P Logan Gilbert SS Mookie Betts,,,
525,5211528481,erich425,0,84.55,1B Christian Walker 2B Osleivis Basabe 3B Max Muncy C Hunter Feduccia OF Shohei Ohtani OF Kyle Tucker OF Daulton Varsho P Drew Rasmussen P Logan Gilbert SS Christian Koss,,,
527,5211293585,FrozenFromundaCheese,0,84.5,1B Christian Walker 2B Ketel Marte 3B Colt Keith C Gabriel Moreno OF Javier Baez OF Riley Greene OF Corbin Carroll P Merrill Kelly P Drew Rasmussen SS Kevin McGonigle,,,
528,5211064847,buddybinks777,0,84.399994,1B Bryce Eldridge 2B Osleivis Basabe 3B Kevin McGonigle C Dillon Dingler OF Andy Pages OF Grant McCray OF Max Clark P Robbie Ray P Drew Rasmussen SS Mookie Betts,,,
528,5211118080,TeamOtis13,0,84.399994,1B Tim Tawa 2B Ketel Marte 3B Kevin McGonigle C Daniel Susac OF Kyle Tucker OF Jonny DeLuca OF Riley Greene P Robbie Ray P Drew Rasmussen SS Xander Bogaerts,,,
528,5211510986,frogwall35,0,84.399994,1B Rafael Devers 2B Jake Cronenworth 3B Kevin McGonigle C Daniel Susac OF Luis Rengifo OF Riley Greene OF Jackson Merrill P Robbie Ray P Drew Rasmussen SS Javier Baez,,,
528,5211545031,Gabe3524,0,84.399994,1B Shohei Ohtani 2B Osleivis Basabe 3B Colt Keith C Hunter Feduccia OF Teoscar Hernandez OF Kyle Tucker OF Andy Pages P Robbie Ray P Drew Rasmussen SS Kevin McGonigle,,,
532,5211575817,lucas232,0,84.350006,1B Tim Tawa 2B Osleivis Basabe 3B Kevin McGonigle C Gabriel Moreno OF Luis Rengifo OF Randy Arozarena OF Jung Hoo Lee P Merrill Kelly P Logan Gilbert SS Jeremy Pena,,,
533,5211413767,Bhogan2979,0,84.25,1B Rafael Devers 2B Cole Young 3B Kevin McGonigle C Cal Raleigh OF Tim Tawa OF Jackson Merrill OF Max Clark P Robbie Ray P Logan Gilbert SS Mookie Betts,,,
534,5210563391,Rubbertow,0,84.2,1B Rafael Devers 2B Osleivis Basabe 3B Kevin McGonigle C Dillon Dingler OF Jung Hoo Lee OF Riley Greene OF Chandler Simpson P Keider Montero P Roki Sasaki SS Jeremy Pena,,,
534,5211337485,MooreKris14,0,84.2,1B Josh Naylor 2B Jose Altuve 3B Sung-Mun Song C Hunter Feduccia OF Fernando Tatis Jr. OF Yordan Alvarez OF Jackson Merrill P Keider Montero P Roki Sasaki SS Jeremy Pena,,,
536,5211266984,DuhPutz,0,84.1,1B Tim Tawa 2B Ketel Marte 3B Manny Machado C Gabriel Moreno OF Shohei Ohtani OF Fernando Tatis Jr. OF Jackson Merrill P Adrian Houser P JT Brubaker SS Mookie Betts,,,
537,5211478036,GoTribe2016,0,84.05,1B Bryce Eldridge 2B Ketel Marte 3B Kevin McGonigle C Gabriel Moreno OF Max Kepler OF Lars Nootbaar OF Riley Greene P Drew Rasmussen P Ronel Blanco SS Geraldo Perdomo,,,
537,5211563157,jcanlas,0,84.05,1B Christian Walker 2B Jose Altuve 3B Colt Keith C Dillon Dingler OF Javier Baez OF Luis Rengifo OF Riley Greene P Drew Rasmussen P Keider Montero SS Kevin McGonigle,,,
539,5211567526,SeanyB231,0,83.9,1B Christian Walker 2B Jose Altuve 3B Nolan Arenado C Gabriel Moreno OF Lars Nootbaar OF Riley Greene OF Corbin Carroll P Ronel Blanco P Logan Gilbert SS Geraldo Perdomo,,,
539,5211200735,jsshackelford1865,0,83.899994,1B Christian Walker 2B Jose Altuve 3B Nolan Arenado C Gabriel Moreno OF Kyle Tucker OF Lars Nootbaar OF Corbin Carroll P Ronel Blanco P Logan Gilbert SS Geraldo Perdomo,,,
541,5211078031,bobbyhasson,0,83.85,1B Ty France 2B Jose Altuve 3B Isaac Paredes C Eduardo Valencia OF Teoscar Hernandez OF Corbin Carroll OF Jackson Merrill P Drew Rasmussen P Roki Sasaki SS Javier Baez,,,
541,5211430582,Dybdahl21,0,83.85,1B Freddie Freeman 2B Jake Cronenworth 3B Colt Keith C Hunter Feduccia OF Teoscar Hernandez OF Shohei Ohtani OF Kyle Tucker P Drew Rasmussen P Roki Sasaki SS Kevin McGonigle,,,
541,5211486324,lesterburnham,0,83.85,1B Shohei Ohtani 2B Jose Altuve 3B Max Muncy C Hunter Feduccia OF Max Kepler OF Teoscar Hernandez OF Dominic Canzone P Drew Rasmussen P Roki Sasaki SS Willy Adames,,,
544,5211486253,RipeAvocado,0,83.7,1B Rafael Devers 2B Osleivis Basabe 3B Colt Keith C Daniel Susac OF Shohei Ohtani OF Riley Greene OF Max Clark P Logan Gilbert P Roki Sasaki SS Kevin McGonigle,,,
545,5211376678,Gashouse3501,0,83.55,1B Freddie Freeman 2B Jake Cronenworth 3B Max Muncy C Luis Campusano OF Shohei Ohtani OF Cam Smith OF Max Clark P Robbie Ray P Roki Sasaki SS Kevin McGonigle,,,
545,5211507551,Clippy,0,83.55,1B Jonathan Aranda 2B Jose Altuve 3B Max Muncy C Luis Campusano OF Kyle Tucker OF Fernando Tatis Jr. OF Jackson Merrill P Robbie Ray P Roki Sasaki SS Javier Baez,,,
547,5211468242,killer62,0,83.399994,1B Jonathan Aranda 2B Jake Cronenworth 3B Junior Caminero C Daniel Susac OF Shohei Ohtani OF Zach McKinstry OF Jackson Merrill P Robbie Ray P Drew Rasmussen SS Christian Koss,,,
547,5211487091,JeffPikuza,0,83.399994,1B Tim Tawa 2B Gleyber Torres 3B Colt Keith C Dillon Dingler OF Max Kepler OF Javier Baez OF Andy Pages P Robbie Ray P Drew Rasmussen SS Kevin McGonigle,,,
547,5211539931,mully400,0,83.399994,1B Jonathan Aranda 2B Ketel Marte 3B Junior Caminero C Daniel Susac OF Gavin Sheets OF Zach McKinstry OF Drew Gilbert P Robbie Ray P Drew Rasmussen SS Kevin McGonigle,,,
550,5211053865,Klotzie1001,0,83.2,1B Spencer Torkelson 2B Jose Altuve 3B Kevin McGonigle C Cal Raleigh OF Shohei Ohtani OF Jonny DeLuca OF Riley Greene P Keider Montero P Roki Sasaki SS Javier Baez,,,
550,5211082638,rreide,0,83.2,1B Christian Walker 2B Cole Young 3B Isaac Paredes C Dillon Dingler OF Shohei Ohtani OF Julio Rodriguez OF Max Clark P Ronel Blanco P Roki Sasaki SS Mookie Betts,,,
550,5211396032,TattMoney,0,83.2,1B Bryce Eldridge 2B Cole Young 3B Manny Machado C Hunter Feduccia OF Fernando Tatis Jr. OF Julio Rodriguez OF Corbin Carroll P Keider Montero P Roki Sasaki SS Xander Bogaerts,,,
553,5211543227,Poodak,0,83.05,1B Yandy Diaz 2B Tommy Edman 3B Junior Caminero C Liam Hicks OF Javier Baez OF Zach McKinstry OF Jonny DeLuca P Drew Rasmussen P Keider Montero SS Taylor Walls,,,
553,5211566468,mickevcarter,0,83.05,1B Freddie Freeman 2B Tommy Edman 3B Colt Keith C Hunter Feduccia OF Shohei Ohtani OF Andy Pages OF Max Clark P Drew Rasmussen P Keider Montero SS Sung-Mun Song,,,
553,5211233369,MissingManning,0,83.049995,1B Shohei Ohtani 2B Jose Altuve 3B Colt Keith C Hunter Feduccia OF Kyle Tucker OF Corbin Carroll OF Max Clark P Drew Rasmussen P Keider Montero SS Geraldo Perdomo,,,
556,5211455512,Blasters,0,82.9,1B Tim Tawa 2B Gleyber Torres 3B Nolan Arenado C Luis Campusano OF Randy Arozarena OF Fernando Tatis Jr. OF Max Clark P Keider Montero P Logan Gilbert SS Javier Baez,,,
557,5211405451,Pjg1979,0,82.85,1B Freddie Freeman 2B Jose Altuve 3B Colt Keith C Hunter Feduccia OF Shohei Ohtani OF Kyle Tucker OF Max Clark P Drew Rasmussen P Roki Sasaki SS Mookie Betts,,,
557,5211508090,doran,0,82.85,1B Shohei Ohtani 2B Jake Cronenworth 3B Max Muncy C Hunter Feduccia OF Teoscar Hernandez OF Gavin Sheets OF Jackson Merrill P Drew Rasmussen P Roki Sasaki SS Mookie Betts,,,
559,5211383231,DumbMonkeys27,0,82.7,1B Christian Walker 2B Jake Cronenworth 3B Colt Keith C Dillon Dingler OF Shohei Ohtani OF Tim Tawa OF Jackson Merrill P Logan Gilbert P Roki Sasaki SS Javier Baez,,,
559,5211410111,JWMSKJJ,0,82.7,1B Shohei Ohtani 2B Jake Cronenworth 3B Kevin McGonigle C Hunter Feduccia OF Luis Rengifo OF Kyle Tucker OF Andy Pages P Logan Gilbert P Roki Sasaki SS Javier Baez,,,
559,5211562661,AnchorTownBoy,0,82.7,1B Spencer Torkelson 2B Jake Cronenworth 3B Kevin McGonigle C Dillon Dingler OF Daulton Varsho OF Jackson Merrill OF Max Clark P Logan Gilbert P Roki Sasaki SS Xander Bogaerts,,,
562,5211425039,perryband,0,82.55,1B Josh Naylor 2B Ketel Marte 3B Colt Keith C Hunter Feduccia OF Max Kepler OF Lars Nootbaar OF Corbin Carroll P Drew Rasmussen P Logan Gilbert SS Geraldo Perdomo,,,
562,5211553361,tstone13,0,82.55,1B Christian Walker 2B Jose Altuve 3B Colt Keith C Dillon Dingler OF Randy Arozarena OF Yordan Alvarez OF Cam Smith P Robbie Ray P Roki Sasaki SS Xander Bogaerts,,,
564,5211248142,Stree,0,82.5,1B Bryce Eldridge 2B Ketel Marte 3B Colt Keith C Gabriel Moreno OF Lars Nootbaar OF Riley Greene OF Corbin Carroll P Merrill Kelly P Drew Rasmussen SS Geraldo Perdomo,,,
565,5210974289,keithmathwhizz,0,82.399994,1B Bryce Eldridge 2B Jake Cronenworth 3B Kevin McGonigle C Liam Hicks OF Teoscar Hernandez OF Andy Pages OF Max Clark P Robbie Ray P Drew Rasmussen SS Mookie Betts,,,
565,5210981176,brott23,0,82.399994,1B Jonathan Aranda 2B Osleivis Basabe 3B Brendan Donovan C Liam Hicks OF Taylor Ward OF Dominic Canzone OF Jackson Merrill P Robbie Ray P Drew Rasmussen SS Mookie Betts,,,
565,5211366165,Intoxocolgist,0,82.399994,1B Christian Walker 2B Jake Cronenworth 3B Max Muncy C Dillon Dingler OF Kyle Tucker OF Zach McKinstry OF Andy Pages P Robbie Ray P Drew Rasmussen SS Javier Baez,,,
565,5211559987,NickLoob,0,82.399994,1B Tim Tawa 2B Jose Altuve 3B Max Muncy C Hunter Feduccia OF Teoscar Hernandez OF Shohei Ohtani OF Andy Pages P Robbie Ray P Drew Rasmussen SS Sung-Mun Song,,,
569,5211515793,sportsfan14,0,82.25,1B Bryce Eldridge 2B Ketel Marte 3B Nolan Arenado C Cal Raleigh OF Max Kepler OF Lars Nootbaar OF Julio Rodriguez P Robbie Ray P Logan Gilbert SS Geraldo Perdomo,,,
570,5211491005,jllevybeer,0,82.2,1B Jonathan Aranda 2B Jose Altuve 3B Max Muncy C Cal Raleigh OF Taylor Ward OF Kyle Tucker OF Julio Rodriguez P Keider Montero P Roki Sasaki SS Jeremy Pena,,,
570,5211518208,OB-Jr,0,82.2,1B Yandy Diaz 2B Cole Young 3B Kevin McGonigle C Dillon Dingler OF Luis Rengifo OF Fernando Tatis Jr. OF Jung Hoo Lee P Merrill Kelly P Adrian Houser SS Jeremy Pena,,,
572,5210860035,Deepdrives,0,82.05,1B Freddie Freeman 2B Osleivis Basabe 3B Colt Keith C Hunter Feduccia OF Shohei Ohtani OF Kyle Tucker OF Max Clark P Drew Rasmussen P Keider Montero SS Kevin McGonigle,,,
572,5211528605,dallen0626,0,82.05,1B Shohei Ohtani 2B Jose Altuve 3B Colt Keith C Luis Campusano OF Zach McKinstry OF Corbin Carroll OF Jackson Merrill P Drew Rasmussen P Keider Montero SS Javier Baez,,,
572,5211151980,williams08,0,82.049995,1B Christian Walker 2B Gleyber Torres 3B Nolan Arenado C Luis Campusano OF Teoscar Hernandez OF Corbin Carroll OF Max Clark P Drew Rasmussen P Keider Montero SS Jeremy Pena,,,
575,5211243637,AGGIES1515,0,81.9,1B Shohei Ohtani 2B Osleivis Basabe 3B Colt Keith C Hunter Feduccia OF Kyle Tucker OF Julio Rodriguez OF Riley Greene P Ronel Blanco P Logan Gilbert SS Kevin McGonigle,,,
575,5211362201,RayColon,0,81.9,1B Josh Naylor 2B Tommy Edman 3B Kevin McGonigle C Cal Raleigh OF Dominic Canzone OF Julio Rodriguez OF Riley Greene P Keider Montero P Logan Gilbert SS Colt Emerson,,,
577,5210945306,dogyballs,0,81.85,1B Tim Tawa 2B Jose Altuve 3B Isaac Paredes C Gabriel Moreno OF Max Kepler OF Yordan Alvarez OF Corbin Carroll P Merrill Kelly P Ronel Blanco SS Geraldo Perdomo,,,
577,5211404386,ggaudette25,0,81.85,1B Freddie Freeman 2B Jake Cronenworth 3B Colt Keith C Dillon Dingler OF Teoscar Hernandez OF Kyle Tucker OF Max Clark P Drew Rasmussen P Roki Sasaki SS Kevin McGonigle,,,
579,5210959474,Zmoney526,0,81.7,1B Liam Hicks 2B Jose Altuve 3B Max Muncy C Gabriel Moreno OF Taylor Ward OF Julio Rodriguez OF Max Clark P Logan Gilbert P Roki Sasaki SS Colt Emerson,,,
579,5211446363,dschaf,0,81.7,1B Freddie Freeman 2B Osleivis Basabe 3B Sung-Mun Song C Hunter Feduccia OF Shohei Ohtani OF Grant McCray OF Jackson Merrill P Logan Gilbert P Roki Sasaki SS Kevin McGonigle,,,
579,5211569855,BigD-Cowboys,0,81.7,1B Freddie Freeman 2B Jake Cronenworth 3B Kevin McGonigle C Luis Campusano OF Shohei Ohtani OF Kyle Tucker OF Zach McKinstry P Logan Gilbert P Roki Sasaki SS Sung-Mun Song,,,
582,5211399636,PREMIERWINNER,0,81.55,1B Liam Hicks 2B Jose Altuve 3B Max Muncy C Luis Campusano OF Andy Pages OF Jackson Merrill OF Max Clark P Robbie Ray P Roki Sasaki SS Kevin McGonigle,,,
582,5211434178,Linedrivers,0,81.55,1B Tim Tawa 2B Jake Cronenworth 3B Colt Keith C Liam Hicks OF Kyle Tucker OF Corbin Carroll OF Chandler Simpson P Drew Rasmussen P Logan Gilbert SS Colt Emerson,,,
584,5211493467,jp023384,0,81.5,1B Liam Hicks 2B Ketel Marte 3B Junior Caminero C Gabriel Moreno OF Max Kepler OF Victor Mesa Jr. OF Chandler Simpson P Merrill Kelly P Drew Rasmussen SS Taylor Walls,,,
585,5210944694,winningfaith,0,81.399994,1B Shohei Ohtani 2B Jake Cronenworth 3B Christian Koss C Luis Campusano OF Gavin Sheets OF Riley Greene OF Jackson Merrill P Robbie Ray P Drew Rasmussen SS Kevin McGonigle,,,
585,5211532164,cchawks1,0,81.399994,1B Spencer Torkelson 2B Tommy Edman 3B Sung-Mun Song C Luis Campusano OF Jonny DeLuca OF Riley Greene OF Corbin Carroll P Robbie Ray P Drew Rasmussen SS Javier Baez,,,
587,5211421243,blasko541,0,81.35,1B Spencer Torkelson 2B Cole Young 3B Kevin McGonigle C Hunter Feduccia OF Max Kepler OF Yordan Alvarez OF Max Clark P Merrill Kelly P Logan Gilbert SS Jeremy Pena,,,
588,5211306538,evanwalsh10,0,81.2,1B Shohei Ohtani 2B Jose Altuve 3B Kevin McGonigle C Hunter Feduccia OF Yordan Alvarez OF Daulton Varsho OF Andy Pages P Keider Montero P Roki Sasaki SS Javier Baez,,,
588,5211335354,jboyd29,0,81.2,1B Shohei Ohtani 2B Tommy Edman 3B Max Muncy C Yainer Diaz OF Andy Pages OF Julio Rodriguez OF Max Clark P Keider Montero P Roki Sasaki SS Colt Emerson,,,
588,5211568945,astros4355,0,81.2,1B Christian Walker 2B Jose Altuve 3B Isaac Paredes C Cal Raleigh OF Shohei Ohtani OF Yordan Alvarez OF Jake Meyers P Ronel Blanco P Roki Sasaki SS Mookie Betts,,,
591,5210811917,cmg425,0,81.05,1B Spencer Torkelson 2B Richie Palacios 3B Yandy Diaz C Luis Campusano OF Javier Baez OF Yordan Alvarez OF Max Clark P Drew Rasmussen P Keider Montero SS Mookie Betts,,,
591,5211455668,BigCarl1,0,81.05,1B Christian Walker 2B Jose Altuve 3B Colt Keith C Gabriel Moreno OF Teoscar Hernandez OF Yordan Alvarez OF Jake Meyers P Drew Rasmussen P Ronel Blanco SS Jeremy Pena,,,
593,5211168078,Bashiman,0,80.9,1B Shohei Ohtani 2B Osleivis Basabe 3B Kevin McGonigle C Ben Rortvedt OF Kyle Tucker OF Corbin Carroll OF Ryan Waldschmidt P Ronel Blanco P Logan Gilbert SS Geraldo Perdomo,,,
593,5211569680,12THMAN4life53511,0,80.9,1B Tim Tawa 2B Jake Cronenworth 3B Kevin McGonigle C Dillon Dingler OF Shohei Ohtani OF Kyle Tucker OF Zach McKinstry P Keider Montero P Logan Gilbert SS Sung-Mun Song,,,
595,5211221722,Tommy71,0,80.85,1B Spencer Torkelson 2B Gleyber Torres 3B Colt Keith C Dillon Dingler OF Teoscar Hernandez OF Kyle Tucker OF Max Clark P Drew Rasmussen P Roki Sasaki SS Mookie Betts,,,
595,5211510371,porterj1223,0,80.85,1B Shohei Ohtani 2B Jake Cronenworth 3B Max Muncy C Hunter Feduccia OF Gavin Sheets OF Kyle Tucker OF Riley Greene P Drew Rasmussen P Roki Sasaki SS Mookie Betts,,,
595,5211516267,sprtwlf,0,80.85,1B Shohei Ohtani 2B Osleivis Basabe 3B Colt Keith C Dillon Dingler OF Javier Baez OF Kyle Tucker OF Zach McKinstry P Drew Rasmussen P Roki Sasaki SS Jeremy Pena,,,
595,5211531926,Kpw87,0,80.85,1B Christian Walker 2B Jose Altuve 3B Max Muncy C Liam Hicks OF Teoscar Hernandez OF Shohei Ohtani OF Grant McCray P Drew Rasmussen P Roki Sasaki SS Taylor Walls,,,
595,5211548304,robbwarren1231,0,80.85,1B Shohei Ohtani 2B Jose Altuve 3B Max Muncy C Hunter Feduccia OF Javier Baez OF Kyle Tucker OF Max Clark P Drew Rasmussen P Roki Sasaki SS Mookie Betts,,,
600,5211289730,dyarbrough7,0,80.7,1B Christian Walker 2B Jose Altuve 3B Isaac Paredes C Ben Rortvedt OF Gavin Sheets OF Yordan Alvarez OF Dominic Canzone P Logan Gilbert P Roki Sasaki SS Jeremy Pena,,,
600,5211506102,RenoBill,0,80.7,1B Shohei Ohtani 2B Jose Altuve 3B Colt Keith C Dillon Dingler OF Javier Baez OF Julio Rodriguez OF Drew Gilbert P Logan Gilbert P Roki Sasaki SS Colt Emerson,,,
600,5211563547,rycullen1999,0,80.7,1B Spencer Torkelson 2B Jake Cronenworth 3B Colt Keith C Hunter Feduccia OF Shohei Ohtani OF Riley Greene OF Max Clark P Logan Gilbert P Roki Sasaki SS Kevin McGonigle,,,
600,5211580210,maxxcady,0,80.7,1B Shohei Ohtani 2B Osleivis Basabe 3B Isaac Paredes C Luis Campusano OF Teoscar Hernandez OF Javier Baez OF Corbin Carroll P Logan Gilbert P Roki Sasaki SS Willy Adames,,,
604,5211081709,harmon2121,0,80.55,1B Shohei Ohtani 2B Jake Cronenworth 3B Manny Machado C Hunter Feduccia OF Kyle Tucker OF Fernando Tatis Jr. OF Andy Pages P Robbie Ray P Roki Sasaki SS Colt Emerson,,,
604,5211532400,cyndi199,0,80.55,1B Rafael Devers 2B Gleyber Torres 3B Isaac Paredes C Luis Campusano OF Shohei Ohtani OF Andy Pages OF Riley Greene P Robbie Ray P Roki Sasaki SS Javier Baez,,,
604,5211541818,devouredbychaos,0,80.55,1B Shohei Ohtani 2B Jake Cronenworth 3B Manny Machado C Cal Raleigh OF Luis Rengifo OF Kyle Tucker OF Fernando Tatis Jr. P Adrian Houser P Roki Sasaki SS Mookie Betts,,,
604,5211553553,masschiefs85,0,80.55,1B Yandy Diaz 2B Osleivis Basabe 3B Kevin McGonigle C Gabriel Moreno OF Yordan Alvarez OF Jung Hoo Lee OF Max Clark P Robbie Ray P Roki Sasaki SS Geraldo Perdomo,,,
604,5211558027,RiggedSports,0,80.55,1B Christian Walker 2B Jake Cronenworth 3B Sung-Mun Song C Yainer Diaz OF Teoscar Hernandez OF Kyle Tucker OF Corbin Carroll P Drew Rasmussen P Logan Gilbert SS Mookie Betts,,,
609,5211474367,daniel73623,0,80.399994,1B Freddie Freeman 2B Jake Cronenworth 3B Yandy Diaz C Yainer Diaz OF Luis Rengifo OF Lars Nootbaar OF Cam Smith P Robbie Ray P Drew Rasmussen SS Jeremy Pena,,,
610,5211560118,tnguyen123,0,80.25,1B Shohei Ohtani 2B Jake Cronenworth 3B Nolan Arenado C Hunter Feduccia OF Luis Rengifo OF Julio Rodriguez OF Jackson Merrill P Robbie Ray P Logan Gilbert SS Javier Baez,,,
611,5210993655,swalter21,0,80.05,1B Shohei Ohtani 2B Osleivis Basabe 3B Max Muncy C Daniel Susac OF Kyle Tucker OF Tim Tawa OF Max Clark P Drew Rasmussen P Ronel Blanco SS Kevin McGonigle,,,
611,5211130525,snowfighter,0,80.05,1B Freddie Freeman 2B Osleivis Basabe 3B Max Muncy C Hunter Feduccia OF Shohei Ohtani OF Andy Pages OF Max Clark P Drew Rasmussen P Keider Montero SS Christian Koss,,,
611,5211254880,Slugxx,0,80.05,1B Christian Walker 2B Jake Cronenworth 3B Kevin McGonigle C Dillon Dingler OF Javier Baez OF Luis Rengifo OF Max Clark P Drew Rasmussen P Keider Montero SS Jeremy Pena,,,
611,5211472874,FroggiesMonkies,0,80.05,1B Shohei Ohtani 2B Osleivis Basabe 3B Colt Keith C Hunter Feduccia OF Kyle Tucker OF Corbin Carroll OF Max Clark P Drew Rasmussen P Keider Montero SS Kevin McGonigle,,,
611,5211532201,elway8564,0,80.049995,1B Christian Walker 2B Tommy Edman 3B Colt Keith C Liam Hicks OF Shohei Ohtani OF Kyle Tucker OF Riley Greene P Drew Rasmussen P Keider Montero SS Christian Koss,,,
616,5211429562,jakedip,0,79.850006,1B Josh Naylor 2B Ketel Marte 3B Kevin McGonigle C Cal Raleigh OF Randy Arozarena OF Julio Rodriguez OF Corbin Carroll P Merrill Kelly P Keider Montero SS Geraldo Perdomo,,,
616,5210906321,BoyzfanNcol,0,79.85,1B Freddie Freeman 2B Osleivis Basabe 3B Max Muncy C Daniel Susac OF Shohei Ohtani OF Andy Pages OF Grant McCray P Drew Rasmussen P Roki Sasaki SS Christian Koss,,,
616,5211433476,Dimes2427,0,79.85,1B Shohei Ohtani 2B Osleivis Basabe 3B Yandy Diaz C Daniel Susac OF Teoscar Hernandez OF Javier Baez OF Kyle Tucker P Drew Rasmussen P Roki Sasaki SS Kevin McGonigle,,,
616,5211484919,rreiter27,0,79.85,1B Josh Naylor 2B Gleyber Torres 3B Kevin McGonigle C Dillon Dingler OF Taylor Ward OF Kyle Tucker OF Max Clark P Drew Rasmussen P Roki Sasaki SS Javier Baez,,,
616,5211496778,dbran4,0,79.85,1B Shohei Ohtani 2B Jake Cronenworth 3B Max Muncy C Liam Hicks OF Teoscar Hernandez OF Zach McKinstry OF Max Clark P Drew Rasmussen P Roki Sasaki SS Mookie Betts,,,
616,5211579582,ktrain68,0,79.85,1B Freddie Freeman 2B Osleivis Basabe 3B Max Muncy C Hunter Feduccia OF Teoscar Hernandez OF Shohei Ohtani OF Jung Hoo Lee P Drew Rasmussen P Roki Sasaki SS Christian Koss,,,
622,5211533957,brfrederick76,0,79.75,1B Josh Naylor 2B Jake Cronenworth 3B Kevin McGonigle C Gabriel Moreno OF Shohei Ohtani OF Jung Hoo Lee OF Andy Pages P Robbie Ray P Keider Montero SS Geraldo Perdomo,,,
623,5210684002,rajonrondough,0,79.7,1B Shohei Ohtani 2B Jake Cronenworth 3B Kevin McGonigle C Hunter Feduccia OF Kyle Tucker OF Riley Greene OF Max Clark P Logan Gilbert P Roki Sasaki SS Mookie Betts,,,
623,5211105039,bdmar03,0,79.7,1B Shohei Ohtani 2B Jake Cronenworth 3B Colt Keith C Hunter Feduccia OF Kyle Tucker OF Andy Pages OF Riley Greene P Logan Gilbert P Roki Sasaki SS Mookie Betts,,,
623,5211192173,jetman33,0,79.7,1B Christian Walker 2B Jose Altuve 3B Max Muncy C Hunter Feduccia OF Shohei Ohtani OF Zach McKinstry OF Max Clark P Logan Gilbert P Roki Sasaki SS Mookie Betts,,,
623,5211470061,NathanMead,0,79.7,1B Josh Naylor 2B Jose Altuve 3B Kevin McGonigle C Daniel Susac OF Teoscar Hernandez OF Shohei Ohtani OF Max Clark P Logan Gilbert P Roki Sasaki SS Willy Adames,,,
623,5211484344,Axiom83,0,79.7,1B Shohei Ohtani 2B Jake Cronenworth 3B Kevin McGonigle C Hunter Feduccia OF Kyle Tucker OF Riley Greene OF Max Clark P Logan Gilbert P Roki Sasaki SS Mookie Betts,,,
623,5211540621,shula1972,0,79.7,1B Shohei Ohtani 2B Osleivis Basabe 3B Manny Machado C Yainer Diaz OF Zach McKinstry OF Jung Hoo Lee OF Riley Greene P Logan Gilbert P Roki Sasaki SS Xander Bogaerts,,,
629,5210889415,milrick,0,79.55,1B Shohei Ohtani 2B Jake Cronenworth 3B Colt Keith C Luis Campusano OF Fernando Tatis Jr. OF Jonny DeLuca OF Max Clark P Robbie Ray P Roki Sasaki SS Kevin McGonigle,,,
629,5211007138,Doomsday999,0,79.55,1B Rafael Devers 2B Jake Cronenworth 3B Manny Machado C Dillon Dingler OF Teoscar Hernandez OF Jung Hoo Lee OF Riley Greene P Robbie Ray P Roki Sasaki SS Kevin McGonigle,,,
629,5211530177,razorbackbenson27,0,79.55,1B Shohei Ohtani 2B Jake Cronenworth 3B Kevin McGonigle C Yainer Diaz OF Zach McKinstry OF Yordan Alvarez OF Julio Rodriguez P Robbie Ray P Roki Sasaki SS Taylor Walls,,,
629,5211542644,vwrzalinski,0,79.55,1B Shohei Ohtani 2B Jose Altuve 3B Max Muncy C Hunter Feduccia OF Jung Hoo Lee OF Andy Pages OF Victor Mesa Jr. P Robbie Ray P Roki Sasaki SS Mookie Betts,,,
633,5211147648,Powerhouse354,0,79.399994,1B Rafael Devers 2B Ildemaro Vargas 3B Kevin McGonigle C James McCann OF Shohei Ohtani OF Jung Hoo Lee OF Dominic Canzone P Robbie Ray P Drew Rasmussen SS Javier Baez,,,
633,5211197121,brysonlindsey27,0,79.399994,1B Shohei Ohtani 2B Jake Cronenworth 3B Colt Keith C Hunter Feduccia OF Teoscar Hernandez OF Andy Pages OF Max Clark P Robbie Ray P Drew Rasmussen SS Kevin McGonigle,,,
635,5210893751,az350z,0,79.350006,1B Christian Walker 2B Jake Cronenworth 3B Manny Machado C Gabriel Moreno OF Luis Rengifo OF Gavin Sheets OF Jackson Merrill P Merrill Kelly P Logan Gilbert SS Jeremy Pena,,,
636,5211568135,Rowdog31,0,79.25,1B Josh Naylor 2B Ketel Marte 3B Brendan Donovan C Cal Raleigh OF Randy Arozarena OF Julio Rodriguez OF Corbin Carroll P Adrian Houser P Logan Gilbert SS Willy Adames,,,
637,5211412940,bledsoe417,0,79.2,1B Shohei Ohtani 2B Jose Altuve 3B Colt Keith C Dillon Dingler OF Teoscar Hernandez OF Zach McKinstry OF Andy Pages P Keider Montero P Roki Sasaki SS Kevin McGonigle,,,
638,5211534446,RoKing,0,79.1,1B Rafael Devers 2B Jose Altuve 3B Manny Machado C Daniel Susac OF Randy Arozarena OF Fernando Tatis Jr. OF Jung Hoo Lee P Robbie Ray P Adrian Houser SS Javier Baez,,,
639,5210772363,Steve141414,0,79.05,1B Liam Hicks 2B Jake Cronenworth 3B Hao-Yu Lee C Cal Raleigh OF Kyle Tucker OF Yordan Alvarez OF Andy Pages P Drew Rasmussen P Ronel Blanco SS Xander Bogaerts,,,
639,5210879455,blooketmane,0,79.05,1B Shohei Ohtani 2B Jose Altuve 3B Colt Keith C Yainer Diaz OF Kyle Tucker OF Zach McKinstry OF Riley Greene P Drew Rasmussen P Ronel Blanco SS Kevin McGonigle,,,
639,5211131521,NicKKo03,0,79.05,1B Yandy Diaz 2B Cole Young 3B Brendan Donovan C Dillon Dingler OF Javier Baez OF Jonny DeLuca OF Chandler Simpson P Drew Rasmussen P Keider Montero SS Willy Adames,,,
639,5211496342,darrellsaxton,0,79.05,1B Christian Walker 2B Osleivis Basabe 3B Colt Keith C Dillon Dingler OF Shohei Ohtani OF Zach McKinstry OF Yordan Alvarez P Drew Rasmussen P Ronel Blanco SS Christian Koss,,,
639,5211541341,ajb04,0,79.05,1B Shohei Ohtani 2B Jake Cronenworth 3B Colt Keith C Gabriel Moreno OF Max Kepler OF Riley Greene OF Max Clark P Drew Rasmussen P Keider Montero SS Kevin McGonigle,,,
644,5211282265,Nayrb29,0,78.9,1B Josh Naylor 2B Jake Cronenworth 3B Colt Keith C Dillon Dingler OF Zach McKinstry OF Fernando Tatis Jr. OF Max Clark P Keider Montero P Logan Gilbert SS Kevin McGonigle,,,
645,5210976667,ShaidyAdvice,0,78.85,1B Bryce Eldridge 2B Tommy Edman 3B Yandy Diaz C Hunter Feduccia OF Shohei Ohtani OF Kyle Tucker OF Grant McCray P Drew Rasmussen P Roki Sasaki SS Mookie Betts,,,
645,5211272710,rawgdawg,0,78.85,1B Shohei Ohtani 2B Jake Cronenworth 3B Sung-Mun Song C Dillon Dingler OF Teoscar Hernandez OF Kyle Tucker OF Max Clark P Drew Rasmussen P Roki Sasaki SS Mookie Betts,,,
645,5211291369,Str8anytime,0,78.85,1B Yandy Diaz 2B Tommy Edman 3B Gage Workman C Liam Hicks OF Shohei Ohtani OF Cedric Mullins OF Jorge Barrosa P Drew Rasmussen P Roki Sasaki SS Mookie Betts,,,
645,5211494595,pheitmann,0,78.85,1B Freddie Freeman 2B Osleivis Basabe 3B Max Muncy C Hunter Feduccia OF Teoscar Hernandez OF Yordan Alvarez OF Grant McCray P Drew Rasmussen P Roki Sasaki SS Mookie Betts,,,
649,5211279307,angchapman17,0,78.75,1B Spencer Torkelson 2B Jake Cronenworth 3B Kevin McGonigle C Dillon Dingler OF Zach McKinstry OF Fernando Tatis Jr. OF Jackson Merrill P Robbie Ray P Keider Montero SS Javier Baez,,,
650,5211175608,madballnj,0,78.7,1B Christian Walker 2B Jose Altuve 3B Isaac Paredes C Hunter Feduccia OF Teoscar Hernandez OF Shohei Ohtani OF Daulton Varsho P Logan Gilbert P Roki Sasaki SS Jeremy Pena,,,
650,5211486879,kudos72off,0,78.7,1B Bryce Eldridge 2B Cole Young 3B Kevin McGonigle C Daniel Susac OF Yordan Alvarez OF Grant McCray OF Max Clark P Logan Gilbert P Roki Sasaki SS Willy Adames,,,
652,5211209856,Dmerkel1980,0,78.55,1B Shohei Ohtani 2B Osleivis Basabe 3B Sung-Mun Song C Daniel Susac OF Zach McKinstry OF Corbin Carroll OF Drew Gilbert P Drew Rasmussen P Logan Gilbert SS Xander Bogaerts,,,
652,5211226353,Tnuc425,0,78.55,1B Shohei Ohtani 2B Jake Cronenworth 3B Colt Keith C Yainer Diaz OF Kyle Tucker OF Zach McKinstry OF Riley Greene P Drew Rasmussen P Logan Gilbert SS Javier Baez,,,
652,5211342237,ugotcisco,0,78.55,1B Yandy Diaz 2B Jose Altuve 3B Colt Keith C Hunter Feduccia OF Shohei Ohtani OF Yordan Alvarez OF Andy Pages P Adrian Houser P Roki Sasaki SS Jeremy Pena,,,
652,5211470696,tvielkin,0,78.55,1B Shohei Ohtani 2B Jake Cronenworth 3B Colt Keith C Yainer Diaz OF Kyle Tucker OF Zach McKinstry OF Riley Greene P Drew Rasmussen P Logan Gilbert SS Javier Baez,,,
652,5211563346,tgeroux,0,78.55,1B Shohei Ohtani 2B Jake Cronenworth 3B Colt Keith C Daniel Susac OF Teoscar Hernandez OF Kyle Tucker OF Zach McKinstry P Drew Rasmussen P Logan Gilbert SS Mookie Betts,,,
657,5211072906,chargers0123,0,78.25,1B Rafael Devers 2B Tommy Edman 3B Kevin McGonigle C Cal Raleigh OF Gavin Sheets OF Lars Nootbaar OF Dominic Canzone P Robbie Ray P Logan Gilbert SS Willy Adames,,,
657,5211499725,Prepkillers,0,78.25,1B Tim Tawa 2B Jake Cronenworth 3B Manny Machado C Hunter Feduccia OF Jung Hoo Lee OF Riley Greene OF Corbin Carroll P Robbie Ray P Logan Gilbert SS Kevin McGonigle,,,
659,5211351893,Runninrebel02,0,78.2,1B Shohei Ohtani 2B Jake Cronenworth 3B Max Muncy C Hunter Feduccia OF Kyle Tucker OF Andy Pages OF Riley Greene P Keider Montero P Roki Sasaki SS Kevin McGonigle,,,
659,5211495973,boboso15,0,78.2,1B Christian Walker 2B Jose Altuve 3B Nolan Arenado C Gabriel Moreno OF Kyle Tucker OF Yordan Alvarez OF Riley Greene P Ronel Blanco P Roki Sasaki SS Jeremy Pena,,,
659,5211502213,Bird77,0,78.2,1B Shohei Ohtani 2B Jake Cronenworth 3B Manny Machado C Dillon Dingler OF Zach McKinstry OF Fernando Tatis Jr. OF Max Clark P Keider Montero P Roki Sasaki SS Sung-Mun Song,,,
659,5211521262,neterka,0,78.2,1B Shohei Ohtani 2B Jake Cronenworth 3B Kevin McGonigle C Yainer Diaz OF Kyle Tucker OF Andy Pages OF Riley Greene P Keider Montero P Roki Sasaki SS Mookie Betts,,,
659,5211527165,Rocknee,0,78.2,1B Jonathan Aranda 2B Jose Altuve 3B Colt Keith C Dillon Dingler OF Yordan Alvarez OF Jackson Merrill OF Chandler Simpson P Keider Montero P Roki Sasaki SS Taylor Walls,,,
664,5210857747,surfrider72,0,78.05,1B Freddie Freeman 2B Jake Cronenworth 3B Max Muncy C Hunter Feduccia OF Shohei Ohtani OF Jung Hoo Lee OF Andy Pages P Drew Rasmussen P Ronel Blanco SS Christian Koss,,,
664,5211453927,Bigteach1,0,78.05,1B Shohei Ohtani 2B Jose Altuve 3B Christian Koss C Dillon Dingler OF Javier Baez OF Zach McKinstry OF Riley Greene P Drew Rasmussen P Ronel Blanco SS Kevin McGonigle,,,
664,5211542542,ChargersLT21,0,78.05,1B Shohei Ohtani 2B Jake Cronenworth 3B Max Muncy C Luis Campusano OF Luis Rengifo OF Zach McKinstry OF Jackson Merrill P Drew Rasmussen P Keider Montero SS Javier Baez,,,
667,5211026960,KLeh22,0,77.9,1B Rafael Devers 2B Cole Young 3B Colt Keith C Dillon Dingler OF Randy Arozarena OF Julio Rodriguez OF Max Clark P Keider Montero P Logan Gilbert SS Colt Emerson,,,
667,5211537171,jarodgam76,0,77.9,1B Shohei Ohtani 2B Cole Young 3B Colt Keith C Hunter Feduccia OF Randy Arozarena OF Julio Rodriguez OF Tim Tawa P Keider Montero P Logan Gilbert SS Mookie Betts,,,
667,5211545331,moshern,0,77.9,1B Shohei Ohtani 2B Osleivis Basabe 3B Kevin McGonigle C Hunter Feduccia OF Kyle Tucker OF Riley Greene OF Max Clark P Ronel Blanco P Logan Gilbert SS Geraldo Perdomo,,,
670,5211473774,leribeus75,0,77.85,1B Rafael Devers 2B Gleyber Torres 3B Junior Caminero C Gabriel Moreno OF Randy Arozarena OF Jung Hoo Lee OF Dominic Canzone P Merrill Kelly P Keider Montero SS Geraldo Perdomo,,,
670,5211526872,pittjj95,0,77.85,1B Freddie Freeman 2B Jake Cronenworth 3B Max Muncy C Hunter Feduccia OF Teoscar Hernandez OF Shohei Ohtani OF Jackson Merrill P Drew Rasmussen P Roki Sasaki SS Christian Koss,,,
670,5211566679,cowboys88nelson,0,77.85,1B Shohei Ohtani 2B Jose Altuve 3B Colt Keith C Daniel Susac OF Teoscar Hernandez OF Kyle Tucker OF Riley Greene P Drew Rasmussen P Roki Sasaki SS Mookie Betts,,,
673,5211499627,Jeremyrenk,0,77.75,1B Rafael Devers 2B Jake Cronenworth 3B Kevin McGonigle C Dillon Dingler OF Teoscar Hernandez OF Taylor Ward OF Andy Pages P Robbie Ray P Keider Montero SS Geraldo Perdomo,,,
674,5211479415,L053R666,0,77.7,1B Shohei Ohtani 2B Tommy Edman 3B Colt Keith C Hunter Feduccia OF Kyle Tucker OF Andy Pages OF Riley Greene P Logan Gilbert P Roki Sasaki SS Javier Baez,,,
675,5210939343,gwells23,0,77.55,1B LaMonte Wade Jr. 2B Osleivis Basabe 3B Kike Hernandez C Dillon Dingler OF Gavin Sheets OF Yordan Alvarez OF Daulton Varsho P Drew Rasmussen P Logan Gilbert SS Miguel Rojas,,,
675,5211519949,Brian60606060,0,77.55,1B Freddie Freeman 2B Jose Altuve 3B Max Muncy C Luis Campusano OF Javier Baez OF Lars Nootbaar OF Daulton Varsho P Drew Rasmussen P Logan Gilbert SS Colt Emerson,,,
677,5210973571,jimbo484848,0,77.399994,1B Tim Tawa 2B Jake Cronenworth 3B Manny Machado C Cal Raleigh OF Shohei Ohtani OF Lars Nootbaar OF Riley Greene P Robbie Ray P Drew Rasmussen SS Taylor Walls,,,
677,5211174515,3thor3,0,77.399994,1B Josh Naylor 2B Tommy Edman 3B Nolan Arenado C Dillon Dingler OF Jung Hoo Lee OF Dominic Canzone OF Riley Greene P Robbie Ray P Drew Rasmussen SS Javier Baez,,,
677,5211531220,rigsy5555,0,77.399994,1B Liam Hicks 2B Osleivis Basabe 3B Kevin McGonigle C Dillon Dingler OF Teoscar Hernandez OF Jung Hoo Lee OF Max Clark P Robbie Ray P Drew Rasmussen SS Xander Bogaerts,,,
680,5211158756,Sallibone,0,77.25,1B Rafael Devers 2B Osleivis Basabe 3B Nolan Arenado C Gabriel Moreno OF Teoscar Hernandez OF Shohei Ohtani OF Tim Tawa P Robbie Ray P Logan Gilbert SS Xander Bogaerts,,,
681,5211510943,xTotte,0,77.2,1B Christian Walker 2B Jose Altuve 3B Kevin McGonigle C Dillon Dingler OF Shohei Ohtani OF Riley Greene OF Max Clark P Keider Montero P Roki Sasaki SS Sung-Mun Song,,,
681,5211563333,swift280,0,77.2,1B Shohei Ohtani 2B Jake Cronenworth 3B Isaac Paredes C Yainer Diaz OF Kyle Tucker OF Yordan Alvarez OF Andy Pages P Keider Montero P Roki Sasaki SS Javier Baez,,,
683,5211344911,Rickeye53,0,77.05,1B Tim Tawa 2B Ketel Marte 3B Junior Caminero C Liam Hicks OF Teoscar Hernandez OF Kyle Tucker OF Lars Nootbaar P Drew Rasmussen P Keider Montero SS Taylor Walls,,,
683,5211446880,rickyrozay1986,0,77.05,1B Liam Hicks 2B Jake Cronenworth 3B Colt Keith C Dillon Dingler OF Luis Rengifo OF Riley Greene OF Max Clark P Drew Rasmussen P Keider Montero SS Kevin McGonigle,,,
685,5211445278,fredm84,0,76.9,1B Shohei Ohtani 2B Cole Young 3B Colt Keith C Hunter Feduccia OF Kyle Tucker OF Jung Hoo Lee OF Andy Pages P Ronel Blanco P Logan Gilbert SS Kevin McGonigle,,,
686,5210551690,gators070,0,76.85,1B Freddie Freeman 2B Gleyber Torres 3B Max Muncy C Hunter Feduccia OF Shohei Ohtani OF Kyle Tucker OF Zach McKinstry P Drew Rasmussen P Roki Sasaki SS Christian Koss,,,
686,5210884154,jake8jmw,0,76.85,1B Shohei Ohtani 2B Gleyber Torres 3B Colt Keith C Daniel Susac OF Zach McKinstry OF Yordan Alvarez OF Max Clark P Drew Rasmussen P Roki Sasaki SS Javier Baez,,,
686,5211530803,jrpiiiusc,0,76.85,1B Freddie Freeman 2B Jake Cronenworth 3B Max Muncy C Daniel Susac OF Teoscar Hernandez OF Jackson Merrill OF Max Clark P Drew Rasmussen P Roki Sasaki SS Mookie Betts,,,
686,5211568984,sfinzone49,0,76.85,1B Freddie Freeman 2B Osleivis Basabe 3B Max Muncy C Hunter Feduccia OF Shohei Ohtani OF Kyle Tucker OF Max Clark P Drew Rasmussen P Roki Sasaki SS Javier Baez,,,
690,5211333864,djWyllyB,0,76.75,1B Christian Walker 2B Osleivis Basabe 3B Colt Keith C Gabriel Moreno OF Shohei Ohtani OF Kyle Tucker OF Julio Rodriguez P Robbie Ray P Keider Montero SS Kevin McGonigle,,,
690,5211510069,wizgagnon,0,76.75,1B Christian Walker 2B Jake Cronenworth 3B Nolan Arenado C Luis Campusano OF Shohei Ohtani OF Corbin Carroll OF Jackson Merrill P Robbie Ray P Keider Montero SS Geraldo Perdomo,,,
692,5210677616,rubbsy,0,76.7,1B Shohei Ohtani 2B Jake Cronenworth 3B Colt Keith C Cal Raleigh OF Kyle Tucker OF Zach McKinstry OF Riley Greene P Logan Gilbert P Roki Sasaki SS Kevin McGonigle,,,
692,5211055462,raiderfan88,0,76.7,1B Shohei Ohtani 2B Jake Cronenworth 3B Colt Keith C Dillon Dingler OF Kyle Tucker OF Zach McKinstry OF Andy Pages P Logan Gilbert P Roki Sasaki SS Javier Baez,,,
692,5211536429,mslockeby,0,76.7,1B Josh Naylor 2B Cole Young 3B Max Muncy C Cal Raleigh OF Randy Arozarena OF Zach McKinstry OF Julio Rodriguez P Logan Gilbert P Roki Sasaki SS Mookie Betts,,,
695,5210827335,edelong76,0,76.399994,1B Shohei Ohtani 2B Jake Cronenworth 3B Max Muncy C Hunter Feduccia OF Kyle Tucker OF Zach McKinstry OF Max Clark P Robbie Ray P Drew Rasmussen SS Kevin McGonigle,,,
695,5211049547,CR7162,0,76.399994,1B Liam Hicks 2B Gleyber Torres 3B Nolan Arenado C Gabriel Moreno OF Jung Hoo Lee OF Riley Greene OF Chandler Simpson P Robbie Ray P Drew Rasmussen SS Javier Baez,,,
695,5211518386,YABOYLUX,0,76.399994,1B Freddie Freeman 2B Jake Cronenworth 3B Max Muncy C Luis Campusano OF Teoscar Hernandez OF Zach McKinstry OF Andy Pages P Robbie Ray P Drew Rasmussen SS Mookie Betts,,,
698,5211509157,jruss5585,0,76.350006,1B Rafael Devers 2B Jose Altuve 3B Colt Keith C Gabriel Moreno OF Jung Hoo Lee OF Dominic Canzone OF Corbin Carroll P Merrill Kelly P Logan Gilbert SS Jeremy Pena,,,
699,5211550399,apenn21,0,76.25,1B Bryce Eldridge 2B Cole Young 3B Kevin McGonigle C Gabriel Moreno OF Lars Nootbaar OF Drew Gilbert OF Jackson Merrill P Robbie Ray P Logan Gilbert SS Willy Adames,,,
700,5210867640,DJShorty76,0,76.2,1B Christian Walker 2B Jose Altuve 3B Junior Caminero C Liam Hicks OF Javier Baez OF Kyle Tucker OF Yordan Alvarez P Ronel Blanco P Roki Sasaki SS Geraldo Perdomo,,,
700,5211359108,HeechNYC,0,76.2,1B Christian Walker 2B Jose Altuve 3B Brendan Donovan C Dillon Dingler OF Shohei Ohtani OF Kyle Tucker OF Max Clark P Keider Montero P Roki Sasaki SS Kevin McGonigle,,,
700,5211493466,kokidd60,0,76.2,1B Jonathan Aranda 2B Osleivis Basabe 3B Max Muncy C Luis Campusano OF Randy Arozarena OF Zach McKinstry OF Yordan Alvarez P Keider Montero P Roki Sasaki SS Jeremy Pena,,,
700,5211516090,Yellowstone1972,0,76.2,1B Rafael Devers 2B Gleyber Torres 3B Colt Keith C Daniel Susac OF Shohei Ohtani OF Jonny DeLuca OF Corbin Carroll P Keider Montero P Roki Sasaki SS Willy Adames,,,
700,5211519191,whelanjm11,0,76.2,1B Shohei Ohtani 2B Jose Altuve 3B Colt Keith C Liam Hicks OF Riley Greene OF Jackson Merrill OF Max Clark P Keider Montero P Roki Sasaki SS Kevin McGonigle,,,
705,5211492950,DigitalDreams,0,76.1,1B Freddie Freeman 2B Ketel Marte 3B Nolan Arenado C Gabriel Moreno OF Kyle Tucker OF Andy Pages OF Corbin Carroll P Robbie Ray P Adrian Houser SS Geraldo Perdomo,,,
706,5211570872,sergiop369,0,76.05,1B Spencer Torkelson 2B Cole Young 3B Kevin McGonigle C Luis Campusano OF Luis Rengifo OF Dominic Canzone OF Corbin Carroll P Drew Rasmussen P Keider Montero SS Javier Baez,,,
706,5211089033,SpeedRacer101,0,76.049995,1B Rafael Devers 2B Tommy Edman 3B Max Muncy C Hunter Feduccia OF Max Kepler OF Kyle Tucker OF Corbin Carroll P Drew Rasmussen P Ronel Blanco SS Mookie Betts,,,
706,5211311887,lambchopz,0,76.049995,1B Christian Walker 2B Jose Altuve 3B Colt Keith C Yainer Diaz OF Javier Baez OF Yordan Alvarez OF Max Clark P Drew Rasmussen P Keider Montero SS Jeremy Pena,,,
709,5211513434,everydayidecay,0,75.85,1B Yandy Diaz 2B Gleyber Torres 3B Colt Keith C Liam Hicks OF Kyle Tucker OF Riley Greene OF Max Clark P Drew Rasmussen P Roki Sasaki SS Mookie Betts,,,
709,5211539881,BeRex,0,75.85,1B Freddie Freeman 2B Jake Cronenworth 3B Max Muncy C Hunter Feduccia OF Shohei Ohtani OF Gavin Sheets OF Kyle Tucker P Drew Rasmussen P Roki Sasaki SS Sung-Mun Song,,,
711,5211550309,Drock1838,0,75.7,1B Freddie Freeman 2B Tommy Edman 3B Colt Keith C Hunter Feduccia OF Kyle Tucker OF Riley Greene OF Max Clark P Logan Gilbert P Roki Sasaki SS Kevin McGonigle,,,
712,5210875438,scboll,0,75.55,1B Bryce Eldridge 2B Jake Cronenworth 3B Manny Machado C Daniel Susac OF Luis Rengifo OF Fernando Tatis Jr. OF Jackson Merrill P Robbie Ray P Roki Sasaki SS Willy Adames,,,
712,5211532306,loudys01,0,75.55,1B Freddie Freeman 2B Jake Cronenworth 3B Kevin McGonigle C Luis Campusano OF Shohei Ohtani OF Zach McKinstry OF Fernando Tatis Jr. P Robbie Ray P Roki Sasaki SS Colt Emerson,,,
712,5211578169,Tawltale,0,75.55,1B Bryce Eldridge 2B Jake Cronenworth 3B Manny Machado C Daniel Susac OF Luis Rengifo OF Fernando Tatis Jr. OF Jackson Merrill P Robbie Ray P Roki Sasaki SS Willy Adames,,,
715,5211183404,difomoneycash,0,75.399994,1B Rafael Devers 2B Jake Cronenworth 3B Yandy Diaz C Daniel Susac OF Kyle Tucker OF Andy Pages OF Corbin Carroll P Robbie Ray P Drew Rasmussen SS Javier Baez,,,
715,5211486332,MrMuse1067,0,75.399994,1B Spencer Torkelson 2B Ketel Marte 3B Kevin McGonigle C Luis Campusano OF Gavin Sheets OF Riley Greene OF Chandler Simpson P Robbie Ray P Drew Rasmussen SS Taylor Walls,,,
715,5211494137,bigdaddy27j,0,75.399994,1B Jonathan Aranda 2B Jose Altuve 3B Colt Keith C Dillon Dingler OF Shohei Ohtani OF Zach McKinstry OF Grant McCray P Robbie Ray P Drew Rasmussen SS Xander Bogaerts,,,
715,5211495409,sharksbay99,0,75.399994,1B Liam Hicks 2B Jake Cronenworth 3B Max Muncy C Luis Campusano OF Fernando Tatis Jr. OF Grant McCray OF Max Clark P Robbie Ray P Drew Rasmussen SS Mookie Betts,,,
719,5210942355,cavs44,0,75.25,1B Rafael Devers 2B Jake Cronenworth 3B Nolan Arenado C Ben Rortvedt OF Riley Greene OF Corbin Carroll OF Jackson Merrill P Robbie Ray P Logan Gilbert SS Mookie Betts,,,
719,5211161742,cmack063,0,75.25,1B Josh Naylor 2B Ketel Marte 3B Brendan Donovan C Cal Raleigh OF Randy Arozarena OF Julio Rodriguez OF Tim Tawa P Robbie Ray P Logan Gilbert SS Geraldo Perdomo,,,
721,5211435962,TheShow11,0,75.2,1B Liam Hicks 2B Jose Altuve 3B Isaac Paredes C Cal Raleigh OF Kyle Tucker OF Randy Arozarena OF Yordan Alvarez P Ronel Blanco P Roki Sasaki SS Willy Adames,,,
721,5211488338,k.wisneski,0,75.2,1B Christian Walker 2B Osleivis Basabe 3B Isaac Paredes C Yainer Diaz OF Shohei Ohtani OF Randy Arozarena OF Corbin Carroll P Keider Montero P Roki Sasaki SS Willy Adames,,,
721,5211498838,mrbproof,0,75.2,1B Freddie Freeman 2B Jose Altuve 3B Max Muncy C Hunter Feduccia OF Shohei Ohtani OF Jung Hoo Lee OF Andy Pages P Keider Montero P Roki Sasaki SS Colt Emerson,,,
721,5211515714,slick300800,0,75.2,1B Shohei Ohtani 2B Jose Altuve 3B Kevin McGonigle C Daniel Susac OF Kyle Tucker OF Andy Pages OF Riley Greene P Ronel Blanco P Roki Sasaki SS Mookie Betts,,,
725,5210948218,tross2255,0,75.05,1B Liam Hicks 2B Tommy Edman 3B Max Muncy C Gabriel Moreno OF Lars Nootbaar OF Riley Greene OF Max Clark P Drew Rasmussen P Keider Montero SS Taylor Walls,,,
725,5211203584,chrismar123,0,75.05,1B Tim Tawa 2B Jake Cronenworth 3B Max Muncy C Dillon Dingler OF Max Kepler OF Shohei Ohtani OF Max Clark P Drew Rasmussen P Keider Montero SS Sung-Mun Song,,,
727,5210922352,zrenfro,0,74.9,1B Shohei Ohtani 2B Osleivis Basabe 3B Kevin McGonigle C Hunter Feduccia OF Teoscar Hernandez OF Kyle Tucker OF Riley Greene P Ronel Blanco P Logan Gilbert SS Geraldo Perdomo,,,
727,5211167729,Remm101,0,74.9,1B Shohei Ohtani 2B Osleivis Basabe 3B Kevin McGonigle C Hunter Feduccia OF Teoscar Hernandez OF Kyle Tucker OF Riley Greene P Ronel Blanco P Logan Gilbert SS Geraldo Perdomo,,,
727,5211387183,keatonspops,0,74.9,1B Christian Walker 2B Osleivis Basabe 3B Kevin McGonigle C Luis Campusano OF Teoscar Hernandez OF Shohei Ohtani OF Riley Greene P Keider Montero P Logan Gilbert SS Javier Baez,,,
727,5211438907,bwestinmilehigh,0,74.9,1B Shohei Ohtani 2B Osleivis Basabe 3B Kevin McGonigle C Hunter Feduccia OF Teoscar Hernandez OF Kyle Tucker OF Riley Greene P Ronel Blanco P Logan Gilbert SS Geraldo Perdomo,,,
727,5211532264,sbdking12,0,74.9,1B Shohei Ohtani 2B Osleivis Basabe 3B Kevin McGonigle C Hunter Feduccia OF Teoscar Hernandez OF Kyle Tucker OF Riley Greene P Ronel Blanco P Logan Gilbert SS Geraldo Perdomo,,,
727,5211543704,Gthitter,0,74.9,1B Yandy Diaz 2B Jake Cronenworth 3B Nolan Arenado C Luis Campusano OF Riley Greene OF Jackson Merrill OF Chandler Simpson P Keider Montero P Logan Gilbert SS Mookie Betts,,,
727,5211565510,Iceman501,0,74.9,1B Christian Walker 2B Jose Altuve 3B Colt Keith C Hunter Feduccia OF Shohei Ohtani OF Kyle Tucker OF Andy Pages P Ronel Blanco P Logan Gilbert SS Mookie Betts,,,
734,5211491783,armadillo43,0,74.85,1B Spencer Torkelson 2B Gleyber Torres 3B Colt Keith C Dillon Dingler OF Luis Rengifo OF Gavin Sheets OF Riley Greene P Drew Rasmussen P Roki Sasaki SS Xander Bogaerts,,,
735,5211295297,umadbr0,0,74.7,1B Spencer Torkelson 2B Jake Cronenworth 3B Colt Keith C Cal Raleigh OF Luis Rengifo OF Fernando Tatis Jr. OF Riley Greene P Logan Gilbert P Roki Sasaki SS Xander Bogaerts,,,
736,5211140470,mrbig91,0,74.55,1B Jonathan Aranda 2B Jose Altuve 3B Isaac Paredes C Yainer Diaz OF Javier Baez OF Shohei Ohtani OF Randy Arozarena P Robbie Ray P Roki Sasaki SS Geraldo Perdomo,,,
737,5210785723,sabibpe,0,74.5,1B Shohei Ohtani 2B Jake Cronenworth 3B Colt Keith C Yainer Diaz OF Kyle Tucker OF Yordan Alvarez OF Max Clark P Merrill Kelly P Drew Rasmussen SS Xander Bogaerts,,,
738,5211001425,pat_the_hat2,0,74.399994,1B Shohei Ohtani 2B Jake Cronenworth 3B Sung-Mun Song C Hunter Feduccia OF Gavin Sheets OF Fernando Tatis Jr. OF Lars Nootbaar P Robbie Ray P Drew Rasmussen SS Xander Bogaerts,,,
738,5211125901,SoulJack,0,74.399994,1B Spencer Torkelson 2B Gleyber Torres 3B Weston Wilson C Dillon Dingler OF Lars Nootbaar OF Riley Greene OF Grant McCray P Robbie Ray P Drew Rasmussen SS Kevin McGonigle,,,
738,5211552077,jcr333,0,74.399994,1B Shohei Ohtani 2B Gleyber Torres 3B Kevin McGonigle C Hunter Feduccia OF Teoscar Hernandez OF Zach McKinstry OF Max Clark P Robbie Ray P Drew Rasmussen SS Mookie Betts,,,
738,5211554778,averydeuce,0,74.399994,1B Tim Tawa 2B Gleyber Torres 3B Colt Keith C Dillon Dingler OF Javier Baez OF Kyle Tucker OF Jackson Merrill P Robbie Ray P Drew Rasmussen SS Mookie Betts,,,
742,5211468214,GoBillsGo47,0,74.25,1B Josh Naylor 2B Cole Young 3B Kevin McGonigle C Gabriel Moreno OF Dominic Canzone OF Andy Pages OF Max Clark P Robbie Ray P Logan Gilbert SS Willy Adames,,,
743,5210644813,adua711,0,74.2,1B Shohei Ohtani 2B Jose Altuve 3B Isaac Paredes C Yainer Diaz OF Kyle Tucker OF Daulton Varsho OF Andy Pages P Keider Montero P Roki Sasaki SS Jeremy Pena,,,
743,5210957741,slwillie,0,74.2,1B Christian Walker 2B Gleyber Torres 3B Colt Keith C Dillon Dingler OF Shohei Ohtani OF Kyle Tucker OF Julio Rodriguez P Keider Montero P Roki Sasaki SS Javier Baez,,,
745,5211491596,JV211,0,74.05,1B Freddie Freeman 2B Jose Altuve 3B Colt Keith C Yainer Diaz OF Riley Greene OF Chandler Simpson OF Max Clark P Drew Rasmussen P Keider Montero SS Kevin McGonigle,,,
745,5211460630,Beamjim,0,74.049995,1B Freddie Freeman 2B Jose Altuve 3B Max Muncy C Yainer Diaz OF Javier Baez OF Jung Hoo Lee OF Lars Nootbaar P Drew Rasmussen P Keider Montero SS Mookie Betts,,,
745,5211530957,tomiadanza,0,74.049995,1B Jonathan Aranda 2B Gleyber Torres 3B Colt Keith C Yainer Diaz OF Shohei Ohtani OF Riley Greene OF Max Clark P Drew Rasmussen P Keider Montero SS Javier Baez,,,
745,5211568814,etm2014,0,74.049995,1B Shohei Ohtani 2B Jose Altuve 3B Colt Keith C Dillon Dingler OF Gavin Sheets OF Kyle Tucker OF Lars Nootbaar P Drew Rasmussen P Keider Montero SS Sung-Mun Song,,,
749,5210975879,DKyat,0,73.9,1B Tim Tawa 2B Jose Altuve 3B Kevin McGonigle C Gabriel Moreno OF Kyle Tucker OF Lars Nootbaar OF Corbin Carroll P Ronel Blanco P Logan Gilbert SS Mookie Betts,,,
749,5211456099,maxnewbury,0,73.9,1B Freddie Freeman 2B Ketel Marte 3B Manny Machado C Hunter Feduccia OF Max Kepler OF Taylor Ward OF Tim Tawa P Keider Montero P Logan Gilbert SS Geraldo Perdomo,,,
751,5210850109,Rdirksen,0,73.85,1B Yandy Diaz 2B Cole Young 3B Nolan Arenado C Nick Fortes OF Teoscar Hernandez OF Shohei Ohtani OF Corbin Carroll P Drew Rasmussen P Roki Sasaki SS Miguel Rojas,,,
751,5210945665,jeffs3454,0,73.85,1B Freddie Freeman 2B Jake Cronenworth 3B Max Muncy C Luis Campusano OF Teoscar Hernandez OF Luis Rengifo OF Kyle Tucker P Drew Rasmussen P Roki Sasaki SS Mookie Betts,,,
751,5211067944,Rey12263,0,73.85,1B Freddie Freeman 2B Jake Cronenworth 3B Max Muncy C Hunter Feduccia OF Shohei Ohtani OF Kyle Tucker OF Max Clark P Drew Rasmussen P Roki Sasaki SS Javier Baez,,,
751,5211197500,L011ygagr,0,73.85,1B Shohei Ohtani 2B Jake Cronenworth 3B Sung-Mun Song C Dillon Dingler OF Teoscar Hernandez OF Kyle Tucker OF Max Clark P Drew Rasmussen P Roki Sasaki SS Xander Bogaerts,,,
751,5211447909,Compton2432,0,73.85,1B Freddie Freeman 2B Tommy Edman 3B Brendan Donovan C Cal Raleigh OF Teoscar Hernandez OF Kyle Tucker OF Chandler Simpson P Drew Rasmussen P Roki Sasaki SS Mookie Betts,,,
751,5211462916,mntiny,0,73.85,1B Freddie Freeman 2B Jake Cronenworth 3B Max Muncy C Hunter Feduccia OF Shohei Ohtani OF Kyle Tucker OF Max Clark P Drew Rasmussen P Roki Sasaki SS Javier Baez,,,
751,5211510357,cosmoney,0,73.85,1B Freddie Freeman 2B Jake Cronenworth 3B Max Muncy C Hunter Feduccia OF Shohei Ohtani OF Kyle Tucker OF Max Clark P Drew Rasmussen P Roki Sasaki SS Javier Baez,,,
751,5211564957,Naaz11,0,73.85,1B Freddie Freeman 2B Jake Cronenworth 3B Max Muncy C Hunter Feduccia OF Shohei Ohtani OF Kyle Tucker OF Max Clark P Drew Rasmussen P Roki Sasaki SS Javier Baez,,,
759,5211410971,mtwurth,0,73.75,1B Jonathan Aranda 2B Tommy Edman 3B Isaac Paredes C Dillon Dingler OF Kyle Tucker OF Jung Hoo Lee OF Lars Nootbaar P Robbie Ray P Keider Montero SS Jeremy Pena,,,
760,5211469341,mdynamite,0,73.7,1B Shohei Ohtani 2B Jose Altuve 3B Brendan Donovan C Yainer Diaz OF Kyle Tucker OF Jung Hoo Lee OF Max Clark P Logan Gilbert P Roki Sasaki SS Mookie Betts,,,
760,5211493165,mikehoben,0,73.7,1B Freddie Freeman 2B Jake Cronenworth 3B Kevin McGonigle C Luis Campusano OF Shohei Ohtani OF Gavin Sheets OF Max Clark P Logan Gilbert P Roki Sasaki SS Colt Emerson,,,
760,5211575394,MikeyMikeMike,0,73.7,1B Spencer Torkelson 2B Gleyber Torres 3B Colt Keith C Dillon Dingler OF Kyle Tucker OF Drew Gilbert OF Jackson Merrill P Logan Gilbert P Roki Sasaki SS Javier Baez,,,
763,5210922538,MasonJoody,0,73.55,1B Yandy Diaz 2B Osleivis Basabe 3B Kevin McGonigle C Gabriel Moreno OF Randy Arozarena OF Yordan Alvarez OF Max Clark P Adrian Houser P Roki Sasaki SS Jeremy Pena,,,
763,5210995371,mfps22,0,73.55,1B Shohei Ohtani 2B Ketel Marte 3B Max Muncy C Hunter Feduccia OF Zach McKinstry OF Daulton Varsho OF Grant McCray P Drew Rasmussen P Logan Gilbert SS Sung-Mun Song,,,
765,5211286210,Chris1968,0,73.399994,1B Freddie Freeman 2B Jake Cronenworth 3B Max Muncy C Hunter Feduccia OF Shohei Ohtani OF Zach McKinstry OF Andy Pages P Robbie Ray P Drew Rasmussen SS Christian Koss,,,
765,5211393436,TBirdSCIL,0,73.399994,1B Freddie Freeman 2B Jake Cronenworth 3B Colt Keith C Luis Campusano OF Luis Rengifo OF Andy Pages OF Riley Greene P Robbie Ray P Drew Rasmussen SS Mookie Betts,,,
765,5211489145,Chrisbentro1,0,73.399994,1B Shohei Ohtani 2B Jake Cronenworth 3B Colt Keith C Liam Hicks OF Kyle Tucker OF Jung Hoo Lee OF Lars Nootbaar P Robbie Ray P Drew Rasmussen SS Mookie Betts,,,
768,5211388279,Grandhope,0,73.25,1B Jonathan Aranda 2B Jake Cronenworth 3B Junior Caminero C Liam Hicks OF Zach McKinstry OF Corbin Carroll OF Ryan Waldschmidt P Robbie Ray P Logan Gilbert SS Javier Baez,,,
768,5211501470,Bitcoin4Freedom,0,73.25,1B Freddie Freeman 2B Jake Cronenworth 3B Max Muncy C Hunter Feduccia OF Corbin Carroll OF Tim Tawa OF Ryan Waldschmidt P Robbie Ray P Logan Gilbert SS Geraldo Perdomo,,,
770,5211328452,smk5430,0,73.2,1B Shohei Ohtani 2B Jake Cronenworth 3B Kevin McGonigle C Luis Campusano OF Javier Baez OF Fernando Tatis Jr. OF Jackson Merrill P Robbie Ray P Merrill Kelly SS Xander Bogaerts,,,
770,5211535965,ashray,0,73.2,1B Shohei Ohtani 2B Osleivis Basabe 3B Colt Keith C Luis Campusano OF Fernando Tatis Jr. OF Yordan Alvarez OF Max Clark P Keider Montero P Roki Sasaki SS Javier Baez,,,
770,5211545083,caesar187,0,73.2,1B Shohei Ohtani 2B Jake Cronenworth 3B Isaac Paredes C Luis Campusano OF Javier Baez OF Taylor Ward OF Fernando Tatis Jr. P Keider Montero P Roki Sasaki SS Jeremy Pena,,,
770,5211560978,razorbackavery,0,73.2,1B Freddie Freeman 2B Jose Altuve 3B Max Muncy C Hunter Feduccia OF Shohei Ohtani OF Zach McKinstry OF Fernando Tatis Jr. P Keider Montero P Roki Sasaki SS Sung-Mun Song,,,
770,5211575445,Richwar,0,73.2,1B Freddie Freeman 2B Jake Cronenworth 3B Max Muncy C Dillon Dingler OF Zach McKinstry OF Fernando Tatis Jr. OF Jackson Merrill P Keider Montero P Roki Sasaki SS Christian Koss,,,
775,5211105626,HornHighYo7275,0,73.05,1B Freddie Freeman 2B Ketel Marte 3B Colt Keith C Gabriel Moreno OF Zach McKinstry OF Riley Greene OF Max Clark P Drew Rasmussen P Ronel Blanco SS Kevin McGonigle,,,
775,5211536912,alansclub,0,73.05,1B Shohei Ohtani 2B Jake Cronenworth 3B Max Muncy C Luis Campusano OF Teoscar Hernandez OF Jackson Merrill OF Max Clark P Drew Rasmussen P Keider Montero SS Javier Baez,,,
775,5211540668,KCCheeZ33,0,73.05,1B Shohei Ohtani 2B Gleyber Torres 3B Max Muncy C Dillon Dingler OF Javier Baez OF Zach McKinstry OF Tim Tawa P Drew Rasmussen P Keider Montero SS Christian Koss,,,
775,5211575540,iloveKAWS12,0,73.05,1B Freddie Freeman 2B Gleyber Torres 3B Colt Keith C Yainer Diaz OF Lars Nootbaar OF Riley Greene OF Max Clark P Drew Rasmussen P Keider Montero SS Kevin McGonigle,,,
779,5211446225,Countz1331,0,72.9,1B Christian Walker 2B Gleyber Torres 3B Nolan Arenado C Yainer Diaz OF Yordan Alvarez OF Grant McCray OF Max Clark P Ronel Blanco P Logan Gilbert SS Kevin McGonigle,,,
780,5210945064,Dperrin13,0,72.85,1B Yandy Diaz 2B Gleyber Torres 3B Manny Machado C Liam Hicks OF Max Kepler OF Lars Nootbaar OF Jackson Merrill P Merrill Kelly P Keider Montero SS Kevin McGonigle,,,
780,5211266911,minfan77,0,72.85,1B Shohei Ohtani 2B Jake Cronenworth 3B Max Muncy C Luis Campusano OF Luis Rengifo OF Gavin Sheets OF Kyle Tucker P Drew Rasmussen P Roki Sasaki SS Xander Bogaerts,,,
780,5211513786,pb7life,0,72.85,1B Yandy Diaz 2B Jose Altuve 3B Colt Keith C Hunter Feduccia OF Luis Rengifo OF Yordan Alvarez OF Chandler Simpson P Drew Rasmussen P Roki Sasaki SS Xander Bogaerts,,,
783,5211487255,The.Hockey.Guy,0,72.55,1B Bryce Eldridge 2B Jake Cronenworth 3B Max Muncy C Hunter Feduccia OF Shohei Ohtani OF Riley Greene OF Grant McCray P Drew Rasmussen P Logan Gilbert SS Christian Koss,,,
783,5211512222,Mistercap26,0,72.55,1B Liam Hicks 2B Jake Cronenworth 3B Manny Machado C Hunter Feduccia OF Taylor Ward OF Randy Arozarena OF Fernando Tatis Jr. P Robbie Ray P Roki Sasaki SS Geraldo Perdomo,,,
783,5211518088,jersey44,0,72.55,1B Spencer Torkelson 2B Osleivis Basabe 3B Kevin McGonigle C Dillon Dingler OF Shohei Ohtani OF Zach McKinstry OF Max Clark P Robbie Ray P Roki Sasaki SS Mookie Betts,,,
786,5211485571,FosterMel86,0,72.4,1B Josh Naylor 2B Jose Altuve 3B Isaac Paredes C Yainer Diaz OF Kyle Tucker OF Yordan Alvarez OF Julio Rodriguez P Ronel Blanco P Keider Montero SS Jeremy Pena,,,
786,5210834875,mtsaia,0,72.399994,1B Rafael Devers 2B Jake Cronenworth 3B Manny Machado C Dillon Dingler OF Teoscar Hernandez OF Riley Greene OF Grant McCray P Robbie Ray P Drew Rasmussen SS Xander Bogaerts,,,
788,5211355710,chfen07,0,72.350006,1B Josh Naylor 2B Cole Young 3B Isaac Paredes C Yainer Diaz OF Yordan Alvarez OF Jake Meyers OF Dominic Canzone P Merrill Kelly P Logan Gilbert SS Jeremy Pena,,,
789,5211533095,asian6000,0,72.25,1B Shohei Ohtani 2B Osleivis Basabe 3B Colt Keith C Hunter Feduccia OF Kyle Tucker OF Andy Pages OF Max Clark P Robbie Ray P Logan Gilbert SS Kevin McGonigle,,,
790,5210908187,Kathy843,0,72.2,1B Yandy Diaz 2B Ketel Marte 3B Kevin McGonigle C Luis Campusano OF Randy Arozarena OF Andy Pages OF Corbin Carroll P Merrill Kelly P Adrian Houser SS Jeremy Pena,,,
790,5211153373,THEBEST77,0,72.2,1B Freddie Freeman 2B Tommy Edman 3B Kevin McGonigle C Daniel Susac OF Kyle Tucker OF Andy Pages OF Riley Greene P Ronel Blanco P Roki Sasaki SS Mookie Betts,,,
790,5211397224,Beginners,0,72.2,1B Yandy Diaz 2B Osleivis Basabe 3B Kevin McGonigle C Gabriel Moreno OF Randy Arozarena OF Andy Pages OF Max Clark P Keider Montero P Roki Sasaki SS Jeremy Pena,,,
790,5211517456,Jackrabbit94,0,72.2,1B Jonathan Aranda 2B Gleyber Torres 3B Colt Keith C Dillon Dingler OF Kyle Tucker OF Riley Greene OF Chandler Simpson P Keider Montero P Roki Sasaki SS Kevin McGonigle,,,
790,5211562637,jahust11,0,72.2,1B Freddie Freeman 2B Jake Cronenworth 3B Max Muncy C Luis Campusano OF Shohei Ohtani OF Zach McKinstry OF Andy Pages P Keider Montero P Roki Sasaki SS Mookie Betts,,,
795,5210626833,blitzburgh07,0,72.05,1B Freddie Freeman 2B Jake Cronenworth 3B Max Muncy C Yainer Diaz OF Max Kepler OF Kyle Tucker OF Max Clark P Drew Rasmussen P Keider Montero SS Kevin McGonigle,,,
795,5211546398,CarmNistelrooy,0,72.049995,1B Freddie Freeman 2B Jake Cronenworth 3B Manny Machado C Hunter Feduccia OF Shohei Ohtani OF Gavin Sheets OF Max Clark P Drew Rasmussen P Keider Montero SS Xander Bogaerts,,,
795,5211580592,DuckFan94,0,72.049995,1B Freddie Freeman 2B Jose Altuve 3B Max Muncy C Yainer Diaz OF Javier Baez OF Jung Hoo Lee OF Max Clark P Drew Rasmussen P Keider Montero SS Mookie Betts,,,
798,5211170005,Melted,0,71.9,1B Josh Naylor 2B Jose Altuve 3B Brendan Donovan C Yainer Diaz OF Kyle Tucker OF Corbin Carroll OF Jackson Merrill P Keider Montero P Logan Gilbert SS Geraldo Perdomo,,,
799,5211532280,dbrackybrack69,0,71.85,1B Freddie Freeman 2B Tommy Edman 3B Colt Keith C Dillon Dingler OF Teoscar Hernandez OF Javier Baez OF Max Clark P Drew Rasmussen P Roki Sasaki SS Mookie Betts,,,
800,5211127070,Wanna_Square_Up1567,0,71.7,1B Bryce Eldridge 2B Jake Cronenworth 3B Max Muncy C Hunter Feduccia OF Shohei Ohtani OF Andy Pages OF Grant McCray P Logan Gilbert P Roki Sasaki SS Mookie Betts,,,
800,5211417928,fladman,0,71.7,1B Freddie Freeman 2B Jake Cronenworth 3B Colt Keith C Hunter Feduccia OF Shohei Ohtani OF Andy Pages OF Riley Greene P Logan Gilbert P Roki Sasaki SS Javier Baez,,,
800,5211420112,salatso22,0,71.7,1B Freddie Freeman 2B Jose Altuve 3B Colt Keith C Yainer Diaz OF Teoscar Hernandez OF Kyle Tucker OF Andy Pages P Logan Gilbert P Roki Sasaki SS Mookie Betts,,,
803,5211562605,q5caver2,0,71.55,1B Bryce Eldridge 2B Cole Young 3B Yandy Diaz C Luis Campusano OF Randy Arozarena OF Fernando Tatis Jr. OF Jung Hoo Lee P Robbie Ray P Roki Sasaki SS Geraldo Perdomo,,,
804,5211540671,JosefKavalier,0,71.399994,1B Freddie Freeman 2B Jake Cronenworth 3B Max Muncy C Hunter Feduccia OF Javier Baez OF Shohei Ohtani OF Zach McKinstry P Robbie Ray P Drew Rasmussen SS Willy Adames,,,
805,5211528638,rattie72,0,71.25,1B Spencer Torkelson 2B Jake Cronenworth 3B Colt Keith C Luis Campusano OF Luis Rengifo OF Riley Greene OF Jackson Merrill P Robbie Ray P Logan Gilbert SS Kevin McGonigle,,,
806,5210908634,EazyE84x,0,71.2,1B Christian Walker 2B Gleyber Torres 3B Kevin McGonigle C Dillon Dingler OF Teoscar Hernandez OF Kyle Tucker OF Riley Greene P Keider Montero P Roki Sasaki SS Mookie Betts,,,
806,5211558320,torrinstrong,0,71.2,1B Christian Walker 2B Osleivis Basabe 3B Max Muncy C Dillon Dingler OF Shohei Ohtani OF Andy Pages OF Max Clark P Keider Montero P Roki Sasaki SS Javier Baez,,,
808,5211433811,SugarBearNBubbzy,0,71.05,1B Shohei Ohtani 2B Jake Cronenworth 3B Max Muncy C Hunter Feduccia OF Teoscar Hernandez OF Lars Nootbaar OF Riley Greene P Drew Rasmussen P Keider Montero SS Mookie Betts,,,
808,5211575210,lickmymagicjohnson,0,71.05,1B Shohei Ohtani 2B Jake Cronenworth 3B Max Muncy C Hunter Feduccia OF Javier Baez OF Kyle Tucker OF Riley Greene P Drew Rasmussen P Keider Montero SS Mookie Betts,,,
810,5210814107,danblah25,0,70.9,1B Shohei Ohtani 2B Jose Altuve 3B Colt Keith C Gabriel Moreno OF Kyle Tucker OF Zach McKinstry OF Riley Greene P Ronel Blanco P Logan Gilbert SS Geraldo Perdomo,,,
810,5210895957,goofybh207,0,70.9,1B Shohei Ohtani 2B Jose Altuve 3B Colt Keith C Gabriel Moreno OF Kyle Tucker OF Tim Tawa OF Max Clark P Ronel Blanco P Logan Gilbert SS Kevin McGonigle,,,
810,5211480406,wookie4201,0,70.9,1B Shohei Ohtani 2B Jose Altuve 3B Colt Keith C Gabriel Moreno OF Kyle Tucker OF Zach McKinstry OF Riley Greene P Ronel Blanco P Logan Gilbert SS Geraldo Perdomo,,,
810,5211481557,rhooper1978,0,70.9,1B Shohei Ohtani 2B Jose Altuve 3B Colt Keith C Gabriel Moreno OF Kyle Tucker OF Zach McKinstry OF Riley Greene P Ronel Blanco P Logan Gilbert SS Geraldo Perdomo,,,
810,5211496556,modernstreetcarlover,0,70.9,1B Rafael Devers 2B Jake Cronenworth 3B Sung-Mun Song C Cal Raleigh OF Luis Rengifo OF Kyle Tucker OF Corbin Carroll P Keider Montero P Logan Gilbert SS Kevin McGonigle,,,
810,5211508492,Webedawgs,0,70.9,1B Freddie Freeman 2B Osleivis Basabe 3B Christian Koss C Gabriel Moreno OF Kyle Tucker OF Andy Pages OF Corbin Carroll P Ronel Blanco P Logan Gilbert SS Geraldo Perdomo,,,
810,5211513916,AllStarInc,0,70.9,1B Spencer Torkelson 2B Cole Young 3B Colt Keith C Cal Raleigh OF Jung Hoo Lee OF Corbin Carroll OF Drew Gilbert P Keider Montero P Logan Gilbert SS Kevin McGonigle,,,
810,5211524423,chensley72,0,70.9,1B Shohei Ohtani 2B Jose Altuve 3B Colt Keith C Gabriel Moreno OF Kyle Tucker OF Zach McKinstry OF Riley Greene P Ronel Blanco P Logan Gilbert SS Geraldo Perdomo,,,
810,5211580047,packer_dan,0,70.9,1B Shohei Ohtani 2B Jose Altuve 3B Colt Keith C Gabriel Moreno OF Kyle Tucker OF Zach McKinstry OF Riley Greene P Ronel Blanco P Logan Gilbert SS Geraldo Perdomo,,,
819,5211320710,Skralph,0,70.850006,1B Josh Naylor 2B Cole Young 3B Isaac Paredes C Hunter Feduccia OF Taylor Ward OF Dominic Canzone OF Julio Rodriguez P Merrill Kelly P Keider Montero SS Jeremy Pena,,,
819,5211476145,StompTowel,0,70.85,1B Shohei Ohtani 2B Jose Altuve 3B Sung-Mun Song C Yainer Diaz OF Luis Rengifo OF Taylor Ward OF Dominic Canzone P Drew Rasmussen P Roki Sasaki SS Mookie Betts,,,
819,5211495649,MrM86,0,70.85,1B Freddie Freeman 2B Jake Cronenworth 3B Colt Keith C Yainer Diaz OF Shohei Ohtani OF Kyle Tucker OF Daulton Varsho P Drew Rasmussen P Roki Sasaki SS Mookie Betts,,,
819,5211532697,sdot2350,0,70.85,1B Freddie Freeman 2B Jake Cronenworth 3B Max Muncy C Hunter Feduccia OF Shohei Ohtani OF Luis Rengifo OF Kyle Tucker P Drew Rasmussen P Roki Sasaki SS Christian Koss,,,
819,5211554369,Gametyme321,0,70.85,1B Shohei Ohtani 2B Jake Cronenworth 3B Yandy Diaz C Dillon Dingler OF Teoscar Hernandez OF Javier Baez OF Zach McKinstry P Drew Rasmussen P Roki Sasaki SS Xander Bogaerts,,,
824,5210928299,wentztheplayoffs,0,70.75,1B Jonathan Aranda 2B Jake Cronenworth 3B Manny Machado C Dillon Dingler OF Max Kepler OF Teoscar Hernandez OF Jackson Merrill P Robbie Ray P Keider Montero SS Kevin McGonigle,,,
824,5211466899,VegasStacker,0,70.75,1B Shohei Ohtani 2B Jake Cronenworth 3B Sung-Mun Song C Gabriel Moreno OF Fernando Tatis Jr. OF Jackson Merrill OF Ryan Waldschmidt P Robbie Ray P Keider Montero SS Xander Bogaerts,,,
824,5211578227,gotti489,0,70.75,1B Freddie Freeman 2B Richie Palacios 3B Nolan Arenado C Daniel Susac OF Shohei Ohtani OF Andy Pages OF Julio Rodriguez P Robbie Ray P Keider Montero SS Javier Baez,,,
824,5211580084,Broncnutz,0,70.75,1B Freddie Freeman 2B Jake Cronenworth 3B Nolan Arenado C Daniel Susac OF Fernando Tatis Jr. OF Jonny DeLuca OF Riley Greene P Robbie Ray P Keider Montero SS Mookie Betts,,,
828,5210971409,BlackIice,0,70.7,1B Shohei Ohtani 2B Osleivis Basabe 3B Christian Koss C Hunter Feduccia OF Teoscar Hernandez OF Kyle Tucker OF Yordan Alvarez P Logan Gilbert P Roki Sasaki SS Mookie Betts,,,
828,5211471670,loigwine,0,70.7,1B Shohei Ohtani 2B Jake Cronenworth 3B Brendan Donovan C Yainer Diaz OF Taylor Ward OF Randy Arozarena OF Julio Rodriguez P Logan Gilbert P Roki Sasaki SS Colt Emerson,,,
828,5211556357,SIRNBT1,0,70.7,1B Freddie Freeman 2B Jose Altuve 3B Colt Keith C Yainer Diaz OF Shohei Ohtani OF Zach McKinstry OF Grant McCray P Logan Gilbert P Roki Sasaki SS Kevin McGonigle,,,
828,5211579255,Msubbert_73,0,70.7,1B Freddie Freeman 2B Osleivis Basabe 3B Christian Koss C Hunter Feduccia OF Shohei Ohtani OF Kyle Tucker OF Yordan Alvarez P Logan Gilbert P Roki Sasaki SS Colt Emerson,,,
832,5211437601,evilump,0,70.55,1B Freddie Freeman 2B Richie Palacios 3B Junior Caminero C Hunter Feduccia OF Shohei Ohtani OF Andy Pages OF Chandler Simpson P Adrian Houser P Roki Sasaki SS Taylor Walls,,,
832,5211465700,gameover814,0,70.55,1B Spencer Torkelson 2B Jake Cronenworth 3B Isaac Paredes C Yainer Diaz OF Yordan Alvarez OF Andy Pages OF Corbin Carroll P Robbie Ray P Roki Sasaki SS Javier Baez,,,
834,5211532857,mgvaldez02,0,70.399994,1B Freddie Freeman 2B Osleivis Basabe 3B Christian Koss C Dillon Dingler OF Shohei Ohtani OF Zach McKinstry OF Riley Greene P Drew Rasmussen P JT Brubaker SS Mookie Betts,,,
835,5211436231,warrior1354,0,70.2,1B Shohei Ohtani 2B Cole Young 3B Junior Caminero C Hunter Feduccia OF Randy Arozarena OF Dominic Canzone OF Ryan Waldschmidt P Keider Montero P Roki Sasaki SS Kevin McGonigle,,,
835,5211499651,mammen,0,70.2,1B Freddie Freeman 2B Jose Altuve 3B Isaac Paredes C Dillon Dingler OF Javier Baez OF Shohei Ohtani OF Zach McKinstry P Keider Montero P Roki Sasaki SS Mookie Betts,,,
835,5211505477,rikrueger14,0,70.2,1B Bryce Eldridge 2B Ketel Marte 3B Junior Caminero C Gabriel Moreno OF Randy Arozarena OF Jung Hoo Lee OF Corbin Carroll P Merrill Kelly P Adrian Houser SS Willy Adames,,,
835,5211538178,Coolac420,0,70.2,1B Freddie Freeman 2B Tommy Edman 3B Colt Keith C Dillon Dingler OF Kyle Tucker OF Zach McKinstry OF Riley Greene P Keider Montero P Roki Sasaki SS Kevin McGonigle,,,
835,5211569787,Chiefracing,0,70.2,1B Shohei Ohtani 2B Jose Altuve 3B Isaac Paredes C Luis Campusano OF Taylor Ward OF Yordan Alvarez OF Max Clark P Keider Montero P Roki Sasaki SS Javier Baez,,,
840,5211282293,JerLyons,0,70.1,1B Yandy Diaz 2B Gleyber Torres 3B Nolan Arenado C Gabriel Moreno OF Randy Arozarena OF Fernando Tatis Jr. OF Dominic Canzone P Robbie Ray P Adrian Houser SS Willy Adames,,,
841,5210843533,LBDTitan,0,70.05,1B Bryce Eldridge 2B Gleyber Torres 3B Colt Keith C Daniel Susac OF Shohei Ohtani OF Zach McKinstry OF Riley Greene P Drew Rasmussen P Ronel Blanco SS Kevin McGonigle,,,
841,5211301346,LadyNoLuck,0,70.049995,1B Shohei Ohtani 2B Jose Altuve 3B Colt Keith C Yainer Diaz OF Luis Rengifo OF Kyle Tucker OF Zach McKinstry P Drew Rasmussen P Keider Montero SS Jeremy Pena,,,
843,5210994133,SeanDre,0,69.9,1B Josh Naylor 2B Jose Altuve 3B Isaac Paredes C Cal Raleigh OF Yordan Alvarez OF Daulton Varsho OF Jake Meyers P Ronel Blanco P Logan Gilbert SS Mookie Betts,,,
844,5210746915,Keroppi613,0,69.7,1B Shohei Ohtani 2B Jake Cronenworth 3B Colt Keith C Yainer Diaz OF Teoscar Hernandez OF Kyle Tucker OF Andy Pages P Logan Gilbert P Roki Sasaki SS Mookie Betts,,,
844,5211474806,Henry113,0,69.7,1B Rafael Devers 2B Jake Cronenworth 3B Max Muncy C Luis Campusano OF Teoscar Hernandez OF Shohei Ohtani OF Luis Rengifo P Logan Gilbert P Roki Sasaki SS Sung-Mun Song,,,
844,5211476089,Panky117,0,69.7,1B Freddie Freeman 2B Osleivis Basabe 3B Junior Caminero C Hunter Feduccia OF Teoscar Hernandez OF Jung Hoo Lee OF Max Clark P Logan Gilbert P Roki Sasaki SS Jeremy Pena,,,
844,5211577777,cdagostino,0,69.7,1B Rafael Devers 2B Jake Cronenworth 3B Max Muncy C Hunter Feduccia OF Teoscar Hernandez OF Shohei Ohtani OF Kyle Tucker P Logan Gilbert P Roki Sasaki SS Xander Bogaerts,,,
848,5210974339,ledmonds1011,0,69.55,1B Christian Walker 2B Jose Altuve 3B Max Muncy C Yainer Diaz OF Shohei Ohtani OF Randy Arozarena OF Yordan Alvarez P Adrian Houser P Roki Sasaki SS Sung-Mun Song,,,
848,5211143893,Ducking3,0,69.55,1B Spencer Torkelson 2B Jake Cronenworth 3B Kevin McGonigle C Dillon Dingler OF Riley Greene OF Jackson Merrill OF Max Clark P Robbie Ray P Roki Sasaki SS Xander Bogaerts,,,
848,5211512189,drmcpool,0,69.55,1B Jonathan Aranda 2B Cole Young 3B Junior Caminero C Liam Hicks OF Randy Arozarena OF Dominic Canzone OF Julio Rodriguez P Robbie Ray P Roki Sasaki SS Taylor Walls,,,
848,5211513890,jackson_0824,0,69.55,1B Rafael Devers 2B Jake Cronenworth 3B Max Muncy C Luis Campusano OF Shohei Ohtani OF Kyle Tucker OF Max Clark P Robbie Ray P Roki Sasaki SS Kevin McGonigle,,,
848,5211535282,jwdj1313,0,69.55,1B Rafael Devers 2B Tommy Edman 3B Nolan Arenado C Liam Hicks OF Randy Arozarena OF Lars Nootbaar OF Corbin Carroll P Robbie Ray P Roki Sasaki SS Mookie Betts,,,
853,5210515503,drpimpsumn,0,69.399994,1B Freddie Freeman 2B Jose Altuve 3B Colt Keith C Luis Campusano OF Shohei Ohtani OF Jung Hoo Lee OF Max Clark P Robbie Ray P Drew Rasmussen SS Javier Baez,,,
853,5210907908,JRIDGE,0,69.399994,1B Bryce Eldridge 2B Jake Cronenworth 3B Colt Keith C Luis Campusano OF Javier Baez OF Shohei Ohtani OF Riley Greene P Robbie Ray P Drew Rasmussen SS Kevin McGonigle,,,
853,5211248705,Ballz187,0,69.399994,1B Freddie Freeman 2B Osleivis Basabe 3B Colt Keith C Hunter Feduccia OF Shohei Ohtani OF Kyle Tucker OF Jackson Merrill P Robbie Ray P Drew Rasmussen SS Javier Baez,,,
853,5211560014,markgerhardt10,0,69.399994,1B Bryce Eldridge 2B Osleivis Basabe 3B Colt Keith C Dillon Dingler OF Kyle Tucker OF Corbin Carroll OF Max Clark P Robbie Ray P Drew Rasmussen SS Willy Adames,,,
857,5211492779,Irishfugazi,0,69.25,1B Josh Naylor 2B Jake Cronenworth 3B Manny Machado C Daniel Susac OF Fernando Tatis Jr. OF Jackson Merrill OF Max Clark P Robbie Ray P Logan Gilbert SS Sung-Mun Song,,,
857,5211550804,MotorCityDream70,0,69.25,1B Spencer Torkelson 2B Tommy Edman 3B Brendan Donovan C Luis Campusano OF Gavin Sheets OF Riley Greene OF Max Clark P Robbie Ray P Logan Gilbert SS Kevin McGonigle,,,
857,5211575926,peteyweb,0,69.25,1B Josh Naylor 2B Jake Cronenworth 3B Brendan Donovan C Cal Raleigh OF Dominic Canzone OF Julio Rodriguez OF Riley Greene P Robbie Ray P Logan Gilbert SS Kevin McGonigle,,,
860,5211283167,Kingruthless,0,69.2,1B Christian Walker 2B Jose Altuve 3B Kevin McGonigle C Dillon Dingler OF Teoscar Hernandez OF Shohei Ohtani OF Max Clark P Keider Montero P Roki Sasaki SS Xander Bogaerts,,,
860,5211486624,rgendron22,0,69.2,1B Freddie Freeman 2B Jake Cronenworth 3B Kevin McGonigle C Luis Campusano OF Shohei Ohtani OF Riley Greene OF Max Clark P Keider Montero P Roki Sasaki SS Mookie Betts,,,
862,5211024169,SMC330,0,68.9,1B Shohei Ohtani 2B Osleivis Basabe 3B Colt Keith C Daniel Susac OF Kyle Tucker OF Andy Pages OF Max Clark P Ronel Blanco P Logan Gilbert SS Kevin McGonigle,,,
862,5211494891,TheBoys29,0,68.9,1B Shohei Ohtani 2B Osleivis Basabe 3B Colt Keith C Daniel Susac OF Kyle Tucker OF Andy Pages OF Max Clark P Ronel Blanco P Logan Gilbert SS Kevin McGonigle,,,
862,5211580565,mjax100,0,68.9,1B Tim Tawa 2B Jake Cronenworth 3B Colt Keith C Dillon Dingler OF Kyle Tucker OF Andy Pages OF Corbin Carroll P Keider Montero P Logan Gilbert SS Xander Bogaerts,,,
865,5211540732,BRAVO214,0,68.85,1B Freddie Freeman 2B Osleivis Basabe 3B Max Muncy C Daniel Susac OF Teoscar Hernandez OF Shohei Ohtani OF Kyle Tucker P Drew Rasmussen P Roki Sasaki SS Christian Koss,,,
866,5211074562,19Sparty,0,68.75,1B Jonathan Aranda 2B Gleyber Torres 3B Colt Keith C Liam Hicks OF Kyle Tucker OF Riley Greene OF Jackson Merrill P Robbie Ray P Keider Montero SS Kevin McGonigle,,,
866,5211542640,mrjohn601,0,68.75,1B Spencer Torkelson 2B Tommy Edman 3B Nolan Arenado C Cal Raleigh OF Luis Rengifo OF Yordan Alvarez OF Jonny DeLuca P Robbie Ray P Keider Montero SS Taylor Walls,,,
866,5211547263,frozenogre,0,68.75,1B Jonathan Aranda 2B Gleyber Torres 3B Kevin McGonigle C Dillon Dingler OF Javier Baez OF Andy Pages OF Riley Greene P Robbie Ray P Keider Montero SS Taylor Walls,,,
869,5211569841,kofax,0,68.7,1B Josh Naylor 2B Cole Young 3B Max Muncy C Liam Hicks OF Teoscar Hernandez OF Andy Pages OF Max Clark P Logan Gilbert P Roki Sasaki SS Mookie Betts,,,
870,5210790453,Roho,0,68.55,1B Shohei Ohtani 2B Tommy Edman 3B Colt Keith C Hunter Feduccia OF Kyle Tucker OF Riley Greene OF Jackson Merrill P Robbie Ray P Roki Sasaki SS Kevin McGonigle,,,
870,5211409170,close462,0,68.55,1B Spencer Torkelson 2B Tommy Edman 3B Yandy Diaz C Liam Hicks OF Luis Rengifo OF Taylor Ward OF Jonny DeLuca P Robbie Ray P Roki Sasaki SS Willy Adames,,,
870,5211556054,DaltonC1998,0,68.55,1B Rafael Devers 2B Richie Palacios 3B Junior Caminero C Cal Raleigh OF Shohei Ohtani OF Luis Rengifo OF Corbin Carroll P Adrian Houser P Roki Sasaki SS Mookie Betts,,,
873,5210667267,ivymoose,0,68.399994,1B Yandy Diaz 2B Jake Cronenworth 3B Manny Machado C Luis Campusano OF Luis Rengifo OF Jackson Merrill OF Chandler Simpson P Robbie Ray P Drew Rasmussen SS Taylor Walls,,,
873,5211195709,KenProg3,0,68.399994,1B Bryce Eldridge 2B Jake Cronenworth 3B Junior Caminero C Hunter Feduccia OF Javier Baez OF Shohei Ohtani OF Jackson Merrill P Robbie Ray P Drew Rasmussen SS Sung-Mun Song,,,
875,5210790420,morenojenn1125,0,68.25,1B Yandy Diaz 2B Tommy Edman 3B Nolan Arenado C Ben Rortvedt OF Jung Hoo Lee OF Corbin Carroll OF Max Clark P Robbie Ray P Logan Gilbert SS Willy Adames,,,
875,5211343789,Bo88888,0,68.25,1B Shohei Ohtani 2B Jake Cronenworth 3B Kevin McGonigle C Luis Campusano OF Gavin Sheets OF Andy Pages OF Max Clark P Robbie Ray P Logan Gilbert SS Javier Baez,,,
875,5211550393,Jimbobwae42,0,68.25,1B Spencer Torkelson 2B Jake Cronenworth 3B Manny Machado C Luis Campusano OF Kyle Tucker OF Riley Greene OF Max Clark P Robbie Ray P Logan Gilbert SS Mookie Betts,,,
875,5211558762,Analitico,0,68.25,1B Rafael Devers 2B Osleivis Basabe 3B Manny Machado C Daniel Susac OF Luis Rengifo OF Fernando Tatis Jr. OF Grant McCray P Robbie Ray P Logan Gilbert SS Xander Bogaerts,,,
879,5210847119,breez96me,0,68.2,1B Christian Walker 2B Gleyber Torres 3B Kevin McGonigle C Luis Campusano OF Shohei Ohtani OF Luis Rengifo OF Riley Greene P Keider Montero P Roki Sasaki SS Xander Bogaerts,,,
879,5210905338,MICHAELRUNNING,0,68.2,1B Shohei Ohtani 2B Gleyber Torres 3B Kevin McGonigle C Dillon Dingler OF Teoscar Hernandez OF Andy Pages OF Max Clark P Keider Montero P Roki Sasaki SS Christian Koss,,,
879,5211184963,pbrk11,0,68.2,1B Shohei Ohtani 2B Tommy Edman 3B Colt Keith C Dillon Dingler OF Kyle Tucker OF Tim Tawa OF Jackson Merrill P Ronel Blanco P Roki Sasaki SS Mookie Betts,,,
879,5211299135,pac10joe,0,68.2,1B Liam Hicks 2B Jose Altuve 3B Isaac Paredes C Yainer Diaz OF Kyle Tucker OF Yordan Alvarez OF Dominic Canzone P Keider Montero P Roki Sasaki SS Jeremy Pena,,,
879,5211454405,c-moneytime,0,68.2,1B Shohei Ohtani 2B Jake Cronenworth 3B Max Muncy C Hunter Feduccia OF Kyle Tucker OF Yordan Alvarez OF Jackson Merrill P Keider Montero P Roki Sasaki SS Sung-Mun Song,,,
884,5211464301,matelius2007,0,68.05,1B Freddie Freeman 2B Jake Cronenworth 3B Max Muncy C Hunter Feduccia OF Shohei Ohtani OF Gavin Sheets OF Kyle Tucker P Drew Rasmussen P Keider Montero SS Sung-Mun Song,,,
884,5211554132,2014giants,0,68.05,1B Shohei Ohtani 2B Osleivis Basabe 3B Colt Keith C Daniel Susac OF Kyle Tucker OF Corbin Carroll OF Max Clark P Drew Rasmussen P Ronel Blanco SS Kevin McGonigle,,,
884,5211568113,blakep1990,0,68.05,1B Shohei Ohtani 2B Osleivis Basabe 3B Colt Keith C Daniel Susac OF Kyle Tucker OF Corbin Carroll OF Max Clark P Drew Rasmussen P Ronel Blanco SS Kevin McGonigle,,,
884,5211568883,richvol,0,68.05,1B Shohei Ohtani 2B Osleivis Basabe 3B Colt Keith C Daniel Susac OF Kyle Tucker OF Corbin Carroll OF Max Clark P Drew Rasmussen P Ronel Blanco SS Kevin McGonigle,,,
884,5211569294,dezxman,0,68.05,1B Josh Naylor 2B Osleivis Basabe 3B Christian Koss C Hunter Feduccia OF Randy Arozarena OF Yordan Alvarez OF Corbin Carroll P Drew Rasmussen P Keider Montero SS Jeremy Pena,,,
884,5211577568,jgclev82,0,68.05,1B Freddie Freeman 2B Jake Cronenworth 3B Colt Keith C Dillon Dingler OF Shohei Ohtani OF Zach McKinstry OF Max Clark P Drew Rasmussen P Keider Montero SS Javier Baez,,,
884,5210931629,dkNLU,0,68.049995,1B Josh Naylor 2B Richie Palacios 3B Nolan Arenado C Eduardo Valencia OF Shohei Ohtani OF Gavin Sheets OF Randy Arozarena P Drew Rasmussen P Keider Montero SS Xander Bogaerts,,,
891,5211540098,CrottyAlex52,0,67.75,1B Shohei Ohtani 2B Jake Cronenworth 3B Kevin McGonigle C Hunter Feduccia OF Luis Rengifo OF Fernando Tatis Jr. OF Jackson Merrill P Robbie Ray P Keider Montero SS Sung-Mun Song,,,
892,5211211273,zzimmer25,0,67.7,1B Freddie Freeman 2B Jose Altuve 3B Colt Keith C Yainer Diaz OF Teoscar Hernandez OF Kyle Tucker OF Jackson Merrill P Logan Gilbert P Roki Sasaki SS Mookie Betts,,,
892,5211502669,Bears7381,0,67.7,1B Rafael Devers 2B Cole Young 3B Colt Keith C Cal Raleigh OF Shohei Ohtani OF Riley Greene OF Max Clark P Logan Gilbert P Roki Sasaki SS Xander Bogaerts,,,
894,5210978592,TY54321,0,67.55,1B Shohei Ohtani 2B Jake Cronenworth 3B Manny Machado C Luis Campusano OF Teoscar Hernandez OF Kyle Tucker OF Andy Pages P Robbie Ray P Roki Sasaki SS Mookie Betts,,,
895,5211218201,tightenUPson,0,67.4,1B Rafael Devers 2B Jose Altuve 3B Colt Keith C Gabriel Moreno OF Shohei Ohtani OF Kyle Tucker OF Riley Greene P Ronel Blanco P Keider Montero SS Kevin McGonigle,,,
895,5210859993,Goody2021,0,67.399994,1B Spencer Torkelson 2B Cole Young 3B Colt Keith C Dillon Dingler OF Teoscar Hernandez OF Jung Hoo Lee OF Max Clark P Robbie Ray P Drew Rasmussen SS Jeremy Pena,,,
895,5211545893,Archlich,0,67.399994,1B Bryce Eldridge 2B Ketel Marte 3B Sung-Mun Song C Gabriel Moreno OF Gavin Sheets OF Lars Nootbaar OF Corbin Carroll P Robbie Ray P Drew Rasmussen SS Geraldo Perdomo,,,
898,5211068237,wave85,0,67.2,1B Bryce Eldridge 2B Jose Altuve 3B Colt Keith C Dillon Dingler OF Yordan Alvarez OF Riley Greene OF Grant McCray P Keider Montero P Roki Sasaki SS Kevin McGonigle,,,
898,5211477722,depriestjonathan,0,67.2,1B Shohei Ohtani 2B Jose Altuve 3B Isaac Paredes C Hunter Feduccia OF Teoscar Hernandez OF Yordan Alvarez OF Daulton Varsho P Keider Montero P Roki Sasaki SS Jeremy Pena,,,
898,5211515144,swicktlm,0,67.2,1B Christian Walker 2B Jake Cronenworth 3B Junior Caminero C Dillon Dingler OF Teoscar Hernandez OF Dominic Canzone OF Riley Greene P Keider Montero P Roki Sasaki SS Kevin McGonigle,,,
898,5211539873,bigjohnson1964,0,67.2,1B Josh Naylor 2B Cole Young 3B Manny Machado C Luis Campusano OF Shohei Ohtani OF Luis Rengifo OF Fernando Tatis Jr. P Keider Montero P Roki Sasaki SS Javier Baez,,,
902,5211282728,mljoney8,0,67.05,1B Tim Tawa 2B Jose Altuve 3B Max Muncy C Yainer Diaz OF Yordan Alvarez OF Daulton Varsho OF Grant McCray P Drew Rasmussen P Ronel Blanco SS Jeremy Pena,,,
902,5211507401,stiles_12,0,67.05,1B Freddie Freeman 2B Osleivis Basabe 3B Max Muncy C Dillon Dingler OF Javier Baez OF Kyle Tucker OF Zach McKinstry P Drew Rasmussen P Ronel Blanco SS Mookie Betts,,,
904,5210895365,missintrubisky,0,66.9,1B Shohei Ohtani 2B Osleivis Basabe 3B Kevin McGonigle C Hunter Feduccia OF Teoscar Hernandez OF Corbin Carroll OF Max Clark P Ronel Blanco P Logan Gilbert SS Willy Adames,,,
904,5210921926,gmathews57,0,66.9,1B Tim Tawa 2B Tommy Edman 3B Max Muncy C Dillon Dingler OF Teoscar Hernandez OF Zach McKinstry OF Max Clark P Keider Montero P Logan Gilbert SS Mookie Betts,,,
904,5211074504,BIGO1515,0,66.9,1B Christian Walker 2B Jose Altuve 3B Colt Keith C Dillon Dingler OF Yordan Alvarez OF Jung Hoo Lee OF Max Clark P Ronel Blanco P Logan Gilbert SS Javier Baez,,,
907,5210745121,nickenyon6,0,66.7,1B Shohei Ohtani 2B Jake Cronenworth 3B Colt Keith C Daniel Susac OF Teoscar Hernandez OF Kyle Tucker OF Riley Greene P Logan Gilbert P Roki Sasaki SS Kevin McGonigle,,,
907,5210874041,chrissair,0,66.7,1B Shohei Ohtani 2B Jake Cronenworth 3B Colt Keith C Daniel Susac OF Teoscar Hernandez OF Kyle Tucker OF Riley Greene P Logan Gilbert P Roki Sasaki SS Kevin McGonigle,,,
907,5211091645,griffalicious24,0,66.7,1B Shohei Ohtani 2B Jake Cronenworth 3B Colt Keith C Daniel Susac OF Teoscar Hernandez OF Kyle Tucker OF Riley Greene P Logan Gilbert P Roki Sasaki SS Kevin McGonigle,,,
907,5211359105,NickGinge10,0,66.7,1B Shohei Ohtani 2B Jose Altuve 3B Max Muncy C Hunter Feduccia OF Kyle Tucker OF Riley Greene OF Drew Gilbert P Logan Gilbert P Roki Sasaki SS Javier Baez,,,
907,5211359453,JakeHyatt,0,66.7,1B Shohei Ohtani 2B Jose Altuve 3B Max Muncy C Hunter Feduccia OF Kyle Tucker OF Riley Greene OF Drew Gilbert P Logan Gilbert P Roki Sasaki SS Javier Baez,,,
907,5211563166,grinder1978,0,66.7,1B Bryce Eldridge 2B Jake Cronenworth 3B Max Muncy C Luis Campusano OF Teoscar Hernandez OF Javier Baez OF Shohei Ohtani P Logan Gilbert P Roki Sasaki SS Willy Adames,,,
913,5211474759,brandonjbaker1992,0,66.55,1B Spencer Torkelson 2B Jose Altuve 3B Kevin McGonigle C Dillon Dingler OF Teoscar Hernandez OF Riley Greene OF Max Clark P Robbie Ray P Roki Sasaki SS Mookie Betts,,,
913,5211500115,jeffs4162,0,66.55,1B Shohei Ohtani 2B Gleyber Torres 3B Colt Keith C Luis Campusano OF Andy Pages OF Jackson Merrill OF Max Clark P Robbie Ray P Roki Sasaki SS Mookie Betts,,,
915,5211081251,boomtownhall,0,66.399994,1B Bryce Eldridge 2B Gleyber Torres 3B Manny Machado C Dillon Dingler OF Gavin Sheets OF Zach McKinstry OF Grant McCray P Robbie Ray P Drew Rasmussen SS Mookie Betts,,,
916,5211559787,Nicamonstruo,0,66.350006,1B Bryce Eldridge 2B Ketel Marte 3B Brendan Donovan C Cal Raleigh OF Randy Arozarena OF Fernando Tatis Jr. OF Lars Nootbaar P Merrill Kelly P Logan Gilbert SS Sung-Mun Song,,,
917,5211461250,larry075,0,66.2,1B Jonathan Aranda 2B Osleivis Basabe 3B Junior Caminero C Liam Hicks OF Shohei Ohtani OF Chandler Simpson OF Max Clark P Keider Montero P Roki Sasaki SS Xander Bogaerts,,,
917,5211504766,kimbria1,0,66.2,1B Tim Tawa 2B Jose Altuve 3B Colt Keith C Daniel Susac OF Shohei Ohtani OF Kyle Tucker OF Yordan Alvarez P Keider Montero P Roki Sasaki SS Jeremy Pena,,,
917,5211547072,bmosley21,0,66.2,1B Christian Walker 2B Osleivis Basabe 3B Colt Keith C Dillon Dingler OF Shohei Ohtani OF Riley Greene OF Max Clark P Ronel Blanco P Roki Sasaki SS Kevin McGonigle,,,
920,5211507466,jayballin08,0,65.9,1B Shohei Ohtani 2B Jose Altuve 3B Colt Keith C Luis Campusano OF Lars Nootbaar OF Riley Greene OF Max Clark P Ronel Blanco P Logan Gilbert SS Kevin McGonigle,,,
920,5211567061,cheesyflinstone,0,65.9,1B Shohei Ohtani 2B Osleivis Basabe 3B Colt Keith C Daniel Susac OF Teoscar Hernandez OF Kyle Tucker OF Andy Pages P Ronel Blanco P Logan Gilbert SS Kevin McGonigle,,,
920,5211581467,jstodd22,0,65.9,1B Shohei Ohtani 2B Osleivis Basabe 3B Colt Keith C Hunter Feduccia OF Kyle Tucker OF Jung Hoo Lee OF Corbin Carroll P Ronel Blanco P Logan Gilbert SS Kevin McGonigle,,,
923,5211525654,vego07,0,65.75,1B Shohei Ohtani 2B Jake Cronenworth 3B Max Muncy C Gabriel Moreno OF Corbin Carroll OF Tim Tawa OF Ryan Waldschmidt P Robbie Ray P Keider Montero SS Geraldo Perdomo,,,
924,5211444482,Gntsfn1,0,65.7,1B Shohei Ohtani 2B Jake Cronenworth 3B Colt Keith C Dillon Dingler OF Kyle Tucker OF Lars Nootbaar OF Riley Greene P Logan Gilbert P Roki Sasaki SS Colt Emerson,,,
925,5211182279,csurunnerccr,0,65.55,1B Jonathan Aranda 2B Cole Young 3B Junior Caminero C Liam Hicks OF Randy Arozarena OF Victor Mesa Jr. OF Riley Greene P Robbie Ray P Roki Sasaki SS Taylor Walls,,,
925,5211197547,jcate50,0,65.55,1B Rafael Devers 2B Cole Young 3B Brendan Donovan C Daniel Susac OF Shohei Ohtani OF Gavin Sheets OF Fernando Tatis Jr. P Robbie Ray P Roki Sasaki SS Mookie Betts,,,
925,5211381991,nastynick72,0,65.55,1B Bryce Eldridge 2B Jake Cronenworth 3B Manny Machado C Dillon Dingler OF Fernando Tatis Jr. OF Grant McCray OF Jackson Merrill P Robbie Ray P Roki Sasaki SS Javier Baez,,,
925,5211464833,atraldi1,0,65.55,1B Rafael Devers 2B Osleivis Basabe 3B Yandy Diaz C Liam Hicks OF Teoscar Hernandez OF Shohei Ohtani OF Max Clark P Robbie Ray P Roki Sasaki SS Kevin McGonigle,,,
925,5211497347,Crossface77,0,65.55,1B Shohei Ohtani 2B Jake Cronenworth 3B Max Muncy C Luis Campusano OF Kyle Tucker OF Jung Hoo Lee OF Jackson Merrill P Robbie Ray P Roki Sasaki SS Mookie Betts,,,
925,5211561014,dan_ger,0,65.55,1B Spencer Torkelson 2B Tommy Edman 3B Colt Keith C Dillon Dingler OF Teoscar Hernandez OF Kyle Tucker OF Andy Pages P Robbie Ray P Roki Sasaki SS Mookie Betts,,,
931,5211304289,Domination1122,0,65.2,1B Spencer Torkelson 2B Ketel Marte 3B Colt Keith C Cal Raleigh OF Shohei Ohtani OF Riley Greene OF Max Clark P Keider Montero P Roki Sasaki SS Kevin McGonigle,,,
932,5211530828,bobbysulte,0,65.05,1B Yandy Diaz 2B Cole Young 3B Junior Caminero C Liam Hicks OF Zach McKinstry OF Lars Nootbaar OF Chandler Simpson P Drew Rasmussen P Ronel Blanco SS Mookie Betts,,,
933,5211088513,SLBMLightshow,0,64.9,1B Shohei Ohtani 2B Gleyber Torres 3B Colt Keith C Hunter Feduccia OF Teoscar Hernandez OF Zach McKinstry OF Riley Greene P Keider Montero P Logan Gilbert SS Kevin McGonigle,,,
933,5211403888,barrysg21,0,64.9,1B Spencer Torkelson 2B Jake Cronenworth 3B Colt Keith C Dillon Dingler OF Kyle Tucker OF Riley Greene OF Max Clark P Keider Montero P Logan Gilbert SS Mookie Betts,,,
933,5211482921,dolan21,0,64.9,1B Shohei Ohtani 2B Jake Cronenworth 3B Colt Keith C Gabriel Moreno OF Kyle Tucker OF Zach McKinstry OF Riley Greene P Ronel Blanco P Logan Gilbert SS Kevin McGonigle,,,
933,5211539814,AngerTornado,0,64.9,1B Christian Walker 2B Jake Cronenworth 3B Max Muncy C Hunter Feduccia OF Shohei Ohtani OF Kyle Tucker OF Max Clark P Keider Montero P Logan Gilbert SS Mookie Betts,,,
937,5211494353,colemanaged,0,64.75,1B Jonathan Aranda 2B Jake Cronenworth 3B Colt Keith C Dillon Dingler OF Shohei Ohtani OF Zach McKinstry OF Riley Greene P Robbie Ray P Keider Montero SS Kevin McGonigle,,,
937,5211527940,tobi4554,0,64.75,1B Bryce Eldridge 2B Tommy Edman 3B Kevin McGonigle C Dillon Dingler OF Kyle Tucker OF Tim Tawa OF Jackson Merrill P Robbie Ray P Keider Montero SS Xander Bogaerts,,,
939,5211569478,poco1083,0,64.7,1B Freddie Freeman 2B Cole Young 3B Christian Koss C Hunter Feduccia OF Shohei Ohtani OF Taylor Ward OF Andy Pages P Logan Gilbert P Roki Sasaki SS Xander Bogaerts,,,
940,5211310729,AJ_Green,0,64.55,1B Rafael Devers 2B Cole Young 3B Manny Machado C Dillon Dingler OF Javier Baez OF Shohei Ohtani OF Tim Tawa P Robbie Ray P Roki Sasaki SS Xander Bogaerts,,,
940,5211396890,givens57,0,64.55,1B Shohei Ohtani 2B Osleivis Basabe 3B Max Muncy C Dillon Dingler OF Javier Baez OF Max Clark OF Ryan Waldschmidt P Robbie Ray P Roki Sasaki SS Kevin McGonigle,,,
940,5211557760,tinhead300,0,64.55,1B Freddie Freeman 2B Gleyber Torres 3B Max Muncy C Hunter Feduccia OF Shohei Ohtani OF Zach McKinstry OF Yordan Alvarez P Adrian Houser P Roki Sasaki SS Xander Bogaerts,,,
943,5210975582,milligolf,0,64.399994,1B Yandy Diaz 2B Jake Cronenworth 3B Junior Caminero C Luis Campusano OF Luis Rengifo OF Victor Mesa Jr. OF Chandler Simpson P Robbie Ray P Drew Rasmussen SS Taylor Walls,,,
943,5211491400,Bryan1983,0,64.399994,1B Shohei Ohtani 2B Richie Palacios 3B Max Muncy C Cal Raleigh OF Gavin Sheets OF Zach McKinstry OF Jung Hoo Lee P Robbie Ray P Drew Rasmussen SS Xander Bogaerts,,,
945,5210946687,theblackhand666,0,64.25,1B Shohei Ohtani 2B Cole Young 3B Brendan Donovan C Cal Raleigh OF Kyle Tucker OF Lars Nootbaar OF Julio Rodriguez P Robbie Ray P Logan Gilbert SS Colt Emerson,,,
946,5211306015,CHLEGACY1,0,64.2,1B Jonathan Aranda 2B Gleyber Torres 3B Yandy Diaz C Dillon Dingler OF Randy Arozarena OF Jackson Merrill OF Max Clark P Keider Montero P Roki Sasaki SS Javier Baez,,,
946,5211312470,Dotzism,0,64.2,1B Freddie Freeman 2B Jake Cronenworth 3B Max Muncy C Dillon Dingler OF Shohei Ohtani OF Zach McKinstry OF Andy Pages P Keider Montero P Roki Sasaki SS Christian Koss,,,
946,5211508814,david82165,0,64.2,1B Shohei Ohtani 2B Jake Cronenworth 3B Colt Keith C Dillon Dingler OF Kyle Tucker OF Riley Greene OF Max Clark P Keider Montero P Roki Sasaki SS Kevin McGonigle,,,
946,5211524074,Mr.FanGuru,0,64.2,1B Freddie Freeman 2B Jake Cronenworth 3B Max Muncy C Dillon Dingler OF Javier Baez OF Jackson Merrill OF Max Clark P Keider Montero P Roki Sasaki SS Kevin McGonigle,,,
950,5211569854,kelevramojo,0,64.05,1B Shohei Ohtani 2B Tommy Edman 3B Brendan Donovan C Liam Hicks OF Teoscar Hernandez OF Chandler Simpson OF Max Clark P Drew Rasmussen P Keider Montero SS Javier Baez,,,
951,5211536024,MJG83,0,63.850002,1B Bryce Eldridge 2B Jake Cronenworth 3B Yandy Diaz C Gabriel Moreno OF Yordan Alvarez OF Lars Nootbaar OF Jackson Merrill P Merrill Kelly P Keider Montero SS Jeremy Pena,,,
951,5211463071,robbieb0717,0,63.85,1B Freddie Freeman 2B Gleyber Torres 3B Max Muncy C Hunter Feduccia OF Teoscar Hernandez OF Javier Baez OF Shohei Ohtani P Drew Rasmussen P Roki Sasaki SS Christian Koss,,,
951,5211580092,Espn24hrs7,0,63.85,1B Shohei Ohtani 2B Gleyber Torres 3B Colt Keith C Dillon Dingler OF Teoscar Hernandez OF Daulton Varsho OF Max Clark P Drew Rasmussen P Roki Sasaki SS Javier Baez,,,
954,5211286602,Evilempire2626,0,63.7,1B Rafael Devers 2B Gleyber Torres 3B Colt Keith C Dillon Dingler OF Shohei Ohtani OF Gavin Sheets OF Grant McCray P Logan Gilbert P Roki Sasaki SS Javier Baez,,,
954,5211311289,SportsTherapyPro,0,63.7,1B Freddie Freeman 2B Jose Altuve 3B Max Muncy C Yainer Diaz OF Teoscar Hernandez OF Kyle Tucker OF Zach McKinstry P Logan Gilbert P Roki Sasaki SS Mookie Betts,,,
954,5211557111,JOLO1970,0,63.7,1B Shohei Ohtani 2B Jake Cronenworth 3B Colt Keith C Dillon Dingler OF Taylor Ward OF Andy Pages OF Grant McCray P Logan Gilbert P Roki Sasaki SS Javier Baez,,,
957,5211454256,mbolio,0,63.55,1B Jonathan Aranda 2B Jose Altuve 3B Junior Caminero C Daniel Susac OF Kyle Tucker OF Randy Arozarena OF Jackson Merrill P Robbie Ray P Roki Sasaki SS Xander Bogaerts,,,
957,5211531186,Jdsplash19,0,63.55,1B Christian Walker 2B Jake Cronenworth 3B Brendan Donovan C Dillon Dingler OF Shohei Ohtani OF Yordan Alvarez OF Tim Tawa P Robbie Ray P Roki Sasaki SS Javier Baez,,,
957,5211569146,Tb12Papi,0,63.55,1B Josh Naylor 2B Jake Cronenworth 3B Manny Machado C Hunter Feduccia OF Shohei Ohtani OF Kyle Tucker OF Fernando Tatis Jr. P Robbie Ray P Roki Sasaki SS Xander Bogaerts,,,
960,5211402524,bcargerm,0,63.399998,1B Shohei Ohtani 2B Gleyber Torres 3B Colt Keith C Dillon Dingler OF Drew Gilbert OF Tim Tawa OF Max Clark P Robbie Ray P Drew Rasmussen SS Javier Baez,,,
960,5211447829,steven2255,0,63.399998,1B Freddie Freeman 2B Jake Cronenworth 3B Kevin McGonigle C Daniel Susac OF Max Kepler OF Lars Nootbaar OF Corbin Carroll P Robbie Ray P Drew Rasmussen SS Sung-Mun Song,,,
960,5211556286,dustin890s,0,63.399998,1B Freddie Freeman 2B Jake Cronenworth 3B Max Muncy C Hunter Feduccia OF Kyle Tucker OF Riley Greene OF Max Clark P Robbie Ray P Drew Rasmussen SS Mookie Betts,,,
963,5211578546,Rainman16,0,63.25,1B Shohei Ohtani 2B Jake Cronenworth 3B Christian Koss C Hunter Feduccia OF Dominic Canzone OF Andy Pages OF Corbin Carroll P Robbie Ray P Logan Gilbert SS Geraldo Perdomo,,,
964,5211298556,Alfie1951,0,63.2,1B Shohei Ohtani 2B Jose Altuve 3B Colt Keith C Liam Hicks OF Teoscar Hernandez OF Kyle Tucker OF Corbin Carroll P Keider Montero P Roki Sasaki SS Geraldo Perdomo,,,
964,5211540639,bono6699,0,63.2,1B Freddie Freeman 2B Jose Altuve 3B Max Muncy C Hunter Feduccia OF Shohei Ohtani OF Zach McKinstry OF Riley Greene P Keider Montero P Roki Sasaki SS Mookie Betts,,,
964,5211551294,StopTheRun17,0,63.2,1B Josh Naylor 2B Jose Altuve 3B Yandy Diaz C Cal Raleigh OF Fernando Tatis Jr. OF Andy Pages OF Corbin Carroll P Robbie Ray P Merrill Kelly SS Taylor Walls,,,
964,5211556052,SkyU27,0,63.2,1B Freddie Freeman 2B Jose Altuve 3B Isaac Paredes C Yainer Diaz OF Teoscar Hernandez OF Shohei Ohtani OF Kyle Tucker P Keider Montero P Roki Sasaki SS Mookie Betts,,,
968,5211506044,jayzfan,0,63.05,1B Freddie Freeman 2B Jake Cronenworth 3B Colt Keith C Yainer Diaz OF Shohei Ohtani OF Gavin Sheets OF Max Clark P Drew Rasmussen P Keider Montero SS Mookie Betts,,,
969,5211111808,tergie,0,62.9,1B Tim Tawa 2B Ketel Marte 3B Sung-Mun Song C Hunter Feduccia OF Shohei Ohtani OF Lars Nootbaar OF Corbin Carroll P Keider Montero P Logan Gilbert SS Mookie Betts,,,
970,5211135158,trevsnap,0,62.55,1B Shohei Ohtani 2B Jose Altuve 3B Manny Machado C Luis Campusano OF Javier Baez OF Riley Greene OF Jackson Merrill P Robbie Ray P Roki Sasaki SS Xander Bogaerts,,,
970,5211510370,JPME,0,62.55,1B Spencer Torkelson 2B Tommy Edman 3B Colt Keith C Dillon Dingler OF Teoscar Hernandez OF Kyle Tucker OF Riley Greene P Robbie Ray P Roki Sasaki SS Kevin McGonigle,,,
972,5211205597,j5brooks,0,62.4,1B Christian Walker 2B Jose Altuve 3B Isaac Paredes C Liam Hicks OF Shohei Ohtani OF Taylor Ward OF Kyle Tucker P Ronel Blanco P Keider Montero SS Mookie Betts,,,
972,5211554050,Choker12,0,62.399998,1B Freddie Freeman 2B Osleivis Basabe 3B Colt Keith C Dillon Dingler OF Javier Baez OF Shohei Ohtani OF Zach McKinstry P Robbie Ray P Drew Rasmussen SS Sung-Mun Song,,,
972,5211568636,DanThaMan940,0,62.399998,1B Freddie Freeman 2B Jake Cronenworth 3B Max Muncy C Hunter Feduccia OF Shohei Ohtani OF Kyle Tucker OF Zach McKinstry P Robbie Ray P Drew Rasmussen SS Javier Baez,,,
975,5211531519,KelvinDubs,0,62.25,1B Josh Naylor 2B Cole Young 3B Nolan Arenado C Gabriel Moreno OF Lars Nootbaar OF Dominic Canzone OF Corbin Carroll P Robbie Ray P Logan Gilbert SS Geraldo Perdomo,,,
976,5211093787,rhojo37,0,62.2,1B Freddie Freeman 2B Osleivis Basabe 3B Christian Koss C Dillon Dingler OF Shohei Ohtani OF Kyle Tucker OF Andy Pages P Ronel Blanco P Roki Sasaki SS Mookie Betts,,,
976,5211554046,skiski2424,0,62.2,1B Shohei Ohtani 2B Jose Altuve 3B Junior Caminero C Hunter Feduccia OF Yordan Alvarez OF Dominic Canzone OF Max Clark P Keider Montero P Roki Sasaki SS Colt Emerson,,,
978,5211432517,The_Fast_Forester,0,61.9,1B Shohei Ohtani 2B Osleivis Basabe 3B Colt Keith C Hunter Feduccia OF Kyle Tucker OF Riley Greene OF Corbin Carroll P Ronel Blanco P Logan Gilbert SS Geraldo Perdomo,,,
978,5211564929,dublinking,0,61.9,1B Freddie Freeman 2B Jake Cronenworth 3B Manny Machado C Luis Campusano OF Luis Rengifo OF Gavin Sheets OF Kyle Tucker P Keider Montero P Logan Gilbert SS Mookie Betts,,,
980,5210931094,whoshotthefrog,0,61.55,1B Freddie Freeman 2B Osleivis Basabe 3B Brendan Donovan C Cal Raleigh OF Shohei Ohtani OF Julio Rodriguez OF Riley Greene P Robbie Ray P Roki Sasaki SS Xander Bogaerts,,,
981,5211475810,franlin3001,0,61.399998,1B Rafael Devers 2B Jake Cronenworth 3B Yandy Diaz C Yainer Diaz OF Luis Rengifo OF Lars Nootbaar OF Chandler Simpson P Robbie Ray P Drew Rasmussen SS Jeremy Pena,,,
981,5211567228,mikeirvin47,0,61.399998,1B Tim Tawa 2B Jake Cronenworth 3B Colt Keith C Liam Hicks OF Shohei Ohtani OF Luis Rengifo OF Corbin Carroll P Robbie Ray P Drew Rasmussen SS Taylor Walls,,,
983,5210858280,HIghtower83,0,61.25,1B Tim Tawa 2B Jake Cronenworth 3B Manny Machado C Cal Raleigh OF Luis Rengifo OF Kyle Tucker OF Riley Greene P Robbie Ray P Logan Gilbert SS Mookie Betts,,,
983,5211451850,Film,0,61.25,1B Shohei Ohtani 2B Osleivis Basabe 3B Colt Keith C Hunter Feduccia OF Kyle Tucker OF Riley Greene OF Max Clark P Robbie Ray P Logan Gilbert SS Kevin McGonigle,,,
985,5211279318,discgolfer,0,61.2,1B Christian Walker 2B Jose Altuve 3B Colt Keith C Dillon Dingler OF Yordan Alvarez OF Riley Greene OF Max Clark P Ronel Blanco P Roki Sasaki SS Jeremy Pena,,,
985,5211553022,Turk35,0,61.2,1B Jonathan Aranda 2B Gleyber Torres 3B Manny Machado C Cal Raleigh OF Shohei Ohtani OF Kyle Tucker OF Max Clark P Robbie Ray P Merrill Kelly SS Colt Emerson,,,
987,5210787082,Gvanyperen,0,60.9,1B Tim Tawa 2B Gleyber Torres 3B Colt Keith C Gabriel Moreno OF Riley Greene OF Corbin Carroll OF Max Clark P Ronel Blanco P Logan Gilbert SS Kevin McGonigle,,,
987,5211578237,texansl,0,60.9,1B Shohei Ohtani 2B Jose Altuve 3B Colt Keith C Hunter Feduccia OF Teoscar Hernandez OF Kyle Tucker OF Riley Greene P Ronel Blanco P Logan Gilbert SS Kevin McGonigle,,,
987,5211579706,POPPOP750,0,60.9,1B Freddie Freeman 2B Jose Altuve 3B Max Muncy C Hunter Feduccia OF Lars Nootbaar OF Dominic Canzone OF Riley Greene P Ronel Blanco P Logan Gilbert SS Geraldo Perdomo,,,
990,5211503585,grumpypap,0,60.55,1B Shohei Ohtani 2B Osleivis Basabe 3B Junior Caminero C Daniel Susac OF Randy Arozarena OF Jung Hoo Lee OF Max Clark P Robbie Ray P Roki Sasaki SS Willy Adames,,,
991,5210814898,RN74,0,60.2,1B Ildemaro Vargas 2B Ketel Marte 3B Manny Machado C Freddy Fermin OF Cedric Mullins OF Fernando Tatis Jr. OF Corbin Carroll P Robbie Ray P Merrill Kelly SS Geraldo Perdomo,,,
991,5211025979,Cpushe63,0,60.2,1B Yandy Diaz 2B Jose Altuve 3B Junior Caminero C Liam Hicks OF Kyle Tucker OF Yordan Alvarez OF Max Clark P Keider Montero P Roki Sasaki SS Christian Koss,,,
993,5210934667,nycgator12,0,59.9,1B Shohei Ohtani 2B Jake Cronenworth 3B Colt Keith C Gabriel Moreno OF Lars Nootbaar OF Riley Greene OF Max Clark P Ronel Blanco P Logan Gilbert SS Kevin McGonigle,,,
993,5211463729,colbyhornet,0,59.9,1B Josh Naylor 2B Jose Altuve 3B Isaac Paredes C Hunter Feduccia OF Yordan Alvarez OF Daulton Varsho OF Dominic Canzone P Ronel Blanco P Logan Gilbert SS Jeremy Pena,,,
993,5211475631,heathl60,0,59.9,1B Shohei Ohtani 2B Jake Cronenworth 3B Colt Keith C Gabriel Moreno OF Lars Nootbaar OF Riley Greene OF Max Clark P Ronel Blanco P Logan Gilbert SS Kevin McGonigle,,,
993,5211541155,xXxPLOSIVE,0,59.9,1B Shohei Ohtani 2B Jake Cronenworth 3B Colt Keith C Gabriel Moreno OF Lars Nootbaar OF Riley Greene OF Max Clark P Ronel Blanco P Logan Gilbert SS Kevin McGonigle,,,
993,5211547653,gwbrown1956,0,59.9,1B Christian Walker 2B Gleyber Torres 3B Max Muncy C Dillon Dingler OF Daulton Varsho OF Tim Tawa OF Max Clark P Keider Montero P Logan Gilbert SS Xander Bogaerts,,,
993,5211549121,rwuelfing,0,59.9,1B Shohei Ohtani 2B Jake Cronenworth 3B Colt Keith C Gabriel Moreno OF Lars Nootbaar OF Riley Greene OF Max Clark P Ronel Blanco P Logan Gilbert SS Kevin McGonigle,,,
999,5210782578,tashb.23,0,59.75,1B Yandy Diaz 2B Tommy Edman 3B Isaac Paredes C Liam Hicks OF Randy Arozarena OF Jackson Merrill OF Zach Dezenzo P Robbie Ray P Keider Montero SS Kevin McGonigle,,,
1000,5210907942,migvaq,0,59.55,1B Ty France 2B Tommy Edman 3B Nolan Arenado C Luis Campusano OF Shohei Ohtani OF Kyle Tucker OF Riley Greene P Robbie Ray P Roki Sasaki SS Xander Bogaerts,,,
1000,5211547461,snowdev30,0,59.55,1B Freddie Freeman 2B Gleyber Torres 3B Colt Keith C Hunter Feduccia OF Javier Baez OF Shohei Ohtani OF Andy Pages P Robbie Ray P Roki Sasaki SS Kevin McGonigle,,,
1002,5211468129,johnnyutah520,0,59.4,1B Shohei Ohtani 2B Cole Young 3B Colt Keith C Liam Hicks OF Andy Pages OF Riley Greene OF Max Clark P Ronel Blanco P Keider Montero SS Kevin McGonigle,,,
1002,5211512799,Hunttizzle,0,59.399998,1B Yandy Diaz 2B Jose Altuve 3B Junior Caminero C Hunter Feduccia OF Randy Arozarena OF Zach McKinstry OF Chandler Simpson P Robbie Ray P Drew Rasmussen SS Javier Baez,,,
1004,5211539595,Neosox21,0,59.25,1B Josh Naylor 2B Jake Cronenworth 3B Max Muncy C Cal Raleigh OF Teoscar Hernandez OF Kyle Tucker OF Julio Rodriguez P Robbie Ray P Logan Gilbert SS Mookie Betts,,,
1004,5211561587,robogil,0,59.25,1B Shohei Ohtani 2B Osleivis Basabe 3B Manny Machado C Cal Raleigh OF Teoscar Hernandez OF Grant McCray OF Max Clark P Robbie Ray P Logan Gilbert SS Geraldo Perdomo,,,
1006,5210980896,michaelvogt223,0,59.2,1B Shohei Ohtani 2B Jake Cronenworth 3B Kevin McGonigle C Dillon Dingler OF Riley Greene OF Chandler Simpson OF Max Clark P Keider Montero P Roki Sasaki SS Javier Baez,,,
1006,5211401950,ThomasGile,0,59.2,1B Jonathan Aranda 2B Jose Altuve 3B Max Muncy C Eduardo Valencia OF Shohei Ohtani OF Randy Arozarena OF Jung Hoo Lee P Ronel Blanco P Roki Sasaki SS Javier Baez,,,
1008,5211408510,RemembertheTitans,0,58.850002,1B Shohei Ohtani 2B Gleyber Torres 3B Sung-Mun Song C Dillon Dingler OF Luis Rengifo OF Randy Arozarena OF Zach McKinstry P Merrill Kelly P Keider Montero SS Kevin McGonigle,,,
1009,5211491515,brianstacia,0,58.75,1B Shohei Ohtani 2B Ketel Marte 3B Nolan Arenado C Hunter Feduccia OF Kyle Tucker OF Lars Nootbaar OF Corbin Carroll P Robbie Ray P Keider Montero SS Geraldo Perdomo,,,
1009,5211520868,tjcartel,0,58.75,1B Spencer Torkelson 2B Ketel Marte 3B Colt Keith C Hunter Feduccia OF Luis Rengifo OF Fernando Tatis Jr. OF Corbin Carroll P Robbie Ray P Keider Montero SS Geraldo Perdomo,,,
1011,5211352333,VivaLaRevolucion,0,58.55,1B Shohei Ohtani 2B Osleivis Basabe 3B Kevin McGonigle C Dillon Dingler OF Kyle Tucker OF Riley Greene OF Max Clark P Robbie Ray P Roki Sasaki SS Javier Baez,,,
1011,5211513937,CoolLu,0,58.55,1B Shohei Ohtani 2B Tommy Edman 3B Max Muncy C Daniel Susac OF Teoscar Hernandez OF Kyle Tucker OF Jung Hoo Lee P Robbie Ray P Roki Sasaki SS Willy Adames,,,
1011,5211528636,hppanther441264,0,58.55,1B Shohei Ohtani 2B Jake Cronenworth 3B Colt Keith C Cal Raleigh OF Kyle Tucker OF Andy Pages OF Riley Greene P Robbie Ray P Roki Sasaki SS Mookie Betts,,,
1014,5211528027,EarthWyrm,0,58.399998,1B Freddie Freeman 2B Osleivis Basabe 3B Max Muncy C Daniel Susac OF Shohei Ohtani OF Zach McKinstry OF Max Clark P Robbie Ray P Drew Rasmussen SS Javier Baez,,,
1015,5211097849,robvaughan,0,58.25,1B Shohei Ohtani 2B Osleivis Basabe 3B Colt Keith C Hunter Feduccia OF Kyle Tucker OF Corbin Carroll OF Max Clark P Robbie Ray P Logan Gilbert SS Geraldo Perdomo,,,
1015,5211412010,DraftKingsEAD,0,58.25,1B Bryce Eldridge 2B Ketel Marte 3B Christian Koss C Gabriel Moreno OF Jung Hoo Lee OF Lars Nootbaar OF Corbin Carroll P Robbie Ray P Logan Gilbert SS Geraldo Perdomo,,,
1015,5211466670,wookies,0,58.25,1B Freddie Freeman 2B Ketel Marte 3B Manny Machado C Daniel Susac OF Dominic Canzone OF Grant McCray OF Tim Tawa P Robbie Ray P Logan Gilbert SS Geraldo Perdomo,,,
1015,5211469307,jbrothers83,0,58.25,1B Freddie Freeman 2B Cole Young 3B Max Muncy C Hunter Feduccia OF Kyle Tucker OF Dominic Canzone OF Julio Rodriguez P Robbie Ray P Logan Gilbert SS Colt Emerson,,,
1015,5211494937,SaucyJack1001,0,58.25,1B Josh Naylor 2B Ketel Marte 3B Manny Machado C Luis Campusano OF Shohei Ohtani OF Zach McKinstry OF Lars Nootbaar P Robbie Ray P Logan Gilbert SS Colt Emerson,,,
1020,5211190130,splashgp,0,58.2,1B Freddie Freeman 2B Osleivis Basabe 3B Max Muncy C Hunter Feduccia OF Shohei Ohtani OF Kyle Tucker OF Yordan Alvarez P Keider Montero P Roki Sasaki SS Christian Koss,,,
1020,5211501194,azkendal,0,58.2,1B Freddie Freeman 2B Gleyber Torres 3B Colt Keith C Dillon Dingler OF Kyle Tucker OF Jung Hoo Lee OF Max Clark P Keider Montero P Roki Sasaki SS Mookie Betts,,,
1020,5211547849,Tgroh11,0,58.2,1B Bryce Eldridge 2B Cole Young 3B Max Muncy C Cal Raleigh OF Kyle Tucker OF Yordan Alvarez OF Jonny DeLuca P Ronel Blanco P Roki Sasaki SS Mookie Betts,,,
1020,5211555446,beastmode2423,0,58.2,1B Shohei Ohtani 2B Gleyber Torres 3B Max Muncy C Hunter Feduccia OF Teoscar Hernandez OF Kyle Tucker OF Max Clark P Keider Montero P Roki Sasaki SS Kevin McGonigle,,,
1024,5210961127,Brooklyn_Ballers,0,57.9,1B Shohei Ohtani 2B Osleivis Basabe 3B Max Muncy C Hunter Feduccia OF Teoscar Hernandez OF Kyle Tucker OF Max Clark P Ronel Blanco P Logan Gilbert SS Kevin McGonigle,,,
1024,5211486621,hbuhler,0,57.9,1B Shohei Ohtani 2B Osleivis Basabe 3B Colt Keith C Hunter Feduccia OF Riley Greene OF Corbin Carroll OF Max Clark P Ronel Blanco P Logan Gilbert SS Kevin McGonigle,,,
1024,5211558319,jrichie916,0,57.9,1B Freddie Freeman 2B Jose Altuve 3B Max Muncy C Hunter Feduccia OF Shohei Ohtani OF Zach McKinstry OF Max Clark P Keider Montero P Logan Gilbert SS Javier Baez,,,
1027,5211103652,aklease,0,57.75,1B Spencer Torkelson 2B Gleyber Torres 3B Max Muncy C Gabriel Moreno OF Zach McKinstry OF Riley Greene OF Jackson Merrill P Robbie Ray P Keider Montero SS Mookie Betts,,,
1027,5211470630,jmhalle,0,57.75,1B Shohei Ohtani 2B Gleyber Torres 3B Colt Keith C Daniel Susac OF Gavin Sheets OF Julio Rodriguez OF Riley Greene P Robbie Ray P Keider Montero SS Kevin McGonigle,,,
1029,5211552092,dannybee,0,57.7,1B Freddie Freeman 2B Jose Altuve 3B Colt Keith C Hunter Feduccia OF Teoscar Hernandez OF Shohei Ohtani OF Randy Arozarena P Logan Gilbert P Roki Sasaki SS Colt Emerson,,,
1030,5211084106,JLOVEDAY25,0,57.55,1B Freddie Freeman 2B Tommy Edman 3B Max Muncy C Hunter Feduccia OF Kyle Tucker OF Riley Greene OF Max Clark P Robbie Ray P Roki Sasaki SS Kevin McGonigle,,,
1030,5211536890,Dillymonkeys,0,57.55,1B Freddie Freeman 2B Jake Cronenworth 3B Manny Machado C Hunter Feduccia OF Teoscar Hernandez OF Shohei Ohtani OF Andy Pages P Robbie Ray P Roki Sasaki SS Xander Bogaerts,,,
1032,5211457281,igshark,0,57.2,1B Josh Naylor 2B Jose Altuve 3B Max Muncy C Hunter Feduccia OF Shohei Ohtani OF Yordan Alvarez OF Max Clark P Keider Montero P Roki Sasaki SS Xander Bogaerts,,,
1033,5211360642,losdiaz1,0,56.9,1B Shohei Ohtani 2B Jake Cronenworth 3B Colt Keith C Yainer Diaz OF Kyle Tucker OF Lars Nootbaar OF Riley Greene P Ronel Blanco P Logan Gilbert SS Kevin McGonigle,,,
1033,5211530932,lklk88088,0,56.9,1B Christian Walker 2B Cole Young 3B Brendan Donovan C Yainer Diaz OF Yordan Alvarez OF Jake Meyers OF Dominic Canzone P Ronel Blanco P Logan Gilbert SS Jeremy Pena,,,
1035,5211242687,snowsnlabs,0,56.75,1B Yandy Diaz 2B Gleyber Torres 3B Kevin McGonigle C Dillon Dingler OF Zach McKinstry OF Riley Greene OF Jackson Merrill P Robbie Ray P Keider Montero SS Colt Emerson,,,
1035,5211351765,heroballs99,0,56.75,1B Ty France 2B Gleyber Torres 3B Kevin McGonigle C Eduardo Valencia OF Teoscar Hernandez OF Riley Greene OF Jackson Merrill P Robbie Ray P Keider Montero SS Geraldo Perdomo,,,
1037,5210970245,aurum48,0,56.55,1B Freddie Freeman 2B Tommy Edman 3B Max Muncy C Hunter Feduccia OF Taylor Ward OF Kyle Tucker OF Riley Greene P Robbie Ray P Roki Sasaki SS Geraldo Perdomo,,,
1037,5211496614,Bigjee74,0,56.55,1B Rafael Devers 2B Jose Altuve 3B Max Muncy C Liam Hicks OF Riley Greene OF Chandler Simpson OF Max Clark P Robbie Ray P Roki Sasaki SS Jeremy Pena,,,
1039,5210838121,xxmjordan23xx,0,56.4,1B Shohei Ohtani 2B Jose Altuve 3B Isaac Paredes C Liam Hicks OF Luis Rengifo OF Taylor Trammell OF Corbin Carroll P Ronel Blanco P Keider Montero SS Geraldo Perdomo,,,
1040,5211466875,ottsie,0,56.2,1B Freddie Freeman 2B Jose Altuve 3B Brendan Donovan C Luis Campusano OF Shohei Ohtani OF Dominic Canzone OF Corbin Carroll P Ronel Blanco P Roki Sasaki SS Willy Adames,,,
1040,5211490148,Kingjoey16,0,56.2,1B Freddie Freeman 2B Jose Altuve 3B Max Muncy C Yainer Diaz OF Shohei Ohtani OF Zach McKinstry OF Max Clark P Keider Montero P Roki Sasaki SS Mookie Betts,,,
1040,5211581099,Pillagingpirate,0,56.2,1B Freddie Freeman 2B Jake Cronenworth 3B Colt Keith C Dillon Dingler OF Javier Baez OF Shohei Ohtani OF Max Clark P Keider Montero P Roki Sasaki SS Kevin McGonigle,,,
1043,5211266899,sammo87,0,55.9,1B Freddie Freeman 2B Jake Cronenworth 3B Max Muncy C Hunter Feduccia OF Shohei Ohtani OF Kyle Tucker OF Zach McKinstry P Keider Montero P Logan Gilbert SS Javier Baez,,,
1043,5211302055,jordanh415,0,55.9,1B Freddie Freeman 2B Jake Cronenworth 3B Max Muncy C Hunter Feduccia OF Javier Baez OF Shohei Ohtani OF Zach McKinstry P Keider Montero P Logan Gilbert SS Mookie Betts,,,
1045,5211524383,jrow01,0,55.75,1B Shohei Ohtani 2B Ketel Marte 3B Nolan Arenado C Gabriel Moreno OF Teoscar Hernandez OF Kyle Tucker OF Tim Tawa P Robbie Ray P Keider Montero SS Mookie Betts,,,
1045,5211530276,mbrune101,0,55.75,1B Shohei Ohtani 2B Cole Young 3B Brendan Donovan C Gabriel Moreno OF Kyle Tucker OF Jackson Merrill OF Max Clark P Robbie Ray P Keider Montero SS Kevin McGonigle,,,
1047,5210850869,rschoon3,0,55.55,1B Shohei Ohtani 2B Gleyber Torres 3B Colt Keith C Dillon Dingler OF Andy Pages OF Grant McCray OF Jackson Merrill P Robbie Ray P Roki Sasaki SS Javier Baez,,,
1047,5211399909,WaitTilNextYear,0,55.55,1B Freddie Freeman 2B Jose Altuve 3B Max Muncy C Hunter Feduccia OF Shohei Ohtani OF Andy Pages OF Max Clark P Robbie Ray P Roki Sasaki SS Javier Baez,,,
1047,5211408988,coachp17,0,55.55,1B Freddie Freeman 2B Jake Cronenworth 3B Kevin McGonigle C Hunter Feduccia OF Shohei Ohtani OF Luis Rengifo OF Kyle Tucker P Robbie Ray P Roki Sasaki SS Mookie Betts,,,
1047,5211422686,cmc1621,0,55.55,1B Shohei Ohtani 2B Tommy Edman 3B Kevin McGonigle C Daniel Susac OF Teoscar Hernandez OF Kyle Tucker OF Drew Gilbert P Robbie Ray P Roki Sasaki SS Mookie Betts,,,
1047,5211514506,HIXINATOR,0,55.55,1B Freddie Freeman 2B Jake Cronenworth 3B Colt Keith C Dillon Dingler OF Shohei Ohtani OF Zach McKinstry OF Max Clark P Robbie Ray P Roki Sasaki SS Kevin McGonigle,,,
1052,5211219206,rarduini,0,55.4,1B Shohei Ohtani 2B Ketel Marte 3B Kevin McGonigle C Luis Campusano OF Riley Greene OF Corbin Carroll OF Tim Tawa P Ronel Blanco P Keider Montero SS Taylor Walls,,,
1053,5210819180,Sam-I-Am,0,55.25,1B Freddie Freeman 2B Jake Cronenworth 3B Max Muncy C Cal Raleigh OF Gavin Sheets OF Jung Hoo Lee OF Jackson Merrill P Robbie Ray P Logan Gilbert SS Sung-Mun Song,,,
1053,5211089621,phil-osophy1,0,55.25,1B Freddie Freeman 2B Jake Cronenworth 3B Max Muncy C Cal Raleigh OF Gavin Sheets OF Jung Hoo Lee OF Jackson Merrill P Robbie Ray P Logan Gilbert SS Sung-Mun Song,,,
1053,5211390744,tguns1971,0,55.25,1B Yandy Diaz 2B Tommy Edman 3B Colt Keith C Gabriel Moreno OF Randy Arozarena OF Riley Greene OF Ryan Waldschmidt P Robbie Ray P Logan Gilbert SS Colt Emerson,,,
1056,5210913183,SteelKrtan,0,55.2,1B Shohei Ohtani 2B Jake Cronenworth 3B Colt Keith C Gabriel Moreno OF Kyle Tucker OF Riley Greene OF Corbin Carroll P Ronel Blanco P Roki Sasaki SS Kevin McGonigle,,,
1056,5211423564,Luiyopr,0,55.2,1B Freddie Freeman 2B Jose Altuve 3B Max Muncy C Hunter Feduccia OF Javier Baez OF Shohei Ohtani OF Riley Greene P Keider Montero P Roki Sasaki SS Mookie Betts,,,
1056,5211488901,Cocstrong,0,55.2,1B Freddie Freeman 2B Gleyber Torres 3B Colt Keith C Dillon Dingler OF Teoscar Hernandez OF Kyle Tucker OF Max Clark P Keider Montero P Roki Sasaki SS Kevin McGonigle,,,
1056,5211519219,Wooden27,0,55.2,1B Shohei Ohtani 2B Cole Young 3B Colt Keith C Daniel Susac OF Yordan Alvarez OF Dominic Canzone OF Andy Pages P Ronel Blanco P Roki Sasaki SS Mookie Betts,,,
1056,5211567997,PoorOldMan,0,55.2,1B Freddie Freeman 2B Jake Cronenworth 3B Max Muncy C Luis Campusano OF Shohei Ohtani OF Gavin Sheets OF Kyle Tucker P Keider Montero P Roki Sasaki SS Mookie Betts,,,
1061,5210843746,andrewp332,0,54.9,1B Shohei Ohtani 2B Osleivis Basabe 3B Colt Keith C Hunter Feduccia OF Teoscar Hernandez OF Kyle Tucker OF Corbin Carroll P Ronel Blanco P Logan Gilbert SS Kevin McGonigle,,,
1061,5210862420,socaleaglesfan,0,54.9,1B Shohei Ohtani 2B Jose Altuve 3B Colt Keith C Dillon Dingler OF Javier Baez OF Kyle Tucker OF Zach McKinstry P Ronel Blanco P Logan Gilbert SS Mookie Betts,,,
1061,5211462713,gillman72,0,54.9,1B Yandy Diaz 2B Gleyber Torres 3B Max Muncy C Luis Campusano OF Max Kepler OF Andy Pages OF Grant McCray P Keider Montero P Logan Gilbert SS Xander Bogaerts,,,
1061,5211480499,ccraftman,0,54.9,1B Josh Naylor 2B Gleyber Torres 3B Brendan Donovan C Luis Campusano OF Luis Rengifo OF Kyle Tucker OF Yordan Alvarez P Keider Montero P Logan Gilbert SS Javier Baez,,,
1061,5211480681,johnnybravo01,0,54.9,1B Shohei Ohtani 2B Osleivis Basabe 3B Colt Keith C Hunter Feduccia OF Teoscar Hernandez OF Kyle Tucker OF Corbin Carroll P Ronel Blanco P Logan Gilbert SS Kevin McGonigle,,,
1061,5211502316,JRaab,0,54.9,1B Shohei Ohtani 2B Osleivis Basabe 3B Colt Keith C Hunter Feduccia OF Teoscar Hernandez OF Kyle Tucker OF Corbin Carroll P Ronel Blanco P Logan Gilbert SS Kevin McGonigle,,,
1061,5211530187,demetrius.bailey,0,54.9,1B Shohei Ohtani 2B Jose Altuve 3B Colt Keith C Hunter Feduccia OF Javier Baez OF Kyle Tucker OF Corbin Carroll P Keider Montero P Logan Gilbert SS Mookie Betts,,,
1068,5210598638,Rooster5Chuck,0,54.75,1B Yandy Diaz 2B Cole Young 3B Junior Caminero C Dillon Dingler OF Randy Arozarena OF Dominic Canzone OF Ryan Waldschmidt P Adrian Houser P Keider Montero SS Jeremy Pena,,,
1068,5211528540,mill4085,0,54.75,1B Spencer Torkelson 2B Ketel Marte 3B Kevin McGonigle C Hunter Feduccia OF Shohei Ohtani OF Kyle Tucker OF Zach McKinstry P Robbie Ray P Ronel Blanco SS Mookie Betts,,,
1070,5211055425,jreigle81,0,54.7,1B Bryce Eldridge 2B Jake Cronenworth 3B Colt Keith C Dillon Dingler OF Teoscar Hernandez OF Shohei Ohtani OF Kyle Tucker P Logan Gilbert P Roki Sasaki SS Javier Baez,,,
1070,5211347372,Mikey7544,0,54.7,1B Josh Naylor 2B Cole Young 3B Max Muncy C Dillon Dingler OF Shohei Ohtani OF Grant McCray OF Drew Gilbert P Logan Gilbert P Roki Sasaki SS Colt Emerson,,,
1072,5211330347,slipperywhendry,0,54.55,1B Yandy Diaz 2B Cole Young 3B Junior Caminero C Cal Raleigh OF Randy Arozarena OF Jonny DeLuca OF Victor Mesa Jr. P Robbie Ray P Roki Sasaki SS Taylor Walls,,,
1073,5211035956,Garfield19,0,54.4,1B Shohei Ohtani 2B Jose Altuve 3B Max Muncy C Gabriel Moreno OF Teoscar Hernandez OF Zach McKinstry OF Riley Greene P Ronel Blanco P Keider Montero SS Kevin McGonigle,,,
1073,5211009014,kingjoe6969,0,54.399998,1B Spencer Torkelson 2B Ketel Marte 3B Colt Keith C Daniel Susac OF Riley Greene OF Corbin Carroll OF Max Clark P Robbie Ray P Drew Rasmussen SS Xander Bogaerts,,,
1075,5211550361,littlejoe_jr,0,54.25,1B Josh Naylor 2B Cole Young 3B Kevin McGonigle C Cal Raleigh OF Randy Arozarena OF Jung Hoo Lee OF Riley Greene P Robbie Ray P Logan Gilbert SS Javier Baez,,,
1076,5211234714,nats661,0,54.2,1B Shohei Ohtani 2B Tommy Edman 3B Max Muncy C Dillon Dingler OF Teoscar Hernandez OF Kyle Tucker OF Zach McKinstry P Keider Montero P Roki Sasaki SS Javier Baez,,,
1076,5211261493,KoRn5150,0,54.2,1B Freddie Freeman 2B Jose Altuve 3B Max Muncy C Hunter Feduccia OF Javier Baez OF Shohei Ohtani OF Yordan Alvarez P Keider Montero P Roki Sasaki SS Christian Koss,,,
1078,5210851622,watershed1,0,53.75,1B Shohei Ohtani 2B Tommy Edman 3B Colt Keith C Cal Raleigh OF Jung Hoo Lee OF Lars Nootbaar OF Corbin Carroll P Robbie Ray P Keider Montero SS Geraldo Perdomo,,,
1078,5211521860,Nycfreeze,0,53.75,1B Josh Naylor 2B Jake Cronenworth 3B Manny Machado C Hunter Feduccia OF Shohei Ohtani OF Randy Arozarena OF Fernando Tatis Jr. P Robbie Ray P Keider Montero SS Sung-Mun Song,,,
1078,5211544592,gbird33,0,53.75,1B Freddie Freeman 2B Gleyber Torres 3B Manny Machado C Hunter Feduccia OF Kyle Tucker OF Riley Greene OF Max Clark P Robbie Ray P Keider Montero SS Kevin McGonigle,,,
1081,5211576691,HC0023,0,53.7,1B Freddie Freeman 2B Cole Young 3B Brendan Donovan C Hunter Feduccia OF Shohei Ohtani OF Randy Arozarena OF Dominic Canzone P Logan Gilbert P Roki Sasaki SS Colt Emerson,,,
1082,5211178111,RodNick82,0,53.55,1B Ty France 2B Tommy Edman 3B Manny Machado C Freddy Fermin OF Shohei Ohtani OF Andy Pages OF Jase Bowen P Robbie Ray P Roki Sasaki SS Xander Bogaerts,,,
1082,5211406045,kenny7575,0,53.55,1B Christian Walker 2B Gleyber Torres 3B Nolan Arenado C Dillon Dingler OF Kyle Tucker OF Randy Arozarena OF Chandler Simpson P Robbie Ray P Roki Sasaki SS Xander Bogaerts,,,
1082,5211513611,beagle679,0,53.55,1B Yandy Diaz 2B Tommy Edman 3B Junior Caminero C Luis Campusano OF Kyle Tucker OF Riley Greene OF Max Clark P Robbie Ray P Roki Sasaki SS Mookie Betts,,,
1085,5211234720,throatstomper,0,53.399998,1B Freddie Freeman 2B Cole Young 3B Max Muncy C Cal Raleigh OF Kyle Tucker OF Lars Nootbaar OF Dominic Canzone P Robbie Ray P Drew Rasmussen SS Colt Emerson,,,
1085,5211457245,hoosierpack,0,53.399998,1B Yandy Diaz 2B Jake Cronenworth 3B Colt Keith C Liam Hicks OF Randy Arozarena OF Lars Nootbaar OF Riley Greene P Robbie Ray P Drew Rasmussen SS Xander Bogaerts,,,
1087,5211039107,laken04,0,53.2,1B Freddie Freeman 2B Jake Cronenworth 3B Max Muncy C Gabriel Moreno OF Shohei Ohtani OF Lars Nootbaar OF Riley Greene P Keider Montero P Roki Sasaki SS Taylor Walls,,,
1087,5211447547,rdip414,0,53.2,1B Ryan Vilade 2B Jose Altuve 3B Junior Caminero C Yainer Diaz OF Teoscar Hernandez OF Shohei Ohtani OF Victor Mesa Jr. P Ronel Blanco P Roki Sasaki SS Mookie Betts,,,
1087,5211521081,facemelters,0,53.2,1B Freddie Freeman 2B Jake Cronenworth 3B Colt Keith C Dillon Dingler OF Shohei Ohtani OF Kyle Tucker OF Max Clark P Keider Montero P Roki Sasaki SS Mookie Betts,,,
1087,5211577533,littleredbeard,0,53.2,1B Freddie Freeman 2B Osleivis Basabe 3B Max Muncy C Daniel Susac OF Shohei Ohtani OF Kyle Tucker OF Jung Hoo Lee P Ronel Blanco P Roki Sasaki SS Mookie Betts,,,
1091,5211461442,Kramsta21,0,53.05,1B Josh Naylor 2B Jose Altuve 3B Max Muncy C Daniel Susac OF Kyle Tucker OF Daulton Varsho OF Corbin Carroll P Drew Rasmussen P Ronel Blanco SS Jeremy Pena,,,
1092,5211408886,pittwho70,0,52.9,1B Freddie Freeman 2B Ketel Marte 3B Colt Keith C Luis Campusano OF Kyle Tucker OF Lars Nootbaar OF Max Clark P Keider Montero P Logan Gilbert SS Jeremy Pena,,,
1092,5211562027,nezzy78,0,52.9,1B Shohei Ohtani 2B Jose Altuve 3B Colt Keith C Gabriel Moreno OF Teoscar Hernandez OF Kyle Tucker OF Lars Nootbaar P Ronel Blanco P Logan Gilbert SS Mookie Betts,,,
1092,5211580935,profhit,0,52.9,1B Shohei Ohtani 2B Gleyber Torres 3B Colt Keith C Daniel Susac OF Teoscar Hernandez OF Zach McKinstry OF Riley Greene P Ronel Blanco P Logan Gilbert SS Kevin McGonigle,,,
1095,5211575403,vcru6969,0,52.75,1B Rafael Devers 2B Gleyber Torres 3B Kevin McGonigle C Dillon Dingler OF Jake Meyers OF Riley Greene OF Corbin Carroll P Robbie Ray P Ronel Blanco SS Javier Baez,,,
1096,5211465192,bobbyrock,0,52.55,1B Liam Hicks 2B Osleivis Basabe 3B Brendan Donovan C Cal Raleigh OF Shohei Ohtani OF Gavin Sheets OF Corbin Carroll P Robbie Ray P Roki Sasaki SS Kevin McGonigle,,,
1097,5211255810,bjmcneill,0,52.25,1B Freddie Freeman 2B Jake Cronenworth 3B Colt Keith C Cal Raleigh OF Gavin Sheets OF Kyle Tucker OF Riley Greene P Robbie Ray P Logan Gilbert SS Kevin McGonigle,,,
1098,5210928178,pdog63,0,51.75,1B Yandy Diaz 2B Jose Altuve 3B Isaac Paredes C Yainer Diaz OF Randy Arozarena OF Yordan Alvarez OF Andy Pages P JT Brubaker P Ronel Blanco SS Jeremy Pena,,,
1098,5211508510,texasfrog90,0,51.75,1B Freddie Freeman 2B Gleyber Torres 3B Colt Keith C Dillon Dingler OF Kyle Tucker OF Zach McKinstry OF Andy Pages P Robbie Ray P Keider Montero SS Mookie Betts,,,
1100,5211533144,AMST158,0,51.7,1B Freddie Freeman 2B Osleivis Basabe 3B Colt Keith C Dillon Dingler OF Shohei Ohtani OF Yordan Alvarez OF Max Clark P Kenley Jansen P Keider Montero SS Kevin McGonigle,,,
1101,5211465346,MikeWhiteford,0,51.55,1B Spencer Torkelson 2B Tommy Edman 3B Colt Keith C Cal Raleigh OF Shohei Ohtani OF Taylor Ward OF Kyle Tucker P Robbie Ray P Roki Sasaki SS Mookie Betts,,,
1101,5211563132,bjpintar,0,51.55,1B Freddie Freeman 2B Tommy Edman 3B Colt Keith C Dillon Dingler OF Kyle Tucker OF Andy Pages OF Chandler Simpson P Robbie Ray P Roki Sasaki SS Javier Baez,,,
1103,5211167621,eastlake33,0,51.2,1B Shohei Ohtani 2B Jake Cronenworth 3B Max Muncy C Dillon Dingler OF Kyle Tucker OF Riley Greene OF Max Clark P Keider Montero P Roki Sasaki SS Javier Baez,,,
1103,5211448628,kjtx,0,51.2,1B Liam Hicks 2B Gleyber Torres 3B Junior Caminero C Cal Raleigh OF Fernando Tatis Jr. OF Daulton Varsho OF Chandler Simpson P Ronel Blanco P Roki Sasaki SS Taylor Walls,,,
1105,5211528008,JohnyDrama,0,50.75,1B Freddie Freeman 2B Jake Cronenworth 3B Colt Keith C Liam Hicks OF Shohei Ohtani OF Zach McKinstry OF Riley Greene P Robbie Ray P Keider Montero SS Kevin McGonigle,,,
1106,5211401913,tuckersparks12,0,50.55,1B Freddie Freeman 2B Tommy Edman 3B Max Muncy C Luis Campusano OF Shohei Ohtani OF Kyle Tucker OF Zach McKinstry P Robbie Ray P Roki Sasaki SS Javier Baez,,,
1106,5211423325,KyleKrogman,0,50.55,1B Shohei Ohtani 2B Jake Cronenworth 3B Colt Keith C Luis Campusano OF Kyle Tucker OF Corbin Carroll OF Chandler Simpson P Robbie Ray P Roki Sasaki SS Kevin McGonigle,,,
1108,5211499599,Chaselace87,0,50.25,1B Freddie Freeman 2B Cole Young 3B Brendan Donovan C Dillon Dingler OF Lars Nootbaar OF Grant McCray OF Max Clark P Robbie Ray P Logan Gilbert SS Kevin McGonigle,,,
1109,5211217481,Dikstallion,0,50.2,1B Freddie Freeman 2B Gleyber Torres 3B Kevin McGonigle C Dillon Dingler OF Riley Greene OF Grant McCray OF Max Clark P Ronel Blanco P Roki Sasaki SS Jeremy Pena,,,
1110,5211413039,midwest2991,0,49.9,1B Freddie Freeman 2B Jake Cronenworth 3B Colt Keith C Luis Campusano OF Teoscar Hernandez OF Javier Baez OF Shohei Ohtani P Keider Montero P Logan Gilbert SS Mookie Betts,,,
1110,5211539936,zr1003,0,49.9,1B Shohei Ohtani 2B Osleivis Basabe 3B Colt Keith C Daniel Susac OF Teoscar Hernandez OF Riley Greene OF Chandler Simpson P Ronel Blanco P Logan Gilbert SS Kevin McGonigle,,,
1112,5211360550,superjjp2001,0,49.75,1B Spencer Torkelson 2B Jake Cronenworth 3B Max Muncy C Dillon Dingler OF Teoscar Hernandez OF Riley Greene OF Max Clark P Robbie Ray P Keider Montero SS Kevin McGonigle,,,
1112,5211537806,pagemaster420,0,49.75,1B Liam Hicks 2B Osleivis Basabe 3B Colt Keith C Cal Raleigh OF Shohei Ohtani OF Riley Greene OF Jackson Merrill P Robbie Ray P Keider Montero SS Mookie Betts,,,
1112,5211540355,Jokers_wild81,0,49.75,1B Tim Tawa 2B Gleyber Torres 3B Colt Keith C Dillon Dingler OF Shohei Ohtani OF Gavin Sheets OF Max Clark P Robbie Ray P Keider Montero SS Kevin McGonigle,,,
1112,5211552530,Scallops3000,0,49.75,1B Shohei Ohtani 2B Jake Cronenworth 3B Max Muncy C Luis Campusano OF Teoscar Hernandez OF Kyle Tucker OF Riley Greene P Robbie Ray P Keider Montero SS Geraldo Perdomo,,,
1112,5211559045,CaseyScharrer,0,49.75,1B Freddie Freeman 2B Jose Altuve 3B Kevin McGonigle C Dillon Dingler OF Kyle Tucker OF Riley Greene OF Max Clark P Robbie Ray P Keider Montero SS Javier Baez,,,
1117,5210969558,RickAyala,0,49.55,1B Freddie Freeman 2B Cole Young 3B Max Muncy C Luis Campusano OF Taylor Ward OF Dominic Canzone OF Andy Pages P Robbie Ray P Roki Sasaki SS Mookie Betts,,,
1117,5211470015,Darkhorse911,0,49.55,1B Shohei Ohtani 2B Jake Cronenworth 3B Max Muncy C Luis Campusano OF Teoscar Hernandez OF Luis Rengifo OF Jackson Merrill P Robbie Ray P Roki Sasaki SS Mookie Betts,,,
1117,5211481574,Thomas.golden.1,0,49.55,1B Shohei Ohtani 2B Jose Altuve 3B Sung-Mun Song C Gabriel Moreno OF Randy Arozarena OF Dominic Canzone OF Jackson Merrill P Robbie Ray P Roki Sasaki SS Xander Bogaerts,,,
1120,5211507556,SmokeyPickren007,0,49.399998,1B Shohei Ohtani 2B Osleivis Basabe 3B Brendan Donovan C Yainer Diaz OF Teoscar Hernandez OF Corbin Carroll OF Chandler Simpson P Robbie Ray P Drew Rasmussen SS Taylor Walls,,,
1121,5211317781,sweetT365,0,49.25,1B Tim Tawa 2B Osleivis Basabe 3B Max Muncy C Dillon Dingler OF Teoscar Hernandez OF Gavin Sheets OF Max Clark P Robbie Ray P Logan Gilbert SS Jeremy Pena,,,
1121,5211319216,GeMSta69,0,49.25,1B Rafael Devers 2B Cole Young 3B Max Muncy C Luis Campusano OF Teoscar Hernandez OF Kyle Tucker OF Randy Arozarena P Robbie Ray P Logan Gilbert SS Javier Baez,,,
1121,5211480134,rjasonwxx3,0,49.25,1B Bryce Eldridge 2B Cole Young 3B Brendan Donovan C Luis Campusano OF Randy Arozarena OF Riley Greene OF Jackson Merrill P Robbie Ray P Logan Gilbert SS Xander Bogaerts,,,
1121,5211526458,dearyn,0,49.25,1B Tim Tawa 2B Ketel Marte 3B Max Muncy C Hunter Feduccia OF Teoscar Hernandez OF Shohei Ohtani OF Zach McKinstry P Robbie Ray P Logan Gilbert SS Xander Bogaerts,,,
1121,5211580030,bgott1,0,49.25,1B Shohei Ohtani 2B Tommy Edman 3B Max Muncy C Hunter Feduccia OF Lars Nootbaar OF Grant McCray OF Drew Gilbert P Robbie Ray P Logan Gilbert SS Mookie Betts,,,
1126,5211546485,piston90,0,49.2,1B Christian Walker 2B Gleyber Torres 3B Kevin McGonigle C Gabriel Moreno OF Luis Rengifo OF Randy Arozarena OF Dominic Canzone P Robbie Ray P Merrill Kelly SS Jeremy Pena,,,
1127,5211432009,LRoyTheKing,0,48.75,1B Yandy Diaz 2B Jose Altuve 3B Colt Keith C Dillon Dingler OF Yordan Alvarez OF Victor Mesa Jr. OF Max Clark P Robbie Ray P Keider Montero SS Taylor Walls,,,
1127,5211504794,BigBlue74,0,48.75,1B Jonathan Aranda 2B Gleyber Torres 3B Max Muncy C Gabriel Moreno OF Luis Rengifo OF Taylor Ward OF Dominic Canzone P Robbie Ray P Keider Montero SS Geraldo Perdomo,,,
1127,5211537772,keekdasneak,0,48.75,1B Shohei Ohtani 2B Ketel Marte 3B Nolan Arenado C Gabriel Moreno OF Teoscar Hernandez OF Kyle Tucker OF Lars Nootbaar P Robbie Ray P Keider Montero SS Mookie Betts,,,
1130,5211453144,Ninjas99,0,48.25,1B Freddie Freeman 2B Jake Cronenworth 3B Manny Machado C Cal Raleigh OF Teoscar Hernandez OF Gavin Sheets OF Lars Nootbaar P Robbie Ray P Logan Gilbert SS Mookie Betts,,,
1130,5211566219,Harry1962,0,48.25,1B Shohei Ohtani 2B Osleivis Basabe 3B Christian Koss C Dillon Dingler OF Luis Rengifo OF Gavin Sheets OF Jackson Merrill P Robbie Ray P Logan Gilbert SS Javier Baez,,,
1132,5211282333,KILLANADZ24,0,48.2,1B Freddie Freeman 2B Jake Cronenworth 3B Max Muncy C Luis Campusano OF Teoscar Hernandez OF Shohei Ohtani OF Kyle Tucker P Keider Montero P Roki Sasaki SS Xander Bogaerts,,,
1132,5211502626,miko68,0,48.2,1B Shohei Ohtani 2B Gleyber Torres 3B Manny Machado C Gabriel Moreno OF Teoscar Hernandez OF Corbin Carroll OF Tim Tawa P Robbie Ray P Merrill Kelly SS Javier Baez,,,
1134,5211429964,gatorback,0,47.9,1B Shohei Ohtani 2B Cole Young 3B Brendan Donovan C Cal Raleigh OF Teoscar Hernandez OF Javier Baez OF Riley Greene P Keider Montero P Logan Gilbert SS Mookie Betts,,,
1135,5211541817,Raiderfanatic2195,0,47.85,1B Jonathan Aranda 2B Cole Young 3B Junior Caminero C Liam Hicks OF Taylor Ward OF Randy Arozarena OF Dominic Canzone P Merrill Kelly P Ronel Blanco SS Jeremy Pena,,,
1136,5211562613,Sprungthatcash,0,47.75,1B Spencer Torkelson 2B Gleyber Torres 3B Kevin McGonigle C Daniel Susac OF Teoscar Hernandez OF Shohei Ohtani OF Max Clark P Robbie Ray P Keider Montero SS Mookie Betts,,,
1137,5211477981,tlib21,0,47.55,1B Shohei Ohtani 2B Jake Cronenworth 3B Max Muncy C Daniel Susac OF Kyle Tucker OF Riley Greene OF Jackson Merrill P Robbie Ray P Roki Sasaki SS Xander Bogaerts,,,
1138,5211249415,jerrro,0,47.4,1B Liam Hicks 2B Jose Altuve 3B Manny Machado C Hunter Feduccia OF Teoscar Hernandez OF Shohei Ohtani OF Corbin Carroll P Ronel Blanco P Keider Montero SS Mookie Betts,,,
1139,5211542122,statefan1997,0,46.75,1B Shohei Ohtani 2B Cole Young 3B Colt Keith C Dillon Dingler OF Gavin Sheets OF Kyle Tucker OF Riley Greene P Robbie Ray P Keider Montero SS Geraldo Perdomo,,,
1139,5211569805,Q33Q,0,46.75,1B Freddie Freeman 2B Richie Palacios 3B Max Muncy C Daniel Susac OF Shohei Ohtani OF Jung Hoo Lee OF Tim Tawa P Robbie Ray P Keider Montero SS Mookie Betts,,,
1141,5210800432,BuildBetBigger,0,46.55,1B Freddie Freeman 2B Jose Altuve 3B Colt Keith C Liam Hicks OF Shohei Ohtani OF Kyle Tucker OF Daulton Varsho P Robbie Ray P Roki Sasaki SS Mookie Betts,,,
1142,5211460756,Stevism7,0,46.2,1B Freddie Freeman 2B Osleivis Basabe 3B Max Muncy C Liam Hicks OF Shohei Ohtani OF Yordan Alvarez OF Grant McCray P Ronel Blanco P Roki Sasaki SS Christian Koss,,,
1143,5211499609,Swirv36,0,45.9,1B Tim Tawa 2B Ketel Marte 3B Colt Keith C Gabriel Moreno OF Taylor Ward OF Dominic Canzone OF Corbin Carroll P Keider Montero P Logan Gilbert SS Xander Bogaerts,,,
1144,5211396693,EF20205555,0,45.75,1B Liam Hicks 2B Jose Altuve 3B Yandy Diaz C Eduardo Valencia OF Randy Arozarena OF Dominic Canzone OF Andy Pages P Robbie Ray P Ronel Blanco SS Willy Adames,,,
1145,5211177451,hoppinball26,0,45.25,1B Bryce Eldridge 2B Tommy Edman 3B Max Muncy C Luis Campusano OF Teoscar Hernandez OF Javier Baez OF Kyle Tucker P Robbie Ray P Logan Gilbert SS Mookie Betts,,,
1146,5211431745,rumham2000,0,44.9,1B Josh Naylor 2B Jose Altuve 3B Max Muncy C Cal Raleigh OF Teoscar Hernandez OF Kyle Tucker OF Lars Nootbaar P Ronel Blanco P Logan Gilbert SS Jeremy Pena,,,
1147,5211569155,How_About_Dem_Cowboy,0,44.75,1B Freddie Freeman 2B Osleivis Basabe 3B Nolan Arenado C Gabriel Moreno OF Teoscar Hernandez OF Shohei Ohtani OF Kyle Tucker P Robbie Ray P Ronel Blanco SS Mookie Betts,,,
1148,5211533280,djloyd16,0,44.55,1B Freddie Freeman 2B Ketel Marte 3B Max Muncy C Liam Hicks OF Lars Nootbaar OF Daulton Varsho OF Tim Tawa P Robbie Ray P Roki Sasaki SS Jeremy Pena,,,
1148,5211538341,miked333,0,44.55,1B Freddie Freeman 2B Osleivis Basabe 3B Max Muncy C Daniel Susac OF Shohei Ohtani OF Kyle Tucker OF Drew Gilbert P Robbie Ray P Roki Sasaki SS Mookie Betts,,,
1150,5211466671,Textopper,0,43.75,1B Freddie Freeman 2B Jose Altuve 3B Brendan Donovan C Yainer Diaz OF Fernando Tatis Jr. OF Riley Greene OF Corbin Carroll P Robbie Ray P Keider Montero SS Christian Koss,,,
1150,5211560747,Boland2424,0,43.75,1B Liam Hicks 2B Osleivis Basabe 3B Colt Keith C Dillon Dingler OF Kyle Tucker OF Dominic Canzone OF Corbin Carroll P Robbie Ray P Keider Montero SS Kevin McGonigle,,,
1152,5211472451,racehorsecharlie,0,43.55,1B Shohei Ohtani 2B Cole Young 3B Max Muncy C Cal Raleigh OF Lars Nootbaar OF Victor Mesa Jr. OF Corbin Carroll P Robbie Ray P Roki Sasaki SS Javier Baez,,,
1152,5211506077,Mark502Blue,0,43.55,1B Christian Walker 2B Cole Young 3B Junior Caminero C Dillon Dingler OF Teoscar Hernandez OF Dominic Canzone OF Max Clark P Robbie Ray P Roki Sasaki SS Jeremy Pena,,,
1154,5211519443,dk001,0,42.55,1B Josh Naylor 2B Gleyber Torres 3B Yandy Diaz C Luis Campusano OF Taylor Ward OF Randy Arozarena OF Corbin Carroll P Robbie Ray P Roki Sasaki SS Willy Adames,,,
1155,5211117825,tew22,0,42.4,1B Josh Naylor 2B Cole Young 3B Yandy Diaz C Yainer Diaz OF Yordan Alvarez OF Dominic Canzone OF Riley Greene P Ronel Blanco P Keider Montero SS Kevin McGonigle,,,
1156,5211555444,Toddytilt10,0,42.25,1B Josh Naylor 2B Cole Young 3B Max Muncy C Dillon Dingler OF Luis Rengifo OF Taylor Ward OF Tim Tawa P Robbie Ray P Logan Gilbert SS Sung-Mun Song,,,
1157,5211517680,Theillmil414,0,41.75,1B Freddie Freeman 2B Jake Cronenworth 3B Max Muncy C Luis Campusano OF Shohei Ohtani OF Jackson Merrill OF Max Clark P Robbie Ray P Keider Montero SS Javier Baez,,,
1158,5211541139,richmondrob7,0,41.2,1B Freddie Freeman 2B Jake Cronenworth 3B Max Muncy C Daniel Susac OF Teoscar Hernandez OF Shohei Ohtani OF Chandler Simpson P Keider Montero P Roki Sasaki SS Mookie Betts,,,
1159,5211564332,JonP7,0,40.75,1B Tim Tawa 2B Jake Cronenworth 3B Colt Keith C Dillon Dingler OF Shohei Ohtani OF Riley Greene OF Corbin Carroll P Robbie Ray P Keider Montero SS Taylor Walls,,,
1160,5210960414,Beatles333,0,39.75,1B Shohei Ohtani 2B Jake Cronenworth 3B Colt Keith C Dillon Dingler OF Javier Baez OF Luis Rengifo OF Riley Greene P Robbie Ray P Keider Montero SS Kevin McGonigle,,,
1161,5211490384,AuburnFanMB,0,39.55,1B Freddie Freeman 2B Jake Cronenworth 3B Max Muncy C Daniel Susac OF Shohei Ohtani OF Gavin Sheets OF Kyle Tucker P Robbie Ray P Roki Sasaki SS Mookie Betts,,,
1161,5211567510,jscgolf,0,39.55,1B Freddie Freeman 2B Jake Cronenworth 3B Max Muncy C Daniel Susac OF Shohei Ohtani OF Gavin Sheets OF Kyle Tucker P Robbie Ray P Roki Sasaki SS Mookie Betts,,,
1163,5211410776,jenn1008,0,38.75,1B Shohei Ohtani 2B Osleivis Basabe 3B Junior Caminero C Hunter Feduccia OF Yordan Alvarez OF Corbin Carroll OF Grant McCray P Robbie Ray P Keider Montero SS Christian Koss,,,
1163,5211449233,Fortyfortner,0,38.75,1B Freddie Freeman 2B Jose Altuve 3B Max Muncy C Dillon Dingler OF Shohei Ohtani OF Zach McKinstry OF Grant McCray P Robbie Ray P Keider Montero SS Colt Emerson,,,
1165,5211564346,MWeezy31,0,37.9,1B Bryce Eldridge 2B Ketel Marte 3B Colt Keith C Cal Raleigh OF Teoscar Hernandez OF Kyle Tucker OF Riley Greene P Ronel Blanco P Logan Gilbert SS Jeremy Pena,,,
1166,5210934382,kcroyalfan,0,37.75,1B Freddie Freeman 2B Jake Cronenworth 3B Max Muncy C Hunter Feduccia OF Shohei Ohtani OF Riley Greene OF Max Clark P Robbie Ray P Keider Montero SS Mookie Betts,,,
1166,5211546487,brielly1972,0,37.75,1B Freddie Freeman 2B Osleivis Basabe 3B Max Muncy C Hunter Feduccia OF Shohei Ohtani OF Kyle Tucker OF Riley Greene P Robbie Ray P Keider Montero SS Javier Baez,,,
1168,5211509475,boys4,0,37.2,1B Freddie Freeman 2B Jose Altuve 3B Max Muncy C Hunter Feduccia OF Teoscar Hernandez OF Shohei Ohtani OF Daulton Varsho P Robbie Ray P Merrill Kelly SS Jeremy Pena,,,
1169,5211234274,jmarkowski0,0,36.75,1B Freddie Freeman 2B Gleyber Torres 3B Max Muncy C Hunter Feduccia OF Kyle Tucker OF Riley Greene OF Max Clark P Robbie Ray P Keider Montero SS Mookie Betts,,,
1170,5210634370,Cunit80,0,35.75,1B Freddie Freeman 2B Gleyber Torres 3B Kevin McGonigle C Liam Hicks OF Teoscar Hernandez OF Gavin Sheets OF Corbin Carroll P Robbie Ray P Keider Montero SS Taylor Walls,,,
1171,5210818303,howandwhy17,0,35.55,1B Freddie Freeman 2B Osleivis Basabe 3B Max Muncy C Daniel Susac OF Teoscar Hernandez OF Shohei Ohtani OF Kyle Tucker P Robbie Ray P Roki Sasaki SS Xander Bogaerts,,,
1171,5211532651,katzwillz,0,35.55,1B Yandy Diaz 2B Tommy Edman 3B Sung-Mun Song C Cal Raleigh OF Javier Baez OF Shohei Ohtani OF Luis Rengifo P Robbie Ray P Roki Sasaki SS Jeremy Pena,,,
1173,5211489106,greenwor,0,35.4,1B Freddie Freeman 2B Jose Altuve 3B Colt Keith C Yainer Diaz OF Shohei Ohtani OF Taylor Ward OF Riley Greene P Ronel Blanco P Keider Montero SS Mookie Betts,,,
1174,5211577747,TeeJeigh,0,33.55,1B Freddie Freeman 2B Cole Young 3B Max Muncy C Liam Hicks OF Gavin Sheets OF Taylor Ward OF Dominic Canzone P Robbie Ray P Roki Sasaki SS Mookie Betts,,,
1175,5211225254,NazzAttack,0,33.25,1B Josh Naylor 2B Ketel Marte 3B Junior Caminero C Cal Raleigh OF Taylor Ward OF Lars Nootbaar OF Daulton Varsho P Robbie Ray P Logan Gilbert SS Javier Baez,,,
1176,5211234537,ramsey92275,0,30.75,1B Shohei Ohtani 2B Osleivis Basabe 3B Colt Keith C Daniel Susac OF Randy Arozarena OF Corbin Carroll OF Jackson Merrill P Robbie Ray P Ronel Blanco SS Mookie Betts,,,
1176,5211552611,barb8,0,30.75,1B Freddie Freeman 2B Osleivis Basabe 3B Max Muncy C Daniel Susac OF Teoscar Hernandez OF Shohei Ohtani OF Max Clark P Robbie Ray P Keider Montero SS Mookie Betts,,,
1178,5211476110,NShizzzle,0,26.75,1B Freddie Freeman 2B Jake Cronenworth 3B Max Muncy C Cal Raleigh OF Shohei Ohtani OF Dominic Canzone OF Grant McCray P Robbie Ray P Keider Montero SS Mookie Betts,,,
1179,5210821656,AZN_Shorty,0,0,,,,
1179,5210829428,ak05lp,0,0,,,,
1179,5210894493,j-wolf05,0,0,,,,
1179,5211003561,Sick6ix6,0,0,,,,
1179,5211211302,RaulAnaya,0,0,,,,
1179,5211304925,Yamar,0,0,,,,
1179,5211320803,charles52,0,0,,,,
1179,5211390745,Joeksiazkiewicz,0,0,,,,
1179,5211431473,BLEEDGREEN1505,0,0,,,,
1179,5211449516,SWAMI,0,0,,,,
1179,5211467578,YodaOG420,0,0,,,,
