Rank,EntryId,EntryName,TimeRemaining,Points,Lineup,,Player,Roster Position,%Drafted,FPTS
1,5211314764,BaltimoreBomberz,0,146.75,1B Bryce Harper 2B Jose Tena 3B Brady House C Harry Ford OF Daylen Lile OF A.J. Ewing OF Carson Benge P Cade Cavalli P Zac Thornton SS CJ Abrams,,Zack Wheeler,P,75.44%,8.8
2,5210632383,hasco (1/3),0,144.9,1B Bryce Harper 2B Marcus Semien 3B Nick Gonzales C Luis Torrens OF Daylen Lile OF Esmerlyn Valdez OF A.J. Ewing P Zack Wheeler P Cade Cavalli SS Francisco Lindor,,Cade Cavalli,P,51.81%,22.1
3,5211224573,Runninrebel02 (2/4),0,143.9,1B Jared Young 2B Marcus Semien 3B Brady House C Harry Ford OF Daylen Lile OF A.J. Ewing OF Carson Benge P Zack Wheeler P Cade Cavalli SS CJ Abrams,,CJ Abrams,SS,33.60%,5
3,5211298679,Choker12 (1/4),0,143.9,1B Jared Young 2B Marcus Semien 3B Brady House C Harry Ford OF Daylen Lile OF A.J. Ewing OF Carson Benge P Zack Wheeler P Cade Cavalli SS CJ Abrams,,Zac Thornton,P,30.19%,17.65
3,5211337891,jnwallen (9/20),0,143.9,1B Jared Young 2B Marcus Semien 3B Brady House C Harry Ford OF Daylen Lile OF A.J. Ewing OF Carson Benge P Zack Wheeler P Cade Cavalli SS CJ Abrams,,Kyle Schwarber,OF,29.86%,7
6,5211350964,produceman09 (6/9),0,142.1,1B Jared Young 2B Matt McLain 3B Bo Bichette C Harry Ford OF Daylen Lile OF A.J. Ewing OF Carson Benge P Zack Wheeler P Jose Soriano SS Francisco Lindor,,Luis Arraez,2B,29.10%,2
7,5211337884,jnwallen (2/20),0,140.9,1B Abimelec Ortiz 2B Marcus Semien 3B Brady House C Harry Ford OF Daylen Lile OF A.J. Ewing OF Carson Benge P Zack Wheeler P Cade Cavalli SS CJ Abrams,,Tyler Stephenson,C,27.63%,0
8,5210994119,mbrummy1,0,139.45,1B Spencer Horwitz 2B Marcus Semien 3B Bo Bichette C Harry Ford OF Bryce Harper OF Daylen Lile OF A.J. Ewing P Zack Wheeler P Zac Thornton SS Andres Gimenez,,Daylen Lile,OF,26.87%,25
9,5211001173,rambito (12/20),0,138.9,1B Bryce Harper 2B Ronny Simon 3B Jorge Polanco C Harry Ford OF Kyle Schwarber OF Daylen Lile OF A.J. Ewing P Zack Wheeler P Cade Cavalli SS Francisco Lindor,,Elly De La Cruz,SS,25.69%,18
10,5210619191,melvincali (9/20),0,138.75,1B Bryce Harper 2B Josh Smith 3B Kazuma Okamoto C Alejandro Kirk OF A.J. Ewing OF George Springer OF Brandon Marsh P Cade Cavalli P Zac Thornton SS Francisco Lindor,,Sal Stewart,1B,24.98%,0
11,5211143406,Dubbzz (7/20),0,137.4,1B Spencer Horwitz 2B Josh Smith 3B Brady House C Harry Ford OF Daylen Lile OF Nathan Lukes OF Jesus Sanchez P Jose Soriano P Cade Cavalli SS CJ Abrams,,Jose Soriano,P,24.64%,10.3
12,5211279380,Dilbert29 (9/19),0,136.9,1B Bryce Harper 2B Marcus Semien 3B Bryson Stott C Luis Torrens OF Bryan Reynolds OF A.J. Ewing OF Carson Benge P Zack Wheeler P Cade Cavalli SS Francisco Lindor,,JJ Bleday,OF,23.76%,2
13,5211230337,kozy6813 (18/20),0,135.9,1B Bryce Harper 2B Marcus Semien 3B Jorge Polanco C Harry Ford OF Esmerlyn Valdez OF A.J. Ewing OF Carson Benge P Zack Wheeler P Cade Cavalli SS Francisco Lindor,,Abimelec Ortiz,1B,22.37%,2
14,5211317815,Skralph (4/20),0,134.4,1B Bryce Harper 2B Marcus Semien 3B Bo Bichette C Alejandro Kirk OF A.J. Ewing OF George Springer OF Carson Benge P Jose Soriano P Cade Cavalli SS Francisco Lindor,,Carson Benge,OF,21.40%,17
15,5211001174,rambito (13/20),0,133.9,1B Bryce Harper 2B Ronny Simon 3B Jorge Polanco C Harry Ford OF Kyle Schwarber OF Daylen Lile OF Carson Benge P Zack Wheeler P Cade Cavalli SS Francisco Lindor,,Bryce Harper,OF,20.23%,12
15,5211233579,sportsfan14 (19/20),0,133.9,1B Jared Young 2B Marcus Semien 3B Jorge Polanco C Harry Ford OF Daylen Lile OF Carson Benge OF Jake Mangum P Zack Wheeler P Cade Cavalli SS Francisco Lindor,,Esmerlyn Valdez,OF,19.72%,4
15,5211297953,Chesublimino,0,133.9,1B Abimelec Ortiz 2B Nasim Nunez 3B Brady House C Harry Ford OF Daylen Lile OF A.J. Ewing OF Carson Benge P Zack Wheeler P Cade Cavalli SS Francisco Lindor,,Harry Ford,C,19.60%,16
18,5211079215,thesportsfan (14/20),0,131.9,1B Abimelec Ortiz 2B Nasim Nunez 3B Bo Bichette C Harry Ford OF Daylen Lile OF A.J. Ewing OF Carson Benge P Zack Wheeler P Cade Cavalli SS Francisco Lindor,,A.J. Ewing,OF,18.97%,22
18,5211095018,SpeedRacer101 (9/20),0,131.9,1B Jared Young 2B Nasim Nunez 3B Jorge Polanco C Harry Ford OF Daylen Lile OF A.J. Ewing OF Carson Benge P Zack Wheeler P Cade Cavalli SS Francisco Lindor,,Bryce Harper,1B,18.25%,12
20,5211041387,PEANUT1FFQ,0,131.75,1B Abimelec Ortiz 2B Marcus Semien 3B Brady House C Harry Ford OF Daylen Lile OF Esmerlyn Valdez OF Carson Benge P Cade Cavalli P Zac Thornton SS CJ Abrams,,Eugenio Suarez,3B,17.24%,14
21,5210552681,wh0red0zer9,0,131.45,1B Jared Young 2B Matt McLain 3B Bo Bichette C Harry Ford OF Kyle Schwarber OF A.J. Ewing OF Carson Benge P Zack Wheeler P Zac Thornton SS Francisco Lindor,,J.T. Realmuto,C,17.20%,3
22,5210927633,bellsofwar3 (13/20),0,130.9,1B Jared Young 2B Jose Tena 3B Brady House C Harry Ford OF Daylen Lile OF A.J. Ewing OF Carson Benge P Zack Wheeler P Cade Cavalli SS CJ Abrams,,Francisco Lindor,SS,16.69%,16
22,5211081287,FoxyGrandpa252 (15/20),0,130.9,1B Jared Young 2B Jose Tena 3B Brady House C Harry Ford OF Daylen Lile OF A.J. Ewing OF Carson Benge P Zack Wheeler P Cade Cavalli SS CJ Abrams,,Bryan Reynolds,OF,16.53%,8
22,5211224572,Runninrebel02 (1/4),0,130.9,1B Jared Young 2B Ronny Simon 3B Brady House C Harry Ford OF Bryce Harper OF Daylen Lile OF A.J. Ewing P Zack Wheeler P Cade Cavalli SS CJ Abrams,,Bo Bichette,3B,16.36%,3
25,5211268386,mrclean913 (12/20),0,130.75,1B Bryce Harper 2B Marcus Semien 3B Bo Bichette C Luis Torrens OF Kyle Schwarber OF A.J. Ewing OF Carson Benge P Cade Cavalli P Zac Thornton SS CJ Abrams,,Brandon Marsh,OF,16.27%,6
26,5211317813,Skralph (2/20),0,129.9,1B Jared Young 2B Marcus Semien 3B Bo Bichette C Alejandro Kirk OF Daylen Lile OF A.J. Ewing OF Carson Benge P Zack Wheeler P Cade Cavalli SS CJ Abrams,,Brady House,3B,15.60%,5
26,5211337889,jnwallen (7/20),0,129.9,1B Abimelec Ortiz 2B Marcus Semien 3B Bo Bichette C Luis Torrens OF Daylen Lile OF A.J. Ewing OF Carson Benge P Zack Wheeler P Cade Cavalli SS CJ Abrams,,Trea Turner,SS,15.35%,4
28,5211322753,swiftyjb (3/3),0,129.75,1B Jared Young 2B Luis Arraez 3B Brady House C Harry Ford OF Kyle Schwarber OF Bryce Harper OF Daylen Lile P Cade Cavalli P Zac Thornton SS Elly De La Cruz,,Hector Rodriguez,OF,14.97%,5
29,5210948972,ttillie (11/20),0,129.45,1B Abimelec Ortiz 2B Marcus Semien 3B Jorge Polanco C Harry Ford OF Kyle Schwarber OF Daylen Lile OF Carson Benge P Zack Wheeler P Zac Thornton SS Elly De La Cruz,,Dylan Crews,OF,14.84%,0
29,5211205187,Loser28,0,129.45,1B Sal Stewart 2B Marcus Semien 3B Eugenio Suarez C J.T. Realmuto OF Daylen Lile OF A.J. Ewing OF Jacob Young P Zack Wheeler P Zac Thornton SS Elly De La Cruz,,Jake Mangum,OF,14.63%,6
31,5210822180,Abc1289 (1/20),0,128.75,1B Bryce Harper 2B Luis Arraez 3B Josh Smith C J.T. Realmuto OF Kyle Schwarber OF Daylen Lile OF Brandon Marsh P Cade Cavalli P Zac Thornton SS CJ Abrams,,Brandon Lowe,2B,14.59%,5
32,5210850732,tbjones2121 (12/20),0,127.9,1B Bryce Harper 2B Marcus Semien 3B Jorge Polanco C Rafael Flores Jr. OF Kyle Schwarber OF A.J. Ewing OF Carson Benge P Zack Wheeler P Cade Cavalli SS Francisco Lindor,,Luis Torrens,C,12.11%,7
32,5211229518,chensley72 (3/4),0,127.9,1B Jared Young 2B Nick Gonzales 3B Eugenio Suarez C Luis Torrens OF Bryce Harper OF Bryan Reynolds OF Daylen Lile P Zack Wheeler P Cade Cavalli SS Francisco Lindor,,Bryson Stott,3B,11.86%,6
32,5211343785,gomh16,0,127.9,1B Bryce Harper 2B Marcus Semien 3B Jorge Polanco C Rafael Flores Jr. OF Kyle Schwarber OF A.J. Ewing OF Carson Benge P Zack Wheeler P Cade Cavalli SS Francisco Lindor,,Alejandro Kirk,C,11.06%,4
32,5211349435,KILLANADZ24 (6/10),0,127.9,1B Bryce Harper 2B Marcus Semien 3B Bo Bichette C J.T. Realmuto OF A.J. Ewing OF Carson Benge OF Brandon Marsh P Zack Wheeler P Cade Cavalli SS Francisco Lindor,,Carmen Mlodzinski,P,10.77%,-6.05
36,5210795959,charleso83 (2/2),0,127.75,1B Bryce Harper 2B Nick Gonzales 3B Eugenio Suarez C Tyler Stephenson OF Kyle Schwarber OF Daylen Lile OF JJ Bleday P Cade Cavalli P Zac Thornton SS Elly De La Cruz,,Jared Young,1B,10.68%,5
36,5210999148,Rene8480,0,127.75,1B Abimelec Ortiz 2B Luis Arraez 3B Bryson Stott C Harry Ford OF Kyle Schwarber OF Bryce Harper OF Daylen Lile P Cade Cavalli P Zac Thornton SS Elly De La Cruz,,George Springer,OF,9.25%,10
36,5211232706,b6262,0,127.75,1B Jared Young 2B Brandon Lowe 3B Nick Gonzales C Harry Ford OF Esmerlyn Valdez OF A.J. Ewing OF Ronny Simon P Cade Cavalli P Zac Thornton SS Francisco Lindor,,Jacob Young,OF,9.08%,3
36,5211235891,beerNsurf,0,127.75,1B Sal Stewart 2B Jorge Polanco 3B Bo Bichette C Harry Ford OF Daylen Lile OF A.J. Ewing OF Carson Benge P Cade Cavalli P Zac Thornton SS CJ Abrams,,Nasim Nunez,2B,8.79%,0
40,5211001179,rambito (18/20),0,126.9,1B Abimelec Ortiz 2B Marcus Semien 3B Jorge Polanco C Harry Ford OF Kyle Schwarber OF Bryce Harper OF Daylen Lile P Zack Wheeler P Cade Cavalli SS Francisco Lindor,,Spencer Horwitz,1B,8.41%,3
40,5211202112,mcstuffins (1/3),0,126.9,1B Jared Young 2B Marcus Semien 3B Jorge Polanco C Harry Ford OF Kyle Schwarber OF Bryce Harper OF A.J. Ewing P Zack Wheeler P Cade Cavalli SS Francisco Lindor,,Bryson Stott,2B,8.37%,6
42,5210600542,ivymoose (16/20),0,126.75,1B Bryce Harper 2B Bryson Stott 3B Josh Smith C Alejandro Kirk OF George Springer OF Nathan Lukes OF Jesus Sanchez P Cade Cavalli P Zac Thornton SS Trea Turner,,Rafael Flores Jr.,C,8.20%,5
42,5210929556,Captsky23,0,126.75,1B Alec Bohm 2B Bryson Stott 3B Bo Bichette C Harry Ford OF Kyle Schwarber OF Bryce Harper OF Daylen Lile P Cade Cavalli P Zac Thornton SS Francisco Lindor,,Alec Bohm,3B,8.03%,2
44,5211001277,jokerdpo,0,125.9,1B Bryce Harper 2B Bryson Stott 3B Brady House C Harry Ford OF Daylen Lile OF Justin Crawford OF Ronny Simon P Zack Wheeler P Cade Cavalli SS CJ Abrams,,Marcus Semien,2B,7.44%,18
44,5211321991,KristianFTM (6/20),0,125.9,1B Abimelec Ortiz 2B Jose Tena 3B Bo Bichette C Harry Ford OF Daylen Lile OF A.J. Ewing OF Carson Benge P Zack Wheeler P Cade Cavalli SS CJ Abrams,,Jesus Sanchez,OF,6.94%,9
46,5210961890,henry296 (4/20),0,125.75,1B Bryce Harper 2B Brett Baty 3B Bo Bichette C Alejandro Kirk OF A.J. Ewing OF Carson Benge OF Jesus Sanchez P Cade Cavalli P Zac Thornton SS Francisco Lindor,,Nick Gonzales,3B,6.77%,10
46,5211272935,DariaG,0,125.75,1B Bryce Harper 2B Marcus Semien 3B Brady House C Tyler Stephenson OF Kyle Schwarber OF A.J. Ewing OF Carson Benge P Cade Cavalli P Zac Thornton SS CJ Abrams,,Kazuma Okamoto,3B,6.43%,0
46,5211317821,Skralph (10/20),0,125.75,1B Jared Young 2B Marcus Semien 3B Bo Bichette C J.T. Realmuto OF Kyle Schwarber OF Bryce Harper OF A.J. Ewing P Cade Cavalli P Zac Thornton SS Francisco Lindor,,Noelvi Marte,OF,6.43%,8
46,5211317824,Skralph (13/20),0,125.75,1B Bryce Harper 2B Luis Arraez 3B Eugenio Suarez C Harry Ford OF Kyle Schwarber OF Daylen Lile OF Brandon Marsh P Cade Cavalli P Zac Thornton SS Trea Turner,,Alec Bohm,1B,6.35%,2
46,5211344501,fantasysuperstar (13/20),0,125.75,1B Bryce Harper 2B Marcus Semien 3B Alec Bohm C J.T. Realmuto OF Kyle Schwarber OF A.J. Ewing OF Brandon Marsh P Cade Cavalli P Zac Thornton SS Francisco Lindor,,Ronny Simon,2B,5.68%,10
51,5210924219,coleyja,0,125.45,1B Jared Young 2B Marcus Semien 3B Bo Bichette C Harry Ford OF Dylan Crews OF A.J. Ewing OF Carson Benge P Zack Wheeler P Zac Thornton SS Elly De La Cruz,,Justin Crawford,OF,5.63%,16
51,5211081290,FoxyGrandpa252 (18/20),0,125.45,1B Sal Stewart 2B Marcus Semien 3B Eugenio Suarez C Luis Torrens OF A.J. Ewing OF Carson Benge OF Brett Baty P Zack Wheeler P Zac Thornton SS Elly De La Cruz,,Jared Triolo,3B,5.59%,8
51,5211349437,KILLANADZ24 (8/10),0,125.45,1B Jared Young 2B Marcus Semien 3B Bryson Stott C J.T. Realmuto OF Bryce Harper OF A.J. Ewing OF Carson Benge P Zack Wheeler P Zac Thornton SS Francisco Lindor,,Nick Gonzales,2B,5.42%,10
54,5211193695,smithcj16 (3/20),0,125.4,1B Kazuma Okamoto 2B Josh Smith 3B Bo Bichette C Alejandro Kirk OF A.J. Ewing OF George Springer OF Jesus Sanchez P Jose Soriano P Cade Cavalli SS Francisco Lindor,,Kazuma Okamoto,1B,5.26%,0
55,5211191790,wittwerjoe (4/20),0,125.1,1B Abimelec Ortiz 2B Matt McLain 3B Eugenio Suarez C Harry Ford OF Kyle Schwarber OF Daylen Lile OF Hector Rodriguez P Zack Wheeler P Jose Soriano SS Elly De La Cruz,,Ronny Simon,OF,5.05%,10
56,5210764854,Sammy.Boy (14/20),0,124.9,1B Bryce Harper 2B Ronny Simon 3B Bo Bichette C Luis Torrens OF Kyle Schwarber OF A.J. Ewing OF Carson Benge P Zack Wheeler P Cade Cavalli SS Francisco Lindor,,Nathan Lukes,OF,5.00%,13
56,5210862852,harkeychustle,0,124.9,1B Rafael Flores Jr. 2B Marcus Semien 3B Brady House C Harry Ford OF Bryce Harper OF Carson Benge OF Justin Crawford P Zack Wheeler P Cade Cavalli SS CJ Abrams,,Jose Tena,2B,4.84%,5
56,5211042640,thundrenterprises (8/20),0,124.9,1B Jared Young 2B Jose Tena 3B Brady House C Harry Ford OF Dylan Crews OF Daylen Lile OF A.J. Ewing P Zack Wheeler P Cade Cavalli SS Francisco Lindor,,Jorge Polanco,3B,4.54%,0
56,5211322757,4verpack,0,124.9,1B Alec Bohm 2B Luis Arraez 3B Bryson Stott C Harry Ford OF Daylen Lile OF A.J. Ewing OF Carson Benge P Zack Wheeler P Cade Cavalli SS Trea Turner,,Jorge Polanco,2B,4.04%,0
60,5210619189,melvincali (7/20),0,124.75,1B Bryce Harper 2B Josh Smith 3B Bryson Stott C Alejandro Kirk OF Kyle Schwarber OF George Springer OF Nathan Lukes P Cade Cavalli P Zac Thornton SS Trea Turner,,Matt McLain,2B,3.99%,19
60,5211271293,Flipdogg316,0,124.75,1B Jared Young 2B Nick Gonzales 3B Brady House C Harry Ford OF Kyle Schwarber OF Bryce Harper OF Daylen Lile P Cade Cavalli P Zac Thornton SS CJ Abrams,,Matt McLain,OF,3.53%,19
60,5211273133,shanemoore27 (13/20),0,124.75,1B Sal Stewart 2B Jose Tena 3B Brady House C Harry Ford OF Kyle Schwarber OF Daylen Lile OF A.J. Ewing P Cade Cavalli P Zac Thornton SS CJ Abrams,,Brett Baty,OF,3.24%,3
63,5211143418,Dubbzz (19/20),0,124.4,1B Sal Stewart 2B Marcus Semien 3B Bo Bichette C Harry Ford OF Dylan Crews OF A.J. Ewing OF Carson Benge P Jose Soriano P Cade Cavalli SS Francisco Lindor,,Ke'Bryan Hayes,3B,2.73%,3
63,5211279386,Dilbert29 (15/19),0,124.4,1B Jared Young 2B Brandon Lowe 3B Bo Bichette C Harry Ford OF Bryan Reynolds OF A.J. Ewing OF Carson Benge P Jose Soriano P Cade Cavalli SS Francisco Lindor,,Chase Petty,P,2.73%,-0.05
65,5210888217,goofybh207 (1/2),0,123.9,1B Jared Young 2B Marcus Semien 3B Bo Bichette C Harry Ford OF Kyle Schwarber OF A.J. Ewing OF Jake Mangum P Zack Wheeler P Cade Cavalli SS Francisco Lindor,,Ernie Clement,2B,2.69%,0
65,5210996691,LTskelter (10/20),0,123.9,1B Bryce Harper 2B Ronny Simon 3B Bryson Stott C J.T. Realmuto OF Kyle Schwarber OF A.J. Ewing OF Carson Benge P Zack Wheeler P Cade Cavalli SS Francisco Lindor,,Nasim Nunez,SS,2.48%,0
65,5210996692,LTskelter (11/20),0,123.9,1B Jared Young 2B Jorge Polanco 3B Bo Bichette C Harry Ford OF Daylen Lile OF A.J. Ewing OF Carson Benge P Zack Wheeler P Cade Cavalli SS CJ Abrams,,Jared Triolo,SS,2.23%,8
65,5211001181,rambito (20/20),0,123.9,1B Abimelec Ortiz 2B Ronny Simon 3B Brady House C Harry Ford OF Kyle Schwarber OF Bryce Harper OF Daylen Lile P Zack Wheeler P Cade Cavalli SS Francisco Lindor,,Brett Baty,2B,2.06%,3
65,5211025599,Dr.Satan666,0,123.9,1B Jared Young 2B Luis Arraez 3B Bo Bichette C Harry Ford OF Daylen Lile OF Esmerlyn Valdez OF A.J. Ewing P Zack Wheeler P Cade Cavalli SS Francisco Lindor,,Ernie Clement,3B,1.89%,0
65,5211143412,Dubbzz (13/20),0,123.9,1B Spencer Horwitz 2B Nick Gonzales 3B Jared Triolo C Rafael Flores Jr. OF Daylen Lile OF Esmerlyn Valdez OF A.J. Ewing P Zack Wheeler P Cade Cavalli SS Francisco Lindor,,Andres Gimenez,SS,1.60%,14
65,5211211232,darrylposton (9/20),0,123.9,1B Bryce Harper 2B Ronny Simon 3B Bo Bichette C Rafael Flores Jr. OF Bryan Reynolds OF A.J. Ewing OF Carson Benge P Zack Wheeler P Cade Cavalli SS Francisco Lindor,,Rafael Flores Jr.,1B,1.01%,5
65,5211230333,kozy6813 (14/20),0,123.9,1B Bryce Harper 2B Brandon Lowe 3B Jared Triolo C Harry Ford OF Esmerlyn Valdez OF A.J. Ewing OF Ronny Simon P Zack Wheeler P Cade Cavalli SS Francisco Lindor,,Josh Smith,2B,0.80%,29
65,5211266775,seth1374 (4/20),0,123.9,1B Jared Young 2B Jorge Polanco 3B Bo Bichette C Harry Ford OF Daylen Lile OF A.J. Ewing OF Carson Benge P Zack Wheeler P Cade Cavalli SS CJ Abrams,,Endy Rodriguez,C,0.71%,0
65,5211337886,jnwallen (4/20),0,123.9,1B Abimelec Ortiz 2B Brett Baty 3B Bo Bichette C Harry Ford OF Daylen Lile OF A.J. Ewing OF Carson Benge P Zack Wheeler P Cade Cavalli SS CJ Abrams,,Francisco Alvarez,C,0.67%,0
65,5211339444,Steven_1974 (18/20),0,123.9,1B Abimelec Ortiz 2B Nasim Nunez 3B Brady House C Harry Ford OF Kyle Schwarber OF Daylen Lile OF A.J. Ewing P Zack Wheeler P Cade Cavalli SS Francisco Lindor,,Keibert Ruiz,C,0.59%,0
76,5210600537,ivymoose (11/20),0,123.75,1B Bryce Harper 2B Josh Smith 3B Kazuma Okamoto C Alejandro Kirk OF George Springer OF Justin Crawford OF Jesus Sanchez P Cade Cavalli P Zac Thornton SS Trea Turner,,Luis Robert Jr.,OF,0.38%,0
76,5211013312,monkeypat555,0,123.75,1B Abimelec Ortiz 2B Luis Arraez 3B Nick Gonzales C Harry Ford OF Kyle Schwarber OF Daylen Lile OF Carson Benge P Cade Cavalli P Zac Thornton SS CJ Abrams,,Endy Rodriguez,1B,0.29%,0
76,5211080695,jrg2211,0,123.75,1B Jared Young 2B Nasim Nunez 3B Bo Bichette C Harry Ford OF Bryan Reynolds OF Daylen Lile OF A.J. Ewing P Cade Cavalli P Zac Thornton SS CJ Abrams,,Bryan De La Cruz,OF,0.29%,0
79,5211326343,Ray31200,0,123.45,1B Sal Stewart 2B Matt McLain 3B Eugenio Suarez C Tyler Stephenson OF Bryce Harper OF Daylen Lile OF Jesus Sanchez P Zack Wheeler P Zac Thornton SS Elly De La Cruz,,Andrew Pinckney,OF,0.25%,0
80,5211280934,pat_the_hat2 (3/20),0,123.1,1B Jared Young 2B Marcus Semien 3B Brady House C Luis Torrens OF Daylen Lile OF A.J. Ewing OF Carson Benge P Zack Wheeler P Jose Soriano SS CJ Abrams,,Jacob Gonzalez,SS,0.17%,5
81,5210957985,chicksports,0,122.9,1B Bryce Harper 2B Bryson Stott 3B Eugenio Suarez C J.T. Realmuto OF Daylen Lile OF George Springer OF Brandon Marsh P Zack Wheeler P Cade Cavalli SS Francisco Lindor,,Edmundo Sosa,OF,0.17%,0
81,5211113442,austin60915 (20/20),0,122.9,1B Spencer Horwitz 2B Marcus Semien 3B Bo Bichette C Rafael Flores Jr. OF Bryan Reynolds OF A.J. Ewing OF Carson Benge P Zack Wheeler P Cade Cavalli SS Francisco Lindor,,Andres Chaparro,1B,0.13%,0
81,5211199717,aquafinatim (15/20),0,122.9,1B Jared Young 2B Marcus Semien 3B Bo Bichette C Harry Ford OF A.J. Ewing OF Carson Benge OF Jake Mangum P Zack Wheeler P Cade Cavalli SS CJ Abrams,,Jhostynxon Garcia,OF,0.08%,0
84,5211204900,Steph.1108 (1/2),0,122.75,1B Sal Stewart 2B Marcus Semien 3B Nick Gonzales C Alejandro Kirk OF Bryan Reynolds OF Daylen Lile OF JJ Bleday P Cade Cavalli P Zac Thornton SS Francisco Lindor,,Dane Myers,OF,0.08%,0
85,5211225609,matthewwalsh (6/20),0,122.45,1B Abimelec Ortiz 2B Matt McLain 3B Eugenio Suarez C Harry Ford OF Dylan Crews OF Daylen Lile OF JJ Bleday P Zack Wheeler P Zac Thornton SS Elly De La Cruz,,Vladimir Guerrero Jr.,1B,0.08%,0
86,5210838325,jlegrand22 (7/20),0,122.1,1B Sal Stewart 2B Matt McLain 3B Eugenio Suarez C Harry Ford OF Daylen Lile OF Jake Mangum OF Hector Rodriguez P Zack Wheeler P Jose Soriano SS Elly De La Cruz,,Davis Schneider,2B,0.04%,0
86,5211242874,AGGIES1515,0,122.1,1B Abimelec Ortiz 2B Brandon Lowe 3B Nick Gonzales C Luis Torrens OF Daylen Lile OF Carson Benge OF Matt McLain P Zack Wheeler P Jose Soriano SS Elly De La Cruz,,Joey Wiemer,OF,0.04%,0
88,5210769905,stock2mail (11/20),0,121.9,1B Abimelec Ortiz 2B Nick Gonzales 3B Brady House C Harry Ford OF Daylen Lile OF A.J. Ewing OF Jake Mangum P Zack Wheeler P Cade Cavalli SS CJ Abrams,,Pierce Johnson,P,0.04%,0
88,5210997544,chrispy2005 (2/20),0,121.9,1B Bryce Harper 2B Nick Gonzales 3B Bo Bichette C Luis Torrens OF Esmerlyn Valdez OF A.J. Ewing OF Carson Benge P Zack Wheeler P Cade Cavalli SS Francisco Lindor,,Tim Mayza,P,0.04%,3.75
88,5211067684,Cantgetright510,0,121.9,1B Bryce Harper 2B Marcus Semien 3B Jorge Polanco C Harry Ford OF Kyle Schwarber OF Brandon Marsh OF Justin Crawford P Zack Wheeler P Cade Cavalli SS Francisco Lindor,,Henry Davis,C,0.04%,0
88,5211107026,csgep2525,0,121.9,1B Bryce Harper 2B Bryson Stott 3B Nick Gonzales C Harry Ford OF Carson Benge OF Jacob Young OF Jesus Sanchez P Zack Wheeler P Cade Cavalli SS Elly De La Cruz,,Julian Garcia,P,0.04%,6.05
88,5211193701,smithcj16 (9/20),0,121.9,1B Jared Young 2B Brandon Lowe 3B Eugenio Suarez C Tyler Stephenson OF Bryce Harper OF A.J. Ewing OF Carson Benge P Zack Wheeler P Cade Cavalli SS Francisco Lindor,,Leo Balcazar,SS,0.04%,0
93,5210652587,hasco (2/3),0,121.75,1B Bryce Harper 2B Jorge Polanco 3B Bo Bichette C Harry Ford OF Kyle Schwarber OF A.J. Ewing OF Carson Benge P Cade Cavalli P Zac Thornton SS CJ Abrams,,Shawn Ross,C,0.04%,0
94,5210902540,j-wolf05 (8/20),0,120.9,1B Jared Young 2B Brandon Lowe 3B Bo Bichette C Harry Ford OF A.J. Ewing OF Carson Benge OF Jake Mangum P Zack Wheeler P Cade Cavalli SS Francisco Lindor,,Felix Reyes,1B,0.04%,0
94,5210910450,Just4Chuckles,0,120.9,1B Abimelec Ortiz 2B Bryson Stott 3B Bo Bichette C Harry Ford OF Bryce Harper OF Daylen Lile OF A.J. Ewing P Zack Wheeler P Cade Cavalli SS Trea Turner,,,
94,5211317412,Vols4life19 (2/3),0,120.9,1B Sal Stewart 2B Marcus Semien 3B Bryson Stott C J.T. Realmuto OF Daylen Lile OF Brandon Marsh OF Justin Crawford P Zack Wheeler P Cade Cavalli SS Francisco Lindor,,,
97,5210990420,the803goat (1/20),0,120.75,1B Bryce Harper 2B Nasim Nunez 3B Bryson Stott C Harry Ford OF Dylan Crews OF Daylen Lile OF Carson Benge P Cade Cavalli P Zac Thornton SS CJ Abrams,,,
98,5211257742,jsamtoy (19/20),0,120.45,1B Bryce Harper 2B Marcus Semien 3B Eugenio Suarez C Tyler Stephenson OF JJ Bleday OF A.J. Ewing OF Noelvi Marte P Zack Wheeler P Zac Thornton SS Elly De La Cruz,,,
98,5211340976,Johncade1313,0,120.45,1B Abimelec Ortiz 2B Marcus Semien 3B Eugenio Suarez C Tyler Stephenson OF Kyle Schwarber OF Bryce Harper OF Daylen Lile P Zack Wheeler P Zac Thornton SS Francisco Lindor,,,
100,5210838322,jlegrand22 (4/20),0,120.1,1B Abimelec Ortiz 2B Matt McLain 3B Eugenio Suarez C Harry Ford OF Daylen Lile OF JJ Bleday OF Hector Rodriguez P Zack Wheeler P Jose Soriano SS Elly De La Cruz,,,
101,5210882305,cj26bell,0,119.95,1B Sal Stewart 2B Josh Smith 3B Bo Bichette C Harry Ford OF Bryce Harper OF Daylen Lile OF JJ Bleday P Jose Soriano P Zac Thornton SS CJ Abrams,,,
102,5211018215,unlvjeff,0,119.9,1B Jared Young 2B Bryson Stott 3B Nick Gonzales C Luis Torrens OF Bryce Harper OF Daylen Lile OF Matt McLain P Zack Wheeler P Cade Cavalli SS CJ Abrams,,,
103,5211134405,ronmexicoburgundy,0,119.75,1B Bryce Harper 2B Marcus Semien 3B Bo Bichette C Luis Torrens OF Kyle Schwarber OF Daylen Lile OF Jacob Young P Cade Cavalli P Zac Thornton SS CJ Abrams,,,
103,5211191800,wittwerjoe (14/20),0,119.75,1B Sal Stewart 2B Ronny Simon 3B Brady House C Harry Ford OF Kyle Schwarber OF Bryce Harper OF Daylen Lile P Cade Cavalli P Zac Thornton SS CJ Abrams,,,
105,5210913411,bluv370,0,119.45,1B Jared Young 2B Luis Arraez 3B Bo Bichette C Harry Ford OF Bryce Harper OF A.J. Ewing OF Carson Benge P Zack Wheeler P Zac Thornton SS Francisco Lindor,,,
105,5210928115,whoisjohngalt420 (10/20),0,119.45,1B Sal Stewart 2B Matt McLain 3B Brady House C Harry Ford OF Daylen Lile OF JJ Bleday OF Noelvi Marte P Zack Wheeler P Zac Thornton SS Elly De La Cruz,,,
105,5211261791,jargus (1/2),0,119.45,1B Jared Young 2B Luis Arraez 3B Bo Bichette C Harry Ford OF Bryce Harper OF A.J. Ewing OF Carson Benge P Zack Wheeler P Zac Thornton SS Francisco Lindor,,,
105,5211261799,jargus (2/2),0,119.45,1B Jared Young 2B Luis Arraez 3B Bo Bichette C Harry Ford OF Bryce Harper OF A.J. Ewing OF Carson Benge P Zack Wheeler P Zac Thornton SS Francisco Lindor,,,
105,5211313155,lonerangerjackers (7/8),0,119.45,1B Spencer Horwitz 2B Ernie Clement 3B Bo Bichette C Rafael Flores Jr. OF Daylen Lile OF A.J. Ewing OF Carson Benge P Zack Wheeler P Zac Thornton SS Elly De La Cruz,,,
105,5211315056,lonerangerjackers (8/8),0,119.45,1B Spencer Horwitz 2B Ernie Clement 3B Bo Bichette C Rafael Flores Jr. OF Daylen Lile OF A.J. Ewing OF Carson Benge P Zack Wheeler P Zac Thornton SS Elly De La Cruz,,,
111,5211230325,kozy6813 (6/20),0,119.1,1B Sal Stewart 2B Matt McLain 3B Bo Bichette C Luis Torrens OF A.J. Ewing OF Carson Benge OF Justin Crawford P Zack Wheeler P Jose Soriano SS Francisco Lindor,,,
111,5211324817,garyyoung (8/13),0,119.1,1B Kazuma Okamoto 2B Matt McLain 3B Eugenio Suarez C Harry Ford OF George Springer OF Carson Benge OF Jake Mangum P Zack Wheeler P Jose Soriano SS Elly De La Cruz,,,
113,5210680792,rajonrondough,0,118.9,1B Abimelec Ortiz 2B Ronny Simon 3B Eugenio Suarez C Tyler Stephenson OF Kyle Schwarber OF Bryce Harper OF Daylen Lile P Zack Wheeler P Cade Cavalli SS Elly De La Cruz,,,
113,5210927636,bellsofwar3 (16/20),0,118.9,1B Abimelec Ortiz 2B Jose Tena 3B Brady House C Luis Torrens OF Daylen Lile OF A.J. Ewing OF Carson Benge P Zack Wheeler P Cade Cavalli SS CJ Abrams,,,
113,5210927637,bellsofwar3 (17/20),0,118.9,1B Abimelec Ortiz 2B Marcus Semien 3B Brady House C Harry Ford OF A.J. Ewing OF Carson Benge OF Jacob Young P Zack Wheeler P Cade Cavalli SS CJ Abrams,,,
113,5210955773,r2phantom,0,118.9,1B Jared Young 2B Marcus Semien 3B Bryson Stott C Luis Torrens OF Kyle Schwarber OF Bryce Harper OF Carson Benge P Zack Wheeler P Cade Cavalli SS Francisco Lindor,,,
113,5211092179,griffalicious24 (1/3),0,118.9,1B Abimelec Ortiz 2B Ronny Simon 3B Eugenio Suarez C Tyler Stephenson OF Kyle Schwarber OF Bryce Harper OF Daylen Lile P Zack Wheeler P Cade Cavalli SS Elly De La Cruz,,,
113,5211092180,griffalicious24 (2/3),0,118.9,1B Abimelec Ortiz 2B Ronny Simon 3B Eugenio Suarez C Tyler Stephenson OF Kyle Schwarber OF Bryce Harper OF Daylen Lile P Zack Wheeler P Cade Cavalli SS Elly De La Cruz,,,
113,5211092181,griffalicious24 (3/3),0,118.9,1B Abimelec Ortiz 2B Ronny Simon 3B Eugenio Suarez C Tyler Stephenson OF Kyle Schwarber OF Bryce Harper OF Daylen Lile P Zack Wheeler P Cade Cavalli SS Elly De La Cruz,,,
113,5211230339,kozy6813 (20/20),0,118.9,1B Bryce Harper 2B Brandon Lowe 3B Jared Triolo C Harry Ford OF Esmerlyn Valdez OF Carson Benge OF Ronny Simon P Zack Wheeler P Cade Cavalli SS Francisco Lindor,,,
113,5211273123,shanemoore27 (3/20),0,118.9,1B Bryce Harper 2B Brett Baty 3B Bo Bichette C Luis Torrens OF A.J. Ewing OF Carson Benge OF Jake Mangum P Zack Wheeler P Cade Cavalli SS Elly De La Cruz,,,
122,5210600528,ivymoose (2/20),0,118.75,1B Bryce Harper 2B Josh Smith 3B Kazuma Okamoto C Alejandro Kirk OF Kyle Schwarber OF George Springer OF Nathan Lukes P Cade Cavalli P Zac Thornton SS Trea Turner,,,
122,5211073094,kreller17 (11/20),0,118.75,1B Bryce Harper 2B Josh Smith 3B Kazuma Okamoto C Alejandro Kirk OF George Springer OF Brandon Marsh OF Nathan Lukes P Cade Cavalli P Zac Thornton SS CJ Abrams,,,
124,5210661472,Derty17,0,118.45,1B Jared Young 2B Marcus Semien 3B Bryson Stott C Luis Torrens OF Bryce Harper OF A.J. Ewing OF Carson Benge P Zack Wheeler P Zac Thornton SS CJ Abrams,,,
124,5211134483,jeremykarle (2/2),0,118.45,1B Bryce Harper 2B Marcus Semien 3B Bryson Stott C Luis Torrens OF Kyle Schwarber OF Matt McLain OF Hector Rodriguez P Zack Wheeler P Zac Thornton SS Elly De La Cruz,,,
126,5210862430,jadaruler,0,117.9,1B Jared Young 2B Brandon Lowe 3B Brady House C Harry Ford OF Daylen Lile OF Esmerlyn Valdez OF Jesus Sanchez P Zack Wheeler P Cade Cavalli SS Elly De La Cruz,,,
126,5210935101,ZIBANENASTY93,0,117.9,1B Jared Young 2B Luis Arraez 3B Bryson Stott C Luis Torrens OF Bryce Harper OF A.J. Ewing OF Carson Benge P Zack Wheeler P Cade Cavalli SS Francisco Lindor,,,
126,5211001167,rambito (6/20),0,117.9,1B Abimelec Ortiz 2B Ronny Simon 3B Brady House C Harry Ford OF Kyle Schwarber OF Daylen Lile OF Carson Benge P Zack Wheeler P Cade Cavalli SS CJ Abrams,,,
126,5211001170,rambito (9/20),0,117.9,1B Abimelec Ortiz 2B Jorge Polanco 3B Brady House C Harry Ford OF Bryce Harper OF Daylen Lile OF A.J. Ewing P Zack Wheeler P Cade Cavalli SS CJ Abrams,,,
126,5211218654,eharig09 (18/20),0,117.9,1B Kazuma Okamoto 2B Josh Smith 3B Alec Bohm C Alejandro Kirk OF Daylen Lile OF George Springer OF Nathan Lukes P Zack Wheeler P Cade Cavalli SS Trea Turner,,,
126,5211230545,Runninrebel02 (4/4),0,117.9,1B Abimelec Ortiz 2B Ronny Simon 3B Brady House C Harry Ford OF Kyle Schwarber OF Daylen Lile OF Carson Benge P Zack Wheeler P Cade Cavalli SS CJ Abrams,,,
126,5211233574,sportsfan14 (14/20),0,117.9,1B Bryce Harper 2B Jorge Polanco 3B Bryson Stott C Luis Torrens OF Kyle Schwarber OF A.J. Ewing OF Carson Benge P Zack Wheeler P Cade Cavalli SS Francisco Lindor,,,
133,5210600534,ivymoose (8/20),0,117.75,1B Kazuma Okamoto 2B Luis Arraez 3B Josh Smith C Alejandro Kirk OF Kyle Schwarber OF Bryce Harper OF George Springer P Cade Cavalli P Zac Thornton SS Andres Gimenez,,,
133,5211349046,laken04,0,117.75,1B Abimelec Ortiz 2B Brandon Lowe 3B Bo Bichette C Harry Ford OF Dylan Crews OF Daylen Lile OF A.J. Ewing P Cade Cavalli P Zac Thornton SS CJ Abrams,,,
135,5210879995,wallstruss (4/17),0,117.45,1B Sal Stewart 2B Matt McLain 3B Jorge Polanco C Luis Torrens OF Daylen Lile OF JJ Bleday OF A.J. Ewing P Zack Wheeler P Zac Thornton SS Francisco Lindor,,,
135,5210893641,az350z (9/20),0,117.45,1B Sal Stewart 2B Marcus Semien 3B Eugenio Suarez C Tyler Stephenson OF JJ Bleday OF A.J. Ewing OF Carson Benge P Zack Wheeler P Zac Thornton SS Elly De La Cruz,,,
135,5210902535,j-wolf05 (3/20),0,117.45,1B Sal Stewart 2B Marcus Semien 3B Eugenio Suarez C Tyler Stephenson OF JJ Bleday OF A.J. Ewing OF Carson Benge P Zack Wheeler P Zac Thornton SS Elly De La Cruz,,,
135,5211266780,seth1374 (9/20),0,117.45,1B Sal Stewart 2B Marcus Semien 3B Eugenio Suarez C Tyler Stephenson OF JJ Bleday OF A.J. Ewing OF Carson Benge P Zack Wheeler P Zac Thornton SS Elly De La Cruz,,,
135,5211297427,T-UNIT84 (1/3),0,117.45,1B Jared Young 2B Marcus Semien 3B Jorge Polanco C Harry Ford OF Dylan Crews OF Daylen Lile OF A.J. Ewing P Zack Wheeler P Zac Thornton SS CJ Abrams,,,
140,5211193694,smithcj16 (2/20),0,117.4,1B Sal Stewart 2B Josh Smith 3B Eugenio Suarez C Alejandro Kirk OF JJ Bleday OF George Springer OF Noelvi Marte P Jose Soriano P Cade Cavalli SS Elly De La Cruz,,,
141,5211191794,wittwerjoe (8/20),0,117.1,1B Abimelec Ortiz 2B Ronny Simon 3B Eugenio Suarez C Harry Ford OF Kyle Schwarber OF Daylen Lile OF Jake Mangum P Zack Wheeler P Jose Soriano SS Elly De La Cruz,,,
141,5211345220,scudder25,0,117.1,1B Abimelec Ortiz 2B Nick Gonzales 3B Eugenio Suarez C Harry Ford OF Bryan Reynolds OF Daylen Lile OF Hector Rodriguez P Zack Wheeler P Jose Soriano SS Elly De La Cruz,,,
143,5211113434,austin60915 (12/20),0,116.9,1B Abimelec Ortiz 2B Marcus Semien 3B Bo Bichette C Luis Torrens OF Bryce Harper OF A.J. Ewing OF Carson Benge P Zack Wheeler P Cade Cavalli SS CJ Abrams,,,
143,5211198543,OldEnglishChains (4/6),0,116.9,1B Sal Stewart 2B Josh Smith 3B Brady House C J.T. Realmuto OF Dylan Crews OF Daylen Lile OF Matt McLain P Zack Wheeler P Cade Cavalli SS CJ Abrams,,,
143,5211198544,OldEnglishChains (5/6),0,116.9,1B Sal Stewart 2B Josh Smith 3B Brady House C J.T. Realmuto OF Dylan Crews OF Daylen Lile OF Matt McLain P Zack Wheeler P Cade Cavalli SS CJ Abrams,,,
143,5211222966,chensley72 (1/4),0,116.9,1B Bryce Harper 2B Nick Gonzales 3B Eugenio Suarez C Tyler Stephenson OF Daylen Lile OF JJ Bleday OF Hector Rodriguez P Zack Wheeler P Cade Cavalli SS Elly De La Cruz,,,
143,5211257738,jsamtoy (15/20),0,116.9,1B Bryce Harper 2B Jorge Polanco 3B Brady House C Luis Torrens OF Kyle Schwarber OF A.J. Ewing OF Carson Benge P Zack Wheeler P Cade Cavalli SS Francisco Lindor,,,
148,5210990421,the803goat (2/20),0,116.75,1B Bryce Harper 2B Luis Arraez 3B Eugenio Suarez C Harry Ford OF Dylan Crews OF Daylen Lile OF Jacob Young P Cade Cavalli P Zac Thornton SS CJ Abrams,,,
148,5210996696,LTskelter (15/20),0,116.75,1B Bryce Harper 2B Nasim Nunez 3B Brady House C Harry Ford OF Dylan Crews OF A.J. Ewing OF Carson Benge P Cade Cavalli P Zac Thornton SS CJ Abrams,,,
148,5211081281,FoxyGrandpa252 (9/20),0,116.75,1B Bryce Harper 2B Ernie Clement 3B Kazuma Okamoto C Alejandro Kirk OF A.J. Ewing OF George Springer OF Nathan Lukes P Cade Cavalli P Zac Thornton SS Francisco Lindor,,,
151,5210573397,phase3killa,0,116.45,1B Jared Young 2B Matt McLain 3B Bryson Stott C J.T. Realmuto OF Kyle Schwarber OF Bryce Harper OF A.J. Ewing P Zack Wheeler P Zac Thornton SS Francisco Lindor,,,
151,5210927632,bellsofwar3 (12/20),0,116.45,1B Sal Stewart 2B Matt McLain 3B Eugenio Suarez C Tyler Stephenson OF JJ Bleday OF A.J. Ewing OF Carson Benge P Zack Wheeler P Zac Thornton SS Francisco Lindor,,,
151,5210984404,73pd2x (16/20),0,116.45,1B Alec Bohm 2B Bryson Stott 3B Eugenio Suarez C Luis Torrens OF A.J. Ewing OF Carson Benge OF Brandon Marsh P Zack Wheeler P Zac Thornton SS Francisco Lindor,,,
151,5210996698,LTskelter (17/20),0,116.45,1B Sal Stewart 2B Matt McLain 3B Brady House C Harry Ford OF Daylen Lile OF JJ Bleday OF Hector Rodriguez P Zack Wheeler P Zac Thornton SS Elly De La Cruz,,,
151,5211081278,FoxyGrandpa252 (6/20),0,116.45,1B Sal Stewart 2B Matt McLain 3B Eugenio Suarez C Tyler Stephenson OF JJ Bleday OF A.J. Ewing OF Carson Benge P Zack Wheeler P Zac Thornton SS Francisco Lindor,,,
151,5211174482,MJDLC (19/20),0,116.45,1B Bryce Harper 2B Jose Tena 3B Bo Bichette C Luis Torrens OF Dylan Crews OF Daylen Lile OF A.J. Ewing P Zack Wheeler P Zac Thornton SS Francisco Lindor,,,
157,5211191795,wittwerjoe (9/20),0,116.1,1B Abimelec Ortiz 2B Ronny Simon 3B Eugenio Suarez C Harry Ford OF Kyle Schwarber OF Daylen Lile OF Hector Rodriguez P Zack Wheeler P Jose Soriano SS Elly De La Cruz,,,
158,5210535266,jstoltman3,0,115.9,1B Bryce Harper 2B Luis Arraez 3B Bo Bichette C Luis Torrens OF A.J. Ewing OF Carson Benge OF Jake Mangum P Zack Wheeler P Cade Cavalli SS Francisco Lindor,,,
158,5210953494,juliom328,0,115.9,1B Abimelec Ortiz 2B Marcus Semien 3B Brady House C Tyler Stephenson OF Kyle Schwarber OF Bryce Harper OF Daylen Lile P Zack Wheeler P Cade Cavalli SS Francisco Lindor,,,
158,5210992948,ed8802,0,115.9,1B Bryce Harper 2B Ronny Simon 3B Eugenio Suarez C Tyler Stephenson OF Bryan Reynolds OF Dylan Crews OF Daylen Lile P Zack Wheeler P Cade Cavalli SS Francisco Lindor,,,
158,5210996701,LTskelter (20/20),0,115.9,1B Bryce Harper 2B Brandon Lowe 3B Jorge Polanco C Luis Torrens OF A.J. Ewing OF Carson Benge OF Brandon Marsh P Zack Wheeler P Cade Cavalli SS Francisco Lindor,,,
158,5211193700,smithcj16 (8/20),0,115.9,1B Bryce Harper 2B Marcus Semien 3B Jorge Polanco C Tyler Stephenson OF Dylan Crews OF A.J. Ewing OF Carson Benge P Zack Wheeler P Cade Cavalli SS Francisco Lindor,,,
158,5211193703,smithcj16 (11/20),0,115.9,1B Sal Stewart 2B Marcus Semien 3B Jorge Polanco C Tyler Stephenson OF Bryce Harper OF A.J. Ewing OF Carson Benge P Zack Wheeler P Cade Cavalli SS Francisco Lindor,,,
158,5211295972,biggameefarrell,0,115.9,1B Abimelec Ortiz 2B Luis Arraez 3B Bo Bichette C Harry Ford OF Daylen Lile OF Esmerlyn Valdez OF Carson Benge P Zack Wheeler P Cade Cavalli SS Francisco Lindor,,,
158,5211317812,Skralph (1/20),0,115.9,1B Alec Bohm 2B Marcus Semien 3B Bo Bichette C Tyler Stephenson OF Kyle Schwarber OF A.J. Ewing OF Carson Benge P Zack Wheeler P Cade Cavalli SS Francisco Lindor,,,
166,5211352288,QSon1981 (1/3),0,115.75,1B Abimelec Ortiz 2B Nasim Nunez 3B Bo Bichette C Harry Ford OF Dylan Crews OF A.J. Ewing OF Carson Benge P Cade Cavalli P Zac Thornton SS Francisco Lindor,,,
167,5210693734,nh70744,0,115.45,1B Sal Stewart 2B Nick Gonzales 3B Eugenio Suarez C Rafael Flores Jr. OF Bryce Harper OF Daylen Lile OF Hector Rodriguez P Zack Wheeler P Zac Thornton SS Elly De La Cruz,,,
167,5210920180,shieldtje,0,115.45,1B Abimelec Ortiz 2B Jorge Polanco 3B Ke'Bryan Hayes C Luis Torrens OF Bryce Harper OF Daylen Lile OF A.J. Ewing P Zack Wheeler P Zac Thornton SS Elly De La Cruz,,,
167,5211226289,Kingkalp,0,115.45,1B Bryce Harper 2B Luis Arraez 3B Bryson Stott C Luis Torrens OF Daylen Lile OF Esmerlyn Valdez OF Carson Benge P Zack Wheeler P Zac Thornton SS Francisco Lindor,,,
170,5210908294,climbingtheladder (1/2),0,115.4,1B Bryce Harper 2B Brandon Lowe 3B Kazuma Okamoto C J.T. Realmuto OF Esmerlyn Valdez OF A.J. Ewing OF Matt McLain P Jose Soriano P Cade Cavalli SS Elly De La Cruz,,,
170,5211107014,teamnitwit,0,115.4,1B Abimelec Ortiz 2B Marcus Semien 3B Bo Bichette C Harry Ford OF Dylan Crews OF A.J. Ewing OF Carson Benge P Jose Soriano P Cade Cavalli SS CJ Abrams,,,
172,5210904910,clancy007k,0,115.1,1B Sal Stewart 2B Ronny Simon 3B Eugenio Suarez C Harry Ford OF Bryan Reynolds OF Daylen Lile OF Hector Rodriguez P Zack Wheeler P Jose Soriano SS Elly De La Cruz,,,
172,5211096679,Kelpius (1/2),0,115.1,1B Abimelec Ortiz 2B Jose Tena 3B Eugenio Suarez C Harry Ford OF Kyle Schwarber OF Daylen Lile OF Jesus Sanchez P Zack Wheeler P Jose Soriano SS Elly De La Cruz,,,
172,5211191797,wittwerjoe (11/20),0,115.1,1B Sal Stewart 2B Ronny Simon 3B Eugenio Suarez C Harry Ford OF Bryan Reynolds OF Daylen Lile OF Hector Rodriguez P Zack Wheeler P Jose Soriano SS Elly De La Cruz,,,
172,5211222161,rdelaney12 (1/4),0,115.1,1B Andres Chaparro 2B Matt McLain 3B Bryson Stott C Tyler Stephenson OF Bryce Harper OF Daylen Lile OF Justin Crawford P Zack Wheeler P Jose Soriano SS Elly De La Cruz,,,
176,5211284646,rnenn30,0,114.95,1B Sal Stewart 2B Luis Arraez 3B Kazuma Okamoto C Harry Ford OF Daylen Lile OF A.J. Ewing OF Carson Benge P Jose Soriano P Zac Thornton SS CJ Abrams,,,
177,5210701756,nickenyon6,0,114.9,1B Sal Stewart 2B Jorge Polanco 3B Eugenio Suarez C Tyler Stephenson OF Kyle Schwarber OF Daylen Lile OF A.J. Ewing P Zack Wheeler P Cade Cavalli SS Francisco Lindor,,,
177,5210764852,Sammy.Boy (12/20),0,114.9,1B Bryce Harper 2B Brandon Lowe 3B Nick Gonzales C Rafael Flores Jr. OF Esmerlyn Valdez OF A.J. Ewing OF Ronny Simon P Zack Wheeler P Cade Cavalli SS Francisco Lindor,,,
177,5210942554,nycgator12,0,114.9,1B Sal Stewart 2B Jorge Polanco 3B Eugenio Suarez C Tyler Stephenson OF Kyle Schwarber OF Daylen Lile OF A.J. Ewing P Zack Wheeler P Cade Cavalli SS Francisco Lindor,,,
177,5210967029,Caryg07 (9/20),0,114.9,1B Abimelec Ortiz 2B Jose Tena 3B Brady House C Harry Ford OF Bryce Harper OF A.J. Ewing OF Carson Benge P Zack Wheeler P Cade Cavalli SS CJ Abrams,,,
177,5211001177,rambito (16/20),0,114.9,1B Abimelec Ortiz 2B Bryson Stott 3B Jorge Polanco C Harry Ford OF Kyle Schwarber OF Bryce Harper OF Daylen Lile P Zack Wheeler P Cade Cavalli SS Francisco Lindor,,,
177,5211174468,MJDLC (5/20),0,114.9,1B Jared Young 2B Marcus Semien 3B Alec Bohm C Luis Torrens OF Kyle Schwarber OF Bryce Harper OF Carson Benge P Zack Wheeler P Cade Cavalli SS Francisco Lindor,,,
177,5211176109,GangGreenBleedGreen (2/2),0,114.9,1B Bryce Harper 2B Luis Arraez 3B Bryson Stott C Luis Torrens OF Carson Benge OF Jacob Young OF Matt McLain P Zack Wheeler P Cade Cavalli SS Elly De La Cruz,,,
177,5211199707,aquafinatim (5/20),0,114.9,1B Abimelec Ortiz 2B Jose Tena 3B Brady House C Harry Ford OF Bryce Harper OF A.J. Ewing OF Carson Benge P Zack Wheeler P Cade Cavalli SS CJ Abrams,,,
177,5211211233,darrylposton (10/20),0,114.9,1B Abimelec Ortiz 2B Brandon Lowe 3B Bo Bichette C Harry Ford OF A.J. Ewing OF Carson Benge OF Jacob Young P Zack Wheeler P Cade Cavalli SS Francisco Lindor,,,
177,5211319712,Dagreek1976,0,114.9,1B Abimelec Ortiz 2B Luis Arraez 3B Bryson Stott C Harry Ford OF Bryce Harper OF Daylen Lile OF Carson Benge P Zack Wheeler P Cade Cavalli SS Trea Turner,,,
177,5211341043,bleeski,0,114.9,1B Jared Young 2B Nasim Nunez 3B Bo Bichette C Luis Torrens OF Daylen Lile OF A.J. Ewing OF Carson Benge P Zack Wheeler P Cade Cavalli SS CJ Abrams,,,
188,5210863895,stswh3857,0,114.75,1B Sal Stewart 2B Marcus Semien 3B Bryson Stott C Harry Ford OF Kyle Schwarber OF Bryce Harper OF Dylan Crews P Cade Cavalli P Zac Thornton SS Francisco Lindor,,,
188,5211145710,LAfanatic650,0,114.75,1B Jared Young 2B Bryson Stott 3B Bo Bichette C Luis Torrens OF Kyle Schwarber OF Bryce Harper OF Carson Benge P Cade Cavalli P Zac Thornton SS Elly De La Cruz,,,
188,5211322003,KristianFTM (18/20),0,114.75,1B Bryce Harper 2B Bryson Stott 3B Brady House C Harry Ford OF Dylan Crews OF Daylen Lile OF Brandon Marsh P Cade Cavalli P Zac Thornton SS CJ Abrams,,,
191,5210936124,whoshotthefrog (4/4),0,114.45,1B Bryce Harper 2B Luis Arraez 3B Eugenio Suarez C Luis Torrens OF Kyle Schwarber OF Daylen Lile OF Hector Rodriguez P Zack Wheeler P Zac Thornton SS Francisco Lindor,,,
191,5210977792,rancorkeeper240 (1/2),0,114.45,1B Sal Stewart 2B Matt McLain 3B Bryson Stott C Alejandro Kirk OF JJ Bleday OF A.J. Ewing OF Carson Benge P Zack Wheeler P Zac Thornton SS Elly De La Cruz,,,
191,5211179077,brianlah64,0,114.45,1B Alec Bohm 2B Marcus Semien 3B Eugenio Suarez C Harry Ford OF Bryce Harper OF Dylan Crews OF A.J. Ewing P Zack Wheeler P Zac Thornton SS Trea Turner,,,
191,5211241646,multidave,0,114.45,1B Abimelec Ortiz 2B Luis Arraez 3B Bo Bichette C Harry Ford OF Daylen Lile OF JJ Bleday OF A.J. Ewing P Zack Wheeler P Zac Thornton SS Francisco Lindor,,,
191,5211257730,jsamtoy (7/20),0,114.45,1B Sal Stewart 2B Matt McLain 3B Eugenio Suarez C Luis Torrens OF Daylen Lile OF JJ Bleday OF Jacob Young P Zack Wheeler P Zac Thornton SS Elly De La Cruz,,,
191,5211327146,drunkonpappy (16/20),0,114.45,1B Sal Stewart 2B Matt McLain 3B Eugenio Suarez C Alejandro Kirk OF A.J. Ewing OF Noelvi Marte OF Hector Rodriguez P Zack Wheeler P Zac Thornton SS Francisco Lindor,,,
197,5210903280,Raiderblue,0,114.4,1B Kazuma Okamoto 2B Bryson Stott 3B Nick Gonzales C Harry Ford OF Kyle Schwarber OF Daylen Lile OF JJ Bleday P Jose Soriano P Cade Cavalli SS Francisco Lindor,,,
197,5211260548,hot7pick,0,114.4,1B Abimelec Ortiz 2B Brandon Lowe 3B Nick Gonzales C Harry Ford OF Bryan Reynolds OF Dylan Crews OF Daylen Lile P Jose Soriano P Cade Cavalli SS Francisco Lindor,,,
197,5211263837,cornstars (1/3),0,114.4,1B Kazuma Okamoto 2B Luis Arraez 3B Bo Bichette C Harry Ford OF Bryce Harper OF Bryan Reynolds OF Daylen Lile P Jose Soriano P Cade Cavalli SS Francisco Lindor,,,
197,5211264009,cornstars (2/3),0,114.4,1B Kazuma Okamoto 2B Luis Arraez 3B Bo Bichette C Harry Ford OF Bryce Harper OF Bryan Reynolds OF Daylen Lile P Jose Soriano P Cade Cavalli SS Francisco Lindor,,,
197,5211264011,cornstars (3/3),0,114.4,1B Kazuma Okamoto 2B Luis Arraez 3B Bo Bichette C Harry Ford OF Bryce Harper OF Bryan Reynolds OF Daylen Lile P Jose Soriano P Cade Cavalli SS Francisco Lindor,,,
202,5210857525,surfrider72 (20/20),0,114.1,1B Sal Stewart 2B Ronny Simon 3B Brady House C Harry Ford OF Daylen Lile OF JJ Bleday OF Matt McLain P Zack Wheeler P Jose Soriano SS Elly De La Cruz,,,
202,5211191788,wittwerjoe (2/20),0,114.1,1B Abimelec Ortiz 2B Ronny Simon 3B Eugenio Suarez C Harry Ford OF Bryan Reynolds OF Daylen Lile OF JJ Bleday P Zack Wheeler P Jose Soriano SS Elly De La Cruz,,,
202,5211336241,slashmatic,0,114.1,1B Abimelec Ortiz 2B Brett Baty 3B Brady House C Harry Ford OF Daylen Lile OF A.J. Ewing OF Carson Benge P Zack Wheeler P Jose Soriano SS CJ Abrams,,,
205,5210896721,Jreck82,0,113.9,1B Abimelec Ortiz 2B Jorge Polanco 3B Brady House C Harry Ford OF Kyle Schwarber OF Bryce Harper OF Daylen Lile P Zack Wheeler P Cade Cavalli SS Francisco Lindor,,,
205,5211001180,rambito (19/20),0,113.9,1B Abimelec Ortiz 2B Jorge Polanco 3B Brady House C Harry Ford OF Kyle Schwarber OF Bryce Harper OF Daylen Lile P Zack Wheeler P Cade Cavalli SS Francisco Lindor,,,
205,5211010536,UWAlums03 (3/5),0,113.9,1B Rafael Flores Jr. 2B Matt McLain 3B Bryson Stott C Tyler Stephenson OF Kyle Schwarber OF A.J. Ewing OF Jake Mangum P Zack Wheeler P Cade Cavalli SS Elly De La Cruz,,,
205,5211156822,Dazillion44 (1/3),0,113.9,1B Sal Stewart 2B Marcus Semien 3B Eugenio Suarez C Tyler Stephenson OF Bryce Harper OF Carson Benge OF Brandon Marsh P Zack Wheeler P Cade Cavalli SS Francisco Lindor,,,
205,5211211226,darrylposton (3/20),0,113.9,1B Abimelec Ortiz 2B Nasim Nunez 3B Bo Bichette C Harry Ford OF Kyle Schwarber OF A.J. Ewing OF Carson Benge P Zack Wheeler P Cade Cavalli SS Francisco Lindor,,,
205,5211218652,eharig09 (16/20),0,113.9,1B Bryce Harper 2B Jose Tena 3B Josh Smith C Harry Ford OF Dylan Crews OF Jacob Young OF Nathan Lukes P Zack Wheeler P Cade Cavalli SS CJ Abrams,,,
205,5211218655,eharig09 (19/20),0,113.9,1B Bryce Harper 2B Jose Tena 3B Kazuma Okamoto C Alejandro Kirk OF Daylen Lile OF George Springer OF Nathan Lukes P Zack Wheeler P Cade Cavalli SS Andres Gimenez,,,
205,5211325572,bearcat_coach (1/2),0,113.9,1B Alec Bohm 2B Luis Arraez 3B Ernie Clement C Harry Ford OF Dylan Crews OF Daylen Lile OF A.J. Ewing P Zack Wheeler P Cade Cavalli SS Francisco Lindor,,,
213,5210600532,ivymoose (6/20),0,113.75,1B Bryce Harper 2B Luis Arraez 3B Josh Smith C Alejandro Kirk OF Kyle Schwarber OF George Springer OF Brandon Marsh P Cade Cavalli P Zac Thornton SS Trea Turner,,,
213,5211177374,superdude,0,113.75,1B Kazuma Okamoto 2B Luis Arraez 3B Nick Gonzales C Harry Ford OF Bryce Harper OF Daylen Lile OF Esmerlyn Valdez P Cade Cavalli P Zac Thornton SS CJ Abrams,,,
213,5211247693,professorpete888,0,113.75,1B Sal Stewart 2B Luis Arraez 3B Bo Bichette C Harry Ford OF Daylen Lile OF Carson Benge OF Brandon Marsh P Cade Cavalli P Zac Thornton SS CJ Abrams,,,
216,5210826753,backyardbomber,0,113.45,1B Kazuma Okamoto 2B Marcus Semien 3B Eugenio Suarez C J.T. Realmuto OF JJ Bleday OF A.J. Ewing OF George Springer P Zack Wheeler P Zac Thornton SS Elly De La Cruz,,,
216,5210927626,bellsofwar3 (6/20),0,113.45,1B Abimelec Ortiz 2B Matt McLain 3B Eugenio Suarez C Tyler Stephenson OF Kyle Schwarber OF Daylen Lile OF JJ Bleday P Zack Wheeler P Zac Thornton SS Elly De La Cruz,,,
216,5211100288,grego1966,0,113.45,1B Sal Stewart 2B Marcus Semien 3B Ernie Clement C Luis Torrens OF Kyle Schwarber OF A.J. Ewing OF Carson Benge P Zack Wheeler P Zac Thornton SS Francisco Lindor,,,
219,5210930670,PinkiChilli60 (1/3),0,112.9,1B Bryce Harper 2B Bryson Stott 3B Bo Bichette C Luis Torrens OF Daylen Lile OF A.J. Ewing OF Jacob Young P Zack Wheeler P Cade Cavalli SS Trea Turner,,,
219,5210930701,PinkiChilli60 (2/3),0,112.9,1B Bryce Harper 2B Bryson Stott 3B Bo Bichette C Luis Torrens OF Daylen Lile OF A.J. Ewing OF Jacob Young P Zack Wheeler P Cade Cavalli SS Trea Turner,,,
219,5210938531,PinkiChilli60 (3/3),0,112.9,1B Bryce Harper 2B Bryson Stott 3B Bo Bichette C Luis Torrens OF Daylen Lile OF A.J. Ewing OF Jacob Young P Zack Wheeler P Cade Cavalli SS Trea Turner,,,
219,5210997556,chrispy2005 (14/20),0,112.9,1B Jared Young 2B Marcus Semien 3B Bo Bichette C Rafael Flores Jr. OF Bryce Harper OF Carson Benge OF Jake Mangum P Zack Wheeler P Cade Cavalli SS Francisco Lindor,,,
219,5211001171,rambito (10/20),0,112.9,1B Abimelec Ortiz 2B Jorge Polanco 3B Brady House C Harry Ford OF Bryce Harper OF Daylen Lile OF Carson Benge P Zack Wheeler P Cade Cavalli SS CJ Abrams,,,
219,5211079209,thesportsfan (8/20),0,112.9,1B Bryce Harper 2B Jorge Polanco 3B Bryson Stott C J.T. Realmuto OF Kyle Schwarber OF A.J. Ewing OF Justin Crawford P Zack Wheeler P Cade Cavalli SS Francisco Lindor,,,
219,5211143403,Dubbzz (4/20),0,112.9,1B Bryce Harper 2B Marcus Semien 3B Jorge Polanco C Luis Torrens OF Kyle Schwarber OF Carson Benge OF Brett Baty P Zack Wheeler P Cade Cavalli SS Elly De La Cruz,,,
219,5211237953,Willdog7 (1/2),0,112.9,1B Abimelec Ortiz 2B Marcus Semien 3B Bo Bichette C Luis Torrens OF Bryan Reynolds OF A.J. Ewing OF Carson Benge P Zack Wheeler P Cade Cavalli SS CJ Abrams,,,
219,5211257731,jsamtoy (8/20),0,112.9,1B Jared Young 2B Marcus Semien 3B Bo Bichette C Rafael Flores Jr. OF Kyle Schwarber OF A.J. Ewing OF Brandon Marsh P Zack Wheeler P Cade Cavalli SS Francisco Lindor,,,
219,5211281189,crissy69,0,112.9,1B Abimelec Ortiz 2B Jose Tena 3B Jared Triolo C Harry Ford OF Kyle Schwarber OF A.J. Ewing OF Carson Benge P Zack Wheeler P Cade Cavalli SS CJ Abrams,,,
229,5211294961,Mige1 (12/20),0,112.75,1B Bryce Harper 2B Jose Tena 3B Kazuma Okamoto C Harry Ford OF Dylan Crews OF Daylen Lile OF George Springer P Cade Cavalli P Zac Thornton SS CJ Abrams,,,
229,5211328068,CactusJack52,0,112.75,1B Jared Young 2B Brandon Lowe 3B Bo Bichette C Harry Ford OF Bryce Harper OF Bryan Reynolds OF Jake Mangum P Cade Cavalli P Zac Thornton SS Elly De La Cruz,,,
231,5211300172,KDBLUEATX (1/2),0,112.45,1B Bryce Harper 2B Marcus Semien 3B Bryson Stott C Luis Torrens OF Kyle Schwarber OF Carson Benge OF Brett Baty P Zack Wheeler P Zac Thornton SS Francisco Lindor,,,
231,5211327679,creel.patrick (4/4),0,112.45,1B Bryce Harper 2B Luis Arraez 3B Brady House C Harry Ford OF Daylen Lile OF Brandon Marsh OF Justin Crawford P Zack Wheeler P Zac Thornton SS Trea Turner,,,
233,5210961889,henry296 (3/20),0,112.4,1B Kazuma Okamoto 2B Ernie Clement 3B Josh Smith C Alejandro Kirk OF Kyle Schwarber OF Daylen Lile OF George Springer P Jose Soriano P Cade Cavalli SS CJ Abrams,,,
234,5211066139,buffalojmd,0,112.05,1B Bryce Harper 2B Brandon Lowe 3B Nick Gonzales C Harry Ford OF Daylen Lile OF Esmerlyn Valdez OF Jake Mangum P Cade Cavalli P Carmen Mlodzinski SS Elly De La Cruz,,,
235,5210769910,stock2mail (16/20),0,111.9,1B Bryce Harper 2B Jose Tena 3B Jared Triolo C Harry Ford OF Dylan Crews OF Daylen Lile OF Ronny Simon P Zack Wheeler P Cade Cavalli SS CJ Abrams,,,
235,5210893651,az350z (19/20),0,111.9,1B Spencer Horwitz 2B Marcus Semien 3B Bo Bichette C Luis Torrens OF A.J. Ewing OF Carson Benge OF Jake Mangum P Zack Wheeler P Cade Cavalli SS CJ Abrams,,,
235,5210907834,SmokinJoe42069,0,111.9,1B Bryce Harper 2B Luis Arraez 3B Bryson Stott C Luis Torrens OF Daylen Lile OF A.J. Ewing OF Jacob Young P Zack Wheeler P Cade Cavalli SS Trea Turner,,,
235,5210914300,Stree (1/20),0,111.9,1B Abimelec Ortiz 2B Ronny Simon 3B Brady House C Harry Ford OF Bryce Harper OF Daylen Lile OF Jake Mangum P Zack Wheeler P Cade Cavalli SS CJ Abrams,,,
235,5210957976,hullette2000,0,111.9,1B Sal Stewart 2B Marcus Semien 3B Jared Triolo C Tyler Stephenson OF Kyle Schwarber OF Carson Benge OF Nathan Lukes P Zack Wheeler P Cade Cavalli SS Elly De La Cruz,,,
235,5210991457,Devon_g117,0,111.9,1B Abimelec Ortiz 2B Luis Arraez 3B Josh Smith C Rafael Flores Jr. OF Kyle Schwarber OF Bryce Harper OF Bryan Reynolds P Zack Wheeler P Cade Cavalli SS Francisco Lindor,,,
235,5211073093,kreller17 (10/20),0,111.9,1B Abimelec Ortiz 2B Marcus Semien 3B Jorge Polanco C Luis Torrens OF A.J. Ewing OF Carson Benge OF Ronny Simon P Zack Wheeler P Cade Cavalli SS CJ Abrams,,,
235,5211081135,UniversalFriend (13/20),0,111.9,1B Jared Young 2B Marcus Semien 3B Bo Bichette C Rafael Flores Jr. OF Bryan Reynolds OF Esmerlyn Valdez OF A.J. Ewing P Zack Wheeler P Cade Cavalli SS Francisco Lindor,,,
235,5211211236,darrylposton (13/20),0,111.9,1B Bryce Harper 2B Bryson Stott 3B Jared Triolo C J.T. Realmuto OF Daylen Lile OF Brandon Marsh OF Justin Crawford P Zack Wheeler P Cade Cavalli SS CJ Abrams,,,
235,5211303187,chancewertz,0,111.9,1B Alec Bohm 2B Brandon Lowe 3B Nick Gonzales C J.T. Realmuto OF A.J. Ewing OF Carson Benge OF Brandon Marsh P Zack Wheeler P Cade Cavalli SS Francisco Lindor,,,
235,5211336242,cesarandbetty,0,111.9,1B Bryce Harper 2B Jorge Polanco 3B Eugenio Suarez C Tyler Stephenson OF Kyle Schwarber OF Daylen Lile OF Hector Rodriguez P Zack Wheeler P Cade Cavalli SS Elly De La Cruz,,,
235,5211339428,Steven_1974 (2/20),0,111.9,1B Spencer Horwitz 2B Marcus Semien 3B Bo Bichette C Luis Torrens OF A.J. Ewing OF Carson Benge OF Jake Mangum P Zack Wheeler P Cade Cavalli SS CJ Abrams,,,
247,5210630568,melvincali (20/20),0,111.75,1B Kazuma Okamoto 2B Bryson Stott 3B Josh Smith C Alejandro Kirk OF Kyle Schwarber OF Bryce Harper OF George Springer P Cade Cavalli P Zac Thornton SS Trea Turner,,,
247,5210948971,ttillie (10/20),0,111.75,1B Alec Bohm 2B Jorge Polanco 3B Brady House C Harry Ford OF Kyle Schwarber OF Bryce Harper OF Daylen Lile P Cade Cavalli P Zac Thornton SS CJ Abrams,,,
247,5211113435,austin60915 (13/20),0,111.75,1B Bryce Harper 2B Luis Arraez 3B Kazuma Okamoto C Harry Ford OF Kyle Schwarber OF Daylen Lile OF Brandon Marsh P Cade Cavalli P Zac Thornton SS Trea Turner,,,
247,5211191799,wittwerjoe (13/20),0,111.75,1B Abimelec Ortiz 2B Brandon Lowe 3B Brady House C Harry Ford OF Bryce Harper OF Daylen Lile OF JJ Bleday P Cade Cavalli P Zac Thornton SS CJ Abrams,,,
247,5211211239,darrylposton (16/20),0,111.75,1B Bryce Harper 2B Nasim Nunez 3B Alec Bohm C Harry Ford OF Kyle Schwarber OF Daylen Lile OF Brandon Marsh P Cade Cavalli P Zac Thornton SS Trea Turner,,,
252,5211075101,ron214 (1/2),0,111.45,1B Bryce Harper 2B Luis Arraez 3B Eugenio Suarez C J.T. Realmuto OF Daylen Lile OF Brandon Marsh OF Hector Rodriguez P Zack Wheeler P Zac Thornton SS Elly De La Cruz,,,
252,5211286127,exjarhead (2/3),0,111.45,1B Bryce Harper 2B Bryson Stott 3B Bo Bichette C Luis Torrens OF JJ Bleday OF A.J. Ewing OF Carson Benge P Zack Wheeler P Zac Thornton SS Francisco Lindor,,,
252,5211321996,KristianFTM (11/20),0,111.45,1B Sal Stewart 2B Matt McLain 3B Eugenio Suarez C Tyler Stephenson OF Bryce Harper OF JJ Bleday OF A.J. Ewing P Zack Wheeler P Zac Thornton SS Francisco Lindor,,,
255,5210662241,chelseafinest (1/2),0,111.4,1B Kazuma Okamoto 2B Nick Gonzales 3B Brady House C Harry Ford OF Kyle Schwarber OF Dylan Crews OF Daylen Lile P Jose Soriano P Cade Cavalli SS Francisco Lindor,,,
256,5211004889,christiangideon (3/20),0,111.1,1B Sal Stewart 2B Matt McLain 3B Eugenio Suarez C Harry Ford OF Daylen Lile OF Noelvi Marte OF Hector Rodriguez P Zack Wheeler P Jose Soriano SS CJ Abrams,,,
256,5211006287,christiangideon (10/20),0,111.1,1B Sal Stewart 2B Matt McLain 3B Eugenio Suarez C Harry Ford OF Daylen Lile OF Noelvi Marte OF Hector Rodriguez P Zack Wheeler P Jose Soriano SS CJ Abrams,,,
256,5211006462,christiangideon (17/20),0,111.1,1B Sal Stewart 2B Matt McLain 3B Eugenio Suarez C Harry Ford OF Daylen Lile OF Noelvi Marte OF Hector Rodriguez P Zack Wheeler P Jose Soriano SS CJ Abrams,,,
256,5211019194,ladyfingers (12/15),0,111.1,1B Bryce Harper 2B Josh Smith 3B Ernie Clement C Tyler Stephenson OF Kyle Schwarber OF Carson Benge OF Jesus Sanchez P Zack Wheeler P Jose Soriano SS Elly De La Cruz,,,
260,5210771081,Hambone1927,0,110.95,1B Jared Young 2B Nasim Nunez 3B Bo Bichette C Harry Ford OF Kyle Schwarber OF Daylen Lile OF A.J. Ewing P Jose Soriano P Zac Thornton SS CJ Abrams,,,
260,5211108400,Mr.Pigskin,0,110.95,1B Sal Stewart 2B Marcus Semien 3B Brady House C Harry Ford OF Kyle Schwarber OF JJ Bleday OF Carson Benge P Jose Soriano P Zac Thornton SS Elly De La Cruz,,,
260,5211220067,scar2015 (3/3),0,110.95,1B Kazuma Okamoto 2B Marcus Semien 3B Ernie Clement C Tyler Stephenson OF Bryce Harper OF Daylen Lile OF George Springer P Jose Soriano P Zac Thornton SS Elly De La Cruz,,,
263,5210594025,Schoey17 (2/5),0,110.9,1B Spencer Horwitz 2B Nick Gonzales 3B Jared Triolo C Luis Torrens OF Esmerlyn Valdez OF A.J. Ewing OF Ronny Simon P Zack Wheeler P Cade Cavalli SS Francisco Lindor,,,
263,5210769902,stock2mail (8/20),0,110.9,1B Spencer Horwitz 2B Marcus Semien 3B Bo Bichette C Luis Torrens OF Bryce Harper OF Esmerlyn Valdez OF Carson Benge P Zack Wheeler P Cade Cavalli SS Francisco Lindor,,,
263,5210902549,j-wolf05 (17/20),0,110.9,1B Bryce Harper 2B Luis Arraez 3B Alec Bohm C J.T. Realmuto OF A.J. Ewing OF Carson Benge OF Brandon Marsh P Zack Wheeler P Cade Cavalli SS Francisco Lindor,,,
263,5210940089,nugnugnug,0,110.9,1B Alec Bohm 2B Bryson Stott 3B Bo Bichette C J.T. Realmuto OF Bryan Reynolds OF Daylen Lile OF Carson Benge P Zack Wheeler P Cade Cavalli SS Francisco Lindor,,,
263,5211001178,rambito (17/20),0,110.9,1B Abimelec Ortiz 2B Jorge Polanco 3B Alec Bohm C Harry Ford OF Kyle Schwarber OF Bryce Harper OF Daylen Lile P Zack Wheeler P Cade Cavalli SS Francisco Lindor,,,
263,5211018274,rsumrall (18/20),0,110.9,1B Abimelec Ortiz 2B Marcus Semien 3B Jared Triolo C Harry Ford OF Dylan Crews OF Daylen Lile OF Jake Mangum P Zack Wheeler P Cade Cavalli SS CJ Abrams,,,
263,5211141045,scarr58,0,110.9,1B Spencer Horwitz 2B Brandon Lowe 3B Jared Triolo C Harry Ford OF A.J. Ewing OF Noelvi Marte OF Nathan Lukes P Zack Wheeler P Cade Cavalli SS CJ Abrams,,,
263,5211157495,Mazeblue30,0,110.9,1B Alec Bohm 2B Jose Tena 3B Nick Gonzales C Endy Rodriguez OF A.J. Ewing OF Carson Benge OF Matt McLain P Zack Wheeler P Cade Cavalli SS CJ Abrams,,,
263,5211199719,aquafinatim (17/20),0,110.9,1B Bryce Harper 2B Luis Arraez 3B Alec Bohm C J.T. Realmuto OF A.J. Ewing OF Carson Benge OF Brandon Marsh P Zack Wheeler P Cade Cavalli SS Francisco Lindor,,,
263,5211218642,eharig09 (6/20),0,110.9,1B Abimelec Ortiz 2B Bryson Stott 3B Brady House C Harry Ford OF Bryce Harper OF Daylen Lile OF Jesus Sanchez P Zack Wheeler P Cade Cavalli SS CJ Abrams,,,
263,5211240486,udod59,0,110.9,1B Bryce Harper 2B Nick Gonzales 3B Jared Triolo C Rafael Flores Jr. OF Bryan Reynolds OF Esmerlyn Valdez OF Carson Benge P Zack Wheeler P Cade Cavalli SS Francisco Lindor,,,
263,5211294956,Mige1 (7/20),0,110.9,1B Abimelec Ortiz 2B Nasim Nunez 3B Nick Gonzales C Harry Ford OF Bryce Harper OF Daylen Lile OF Ronny Simon P Zack Wheeler P Cade Cavalli SS CJ Abrams,,,
263,5211294965,Mige1 (16/20),0,110.9,1B Bryce Harper 2B Luis Arraez 3B Alec Bohm C J.T. Realmuto OF A.J. Ewing OF Carson Benge OF Brandon Marsh P Zack Wheeler P Cade Cavalli SS Francisco Lindor,,,
263,5211321992,KristianFTM (7/20),0,110.9,1B Bryce Harper 2B Luis Arraez 3B Alec Bohm C J.T. Realmuto OF A.J. Ewing OF Carson Benge OF Brandon Marsh P Zack Wheeler P Cade Cavalli SS Francisco Lindor,,,
263,5211339435,Steven_1974 (9/20),0,110.9,1B Bryce Harper 2B Luis Arraez 3B Alec Bohm C J.T. Realmuto OF A.J. Ewing OF Carson Benge OF Brandon Marsh P Zack Wheeler P Cade Cavalli SS Francisco Lindor,,,
278,5210869542,dw12290,0,110.75,1B Alec Bohm 2B Brandon Lowe 3B Kazuma Okamoto C Tyler Stephenson OF Bryce Harper OF Daylen Lile OF A.J. Ewing P Cade Cavalli P Zac Thornton SS CJ Abrams,,,
278,5211095025,SpeedRacer101 (16/20),0,110.75,1B Alec Bohm 2B Luis Arraez 3B Josh Smith C Alejandro Kirk OF George Springer OF Brandon Marsh OF Nathan Lukes P Cade Cavalli P Zac Thornton SS CJ Abrams,,,
278,5211273126,shanemoore27 (6/20),0,110.75,1B Jared Young 2B Brandon Lowe 3B Brady House C Harry Ford OF Kyle Schwarber OF Daylen Lile OF Jacob Young P Cade Cavalli P Zac Thornton SS CJ Abrams,,,
278,5211273128,shanemoore27 (8/20),0,110.75,1B Bryce Harper 2B Bryson Stott 3B Brady House C Harry Ford OF Dylan Crews OF Daylen Lile OF JJ Bleday P Cade Cavalli P Zac Thornton SS CJ Abrams,,,
278,5211273129,shanemoore27 (9/20),0,110.75,1B Sal Stewart 2B Nasim Nunez 3B Bo Bichette C Harry Ford OF Dylan Crews OF Daylen Lile OF A.J. Ewing P Cade Cavalli P Zac Thornton SS CJ Abrams,,,
278,5211317822,Skralph (11/20),0,110.75,1B Bryce Harper 2B Luis Arraez 3B Alec Bohm C Alejandro Kirk OF Kyle Schwarber OF A.J. Ewing OF Brandon Marsh P Cade Cavalli P Zac Thornton SS Francisco Lindor,,,
284,5210984397,73pd2x (9/20),0,110.45,1B Bryce Harper 2B Luis Arraez 3B Eugenio Suarez C Luis Torrens OF A.J. Ewing OF Carson Benge OF Brandon Marsh P Zack Wheeler P Zac Thornton SS Trea Turner,,,
285,5211014847,izzymuzy,0,110.4,1B Sal Stewart 2B Marcus Semien 3B Bo Bichette C Harry Ford OF Kyle Schwarber OF Bryce Harper OF Bryan Reynolds P Jose Soriano P Cade Cavalli SS Andres Gimenez,,,
286,5210969045,titanhawks,0,110.1,1B Abimelec Ortiz 2B Brandon Lowe 3B Eugenio Suarez C Harry Ford OF Daylen Lile OF Jake Mangum OF Hector Rodriguez P Zack Wheeler P Jose Soriano SS Elly De La Cruz,,,
286,5211191787,wittwerjoe (1/20),0,110.1,1B Abimelec Ortiz 2B Brandon Lowe 3B Eugenio Suarez C Harry Ford OF Daylen Lile OF Jake Mangum OF Hector Rodriguez P Zack Wheeler P Jose Soriano SS Elly De La Cruz,,,
286,5211231848,JakeV2001 (1/3),0,110.1,1B Abimelec Ortiz 2B Brandon Lowe 3B Eugenio Suarez C Harry Ford OF Daylen Lile OF Jake Mangum OF Hector Rodriguez P Zack Wheeler P Jose Soriano SS Elly De La Cruz,,,
286,5211328382,QiCity,0,110.1,1B Abimelec Ortiz 2B Brandon Lowe 3B Eugenio Suarez C Harry Ford OF Daylen Lile OF Jake Mangum OF Hector Rodriguez P Zack Wheeler P Jose Soriano SS Elly De La Cruz,,,
286,5211350961,produceman09 (3/9),0,110.1,1B Spencer Horwitz 2B Nick Gonzales 3B Jared Triolo C Rafael Flores Jr. OF A.J. Ewing OF Carson Benge OF Ronny Simon P Zack Wheeler P Jose Soriano SS Francisco Lindor,,,
291,5211081128,UniversalFriend (6/20),0,109.9,1B Jared Young 2B Nasim Nunez 3B Bo Bichette C Harry Ford OF Dylan Crews OF A.J. Ewing OF Carson Benge P Zack Wheeler P Cade Cavalli SS Francisco Lindor,,,
291,5211112420,DeeMac74 (3/5),0,109.9,1B Abimelec Ortiz 2B Ronny Simon 3B Brady House C Tyler Stephenson OF Kyle Schwarber OF Bryce Harper OF Daylen Lile P Zack Wheeler P Cade Cavalli SS Elly De La Cruz,,,
291,5211123166,cutbackjoe,0,109.9,1B Bryce Harper 2B Bryson Stott 3B Nick Gonzales C Luis Torrens OF Carson Benge OF Brandon Marsh OF Jacob Young P Zack Wheeler P Cade Cavalli SS Elly De La Cruz,,,
291,5211153462,Satch65 (9/20),0,109.9,1B Abimelec Ortiz 2B Luis Arraez 3B Brady House C Harry Ford OF Kyle Schwarber OF Daylen Lile OF A.J. Ewing P Zack Wheeler P Cade Cavalli SS Nasim Nunez,,,
291,5211257740,jsamtoy (17/20),0,109.9,1B Jared Young 2B Marcus Semien 3B Bo Bichette C Rafael Flores Jr. OF Esmerlyn Valdez OF A.J. Ewing OF Carson Benge P Zack Wheeler P Cade Cavalli SS CJ Abrams,,,
291,5211268379,mrclean913 (5/20),0,109.9,1B Jared Young 2B Brandon Lowe 3B Bo Bichette C Rafael Flores Jr. OF A.J. Ewing OF Carson Benge OF Jake Mangum P Zack Wheeler P Cade Cavalli SS Francisco Lindor,,,
291,5211321998,KristianFTM (13/20),0,109.9,1B Jared Young 2B Nasim Nunez 3B Brady House C Harry Ford OF Daylen Lile OF Carson Benge OF Jake Mangum P Zack Wheeler P Cade Cavalli SS CJ Abrams,,,
291,5211329762,10OleMissRebel,0,109.9,1B Bryce Harper 2B Nasim Nunez 3B Bo Bichette C Harry Ford OF Daylen Lile OF Brett Baty OF Justin Crawford P Zack Wheeler P Cade Cavalli SS Trea Turner,,,
299,5210600535,ivymoose (9/20),0,109.75,1B Alec Bohm 2B Luis Arraez 3B Josh Smith C Alejandro Kirk OF Kyle Schwarber OF Bryce Harper OF George Springer P Cade Cavalli P Zac Thornton SS Trea Turner,,,
299,5211273130,shanemoore27 (10/20),0,109.75,1B Bryce Harper 2B Jose Tena 3B Bo Bichette C Harry Ford OF Dylan Crews OF Daylen Lile OF Esmerlyn Valdez P Cade Cavalli P Zac Thornton SS CJ Abrams,,,
301,5210984400,73pd2x (12/20),0,109.45,1B Bryce Harper 2B Luis Arraez 3B Eugenio Suarez C Luis Torrens OF A.J. Ewing OF Brandon Marsh OF Justin Crawford P Zack Wheeler P Zac Thornton SS Trea Turner,,,
301,5211278410,mgionest,0,109.45,1B Abimelec Ortiz 2B Luis Arraez 3B Brady House C Harry Ford OF Daylen Lile OF A.J. Ewing OF Brandon Marsh P Zack Wheeler P Zac Thornton SS CJ Abrams,,,
301,5211280932,pat_the_hat2 (1/20),0,109.45,1B Bryce Harper 2B Jorge Polanco 3B Alec Bohm C Luis Torrens OF Kyle Schwarber OF A.J. Ewing OF Carson Benge P Zack Wheeler P Zac Thornton SS Francisco Lindor,,,
304,5210961896,henry296 (10/20),0,109.4,1B Kazuma Okamoto 2B Nick Gonzales 3B Bo Bichette C Alejandro Kirk OF Kyle Schwarber OF Daylen Lile OF George Springer P Jose Soriano P Cade Cavalli SS Elly De La Cruz,,,
305,5210838320,jlegrand22 (2/20),0,109.1,1B Sal Stewart 2B Ronny Simon 3B Eugenio Suarez C Harry Ford OF Daylen Lile OF JJ Bleday OF Hector Rodriguez P Zack Wheeler P Jose Soriano SS Elly De La Cruz,,,
305,5210997550,chrispy2005 (8/20),0,109.1,1B Sal Stewart 2B Marcus Semien 3B Eugenio Suarez C Tyler Stephenson OF Esmerlyn Valdez OF Carson Benge OF Matt McLain P Zack Wheeler P Jose Soriano SS Elly De La Cruz,,,
305,5211315138,RPowell1103,0,109.1,1B Abimelec Ortiz 2B Marcus Semien 3B Bo Bichette C Tyler Stephenson OF Daylen Lile OF JJ Bleday OF A.J. Ewing P Zack Wheeler P Jose Soriano SS Elly De La Cruz,,,
308,5211317825,Skralph (14/20),0,108.95,1B Sal Stewart 2B Marcus Semien 3B Bo Bichette C J.T. Realmuto OF JJ Bleday OF A.J. Ewing OF Carson Benge P Jose Soriano P Zac Thornton SS Francisco Lindor,,,
309,5210592978,mikeslindy,0,108.9,1B Alec Bohm 2B Nick Gonzales 3B Bo Bichette C Harry Ford OF Bryan Reynolds OF Carson Benge OF Jake Mangum P Zack Wheeler P Cade Cavalli SS Francisco Lindor,,,
309,5210769908,stock2mail (14/20),0,108.9,1B Jared Young 2B Brandon Lowe 3B Jorge Polanco C Rafael Flores Jr. OF Bryan Reynolds OF A.J. Ewing OF Carson Benge P Zack Wheeler P Cade Cavalli SS Francisco Lindor,,,
309,5210907042,TheBossinMyWorld (1/2),0,108.9,1B Spencer Horwitz 2B Marcus Semien 3B Jared Triolo C Harry Ford OF Bryan Reynolds OF Carson Benge OF Brett Baty P Zack Wheeler P Cade Cavalli SS CJ Abrams,,,
309,5211001176,rambito (15/20),0,108.9,1B Abimelec Ortiz 2B Nasim Nunez 3B Jorge Polanco C Harry Ford OF Kyle Schwarber OF Bryce Harper OF Daylen Lile P Zack Wheeler P Cade Cavalli SS Francisco Lindor,,,
309,5211073092,kreller17 (9/20),0,108.9,1B Spencer Horwitz 2B Marcus Semien 3B Bo Bichette C Luis Torrens OF Esmerlyn Valdez OF A.J. Ewing OF Carson Benge P Zack Wheeler P Cade Cavalli SS Trea Turner,,,
309,5211081291,FoxyGrandpa252 (19/20),0,108.9,1B Bryce Harper 2B Ronny Simon 3B Nick Gonzales C Rafael Flores Jr. OF Kyle Schwarber OF Esmerlyn Valdez OF A.J. Ewing P Zack Wheeler P Cade Cavalli SS Jared Triolo,,,
309,5211113428,austin60915 (6/20),0,108.9,1B Abimelec Ortiz 2B Nasim Nunez 3B Alec Bohm C Harry Ford OF Daylen Lile OF A.J. Ewing OF Brandon Marsh P Zack Wheeler P Cade Cavalli SS CJ Abrams,,,
309,5211156824,Dazillion44 (3/3),0,108.9,1B Jared Young 2B Marcus Semien 3B Jorge Polanco C J.T. Realmuto OF Kyle Schwarber OF Bryce Harper OF Carson Benge P Zack Wheeler P Cade Cavalli SS Francisco Lindor,,,
309,5211202654,calnuss,0,108.9,1B Alec Bohm 2B Nick Gonzales 3B Bryson Stott C Tyler Stephenson OF Bryce Harper OF Daylen Lile OF Hector Rodriguez P Zack Wheeler P Cade Cavalli SS Elly De La Cruz,,,
309,5211218648,eharig09 (12/20),0,108.9,1B Bryce Harper 2B Luis Arraez 3B Bryson Stott C J.T. Realmuto OF Daylen Lile OF George Springer OF Brandon Marsh P Zack Wheeler P Cade Cavalli SS Andres Gimenez,,,
309,5211347766,hatdaddy (17/20),0,108.9,1B Bryce Harper 2B Luis Arraez 3B Nick Gonzales C Harry Ford OF Bryan Reynolds OF Justin Crawford OF Ronny Simon P Zack Wheeler P Cade Cavalli SS Trea Turner,,,
320,5210572264,klukstr37,0,108.75,1B Bryce Harper 2B Luis Arraez 3B Brady House C Luis Torrens OF Kyle Schwarber OF Daylen Lile OF Brandon Marsh P Cade Cavalli P Zac Thornton SS CJ Abrams,,,
320,5210822192,Abc1289 (13/20),0,108.75,1B Bryce Harper 2B Luis Arraez 3B Bryson Stott C J.T. Realmuto OF Kyle Schwarber OF Daylen Lile OF Jesus Sanchez P Cade Cavalli P Zac Thornton SS CJ Abrams,,,
320,5210990428,the803goat (9/20),0,108.75,1B Bryce Harper 2B Bryson Stott 3B Brady House C J.T. Realmuto OF Kyle Schwarber OF Daylen Lile OF Brandon Marsh P Cade Cavalli P Zac Thornton SS CJ Abrams,,,
320,5211052788,Brutal-1 (2/7),0,108.75,1B Bryce Harper 2B Bryson Stott 3B Brady House C J.T. Realmuto OF Kyle Schwarber OF Daylen Lile OF Brandon Marsh P Cade Cavalli P Zac Thornton SS CJ Abrams,,,
320,5211302579,KingPin982,0,108.75,1B Jared Young 2B Luis Arraez 3B Bryson Stott C Luis Torrens OF Kyle Schwarber OF Bryce Harper OF Daylen Lile P Cade Cavalli P Zac Thornton SS CJ Abrams,,,
325,5210983079,BlackIice (1/4),0,108.45,1B Abimelec Ortiz 2B Bryson Stott 3B Eugenio Suarez C Tyler Stephenson OF Bryce Harper OF Daylen Lile OF Hector Rodriguez P Zack Wheeler P Zac Thornton SS Elly De La Cruz,,,
325,5210983142,3JAG1317,0,108.45,1B Sal Stewart 2B Marcus Semien 3B Brady House C Tyler Stephenson OF JJ Bleday OF A.J. Ewing OF Carson Benge P Zack Wheeler P Zac Thornton SS Elly De La Cruz,,,
325,5211330120,znilva,0,108.45,1B Abimelec Ortiz 2B Marcus Semien 3B Bo Bichette C Luis Torrens OF Kyle Schwarber OF Bryce Harper OF Carson Benge P Zack Wheeler P Zac Thornton SS Francisco Lindor,,,
325,5211339442,Steven_1974 (16/20),0,108.45,1B Sal Stewart 2B Marcus Semien 3B Brady House C Tyler Stephenson OF JJ Bleday OF A.J. Ewing OF Carson Benge P Zack Wheeler P Zac Thornton SS Elly De La Cruz,,,
329,5210879994,wallstruss (3/17),0,108.4,1B Jared Young 2B Brandon Lowe 3B Bo Bichette C Harry Ford OF Bryan Reynolds OF Carson Benge OF Jake Mangum P Jose Soriano P Cade Cavalli SS Francisco Lindor,,,
329,5210997558,chrispy2005 (16/20),0,108.4,1B Abimelec Ortiz 2B Brandon Lowe 3B Josh Smith C Alejandro Kirk OF Bryan Reynolds OF George Springer OF Nathan Lukes P Jose Soriano P Cade Cavalli SS CJ Abrams,,,
329,5211189416,ekard35,0,108.4,1B Spencer Horwitz 2B Brandon Lowe 3B Nick Gonzales C Harry Ford OF Daylen Lile OF Jacob Young OF Jesus Sanchez P Jose Soriano P Cade Cavalli SS CJ Abrams,,,
329,5211230335,kozy6813 (16/20),0,108.4,1B Jared Young 2B Marcus Semien 3B Bo Bichette C Alejandro Kirk OF Carson Benge OF Jacob Young OF Ronny Simon P Jose Soriano P Cade Cavalli SS Francisco Lindor,,,
329,5211282789,Money-Maker-Mooney,0,108.4,1B Alec Bohm 2B Nick Gonzales 3B Bo Bichette C Luis Torrens OF Kyle Schwarber OF Bryce Harper OF Carson Benge P Jose Soriano P Cade Cavalli SS Elly De La Cruz,,,
329,5211313311,Doyerz,0,108.4,1B Jared Young 2B Luis Arraez 3B Bo Bichette C Harry Ford OF Bryce Harper OF Carson Benge OF Jacob Young P Jose Soriano P Cade Cavalli SS Elly De La Cruz,,,
335,5210944533,Outlawtorn,0,108.1,1B Abimelec Ortiz 2B Brandon Lowe 3B Eugenio Suarez C Harry Ford OF Daylen Lile OF Esmerlyn Valdez OF Hector Rodriguez P Zack Wheeler P Jose Soriano SS Elly De La Cruz,,,
336,5210850737,tbjones2121 (17/20),0,107.9,1B Jared Young 2B Nasim Nunez 3B Brady House C Harry Ford OF Dylan Crews OF Daylen Lile OF Ronny Simon P Zack Wheeler P Cade Cavalli SS Francisco Lindor,,,
336,5210876702,Christez1726,0,107.9,1B Jared Young 2B Marcus Semien 3B Brady House C Harry Ford OF Dylan Crews OF Daylen Lile OF Brett Baty P Zack Wheeler P Cade Cavalli SS CJ Abrams,,,
336,5210893642,az350z (10/20),0,107.9,1B Jared Young 2B Brandon Lowe 3B Bo Bichette C Rafael Flores Jr. OF Esmerlyn Valdez OF A.J. Ewing OF Carson Benge P Zack Wheeler P Cade Cavalli SS Francisco Lindor,,,
336,5210990425,the803goat (6/20),0,107.9,1B Abimelec Ortiz 2B Bryson Stott 3B Bo Bichette C Harry Ford OF Daylen Lile OF Carson Benge OF Jacob Young P Zack Wheeler P Cade Cavalli SS CJ Abrams,,,
336,5210996684,LTskelter (3/20),0,107.9,1B Jared Young 2B Brandon Lowe 3B Nick Gonzales C Rafael Flores Jr. OF Bryan Reynolds OF A.J. Ewing OF Jake Mangum P Zack Wheeler P Cade Cavalli SS Francisco Lindor,,,
336,5211054434,jasons1876,0,107.9,1B Spencer Horwitz 2B Nick Gonzales 3B Bo Bichette C Harry Ford OF Carson Benge OF Jake Mangum OF Brandon Marsh P Zack Wheeler P Cade Cavalli SS Francisco Lindor,,,
336,5211113215,mvb58,0,107.9,1B Abimelec Ortiz 2B Bryson Stott 3B Eugenio Suarez C Tyler Stephenson OF Bryce Harper OF Bryan Reynolds OF Carson Benge P Zack Wheeler P Cade Cavalli SS Elly De La Cruz,,,
336,5211143417,Dubbzz (18/20),0,107.9,1B Abimelec Ortiz 2B Jose Tena 3B Brady House C Harry Ford OF Bryce Harper OF Bryan Reynolds OF Daylen Lile P Zack Wheeler P Cade Cavalli SS Trea Turner,,,
336,5211225614,matthewwalsh (11/20),0,107.9,1B Jared Young 2B Brandon Lowe 3B Bo Bichette C Rafael Flores Jr. OF Esmerlyn Valdez OF A.J. Ewing OF Carson Benge P Zack Wheeler P Cade Cavalli SS Francisco Lindor,,,
336,5211257733,jsamtoy (10/20),0,107.9,1B Bryce Harper 2B Jorge Polanco 3B Bo Bichette C J.T. Realmuto OF Esmerlyn Valdez OF A.J. Ewing OF Carson Benge P Zack Wheeler P Cade Cavalli SS Francisco Lindor,,,
336,5211293399,bcardwell79 (2/4),0,107.9,1B Jared Young 2B Brandon Lowe 3B Nick Gonzales C Luis Torrens OF Bryan Reynolds OF Esmerlyn Valdez OF A.J. Ewing P Zack Wheeler P Cade Cavalli SS Francisco Lindor,,,
336,5211321986,KristianFTM (1/20),0,107.9,1B Jared Young 2B Brandon Lowe 3B Nick Gonzales C Rafael Flores Jr. OF Bryan Reynolds OF A.J. Ewing OF Jake Mangum P Zack Wheeler P Cade Cavalli SS Francisco Lindor,,,
336,5211326325,ernescmillerjr.2,0,107.9,1B Bryce Harper 2B Marcus Semien 3B Eugenio Suarez C J.T. Realmuto OF Kyle Schwarber OF Brett Baty OF Justin Crawford P Zack Wheeler P Cade Cavalli SS Trea Turner,,,
336,5211339194,Steven_1974 (1/20),0,107.9,1B Jared Young 2B Brandon Lowe 3B Nick Gonzales C Rafael Flores Jr. OF Bryan Reynolds OF A.J. Ewing OF Jake Mangum P Zack Wheeler P Cade Cavalli SS Francisco Lindor,,,
336,5211344499,fantasysuperstar (11/20),0,107.9,1B Spencer Horwitz 2B Brandon Lowe 3B Nick Gonzales C Harry Ford OF Dylan Crews OF Daylen Lile OF Ronny Simon P Zack Wheeler P Cade Cavalli SS Jared Triolo,,,
336,5211347754,hatdaddy (5/20),0,107.9,1B Spencer Horwitz 2B Ronny Simon 3B Jared Triolo C Rafael Flores Jr. OF Kyle Schwarber OF A.J. Ewing OF Jake Mangum P Zack Wheeler P Cade Cavalli SS Francisco Lindor,,,
336,5211349439,KILLANADZ24 (10/10),0,107.9,1B Jared Young 2B Marcus Semien 3B Brady House C Harry Ford OF Dylan Crews OF Daylen Lile OF Brett Baty P Zack Wheeler P Cade Cavalli SS CJ Abrams,,,
353,5211109095,JVGREEK (1/2),0,107.75,1B Kazuma Okamoto 2B Brandon Lowe 3B Eugenio Suarez C Harry Ford OF Dylan Crews OF Daylen Lile OF Jacob Young P Cade Cavalli P Zac Thornton SS CJ Abrams,,,
353,5211349725,sdfish,0,107.75,1B Abimelec Ortiz 2B Jorge Polanco 3B Bo Bichette C Harry Ford OF Dylan Crews OF Daylen Lile OF Carson Benge P Cade Cavalli P Zac Thornton SS CJ Abrams,,,
355,5210879998,wallstruss (7/17),0,107.45,1B Bryce Harper 2B Jorge Polanco 3B Bo Bichette C Luis Torrens OF JJ Bleday OF A.J. Ewing OF Matt McLain P Zack Wheeler P Zac Thornton SS Francisco Lindor,,,
355,5210922115,Stree (19/20),0,107.45,1B Sal Stewart 2B Jorge Polanco 3B Eugenio Suarez C Tyler Stephenson OF Daylen Lile OF JJ Bleday OF A.J. Ewing P Zack Wheeler P Zac Thornton SS Elly De La Cruz,,,
355,5210961904,henry296 (18/20),0,107.45,1B Sal Stewart 2B Matt McLain 3B Bryson Stott C J.T. Realmuto OF Daylen Lile OF JJ Bleday OF Noelvi Marte P Zack Wheeler P Zac Thornton SS Elly De La Cruz,,,
355,5210984402,73pd2x (14/20),0,107.45,1B Bryce Harper 2B Luis Arraez 3B Eugenio Suarez C Luis Torrens OF A.J. Ewing OF Carson Benge OF Brett Baty P Zack Wheeler P Zac Thornton SS Trea Turner,,,
355,5211134765,twinsfan5,0,107.45,1B Alec Bohm 2B Luis Arraez 3B Bo Bichette C Luis Torrens OF Bryce Harper OF A.J. Ewing OF Carson Benge P Zack Wheeler P Zac Thornton SS Francisco Lindor,,,
355,5211176047,GangGreenBleedGreen (1/2),0,107.45,1B Bryce Harper 2B Luis Arraez 3B Bryson Stott C Luis Torrens OF Carson Benge OF Jacob Young OF Justin Crawford P Zack Wheeler P Zac Thornton SS Elly De La Cruz,,,
355,5211195735,Boneyball1018 (1/3),0,107.45,1B Sal Stewart 2B Bryson Stott 3B Eugenio Suarez C Harry Ford OF JJ Bleday OF Carson Benge OF Noelvi Marte P Zack Wheeler P Zac Thornton SS Elly De La Cruz,,,
355,5211268381,mrclean913 (7/20),0,107.45,1B Bryce Harper 2B Matt McLain 3B Eugenio Suarez C Tyler Stephenson OF Kyle Schwarber OF Brandon Marsh OF Hector Rodriguez P Zack Wheeler P Zac Thornton SS Elly De La Cruz,,,
355,5211321988,KristianFTM (3/20),0,107.45,1B Sal Stewart 2B Marcus Semien 3B Bo Bichette C Tyler Stephenson OF A.J. Ewing OF Carson Benge OF Brett Baty P Zack Wheeler P Zac Thornton SS Elly De La Cruz,,,
355,5211342610,epadol,0,107.45,1B Jared Young 2B Brett Baty 3B Brady House C Harry Ford OF Dylan Crews OF Daylen Lile OF A.J. Ewing P Zack Wheeler P Zac Thornton SS CJ Abrams,,,
365,5211272329,Odog3030,0,107.4,1B Sal Stewart 2B Matt McLain 3B Brady House C Harry Ford OF Daylen Lile OF JJ Bleday OF Jacob Young P Jose Soriano P Cade Cavalli SS CJ Abrams,,,
366,5210838338,jlegrand22 (20/20),0,107.1,1B Abimelec Ortiz 2B Matt McLain 3B Eugenio Suarez C Tyler Stephenson OF Bryan Reynolds OF Daylen Lile OF JJ Bleday P Zack Wheeler P Jose Soriano SS Elly De La Cruz,,,
366,5211349358,free.pete.rose.14 (2/2),0,107.1,1B Sal Stewart 2B Josh Smith 3B Eugenio Suarez C Alejandro Kirk OF Bryce Harper OF JJ Bleday OF Jesus Sanchez P Zack Wheeler P Jose Soriano SS Elly De La Cruz,,,
368,5211327134,drunkonpappy (4/20),0,106.95,1B Sal Stewart 2B Matt McLain 3B Eugenio Suarez C Alejandro Kirk OF George Springer OF Jesus Sanchez OF Hector Rodriguez P Jose Soriano P Zac Thornton SS Elly De La Cruz,,,
369,5210967021,Caryg07 (1/20),0,106.9,1B Spencer Horwitz 2B Ronny Simon 3B Nick Gonzales C Harry Ford OF Esmerlyn Valdez OF A.J. Ewing OF Jake Mangum P Zack Wheeler P Cade Cavalli SS CJ Abrams,,,
369,5211001168,rambito (7/20),0,106.9,1B Abimelec Ortiz 2B Ronny Simon 3B Brady House C Harry Ford OF Kyle Schwarber OF Daylen Lile OF Jake Mangum P Zack Wheeler P Cade Cavalli SS CJ Abrams,,,
369,5211038674,saki72,0,106.9,1B Abimelec Ortiz 2B Ronny Simon 3B Brady House C Harry Ford OF Kyle Schwarber OF Daylen Lile OF Jake Mangum P Zack Wheeler P Cade Cavalli SS CJ Abrams,,,
369,5211069624,wischmeir,0,106.9,1B Jared Young 2B Brandon Lowe 3B Bo Bichette C Luis Torrens OF Bryan Reynolds OF A.J. Ewing OF George Springer P Zack Wheeler P Cade Cavalli SS Francisco Lindor,,,
369,5211156577,sphere3d,0,106.9,1B Bryce Harper 2B Jorge Polanco 3B Eugenio Suarez C J.T. Realmuto OF Kyle Schwarber OF Carson Benge OF Hector Rodriguez P Zack Wheeler P Cade Cavalli SS Elly De La Cruz,,,
369,5211270861,deadhead22 (1/2),0,106.9,1B Bryce Harper 2B Ernie Clement 3B Nick Gonzales C Harry Ford OF Daylen Lile OF Brett Baty OF Hector Rodriguez P Zack Wheeler P Cade Cavalli SS CJ Abrams,,,
369,5211272330,aschuite,0,106.9,1B Bryce Harper 2B Luis Arraez 3B Jorge Polanco C Harry Ford OF Daylen Lile OF Esmerlyn Valdez OF Carson Benge P Zack Wheeler P Cade Cavalli SS Nasim Nunez,,,
376,5210997559,chrispy2005 (17/20),0,106.75,1B Bryce Harper 2B Luis Arraez 3B Kazuma Okamoto C Alejandro Kirk OF Kyle Schwarber OF Daylen Lile OF Nathan Lukes P Cade Cavalli P Zac Thornton SS Trea Turner,,,
376,5211080122,Lofton7,0,106.75,1B Bryce Harper 2B Luis Arraez 3B Brady House C Alejandro Kirk OF Kyle Schwarber OF Bryan Reynolds OF Daylen Lile P Cade Cavalli P Zac Thornton SS Trea Turner,,,
378,5210879979,feet69,0,106.45,1B Bryce Harper 2B Luis Arraez 3B Bryson Stott C Tyler Stephenson OF Bryan Reynolds OF Carson Benge OF Matt McLain P Zack Wheeler P Zac Thornton SS Francisco Lindor,,,
378,5210922111,Stree (15/20),0,106.45,1B Sal Stewart 2B Nasim Nunez 3B Eugenio Suarez C Harry Ford OF Daylen Lile OF JJ Bleday OF Hector Rodriguez P Zack Wheeler P Zac Thornton SS Elly De La Cruz,,,
378,5210984393,73pd2x (5/20),0,106.45,1B Alec Bohm 2B Luis Arraez 3B Eugenio Suarez C Luis Torrens OF Bryce Harper OF A.J. Ewing OF Carson Benge P Zack Wheeler P Zac Thornton SS Trea Turner,,,
378,5211081288,FoxyGrandpa252 (16/20),0,106.45,1B Bryce Harper 2B Luis Arraez 3B Alec Bohm C J.T. Realmuto OF A.J. Ewing OF Carson Benge OF Brandon Marsh P Zack Wheeler P Zac Thornton SS Francisco Lindor,,,
378,5211107265,Calmax,0,106.45,1B Jared Young 2B Luis Arraez 3B Bo Bichette C J.T. Realmuto OF Bryce Harper OF A.J. Ewing OF Carson Benge P Zack Wheeler P Zac Thornton SS Francisco Lindor,,,
378,5211272963,jasonwithaj (5/10),0,106.45,1B Sal Stewart 2B Marcus Semien 3B Jorge Polanco C Tyler Stephenson OF Carson Benge OF Matt McLain OF Noelvi Marte P Zack Wheeler P Zac Thornton SS Elly De La Cruz,,,
378,5211272968,jasonwithaj (10/10),0,106.45,1B Sal Stewart 2B Nasim Nunez 3B Eugenio Suarez C Harry Ford OF Daylen Lile OF JJ Bleday OF Hector Rodriguez P Zack Wheeler P Zac Thornton SS Elly De La Cruz,,,
385,5211143405,Dubbzz (6/20),0,106.4,1B Bryce Harper 2B Brandon Lowe 3B Eugenio Suarez C Alejandro Kirk OF Kyle Schwarber OF Bryan Reynolds OF George Springer P Jose Soriano P Cade Cavalli SS Andres Gimenez,,,
385,5211143414,Dubbzz (15/20),0,106.4,1B Spencer Horwitz 2B Brandon Lowe 3B Josh Smith C Rafael Flores Jr. OF Bryan Reynolds OF Jake Mangum OF Nathan Lukes P Jose Soriano P Cade Cavalli SS CJ Abrams,,,
385,5211193712,smithcj16 (20/20),0,106.4,1B Kazuma Okamoto 2B Bryson Stott 3B Eugenio Suarez C Alejandro Kirk OF George Springer OF Nathan Lukes OF Jesus Sanchez P Jose Soriano P Cade Cavalli SS Elly De La Cruz,,,
385,5211244228,cachedinar (10/20),0,106.4,1B Jared Young 2B Marcus Semien 3B Bo Bichette C Rafael Flores Jr. OF Esmerlyn Valdez OF Carson Benge OF Jake Mangum P Jose Soriano P Cade Cavalli SS Francisco Lindor,,,
385,5211349434,KILLANADZ24 (5/10),0,106.4,1B Bryce Harper 2B Brandon Lowe 3B Kazuma Okamoto C Harry Ford OF George Springer OF Carson Benge OF Jesus Sanchez P Jose Soriano P Cade Cavalli SS CJ Abrams,,,
390,5210922106,Stree (10/20),0,106.1,1B Abimelec Ortiz 2B Marcus Semien 3B Eugenio Suarez C Tyler Stephenson OF Daylen Lile OF JJ Bleday OF Noelvi Marte P Zack Wheeler P Jose Soriano SS Elly De La Cruz,,,
390,5211191793,wittwerjoe (7/20),0,106.1,1B Abimelec Ortiz 2B Nasim Nunez 3B Eugenio Suarez C Harry Ford OF Kyle Schwarber OF Daylen Lile OF Hector Rodriguez P Zack Wheeler P Jose Soriano SS Elly De La Cruz,,,
390,5211199868,Boneyball1018 (2/3),0,106.1,1B Sal Stewart 2B Marcus Semien 3B Nick Gonzales C Harry Ford OF Esmerlyn Valdez OF A.J. Ewing OF Carson Benge P Zack Wheeler P Jose Soriano SS Nasim Nunez,,,
393,5211193696,smithcj16 (4/20),0,105.95,1B Sal Stewart 2B Marcus Semien 3B Bo Bichette C Tyler Stephenson OF JJ Bleday OF A.J. Ewing OF Carson Benge P Jose Soriano P Zac Thornton SS Francisco Lindor,,,
394,5210928111,whoisjohngalt420 (6/20),0,105.9,1B Spencer Horwitz 2B Nick Gonzales 3B Bo Bichette C Luis Torrens OF Bryan Reynolds OF A.J. Ewing OF Jake Mangum P Zack Wheeler P Cade Cavalli SS Francisco Lindor,,,
394,5210932261,Thunderbolts44,0,105.9,1B Abimelec Ortiz 2B Jorge Polanco 3B Eugenio Suarez C Tyler Stephenson OF Kyle Schwarber OF Daylen Lile OF A.J. Ewing P Zack Wheeler P Cade Cavalli SS CJ Abrams,,,
394,5210997172,Jfuller121380,0,105.9,1B Bryce Harper 2B Marcus Semien 3B Bo Bichette C Tyler Stephenson OF Carson Benge OF Brandon Marsh OF Jacob Young P Zack Wheeler P Cade Cavalli SS Francisco Lindor,,,
394,5211010538,UWAlums03 (5/5),0,105.9,1B Bryce Harper 2B Jorge Polanco 3B Bryson Stott C Luis Torrens OF Kyle Schwarber OF A.J. Ewing OF Carson Benge P Zack Wheeler P Cade Cavalli SS Trea Turner,,,
394,5211174475,MJDLC (12/20),0,105.9,1B Abimelec Ortiz 2B Jose Tena 3B Brady House C J.T. Realmuto OF Kyle Schwarber OF Bryce Harper OF Daylen Lile P Zack Wheeler P Cade Cavalli SS Francisco Lindor,,,
394,5211196400,DEMETRICK21,0,105.9,1B Abimelec Ortiz 2B Brandon Lowe 3B Eugenio Suarez C Tyler Stephenson OF Daylen Lile OF JJ Bleday OF Jesus Sanchez P Zack Wheeler P Cade Cavalli SS Elly De La Cruz,,,
394,5211257728,jsamtoy (5/20),0,105.9,1B Jared Young 2B Luis Arraez 3B Bo Bichette C Luis Torrens OF Dylan Crews OF Daylen Lile OF Carson Benge P Zack Wheeler P Cade Cavalli SS Francisco Lindor,,,
394,5211257736,jsamtoy (13/20),0,105.9,1B Spencer Horwitz 2B Brandon Lowe 3B Jared Triolo C Harry Ford OF Esmerlyn Valdez OF Carson Benge OF Jake Mangum P Zack Wheeler P Cade Cavalli SS Francisco Lindor,,,
394,5211266773,seth1374 (2/20),0,105.9,1B Abimelec Ortiz 2B Ronny Simon 3B Brady House C Harry Ford OF Bryan Reynolds OF Daylen Lile OF Esmerlyn Valdez P Zack Wheeler P Cade Cavalli SS CJ Abrams,,,
403,5210600540,ivymoose (14/20),0,105.75,1B Bryce Harper 2B Luis Arraez 3B Alec Bohm C Alejandro Kirk OF George Springer OF Nathan Lukes OF Jesus Sanchez P Cade Cavalli P Zac Thornton SS Andres Gimenez,,,
403,5211091468,minimalsubliminals,0,105.75,1B Bryce Harper 2B Luis Arraez 3B Bryson Stott C Endy Rodriguez OF Kyle Schwarber OF Carson Benge OF Brandon Marsh P Cade Cavalli P Zac Thornton SS Francisco Lindor,,,
403,5211143409,Dubbzz (10/20),0,105.75,1B Jared Young 2B Luis Arraez 3B Bo Bichette C Alejandro Kirk OF Kyle Schwarber OF Bryce Harper OF Carson Benge P Cade Cavalli P Zac Thornton SS Francisco Lindor,,,
403,5211213890,esmith911 (2/5),0,105.75,1B Sal Stewart 2B Luis Arraez 3B Bryson Stott C J.T. Realmuto OF Bryce Harper OF Bryan Reynolds OF Carson Benge P Cade Cavalli P Zac Thornton SS Elly De La Cruz,,,
407,5211079205,thesportsfan (4/20),0,105.45,1B Sal Stewart 2B Marcus Semien 3B Eugenio Suarez C Tyler Stephenson OF Kyle Schwarber OF Carson Benge OF Hector Rodriguez P Zack Wheeler P Zac Thornton SS Elly De La Cruz,,,
407,5211130439,joohanntheman,0,105.45,1B Sal Stewart 2B Jose Tena 3B Bo Bichette C Alejandro Kirk OF Bryce Harper OF A.J. Ewing OF Carson Benge P Zack Wheeler P Zac Thornton SS Francisco Lindor,,,
407,5211347767,hatdaddy (18/20),0,105.45,1B Sal Stewart 2B Marcus Semien 3B Eugenio Suarez C Luis Torrens OF Bryce Harper OF JJ Bleday OF Noelvi Marte P Zack Wheeler P Zac Thornton SS Elly De La Cruz,,,
410,5210945041,Rustycle (1/2),0,105.4,1B Sal Stewart 2B Luis Arraez 3B Kazuma Okamoto C J.T. Realmuto OF Bryan Reynolds OF Daylen Lile OF Carson Benge P Jose Soriano P Cade Cavalli SS Elly De La Cruz,,,
411,5211092653,TrojanMom85,0,105.1,1B Jared Young 2B Marcus Semien 3B Bo Bichette C Luis Torrens OF Bryce Harper OF Carson Benge OF Brandon Marsh P Zack Wheeler P Jose Soriano SS Elly De La Cruz,,,
411,5211149946,durango442,0,105.1,1B Kazuma Okamoto 2B Marcus Semien 3B Bo Bichette C Luis Torrens OF Dylan Crews OF Daylen Lile OF Carson Benge P Zack Wheeler P Jose Soriano SS Francisco Lindor,,,
413,5210839034,LOCNOTM (20/20),0,104.9,1B Bryce Harper 2B Nick Gonzales 3B Jared Triolo C Rafael Flores Jr. OF Kyle Schwarber OF Jake Mangum OF Ronny Simon P Zack Wheeler P Cade Cavalli SS Francisco Lindor,,,
413,5210893633,az350z (1/20),0,104.9,1B Abimelec Ortiz 2B Brandon Lowe 3B Brady House C Harry Ford OF Daylen Lile OF Jake Mangum OF Ronny Simon P Zack Wheeler P Cade Cavalli SS CJ Abrams,,,
413,5210922110,Stree (14/20),0,104.9,1B Abimelec Ortiz 2B Ronny Simon 3B Nick Gonzales C Harry Ford OF Dylan Crews OF Daylen Lile OF Jake Mangum P Zack Wheeler P Cade Cavalli SS CJ Abrams,,,
413,5211001164,rambito (3/20),0,104.9,1B Abimelec Ortiz 2B Ronny Simon 3B Jorge Polanco C Harry Ford OF Kyle Schwarber OF Bryce Harper OF A.J. Ewing P Zack Wheeler P Cade Cavalli SS CJ Abrams,,,
413,5211010535,UWAlums03 (2/5),0,104.9,1B Abimelec Ortiz 2B Brandon Lowe 3B Nick Gonzales C Harry Ford OF Bryan Reynolds OF Dylan Crews OF Daylen Lile P Zack Wheeler P Cade Cavalli SS Jared Triolo,,,
413,5211148220,dulcmang,0,104.9,1B Jared Young 2B Brandon Lowe 3B Jorge Polanco C Harry Ford OF Kyle Schwarber OF A.J. Ewing OF Brett Baty P Zack Wheeler P Cade Cavalli SS Francisco Lindor,,,
413,5211200845,Boneyball1018 (3/3),0,104.9,1B Abimelec Ortiz 2B Luis Arraez 3B Nick Gonzales C Harry Ford OF Kyle Schwarber OF Carson Benge OF Justin Crawford P Zack Wheeler P Cade Cavalli SS Trea Turner,,,
413,5211211229,darrylposton (6/20),0,104.9,1B Bryce Harper 2B Marcus Semien 3B Jorge Polanco C Luis Torrens OF Esmerlyn Valdez OF A.J. Ewing OF Jake Mangum P Zack Wheeler P Cade Cavalli SS CJ Abrams,,,
413,5211250098,jjhardyglb,0,104.9,1B Bryce Harper 2B Bryson Stott 3B Nick Gonzales C Harry Ford OF JJ Bleday OF A.J. Ewing OF Brandon Marsh P Zack Wheeler P Cade Cavalli SS Nasim Nunez,,,
413,5211272965,jasonwithaj (7/10),0,104.9,1B Abimelec Ortiz 2B Ronny Simon 3B Bryson Stott C Harry Ford OF Kyle Schwarber OF Daylen Lile OF Jacob Young P Zack Wheeler P Cade Cavalli SS CJ Abrams,,,
413,5211286248,Ngroves8,0,104.9,1B Jared Young 2B Ronny Simon 3B Bo Bichette C Rafael Flores Jr. OF Kyle Schwarber OF A.J. Ewing OF Carson Benge P Zack Wheeler P Cade Cavalli SS CJ Abrams,,,
413,5211335469,garyyoung (11/13),0,104.9,1B Kazuma Okamoto 2B Luis Arraez 3B Alec Bohm C J.T. Realmuto OF A.J. Ewing OF George Springer OF Carson Benge P Zack Wheeler P Cade Cavalli SS Elly De La Cruz,,,
413,5211339438,Steven_1974 (12/20),0,104.9,1B Abimelec Ortiz 2B Brandon Lowe 3B Brady House C Harry Ford OF Daylen Lile OF Jake Mangum OF Ronny Simon P Zack Wheeler P Cade Cavalli SS CJ Abrams,,,
426,5210938760,jw1984 (10/15),0,104.75,1B Kazuma Okamoto 2B Luis Arraez 3B Brady House C Harry Ford OF Bryce Harper OF Dylan Crews OF Daylen Lile P Cade Cavalli P Zac Thornton SS CJ Abrams,,,
426,5211317830,Skralph (19/20),0,104.75,1B Sal Stewart 2B Luis Arraez 3B Alec Bohm C Alejandro Kirk OF Daylen Lile OF A.J. Ewing OF Brandon Marsh P Cade Cavalli P Zac Thornton SS Trea Turner,,,
428,5210767616,Mark502Blue,0,104.45,1B Sal Stewart 2B Luis Arraez 3B Bryson Stott C Luis Torrens OF A.J. Ewing OF Carson Benge OF Brandon Marsh P Zack Wheeler P Zac Thornton SS Elly De La Cruz,,,
428,5210992982,mattbpoole,0,104.45,1B Abimelec Ortiz 2B Jorge Polanco 3B Eugenio Suarez C Tyler Stephenson OF Kyle Schwarber OF Bryce Harper OF Daylen Lile P Zack Wheeler P Zac Thornton SS Elly De La Cruz,,,
428,5211018267,rsumrall (11/20),0,104.45,1B Sal Stewart 2B Matt McLain 3B Ke'Bryan Hayes C Harry Ford OF Daylen Lile OF JJ Bleday OF Noelvi Marte P Zack Wheeler P Zac Thornton SS CJ Abrams,,,
428,5211174469,MJDLC (6/20),0,104.45,1B Sal Stewart 2B Matt McLain 3B Brady House C Harry Ford OF A.J. Ewing OF Jacob Young OF Noelvi Marte P Zack Wheeler P Zac Thornton SS CJ Abrams,,,
428,5211268392,mrclean913 (18/20),0,104.45,1B Sal Stewart 2B Marcus Semien 3B Bo Bichette C Tyler Stephenson OF JJ Bleday OF A.J. Ewing OF Carson Benge P Zack Wheeler P Zac Thornton SS Francisco Lindor,,,
428,5211344495,fantasysuperstar (7/20),0,104.45,1B Bryce Harper 2B Luis Arraez 3B Eugenio Suarez C Tyler Stephenson OF Daylen Lile OF JJ Bleday OF Hector Rodriguez P Zack Wheeler P Zac Thornton SS Elly De La Cruz,,,
434,5210797168,happyrip,0,104.4,1B Bryce Harper 2B Brett Baty 3B Bo Bichette C Luis Torrens OF Bryan Reynolds OF A.J. Ewing OF Carson Benge P Jose Soriano P Cade Cavalli SS Nasim Nunez,,,
434,5210922109,Stree (13/20),0,104.4,1B Abimelec Ortiz 2B Brandon Lowe 3B Brady House C Harry Ford OF Bryan Reynolds OF Daylen Lile OF Jake Mangum P Jose Soriano P Cade Cavalli SS CJ Abrams,,,
434,5211024408,GetemUp102,0,104.4,1B Sal Stewart 2B Brandon Lowe 3B Bo Bichette C Alejandro Kirk OF Daylen Lile OF Carson Benge OF Luis Robert Jr. P Jose Soriano P Cade Cavalli SS Elly De La Cruz,,,
437,5211345171,jnwallen (14/20),0,104.1,1B Jared Young 2B Marcus Semien 3B Bo Bichette C Tyler Stephenson OF JJ Bleday OF A.J. Ewing OF Carson Benge P Zack Wheeler P Jose Soriano SS Elly De La Cruz,,,
438,5211304218,lonerangerjackers (1/8),0,104.049995,1B Sal Stewart 2B Marcus Semien 3B Kazuma Okamoto C Harry Ford OF Bryce Harper OF Daylen Lile OF Brandon Marsh P Cade Cavalli P Chase Petty SS CJ Abrams,,,
438,5211312785,lonerangerjackers (4/8),0,104.049995,1B Sal Stewart 2B Marcus Semien 3B Kazuma Okamoto C Harry Ford OF Bryce Harper OF Daylen Lile OF Brandon Marsh P Cade Cavalli P Chase Petty SS CJ Abrams,,,
440,5210619199,melvincali (17/20),0,103.95,1B Sal Stewart 2B Matt McLain 3B Eugenio Suarez C Alejandro Kirk OF JJ Bleday OF George Springer OF Jesus Sanchez P Jose Soriano P Zac Thornton SS Elly De La Cruz,,,
440,5210938751,jw1984 (1/15),0,103.95,1B Sal Stewart 2B Josh Smith 3B Kazuma Okamoto C Alejandro Kirk OF JJ Bleday OF George Springer OF Nathan Lukes P Jose Soriano P Zac Thornton SS Elly De La Cruz,,,
442,5210764842,Sammy.Boy (2/20),0,103.9,1B Bryce Harper 2B Ronny Simon 3B Nick Gonzales C Luis Torrens OF Bryan Reynolds OF Esmerlyn Valdez OF Jake Mangum P Zack Wheeler P Cade Cavalli SS Francisco Lindor,,,
442,5210863874,chunkylover2,0,103.9,1B Bryce Harper 2B Luis Arraez 3B Bo Bichette C Tyler Stephenson OF Esmerlyn Valdez OF Carson Benge OF Matt McLain P Zack Wheeler P Cade Cavalli SS Francisco Lindor,,,
442,5210898762,whoabuck (1/3),0,103.9,1B Spencer Horwitz 2B Nick Gonzales 3B Bo Bichette C Luis Torrens OF Bryan Reynolds OF Esmerlyn Valdez OF A.J. Ewing P Zack Wheeler P Cade Cavalli SS Francisco Lindor,,,
442,5210902538,j-wolf05 (6/20),0,103.9,1B Abimelec Ortiz 2B Jose Tena 3B Brady House C Harry Ford OF Bryce Harper OF A.J. Ewing OF Brandon Marsh P Zack Wheeler P Cade Cavalli SS CJ Abrams,,,
442,5210922098,Stree (2/20),0,103.9,1B Alec Bohm 2B Luis Arraez 3B Jorge Polanco C Luis Torrens OF Kyle Schwarber OF A.J. Ewing OF Carson Benge P Zack Wheeler P Cade Cavalli SS Francisco Lindor,,,
442,5210928122,whoisjohngalt420 (17/20),0,103.9,1B Abimelec Ortiz 2B Luis Arraez 3B Bryson Stott C Harry Ford OF Bryce Harper OF Daylen Lile OF Brandon Marsh P Zack Wheeler P Cade Cavalli SS Trea Turner,,,
442,5211028345,donj9903,0,103.9,1B Sal Stewart 2B Luis Arraez 3B Bryson Stott C Alejandro Kirk OF Bryce Harper OF Carson Benge OF Justin Crawford P Zack Wheeler P Cade Cavalli SS Francisco Lindor,,,
442,5211063709,W3stov3r34 (2/2),0,103.9,1B Alec Bohm 2B Luis Arraez 3B Bryson Stott C Tyler Stephenson OF Bryce Harper OF Carson Benge OF Justin Crawford P Zack Wheeler P Cade Cavalli SS Elly De La Cruz,,,
442,5211072134,bch1274 (2/3),0,103.9,1B Bryce Harper 2B Luis Arraez 3B Alec Bohm C J.T. Realmuto OF Dylan Crews OF A.J. Ewing OF Justin Crawford P Zack Wheeler P Cade Cavalli SS Francisco Lindor,,,
442,5211081140,UniversalFriend (18/20),0,103.9,1B Alec Bohm 2B Nasim Nunez 3B Jorge Polanco C Harry Ford OF Daylen Lile OF A.J. Ewing OF Jacob Young P Zack Wheeler P Cade Cavalli SS CJ Abrams,,,
442,5211081284,FoxyGrandpa252 (12/20),0,103.9,1B Bryce Harper 2B Jorge Polanco 3B Bo Bichette C Luis Torrens OF Kyle Schwarber OF A.J. Ewing OF Brandon Marsh P Zack Wheeler P Cade Cavalli SS Francisco Lindor,,,
442,5211106689,willbuck,0,103.9,1B Bryce Harper 2B Matt McLain 3B Kazuma Okamoto C Harry Ford OF Kyle Schwarber OF Jacob Young OF Justin Crawford P Zack Wheeler P Cade Cavalli SS Nasim Nunez,,,
442,5211184975,rcarena (1/7),0,103.9,1B Bryce Harper 2B Brett Baty 3B Bryson Stott C Luis Torrens OF Bryan Reynolds OF Esmerlyn Valdez OF Carson Benge P Zack Wheeler P Cade Cavalli SS Francisco Lindor,,,
442,5211199708,aquafinatim (6/20),0,103.9,1B Spencer Horwitz 2B Brandon Lowe 3B Nick Gonzales C Luis Torrens OF Esmerlyn Valdez OF A.J. Ewing OF Jake Mangum P Zack Wheeler P Cade Cavalli SS Francisco Lindor,,,
442,5211230330,kozy6813 (11/20),0,103.9,1B Jared Young 2B Luis Arraez 3B Bryson Stott C Harry Ford OF Kyle Schwarber OF Carson Benge OF Justin Crawford P Zack Wheeler P Cade Cavalli SS Trea Turner,,,
442,5211258946,jomar15 (2/2),0,103.9,1B Spencer Horwitz 2B Nick Gonzales 3B Brady House C Harry Ford OF Bryan Reynolds OF Daylen Lile OF Jake Mangum P Zack Wheeler P Cade Cavalli SS Nasim Nunez,,,
442,5211265980,goatboy130,0,103.9,1B Kazuma Okamoto 2B Bryson Stott 3B Bo Bichette C Harry Ford OF Bryce Harper OF Carson Benge OF Jacob Young P Zack Wheeler P Cade Cavalli SS Francisco Lindor,,,
442,5211266772,seth1374 (1/20),0,103.9,1B Abimelec Ortiz 2B Nick Gonzales 3B Brady House C Harry Ford OF Daylen Lile OF Esmerlyn Valdez OF Jake Mangum P Zack Wheeler P Cade Cavalli SS CJ Abrams,,,
442,5211272962,jasonwithaj (4/10),0,103.9,1B Abimelec Ortiz 2B Jose Tena 3B Nick Gonzales C Harry Ford OF Daylen Lile OF Esmerlyn Valdez OF Jake Mangum P Zack Wheeler P Cade Cavalli SS CJ Abrams,,,
442,5211274354,lenn221 (2/2),0,103.9,1B Abimelec Ortiz 2B Jose Tena 3B Nick Gonzales C Harry Ford OF Daylen Lile OF Esmerlyn Valdez OF Jake Mangum P Zack Wheeler P Cade Cavalli SS CJ Abrams,,,
442,5211294958,Mige1 (9/20),0,103.9,1B Spencer Horwitz 2B Brandon Lowe 3B Nick Gonzales C Rafael Flores Jr. OF A.J. Ewing OF Jake Mangum OF Brandon Marsh P Zack Wheeler P Cade Cavalli SS Francisco Lindor,,,
442,5211305322,korvac,0,103.9,1B Abimelec Ortiz 2B Nick Gonzales 3B Brady House C Harry Ford OF Daylen Lile OF Esmerlyn Valdez OF Jake Mangum P Zack Wheeler P Cade Cavalli SS CJ Abrams,,,
442,5211314929,tlewis25,0,103.9,1B Sal Stewart 2B Josh Smith 3B Jorge Polanco C Tyler Stephenson OF Kyle Schwarber OF JJ Bleday OF Carson Benge P Zack Wheeler P Cade Cavalli SS Elly De La Cruz,,,
442,5211322004,KristianFTM (19/20),0,103.9,1B Abimelec Ortiz 2B Nasim Nunez 3B Brady House C Harry Ford OF Bryce Harper OF Dylan Crews OF A.J. Ewing P Zack Wheeler P Cade Cavalli SS Francisco Lindor,,,
442,5211337890,jnwallen (8/20),0,103.9,1B Abimelec Ortiz 2B Nick Gonzales 3B Brady House C Harry Ford OF Daylen Lile OF Esmerlyn Valdez OF Jake Mangum P Zack Wheeler P Cade Cavalli SS CJ Abrams,,,
467,5210636434,osage01,0,103.75,1B Bryce Harper 2B Luis Arraez 3B Bo Bichette C Luis Torrens OF JJ Bleday OF Carson Benge OF Jacob Young P Cade Cavalli P Zac Thornton SS Elly De La Cruz,,,
467,5210990424,the803goat (5/20),0,103.75,1B Bryce Harper 2B Bryson Stott 3B Brady House C J.T. Realmuto OF Bryan Reynolds OF Dylan Crews OF Daylen Lile P Cade Cavalli P Zac Thornton SS CJ Abrams,,,
467,5211084937,SpeedRacer101 (1/20),0,103.75,1B Bryce Harper 2B Bryson Stott 3B Kazuma Okamoto C Alejandro Kirk OF Kyle Schwarber OF George Springer OF Jesus Sanchez P Cade Cavalli P Zac Thornton SS Francisco Lindor,,,
467,5211093047,lsulunatik (17/18),0,103.75,1B Bryce Harper 2B Luis Arraez 3B Bryson Stott C Alejandro Kirk OF Kyle Schwarber OF George Springer OF Jesus Sanchez P Cade Cavalli P Zac Thornton SS Andres Gimenez,,,
471,5210742301,JayTheFootballNerd,0,103.45,1B Bryce Harper 2B Matt McLain 3B Bo Bichette C Luis Torrens OF Kyle Schwarber OF Carson Benge OF Noelvi Marte P Zack Wheeler P Zac Thornton SS Trea Turner,,,
471,5211113441,austin60915 (19/20),0,103.45,1B Sal Stewart 2B Marcus Semien 3B Jorge Polanco C Luis Torrens OF Kyle Schwarber OF Bryce Harper OF Carson Benge P Zack Wheeler P Zac Thornton SS Francisco Lindor,,,
471,5211309792,garyyoung (5/13),0,103.45,1B Rafael Flores Jr. 2B Brandon Lowe 3B Nick Gonzales C Luis Torrens OF Bryan Reynolds OF Esmerlyn Valdez OF A.J. Ewing P Zack Wheeler P Zac Thornton SS Francisco Lindor,,,
471,5211344497,fantasysuperstar (9/20),0,103.45,1B Sal Stewart 2B Bryson Stott 3B Eugenio Suarez C Tyler Stephenson OF Bryce Harper OF A.J. Ewing OF Hector Rodriguez P Zack Wheeler P Zac Thornton SS Elly De La Cruz,,,
475,5211193704,smithcj16 (12/20),0,103.1,1B Abimelec Ortiz 2B Marcus Semien 3B Brady House C Luis Torrens OF Dylan Crews OF Daylen Lile OF A.J. Ewing P Zack Wheeler P Jose Soriano SS CJ Abrams,,,
475,5211279383,Dilbert29 (12/19),0,103.1,1B Jared Young 2B Brandon Lowe 3B Bo Bichette C Luis Torrens OF Daylen Lile OF Carson Benge OF Brandon Marsh P Zack Wheeler P Jose Soriano SS Francisco Lindor,,,
475,5211322487,148602701,0,103.1,1B Jared Young 2B Marcus Semien 3B Bryson Stott C Luis Torrens OF Bryce Harper OF Carson Benge OF Jacob Young P Zack Wheeler P Jose Soriano SS Francisco Lindor,,,
475,5211343098,pthorpe25 (4/5),0,103.1,1B Jared Young 2B Brett Baty 3B Brady House C Harry Ford OF Dylan Crews OF A.J. Ewing OF Carson Benge P Zack Wheeler P Jose Soriano SS Francisco Lindor,,,
475,5211344290,snipedanglecelly (1/4),0,103.1,1B Sal Stewart 2B Matt McLain 3B Eugenio Suarez C Luis Torrens OF Dylan Crews OF A.J. Ewing OF Jake Mangum P Zack Wheeler P Jose Soriano SS Francisco Lindor,,,
480,5210764858,Sammy.Boy (18/20),0,102.9,1B Jared Young 2B Marcus Semien 3B Nick Gonzales C Rafael Flores Jr. OF Bryan Reynolds OF Esmerlyn Valdez OF Jake Mangum P Zack Wheeler P Cade Cavalli SS Francisco Lindor,,,
480,5210837841,letsdance56 (1/2),0,102.9,1B Endy Rodriguez 2B Luis Arraez 3B Nick Gonzales C J.T. Realmuto OF JJ Bleday OF A.J. Ewing OF Carson Benge P Zack Wheeler P Cade Cavalli SS Francisco Lindor,,,
480,5210967031,Caryg07 (11/20),0,102.9,1B Jared Young 2B Brandon Lowe 3B Bo Bichette C Luis Torrens OF Bryan Reynolds OF A.J. Ewing OF Jake Mangum P Zack Wheeler P Cade Cavalli SS Francisco Lindor,,,
480,5211025364,marhard,0,102.9,1B Bryce Harper 2B Luis Arraez 3B Jared Triolo C J.T. Realmuto OF Bryan Reynolds OF A.J. Ewing OF Carson Benge P Zack Wheeler P Cade Cavalli SS Nasim Nunez,,,
480,5211039148,Rich4585,0,102.9,1B Spencer Horwitz 2B Luis Arraez 3B Kazuma Okamoto C Tyler Stephenson OF Daylen Lile OF Esmerlyn Valdez OF A.J. Ewing P Zack Wheeler P Cade Cavalli SS Francisco Lindor,,,
480,5211081273,FoxyGrandpa252 (1/20),0,102.9,1B Jared Young 2B Brandon Lowe 3B Nick Gonzales C Rafael Flores Jr. OF Bryan Reynolds OF Carson Benge OF Jake Mangum P Zack Wheeler P Cade Cavalli SS Francisco Lindor,,,
480,5211143402,Dubbzz (3/20),0,102.9,1B Abimelec Ortiz 2B Ronny Simon 3B Eugenio Suarez C J.T. Realmuto OF Kyle Schwarber OF Bryce Harper OF Jake Mangum P Zack Wheeler P Cade Cavalli SS Elly De La Cruz,,,
480,5211234958,hsojsenoj (2/4),0,102.9,1B Alec Bohm 2B Brandon Lowe 3B Bryson Stott C Rafael Flores Jr. OF Bryce Harper OF A.J. Ewing OF Justin Crawford P Zack Wheeler P Cade Cavalli SS Trea Turner,,,
480,5211268384,mrclean913 (10/20),0,102.9,1B Bryce Harper 2B Ronny Simon 3B Jared Triolo C Rafael Flores Jr. OF Kyle Schwarber OF Bryan Reynolds OF Jake Mangum P Zack Wheeler P Cade Cavalli SS Francisco Lindor,,,
480,5211273135,shanemoore27 (15/20),0,102.9,1B Abimelec Ortiz 2B Brandon Lowe 3B Brady House C Harry Ford OF Daylen Lile OF Esmerlyn Valdez OF Ronny Simon P Zack Wheeler P Cade Cavalli SS CJ Abrams,,,
480,5211294963,Mige1 (14/20),0,102.9,1B Bryce Harper 2B Ronny Simon 3B Jared Triolo C Rafael Flores Jr. OF Kyle Schwarber OF Bryan Reynolds OF Jake Mangum P Zack Wheeler P Cade Cavalli SS Francisco Lindor,,,
491,5210953078,postalwolf,0,102.75,1B Kazuma Okamoto 2B Nasim Nunez 3B Bo Bichette C Endy Rodriguez OF Kyle Schwarber OF Bryce Harper OF Daylen Lile P Cade Cavalli P Zac Thornton SS Francisco Lindor,,,
491,5211281066,Kowpond,0,102.75,1B Kazuma Okamoto 2B Luis Arraez 3B Bo Bichette C Alejandro Kirk OF Kyle Schwarber OF Bryce Harper OF Carson Benge P Cade Cavalli P Zac Thornton SS Elly De La Cruz,,,
493,5210764849,Sammy.Boy (9/20),0,102.45,1B Jared Young 2B Marcus Semien 3B Jorge Polanco C J.T. Realmuto OF Bryce Harper OF Carson Benge OF Brett Baty P Zack Wheeler P Zac Thornton SS Elly De La Cruz,,,
493,5210820251,shorack814,0,102.45,1B Abimelec Ortiz 2B Nasim Nunez 3B Eugenio Suarez C Tyler Stephenson OF Kyle Schwarber OF Bryce Harper OF Daylen Lile P Zack Wheeler P Zac Thornton SS Francisco Lindor,,,
493,5210879999,wallstruss (8/17),0,102.45,1B Sal Stewart 2B Matt McLain 3B Bo Bichette C Luis Torrens OF JJ Bleday OF A.J. Ewing OF Hector Rodriguez P Zack Wheeler P Zac Thornton SS Elly De La Cruz,,,
493,5210976379,TY54321 (3/5),0,102.45,1B Bryce Harper 2B Nasim Nunez 3B Eugenio Suarez C Tyler Stephenson OF Daylen Lile OF JJ Bleday OF Hector Rodriguez P Zack Wheeler P Zac Thornton SS Elly De La Cruz,,,
493,5210984391,73pd2x (3/20),0,102.45,1B Alec Bohm 2B Jorge Polanco 3B Bryson Stott C Luis Torrens OF A.J. Ewing OF Carson Benge OF Brandon Marsh P Zack Wheeler P Zac Thornton SS Francisco Lindor,,,
493,5211199712,aquafinatim (10/20),0,102.45,1B Jared Young 2B Bryson Stott 3B Bo Bichette C Tyler Stephenson OF Kyle Schwarber OF A.J. Ewing OF Carson Benge P Zack Wheeler P Zac Thornton SS Francisco Lindor,,,
493,5211229713,rdelaney12 (4/4),0,102.45,1B Rafael Flores Jr. 2B Luis Arraez 3B Eugenio Suarez C Luis Torrens OF Kyle Schwarber OF Carson Benge OF Jake Mangum P Zack Wheeler P Zac Thornton SS Elly De La Cruz,,,
493,5211268377,mrclean913 (3/20),0,102.45,1B Sal Stewart 2B Brett Baty 3B Eugenio Suarez C Tyler Stephenson OF JJ Bleday OF A.J. Ewing OF Carson Benge P Zack Wheeler P Zac Thornton SS Elly De La Cruz,,,
493,5211273121,shanemoore27 (1/20),0,102.45,1B Jared Young 2B Ronny Simon 3B Brady House C Harry Ford OF Kyle Schwarber OF Daylen Lile OF Jacob Young P Zack Wheeler P Zac Thornton SS CJ Abrams,,,
493,5211279381,Dilbert29 (10/19),0,102.45,1B Abimelec Ortiz 2B Luis Arraez 3B Bryson Stott C Harry Ford OF Daylen Lile OF Carson Benge OF Jacob Young P Zack Wheeler P Zac Thornton SS CJ Abrams,,,
493,5211295231,awol387 (1/2),0,102.45,1B Alec Bohm 2B Marcus Semien 3B Bo Bichette C J.T. Realmuto OF Bryce Harper OF Dylan Crews OF A.J. Ewing P Zack Wheeler P Zac Thornton SS Francisco Lindor,,,
493,5211308264,Habersham1275H,0,102.45,1B Jared Young 2B Luis Arraez 3B Brady House C Luis Torrens OF Kyle Schwarber OF Bryce Harper OF A.J. Ewing P Zack Wheeler P Zac Thornton SS Francisco Lindor,,,
505,5210880007,wallstruss (16/17),0,102.4,1B Abimelec Ortiz 2B Jorge Polanco 3B Brady House C Harry Ford OF A.J. Ewing OF Carson Benge OF Jacob Young P Jose Soriano P Cade Cavalli SS CJ Abrams,,,
505,5210898767,whoabuck (2/3),0,102.4,1B Abimelec Ortiz 2B Brandon Lowe 3B Brady House C Harry Ford OF Bryan Reynolds OF Daylen Lile OF Esmerlyn Valdez P Jose Soriano P Cade Cavalli SS CJ Abrams,,,
505,5210902544,j-wolf05 (12/20),0,102.4,1B Abimelec Ortiz 2B Brandon Lowe 3B Brady House C Harry Ford OF Bryan Reynolds OF Daylen Lile OF Esmerlyn Valdez P Jose Soriano P Cade Cavalli SS CJ Abrams,,,
505,5211068926,kosar911,0,102.4,1B Kazuma Okamoto 2B Nasim Nunez 3B Nick Gonzales C Alejandro Kirk OF Kyle Schwarber OF Bryan Reynolds OF Daylen Lile P Jose Soriano P Cade Cavalli SS Francisco Lindor,,,
505,5211193705,smithcj16 (13/20),0,102.4,1B Sal Stewart 2B Josh Smith 3B Kazuma Okamoto C Alejandro Kirk OF Kyle Schwarber OF JJ Bleday OF George Springer P Jose Soriano P Cade Cavalli SS Elly De La Cruz,,,
505,5211266783,seth1374 (12/20),0,102.4,1B Abimelec Ortiz 2B Brandon Lowe 3B Brady House C Harry Ford OF Bryan Reynolds OF Daylen Lile OF Esmerlyn Valdez P Jose Soriano P Cade Cavalli SS CJ Abrams,,,
505,5211304344,Choker12 (2/4),0,102.4,1B Abimelec Ortiz 2B Brandon Lowe 3B Bo Bichette C Tyler Stephenson OF Bryan Reynolds OF Daylen Lile OF A.J. Ewing P Jose Soriano P Cade Cavalli SS CJ Abrams,,,
505,5211306532,T-UNIT84 (3/3),0,102.4,1B Kazuma Okamoto 2B Nick Gonzales 3B Bo Bichette C Harry Ford OF Bryan Reynolds OF Daylen Lile OF Jacob Young P Jose Soriano P Cade Cavalli SS CJ Abrams,,,
513,5210974251,swiftyjb (1/3),0,102.1,1B Abimelec Ortiz 2B Brandon Lowe 3B Bryson Stott C Luis Torrens OF Bryan Reynolds OF A.J. Ewing OF Carson Benge P Zack Wheeler P Jose Soriano SS Francisco Lindor,,,
513,5211059739,MaMu5,0,102.1,1B Jared Young 2B Brandon Lowe 3B Nick Gonzales C Rafael Flores Jr. OF A.J. Ewing OF Carson Benge OF Brett Baty P Zack Wheeler P Jose Soriano SS Francisco Lindor,,,
513,5211319196,BlackIice (3/4),0,102.1,1B Abimelec Ortiz 2B Nasim Nunez 3B Eugenio Suarez C Harry Ford OF Daylen Lile OF JJ Bleday OF Jake Mangum P Zack Wheeler P Jose Soriano SS Elly De La Cruz,,,
513,5211337892,jnwallen (10/20),0,102.1,1B Sal Stewart 2B Marcus Semien 3B Bo Bichette C Tyler Stephenson OF A.J. Ewing OF Carson Benge OF Hector Rodriguez P Zack Wheeler P Jose Soriano SS Elly De La Cruz,,,
513,5211355648,tangocash519,0,102.1,1B Spencer Horwitz 2B Nick Gonzales 3B Kazuma Okamoto C Harry Ford OF A.J. Ewing OF George Springer OF Jake Mangum P Zack Wheeler P Jose Soriano SS Francisco Lindor,,,
518,5211052792,Brutal-1 (6/7),0,101.95,1B Sal Stewart 2B Brandon Lowe 3B Josh Smith C Alejandro Kirk OF Kyle Schwarber OF JJ Bleday OF Jesus Sanchez P Jose Soriano P Zac Thornton SS Elly De La Cruz,,,
518,5211132268,respo22,0,101.95,1B Sal Stewart 2B Nasim Nunez 3B Eugenio Suarez C Tyler Stephenson OF Dylan Crews OF Daylen Lile OF Carson Benge P Jose Soriano P Zac Thornton SS Elly De La Cruz,,,
518,5211132300,Mrboozer (2/2),0,101.95,1B Sal Stewart 2B Brett Baty 3B Bo Bichette C Harry Ford OF Dylan Crews OF Daylen Lile OF A.J. Ewing P Jose Soriano P Zac Thornton SS CJ Abrams,,,
521,5210898371,chrisdouglass (1/2),0,101.9,1B Bryce Harper 2B Luis Arraez 3B Nick Gonzales C Luis Torrens OF A.J. Ewing OF Jacob Young OF Ronny Simon P Zack Wheeler P Cade Cavalli SS CJ Abrams,,,
521,5210898374,chrisdouglass (2/2),0,101.9,1B Bryce Harper 2B Luis Arraez 3B Nick Gonzales C Luis Torrens OF A.J. Ewing OF Jacob Young OF Ronny Simon P Zack Wheeler P Cade Cavalli SS CJ Abrams,,,
521,5210910194,jpm_joshua2002,0,101.9,1B Bryce Harper 2B Bryson Stott 3B Brady House C Tyler Stephenson OF Kyle Schwarber OF Daylen Lile OF Justin Crawford P Zack Wheeler P Cade Cavalli SS Nasim Nunez,,,
521,5210928119,whoisjohngalt420 (14/20),0,101.9,1B Alec Bohm 2B Marcus Semien 3B Bryson Stott C J.T. Realmuto OF Bryce Harper OF Bryan Reynolds OF Brandon Marsh P Zack Wheeler P Cade Cavalli SS Francisco Lindor,,,
521,5210959097,galan316,0,101.9,1B Jared Young 2B Nick Gonzales 3B Bo Bichette C Luis Torrens OF Kyle Schwarber OF Carson Benge OF Brandon Marsh P Zack Wheeler P Cade Cavalli SS Francisco Lindor,,,
521,5211001172,rambito (11/20),0,101.9,1B Abimelec Ortiz 2B Jorge Polanco 3B Brady House C Harry Ford OF Bryce Harper OF Daylen Lile OF Jake Mangum P Zack Wheeler P Cade Cavalli SS CJ Abrams,,,
521,5211174478,MJDLC (15/20),0,101.9,1B Abimelec Ortiz 2B Nasim Nunez 3B Bo Bichette C Harry Ford OF Daylen Lile OF Carson Benge OF Brett Baty P Zack Wheeler P Cade Cavalli SS CJ Abrams,,,
521,5211224588,Runninrebel02 (3/4),0,101.9,1B Abimelec Ortiz 2B Luis Arraez 3B Brady House C Luis Torrens OF Bryan Reynolds OF Daylen Lile OF Carson Benge P Zack Wheeler P Cade Cavalli SS CJ Abrams,,,
521,5211227956,rdelaney12 (3/4),0,101.9,1B Endy Rodriguez 2B Marcus Semien 3B Bryson Stott C Tyler Stephenson OF Bryce Harper OF JJ Bleday OF Carson Benge P Zack Wheeler P Cade Cavalli SS Francisco Lindor,,,
521,5211258009,jomar15 (1/2),0,101.9,1B Abimelec Ortiz 2B Nick Gonzales 3B Brady House C Harry Ford OF Bryan Reynolds OF Jake Mangum OF Matt McLain P Zack Wheeler P Cade Cavalli SS CJ Abrams,,,
521,5211270046,MatthewK85,0,101.9,1B Bryce Harper 2B Bryson Stott 3B Jared Triolo C Alejandro Kirk OF Kyle Schwarber OF Matt McLain OF Ronny Simon P Zack Wheeler P Cade Cavalli SS CJ Abrams,,,
521,5211290164,brown_007,0,101.9,1B Bryce Harper 2B Bryson Stott 3B Brady House C Tyler Stephenson OF Kyle Schwarber OF Daylen Lile OF Justin Crawford P Zack Wheeler P Cade Cavalli SS Nasim Nunez,,,
521,5211296807,joe_mac10,0,101.9,1B Bryce Harper 2B Bryson Stott 3B Brady House C Tyler Stephenson OF Kyle Schwarber OF Daylen Lile OF Justin Crawford P Zack Wheeler P Cade Cavalli SS Nasim Nunez,,,
521,5211321987,KristianFTM (2/20),0,101.9,1B Spencer Horwitz 2B Ronny Simon 3B Nick Gonzales C Harry Ford OF Esmerlyn Valdez OF Carson Benge OF Jake Mangum P Zack Wheeler P Cade Cavalli SS CJ Abrams,,,
521,5211327534,Milly14 (1/2),0,101.9,1B Jared Young 2B Marcus Semien 3B Nick Gonzales C Tyler Stephenson OF Bryan Reynolds OF A.J. Ewing OF Jacob Young P Zack Wheeler P Cade Cavalli SS CJ Abrams,,,
521,5211349432,KILLANADZ24 (3/10),0,101.9,1B Abimelec Ortiz 2B Luis Arraez 3B Bryson Stott C J.T. Realmuto OF Bryce Harper OF Daylen Lile OF Carson Benge P Zack Wheeler P Cade Cavalli SS Trea Turner,,,
537,5210874655,warrior1354 (2/2),0,101.75,1B Kazuma Okamoto 2B Brandon Lowe 3B Bo Bichette C J.T. Realmuto OF Bryce Harper OF Esmerlyn Valdez OF Carson Benge P Cade Cavalli P Zac Thornton SS Elly De La Cruz,,,
537,5210948974,ttillie (13/20),0,101.75,1B Abimelec Ortiz 2B Luis Arraez 3B Brady House C Alejandro Kirk OF Kyle Schwarber OF Bryce Harper OF Daylen Lile P Cade Cavalli P Zac Thornton SS CJ Abrams,,,
537,5211007011,GrandeCabeza,0,101.75,1B Jared Young 2B Luis Arraez 3B Bo Bichette C Harry Ford OF Bryce Harper OF JJ Bleday OF Carson Benge P Cade Cavalli P Zac Thornton SS CJ Abrams,,,
537,5211054918,gwayne43 (1/2),0,101.75,1B Sal Stewart 2B Luis Arraez 3B Kazuma Okamoto C J.T. Realmuto OF Bryce Harper OF Daylen Lile OF JJ Bleday P Cade Cavalli P Zac Thornton SS Elly De La Cruz,,,
537,5211083377,hbcards,0,101.75,1B Abimelec Ortiz 2B Luis Arraez 3B Bryson Stott C J.T. Realmuto OF Kyle Schwarber OF Bryce Harper OF Daylen Lile P Cade Cavalli P Zac Thornton SS CJ Abrams,,,
542,5210919689,Jagaloons,0,101.45,1B Sal Stewart 2B Bryson Stott 3B Bo Bichette C Luis Torrens OF Kyle Schwarber OF Carson Benge OF Matt McLain P Zack Wheeler P Zac Thornton SS Francisco Lindor,,,
542,5210967036,Caryg07 (16/20),0,101.45,1B Jared Young 2B Brett Baty 3B Bo Bichette C Tyler Stephenson OF Kyle Schwarber OF A.J. Ewing OF Carson Benge P Zack Wheeler P Zac Thornton SS Elly De La Cruz,,,
542,5211242074,ejrusso35,0,101.45,1B Alec Bohm 2B Brandon Lowe 3B Kazuma Okamoto C J.T. Realmuto OF A.J. Ewing OF George Springer OF Carson Benge P Zack Wheeler P Zac Thornton SS Francisco Lindor,,,
542,5211297508,fukkoff,0,101.45,1B Abimelec Ortiz 2B Luis Arraez 3B Brady House C Luis Torrens OF Bryce Harper OF Daylen Lile OF Carson Benge P Zack Wheeler P Zac Thornton SS CJ Abrams,,,
546,5211267243,WillyDStrawbarry (2/2),0,101.4,1B Sal Stewart 2B Marcus Semien 3B Bo Bichette C J.T. Realmuto OF Bryce Harper OF Daylen Lile OF Brett Baty P Jose Soriano P Cade Cavalli SS CJ Abrams,,,
547,5211169439,Erich00 (1/2),0,101.1,1B Jared Young 2B Matt McLain 3B Bo Bichette C Tyler Stephenson OF Bryce Harper OF Carson Benge OF Noelvi Marte P Zack Wheeler P Jose Soriano SS Elly De La Cruz,,,
547,5211176074,Erich00 (2/2),0,101.1,1B Jared Young 2B Matt McLain 3B Bo Bichette C Tyler Stephenson OF Bryce Harper OF Carson Benge OF Noelvi Marte P Zack Wheeler P Jose Soriano SS Elly De La Cruz,,,
547,5211191789,wittwerjoe (3/20),0,101.1,1B Abimelec Ortiz 2B Brandon Lowe 3B Eugenio Suarez C Rafael Flores Jr. OF Bryan Reynolds OF Daylen Lile OF Hector Rodriguez P Zack Wheeler P Jose Soriano SS Elly De La Cruz,,,
547,5211301276,sbdking12,0,101.1,1B Abimelec Ortiz 2B Brandon Lowe 3B Eugenio Suarez C Rafael Flores Jr. OF Bryan Reynolds OF Daylen Lile OF Hector Rodriguez P Zack Wheeler P Jose Soriano SS Elly De La Cruz,,,
547,5211314737,jhc1532 (2/3),0,101.1,1B Jared Young 2B Marcus Semien 3B Bo Bichette C Luis Torrens OF Daylen Lile OF JJ Bleday OF Esmerlyn Valdez P Zack Wheeler P Jose Soriano SS Elly De La Cruz,,,
552,5211052793,Brutal-1 (7/7),0,100.95,1B Sal Stewart 2B Brandon Lowe 3B Josh Smith C Alejandro Kirk OF Kyle Schwarber OF George Springer OF Nathan Lukes P Jose Soriano P Zac Thornton SS CJ Abrams,,,
552,5211193709,smithcj16 (17/20),0,100.95,1B Kazuma Okamoto 2B Ernie Clement 3B Josh Smith C Alejandro Kirk OF Dylan Crews OF Daylen Lile OF George Springer P Jose Soriano P Zac Thornton SS CJ Abrams,,,
552,5211229519,chensley72 (4/4),0,100.95,1B Bryce Harper 2B Nick Gonzales 3B Kazuma Okamoto C Luis Torrens OF Kyle Schwarber OF JJ Bleday OF Carson Benge P Jose Soriano P Zac Thornton SS Elly De La Cruz,,,
555,5210922108,Stree (12/20),0,100.9,1B Jared Young 2B Brandon Lowe 3B Jared Triolo C J.T. Realmuto OF Bryce Harper OF Esmerlyn Valdez OF Carson Benge P Zack Wheeler P Cade Cavalli SS Francisco Lindor,,,
555,5210967102,PeekThrillers,0,100.9,1B Abimelec Ortiz 2B Nick Gonzales 3B Alec Bohm C Rafael Flores Jr. OF Daylen Lile OF Esmerlyn Valdez OF Carson Benge P Zack Wheeler P Cade Cavalli SS CJ Abrams,,,
555,5210976380,TY54321 (4/5),0,100.9,1B Abimelec Ortiz 2B Nasim Nunez 3B Jared Triolo C Harry Ford OF Bryan Reynolds OF Daylen Lile OF Jake Mangum P Zack Wheeler P Cade Cavalli SS CJ Abrams,,,
555,5211018263,rsumrall (7/20),0,100.9,1B Jared Young 2B Brandon Lowe 3B Jared Triolo C Rafael Flores Jr. OF Bryan Reynolds OF Carson Benge OF Jake Mangum P Zack Wheeler P Cade Cavalli SS Francisco Lindor,,,
555,5211125493,snowman17.5,0,100.9,1B Jared Young 2B Marcus Semien 3B Bo Bichette C Luis Torrens OF Kyle Schwarber OF Bryan Reynolds OF Jake Mangum P Zack Wheeler P Cade Cavalli SS Francisco Lindor,,,
555,5211312003,Krawiec2 (1/5),0,100.9,1B Abimelec Ortiz 2B Luis Arraez 3B Brady House C J.T. Realmuto OF Daylen Lile OF A.J. Ewing OF Brandon Marsh P Zack Wheeler P Cade Cavalli SS CJ Abrams,,,
555,5211312004,Krawiec2 (2/5),0,100.9,1B Abimelec Ortiz 2B Luis Arraez 3B Brady House C J.T. Realmuto OF Daylen Lile OF A.J. Ewing OF Brandon Marsh P Zack Wheeler P Cade Cavalli SS CJ Abrams,,,
555,5211312005,Krawiec2 (3/5),0,100.9,1B Abimelec Ortiz 2B Luis Arraez 3B Brady House C J.T. Realmuto OF Daylen Lile OF A.J. Ewing OF Brandon Marsh P Zack Wheeler P Cade Cavalli SS CJ Abrams,,,
555,5211312006,Krawiec2 (4/5),0,100.9,1B Abimelec Ortiz 2B Luis Arraez 3B Brady House C J.T. Realmuto OF Daylen Lile OF A.J. Ewing OF Brandon Marsh P Zack Wheeler P Cade Cavalli SS CJ Abrams,,,
555,5211312007,Krawiec2 (5/5),0,100.9,1B Abimelec Ortiz 2B Luis Arraez 3B Brady House C J.T. Realmuto OF Daylen Lile OF A.J. Ewing OF Brandon Marsh P Zack Wheeler P Cade Cavalli SS CJ Abrams,,,
555,5211344502,fantasysuperstar (14/20),0,100.9,1B Abimelec Ortiz 2B Luis Arraez 3B Nick Gonzales C Harry Ford OF Dylan Crews OF Daylen Lile OF Ronny Simon P Zack Wheeler P Cade Cavalli SS CJ Abrams,,,
555,5211347756,hatdaddy (7/20),0,100.9,1B Bryce Harper 2B Ronny Simon 3B Brady House C Harry Ford OF Dylan Crews OF Brandon Marsh OF Justin Crawford P Zack Wheeler P Cade Cavalli SS CJ Abrams,,,
567,5210600546,ivymoose (20/20),0,100.75,1B Bryce Harper 2B Luis Arraez 3B Kazuma Okamoto C Alejandro Kirk OF George Springer OF Brandon Marsh OF Nathan Lukes P Cade Cavalli P Zac Thornton SS Andres Gimenez,,,
567,5210990427,the803goat (8/20),0,100.75,1B Bryce Harper 2B Luis Arraez 3B Eugenio Suarez C J.T. Realmuto OF Kyle Schwarber OF JJ Bleday OF Justin Crawford P Cade Cavalli P Zac Thornton SS CJ Abrams,,,
569,5210769901,stock2mail (7/20),0,100.45,1B Sal Stewart 2B Matt McLain 3B Jorge Polanco C Tyler Stephenson OF Kyle Schwarber OF A.J. Ewing OF Noelvi Marte P Zack Wheeler P Zac Thornton SS Elly De La Cruz,,,
569,5210997553,chrispy2005 (11/20),0,100.45,1B Sal Stewart 2B Matt McLain 3B Ke'Bryan Hayes C J.T. Realmuto OF Kyle Schwarber OF Noelvi Marte OF Justin Crawford P Zack Wheeler P Zac Thornton SS Elly De La Cruz,,,
569,5211081274,FoxyGrandpa252 (2/20),0,100.45,1B Sal Stewart 2B Jose Tena 3B Eugenio Suarez C Tyler Stephenson OF Kyle Schwarber OF Daylen Lile OF Hector Rodriguez P Zack Wheeler P Zac Thornton SS Elly De La Cruz,,,
569,5211336270,Burns1AThome,0,100.45,1B Jared Young 2B Marcus Semien 3B Jorge Polanco C Tyler Stephenson OF Bryce Harper OF Bryan Reynolds OF Carson Benge P Zack Wheeler P Zac Thornton SS Andres Gimenez,,,
569,5211342736,Philsfan79 (2/2),0,100.45,1B Jared Young 2B Brett Baty 3B Bryson Stott C J.T. Realmuto OF Kyle Schwarber OF Bryce Harper OF A.J. Ewing P Zack Wheeler P Zac Thornton SS Francisco Lindor,,,
574,5210961900,henry296 (14/20),0,100.4,1B Spencer Horwitz 2B Brandon Lowe 3B Josh Smith C Alejandro Kirk OF Bryan Reynolds OF Esmerlyn Valdez OF George Springer P Jose Soriano P Cade Cavalli SS CJ Abrams,,,
575,5211073087,kreller17 (4/20),0,100.1,1B Sal Stewart 2B Matt McLain 3B Eugenio Suarez C Rafael Flores Jr. OF Daylen Lile OF Noelvi Marte OF Hector Rodriguez P Zack Wheeler P Jose Soriano SS CJ Abrams,,,
575,5211156823,Dazillion44 (2/3),0,100.1,1B Jared Young 2B Marcus Semien 3B Nick Gonzales C Endy Rodriguez OF Bryce Harper OF Carson Benge OF Jacob Young P Zack Wheeler P Jose Soriano SS Francisco Lindor,,,
577,5210575833,Marterrieo52 (1/2),0,100.05,1B Bryce Harper 2B Marcus Semien 3B Bo Bichette C Francisco Alvarez OF Bryan Reynolds OF Dylan Crews OF Daylen Lile P Cade Cavalli P Carmen Mlodzinski SS Elly De La Cruz,,,
578,5211093042,lsulunatik (12/18),0,99.95,1B Abimelec Ortiz 2B Jorge Polanco 3B Bo Bichette C Harry Ford OF Kyle Schwarber OF A.J. Ewing OF Carson Benge P Jose Soriano P Zac Thornton SS CJ Abrams,,,
579,5210938757,jw1984 (7/15),0,99.9,1B Sal Stewart 2B Nasim Nunez 3B Bo Bichette C Luis Torrens OF Esmerlyn Valdez OF A.J. Ewing OF Carson Benge P Zack Wheeler P Cade Cavalli SS Francisco Lindor,,,
579,5210996675,LTskelter (1/20),0,99.9,1B Abimelec Ortiz 2B Jose Tena 3B Brady House C Harry Ford OF Bryan Reynolds OF A.J. Ewing OF Jake Mangum P Zack Wheeler P Cade Cavalli SS CJ Abrams,,,
579,5210996694,LTskelter (13/20),0,99.9,1B Abimelec Ortiz 2B Luis Arraez 3B Alec Bohm C Harry Ford OF Bryce Harper OF Daylen Lile OF Brandon Marsh P Zack Wheeler P Cade Cavalli SS Trea Turner,,,
579,5211001166,rambito (5/20),0,99.9,1B Abimelec Ortiz 2B Jorge Polanco 3B Brady House C J.T. Realmuto OF Kyle Schwarber OF Daylen Lile OF A.J. Ewing P Zack Wheeler P Cade Cavalli SS CJ Abrams,,,
579,5211001169,rambito (8/20),0,99.9,1B Abimelec Ortiz 2B Jorge Polanco 3B Brady House C Harry Ford OF Bryce Harper OF Daylen Lile OF Esmerlyn Valdez P Zack Wheeler P Cade Cavalli SS CJ Abrams,,,
579,5211025109,Jchyk12,0,99.9,1B Alec Bohm 2B Luis Arraez 3B Bo Bichette C Luis Torrens OF Bryce Harper OF A.J. Ewing OF Carson Benge P Zack Wheeler P Cade Cavalli SS Trea Turner,,,
579,5211073097,kreller17 (14/20),0,99.9,1B Jared Young 2B Marcus Semien 3B Jorge Polanco C Harry Ford OF Dylan Crews OF A.J. Ewing OF Jacob Young P Zack Wheeler P Cade Cavalli SS CJ Abrams,,,
579,5211081134,UniversalFriend (12/20),0,99.9,1B Abimelec Ortiz 2B Luis Arraez 3B Nick Gonzales C J.T. Realmuto OF Kyle Schwarber OF Daylen Lile OF Justin Crawford P Zack Wheeler P Cade Cavalli SS Trea Turner,,,
579,5211081141,UniversalFriend (19/20),0,99.9,1B Bryce Harper 2B Luis Arraez 3B Alec Bohm C Luis Torrens OF Esmerlyn Valdez OF A.J. Ewing OF Justin Crawford P Zack Wheeler P Cade Cavalli SS Trea Turner,,,
579,5211112422,DeeMac74 (5/5),0,99.9,1B Abimelec Ortiz 2B Jose Tena 3B Jorge Polanco C Tyler Stephenson OF Kyle Schwarber OF Bryce Harper OF Daylen Lile P Zack Wheeler P Cade Cavalli SS Elly De La Cruz,,,
579,5211153461,Satch65 (8/20),0,99.9,1B Bryce Harper 2B Brandon Lowe 3B Brady House C J.T. Realmuto OF Jake Mangum OF Brandon Marsh OF Justin Crawford P Zack Wheeler P Cade Cavalli SS Francisco Lindor,,,
579,5211171264,hoppinball26 (1/7),0,99.9,1B Abimelec Ortiz 2B Luis Arraez 3B Alec Bohm C Harry Ford OF Dylan Crews OF Daylen Lile OF Brandon Marsh P Zack Wheeler P Cade Cavalli SS Francisco Lindor,,,
579,5211190980,devastato,0,99.9,1B Spencer Horwitz 2B Brandon Lowe 3B Bo Bichette C Harry Ford OF Esmerlyn Valdez OF Carson Benge OF Hector Rodriguez P Zack Wheeler P Cade Cavalli SS Francisco Lindor,,,
579,5211229134,TraitorJoes413,0,99.9,1B Abimelec Ortiz 2B Nasim Nunez 3B Bryson Stott C J.T. Realmuto OF Bryce Harper OF Daylen Lile OF Justin Crawford P Zack Wheeler P Cade Cavalli SS CJ Abrams,,,
579,5211233561,sportsfan14 (1/20),0,99.9,1B Abimelec Ortiz 2B Luis Arraez 3B Alec Bohm C Harry Ford OF Bryce Harper OF Daylen Lile OF Brandon Marsh P Zack Wheeler P Cade Cavalli SS Trea Turner,,,
579,5211233580,sportsfan14 (20/20),0,99.9,1B Alec Bohm 2B Luis Arraez 3B Bryson Stott C J.T. Realmuto OF Bryce Harper OF A.J. Ewing OF Jake Mangum P Zack Wheeler P Cade Cavalli SS Francisco Lindor,,,
579,5211244234,cachedinar (16/20),0,99.9,1B Abimelec Ortiz 2B Ronny Simon 3B Bryson Stott C J.T. Realmuto OF Kyle Schwarber OF Bryce Harper OF Daylen Lile P Zack Wheeler P Cade Cavalli SS Trea Turner,,,
579,5211264012,gryantharris3,0,99.9,1B Rafael Flores Jr. 2B Matt McLain 3B Brady House C Tyler Stephenson OF Bryce Harper OF Carson Benge OF Jake Mangum P Zack Wheeler P Cade Cavalli SS CJ Abrams,,,
579,5211294950,Mige1 (1/20),0,99.9,1B Abimelec Ortiz 2B Jose Tena 3B Brady House C Harry Ford OF Bryan Reynolds OF A.J. Ewing OF Jake Mangum P Zack Wheeler P Cade Cavalli SS CJ Abrams,,,
579,5211327677,creel.patrick (2/4),0,99.9,1B Abimelec Ortiz 2B Brandon Lowe 3B Bo Bichette C Harry Ford OF Daylen Lile OF Jacob Young OF Ronny Simon P Zack Wheeler P Cade Cavalli SS CJ Abrams,,,
599,5210559712,nflritter,0,99.75,1B Bryce Harper 2B Matt McLain 3B Eugenio Suarez C Rafael Flores Jr. OF Kyle Schwarber OF Jake Mangum OF Justin Crawford P Zack Wheeler P Carmen Mlodzinski SS Elly De La Cruz,,,
599,5210619184,melvincali (2/20),0,99.75,1B Bryce Harper 2B Luis Arraez 3B Bryson Stott C Alejandro Kirk OF George Springer OF Nathan Lukes OF Jesus Sanchez P Cade Cavalli P Zac Thornton SS Trea Turner,,,
599,5211073089,kreller17 (6/20),0,99.75,1B Bryce Harper 2B Luis Arraez 3B Kazuma Okamoto C Alejandro Kirk OF Kyle Schwarber OF George Springer OF Jesus Sanchez P Cade Cavalli P Zac Thornton SS Francisco Lindor,,,
599,5211272961,jasonwithaj (3/10),0,99.75,1B Bryce Harper 2B Jose Tena 3B Alec Bohm C Harry Ford OF Dylan Crews OF A.J. Ewing OF Jacob Young P Cade Cavalli P Zac Thornton SS Nasim Nunez,,,
599,5211344503,fantasysuperstar (15/20),0,99.75,1B Kazuma Okamoto 2B Brett Baty 3B Ernie Clement C Alejandro Kirk OF Daylen Lile OF George Springer OF Nathan Lukes P Cade Cavalli P Zac Thornton SS CJ Abrams,,,
604,5210942291,REDNECKDUCK,0,99.45,1B Bryce Harper 2B Luis Arraez 3B Bryson Stott C Tyler Stephenson OF Daylen Lile OF Jake Mangum OF Brandon Marsh P Zack Wheeler P Zac Thornton SS Francisco Lindor,,,
604,5210967022,Caryg07 (2/20),0,99.45,1B Sal Stewart 2B Luis Arraez 3B Eugenio Suarez C Tyler Stephenson OF Bryce Harper OF A.J. Ewing OF Hector Rodriguez P Zack Wheeler P Zac Thornton SS Elly De La Cruz,,,
604,5210996685,LTskelter (4/20),0,99.45,1B Sal Stewart 2B Luis Arraez 3B Eugenio Suarez C Tyler Stephenson OF Bryce Harper OF A.J. Ewing OF Hector Rodriguez P Zack Wheeler P Zac Thornton SS Elly De La Cruz,,,
604,5211070391,habcommander,0,99.45,1B Jared Young 2B Bryson Stott 3B Bo Bichette C Luis Torrens OF Kyle Schwarber OF Bryce Harper OF Carson Benge P Zack Wheeler P Zac Thornton SS Francisco Lindor,,,
604,5211294951,Mige1 (2/20),0,99.45,1B Sal Stewart 2B Luis Arraez 3B Eugenio Suarez C Tyler Stephenson OF Bryce Harper OF A.J. Ewing OF Hector Rodriguez P Zack Wheeler P Zac Thornton SS Elly De La Cruz,,,
609,5210879993,wallstruss (2/17),0,99.4,1B Jared Young 2B Brandon Lowe 3B Bo Bichette C Luis Torrens OF Bryan Reynolds OF Carson Benge OF Jake Mangum P Jose Soriano P Cade Cavalli SS Francisco Lindor,,,
609,5211243500,mister_eddie6 (1/3),0,99.4,1B Abimelec Ortiz 2B Nasim Nunez 3B Bo Bichette C Luis Torrens OF Daylen Lile OF A.J. Ewing OF Jacob Young P Jose Soriano P Cade Cavalli SS CJ Abrams,,,
609,5211315462,starplay (2/2),0,99.4,1B Kazuma Okamoto 2B Brandon Lowe 3B Brady House C Harry Ford OF Esmerlyn Valdez OF A.J. Ewing OF George Springer P Jose Soriano P Cade Cavalli SS CJ Abrams,,,
612,5210838323,jlegrand22 (5/20),0,99.1,1B Sal Stewart 2B Jorge Polanco 3B Eugenio Suarez C Harry Ford OF Daylen Lile OF JJ Bleday OF Hector Rodriguez P Zack Wheeler P Jose Soriano SS Elly De La Cruz,,,
612,5210943261,El_Guepardo,0,99.1,1B Abimelec Ortiz 2B Nick Gonzales 3B Bo Bichette C Harry Ford OF Esmerlyn Valdez OF A.J. Ewing OF Hector Rodriguez P Zack Wheeler P Jose Soriano SS Elly De La Cruz,,,
612,5210951859,jmack0624 (2/2),0,99.1,1B Sal Stewart 2B Marcus Semien 3B Bo Bichette C Tyler Stephenson OF JJ Bleday OF A.J. Ewing OF Matt McLain P Zack Wheeler P Jose Soriano SS Francisco Lindor,,,
612,5210961899,henry296 (13/20),0,99.1,1B Abimelec Ortiz 2B Matt McLain 3B Eugenio Suarez C Tyler Stephenson OF Dylan Crews OF Daylen Lile OF JJ Bleday P Zack Wheeler P Jose Soriano SS Elly De La Cruz,,,
612,5211272917,JRaab,0,99.1,1B Sal Stewart 2B Jorge Polanco 3B Eugenio Suarez C Harry Ford OF Daylen Lile OF JJ Bleday OF Hector Rodriguez P Zack Wheeler P Jose Soriano SS Elly De La Cruz,,,
612,5211280946,pat_the_hat2 (15/20),0,99.1,1B Spencer Horwitz 2B Nick Gonzales 3B Jared Triolo C Luis Torrens OF Bryan Reynolds OF A.J. Ewing OF Jake Mangum P Zack Wheeler P Jose Soriano SS Francisco Lindor,,,
618,5211297209,cabbietee,0,99.05,1B Spencer Horwitz 2B Marcus Semien 3B Nick Gonzales C Harry Ford OF Bryan Reynolds OF JJ Bleday OF A.J. Ewing P Cade Cavalli P Carmen Mlodzinski SS Trea Turner,,,
618,5211344459,kylehaeussler,0,99.05,1B Spencer Horwitz 2B Brandon Lowe 3B Nick Gonzales C Rafael Flores Jr. OF Bryan Reynolds OF Daylen Lile OF A.J. Ewing P Cade Cavalli P Carmen Mlodzinski SS CJ Abrams,,,
620,5210961895,henry296 (9/20),0,98.95,1B Kazuma Okamoto 2B Matt McLain 3B Ernie Clement C Alejandro Kirk OF Kyle Schwarber OF George Springer OF Nathan Lukes P Jose Soriano P Zac Thornton SS Elly De La Cruz,,,
621,5210897432,wwestry (2/2),0,98.9,1B Abimelec Ortiz 2B Jose Tena 3B Brady House C Tyler Stephenson OF Kyle Schwarber OF Daylen Lile OF Jake Mangum P Zack Wheeler P Cade Cavalli SS Elly De La Cruz,,,
621,5211001175,rambito (14/20),0,98.9,1B Abimelec Ortiz 2B Jorge Polanco 3B Bo Bichette C J.T. Realmuto OF Kyle Schwarber OF Bryce Harper OF Daylen Lile P Zack Wheeler P Cade Cavalli SS Francisco Lindor,,,
621,5211018257,rsumrall (1/20),0,98.9,1B Bryce Harper 2B Luis Arraez 3B Bryson Stott C J.T. Realmuto OF Carson Benge OF Jake Mangum OF Brandon Marsh P Zack Wheeler P Cade Cavalli SS Francisco Lindor,,,
621,5211080161,pthorpe25 (3/5),0,98.9,1B Jared Young 2B Nasim Nunez 3B Jorge Polanco C Harry Ford OF Dylan Crews OF Daylen Lile OF Carson Benge P Zack Wheeler P Cade Cavalli SS CJ Abrams,,,
621,5211081277,FoxyGrandpa252 (5/20),0,98.9,1B Abimelec Ortiz 2B Nasim Nunez 3B Brady House C J.T. Realmuto OF Bryce Harper OF Daylen Lile OF Justin Crawford P Zack Wheeler P Cade Cavalli SS CJ Abrams,,,
621,5211153456,Satch65 (3/20),0,98.9,1B Bryce Harper 2B Ronny Simon 3B Bryson Stott C Rafael Flores Jr. OF Kyle Schwarber OF Bryan Reynolds OF Justin Crawford P Zack Wheeler P Cade Cavalli SS Trea Turner,,,
621,5211174473,MJDLC (10/20),0,98.9,1B Bryce Harper 2B Brandon Lowe 3B Brady House C Harry Ford OF Bryan Reynolds OF Esmerlyn Valdez OF Ronny Simon P Zack Wheeler P Cade Cavalli SS Jared Triolo,,,
621,5211183430,knixon4201,0,98.9,1B Jared Young 2B Bryson Stott 3B Nick Gonzales C Luis Torrens OF Bryce Harper OF Carson Benge OF Jake Mangum P Zack Wheeler P Cade Cavalli SS CJ Abrams,,,
621,5211213879,esmith911 (1/5),0,98.9,1B Sal Stewart 2B Luis Arraez 3B Bryson Stott C Luis Torrens OF JJ Bleday OF Carson Benge OF Justin Crawford P Zack Wheeler P Cade Cavalli SS Elly De La Cruz,,,
621,5211231855,JakeV2001 (2/3),0,98.9,1B Abimelec Ortiz 2B Jorge Polanco 3B Eugenio Suarez C Tyler Stephenson OF Kyle Schwarber OF Daylen Lile OF JJ Bleday P Zack Wheeler P Cade Cavalli SS Elly De La Cruz,,,
621,5211231857,JakeV2001 (3/3),0,98.9,1B Abimelec Ortiz 2B Jorge Polanco 3B Eugenio Suarez C Tyler Stephenson OF Kyle Schwarber OF Daylen Lile OF JJ Bleday P Zack Wheeler P Cade Cavalli SS Elly De La Cruz,,,
621,5211266776,seth1374 (5/20),0,98.9,1B Jared Young 2B Jorge Polanco 3B Bo Bichette C Harry Ford OF Dylan Crews OF A.J. Ewing OF Carson Benge P Zack Wheeler P Cade Cavalli SS CJ Abrams,,,
621,5211266777,seth1374 (6/20),0,98.9,1B Jared Young 2B Jorge Polanco 3B Bo Bichette C J.T. Realmuto OF Kyle Schwarber OF Bryce Harper OF A.J. Ewing P Zack Wheeler P Cade Cavalli SS Francisco Lindor,,,
621,5211278570,lurchrules18,0,98.9,1B Alec Bohm 2B Bryson Stott 3B Brady House C Harry Ford OF Bryce Harper OF Carson Benge OF Brandon Marsh P Zack Wheeler P Cade Cavalli SS Trea Turner,,,
621,5211282533,Babyralo,0,98.9,1B Abimelec Ortiz 2B Nick Gonzales 3B Bo Bichette C Tyler Stephenson OF Bryce Harper OF Dylan Crews OF Daylen Lile P Zack Wheeler P Cade Cavalli SS Francisco Lindor,,,
621,5211331948,Rep_King,0,98.9,1B Abimelec Ortiz 2B Bryson Stott 3B Brady House C J.T. Realmuto OF Dylan Crews OF Daylen Lile OF A.J. Ewing P Zack Wheeler P Cade Cavalli SS CJ Abrams,,,
621,5211337888,jnwallen (6/20),0,98.9,1B Jared Young 2B Brandon Lowe 3B Bo Bichette C Luis Torrens OF Esmerlyn Valdez OF A.J. Ewing OF Jake Mangum P Zack Wheeler P Cade Cavalli SS Francisco Lindor,,,
621,5211339440,Steven_1974 (14/20),0,98.9,1B Bryce Harper 2B Ronny Simon 3B Bryson Stott C Rafael Flores Jr. OF Kyle Schwarber OF Bryan Reynolds OF Justin Crawford P Zack Wheeler P Cade Cavalli SS Trea Turner,,,
639,5210600544,ivymoose (18/20),0,98.75,1B Bryce Harper 2B Bryson Stott 3B Kazuma Okamoto C Alejandro Kirk OF Kyle Schwarber OF George Springer OF Justin Crawford P Cade Cavalli P Zac Thornton SS Trea Turner,,,
639,5210822197,Abc1289 (18/20),0,98.75,1B Abimelec Ortiz 2B Luis Arraez 3B Bryson Stott C J.T. Realmuto OF Kyle Schwarber OF Bryce Harper OF A.J. Ewing P Cade Cavalli P Zac Thornton SS CJ Abrams,,,
639,5211009171,SMITTOFF11 (2/5),0,98.75,1B Abimelec Ortiz 2B Luis Arraez 3B Nick Gonzales C Tyler Stephenson OF Kyle Schwarber OF Bryan Reynolds OF Daylen Lile P Cade Cavalli P Zac Thornton SS CJ Abrams,,,
639,5211073095,kreller17 (12/20),0,98.75,1B Bryce Harper 2B Bryson Stott 3B Kazuma Okamoto C Alejandro Kirk OF George Springer OF Nathan Lukes OF Jesus Sanchez P Cade Cavalli P Zac Thornton SS CJ Abrams,,,
639,5211321994,KristianFTM (9/20),0,98.75,1B Bryce Harper 2B Luis Arraez 3B Bryson Stott C Alejandro Kirk OF Kyle Schwarber OF George Springer OF Nathan Lukes P Cade Cavalli P Zac Thornton SS CJ Abrams,,,
644,5210906244,hitmen20002002,0,98.45,1B Sal Stewart 2B Jose Tena 3B Brady House C Tyler Stephenson OF Daylen Lile OF JJ Bleday OF Carson Benge P Zack Wheeler P Zac Thornton SS Elly De La Cruz,,,
644,5210984408,73pd2x (20/20),0,98.45,1B Jared Young 2B Brett Baty 3B Brady House C Luis Torrens OF Kyle Schwarber OF Bryce Harper OF Carson Benge P Zack Wheeler P Zac Thornton SS Francisco Lindor,,,
644,5211198512,reuter,0,98.45,1B Sal Stewart 2B Bryson Stott 3B Kazuma Okamoto C Luis Torrens OF JJ Bleday OF A.J. Ewing OF Carson Benge P Zack Wheeler P Zac Thornton SS Elly De La Cruz,,,
644,5211208605,mcstuffins (3/3),0,98.45,1B Kazuma Okamoto 2B Luis Arraez 3B Bo Bichette C Tyler Stephenson OF Bryce Harper OF A.J. Ewing OF Carson Benge P Zack Wheeler P Zac Thornton SS Francisco Lindor,,,
644,5211217969,tbark13,0,98.45,1B Spencer Horwitz 2B Nasim Nunez 3B Bryson Stott C Harry Ford OF Daylen Lile OF JJ Bleday OF Esmerlyn Valdez P Zack Wheeler P Zac Thornton SS Francisco Lindor,,,
644,5211233562,sportsfan14 (2/20),0,98.45,1B Sal Stewart 2B Marcus Semien 3B Eugenio Suarez C Tyler Stephenson OF JJ Bleday OF Carson Benge OF Hector Rodriguez P Zack Wheeler P Zac Thornton SS Francisco Lindor,,,
644,5211280936,pat_the_hat2 (5/20),0,98.45,1B Bryce Harper 2B Luis Arraez 3B Jorge Polanco C Luis Torrens OF Kyle Schwarber OF A.J. Ewing OF Brandon Marsh P Zack Wheeler P Zac Thornton SS Francisco Lindor,,,
644,5211294959,Mige1 (10/20),0,98.45,1B Jared Young 2B Marcus Semien 3B Bo Bichette C Tyler Stephenson OF JJ Bleday OF A.J. Ewing OF Carson Benge P Zack Wheeler P Zac Thornton SS CJ Abrams,,,
644,5211318854,cubaum_5 (1/3),0,98.45,1B Bryce Harper 2B Bryson Stott 3B Alec Bohm C J.T. Realmuto OF Daylen Lile OF JJ Bleday OF Brandon Marsh P Zack Wheeler P Zac Thornton SS Francisco Lindor,,,
644,5211339431,Steven_1974 (5/20),0,98.45,1B Jared Young 2B Luis Arraez 3B Bo Bichette C Tyler Stephenson OF Kyle Schwarber OF A.J. Ewing OF Carson Benge P Zack Wheeler P Zac Thornton SS Francisco Lindor,,,
644,5211339437,Steven_1974 (11/20),0,98.45,1B Sal Stewart 2B Bryson Stott 3B Eugenio Suarez C Tyler Stephenson OF Kyle Schwarber OF A.J. Ewing OF Hector Rodriguez P Zack Wheeler P Zac Thornton SS Elly De La Cruz,,,
655,5211188424,belowzir0,0,98.4,1B Kazuma Okamoto 2B Ernie Clement 3B Eugenio Suarez C Alejandro Kirk OF Bryan Reynolds OF Daylen Lile OF George Springer P Jose Soriano P Cade Cavalli SS CJ Abrams,,,
655,5211261479,IAMFARKD,0,98.4,1B Sal Stewart 2B Luis Arraez 3B Kazuma Okamoto C Harry Ford OF Esmerlyn Valdez OF A.J. Ewing OF Carson Benge P Jose Soriano P Cade Cavalli SS CJ Abrams,,,
655,5211280310,MALIKBDG,0,98.4,1B Jared Young 2B Bryson Stott 3B Bo Bichette C Luis Torrens OF Kyle Schwarber OF Bryce Harper OF Bryan Reynolds P Jose Soriano P Cade Cavalli SS Elly De La Cruz,,,
658,5210764846,Sammy.Boy (6/20),0,98.1,1B Jared Young 2B Brandon Lowe 3B Bo Bichette C Rafael Flores Jr. OF A.J. Ewing OF Carson Benge OF Jake Mangum P Zack Wheeler P Jose Soriano SS Francisco Lindor,,,
658,5210838324,jlegrand22 (6/20),0,98.1,1B Sal Stewart 2B Nick Gonzales 3B Eugenio Suarez C Rafael Flores Jr. OF Daylen Lile OF JJ Bleday OF Hector Rodriguez P Zack Wheeler P Jose Soriano SS Elly De La Cruz,,,
658,5210838333,jlegrand22 (15/20),0,98.1,1B Sal Stewart 2B Ronny Simon 3B Eugenio Suarez C Rafael Flores Jr. OF Daylen Lile OF JJ Bleday OF Hector Rodriguez P Zack Wheeler P Jose Soriano SS Elly De La Cruz,,,
658,5211093761,jgerrard2,0,98.1,1B Bryce Harper 2B Luis Arraez 3B Nick Gonzales C Tyler Stephenson OF JJ Bleday OF A.J. Ewing OF Carson Benge P Zack Wheeler P Jose Soriano SS Andres Gimenez,,,
658,5211200773,chico0101 (1/2),0,98.1,1B Sal Stewart 2B Nick Gonzales 3B Eugenio Suarez C Rafael Flores Jr. OF Daylen Lile OF JJ Bleday OF Hector Rodriguez P Zack Wheeler P Jose Soriano SS Elly De La Cruz,,,
658,5211350965,produceman09 (7/9),0,98.1,1B Jared Young 2B Brandon Lowe 3B Bo Bichette C Rafael Flores Jr. OF A.J. Ewing OF Carson Benge OF Jake Mangum P Zack Wheeler P Jose Soriano SS Francisco Lindor,,,
664,5210819785,Wizan,0,97.9,1B Abimelec Ortiz 2B Luis Arraez 3B Bo Bichette C Luis Torrens OF Bryce Harper OF Carson Benge OF Matt McLain P Zack Wheeler P Cade Cavalli SS CJ Abrams,,,
664,5210833484,Aoteoroa (1/7),0,97.9,1B Spencer Horwitz 2B Marcus Semien 3B Bo Bichette C Harry Ford OF Dylan Crews OF Carson Benge OF Brandon Marsh P Zack Wheeler P Cade Cavalli SS Trea Turner,,,
664,5210833500,Aoteoroa (2/7),0,97.9,1B Spencer Horwitz 2B Marcus Semien 3B Bo Bichette C Harry Ford OF Dylan Crews OF Carson Benge OF Brandon Marsh P Zack Wheeler P Cade Cavalli SS Trea Turner,,,
664,5210839144,Aoteoroa (3/7),0,97.9,1B Spencer Horwitz 2B Marcus Semien 3B Bo Bichette C Harry Ford OF Dylan Crews OF Carson Benge OF Brandon Marsh P Zack Wheeler P Cade Cavalli SS Trea Turner,,,
664,5210850727,tbjones2121 (7/20),0,97.9,1B Jared Young 2B Luis Arraez 3B Bo Bichette C Luis Torrens OF Kyle Schwarber OF A.J. Ewing OF Carson Benge P Zack Wheeler P Cade Cavalli SS Trea Turner,,,
664,5210857521,surfrider72 (16/20),0,97.9,1B Bryce Harper 2B Marcus Semien 3B Alec Bohm C Rafael Flores Jr. OF Kyle Schwarber OF Brandon Marsh OF Nathan Lukes P Zack Wheeler P Cade Cavalli SS Trea Turner,,,
664,5210867631,zacrudisail7,0,97.9,1B Jared Young 2B Luis Arraez 3B Bryson Stott C Luis Torrens OF Carson Benge OF Justin Crawford OF Jesus Sanchez P Zack Wheeler P Cade Cavalli SS CJ Abrams,,,
664,5210875182,madgreek895,0,97.9,1B Jared Young 2B Nick Gonzales 3B Alec Bohm C Harry Ford OF Bryan Reynolds OF Dylan Crews OF A.J. Ewing P Zack Wheeler P Cade Cavalli SS Trea Turner,,,
664,5210891139,Heaven2010 (1/5),0,97.9,1B Jared Young 2B Luis Arraez 3B Bryson Stott C Luis Torrens OF Kyle Schwarber OF Bryce Harper OF Ronny Simon P Zack Wheeler P Cade Cavalli SS Elly De La Cruz,,,
664,5210891145,Heaven2010 (2/5),0,97.9,1B Jared Young 2B Luis Arraez 3B Bryson Stott C Luis Torrens OF Kyle Schwarber OF Bryce Harper OF Ronny Simon P Zack Wheeler P Cade Cavalli SS Elly De La Cruz,,,
664,5210891165,Heaven2010 (3/5),0,97.9,1B Jared Young 2B Luis Arraez 3B Bryson Stott C Luis Torrens OF Kyle Schwarber OF Bryce Harper OF Ronny Simon P Zack Wheeler P Cade Cavalli SS Elly De La Cruz,,,
664,5210898720,Heaven2010 (4/5),0,97.9,1B Jared Young 2B Luis Arraez 3B Bryson Stott C Luis Torrens OF Kyle Schwarber OF Bryce Harper OF Ronny Simon P Zack Wheeler P Cade Cavalli SS Elly De La Cruz,,,
664,5210898736,Heaven2010 (5/5),0,97.9,1B Jared Young 2B Luis Arraez 3B Bryson Stott C Luis Torrens OF Kyle Schwarber OF Bryce Harper OF Ronny Simon P Zack Wheeler P Cade Cavalli SS Elly De La Cruz,,,
664,5210902550,j-wolf05 (18/20),0,97.9,1B Abimelec Ortiz 2B Nasim Nunez 3B Bo Bichette C Luis Torrens OF Daylen Lile OF A.J. Ewing OF Jacob Young P Zack Wheeler P Cade Cavalli SS CJ Abrams,,,
664,5210928858,JBH3,0,97.9,1B Abimelec Ortiz 2B Luis Arraez 3B Jorge Polanco C J.T. Realmuto OF Kyle Schwarber OF Bryce Harper OF Daylen Lile P Zack Wheeler P Cade Cavalli SS Francisco Lindor,,,
664,5211095022,SpeedRacer101 (13/20),0,97.9,1B Alec Bohm 2B Nasim Nunez 3B Bryson Stott C J.T. Realmuto OF Bryce Harper OF A.J. Ewing OF Brandon Marsh P Zack Wheeler P Cade Cavalli SS Francisco Lindor,,,
664,5211153459,Satch65 (6/20),0,97.9,1B Abimelec Ortiz 2B Nick Gonzales 3B Bryson Stott C Rafael Flores Jr. OF Kyle Schwarber OF Esmerlyn Valdez OF Carson Benge P Zack Wheeler P Cade Cavalli SS Francisco Lindor,,,
664,5211211241,darrylposton (18/20),0,97.9,1B Spencer Horwitz 2B Brandon Lowe 3B Jared Triolo C Harry Ford OF Daylen Lile OF Esmerlyn Valdez OF Jake Mangum P Zack Wheeler P Cade Cavalli SS Nasim Nunez,,,
664,5211219110,TrappistMonk,0,97.9,1B Abimelec Ortiz 2B Luis Arraez 3B Alec Bohm C J.T. Realmuto OF Daylen Lile OF A.J. Ewing OF Brandon Marsh P Zack Wheeler P Cade Cavalli SS CJ Abrams,,,
664,5211225615,matthewwalsh (12/20),0,97.9,1B Jared Young 2B Brandon Lowe 3B Bo Bichette C Luis Torrens OF Bryan Reynolds OF Carson Benge OF Jake Mangum P Zack Wheeler P Cade Cavalli SS Francisco Lindor,,,
664,5211230322,kozy6813 (3/20),0,97.9,1B Bryce Harper 2B Ronny Simon 3B Jared Triolo C Harry Ford OF Kyle Schwarber OF Esmerlyn Valdez OF Brandon Marsh P Zack Wheeler P Cade Cavalli SS Trea Turner,,,
664,5211233591,river10 (4/6),0,97.9,1B Abimelec Ortiz 2B Nick Gonzales 3B Jared Triolo C Rafael Flores Jr. OF Bryce Harper OF Bryan Reynolds OF Esmerlyn Valdez P Zack Wheeler P Cade Cavalli SS Elly De La Cruz,,,
664,5211258730,louiswat (2/5),0,97.9,1B Spencer Horwitz 2B Brandon Lowe 3B Kazuma Okamoto C Luis Torrens OF Esmerlyn Valdez OF A.J. Ewing OF George Springer P Zack Wheeler P Cade Cavalli SS Francisco Lindor,,,
664,5211266345,WillyDStrawbarry (1/2),0,97.9,1B Endy Rodriguez 2B Bryson Stott 3B Alec Bohm C Francisco Alvarez OF Bryce Harper OF Daylen Lile OF A.J. Ewing P Zack Wheeler P Cade Cavalli SS Nasim Nunez,,,
664,5211268393,mrclean913 (19/20),0,97.9,1B Jared Young 2B Jose Tena 3B Alec Bohm C Harry Ford OF Kyle Schwarber OF Bryce Harper OF Justin Crawford P Zack Wheeler P Cade Cavalli SS Trea Turner,,,
664,5211271598,studd2,0,97.9,1B Abimelec Ortiz 2B Nick Gonzales 3B Alec Bohm C Rafael Flores Jr. OF Kyle Schwarber OF Dylan Crews OF Daylen Lile P Zack Wheeler P Cade Cavalli SS Francisco Lindor,,,
664,5211297376,SteelCurtain1234567 (2/2),0,97.9,1B Bryce Harper 2B Luis Arraez 3B Alec Bohm C Luis Torrens OF Esmerlyn Valdez OF Brandon Marsh OF Justin Crawford P Zack Wheeler P Cade Cavalli SS Elly De La Cruz,,,
664,5211304110,tkmo21,0,97.9,1B Alec Bohm 2B Luis Arraez 3B Bo Bichette C Tyler Stephenson OF A.J. Ewing OF Carson Benge OF Jacob Young P Zack Wheeler P Cade Cavalli SS Elly De La Cruz,,,
664,5211317466,shawncass77,0,97.9,1B Abimelec Ortiz 2B Luis Arraez 3B Bo Bichette C Rafael Flores Jr. OF Kyle Schwarber OF Daylen Lile OF Hector Rodriguez P Zack Wheeler P Cade Cavalli SS Elly De La Cruz,,,
664,5211339430,Steven_1974 (4/20),0,97.9,1B Abimelec Ortiz 2B Jose Tena 3B Brady House C Harry Ford OF Bryan Reynolds OF Esmerlyn Valdez OF A.J. Ewing P Zack Wheeler P Cade Cavalli SS CJ Abrams,,,
694,5210503636,Cfw828,0,97.75,1B Abimelec Ortiz 2B Brett Baty 3B Bo Bichette C Luis Torrens OF Kyle Schwarber OF Daylen Lile OF Brandon Marsh P Cade Cavalli P Zac Thornton SS CJ Abrams,,,
694,5210600529,ivymoose (3/20),0,97.75,1B Bryce Harper 2B Bryson Stott 3B Kazuma Okamoto C Alejandro Kirk OF George Springer OF Nathan Lukes OF Jesus Sanchez P Cade Cavalli P Zac Thornton SS Trea Turner,,,
694,5210600531,ivymoose (5/20),0,97.75,1B Bryce Harper 2B Luis Arraez 3B Bryson Stott C Alejandro Kirk OF Kyle Schwarber OF George Springer OF Nathan Lukes P Cade Cavalli P Zac Thornton SS Trea Turner,,,
694,5210607273,winningfaith (2/3),0,97.75,1B Bryce Harper 2B Nick Gonzales 3B Bo Bichette C Tyler Stephenson OF Kyle Schwarber OF Bryan Reynolds OF JJ Bleday P Cade Cavalli P Zac Thornton SS Francisco Lindor,,,
694,5210822185,Abc1289 (6/20),0,97.75,1B Bryce Harper 2B Nasim Nunez 3B Ernie Clement C J.T. Realmuto OF Kyle Schwarber OF Daylen Lile OF Brandon Marsh P Cade Cavalli P Zac Thornton SS CJ Abrams,,,
694,5211073088,kreller17 (5/20),0,97.75,1B Bryce Harper 2B Luis Arraez 3B Bryson Stott C Alejandro Kirk OF Kyle Schwarber OF Nathan Lukes OF Jesus Sanchez P Cade Cavalli P Zac Thornton SS CJ Abrams,,,
694,5211095015,SpeedRacer101 (6/20),0,97.75,1B Bryce Harper 2B Luis Arraez 3B Bryson Stott C Alejandro Kirk OF Kyle Schwarber OF George Springer OF Nathan Lukes P Cade Cavalli P Zac Thornton SS Trea Turner,,,
694,5211130993,guahanian05 (1/2),0,97.75,1B Bryce Harper 2B Luis Arraez 3B Bo Bichette C Harry Ford OF Dylan Crews OF Carson Benge OF Jacob Young P Cade Cavalli P Zac Thornton SS CJ Abrams,,,
694,5211130994,guahanian05 (2/2),0,97.75,1B Bryce Harper 2B Luis Arraez 3B Bo Bichette C Harry Ford OF Dylan Crews OF Carson Benge OF Jacob Young P Cade Cavalli P Zac Thornton SS CJ Abrams,,,
694,5211191804,wittwerjoe (18/20),0,97.75,1B Bryce Harper 2B Nasim Nunez 3B Brady House C Harry Ford OF Kyle Schwarber OF Bryan Reynolds OF Hector Rodriguez P Cade Cavalli P Zac Thornton SS CJ Abrams,,,
694,5211257726,jsamtoy (3/20),0,97.75,1B Bryce Harper 2B Luis Arraez 3B Bo Bichette C Alejandro Kirk OF Kyle Schwarber OF George Springer OF Justin Crawford P Cade Cavalli P Zac Thornton SS Trea Turner,,,
694,5211266785,seth1374 (14/20),0,97.75,1B Abimelec Ortiz 2B Luis Arraez 3B Alec Bohm C J.T. Realmuto OF Kyle Schwarber OF Bryce Harper OF Daylen Lile P Cade Cavalli P Zac Thornton SS CJ Abrams,,,
706,5211148313,mythicalrhymer01 (2/3),0,97.45,1B Sal Stewart 2B Nasim Nunez 3B Eugenio Suarez C Tyler Stephenson OF Bryce Harper OF A.J. Ewing OF Hector Rodriguez P Zack Wheeler P Zac Thornton SS Elly De La Cruz,,,
706,5211199718,aquafinatim (16/20),0,97.45,1B Sal Stewart 2B Marcus Semien 3B Bo Bichette C Tyler Stephenson OF JJ Bleday OF A.J. Ewing OF Noelvi Marte P Zack Wheeler P Zac Thornton SS Elly De La Cruz,,,
706,5211201352,Snake007,0,97.45,1B Alec Bohm 2B Marcus Semien 3B Brady House C Tyler Stephenson OF Kyle Schwarber OF JJ Bleday OF Matt McLain P Zack Wheeler P Zac Thornton SS Elly De La Cruz,,,
706,5211257737,jsamtoy (14/20),0,97.45,1B Sal Stewart 2B Luis Arraez 3B Ke'Bryan Hayes C Harry Ford OF Daylen Lile OF JJ Bleday OF Hector Rodriguez P Zack Wheeler P Zac Thornton SS Elly De La Cruz,,,
710,5210961897,henry296 (11/20),0,97.4,1B Bryce Harper 2B Brandon Lowe 3B Kazuma Okamoto C Alejandro Kirk OF Kyle Schwarber OF George Springer OF Nathan Lukes P Jose Soriano P Cade Cavalli SS Andres Gimenez,,,
710,5211283181,BigLu322,0,97.4,1B Bryce Harper 2B Nick Gonzales 3B Bryson Stott C Alejandro Kirk OF Kyle Schwarber OF Dylan Crews OF George Springer P Jose Soriano P Cade Cavalli SS Francisco Lindor,,,
712,5210822187,Abc1289 (8/20),0,97.1,1B Sal Stewart 2B Nick Gonzales 3B Eugenio Suarez C Tyler Stephenson OF Daylen Lile OF Jake Mangum OF Hector Rodriguez P Zack Wheeler P Jose Soriano SS Elly De La Cruz,,,
712,5210838336,jlegrand22 (18/20),0,97.1,1B Sal Stewart 2B Nick Gonzales 3B Eugenio Suarez C Tyler Stephenson OF Daylen Lile OF Jake Mangum OF Hector Rodriguez P Zack Wheeler P Jose Soriano SS Elly De La Cruz,,,
712,5210919865,rkjniner (1/2),0,97.1,1B Abimelec Ortiz 2B Brandon Lowe 3B Brady House C Harry Ford OF Daylen Lile OF JJ Bleday OF Hector Rodriguez P Zack Wheeler P Jose Soriano SS Elly De La Cruz,,,
712,5211004945,christiangideon (5/20),0,97.1,1B Abimelec Ortiz 2B Matt McLain 3B Ke'Bryan Hayes C Tyler Stephenson OF Daylen Lile OF Jacob Young OF Noelvi Marte P Zack Wheeler P Jose Soriano SS Elly De La Cruz,,,
712,5211006343,christiangideon (12/20),0,97.1,1B Abimelec Ortiz 2B Matt McLain 3B Ke'Bryan Hayes C Tyler Stephenson OF Daylen Lile OF Jacob Young OF Noelvi Marte P Zack Wheeler P Jose Soriano SS Elly De La Cruz,,,
712,5211006471,christiangideon (19/20),0,97.1,1B Abimelec Ortiz 2B Matt McLain 3B Ke'Bryan Hayes C Tyler Stephenson OF Daylen Lile OF Jacob Young OF Noelvi Marte P Zack Wheeler P Jose Soriano SS Elly De La Cruz,,,
712,5211014137,spark22,0,97.1,1B Sal Stewart 2B Luis Arraez 3B Eugenio Suarez C Luis Torrens OF Daylen Lile OF JJ Bleday OF Ronny Simon P Zack Wheeler P Jose Soriano SS Elly De La Cruz,,,
712,5211036645,hdfencekc,0,97.1,1B Sal Stewart 2B Nasim Nunez 3B Eugenio Suarez C Harry Ford OF Jacob Young OF Matt McLain OF Noelvi Marte P Zack Wheeler P Jose Soriano SS Elly De La Cruz,,,
712,5211317816,Skralph (5/20),0,97.1,1B Jared Young 2B Marcus Semien 3B Bo Bichette C Tyler Stephenson OF Bryce Harper OF JJ Bleday OF A.J. Ewing P Zack Wheeler P Jose Soriano SS Francisco Lindor,,,
712,5211329210,Burzerkers1,0,97.1,1B Abimelec Ortiz 2B Brandon Lowe 3B Brady House C Harry Ford OF Daylen Lile OF JJ Bleday OF Hector Rodriguez P Zack Wheeler P Jose Soriano SS Elly De La Cruz,,,
712,5211331911,garyyoung (10/13),0,97.1,1B Kazuma Okamoto 2B Bryson Stott 3B Alec Bohm C J.T. Realmuto OF A.J. Ewing OF George Springer OF Carson Benge P Zack Wheeler P Jose Soriano SS Elly De La Cruz,,,
723,5210839025,LOCNOTM (11/20),0,96.9,1B Alec Bohm 2B Nick Gonzales 3B Bryson Stott C J.T. Realmuto OF Kyle Schwarber OF Bryce Harper OF Ronny Simon P Zack Wheeler P Cade Cavalli SS Francisco Lindor,,,
723,5210966341,ballerzzz,0,96.9,1B Abimelec Ortiz 2B Nick Gonzales 3B Brady House C Luis Torrens OF Bryan Reynolds OF Daylen Lile OF Esmerlyn Valdez P Zack Wheeler P Cade Cavalli SS CJ Abrams,,,
723,5210990422,the803goat (3/20),0,96.9,1B Bryce Harper 2B Luis Arraez 3B Jorge Polanco C J.T. Realmuto OF A.J. Ewing OF Brandon Marsh OF Justin Crawford P Zack Wheeler P Cade Cavalli SS CJ Abrams,,,
723,5211001163,rambito (2/20),0,96.9,1B Abimelec Ortiz 2B Ronny Simon 3B Jorge Polanco C Rafael Flores Jr. OF Kyle Schwarber OF Bryce Harper OF Daylen Lile P Zack Wheeler P Cade Cavalli SS CJ Abrams,,,
723,5211004358,ladyfingers (5/15),0,96.9,1B Abimelec Ortiz 2B Brandon Lowe 3B Bo Bichette C Tyler Stephenson OF Bryce Harper OF Carson Benge OF Jesus Sanchez P Zack Wheeler P Cade Cavalli SS Elly De La Cruz,,,
723,5211042638,thundrenterprises (6/20),0,96.9,1B Rafael Flores Jr. 2B Brandon Lowe 3B Nick Gonzales C J.T. Realmuto OF A.J. Ewing OF Jake Mangum OF Ronny Simon P Zack Wheeler P Cade Cavalli SS CJ Abrams,,,
723,5211081130,UniversalFriend (8/20),0,96.9,1B Abimelec Ortiz 2B Brett Baty 3B Bo Bichette C Luis Torrens OF Kyle Schwarber OF A.J. Ewing OF Carson Benge P Zack Wheeler P Cade Cavalli SS CJ Abrams,,,
723,5211113433,austin60915 (11/20),0,96.9,1B Jared Young 2B Brandon Lowe 3B Bo Bichette C Rafael Flores Jr. OF Esmerlyn Valdez OF A.J. Ewing OF Jake Mangum P Zack Wheeler P Cade Cavalli SS Francisco Lindor,,,
723,5211257732,jsamtoy (9/20),0,96.9,1B Abimelec Ortiz 2B Nick Gonzales 3B Brady House C Harry Ford OF Dylan Crews OF Daylen Lile OF Esmerlyn Valdez P Zack Wheeler P Cade Cavalli SS Trea Turner,,,
723,5211268385,mrclean913 (11/20),0,96.9,1B Abimelec Ortiz 2B Nick Gonzales 3B Brady House C Harry Ford OF Dylan Crews OF A.J. Ewing OF Jake Mangum P Zack Wheeler P Cade Cavalli SS CJ Abrams,,,
723,5211294967,Mige1 (18/20),0,96.9,1B Abimelec Ortiz 2B Brett Baty 3B Bo Bichette C Luis Torrens OF Kyle Schwarber OF A.J. Ewing OF Carson Benge P Zack Wheeler P Cade Cavalli SS CJ Abrams,,,
723,5211303349,5hzdrop,0,96.9,1B Jared Young 2B Luis Arraez 3B Bo Bichette C Harry Ford OF A.J. Ewing OF Jacob Young OF Ronny Simon P Zack Wheeler P Cade Cavalli SS CJ Abrams,,,
723,5211348094,crooked70,0,96.9,1B Bryce Harper 2B Luis Arraez 3B Bo Bichette C Luis Torrens OF Bryan Reynolds OF Esmerlyn Valdez OF A.J. Ewing P Zack Wheeler P Cade Cavalli SS Jared Triolo,,,
736,5210619187,melvincali (5/20),0,96.75,1B Bryce Harper 2B Luis Arraez 3B Bryson Stott C Alejandro Kirk OF George Springer OF Brandon Marsh OF Nathan Lukes P Cade Cavalli P Zac Thornton SS Trea Turner,,,
736,5210619196,melvincali (14/20),0,96.75,1B Bryce Harper 2B Luis Arraez 3B Kazuma Okamoto C Alejandro Kirk OF George Springer OF Justin Crawford OF Jesus Sanchez P Cade Cavalli P Zac Thornton SS Trea Turner,,,
736,5211299694,Lora1008,0,96.75,1B Kazuma Okamoto 2B Marcus Semien 3B Ernie Clement C Alejandro Kirk OF Kyle Schwarber OF Bryce Harper OF Dylan Crews P Cade Cavalli P Zac Thornton SS Francisco Lindor,,,
739,5210901582,Blankntans54,0,96.45,1B Abimelec Ortiz 2B Brandon Lowe 3B Brady House C Luis Torrens OF Daylen Lile OF JJ Bleday OF Matt McLain P Zack Wheeler P Zac Thornton SS CJ Abrams,,,
739,5210938764,jw1984 (14/15),0,96.45,1B Alec Bohm 2B Luis Arraez 3B Eugenio Suarez C Tyler Stephenson OF Kyle Schwarber OF A.J. Ewing OF Hector Rodriguez P Zack Wheeler P Zac Thornton SS Elly De La Cruz,,,
739,5210984396,73pd2x (8/20),0,96.45,1B Alec Bohm 2B Jorge Polanco 3B Bo Bichette C J.T. Realmuto OF Kyle Schwarber OF A.J. Ewing OF Carson Benge P Zack Wheeler P Zac Thornton SS Francisco Lindor,,,
739,5211095028,SpeedRacer101 (19/20),0,96.45,1B Sal Stewart 2B Nasim Nunez 3B Ke'Bryan Hayes C Harry Ford OF Dylan Crews OF Daylen Lile OF Noelvi Marte P Zack Wheeler P Zac Thornton SS Elly De La Cruz,,,
739,5211101938,Tbwspartan,0,96.45,1B Alec Bohm 2B Bryson Stott 3B Eugenio Suarez C Harry Ford OF Kyle Schwarber OF JJ Bleday OF Hector Rodriguez P Zack Wheeler P Zac Thornton SS Elly De La Cruz,,,
739,5211113426,austin60915 (4/20),0,96.45,1B Abimelec Ortiz 2B Nasim Nunez 3B Eugenio Suarez C Tyler Stephenson OF Daylen Lile OF JJ Bleday OF A.J. Ewing P Zack Wheeler P Zac Thornton SS CJ Abrams,,,
739,5211118336,Hiss24,0,96.45,1B Spencer Horwitz 2B Luis Arraez 3B Nick Gonzales C Tyler Stephenson OF Dylan Crews OF A.J. Ewing OF Carson Benge P Zack Wheeler P Zac Thornton SS Francisco Lindor,,,
739,5211143401,Dubbzz (2/20),0,96.45,1B Sal Stewart 2B Matt McLain 3B Bo Bichette C Tyler Stephenson OF JJ Bleday OF A.J. Ewing OF Noelvi Marte P Zack Wheeler P Zac Thornton SS Francisco Lindor,,,
739,5211153464,Satch65 (11/20),0,96.45,1B Bryce Harper 2B Bryson Stott 3B Eugenio Suarez C Tyler Stephenson OF Kyle Schwarber OF Noelvi Marte OF Hector Rodriguez P Zack Wheeler P Zac Thornton SS Elly De La Cruz,,,
739,5211328478,Crazychigirl,0,96.45,1B Bryce Harper 2B Bryson Stott 3B Jorge Polanco C Tyler Stephenson OF Kyle Schwarber OF Daylen Lile OF Justin Crawford P Zack Wheeler P Zac Thornton SS Trea Turner,,,
749,5211022299,Hockeybob8,0,96.4,1B Spencer Horwitz 2B Luis Arraez 3B Alec Bohm C Harry Ford OF Kyle Schwarber OF Bryce Harper OF Bryan Reynolds P Jose Soriano P Cade Cavalli SS Andres Gimenez,,,
749,5211063658,scar2015 (1/3),0,96.4,1B Kazuma Okamoto 2B Ernie Clement 3B Bo Bichette C Alejandro Kirk OF Bryan Reynolds OF Daylen Lile OF George Springer P Jose Soriano P Cade Cavalli SS Andres Gimenez,,,
749,5211078929,ellisac1 (3/3),0,96.4,1B Spencer Horwitz 2B Brandon Lowe 3B Bryson Stott C Harry Ford OF Bryan Reynolds OF Esmerlyn Valdez OF Jake Mangum P Jose Soriano P Cade Cavalli SS Francisco Lindor,,,
752,5210865754,Oscaralatorre53,0,96.25,1B Bryce Harper 2B Marcus Semien 3B Eugenio Suarez C Alejandro Kirk OF Kyle Schwarber OF A.J. Ewing OF George Springer P Jose Soriano P Carmen Mlodzinski SS CJ Abrams,,,
753,5210838337,jlegrand22 (19/20),0,96.1,1B Abimelec Ortiz 2B Brandon Lowe 3B Eugenio Suarez C Tyler Stephenson OF Daylen Lile OF Noelvi Marte OF Hector Rodriguez P Zack Wheeler P Jose Soriano SS Elly De La Cruz,,,
753,5210933679,bjbsnoop,0,96.1,1B Abimelec Ortiz 2B Brandon Lowe 3B Eugenio Suarez C Tyler Stephenson OF Bryan Reynolds OF Daylen Lile OF Hector Rodriguez P Zack Wheeler P Jose Soriano SS Elly De La Cruz,,,
753,5210934720,ladyfingers (2/15),0,96.1,1B Abimelec Ortiz 2B Brandon Lowe 3B Eugenio Suarez C Tyler Stephenson OF Bryan Reynolds OF Daylen Lile OF Hector Rodriguez P Zack Wheeler P Jose Soriano SS Elly De La Cruz,,,
753,5210974331,Falcons8er,0,96.1,1B Abimelec Ortiz 2B Brandon Lowe 3B Eugenio Suarez C Tyler Stephenson OF Bryan Reynolds OF Daylen Lile OF Hector Rodriguez P Zack Wheeler P Jose Soriano SS Elly De La Cruz,,,
753,5211053860,Blazers75,0,96.1,1B Abimelec Ortiz 2B Brandon Lowe 3B Eugenio Suarez C Tyler Stephenson OF Bryan Reynolds OF Daylen Lile OF Hector Rodriguez P Zack Wheeler P Jose Soriano SS Elly De La Cruz,,,
753,5211191792,wittwerjoe (6/20),0,96.1,1B Abimelec Ortiz 2B Brandon Lowe 3B Eugenio Suarez C Tyler Stephenson OF Bryan Reynolds OF Daylen Lile OF Hector Rodriguez P Zack Wheeler P Jose Soriano SS Elly De La Cruz,,,
759,5211309798,letsdance56 (2/2),0,95.95,1B Spencer Horwitz 2B Luis Arraez 3B Bo Bichette C Harry Ford OF Dylan Crews OF A.J. Ewing OF Carson Benge P Jose Soriano P Zac Thornton SS CJ Abrams,,,
760,5210893635,az350z (3/20),0,95.9,1B Spencer Horwitz 2B Brandon Lowe 3B Jorge Polanco C Rafael Flores Jr. OF Bryan Reynolds OF A.J. Ewing OF Jake Mangum P Zack Wheeler P Cade Cavalli SS Francisco Lindor,,,
760,5210902536,j-wolf05 (4/20),0,95.9,1B Spencer Horwitz 2B Brandon Lowe 3B Jorge Polanco C Rafael Flores Jr. OF Bryan Reynolds OF A.J. Ewing OF Jake Mangum P Zack Wheeler P Cade Cavalli SS Francisco Lindor,,,
760,5210922112,Stree (16/20),0,95.9,1B Abimelec Ortiz 2B Ronny Simon 3B Jared Triolo C J.T. Realmuto OF Bryce Harper OF Dylan Crews OF Daylen Lile P Zack Wheeler P Cade Cavalli SS CJ Abrams,,,
760,5211001165,rambito (4/20),0,95.9,1B Abimelec Ortiz 2B Ronny Simon 3B Jorge Polanco C Harry Ford OF Kyle Schwarber OF Dylan Crews OF Daylen Lile P Zack Wheeler P Cade Cavalli SS CJ Abrams,,,
760,5211079217,thesportsfan (16/20),0,95.9,1B Spencer Horwitz 2B Brandon Lowe 3B Jared Triolo C J.T. Realmuto OF Daylen Lile OF Jake Mangum OF Ronny Simon P Zack Wheeler P Cade Cavalli SS CJ Abrams,,,
760,5211080159,pthorpe25 (1/5),0,95.9,1B Jared Young 2B Nasim Nunez 3B Eugenio Suarez C Harry Ford OF Dylan Crews OF Daylen Lile OF Dane Myers P Zack Wheeler P Cade Cavalli SS CJ Abrams,,,
760,5211122943,SaucyJack1001 (4/4),0,95.9,1B Abimelec Ortiz 2B Brandon Lowe 3B Nick Gonzales C Harry Ford OF Kyle Schwarber OF Noelvi Marte OF Nathan Lukes P Zack Wheeler P Cade Cavalli SS Trea Turner,,,
760,5211153473,Satch65 (20/20),0,95.9,1B Abimelec Ortiz 2B Nick Gonzales 3B Jared Triolo C Harry Ford OF Kyle Schwarber OF Bryce Harper OF Brandon Marsh P Zack Wheeler P Cade Cavalli SS Trea Turner,,,
760,5211186782,Hawknation3,0,95.9,1B Bryce Harper 2B Luis Arraez 3B Brady House C J.T. Realmuto OF Kyle Schwarber OF Daylen Lile OF Brett Baty P Zack Wheeler P Cade Cavalli SS Jared Triolo,,,
760,5211233588,river10 (1/6),0,95.9,1B Sal Stewart 2B Nick Gonzales 3B Eugenio Suarez C Tyler Stephenson OF Bryce Harper OF Brandon Marsh OF Hector Rodriguez P Zack Wheeler P Cade Cavalli SS Elly De La Cruz,,,
760,5211233589,river10 (2/6),0,95.9,1B Sal Stewart 2B Marcus Semien 3B Jorge Polanco C Francisco Alvarez OF Bryce Harper OF Carson Benge OF Luis Robert Jr. P Zack Wheeler P Cade Cavalli SS Elly De La Cruz,,,
760,5211233593,river10 (6/6),0,95.9,1B Abimelec Ortiz 2B Nasim Nunez 3B Jared Triolo C Keibert Ruiz OF Bryce Harper OF Dylan Crews OF Daylen Lile P Zack Wheeler P Cade Cavalli SS Elly De La Cruz,,,
760,5211273138,shanemoore27 (18/20),0,95.9,1B Jared Young 2B Luis Arraez 3B Jorge Polanco C Luis Torrens OF Kyle Schwarber OF A.J. Ewing OF Carson Benge P Zack Wheeler P Cade Cavalli SS CJ Abrams,,,
760,5211287020,FireTheCannons84,0,95.9,1B Abimelec Ortiz 2B Brandon Lowe 3B Alec Bohm C Alejandro Kirk OF Bryan Reynolds OF A.J. Ewing OF Jake Mangum P Zack Wheeler P Cade Cavalli SS Francisco Lindor,,,
760,5211294969,Mige1 (20/20),0,95.9,1B Abimelec Ortiz 2B Brandon Lowe 3B Brady House C Harry Ford OF Bryan Reynolds OF Daylen Lile OF Esmerlyn Valdez P Zack Wheeler P Cade Cavalli SS Nasim Nunez,,,
760,5211302539,igotit4cheap2,0,95.9,1B Bryce Harper 2B Marcus Semien 3B Bryson Stott C Tyler Stephenson OF Kyle Schwarber OF JJ Bleday OF Brandon Marsh P Zack Wheeler P Cade Cavalli SS Andres Gimenez,,,
760,5211307293,Sanford71,0,95.9,1B Jared Young 2B Bryson Stott 3B Nick Gonzales C Luis Torrens OF Bryce Harper OF Carson Benge OF Jacob Young P Zack Wheeler P Cade Cavalli SS CJ Abrams,,,
760,5211317817,Skralph (6/20),0,95.9,1B Bryce Harper 2B Luis Arraez 3B Alec Bohm C Tyler Stephenson OF A.J. Ewing OF Carson Benge OF Brandon Marsh P Zack Wheeler P Cade Cavalli SS Trea Turner,,,
760,5211341078,hardcor1181,0,95.9,1B Jared Young 2B Luis Arraez 3B Bryson Stott C Harry Ford OF Kyle Schwarber OF Brandon Marsh OF Hector Rodriguez P Zack Wheeler P Cade Cavalli SS Elly De La Cruz,,,
779,5210600530,ivymoose (4/20),0,95.75,1B Bryce Harper 2B Luis Arraez 3B Alec Bohm C Alejandro Kirk OF George Springer OF Nathan Lukes OF Jesus Sanchez P Cade Cavalli P Zac Thornton SS Trea Turner,,,
779,5210822198,Abc1289 (19/20),0,95.75,1B Bryce Harper 2B Nasim Nunez 3B Bryson Stott C J.T. Realmuto OF Kyle Schwarber OF Carson Benge OF Brandon Marsh P Cade Cavalli P Zac Thornton SS CJ Abrams,,,
779,5210897915,nsubball47,0,95.75,1B Bryce Harper 2B Ernie Clement 3B Bryson Stott C J.T. Realmuto OF Kyle Schwarber OF Dylan Crews OF George Springer P Cade Cavalli P Zac Thornton SS Elly De La Cruz,,,
779,5211189179,Southsider50 (1/2),0,95.75,1B Bryce Harper 2B Luis Arraez 3B Bo Bichette C Luis Torrens OF Kyle Schwarber OF Carson Benge OF Jacob Young P Cade Cavalli P Zac Thornton SS CJ Abrams,,,
783,5210898976,Kbooknich,0,95.45,1B Jared Young 2B Luis Arraez 3B Bo Bichette C Tyler Stephenson OF JJ Bleday OF A.J. Ewing OF Carson Benge P Zack Wheeler P Zac Thornton SS Elly De La Cruz,,,
783,5210948981,ttillie (20/20),0,95.45,1B Abimelec Ortiz 2B Jorge Polanco 3B Brady House C Tyler Stephenson OF Kyle Schwarber OF Bryce Harper OF Daylen Lile P Zack Wheeler P Zac Thornton SS Elly De La Cruz,,,
783,5210984399,73pd2x (11/20),0,95.45,1B Alec Bohm 2B Luis Arraez 3B Eugenio Suarez C Luis Torrens OF Bryce Harper OF A.J. Ewing OF Brandon Marsh P Zack Wheeler P Zac Thornton SS Trea Turner,,,
783,5211199711,aquafinatim (9/20),0,95.45,1B Sal Stewart 2B Nasim Nunez 3B Brady House C Harry Ford OF Dylan Crews OF Daylen Lile OF Hector Rodriguez P Zack Wheeler P Zac Thornton SS Elly De La Cruz,,,
783,5211225612,matthewwalsh (9/20),0,95.45,1B Sal Stewart 2B Jorge Polanco 3B Bo Bichette C Luis Torrens OF JJ Bleday OF A.J. Ewing OF Carson Benge P Zack Wheeler P Zac Thornton SS Elly De La Cruz,,,
783,5211231134,WD1421 (1/6),0,95.45,1B Sal Stewart 2B Bryson Stott 3B Eugenio Suarez C Tyler Stephenson OF Kyle Schwarber OF Noelvi Marte OF Justin Crawford P Zack Wheeler P Zac Thornton SS Elly De La Cruz,,,
783,5211231151,WD1421 (2/6),0,95.45,1B Sal Stewart 2B Bryson Stott 3B Eugenio Suarez C Tyler Stephenson OF Kyle Schwarber OF Noelvi Marte OF Justin Crawford P Zack Wheeler P Zac Thornton SS Elly De La Cruz,,,
783,5211231153,WD1421 (3/6),0,95.45,1B Sal Stewart 2B Bryson Stott 3B Eugenio Suarez C Tyler Stephenson OF Kyle Schwarber OF Noelvi Marte OF Justin Crawford P Zack Wheeler P Zac Thornton SS Elly De La Cruz,,,
783,5211235016,WD1421 (4/6),0,95.45,1B Sal Stewart 2B Bryson Stott 3B Eugenio Suarez C Tyler Stephenson OF Kyle Schwarber OF Noelvi Marte OF Justin Crawford P Zack Wheeler P Zac Thornton SS Elly De La Cruz,,,
783,5211235018,WD1421 (5/6),0,95.45,1B Sal Stewart 2B Bryson Stott 3B Eugenio Suarez C Tyler Stephenson OF Kyle Schwarber OF Noelvi Marte OF Justin Crawford P Zack Wheeler P Zac Thornton SS Elly De La Cruz,,,
783,5211235019,WD1421 (6/6),0,95.45,1B Sal Stewart 2B Bryson Stott 3B Eugenio Suarez C Tyler Stephenson OF Kyle Schwarber OF Noelvi Marte OF Justin Crawford P Zack Wheeler P Zac Thornton SS Elly De La Cruz,,,
783,5211282355,robin765 (1/2),0,95.45,1B Sal Stewart 2B Nasim Nunez 3B Brady House C Harry Ford OF Dylan Crews OF Daylen Lile OF Hector Rodriguez P Zack Wheeler P Zac Thornton SS Elly De La Cruz,,,
783,5211334331,Babysnatcha,0,95.45,1B Bryce Harper 2B Luis Arraez 3B Eugenio Suarez C Tyler Stephenson OF JJ Bleday OF Carson Benge OF Brandon Marsh P Zack Wheeler P Zac Thornton SS Francisco Lindor,,,
796,5211230334,kozy6813 (15/20),0,95.4,1B Abimelec Ortiz 2B Brandon Lowe 3B Bo Bichette C Luis Torrens OF Esmerlyn Valdez OF Carson Benge OF Jesus Sanchez P Jose Soriano P Cade Cavalli SS Francisco Lindor,,,
796,5211314425,wardsound (2/2),0,95.4,1B Bryce Harper 2B Luis Arraez 3B Bo Bichette C J.T. Realmuto OF JJ Bleday OF Carson Benge OF Brandon Marsh P Jose Soriano P Cade Cavalli SS Elly De La Cruz,,,
796,5211329585,Creepoli,0,95.4,1B Spencer Horwitz 2B Luis Arraez 3B Nick Gonzales C Alejandro Kirk OF Daylen Lile OF Esmerlyn Valdez OF George Springer P Jose Soriano P Cade Cavalli SS CJ Abrams,,,
799,5210795958,charleso83 (1/2),0,95.1,1B Abimelec Ortiz 2B Brandon Lowe 3B Eugenio Suarez C Rafael Flores Jr. OF Daylen Lile OF JJ Bleday OF Hector Rodriguez P Zack Wheeler P Jose Soriano SS Elly De La Cruz,,,
799,5210838328,jlegrand22 (10/20),0,95.1,1B Abimelec Ortiz 2B Nick Gonzales 3B Eugenio Suarez C Tyler Stephenson OF Daylen Lile OF JJ Bleday OF Hector Rodriguez P Zack Wheeler P Jose Soriano SS Elly De La Cruz,,,
799,5211089112,terryf20,0,95.1,1B Abimelec Ortiz 2B Brandon Lowe 3B Eugenio Suarez C Rafael Flores Jr. OF Daylen Lile OF JJ Bleday OF Hector Rodriguez P Zack Wheeler P Jose Soriano SS Elly De La Cruz,,,
799,5211191791,wittwerjoe (5/20),0,95.1,1B Abimelec Ortiz 2B Brandon Lowe 3B Eugenio Suarez C Rafael Flores Jr. OF Daylen Lile OF JJ Bleday OF Hector Rodriguez P Zack Wheeler P Jose Soriano SS Elly De La Cruz,,,
799,5211206363,chico0101 (2/2),0,95.1,1B Abimelec Ortiz 2B Brandon Lowe 3B Eugenio Suarez C Rafael Flores Jr. OF Daylen Lile OF JJ Bleday OF Hector Rodriguez P Zack Wheeler P Jose Soriano SS Elly De La Cruz,,,
799,5211212395,dnjmerk,0,95.1,1B Abimelec Ortiz 2B Brandon Lowe 3B Eugenio Suarez C Rafael Flores Jr. OF Daylen Lile OF JJ Bleday OF Hector Rodriguez P Zack Wheeler P Jose Soriano SS Elly De La Cruz,,,
799,5211213862,Jsanders83,0,95.1,1B Jared Young 2B Brandon Lowe 3B Bryson Stott C Tyler Stephenson OF Carson Benge OF Brandon Marsh OF Matt McLain P Zack Wheeler P Jose Soriano SS Elly De La Cruz,,,
799,5211219244,RHLions,0,95.1,1B Abimelec Ortiz 2B Brandon Lowe 3B Eugenio Suarez C Rafael Flores Jr. OF Daylen Lile OF JJ Bleday OF Hector Rodriguez P Zack Wheeler P Jose Soriano SS Elly De La Cruz,,,
799,5211341076,rempartsjim,0,95.1,1B Kazuma Okamoto 2B Brandon Lowe 3B Bo Bichette C Tyler Stephenson OF A.J. Ewing OF Matt McLain OF Jesus Sanchez P Zack Wheeler P Jose Soriano SS Elly De La Cruz,,,
808,5210791550,IrishRedhead20 (1/2),0,94.9,1B Alec Bohm 2B Nasim Nunez 3B Bo Bichette C Harry Ford OF Kyle Schwarber OF Bryce Harper OF Justin Crawford P Zack Wheeler P Cade Cavalli SS Jared Triolo,,,
808,5210850729,tbjones2121 (9/20),0,94.9,1B Spencer Horwitz 2B Brandon Lowe 3B Jared Triolo C Luis Torrens OF Kyle Schwarber OF Jake Mangum OF Ronny Simon P Zack Wheeler P Cade Cavalli SS Elly De La Cruz,,,
808,5210862132,apforadori (1/3),0,94.9,1B Abimelec Ortiz 2B Jose Tena 3B Brady House C Tyler Stephenson OF Kyle Schwarber OF Daylen Lile OF JJ Bleday P Zack Wheeler P Cade Cavalli SS Elly De La Cruz,,,
808,5210996689,LTskelter (8/20),0,94.9,1B Spencer Horwitz 2B Ronny Simon 3B Jared Triolo C Harry Ford OF Bryce Harper OF Esmerlyn Valdez OF Jake Mangum P Zack Wheeler P Cade Cavalli SS CJ Abrams,,,
808,5211001162,rambito (1/20),0,94.9,1B Abimelec Ortiz 2B Ronny Simon 3B Jorge Polanco C J.T. Realmuto OF Kyle Schwarber OF Bryce Harper OF Daylen Lile P Zack Wheeler P Cade Cavalli SS CJ Abrams,,,
808,5211010537,UWAlums03 (4/5),0,94.9,1B Abimelec Ortiz 2B Jose Tena 3B Brady House C Tyler Stephenson OF Kyle Schwarber OF Daylen Lile OF JJ Bleday P Zack Wheeler P Cade Cavalli SS Elly De La Cruz,,,
808,5211023889,mickey615,0,94.9,1B Abimelec Ortiz 2B Jose Tena 3B Brady House C Tyler Stephenson OF Kyle Schwarber OF Daylen Lile OF JJ Bleday P Zack Wheeler P Cade Cavalli SS Elly De La Cruz,,,
808,5211060529,Natalie0080,0,94.9,1B Abimelec Ortiz 2B Jose Tena 3B Brady House C Tyler Stephenson OF Kyle Schwarber OF Daylen Lile OF JJ Bleday P Zack Wheeler P Cade Cavalli SS Elly De La Cruz,,,
808,5211194751,OldEnglishChains (3/6),0,94.9,1B Alec Bohm 2B Luis Arraez 3B Brady House C J.T. Realmuto OF Daylen Lile OF Brandon Marsh OF Justin Crawford P Zack Wheeler P Cade Cavalli SS CJ Abrams,,,
808,5211199371,OldEnglishChains (6/6),0,94.9,1B Alec Bohm 2B Luis Arraez 3B Brady House C J.T. Realmuto OF Daylen Lile OF Brandon Marsh OF Justin Crawford P Zack Wheeler P Cade Cavalli SS CJ Abrams,,,
808,5211211240,darrylposton (17/20),0,94.9,1B Spencer Horwitz 2B Ronny Simon 3B Nick Gonzales C Rafael Flores Jr. OF Kyle Schwarber OF Bryan Reynolds OF Carson Benge P Zack Wheeler P Cade Cavalli SS Trea Turner,,,
808,5211211243,darrylposton (20/20),0,94.9,1B Bryce Harper 2B Luis Arraez 3B Nick Gonzales C J.T. Realmuto OF Kyle Schwarber OF Jake Mangum OF Justin Crawford P Zack Wheeler P Cade Cavalli SS Jared Triolo,,,
808,5211218638,eharig09 (2/20),0,94.9,1B Abimelec Ortiz 2B Jose Tena 3B Brady House C Harry Ford OF Bryce Harper OF Dylan Crews OF Brandon Marsh P Zack Wheeler P Cade Cavalli SS Elly De La Cruz,,,
808,5211218656,eharig09 (20/20),0,94.9,1B Kazuma Okamoto 2B Jose Tena 3B Josh Smith C Alejandro Kirk OF George Springer OF Jacob Young OF Jesus Sanchez P Zack Wheeler P Cade Cavalli SS Trea Turner,,,
808,5211233577,sportsfan14 (17/20),0,94.9,1B Abimelec Ortiz 2B Nasim Nunez 3B Bo Bichette C Luis Torrens OF Dylan Crews OF Daylen Lile OF A.J. Ewing P Zack Wheeler P Cade Cavalli SS CJ Abrams,,,
808,5211242092,terrance79,0,94.9,1B Abimelec Ortiz 2B Jose Tena 3B Brady House C Tyler Stephenson OF Kyle Schwarber OF Daylen Lile OF JJ Bleday P Zack Wheeler P Cade Cavalli SS Elly De La Cruz,,,
824,5210600533,ivymoose (7/20),0,94.75,1B Bryce Harper 2B Luis Arraez 3B Kazuma Okamoto C Alejandro Kirk OF Kyle Schwarber OF George Springer OF Justin Crawford P Cade Cavalli P Zac Thornton SS Trea Turner,,,
824,5210822191,Abc1289 (12/20),0,94.75,1B Bryce Harper 2B Nasim Nunez 3B Kazuma Okamoto C J.T. Realmuto OF Kyle Schwarber OF A.J. Ewing OF Brandon Marsh P Cade Cavalli P Zac Thornton SS CJ Abrams,,,
824,5210879992,wallstruss (1/17),0,94.75,1B Jared Young 2B Marcus Semien 3B Alec Bohm C J.T. Realmuto OF Kyle Schwarber OF George Springer OF Brandon Marsh P Cade Cavalli P Zac Thornton SS Trea Turner,,,
824,5211073091,kreller17 (8/20),0,94.75,1B Bryce Harper 2B Luis Arraez 3B Kazuma Okamoto C Alejandro Kirk OF Kyle Schwarber OF George Springer OF Justin Crawford P Cade Cavalli P Zac Thornton SS Trea Turner,,,
824,5211081127,UniversalFriend (5/20),0,94.75,1B Bryce Harper 2B Luis Arraez 3B Ernie Clement C Alejandro Kirk OF Kyle Schwarber OF George Springer OF Justin Crawford P Cade Cavalli P Zac Thornton SS Trea Turner,,,
824,5211268382,mrclean913 (8/20),0,94.75,1B Bryce Harper 2B Luis Arraez 3B Bryson Stott C Alejandro Kirk OF Kyle Schwarber OF Brandon Marsh OF Nathan Lukes P Cade Cavalli P Zac Thornton SS CJ Abrams,,,
824,5211273127,shanemoore27 (7/20),0,94.75,1B Sal Stewart 2B Nasim Nunez 3B Brady House C Harry Ford OF Bryce Harper OF Dylan Crews OF Carson Benge P Cade Cavalli P Zac Thornton SS CJ Abrams,,,
831,5211273231,cshap327,0,94.6,1B Sal Stewart 2B Nasim Nunez 3B Eugenio Suarez C Harry Ford OF Dylan Crews OF Daylen Lile OF George Springer P Zac Thornton P Carmen Mlodzinski SS Elly De La Cruz,,,
831,5211351912,snipedanglecelly (3/4),0,94.6,1B Bryce Harper 2B Marcus Semien 3B Bo Bichette C Tyler Stephenson OF Kyle Schwarber OF JJ Bleday OF Carson Benge P Zac Thornton P Chase Petty SS Elly De La Cruz,,,
833,5210820942,jeremykarle (1/2),0,94.45,1B Bryce Harper 2B Marcus Semien 3B Bryson Stott C Tyler Stephenson OF Kyle Schwarber OF A.J. Ewing OF Jacob Young P Zack Wheeler P Zac Thornton SS Nasim Nunez,,,
833,5210893649,az350z (17/20),0,94.45,1B Jared Young 2B Brett Baty 3B Bo Bichette C Tyler Stephenson OF Kyle Schwarber OF Bryce Harper OF A.J. Ewing P Zack Wheeler P Zac Thornton SS Francisco Lindor,,,
833,5211108616,Coolac420,0,94.45,1B Abimelec Ortiz 2B Luis Arraez 3B Alec Bohm C Harry Ford OF Dylan Crews OF Daylen Lile OF Justin Crawford P Zack Wheeler P Zac Thornton SS CJ Abrams,,,
833,5211125633,thepaz,0,94.45,1B Jared Young 2B Brandon Lowe 3B Bo Bichette C Alejandro Kirk OF Daylen Lile OF Esmerlyn Valdez OF Brandon Marsh P Zack Wheeler P Zac Thornton SS Francisco Lindor,,,
833,5211174477,MJDLC (14/20),0,94.45,1B Bryce Harper 2B Bryson Stott 3B Ke'Bryan Hayes C Tyler Stephenson OF Kyle Schwarber OF Brandon Marsh OF Justin Crawford P Zack Wheeler P Zac Thornton SS Elly De La Cruz,,,
833,5211216950,esmith911 (5/5),0,94.45,1B Sal Stewart 2B Luis Arraez 3B Bryson Stott C J.T. Realmuto OF Carson Benge OF Jacob Young OF Matt McLain P Zack Wheeler P Zac Thornton SS Elly De La Cruz,,,
833,5211230332,kozy6813 (13/20),0,94.45,1B Jared Young 2B Matt McLain 3B Eugenio Suarez C Tyler Stephenson OF Kyle Schwarber OF Dylan Crews OF Hector Rodriguez P Zack Wheeler P Zac Thornton SS Elly De La Cruz,,,
833,5211257734,jsamtoy (11/20),0,94.45,1B Abimelec Ortiz 2B Matt McLain 3B Eugenio Suarez C Tyler Stephenson OF Kyle Schwarber OF JJ Bleday OF Brandon Marsh P Zack Wheeler P Zac Thornton SS Elly De La Cruz,,,
833,5211307712,battleb1015 (1/2),0,94.45,1B Jared Young 2B Luis Arraez 3B Bryson Stott C Tyler Stephenson OF Bryce Harper OF A.J. Ewing OF Jacob Young P Zack Wheeler P Zac Thornton SS Elly De La Cruz,,,
833,5211315016,bcardwell79 (4/4),0,94.45,1B Sal Stewart 2B Luis Arraez 3B Eugenio Suarez C Luis Torrens OF Kyle Schwarber OF Bryce Harper OF Ronny Simon P Zack Wheeler P Zac Thornton SS Francisco Lindor,,,
843,5211327141,drunkonpappy (11/20),0,94.25,1B Kazuma Okamoto 2B Josh Smith 3B Eugenio Suarez C Tyler Stephenson OF George Springer OF Noelvi Marte OF Hector Rodriguez P Jose Soriano P Chase Petty SS Elly De La Cruz,,,
844,5210990432,the803goat (13/20),0,94.1,1B Abimelec Ortiz 2B Jose Tena 3B Jared Triolo C Harry Ford OF Bryan Reynolds OF Daylen Lile OF Jake Mangum P Zack Wheeler P Jose Soriano SS CJ Abrams,,,
844,5211335917,garyyoung (12/13),0,94.1,1B Kazuma Okamoto 2B Bryson Stott 3B Alec Bohm C Tyler Stephenson OF A.J. Ewing OF George Springer OF Carson Benge P Zack Wheeler P Jose Soriano SS Elly De La Cruz,,,
844,5211350962,produceman09 (4/9),0,94.1,1B Spencer Horwitz 2B Nick Gonzales 3B Jared Triolo C Rafael Flores Jr. OF JJ Bleday OF Matt McLain OF Ronny Simon P Zack Wheeler P Jose Soriano SS Elly De La Cruz,,,
847,5211143416,Dubbzz (17/20),0,93.95,1B Sal Stewart 2B Ronny Simon 3B Eugenio Suarez C Alejandro Kirk OF JJ Bleday OF George Springer OF Noelvi Marte P Jose Soriano P Zac Thornton SS Elly De La Cruz,,,
848,5210702573,hasco (3/3),0,93.9,1B Bryce Harper 2B Luis Arraez 3B Bryson Stott C Rafael Flores Jr. OF Kyle Schwarber OF Carson Benge OF Brandon Marsh P Zack Wheeler P Cade Cavalli SS Jared Triolo,,,
848,5210928124,whoisjohngalt420 (19/20),0,93.9,1B Abimelec Ortiz 2B Nasim Nunez 3B Brady House C Harry Ford OF Kyle Schwarber OF Dylan Crews OF Carson Benge P Zack Wheeler P Cade Cavalli SS Francisco Lindor,,,
848,5210938762,jw1984 (12/15),0,93.9,1B Bryce Harper 2B Jorge Polanco 3B Alec Bohm C J.T. Realmuto OF Kyle Schwarber OF Carson Benge OF Brandon Marsh P Zack Wheeler P Cade Cavalli SS Francisco Lindor,,,
848,5210948963,ttillie (2/20),0,93.9,1B Jared Young 2B Brandon Lowe 3B Alec Bohm C J.T. Realmuto OF Esmerlyn Valdez OF A.J. Ewing OF Jake Mangum P Zack Wheeler P Cade Cavalli SS Francisco Lindor,,,
848,5210967030,Caryg07 (10/20),0,93.9,1B Spencer Horwitz 2B Brandon Lowe 3B Jorge Polanco C Rafael Flores Jr. OF Bryan Reynolds OF Esmerlyn Valdez OF A.J. Ewing P Zack Wheeler P Cade Cavalli SS Francisco Lindor,,,
848,5211018258,rsumrall (2/20),0,93.9,1B Abimelec Ortiz 2B Nasim Nunez 3B Bryson Stott C Harry Ford OF Kyle Schwarber OF Bryce Harper OF Justin Crawford P Zack Wheeler P Cade Cavalli SS Trea Turner,,,
848,5211018271,rsumrall (15/20),0,93.9,1B Jared Young 2B Brandon Lowe 3B Jorge Polanco C Luis Torrens OF Kyle Schwarber OF Carson Benge OF Jake Mangum P Zack Wheeler P Cade Cavalli SS Francisco Lindor,,,
848,5211035191,louiswat (1/5),0,93.9,1B Bryce Harper 2B Brett Baty 3B Ernie Clement C Harry Ford OF Dylan Crews OF A.J. Ewing OF Brandon Marsh P Zack Wheeler P Cade Cavalli SS Trea Turner,,,
848,5211093036,lsulunatik (6/18),0,93.9,1B Abimelec Ortiz 2B Nasim Nunez 3B Bryson Stott C J.T. Realmuto OF Kyle Schwarber OF Daylen Lile OF Justin Crawford P Zack Wheeler P Cade Cavalli SS Trea Turner,,,
848,5211095020,SpeedRacer101 (11/20),0,93.9,1B Spencer Horwitz 2B Jorge Polanco 3B Bo Bichette C Luis Torrens OF Bryan Reynolds OF Esmerlyn Valdez OF A.J. Ewing P Zack Wheeler P Cade Cavalli SS Francisco Lindor,,,
848,5211158836,THETALENTEDMRHIGDAWG,0,93.9,1B Bryce Harper 2B Luis Arraez 3B Bryson Stott C J.T. Realmuto OF Daylen Lile OF JJ Bleday OF Jesus Sanchez P Zack Wheeler P Cade Cavalli SS Trea Turner,,,
848,5211218644,eharig09 (8/20),0,93.9,1B Abimelec Ortiz 2B Jose Tena 3B Brady House C Harry Ford OF Kyle Schwarber OF George Springer OF Nathan Lukes P Zack Wheeler P Cade Cavalli SS CJ Abrams,,,
848,5211233592,river10 (5/6),0,93.9,1B Vladimir Guerrero Jr. 2B Nick Gonzales 3B Kazuma Okamoto C Alejandro Kirk OF Bryce Harper OF George Springer OF Jesus Sanchez P Zack Wheeler P Cade Cavalli SS Elly De La Cruz,,,
848,5211266778,seth1374 (7/20),0,93.9,1B Jared Young 2B Jorge Polanco 3B Bo Bichette C J.T. Realmuto OF Kyle Schwarber OF Bryce Harper OF Carson Benge P Zack Wheeler P Cade Cavalli SS Francisco Lindor,,,
848,5211322001,KristianFTM (16/20),0,93.9,1B Abimelec Ortiz 2B Bryson Stott 3B Alec Bohm C J.T. Realmuto OF Kyle Schwarber OF A.J. Ewing OF Justin Crawford P Zack Wheeler P Cade Cavalli SS CJ Abrams,,,
848,5211322450,Slingblade17,0,93.9,1B Bryce Harper 2B Luis Arraez 3B Bryson Stott C Luis Torrens OF Dylan Crews OF Carson Benge OF Jacob Young P Zack Wheeler P Cade Cavalli SS Francisco Lindor,,,
848,5211335342,johnnyp509 (3/3),0,93.9,1B Abimelec Ortiz 2B Luis Arraez 3B Bryson Stott C Harry Ford OF Bryce Harper OF Dylan Crews OF Daylen Lile P Zack Wheeler P Cade Cavalli SS Nasim Nunez,,,
848,5211349431,KILLANADZ24 (2/10),0,93.9,1B Abimelec Ortiz 2B Luis Arraez 3B Bryson Stott C J.T. Realmuto OF Kyle Schwarber OF A.J. Ewing OF Carson Benge P Zack Wheeler P Cade Cavalli SS Trea Turner,,,
866,5210600545,ivymoose (19/20),0,93.75,1B Bryce Harper 2B Luis Arraez 3B Kazuma Okamoto C Alejandro Kirk OF Kyle Schwarber OF Justin Crawford OF Jesus Sanchez P Cade Cavalli P Zac Thornton SS Trea Turner,,,
866,5210619197,melvincali (15/20),0,93.75,1B Bryce Harper 2B Bryson Stott 3B Kazuma Okamoto C J.T. Realmuto OF George Springer OF Brandon Marsh OF Nathan Lukes P Cade Cavalli P Zac Thornton SS Trea Turner,,,
866,5210764841,Sammy.Boy (1/20),0,93.75,1B Bryce Harper 2B Luis Arraez 3B Kazuma Okamoto C Alejandro Kirk OF George Springer OF Nathan Lukes OF Jesus Sanchez P Cade Cavalli P Zac Thornton SS Trea Turner,,,
866,5210926199,snap42,0,93.75,1B Bryce Harper 2B Luis Arraez 3B Kazuma Okamoto C Alejandro Kirk OF George Springer OF Nathan Lukes OF Jesus Sanchez P Cade Cavalli P Zac Thornton SS Trea Turner,,,
866,5210967466,maestrobobcobb,0,93.75,1B Sal Stewart 2B Luis Arraez 3B Bo Bichette C Tyler Stephenson OF Bryce Harper OF JJ Bleday OF Carson Benge P Cade Cavalli P Zac Thornton SS Elly De La Cruz,,,
866,5210979430,etrigg63,0,93.75,1B Kazuma Okamoto 2B Brandon Lowe 3B Bo Bichette C Luis Torrens OF Kyle Schwarber OF Bryce Harper OF Esmerlyn Valdez P Cade Cavalli P Zac Thornton SS Francisco Lindor,,,
872,5210764848,Sammy.Boy (8/20),0,93.45,1B Sal Stewart 2B Bryson Stott 3B Alec Bohm C J.T. Realmuto OF Bryce Harper OF A.J. Ewing OF Brandon Marsh P Zack Wheeler P Zac Thornton SS Francisco Lindor,,,
872,5210879996,wallstruss (5/17),0,93.45,1B Bryce Harper 2B Matt McLain 3B Ke'Bryan Hayes C Tyler Stephenson OF JJ Bleday OF A.J. Ewing OF Hector Rodriguez P Zack Wheeler P Zac Thornton SS Trea Turner,,,
872,5210879997,wallstruss (6/17),0,93.45,1B Sal Stewart 2B Matt McLain 3B Bo Bichette C Tyler Stephenson OF JJ Bleday OF A.J. Ewing OF Hector Rodriguez P Zack Wheeler P Zac Thornton SS Francisco Lindor,,,
872,5210902552,j-wolf05 (20/20),0,93.45,1B Abimelec Ortiz 2B Jose Tena 3B Brady House C Tyler Stephenson OF Bryce Harper OF Dylan Crews OF Daylen Lile P Zack Wheeler P Zac Thornton SS Elly De La Cruz,,,
872,5210923455,mailman1000,0,93.45,1B Jared Young 2B Luis Arraez 3B Bo Bichette C Tyler Stephenson OF Bryce Harper OF Daylen Lile OF Esmerlyn Valdez P Zack Wheeler P Zac Thornton SS Francisco Lindor,,,
872,5210990433,the803goat (14/20),0,93.45,1B Sal Stewart 2B Jose Tena 3B Eugenio Suarez C Tyler Stephenson OF Bryce Harper OF JJ Bleday OF Justin Crawford P Zack Wheeler P Zac Thornton SS Elly De La Cruz,,,
872,5211073086,kreller17 (3/20),0,93.45,1B Sal Stewart 2B Nasim Nunez 3B Eugenio Suarez C Harry Ford OF Matt McLain OF Noelvi Marte OF Hector Rodriguez P Zack Wheeler P Zac Thornton SS CJ Abrams,,,
872,5211118523,JVGREEK (2/2),0,93.45,1B Jared Young 2B Luis Arraez 3B Bryson Stott C J.T. Realmuto OF Kyle Schwarber OF A.J. Ewing OF Brandon Marsh P Zack Wheeler P Zac Thornton SS Francisco Lindor,,,
872,5211202095,okelly36 (3/3),0,93.45,1B Abimelec Ortiz 2B Luis Arraez 3B Alec Bohm C Tyler Stephenson OF Bryce Harper OF Daylen Lile OF Brandon Marsh P Zack Wheeler P Zac Thornton SS Elly De La Cruz,,,
872,5211266914,vblack,0,93.45,1B Sal Stewart 2B Bryson Stott 3B Jared Triolo C J.T. Realmuto OF Daylen Lile OF Carson Benge OF Jacob Young P Zack Wheeler P Zac Thornton SS CJ Abrams,,,
872,5211279387,Dilbert29 (16/19),0,93.45,1B Sal Stewart 2B Jose Tena 3B Brady House C Harry Ford OF Daylen Lile OF Brandon Marsh OF Hector Rodriguez P Zack Wheeler P Zac Thornton SS CJ Abrams,,,
872,5211313479,Jimbobwae42,0,93.45,1B Bryce Harper 2B Luis Arraez 3B Bryson Stott C Tyler Stephenson OF JJ Bleday OF A.J. Ewing OF Matt McLain P Zack Wheeler P Zac Thornton SS Trea Turner,,,
872,5211321999,KristianFTM (14/20),0,93.45,1B Jared Young 2B Luis Arraez 3B Bo Bichette C Luis Torrens OF Kyle Schwarber OF A.J. Ewing OF Carson Benge P Zack Wheeler P Zac Thornton SS Trea Turner,,,
885,5211018268,rsumrall (12/20),0,93.4,1B Kazuma Okamoto 2B Nasim Nunez 3B Josh Smith C Alejandro Kirk OF Dylan Crews OF George Springer OF Nathan Lukes P Jose Soriano P Cade Cavalli SS CJ Abrams,,,
885,5211079118,jhc1532 (1/3),0,93.4,1B Sal Stewart 2B Luis Arraez 3B Nick Gonzales C Francisco Alvarez OF Bryan Reynolds OF Carson Benge OF Matt McLain P Jose Soriano P Cade Cavalli SS CJ Abrams,,,
885,5211104758,mgo14,0,93.4,1B Abimelec Ortiz 2B Brett Baty 3B Bo Bichette C Alejandro Kirk OF Daylen Lile OF George Springer OF Jesus Sanchez P Jose Soriano P Cade Cavalli SS CJ Abrams,,,
885,5211208599,Shane35678 (2/2),0,93.4,1B Sal Stewart 2B Ernie Clement 3B Bo Bichette C Harry Ford OF Kyle Schwarber OF Daylen Lile OF Hector Rodriguez P Jose Soriano P Cade Cavalli SS CJ Abrams,,,
885,5211271761,Sabali00,0,93.4,1B Sal Stewart 2B Nick Gonzales 3B Bo Bichette C Tyler Stephenson OF Kyle Schwarber OF Bryan Reynolds OF Carson Benge P Jose Soriano P Cade Cavalli SS Francisco Lindor,,,
890,5211327554,Milly14 (2/2),0,93.25,1B Sal Stewart 2B Nasim Nunez 3B Bryson Stott C Harry Ford OF Kyle Schwarber OF Daylen Lile OF Carson Benge P Jose Soriano P Carmen Mlodzinski SS Elly De La Cruz,,,
891,5211318944,garyyoung (6/13),0,93.1,1B Bryce Harper 2B Brandon Lowe 3B Kazuma Okamoto C Harry Ford OF Jacob Young OF Nathan Lukes OF Jesus Sanchez P Zack Wheeler P Jose Soriano SS Francisco Lindor,,,
891,5211321990,KristianFTM (5/20),0,93.1,1B Spencer Horwitz 2B Matt McLain 3B Eugenio Suarez C Tyler Stephenson OF Bryan Reynolds OF Esmerlyn Valdez OF Noelvi Marte P Zack Wheeler P Jose Soriano SS Elly De La Cruz,,,
893,5210559485,wolven64,0,92.9,1B Bryce Harper 2B Bryson Stott 3B Nick Gonzales C Tyler Stephenson OF Carson Benge OF Jacob Young OF Jesus Sanchez P Zack Wheeler P Cade Cavalli SS CJ Abrams,,,
893,5210819137,pkjorgy12,0,92.9,1B Bryce Harper 2B Nick Gonzales 3B Alec Bohm C J.T. Realmuto OF Kyle Schwarber OF Brett Baty OF Jesus Sanchez P Zack Wheeler P Cade Cavalli SS Francisco Lindor,,,
893,5210839027,LOCNOTM (13/20),0,92.9,1B Bryce Harper 2B Ronny Simon 3B Alec Bohm C Rafael Flores Jr. OF Kyle Schwarber OF Jake Mangum OF Justin Crawford P Zack Wheeler P Cade Cavalli SS Trea Turner,,,
893,5210844379,jsw1264,0,92.9,1B Jared Young 2B Luis Arraez 3B Bryson Stott C Tyler Stephenson OF Bryan Reynolds OF Carson Benge OF Matt McLain P Zack Wheeler P Cade Cavalli SS CJ Abrams,,,
893,5210927624,bellsofwar3 (4/20),0,92.9,1B Abimelec Ortiz 2B Jose Tena 3B Brady House C Harry Ford OF Kyle Schwarber OF Bryce Harper OF Ronny Simon P Zack Wheeler P Cade Cavalli SS CJ Abrams,,,
893,5210928117,whoisjohngalt420 (12/20),0,92.9,1B Jared Young 2B Brandon Lowe 3B Jorge Polanco C Luis Torrens OF Bryan Reynolds OF Esmerlyn Valdez OF Carson Benge P Zack Wheeler P Cade Cavalli SS Francisco Lindor,,,
893,5210938765,jw1984 (15/15),0,92.9,1B Bryce Harper 2B Brandon Lowe 3B Jared Triolo C Rafael Flores Jr. OF Esmerlyn Valdez OF Jake Mangum OF Brandon Marsh P Zack Wheeler P Cade Cavalli SS Francisco Lindor,,,
893,5210967038,Caryg07 (18/20),0,92.9,1B Bryce Harper 2B Luis Arraez 3B Nick Gonzales C Rafael Flores Jr. OF Kyle Schwarber OF Bryan Reynolds OF Ronny Simon P Zack Wheeler P Cade Cavalli SS Jared Triolo,,,
893,5210983399,cbrutsche,0,92.9,1B Abimelec Ortiz 2B Luis Arraez 3B Bo Bichette C Rafael Flores Jr. OF Bryce Harper OF Carson Benge OF Justin Crawford P Zack Wheeler P Cade Cavalli SS CJ Abrams,,,
893,5211004879,ladyfingers (6/15),0,92.9,1B Kazuma Okamoto 2B Brandon Lowe 3B Bo Bichette C Alejandro Kirk OF Carson Benge OF Matt McLain OF Jesus Sanchez P Zack Wheeler P Cade Cavalli SS CJ Abrams,,,
893,5211113430,austin60915 (8/20),0,92.9,1B Bryce Harper 2B Brandon Lowe 3B Jared Triolo C Rafael Flores Jr. OF Esmerlyn Valdez OF Jake Mangum OF Brandon Marsh P Zack Wheeler P Cade Cavalli SS Francisco Lindor,,,
893,5211113437,austin60915 (15/20),0,92.9,1B Abimelec Ortiz 2B Nasim Nunez 3B Brady House C Luis Torrens OF Bryce Harper OF Daylen Lile OF Brandon Marsh P Zack Wheeler P Cade Cavalli SS CJ Abrams,,,
893,5211143413,Dubbzz (14/20),0,92.9,1B Abimelec Ortiz 2B Luis Arraez 3B Eugenio Suarez C J.T. Realmuto OF Bryce Harper OF Dylan Crews OF Daylen Lile P Zack Wheeler P Cade Cavalli SS Trea Turner,,,
893,5211153458,Satch65 (5/20),0,92.9,1B Alec Bohm 2B Luis Arraez 3B Brady House C Rafael Flores Jr. OF Bryan Reynolds OF Daylen Lile OF Ronny Simon P Zack Wheeler P Cade Cavalli SS CJ Abrams,,,
893,5211211238,darrylposton (15/20),0,92.9,1B Jared Young 2B Luis Arraez 3B Bryson Stott C Luis Torrens OF Bryce Harper OF A.J. Ewing OF Brett Baty P Zack Wheeler P Cade Cavalli SS CJ Abrams,,,
893,5211218646,eharig09 (10/20),0,92.9,1B Alec Bohm 2B Luis Arraez 3B Bryson Stott C Tyler Stephenson OF Daylen Lile OF Brandon Marsh OF Justin Crawford P Zack Wheeler P Cade Cavalli SS CJ Abrams,,,
893,5211249444,62caddyconvert (1/2),0,92.9,1B Alec Bohm 2B Luis Arraez 3B Bryson Stott C J.T. Realmuto OF Daylen Lile OF Brandon Marsh OF Nathan Lukes P Zack Wheeler P Cade Cavalli SS CJ Abrams,,,
893,5211254910,jefftman (1/2),0,92.9,1B Jared Young 2B Luis Arraez 3B Bryson Stott C Luis Torrens OF Kyle Schwarber OF Bryce Harper OF Matt McLain P Zack Wheeler P Cade Cavalli SS Trea Turner,,,
893,5211256181,brianLiza,0,92.9,1B Jared Young 2B Luis Arraez 3B Bryson Stott C Tyler Stephenson OF Bryce Harper OF Esmerlyn Valdez OF Carson Benge P Zack Wheeler P Cade Cavalli SS Francisco Lindor,,,
893,5211260806,jefftman (2/2),0,92.9,1B Jared Young 2B Luis Arraez 3B Bryson Stott C Luis Torrens OF Kyle Schwarber OF Bryce Harper OF Matt McLain P Zack Wheeler P Cade Cavalli SS Trea Turner,,,
893,5211334334,Petef,0,92.9,1B Sal Stewart 2B Luis Arraez 3B Bryson Stott C Luis Torrens OF Esmerlyn Valdez OF A.J. Ewing OF Brett Baty P Zack Wheeler P Cade Cavalli SS Elly De La Cruz,,,
893,5211334941,BrutustheBengal,0,92.9,1B Abimelec Ortiz 2B Luis Arraez 3B Alec Bohm C Tyler Stephenson OF Daylen Lile OF Esmerlyn Valdez OF A.J. Ewing P Zack Wheeler P Cade Cavalli SS CJ Abrams,,,
893,5211344496,fantasysuperstar (8/20),0,92.9,1B Abimelec Ortiz 2B Luis Arraez 3B Alec Bohm C Harry Ford OF Dylan Crews OF Daylen Lile OF Ronny Simon P Zack Wheeler P Cade Cavalli SS CJ Abrams,,,
916,5210619190,melvincali (8/20),0,92.75,1B Bryce Harper 2B Luis Arraez 3B Alec Bohm C Alejandro Kirk OF George Springer OF Brandon Marsh OF Nathan Lukes P Cade Cavalli P Zac Thornton SS Trea Turner,,,
916,5211272784,MiltonHenry,0,92.75,1B Abimelec Ortiz 2B Brandon Lowe 3B Brady House C J.T. Realmuto OF Bryan Reynolds OF Dylan Crews OF Daylen Lile P Cade Cavalli P Zac Thornton SS CJ Abrams,,,
916,5211339429,Steven_1974 (3/20),0,92.75,1B Bryce Harper 2B Luis Arraez 3B Kazuma Okamoto C Alejandro Kirk OF Kyle Schwarber OF George Springer OF Nathan Lukes P Cade Cavalli P Zac Thornton SS CJ Abrams,,,
919,5210996693,LTskelter (12/20),0,92.45,1B Sal Stewart 2B Marcus Semien 3B Bo Bichette C Tyler Stephenson OF JJ Bleday OF Carson Benge OF Noelvi Marte P Zack Wheeler P Zac Thornton SS Elly De La Cruz,,,
919,5211174465,MJDLC (2/20),0,92.45,1B Bryce Harper 2B Luis Arraez 3B Eugenio Suarez C Tyler Stephenson OF Kyle Schwarber OF A.J. Ewing OF Hector Rodriguez P Zack Wheeler P Zac Thornton SS Trea Turner,,,
919,5211202065,Shane35678 (1/2),0,92.45,1B Sal Stewart 2B Bryson Stott 3B Kazuma Okamoto C Tyler Stephenson OF A.J. Ewing OF Carson Benge OF Justin Crawford P Zack Wheeler P Zac Thornton SS CJ Abrams,,,
919,5211280941,pat_the_hat2 (10/20),0,92.45,1B Abimelec Ortiz 2B Bryson Stott 3B Brady House C J.T. Realmuto OF Kyle Schwarber OF A.J. Ewing OF Justin Crawford P Zack Wheeler P Zac Thornton SS CJ Abrams,,,
919,5211317819,Skralph (8/20),0,92.45,1B Sal Stewart 2B Ronny Simon 3B Eugenio Suarez C Tyler Stephenson OF Kyle Schwarber OF Bryce Harper OF Hector Rodriguez P Zack Wheeler P Zac Thornton SS Elly De La Cruz,,,
919,5211352650,timwufu,0,92.45,1B Jared Young 2B Luis Arraez 3B Bryson Stott C Tyler Stephenson OF Bryce Harper OF Carson Benge OF Brandon Marsh P Zack Wheeler P Zac Thornton SS Elly De La Cruz,,,
925,5210829715,rodh73,0,92.4,1B Sal Stewart 2B Luis Arraez 3B Kazuma Okamoto C J.T. Realmuto OF Kyle Schwarber OF A.J. Ewing OF George Springer P Jose Soriano P Cade Cavalli SS Francisco Lindor,,,
925,5211233565,sportsfan14 (5/20),0,92.4,1B Spencer Horwitz 2B Brandon Lowe 3B Kazuma Okamoto C Alejandro Kirk OF George Springer OF Nathan Lukes OF Jesus Sanchez P Jose Soriano P Cade Cavalli SS Francisco Lindor,,,
925,5211327132,drunkonpappy (2/20),0,92.4,1B Spencer Horwitz 2B Ronny Simon 3B Jared Triolo C Alejandro Kirk OF Esmerlyn Valdez OF Jake Mangum OF Jesus Sanchez P Jose Soriano P Cade Cavalli SS Francisco Lindor,,,
928,5210554260,Nvremailme,0,92.1,1B Kazuma Okamoto 2B Marcus Semien 3B Bryson Stott C Luis Torrens OF Bryce Harper OF Esmerlyn Valdez OF A.J. Ewing P Zack Wheeler P Jose Soriano SS Trea Turner,,,
928,5210838331,jlegrand22 (13/20),0,92.1,1B Sal Stewart 2B Ronny Simon 3B Eugenio Suarez C Harry Ford OF Bryan Reynolds OF JJ Bleday OF Hector Rodriguez P Zack Wheeler P Jose Soriano SS Elly De La Cruz,,,
928,5210841631,ForestFarmers,0,92.1,1B Sal Stewart 2B Jose Tena 3B Eugenio Suarez C Alejandro Kirk OF Daylen Lile OF JJ Bleday OF Hector Rodriguez P Zack Wheeler P Jose Soriano SS Elly De La Cruz,,,
928,5210888218,goofybh207 (2/2),0,92.1,1B Abimelec Ortiz 2B Jose Tena 3B Eugenio Suarez C Tyler Stephenson OF Dylan Crews OF Daylen Lile OF A.J. Ewing P Zack Wheeler P Jose Soriano SS CJ Abrams,,,
928,5210900513,cclarkh,0,92.1,1B Jared Young 2B Luis Arraez 3B Bo Bichette C Tyler Stephenson OF Bryan Reynolds OF A.J. Ewing OF Carson Benge P Zack Wheeler P Jose Soriano SS Francisco Lindor,,,
928,5211266781,seth1374 (10/20),0,92.1,1B Sal Stewart 2B Jorge Polanco 3B Eugenio Suarez C Tyler Stephenson OF JJ Bleday OF A.J. Ewing OF Carson Benge P Zack Wheeler P Jose Soriano SS Elly De La Cruz,,,
928,5211287501,garyyoung (2/13),0,92.1,1B Bryce Harper 2B Luis Arraez 3B Kazuma Okamoto C Luis Torrens OF A.J. Ewing OF George Springer OF Justin Crawford P Zack Wheeler P Jose Soriano SS Trea Turner,,,
935,5210889866,foutah,0,91.95,1B Sal Stewart 2B Matt McLain 3B Eugenio Suarez C Harry Ford OF Kyle Schwarber OF Dylan Crews OF Brett Baty P Jose Soriano P Zac Thornton SS CJ Abrams,,,
936,5210822190,Abc1289 (11/20),0,91.9,1B Abimelec Ortiz 2B Nasim Nunez 3B Jared Triolo C J.T. Realmuto OF Bryce Harper OF Daylen Lile OF Jake Mangum P Zack Wheeler P Cade Cavalli SS CJ Abrams,,,
936,5210850726,tbjones2121 (6/20),0,91.9,1B Abimelec Ortiz 2B Bryson Stott 3B Brady House C J.T. Realmuto OF Bryce Harper OF Daylen Lile OF Jacob Young P Zack Wheeler P Cade Cavalli SS CJ Abrams,,,
936,5210938754,jw1984 (4/15),0,91.9,1B Bryce Harper 2B Jorge Polanco 3B Nick Gonzales C Rafael Flores Jr. OF Bryan Reynolds OF Esmerlyn Valdez OF Jake Mangum P Zack Wheeler P Cade Cavalli SS Francisco Lindor,,,
936,5210990430,the803goat (11/20),0,91.9,1B Abimelec Ortiz 2B Bryson Stott 3B Brady House C J.T. Realmuto OF Bryce Harper OF Daylen Lile OF Jacob Young P Zack Wheeler P Cade Cavalli SS CJ Abrams,,,
936,5210997555,chrispy2005 (13/20),0,91.9,1B Abimelec Ortiz 2B Bryson Stott 3B Brady House C J.T. Realmuto OF Bryce Harper OF Daylen Lile OF Jacob Young P Zack Wheeler P Cade Cavalli SS CJ Abrams,,,
936,5211003442,s9439,0,91.9,1B Bryce Harper 2B Luis Arraez 3B Bryson Stott C Harry Ford OF Kyle Schwarber OF Jesus Sanchez OF Hector Rodriguez P Zack Wheeler P Cade Cavalli SS Trea Turner,,,
936,5211042637,thundrenterprises (5/20),0,91.9,1B Jared Young 2B Bryson Stott 3B Alec Bohm C Luis Torrens OF Kyle Schwarber OF Bryce Harper OF Brandon Marsh P Zack Wheeler P Cade Cavalli SS Francisco Lindor,,,
936,5211081276,FoxyGrandpa252 (4/20),0,91.9,1B Spencer Horwitz 2B Brandon Lowe 3B Brady House C Rafael Flores Jr. OF A.J. Ewing OF Jake Mangum OF Ronny Simon P Zack Wheeler P Cade Cavalli SS CJ Abrams,,,
936,5211081280,FoxyGrandpa252 (8/20),0,91.9,1B Abimelec Ortiz 2B Ronny Simon 3B Nick Gonzales C Harry Ford OF Bryan Reynolds OF Esmerlyn Valdez OF Jake Mangum P Zack Wheeler P Cade Cavalli SS CJ Abrams,,,
936,5211093034,lsulunatik (4/18),0,91.9,1B Abimelec Ortiz 2B Brandon Lowe 3B Jared Triolo C Rafael Flores Jr. OF Bryan Reynolds OF Daylen Lile OF Brett Baty P Zack Wheeler P Cade Cavalli SS CJ Abrams,,,
936,5211113425,austin60915 (3/20),0,91.9,1B Rafael Flores Jr. 2B Ronny Simon 3B Jared Triolo C Harry Ford OF Kyle Schwarber OF Esmerlyn Valdez OF Jake Mangum P Zack Wheeler P Cade Cavalli SS CJ Abrams,,,
936,5211118184,cubcrazyfool,0,91.9,1B Alec Bohm 2B Luis Arraez 3B Bo Bichette C J.T. Realmuto OF Daylen Lile OF Esmerlyn Valdez OF Jake Mangum P Zack Wheeler P Cade Cavalli SS Francisco Lindor,,,
936,5211153457,Satch65 (4/20),0,91.9,1B Jared Young 2B Bryson Stott 3B Alec Bohm C Luis Torrens OF Kyle Schwarber OF Bryce Harper OF Brandon Marsh P Zack Wheeler P Cade Cavalli SS Francisco Lindor,,,
936,5211153471,Satch65 (18/20),0,91.9,1B Bryce Harper 2B Luis Arraez 3B Jared Triolo C Rafael Flores Jr. OF Bryan Reynolds OF Esmerlyn Valdez OF Jake Mangum P Zack Wheeler P Cade Cavalli SS Francisco Lindor,,,
936,5211188697,rcarena (3/7),0,91.9,1B Bryce Harper 2B Brett Baty 3B Bryson Stott C Luis Torrens OF Bryan Reynolds OF Esmerlyn Valdez OF Carson Benge P Zack Wheeler P Cade Cavalli SS Trea Turner,,,
936,5211225619,matthewwalsh (16/20),0,91.9,1B Abimelec Ortiz 2B Brandon Lowe 3B Bryson Stott C J.T. Realmuto OF Kyle Schwarber OF Brandon Marsh OF Justin Crawford P Zack Wheeler P Cade Cavalli SS Francisco Lindor,,,
936,5211282208,DanDePo (1/3),0,91.9,1B Abimelec Ortiz 2B Luis Arraez 3B Brady House C Luis Torrens OF Bryce Harper OF Daylen Lile OF Jacob Young P Zack Wheeler P Cade Cavalli SS CJ Abrams,,,
936,5211282242,DanDePo (2/3),0,91.9,1B Abimelec Ortiz 2B Luis Arraez 3B Brady House C Luis Torrens OF Bryce Harper OF Daylen Lile OF Jacob Young P Zack Wheeler P Cade Cavalli SS CJ Abrams,,,
936,5211286289,DanDePo (3/3),0,91.9,1B Abimelec Ortiz 2B Luis Arraez 3B Brady House C Luis Torrens OF Bryce Harper OF Daylen Lile OF Jacob Young P Zack Wheeler P Cade Cavalli SS CJ Abrams,,,
936,5211343825,cellos213,0,91.9,1B Jared Young 2B Marcus Semien 3B Jorge Polanco C Luis Torrens OF Kyle Schwarber OF JJ Bleday OF Carson Benge P Zack Wheeler P Cade Cavalli SS CJ Abrams,,,
936,5211344490,fantasysuperstar (2/20),0,91.9,1B Jared Young 2B Brett Baty 3B Bo Bichette C Rafael Flores Jr. OF Bryan Reynolds OF Esmerlyn Valdez OF Carson Benge P Zack Wheeler P Cade Cavalli SS Francisco Lindor,,,
936,5211345168,jnwallen (11/20),0,91.9,1B Jared Young 2B Brandon Lowe 3B Bo Bichette C Rafael Flores Jr. OF Esmerlyn Valdez OF Carson Benge OF Jake Mangum P Zack Wheeler P Cade Cavalli SS Francisco Lindor,,,
936,5211345172,jnwallen (15/20),0,91.9,1B Jared Young 2B Brandon Lowe 3B Nick Gonzales C Luis Torrens OF Bryan Reynolds OF Esmerlyn Valdez OF Jake Mangum P Zack Wheeler P Cade Cavalli SS Francisco Lindor,,,
959,5210822189,Abc1289 (10/20),0,91.75,1B Bryce Harper 2B Luis Arraez 3B Jorge Polanco C J.T. Realmuto OF Kyle Schwarber OF Carson Benge OF Brandon Marsh P Cade Cavalli P Zac Thornton SS CJ Abrams,,,
959,5210850735,tbjones2121 (15/20),0,91.75,1B Bryce Harper 2B Bryson Stott 3B Alec Bohm C Alejandro Kirk OF Kyle Schwarber OF George Springer OF Brandon Marsh P Cade Cavalli P Zac Thornton SS CJ Abrams,,,
959,5211137319,elomerf,0,91.75,1B Spencer Horwitz 2B Brandon Lowe 3B Bo Bichette C Alejandro Kirk OF Bryce Harper OF Carson Benge OF Jacob Young P Cade Cavalli P Zac Thornton SS CJ Abrams,,,
959,5211327137,drunkonpappy (7/20),0,91.75,1B Abimelec Ortiz 2B Jose Tena 3B Brady House C Alejandro Kirk OF Dylan Crews OF A.J. Ewing OF Jesus Sanchez P Cade Cavalli P Zac Thornton SS CJ Abrams,,,
963,5210764844,Sammy.Boy (4/20),0,91.45,1B Alec Bohm 2B Luis Arraez 3B Bryson Stott C J.T. Realmuto OF Bryce Harper OF JJ Bleday OF A.J. Ewing P Zack Wheeler P Zac Thornton SS Francisco Lindor,,,
963,5210927640,bellsofwar3 (20/20),0,91.45,1B Sal Stewart 2B Brett Baty 3B Eugenio Suarez C Tyler Stephenson OF JJ Bleday OF A.J. Ewing OF Noelvi Marte P Zack Wheeler P Zac Thornton SS Francisco Lindor,,,
963,5211007923,mbernard34,0,91.45,1B Sal Stewart 2B Luis Arraez 3B Kazuma Okamoto C J.T. Realmuto OF Carson Benge OF Brandon Marsh OF Matt McLain P Zack Wheeler P Zac Thornton SS Elly De La Cruz,,,
963,5211214671,esmith911 (4/5),0,91.45,1B Sal Stewart 2B Luis Arraez 3B Bryson Stott C J.T. Realmuto OF Carson Benge OF Jacob Young OF Justin Crawford P Zack Wheeler P Zac Thornton SS Elly De La Cruz,,,
967,5211081133,UniversalFriend (11/20),0,91.4,1B Spencer Horwitz 2B Brandon Lowe 3B Nick Gonzales C Alejandro Kirk OF Esmerlyn Valdez OF Jake Mangum OF Nathan Lukes P Jose Soriano P Cade Cavalli SS Andres Gimenez,,,
967,5211298197,Paulo21613 (2/2),0,91.4,1B Spencer Horwitz 2B Brandon Lowe 3B Nick Gonzales C Alejandro Kirk OF Bryan Reynolds OF Esmerlyn Valdez OF Jesus Sanchez P Jose Soriano P Cade Cavalli SS Francisco Lindor,,,
969,5211101052,2112timmy,0,91.25,1B Spencer Horwitz 2B Brandon Lowe 3B Eugenio Suarez C J.T. Realmuto OF Daylen Lile OF JJ Bleday OF Carson Benge P Jose Soriano P Carmen Mlodzinski SS Elly De La Cruz,,,
970,5210990437,the803goat (18/20),0,91.1,1B Jared Young 2B Marcus Semien 3B Brady House C Luis Torrens OF Kyle Schwarber OF A.J. Ewing OF Brett Baty P Zack Wheeler P Jose Soriano SS CJ Abrams,,,
970,5211063751,Kdeesuperman42,0,91.1,1B Jared Young 2B Brett Baty 3B Brady House C Luis Torrens OF Dylan Crews OF Daylen Lile OF A.J. Ewing P Zack Wheeler P Jose Soriano SS CJ Abrams,,,
970,5211326334,reycito21 (1/4),0,91.1,1B Jared Young 2B Marcus Semien 3B Bo Bichette C Tyler Stephenson OF JJ Bleday OF Esmerlyn Valdez OF A.J. Ewing P Zack Wheeler P Jose Soriano SS Elly De La Cruz,,,
973,5211213502,whoabuck (3/3),0,91.05,1B Bryce Harper 2B Brandon Lowe 3B Nick Gonzales C Harry Ford OF Esmerlyn Valdez OF Carson Benge OF Brandon Marsh P Cade Cavalli P Carmen Mlodzinski SS CJ Abrams,,,
974,5210764847,Sammy.Boy (7/20),0,90.9,1B Bryce Harper 2B Luis Arraez 3B Jared Triolo C Rafael Flores Jr. OF Kyle Schwarber OF Jake Mangum OF Justin Crawford P Zack Wheeler P Cade Cavalli SS Trea Turner,,,
974,5210764860,Sammy.Boy (20/20),0,90.9,1B Bryce Harper 2B Nick Gonzales 3B Jared Triolo C J.T. Realmuto OF Kyle Schwarber OF Brandon Marsh OF Ronny Simon P Zack Wheeler P Cade Cavalli SS Trea Turner,,,
974,5210798378,nelsonboat,0,90.9,1B Sal Stewart 2B Nasim Nunez 3B Ke'Bryan Hayes C Harry Ford OF Daylen Lile OF JJ Bleday OF Jesus Sanchez P Zack Wheeler P Cade Cavalli SS CJ Abrams,,,
974,5210902545,j-wolf05 (13/20),0,90.9,1B Bryce Harper 2B Luis Arraez 3B Jared Triolo C Rafael Flores Jr. OF Kyle Schwarber OF Jake Mangum OF Justin Crawford P Zack Wheeler P Cade Cavalli SS Trea Turner,,,
974,5210922130,DoW0rkSon,0,90.9,1B Jared Young 2B Bryson Stott 3B Brady House C Luis Torrens OF Kyle Schwarber OF A.J. Ewing OF Jacob Young P Zack Wheeler P Cade Cavalli SS CJ Abrams,,,
974,5210938763,jw1984 (13/15),0,90.9,1B Abimelec Ortiz 2B Jose Tena 3B Eugenio Suarez C Harry Ford OF Bryan Reynolds OF Esmerlyn Valdez OF Jake Mangum P Zack Wheeler P Cade Cavalli SS CJ Abrams,,,
974,5210967023,Caryg07 (3/20),0,90.9,1B Abimelec Ortiz 2B Brandon Lowe 3B Jared Triolo C Rafael Flores Jr. OF Daylen Lile OF Esmerlyn Valdez OF Jake Mangum P Zack Wheeler P Cade Cavalli SS CJ Abrams,,,
974,5210967032,Caryg07 (12/20),0,90.9,1B Bryce Harper 2B Luis Arraez 3B Brady House C J.T. Realmuto OF A.J. Ewing OF Jake Mangum OF Brandon Marsh P Zack Wheeler P Cade Cavalli SS Trea Turner,,,
974,5210990429,the803goat (10/20),0,90.9,1B Bryce Harper 2B Luis Arraez 3B Bryson Stott C Alejandro Kirk OF Brandon Marsh OF Justin Crawford OF Jesus Sanchez P Zack Wheeler P Cade Cavalli SS CJ Abrams,,,
974,5210996697,LTskelter (16/20),0,90.9,1B Abimelec Ortiz 2B Brandon Lowe 3B Jared Triolo C Rafael Flores Jr. OF Daylen Lile OF Esmerlyn Valdez OF Jake Mangum P Zack Wheeler P Cade Cavalli SS CJ Abrams,,,
974,5211174472,MJDLC (9/20),0,90.9,1B Abimelec Ortiz 2B Nasim Nunez 3B Alec Bohm C J.T. Realmuto OF Daylen Lile OF Carson Benge OF Brandon Marsh P Zack Wheeler P Cade Cavalli SS CJ Abrams,,,
974,5211198478,Jyrays,0,90.9,1B Spencer Horwitz 2B Nick Gonzales 3B Bo Bichette C Harry Ford OF Dylan Crews OF Daylen Lile OF Jacob Young P Zack Wheeler P Cade Cavalli SS Nasim Nunez,,,
974,5211199713,aquafinatim (11/20),0,90.9,1B Bryce Harper 2B Ronny Simon 3B Jared Triolo C Rafael Flores Jr. OF Kyle Schwarber OF Bryan Reynolds OF Jake Mangum P Zack Wheeler P Cade Cavalli SS Trea Turner,,,
974,5211225623,matthewwalsh (20/20),0,90.9,1B Alec Bohm 2B Luis Arraez 3B Bryson Stott C J.T. Realmuto OF Esmerlyn Valdez OF A.J. Ewing OF Justin Crawford P Zack Wheeler P Cade Cavalli SS CJ Abrams,,,
974,5211273140,shanemoore27 (20/20),0,90.9,1B Abimelec Ortiz 2B Nasim Nunez 3B Alec Bohm C Harry Ford OF Daylen Lile OF Esmerlyn Valdez OF Jake Mangum P Zack Wheeler P Cade Cavalli SS CJ Abrams,,,
974,5211281456,KOHearts25 (2/2),0,90.9,1B Alec Bohm 2B Matt McLain 3B Ernie Clement C Rafael Flores Jr. OF Bryce Harper OF Bryan Reynolds OF Jesus Sanchez P Zack Wheeler P Cade Cavalli SS CJ Abrams,,,
974,5211294952,Mige1 (3/20),0,90.9,1B Jared Young 2B Brandon Lowe 3B Jared Triolo C Rafael Flores Jr. OF Esmerlyn Valdez OF A.J. Ewing OF Jake Mangum P Zack Wheeler P Cade Cavalli SS CJ Abrams,,,
974,5211321995,KristianFTM (10/20),0,90.9,1B Bryce Harper 2B Ronny Simon 3B Jared Triolo C Rafael Flores Jr. OF Kyle Schwarber OF Bryan Reynolds OF Jake Mangum P Zack Wheeler P Cade Cavalli SS Trea Turner,,,
974,5211336310,jgambone,0,90.9,1B Jared Young 2B Luis Arraez 3B Bryson Stott C Luis Torrens OF JJ Bleday OF Carson Benge OF Jacob Young P Zack Wheeler P Cade Cavalli SS Elly De La Cruz,,,
974,5211345177,jnwallen (20/20),0,90.9,1B Abimelec Ortiz 2B Brandon Lowe 3B Jared Triolo C Rafael Flores Jr. OF Daylen Lile OF Esmerlyn Valdez OF Jake Mangum P Zack Wheeler P Cade Cavalli SS CJ Abrams,,,
994,5210801264,SuperD48 (1/6),0,90.75,1B Sal Stewart 2B Ernie Clement 3B Kazuma Okamoto C Alejandro Kirk OF Kyle Schwarber OF Daylen Lile OF George Springer P Cade Cavalli P Zac Thornton SS CJ Abrams,,,
994,5210804382,SuperD48 (2/6),0,90.75,1B Sal Stewart 2B Ernie Clement 3B Kazuma Okamoto C Alejandro Kirk OF Kyle Schwarber OF Daylen Lile OF George Springer P Cade Cavalli P Zac Thornton SS CJ Abrams,,,
994,5210804387,SuperD48 (3/6),0,90.75,1B Sal Stewart 2B Ernie Clement 3B Kazuma Okamoto C Alejandro Kirk OF Kyle Schwarber OF Daylen Lile OF George Springer P Cade Cavalli P Zac Thornton SS CJ Abrams,,,
994,5210851943,robbyh,0,90.75,1B Bryce Harper 2B Bryson Stott 3B Bo Bichette C Tyler Stephenson OF Esmerlyn Valdez OF A.J. Ewing OF Carson Benge P Zack Wheeler P Chase Petty SS Elly De La Cruz,,,
994,5211073096,kreller17 (13/20),0,90.75,1B Bryce Harper 2B Luis Arraez 3B Kazuma Okamoto C J.T. Realmuto OF George Springer OF Brandon Marsh OF Nathan Lukes P Cade Cavalli P Zac Thornton SS CJ Abrams,,,
994,5211273131,shanemoore27 (11/20),0,90.75,1B Sal Stewart 2B Jose Tena 3B Brady House C Alejandro Kirk OF Kyle Schwarber OF Dylan Crews OF Daylen Lile P Cade Cavalli P Zac Thornton SS CJ Abrams,,,
994,5211273132,shanemoore27 (12/20),0,90.75,1B Bryce Harper 2B Nasim Nunez 3B Jared Triolo C Harry Ford OF Kyle Schwarber OF Dylan Crews OF Jacob Young P Cade Cavalli P Zac Thornton SS CJ Abrams,,,
994,5211294955,Mige1 (6/20),0,90.75,1B Bryce Harper 2B Luis Arraez 3B Alec Bohm C Alejandro Kirk OF Kyle Schwarber OF Brandon Marsh OF Nathan Lukes P Cade Cavalli P Zac Thornton SS CJ Abrams,,,
1002,5210736478,jmclaurin,0,90.45,1B Sal Stewart 2B Luis Arraez 3B Bo Bichette C Luis Torrens OF Daylen Lile OF Carson Benge OF Hector Rodriguez P Zack Wheeler P Zac Thornton SS CJ Abrams,,,
1002,5210839032,LOCNOTM (18/20),0,90.45,1B Sal Stewart 2B Bryson Stott 3B Eugenio Suarez C Tyler Stephenson OF Bryce Harper OF Brandon Marsh OF Noelvi Marte P Zack Wheeler P Zac Thornton SS Elly De La Cruz,,,
1002,5210850739,tbjones2121 (19/20),0,90.45,1B Bryce Harper 2B Luis Arraez 3B Eugenio Suarez C J.T. Realmuto OF JJ Bleday OF Noelvi Marte OF Hector Rodriguez P Zack Wheeler P Zac Thornton SS Elly De La Cruz,,,
1002,5211018270,rsumrall (14/20),0,90.45,1B Sal Stewart 2B Bryson Stott 3B Eugenio Suarez C Tyler Stephenson OF Bryce Harper OF Brandon Marsh OF Noelvi Marte P Zack Wheeler P Zac Thornton SS Elly De La Cruz,,,
1002,5211018276,rsumrall (20/20),0,90.45,1B Sal Stewart 2B Jorge Polanco 3B Bo Bichette C Tyler Stephenson OF JJ Bleday OF A.J. Ewing OF Matt McLain P Zack Wheeler P Zac Thornton SS Elly De La Cruz,,,
1007,5210961891,henry296 (5/20),0,90.4,1B Spencer Horwitz 2B Luis Arraez 3B Kazuma Okamoto C Alejandro Kirk OF Bryce Harper OF George Springer OF Jesus Sanchez P Jose Soriano P Cade Cavalli SS Elly De La Cruz,,,
1007,5211078927,ellisac1 (1/3),0,90.4,1B Abimelec Ortiz 2B Bryson Stott 3B Kazuma Okamoto C Harry Ford OF Dylan Crews OF Daylen Lile OF Esmerlyn Valdez P Jose Soriano P Cade Cavalli SS CJ Abrams,,,
1007,5211143400,Dubbzz (1/20),0,90.4,1B Kazuma Okamoto 2B Brandon Lowe 3B Ernie Clement C Alejandro Kirk OF Daylen Lile OF George Springer OF Jesus Sanchez P Jose Soriano P Cade Cavalli SS CJ Abrams,,,
1010,5210756982,jonchill,0,90.1,1B Abimelec Ortiz 2B Brandon Lowe 3B Eugenio Suarez C Tyler Stephenson OF Daylen Lile OF JJ Bleday OF Hector Rodriguez P Zack Wheeler P Jose Soriano SS Elly De La Cruz,,,
1010,5210831936,jlegrand22 (1/20),0,90.1,1B Abimelec Ortiz 2B Brandon Lowe 3B Eugenio Suarez C Tyler Stephenson OF Daylen Lile OF JJ Bleday OF Hector Rodriguez P Zack Wheeler P Jose Soriano SS Elly De La Cruz,,,
1010,5210850731,tbjones2121 (11/20),0,90.1,1B Abimelec Ortiz 2B Brandon Lowe 3B Eugenio Suarez C Tyler Stephenson OF Daylen Lile OF JJ Bleday OF Hector Rodriguez P Zack Wheeler P Jose Soriano SS Elly De La Cruz,,,
1010,5210910883,luckychuck,0,90.1,1B Abimelec Ortiz 2B Brandon Lowe 3B Eugenio Suarez C Tyler Stephenson OF Daylen Lile OF JJ Bleday OF Hector Rodriguez P Zack Wheeler P Jose Soriano SS Elly De La Cruz,,,
1010,5211084303,19murphy82,0,90.1,1B Abimelec Ortiz 2B Brandon Lowe 3B Eugenio Suarez C Tyler Stephenson OF Daylen Lile OF JJ Bleday OF Hector Rodriguez P Zack Wheeler P Jose Soriano SS Elly De La Cruz,,,
1010,5211116341,Hoosier42,0,90.1,1B Abimelec Ortiz 2B Brandon Lowe 3B Eugenio Suarez C Tyler Stephenson OF Daylen Lile OF JJ Bleday OF Hector Rodriguez P Zack Wheeler P Jose Soriano SS Elly De La Cruz,,,
1010,5211326402,BlackIice (4/4),0,90.1,1B Abimelec Ortiz 2B Brandon Lowe 3B Eugenio Suarez C Tyler Stephenson OF Daylen Lile OF JJ Bleday OF Hector Rodriguez P Zack Wheeler P Jose Soriano SS Elly De La Cruz,,,
1010,5211329559,garyyoung (9/13),0,90.1,1B Kazuma Okamoto 2B Luis Arraez 3B Bo Bichette C Harry Ford OF George Springer OF Carson Benge OF Hector Rodriguez P Zack Wheeler P Jose Soriano SS Elly De La Cruz,,,
1010,5211345169,jnwallen (12/20),0,90.1,1B Abimelec Ortiz 2B Matt McLain 3B Brady House C Tyler Stephenson OF Dylan Crews OF Daylen Lile OF JJ Bleday P Zack Wheeler P Jose Soriano SS Elly De La Cruz,,,
1019,5210853250,Rebelfive,0,90.05,1B Bryce Harper 2B Luis Arraez 3B Nick Gonzales C Harry Ford OF Bryan Reynolds OF Esmerlyn Valdez OF Carson Benge P Cade Cavalli P Carmen Mlodzinski SS CJ Abrams,,,
1020,5211079202,thesportsfan (1/20),0,89.95,1B Sal Stewart 2B Matt McLain 3B Kazuma Okamoto C Alejandro Kirk OF JJ Bleday OF George Springer OF Jesus Sanchez P Jose Soriano P Zac Thornton SS Elly De La Cruz,,,
1020,5211193711,smithcj16 (19/20),0,89.95,1B Spencer Horwitz 2B Brandon Lowe 3B Eugenio Suarez C Alejandro Kirk OF Bryan Reynolds OF Esmerlyn Valdez OF Jake Mangum P Jose Soriano P Zac Thornton SS Elly De La Cruz,,,
1022,5210844131,deucenina,0,89.9,1B Abimelec Ortiz 2B Ronny Simon 3B Brady House C Rafael Flores Jr. OF Kyle Schwarber OF Dylan Crews OF Daylen Lile P Zack Wheeler P Cade Cavalli SS CJ Abrams,,,
1022,5210866044,apforadori (3/3),0,89.9,1B Abimelec Ortiz 2B Jorge Polanco 3B Eugenio Suarez C Tyler Stephenson OF Kyle Schwarber OF Bryce Harper OF Brandon Marsh P Zack Wheeler P Cade Cavalli SS Elly De La Cruz,,,
1022,5210948965,ttillie (4/20),0,89.9,1B Alec Bohm 2B Ronny Simon 3B Brady House C J.T. Realmuto OF Bryan Reynolds OF Esmerlyn Valdez OF A.J. Ewing P Zack Wheeler P Cade Cavalli SS CJ Abrams,,,
1022,5210969154,mikerugggolfpro,0,89.9,1B Bryce Harper 2B Luis Arraez 3B Ernie Clement C Tyler Stephenson OF Bryan Reynolds OF Daylen Lile OF Esmerlyn Valdez P Zack Wheeler P Cade Cavalli SS Jared Triolo,,,
1022,5210990782,bobpm121,0,89.9,1B Abimelec Ortiz 2B Nick Gonzales 3B Jared Triolo C Rafael Flores Jr. OF Dylan Crews OF Daylen Lile OF Esmerlyn Valdez P Zack Wheeler P Cade Cavalli SS CJ Abrams,,,
1022,5211004880,ladyfingers (7/15),0,89.9,1B Sal Stewart 2B Luis Arraez 3B Bo Bichette C Alejandro Kirk OF Carson Benge OF Matt McLain OF Jesus Sanchez P Zack Wheeler P Cade Cavalli SS CJ Abrams,,,
1022,5211010534,UWAlums03 (1/5),0,89.9,1B Bryce Harper 2B Luis Arraez 3B Eugenio Suarez C Tyler Stephenson OF JJ Bleday OF Brandon Marsh OF Hector Rodriguez P Zack Wheeler P Cade Cavalli SS Elly De La Cruz,,,
1022,5211073098,kreller17 (15/20),0,89.9,1B Abimelec Ortiz 2B Nasim Nunez 3B Jorge Polanco C Luis Torrens OF Daylen Lile OF Carson Benge OF Jacob Young P Zack Wheeler P Cade Cavalli SS CJ Abrams,,,
1022,5211075102,ron214 (2/2),0,89.9,1B Abimelec Ortiz 2B Nasim Nunez 3B Bryson Stott C Harry Ford OF Kyle Schwarber OF Bryan Reynolds OF Justin Crawford P Zack Wheeler P Cade Cavalli SS Trea Turner,,,
1022,5211078943,Wadley26,0,89.9,1B Abimelec Ortiz 2B Brandon Lowe 3B Bryson Stott C Luis Torrens OF Bryan Reynolds OF Daylen Lile OF JJ Bleday P Zack Wheeler P Cade Cavalli SS Trea Turner,,,
1022,5211218443,eharig09 (1/20),0,89.9,1B Abimelec Ortiz 2B Luis Arraez 3B Brady House C J.T. Realmuto OF Bryce Harper OF Daylen Lile OF Brandon Marsh P Zack Wheeler P Cade Cavalli SS Trea Turner,,,
1022,5211218647,eharig09 (11/20),0,89.9,1B Alec Bohm 2B Jose Tena 3B Brady House C Alejandro Kirk OF Dylan Crews OF Daylen Lile OF Nathan Lukes P Zack Wheeler P Cade Cavalli SS CJ Abrams,,,
1022,5211229763,rcarena (4/7),0,89.9,1B Rafael Flores Jr. 2B Brett Baty 3B Bryson Stott C Luis Torrens OF Bryce Harper OF Esmerlyn Valdez OF Carson Benge P Zack Wheeler P Cade Cavalli SS CJ Abrams,,,
1022,5211244222,cachedinar (4/20),0,89.9,1B Jared Young 2B Brett Baty 3B Bo Bichette C J.T. Realmuto OF Kyle Schwarber OF Dylan Crews OF A.J. Ewing P Zack Wheeler P Cade Cavalli SS Francisco Lindor,,,
1022,5211274650,exjarhead (1/3),0,89.9,1B Sal Stewart 2B Bryson Stott 3B Brady House C Luis Torrens OF Daylen Lile OF Jacob Young OF Noelvi Marte P Zack Wheeler P Cade Cavalli SS CJ Abrams,,,
1022,5211282202,kibbytwo,0,89.9,1B Jared Young 2B Bryson Stott 3B Kazuma Okamoto C Harry Ford OF Kyle Schwarber OF Bryce Harper OF Jesus Sanchez P Zack Wheeler P Cade Cavalli SS Trea Turner,,,
1022,5211317946,Diggs1421 (1/2),0,89.9,1B Spencer Horwitz 2B Bryson Stott 3B Alec Bohm C Harry Ford OF Bryan Reynolds OF Esmerlyn Valdez OF Justin Crawford P Zack Wheeler P Cade Cavalli SS Trea Turner,,,
1022,5211327138,drunkonpappy (8/20),0,89.9,1B Abimelec Ortiz 2B Marcus Semien 3B Brady House C Tyler Stephenson OF Dylan Crews OF Daylen Lile OF Esmerlyn Valdez P Zack Wheeler P Cade Cavalli SS CJ Abrams,,,
1022,5211341415,R.Devney,0,89.9,1B Alec Bohm 2B Luis Arraez 3B Brady House C Tyler Stephenson OF A.J. Ewing OF Carson Benge OF Brandon Marsh P Zack Wheeler P Cade Cavalli SS CJ Abrams,,,
1022,5211347752,hatdaddy (3/20),0,89.9,1B Alec Bohm 2B Luis Arraez 3B Bryson Stott C Luis Torrens OF Bryce Harper OF Bryan Reynolds OF Brandon Marsh P Zack Wheeler P Cade Cavalli SS Francisco Lindor,,,
1042,5210600527,ivymoose (1/20),0,89.75,1B Bryce Harper 2B Luis Arraez 3B Alec Bohm C Alejandro Kirk OF Kyle Schwarber OF George Springer OF Jesus Sanchez P Cade Cavalli P Zac Thornton SS Trea Turner,,,
1042,5211225621,matthewwalsh (18/20),0,89.75,1B Bryce Harper 2B Luis Arraez 3B Kazuma Okamoto C J.T. Realmuto OF George Springer OF Brandon Marsh OF Nathan Lukes P Cade Cavalli P Zac Thornton SS Trea Turner,,,
1042,5211261446,schromcak,0,89.75,1B Spencer Horwitz 2B Bryson Stott 3B Nick Gonzales C Francisco Alvarez OF Kyle Schwarber OF JJ Bleday OF Carson Benge P Cade Cavalli P Zac Thornton SS CJ Abrams,,,
1045,5210902551,j-wolf05 (19/20),0,89.45,1B Sal Stewart 2B Brett Baty 3B Bo Bichette C Tyler Stephenson OF JJ Bleday OF A.J. Ewing OF Carson Benge P Zack Wheeler P Zac Thornton SS Francisco Lindor,,,
1045,5210997557,chrispy2005 (15/20),0,89.45,1B Sal Stewart 2B Matt McLain 3B Eugenio Suarez C Harry Ford OF Dylan Crews OF JJ Bleday OF Noelvi Marte P Zack Wheeler P Zac Thornton SS Trea Turner,,,
1045,5211018801,STEELinthegame,0,89.45,1B Bryce Harper 2B Luis Arraez 3B Bryson Stott C J.T. Realmuto OF Daylen Lile OF JJ Bleday OF Jesus Sanchez P Zack Wheeler P Zac Thornton SS Trea Turner,,,
1045,5211081137,UniversalFriend (15/20),0,89.45,1B Bryce Harper 2B Bryson Stott 3B Eugenio Suarez C Tyler Stephenson OF JJ Bleday OF Noelvi Marte OF Hector Rodriguez P Zack Wheeler P Zac Thornton SS Francisco Lindor,,,
1045,5211081138,UniversalFriend (16/20),0,89.45,1B Sal Stewart 2B Luis Arraez 3B Bo Bichette C Tyler Stephenson OF A.J. Ewing OF Carson Benge OF Brett Baty P Zack Wheeler P Zac Thornton SS Francisco Lindor,,,
1045,5211113431,austin60915 (9/20),0,89.45,1B Sal Stewart 2B Jose Tena 3B Eugenio Suarez C Tyler Stephenson OF Bryce Harper OF A.J. Ewing OF Hector Rodriguez P Zack Wheeler P Zac Thornton SS CJ Abrams,,,
1045,5211199636,kalsebastian,0,89.45,1B Jared Young 2B Luis Arraez 3B Bo Bichette C Luis Torrens OF Kyle Schwarber OF Carson Benge OF Brandon Marsh P Zack Wheeler P Zac Thornton SS Francisco Lindor,,,
1045,5211209871,happykeith,0,89.45,1B Sal Stewart 2B Brett Baty 3B Bo Bichette C Tyler Stephenson OF JJ Bleday OF A.J. Ewing OF Carson Benge P Zack Wheeler P Zac Thornton SS Francisco Lindor,,,
1045,5211212588,Denbrokid,0,89.45,1B Sal Stewart 2B Matt McLain 3B Brady House C Tyler Stephenson OF Daylen Lile OF Brandon Marsh OF Jacob Young P Zack Wheeler P Zac Thornton SS CJ Abrams,,,
1045,5211217391,jrcook1164,0,89.45,1B Sal Stewart 2B Bryson Stott 3B Eugenio Suarez C Tyler Stephenson OF JJ Bleday OF Carson Benge OF Jake Mangum P Zack Wheeler P Zac Thornton SS Elly De La Cruz,,,
1045,5211294968,Mige1 (19/20),0,89.45,1B Bryce Harper 2B Luis Arraez 3B Eugenio Suarez C Tyler Stephenson OF Kyle Schwarber OF Noelvi Marte OF Justin Crawford P Zack Wheeler P Zac Thornton SS Trea Turner,,,
1056,5210880002,wallstruss (11/17),0,89.4,1B Jared Young 2B Ernie Clement 3B Bo Bichette C Alejandro Kirk OF George Springer OF Carson Benge OF Nathan Lukes P Jose Soriano P Cade Cavalli SS CJ Abrams,,,
1056,5210880006,wallstruss (15/17),0,89.4,1B Abimelec Ortiz 2B Jorge Polanco 3B Brady House C Harry Ford OF Esmerlyn Valdez OF A.J. Ewing OF Jacob Young P Jose Soriano P Cade Cavalli SS CJ Abrams,,,
1056,5211042641,thundrenterprises (9/20),0,89.4,1B Spencer Horwitz 2B Brandon Lowe 3B Nick Gonzales C Alejandro Kirk OF Esmerlyn Valdez OF Jake Mangum OF Jesus Sanchez P Jose Soriano P Cade Cavalli SS Francisco Lindor,,,
1056,5211200167,grumpyoldman73,0,89.4,1B Kazuma Okamoto 2B Luis Arraez 3B Brady House C Harry Ford OF Dylan Crews OF Daylen Lile OF Esmerlyn Valdez P Jose Soriano P Cade Cavalli SS CJ Abrams,,,
1056,5211244230,cachedinar (12/20),0,89.4,1B Spencer Horwitz 2B Brandon Lowe 3B Nick Gonzales C Alejandro Kirk OF Bryan Reynolds OF Esmerlyn Valdez OF Jesus Sanchez P Jose Soriano P Cade Cavalli SS Andres Gimenez,,,
1061,5210829168,nedmartin (2/3),0,89.1,1B Jared Young 2B Nasim Nunez 3B Eugenio Suarez C Tyler Stephenson OF Daylen Lile OF JJ Bleday OF Matt McLain P Zack Wheeler P Jose Soriano SS CJ Abrams,,,
1061,5210838329,jlegrand22 (11/20),0,89.1,1B Abimelec Ortiz 2B Brandon Lowe 3B Eugenio Suarez C Harry Ford OF JJ Bleday OF Noelvi Marte OF Hector Rodriguez P Zack Wheeler P Jose Soriano SS Elly De La Cruz,,,
1061,5210838332,jlegrand22 (14/20),0,89.1,1B Sal Stewart 2B Brandon Lowe 3B Eugenio Suarez C Harry Ford OF JJ Bleday OF Hector Rodriguez OF Ronny Simon P Zack Wheeler P Jose Soriano SS Elly De La Cruz,,,
1061,5211075147,KGoetsch,0,89.1,1B Abimelec Ortiz 2B Brandon Lowe 3B Brady House C Tyler Stephenson OF Daylen Lile OF JJ Bleday OF Nathan Lukes P Zack Wheeler P Jose Soriano SS Elly De La Cruz,,,
1061,5211174480,MJDLC (17/20),0,89.1,1B Sal Stewart 2B Jorge Polanco 3B Eugenio Suarez C Tyler Stephenson OF Bryan Reynolds OF A.J. Ewing OF Noelvi Marte P Zack Wheeler P Jose Soriano SS Elly De La Cruz,,,
1061,5211176706,gators070,0,89.1,1B Jared Young 2B Ronny Simon 3B Bo Bichette C Tyler Stephenson OF Bryan Reynolds OF A.J. Ewing OF Carson Benge P Zack Wheeler P Jose Soriano SS CJ Abrams,,,
1067,5211261785,durkee3,0,88.95,1B Abimelec Ortiz 2B Luis Arraez 3B Kazuma Okamoto C Harry Ford OF Kyle Schwarber OF Daylen Lile OF Esmerlyn Valdez P Jose Soriano P Zac Thornton SS CJ Abrams,,,
1068,5210928120,whoisjohngalt420 (15/20),0,88.9,1B Spencer Horwitz 2B Nick Gonzales 3B Jared Triolo C Harry Ford OF Dylan Crews OF Jake Mangum OF Ronny Simon P Zack Wheeler P Cade Cavalli SS CJ Abrams,,,
1068,5211000281,tedredbear,0,88.9,1B Sal Stewart 2B Luis Arraez 3B Bryson Stott C Tyler Stephenson OF Daylen Lile OF JJ Bleday OF Hector Rodriguez P Zack Wheeler P Cade Cavalli SS Elly De La Cruz,,,
1068,5211004881,ladyfingers (8/15),0,88.9,1B Sal Stewart 2B Luis Arraez 3B Bo Bichette C J.T. Realmuto OF Carson Benge OF Matt McLain OF Jesus Sanchez P Zack Wheeler P Cade Cavalli SS CJ Abrams,,,
1068,5211008794,bigshawn33,0,88.9,1B Jared Young 2B Luis Arraez 3B Bryson Stott C Luis Torrens OF Kyle Schwarber OF Bryce Harper OF Brett Baty P Zack Wheeler P Cade Cavalli SS Francisco Lindor,,,
1068,5211062476,Hatmanrox (1/2),0,88.9,1B Abimelec Ortiz 2B Ernie Clement 3B Brady House C J.T. Realmuto OF Bryce Harper OF Daylen Lile OF Brandon Marsh P Zack Wheeler P Cade Cavalli SS CJ Abrams,,,
1068,5211062477,Hatmanrox (2/2),0,88.9,1B Abimelec Ortiz 2B Ernie Clement 3B Brady House C J.T. Realmuto OF Bryce Harper OF Daylen Lile OF Brandon Marsh P Zack Wheeler P Cade Cavalli SS CJ Abrams,,,
1068,5211079206,thesportsfan (5/20),0,88.9,1B Abimelec Ortiz 2B Brandon Lowe 3B Nick Gonzales C Luis Torrens OF Bryan Reynolds OF Esmerlyn Valdez OF Jake Mangum P Zack Wheeler P Cade Cavalli SS Francisco Lindor,,,
1068,5211079214,thesportsfan (13/20),0,88.9,1B Bryce Harper 2B Jorge Polanco 3B Alec Bohm C Luis Torrens OF Kyle Schwarber OF Esmerlyn Valdez OF A.J. Ewing P Zack Wheeler P Cade Cavalli SS Trea Turner,,,
1068,5211081126,UniversalFriend (4/20),0,88.9,1B Abimelec Ortiz 2B Bryson Stott 3B Alec Bohm C J.T. Realmuto OF Bryce Harper OF A.J. Ewing OF Brandon Marsh P Zack Wheeler P Cade Cavalli SS CJ Abrams,,,
1068,5211081136,UniversalFriend (14/20),0,88.9,1B Abimelec Ortiz 2B Bryson Stott 3B Alec Bohm C Harry Ford OF Kyle Schwarber OF Dylan Crews OF Daylen Lile P Zack Wheeler P Cade Cavalli SS Nasim Nunez,,,
1068,5211081234,coastrat69,0,88.9,1B Bryce Harper 2B Bryson Stott 3B Alec Bohm C Harry Ford OF Kyle Schwarber OF Brandon Marsh OF Jesus Sanchez P Zack Wheeler P Cade Cavalli SS Nasim Nunez,,,
1068,5211095029,SpeedRacer101 (20/20),0,88.9,1B Spencer Horwitz 2B Bryson Stott 3B Nick Gonzales C J.T. Realmuto OF Bryce Harper OF Esmerlyn Valdez OF Justin Crawford P Zack Wheeler P Cade Cavalli SS Trea Turner,,,
1068,5211113436,austin60915 (14/20),0,88.9,1B Spencer Horwitz 2B Ronny Simon 3B Bo Bichette C Rafael Flores Jr. OF Esmerlyn Valdez OF A.J. Ewing OF Jake Mangum P Zack Wheeler P Cade Cavalli SS CJ Abrams,,,
1068,5211113439,austin60915 (17/20),0,88.9,1B Abimelec Ortiz 2B Marcus Semien 3B Nick Gonzales C Rafael Flores Jr. OF Bryan Reynolds OF Esmerlyn Valdez OF Jake Mangum P Zack Wheeler P Cade Cavalli SS CJ Abrams,,,
1068,5211144391,ladyfingers (15/15),0,88.9,1B Bryce Harper 2B Jorge Polanco 3B Eugenio Suarez C Tyler Stephenson OF Kyle Schwarber OF JJ Bleday OF Hector Rodriguez P Zack Wheeler P Cade Cavalli SS Elly De La Cruz,,,
1068,5211174470,MJDLC (7/20),0,88.9,1B Spencer Horwitz 2B Luis Arraez 3B Nick Gonzales C Rafael Flores Jr. OF Bryce Harper OF Brandon Marsh OF Justin Crawford P Zack Wheeler P Cade Cavalli SS Trea Turner,,,
1068,5211222967,chensley72 (2/4),0,88.9,1B Bryce Harper 2B Jorge Polanco 3B Eugenio Suarez C Tyler Stephenson OF Kyle Schwarber OF JJ Bleday OF Hector Rodriguez P Zack Wheeler P Cade Cavalli SS Elly De La Cruz,,,
1068,5211327144,drunkonpappy (14/20),0,88.9,1B Abimelec Ortiz 2B Nasim Nunez 3B Jared Triolo C Rafael Flores Jr. OF Kyle Schwarber OF Daylen Lile OF Jake Mangum P Zack Wheeler P Cade Cavalli SS CJ Abrams,,,
1068,5211353523,DeMarcoble1,0,88.9,1B Bryce Harper 2B Luis Arraez 3B Eugenio Suarez C Tyler Stephenson OF Jacob Young OF Matt McLain OF Brett Baty P Zack Wheeler P Cade Cavalli SS CJ Abrams,,,
1087,5211042644,thundrenterprises (12/20),0,88.75,1B Abimelec Ortiz 2B Luis Arraez 3B Kazuma Okamoto C J.T. Realmuto OF Bryce Harper OF Dylan Crews OF Daylen Lile P Cade Cavalli P Zac Thornton SS CJ Abrams,,,
1087,5211196312,piston90,0,88.75,1B Sal Stewart 2B Luis Arraez 3B Bryson Stott C Francisco Alvarez OF Kyle Schwarber OF George Springer OF Brandon Marsh P Cade Cavalli P Zac Thornton SS Elly De La Cruz,,,
1087,5211199705,aquafinatim (3/20),0,88.75,1B Bryce Harper 2B Luis Arraez 3B Kazuma Okamoto C Alejandro Kirk OF Kyle Schwarber OF Brandon Marsh OF Nathan Lukes P Cade Cavalli P Zac Thornton SS CJ Abrams,,,
1090,5210594026,Schoey17 (3/5),0,88.45,1B Alec Bohm 2B Bryson Stott 3B Eugenio Suarez C Tyler Stephenson OF Bryce Harper OF JJ Bleday OF Noelvi Marte P Zack Wheeler P Zac Thornton SS Elly De La Cruz,,,
1090,5210694955,Jetsfan1969,0,88.45,1B Bryce Harper 2B Luis Arraez 3B Alec Bohm C J.T. Realmuto OF Esmerlyn Valdez OF Carson Benge OF Brandon Marsh P Zack Wheeler P Zac Thornton SS Francisco Lindor,,,
1090,5210927630,bellsofwar3 (10/20),0,88.45,1B Sal Stewart 2B Jose Tena 3B Eugenio Suarez C Tyler Stephenson OF Daylen Lile OF Noelvi Marte OF Hector Rodriguez P Zack Wheeler P Zac Thornton SS CJ Abrams,,,
1090,5211164548,tha_wolves,0,88.45,1B Alec Bohm 2B Nick Gonzales 3B Bo Bichette C Francisco Alvarez OF Bryce Harper OF JJ Bleday OF Carson Benge P Zack Wheeler P Zac Thornton SS Francisco Lindor,,,
1090,5211211225,darrylposton (2/20),0,88.45,1B Sal Stewart 2B Jose Tena 3B Eugenio Suarez C Tyler Stephenson OF Dylan Crews OF A.J. Ewing OF Jacob Young P Zack Wheeler P Zac Thornton SS Elly De La Cruz,,,
1090,5211244232,cachedinar (14/20),0,88.45,1B Alec Bohm 2B Luis Arraez 3B Brady House C Harry Ford OF Bryce Harper OF JJ Bleday OF Hector Rodriguez P Zack Wheeler P Zac Thornton SS Elly De La Cruz,,,
1090,5211272967,jasonwithaj (9/10),0,88.45,1B Sal Stewart 2B Nasim Nunez 3B Eugenio Suarez C Tyler Stephenson OF Dylan Crews OF Daylen Lile OF Hector Rodriguez P Zack Wheeler P Zac Thornton SS Elly De La Cruz,,,
1090,5211294966,Mige1 (17/20),0,88.45,1B Abimelec Ortiz 2B Nasim Nunez 3B Brady House C Tyler Stephenson OF Bryce Harper OF Dylan Crews OF Daylen Lile P Zack Wheeler P Zac Thornton SS Elly De La Cruz,,,
1090,5211318980,Diggs1421 (2/2),0,88.45,1B Alec Bohm 2B Luis Arraez 3B Bryson Stott C J.T. Realmuto OF Kyle Schwarber OF Daylen Lile OF Carson Benge P Zack Wheeler P Zac Thornton SS Nasim Nunez,,,
1090,5211334950,pokerking9801,0,88.45,1B Bryce Harper 2B Luis Arraez 3B Brady House C Alejandro Kirk OF Kyle Schwarber OF Jesus Sanchez OF Hector Rodriguez P Zack Wheeler P Zac Thornton SS Elly De La Cruz,,,
1090,5211339647,reycito21 (4/4),0,88.45,1B Bryce Harper 2B Luis Arraez 3B Bo Bichette C J.T. Realmuto OF Carson Benge OF Brandon Marsh OF Jacob Young P Zack Wheeler P Zac Thornton SS Francisco Lindor,,,
1101,5210619186,melvincali (4/20),0,88.4,1B Kazuma Okamoto 2B Brandon Lowe 3B Nick Gonzales C Alejandro Kirk OF George Springer OF Nathan Lukes OF Jesus Sanchez P Jose Soriano P Cade Cavalli SS CJ Abrams,,,
1101,5211052789,Brutal-1 (3/7),0,88.4,1B Abimelec Ortiz 2B Brandon Lowe 3B Nick Gonzales C Harry Ford OF Bryan Reynolds OF Esmerlyn Valdez OF Jake Mangum P Jose Soriano P Cade Cavalli SS CJ Abrams,,,
1101,5211103726,Mannie75 (2/2),0,88.4,1B Alec Bohm 2B Jorge Polanco 3B Eugenio Suarez C Harry Ford OF Kyle Schwarber OF Bryan Reynolds OF Esmerlyn Valdez P Jose Soriano P Cade Cavalli SS CJ Abrams,,,
1101,5211222585,rdelaney12 (2/4),0,88.4,1B Jared Young 2B Luis Arraez 3B Bo Bichette C J.T. Realmuto OF Kyle Schwarber OF Bryce Harper OF Bryan Reynolds P Jose Soriano P Cade Cavalli SS Francisco Lindor,,,
1105,5211086646,brontoball,0,88.25,1B Bryce Harper 2B Luis Arraez 3B Bo Bichette C Harry Ford OF Bryan Reynolds OF Daylen Lile OF JJ Bleday P Jose Soriano P Carmen Mlodzinski SS Francisco Lindor,,,
1106,5210829422,mjj792,0,88.1,1B Abimelec Ortiz 2B Brandon Lowe 3B Jared Triolo C Tyler Stephenson OF Bryan Reynolds OF Daylen Lile OF Brett Baty P Zack Wheeler P Jose Soriano SS Elly De La Cruz,,,
1106,5210838327,jlegrand22 (9/20),0,88.1,1B Sal Stewart 2B Nasim Nunez 3B Eugenio Suarez C Rafael Flores Jr. OF Daylen Lile OF JJ Bleday OF Hector Rodriguez P Zack Wheeler P Jose Soriano SS Elly De La Cruz,,,
1106,5210838335,jlegrand22 (17/20),0,88.1,1B Abimelec Ortiz 2B Nasim Nunez 3B Eugenio Suarez C Harry Ford OF Daylen Lile OF JJ Bleday OF Hector Rodriguez P Zack Wheeler P Jose Soriano SS CJ Abrams,,,
1106,5210866877,OldEnglishChains (1/6),0,88.1,1B Bryce Harper 2B Luis Arraez 3B Bryson Stott C Alejandro Kirk OF A.J. Ewing OF Brandon Marsh OF Nathan Lukes P Zack Wheeler P Jose Soriano SS Trea Turner,,,
1106,5210866878,OldEnglishChains (2/6),0,88.1,1B Bryce Harper 2B Luis Arraez 3B Bryson Stott C Alejandro Kirk OF A.J. Ewing OF Brandon Marsh OF Nathan Lukes P Zack Wheeler P Jose Soriano SS Trea Turner,,,
1106,5211231880,Aoteoroa (4/7),0,88.1,1B Jared Young 2B Marcus Semien 3B Bo Bichette C Harry Ford OF Bryan Reynolds OF Dylan Crews OF Brett Baty P Zack Wheeler P Jose Soriano SS Francisco Lindor,,,
1106,5211236499,Aoteoroa (5/7),0,88.1,1B Jared Young 2B Marcus Semien 3B Bo Bichette C Harry Ford OF Bryan Reynolds OF Dylan Crews OF Brett Baty P Zack Wheeler P Jose Soriano SS Francisco Lindor,,,
1106,5211280940,pat_the_hat2 (9/20),0,88.1,1B Spencer Horwitz 2B Nick Gonzales 3B Bo Bichette C Rafael Flores Jr. OF Esmerlyn Valdez OF A.J. Ewing OF Jake Mangum P Zack Wheeler P Jose Soriano SS Francisco Lindor,,,
1106,5211283139,nwspring52,0,88.1,1B Abimelec Ortiz 2B Luis Arraez 3B Brady House C Luis Torrens OF Bryce Harper OF Dylan Crews OF Daylen Lile P Zack Wheeler P Jose Soriano SS Francisco Lindor,,,
1106,5211318856,cubaum_5 (3/3),0,88.1,1B Sal Stewart 2B Luis Arraez 3B Brady House C Tyler Stephenson OF A.J. Ewing OF Carson Benge OF Hector Rodriguez P Zack Wheeler P Jose Soriano SS Elly De La Cruz,,,
1116,5211335298,johnnyp509 (2/3),0,87.95,1B Abimelec Ortiz 2B Nasim Nunez 3B Bo Bichette C Harry Ford OF Kyle Schwarber OF Daylen Lile OF JJ Bleday P Jose Soriano P Zac Thornton SS CJ Abrams,,,
1117,5210922100,Stree (4/20),0,87.9,1B Bryce Harper 2B Luis Arraez 3B Nick Gonzales C J.T. Realmuto OF Esmerlyn Valdez OF Jake Mangum OF Justin Crawford P Zack Wheeler P Cade Cavalli SS Trea Turner,,,
1117,5210967024,Caryg07 (4/20),0,87.9,1B Jared Young 2B Jorge Polanco 3B Bo Bichette C Harry Ford OF Dylan Crews OF Daylen Lile OF Jacob Young P Zack Wheeler P Cade Cavalli SS CJ Abrams,,,
1117,5210967026,Caryg07 (6/20),0,87.9,1B Jared Young 2B Jorge Polanco 3B Bo Bichette C Harry Ford OF Dylan Crews OF Daylen Lile OF Jacob Young P Zack Wheeler P Cade Cavalli SS CJ Abrams,,,
1117,5210967055,J-Law87 (2/2),0,87.9,1B Kazuma Okamoto 2B Luis Arraez 3B Ernie Clement C Luis Torrens OF Daylen Lile OF JJ Bleday OF Brett Baty P Zack Wheeler P Cade Cavalli SS Elly De La Cruz,,,
1117,5210989336,KRPancoast,0,87.9,1B Alec Bohm 2B Luis Arraez 3B Bo Bichette C Alejandro Kirk OF Bryce Harper OF Carson Benge OF Jacob Young P Zack Wheeler P Cade Cavalli SS Andres Gimenez,,,
1117,5210990431,the803goat (12/20),0,87.9,1B Spencer Horwitz 2B Luis Arraez 3B Jared Triolo C Rafael Flores Jr. OF Bryce Harper OF Jake Mangum OF Justin Crawford P Zack Wheeler P Cade Cavalli SS CJ Abrams,,,
1117,5211081131,UniversalFriend (9/20),0,87.9,1B Bryce Harper 2B Luis Arraez 3B Jared Triolo C Rafael Flores Jr. OF Esmerlyn Valdez OF Brandon Marsh OF Justin Crawford P Zack Wheeler P Cade Cavalli SS Trea Turner,,,
1117,5211095027,SpeedRacer101 (18/20),0,87.9,1B Jared Young 2B Luis Arraez 3B Alec Bohm C J.T. Realmuto OF Kyle Schwarber OF Bryce Harper OF Ronny Simon P Zack Wheeler P Cade Cavalli SS Francisco Lindor,,,
1117,5211199704,aquafinatim (2/20),0,87.9,1B Abimelec Ortiz 2B Brandon Lowe 3B Brady House C Harry Ford OF Bryan Reynolds OF Jake Mangum OF Ronny Simon P Zack Wheeler P Cade Cavalli SS CJ Abrams,,,
1117,5211268375,mrclean913 (1/20),0,87.9,1B Abimelec Ortiz 2B Brandon Lowe 3B Jared Triolo C Rafael Flores Jr. OF Esmerlyn Valdez OF A.J. Ewing OF Jake Mangum P Zack Wheeler P Cade Cavalli SS CJ Abrams,,,
1117,5211288317,8EIGHT8,0,87.9,1B Bryce Harper 2B Luis Arraez 3B Jared Triolo C Rafael Flores Jr. OF Kyle Schwarber OF Jacob Young OF Justin Crawford P Zack Wheeler P Cade Cavalli SS Trea Turner,,,
1117,5211327640,reycito21 (2/4),0,87.9,1B Alec Bohm 2B Luis Arraez 3B Brady House C Harry Ford OF Dylan Crews OF Daylen Lile OF Jacob Young P Zack Wheeler P Cade Cavalli SS Trea Turner,,,
1117,5211327656,Bullykillerz,0,87.9,1B Alec Bohm 2B Luis Arraez 3B Eugenio Suarez C J.T. Realmuto OF Kyle Schwarber OF George Springer OF Jacob Young P Zack Wheeler P Cade Cavalli SS Francisco Lindor,,,
1117,5211344045,stuckycouchers,0,87.9,1B Jared Young 2B Brett Baty 3B Nick Gonzales C Rafael Flores Jr. OF Bryan Reynolds OF Esmerlyn Valdez OF Carson Benge P Zack Wheeler P Cade Cavalli SS CJ Abrams,,,
1117,5211344508,fantasysuperstar (20/20),0,87.9,1B Spencer Horwitz 2B Ronny Simon 3B Brady House C Rafael Flores Jr. OF Bryan Reynolds OF Esmerlyn Valdez OF Carson Benge P Zack Wheeler P Cade Cavalli SS CJ Abrams,,,
1117,5211347760,hatdaddy (11/20),0,87.9,1B Bryce Harper 2B Ronny Simon 3B Brady House C J.T. Realmuto OF Dylan Crews OF Brandon Marsh OF Justin Crawford P Zack Wheeler P Cade Cavalli SS CJ Abrams,,,
1133,5210600536,ivymoose (10/20),0,87.75,1B Kazuma Okamoto 2B Luis Arraez 3B Bryson Stott C Alejandro Kirk OF Kyle Schwarber OF Bryce Harper OF Nathan Lukes P Cade Cavalli P Zac Thornton SS Trea Turner,,,
1133,5210619193,melvincali (11/20),0,87.75,1B Alec Bohm 2B Luis Arraez 3B Bryson Stott C Alejandro Kirk OF Kyle Schwarber OF George Springer OF Nathan Lukes P Cade Cavalli P Zac Thornton SS Trea Turner,,,
1133,5210828257,FFKINGISME,0,87.75,1B Sal Stewart 2B Luis Arraez 3B Bryson Stott C J.T. Realmuto OF Daylen Lile OF A.J. Ewing OF Justin Crawford P Zack Wheeler P Chase Petty SS CJ Abrams,,,
1133,5210889147,clausing999,0,87.75,1B Kazuma Okamoto 2B Luis Arraez 3B Bryson Stott C Endy Rodriguez OF Kyle Schwarber OF A.J. Ewing OF Brandon Marsh P Cade Cavalli P Zac Thornton SS CJ Abrams,,,
1133,5210893638,az350z (6/20),0,87.75,1B Bryce Harper 2B Luis Arraez 3B Kazuma Okamoto C Alejandro Kirk OF Kyle Schwarber OF Brandon Marsh OF Nathan Lukes P Cade Cavalli P Zac Thornton SS Trea Turner,,,
1133,5210893647,az350z (15/20),0,87.75,1B Abimelec Ortiz 2B Nasim Nunez 3B Bryson Stott C Harry Ford OF Kyle Schwarber OF Bryce Harper OF Dylan Crews P Cade Cavalli P Zac Thornton SS CJ Abrams,,,
1133,5210941604,kurtisgant,0,87.75,1B Sal Stewart 2B Luis Arraez 3B Bo Bichette C Alejandro Kirk OF Kyle Schwarber OF Bryce Harper OF Esmerlyn Valdez P Cade Cavalli P Zac Thornton SS Francisco Lindor,,,
1133,5211073100,kreller17 (17/20),0,87.75,1B Bryce Harper 2B Luis Arraez 3B Kazuma Okamoto C Alejandro Kirk OF Kyle Schwarber OF George Springer OF Jesus Sanchez P Cade Cavalli P Zac Thornton SS Trea Turner,,,
1133,5211081124,UniversalFriend (2/20),0,87.75,1B Kazuma Okamoto 2B Luis Arraez 3B Bryson Stott C J.T. Realmuto OF Kyle Schwarber OF George Springer OF Brandon Marsh P Cade Cavalli P Zac Thornton SS Andres Gimenez,,,
1133,5211081289,FoxyGrandpa252 (17/20),0,87.75,1B Abimelec Ortiz 2B Ernie Clement 3B Brady House C Alejandro Kirk OF Kyle Schwarber OF Dylan Crews OF Daylen Lile P Cade Cavalli P Zac Thornton SS CJ Abrams,,,
1133,5211093046,lsulunatik (16/18),0,87.75,1B Alec Bohm 2B Ernie Clement 3B Kazuma Okamoto C J.T. Realmuto OF Kyle Schwarber OF Bryce Harper OF George Springer P Cade Cavalli P Zac Thornton SS Andres Gimenez,,,
1133,5211252078,eperson911,0,87.75,1B Abimelec Ortiz 2B Brandon Lowe 3B Eugenio Suarez C Harry Ford OF Daylen Lile OF JJ Bleday OF Jacob Young P Zack Wheeler P Carmen Mlodzinski SS Elly De La Cruz,,,
1133,5211309236,garyyoung (4/13),0,87.75,1B Sal Stewart 2B Josh Smith 3B Eugenio Suarez C Harry Ford OF Dylan Crews OF JJ Bleday OF Matt McLain P Zack Wheeler P Carmen Mlodzinski SS CJ Abrams,,,
1133,5211327148,drunkonpappy (18/20),0,87.75,1B Kazuma Okamoto 2B Bryson Stott 3B Alec Bohm C J.T. Realmuto OF Kyle Schwarber OF George Springer OF Brandon Marsh P Cade Cavalli P Zac Thornton SS Andres Gimenez,,,
1133,5211355644,dbeam09,0,87.75,1B Spencer Horwitz 2B Brandon Lowe 3B Jared Triolo C Rafael Flores Jr. OF Daylen Lile OF JJ Bleday OF Matt McLain P Zack Wheeler P Carmen Mlodzinski SS Elly De La Cruz,,,
1148,5211209882,SMITTOFF11 (5/5),0,87.6,1B Spencer Horwitz 2B Luis Arraez 3B Bryson Stott C Endy Rodriguez OF Kyle Schwarber OF Bryce Harper OF A.J. Ewing P Zac Thornton P Chase Petty SS Elly De La Cruz,,,
1148,5211312073,lonerangerjackers (2/8),0,87.6,1B Sal Stewart 2B Nick Gonzales 3B Bryson Stott C Harry Ford OF Kyle Schwarber OF A.J. Ewing OF George Springer P Zac Thornton P Carmen Mlodzinski SS CJ Abrams,,,
1148,5211312787,lonerangerjackers (6/8),0,87.6,1B Sal Stewart 2B Nick Gonzales 3B Bryson Stott C Harry Ford OF Kyle Schwarber OF A.J. Ewing OF George Springer P Zac Thornton P Carmen Mlodzinski SS CJ Abrams,,,
1151,5210878439,chewy106,0,87.45,1B Sal Stewart 2B Luis Arraez 3B Bryson Stott C Tyler Stephenson OF JJ Bleday OF Carson Benge OF Justin Crawford P Zack Wheeler P Zac Thornton SS Elly De La Cruz,,,
1151,5210893636,az350z (4/20),0,87.45,1B Abimelec Ortiz 2B Nasim Nunez 3B Brady House C Tyler Stephenson OF Daylen Lile OF JJ Bleday OF A.J. Ewing P Zack Wheeler P Zac Thornton SS CJ Abrams,,,
1151,5210927623,bellsofwar3 (3/20),0,87.45,1B Sal Stewart 2B Jorge Polanco 3B Eugenio Suarez C Tyler Stephenson OF Kyle Schwarber OF JJ Bleday OF A.J. Ewing P Zack Wheeler P Zac Thornton SS Francisco Lindor,,,
1151,5210976381,TY54321 (5/5),0,87.45,1B Sal Stewart 2B Bryson Stott 3B Eugenio Suarez C J.T. Realmuto OF Kyle Schwarber OF Noelvi Marte OF Hector Rodriguez P Zack Wheeler P Zac Thornton SS Elly De La Cruz,,,
1151,5210984398,73pd2x (10/20),0,87.45,1B Alec Bohm 2B Brett Baty 3B Jorge Polanco C Luis Torrens OF A.J. Ewing OF Carson Benge OF Brandon Marsh P Zack Wheeler P Zac Thornton SS Trea Turner,,,
1151,5211068981,Dilbert29 (1/19),0,87.45,1B Sal Stewart 2B Marcus Semien 3B Bo Bichette C Tyler Stephenson OF JJ Bleday OF Carson Benge OF Brett Baty P Zack Wheeler P Zac Thornton SS Elly De La Cruz,,,
1151,5211273122,shanemoore27 (2/20),0,87.45,1B Bryce Harper 2B Luis Arraez 3B Kazuma Okamoto C Tyler Stephenson OF JJ Bleday OF Matt McLain OF Noelvi Marte P Zack Wheeler P Zac Thornton SS Elly De La Cruz,,,
1151,5211279384,Dilbert29 (13/19),0,87.45,1B Sal Stewart 2B Marcus Semien 3B Bo Bichette C Tyler Stephenson OF JJ Bleday OF Carson Benge OF Brett Baty P Zack Wheeler P Zac Thornton SS Elly De La Cruz,,,
1159,5210810663,PD1488,0,87.4,1B Endy Rodriguez 2B Luis Arraez 3B Bo Bichette C Keibert Ruiz OF Bryce Harper OF Carson Benge OF Jacob Young P Jose Soriano P Cade Cavalli SS Elly De La Cruz,,,
1159,5210939340,Hamdogger,0,87.4,1B Sal Stewart 2B Luis Arraez 3B Kazuma Okamoto C Tyler Stephenson OF Bryce Harper OF Bryan Reynolds OF Carson Benge P Jose Soriano P Cade Cavalli SS Francisco Lindor,,,
1159,5211081125,UniversalFriend (3/20),0,87.4,1B Kazuma Okamoto 2B Brandon Lowe 3B Ernie Clement C Alejandro Kirk OF Bryan Reynolds OF Nathan Lukes OF Jesus Sanchez P Jose Soriano P Cade Cavalli SS Francisco Lindor,,,
1159,5211093040,lsulunatik (10/18),0,87.4,1B Bryce Harper 2B Brandon Lowe 3B Kazuma Okamoto C Alejandro Kirk OF Esmerlyn Valdez OF George Springer OF Jake Mangum P Jose Soriano P Cade Cavalli SS Andres Gimenez,,,
1163,5210835757,nedmartin (3/3),0,87.1,1B Sal Stewart 2B Jose Tena 3B Brady House C Tyler Stephenson OF Daylen Lile OF JJ Bleday OF Nathan Lukes P Zack Wheeler P Jose Soriano SS Elly De La Cruz,,,
1163,5210934721,ladyfingers (3/15),0,87.1,1B Spencer Horwitz 2B Brandon Lowe 3B Bo Bichette C Tyler Stephenson OF Carson Benge OF Nathan Lukes OF Jesus Sanchez P Zack Wheeler P Jose Soriano SS Elly De La Cruz,,,
1163,5210934960,DonBarzini187,0,87.1,1B Sal Stewart 2B Luis Arraez 3B Eugenio Suarez C Tyler Stephenson OF JJ Bleday OF A.J. Ewing OF Ronny Simon P Zack Wheeler P Jose Soriano SS Elly De La Cruz,,,
1163,5211191798,wittwerjoe (12/20),0,87.1,1B Abimelec Ortiz 2B Brandon Lowe 3B Eugenio Suarez C Harry Ford OF JJ Bleday OF Jake Mangum OF Hector Rodriguez P Zack Wheeler P Jose Soriano SS Elly De La Cruz,,,
1163,5211247805,garyyoung (1/13),0,87.1,1B Kazuma Okamoto 2B Bryson Stott 3B Alec Bohm C Harry Ford OF Bryce Harper OF Bryan Reynolds OF George Springer P Zack Wheeler P Jose Soriano SS Andres Gimenez,,,
1163,5211279375,Dilbert29 (4/19),0,87.1,1B Sal Stewart 2B Matt McLain 3B Eugenio Suarez C Tyler Stephenson OF Dylan Crews OF JJ Bleday OF Carson Benge P Zack Wheeler P Jose Soriano SS Francisco Lindor,,,
1163,5211307428,LadyNoLuck,0,87.1,1B Jared Young 2B Brett Baty 3B Bo Bichette C Luis Torrens OF Daylen Lile OF Carson Benge OF Jacob Young P Zack Wheeler P Jose Soriano SS CJ Abrams,,,
1163,5211323162,garyyoung (7/13),0,87.1,1B Kazuma Okamoto 2B Luis Arraez 3B Alec Bohm C J.T. Realmuto OF George Springer OF Carson Benge OF Justin Crawford P Zack Wheeler P Jose Soriano SS Elly De La Cruz,,,
1163,5211325669,daveyjoneslocker10,0,87.1,1B Kazuma Okamoto 2B Nick Gonzales 3B Eugenio Suarez C Harry Ford OF JJ Bleday OF Esmerlyn Valdez OF A.J. Ewing P Zack Wheeler P Jose Soriano SS Nasim Nunez,,,
1172,5211290266,beagz2,0,87.05,1B Bryce Harper 2B Bryson Stott 3B Alec Bohm C Harry Ford OF Kyle Schwarber OF Dylan Crews OF George Springer P Cade Cavalli P Carmen Mlodzinski SS Elly De La Cruz,,,
1173,5210606708,Dethstar1972,0,86.9,1B Abimelec Ortiz 2B Luis Arraez 3B Bo Bichette C Tyler Stephenson OF Bryce Harper OF Esmerlyn Valdez OF Carson Benge P Zack Wheeler P Cade Cavalli SS Francisco Lindor,,,
1173,5210922103,Stree (7/20),0,86.9,1B Spencer Horwitz 2B Brandon Lowe 3B Jorge Polanco C Rafael Flores Jr. OF A.J. Ewing OF Jake Mangum OF Ronny Simon P Zack Wheeler P Cade Cavalli SS CJ Abrams,,,
1173,5210922116,Stree (20/20),0,86.9,1B Abimelec Ortiz 2B Ronny Simon 3B Brady House C Harry Ford OF Bryce Harper OF Dylan Crews OF Jake Mangum P Zack Wheeler P Cade Cavalli SS CJ Abrams,,,
1173,5210976378,TY54321 (2/5),0,86.9,1B Abimelec Ortiz 2B Nick Gonzales 3B Brady House C Rafael Flores Jr. OF Dylan Crews OF Daylen Lile OF Esmerlyn Valdez P Zack Wheeler P Cade Cavalli SS CJ Abrams,,,
1173,5210994550,mattped23 (4/5),0,86.9,1B Bryce Harper 2B Luis Arraez 3B Bryson Stott C Luis Torrens OF JJ Bleday OF Carson Benge OF Brandon Marsh P Zack Wheeler P Cade Cavalli SS Trea Turner,,,
1173,5211053887,wilkejj,0,86.9,1B Abimelec Ortiz 2B Ronny Simon 3B Bo Bichette C J.T. Realmuto OF Kyle Schwarber OF Esmerlyn Valdez OF A.J. Ewing P Zack Wheeler P Cade Cavalli SS CJ Abrams,,,
1173,5211079208,thesportsfan (7/20),0,86.9,1B Spencer Horwitz 2B Nick Gonzales 3B Jared Triolo C Harry Ford OF Dylan Crews OF Esmerlyn Valdez OF Ronny Simon P Zack Wheeler P Cade Cavalli SS CJ Abrams,,,
1173,5211114124,Douglas1990,0,86.9,1B Jared Young 2B Luis Arraez 3B Bryson Stott C Luis Torrens OF Bryce Harper OF Carson Benge OF Jacob Young P Zack Wheeler P Cade Cavalli SS Trea Turner,,,
1173,5211127562,oldzcool,0,86.9,1B Bryce Harper 2B Luis Arraez 3B Ernie Clement C J.T. Realmuto OF Kyle Schwarber OF Matt McLain OF Jesus Sanchez P Zack Wheeler P Cade Cavalli SS Trea Turner,,,
1173,5211153465,Satch65 (12/20),0,86.9,1B Bryce Harper 2B Luis Arraez 3B Alec Bohm C Rafael Flores Jr. OF A.J. Ewing OF Brandon Marsh OF Brett Baty P Zack Wheeler P Cade Cavalli SS Trea Turner,,,
1173,5211153469,Satch65 (16/20),0,86.9,1B Abimelec Ortiz 2B Ronny Simon 3B Brady House C Harry Ford OF Bryce Harper OF Dylan Crews OF Jake Mangum P Zack Wheeler P Cade Cavalli SS CJ Abrams,,,
1173,5211174476,MJDLC (13/20),0,86.9,1B Spencer Horwitz 2B Luis Arraez 3B Nick Gonzales C Rafael Flores Jr. OF Esmerlyn Valdez OF A.J. Ewing OF Jake Mangum P Zack Wheeler P Cade Cavalli SS Trea Turner,,,
1173,5211199384,steelsteve112,0,86.9,1B Bryce Harper 2B Luis Arraez 3B Brady House C Luis Torrens OF Daylen Lile OF Bryan De La Cruz OF Edmundo Sosa P Zack Wheeler P Cade Cavalli SS CJ Abrams,,,
1173,5211225616,matthewwalsh (13/20),0,86.9,1B Abimelec Ortiz 2B Brandon Lowe 3B Jorge Polanco C Luis Torrens OF Carson Benge OF Jake Mangum OF Brett Baty P Zack Wheeler P Cade Cavalli SS Francisco Lindor,,,
1173,5211244226,cachedinar (8/20),0,86.9,1B Abimelec Ortiz 2B Ronny Simon 3B Jared Triolo C Harry Ford OF Bryce Harper OF Dylan Crews OF Jacob Young P Zack Wheeler P Cade Cavalli SS CJ Abrams,,,
1173,5211269372,bizzyG,0,86.9,1B Jared Young 2B Luis Arraez 3B Brady House C Luis Torrens OF Bryce Harper OF Carson Benge OF Jacob Young P Zack Wheeler P Cade Cavalli SS CJ Abrams,,,
1173,5211272202,Whiskytown,0,86.9,1B Sal Stewart 2B Luis Arraez 3B Bryson Stott C Tyler Stephenson OF Bryce Harper OF Carson Benge OF Brett Baty P Zack Wheeler P Cade Cavalli SS Francisco Lindor,,,
1173,5211342020,jsh27896,0,86.9,1B Jared Young 2B Luis Arraez 3B Bo Bichette C Luis Torrens OF Bryce Harper OF Carson Benge OF Brandon Marsh P Zack Wheeler P Cade Cavalli SS Trea Turner,,,
1173,5211347761,hatdaddy (12/20),0,86.9,1B Spencer Horwitz 2B Ronny Simon 3B Jared Triolo C Harry Ford OF Bryan Reynolds OF Dylan Crews OF Jake Mangum P Zack Wheeler P Cade Cavalli SS CJ Abrams,,,
1192,5210619188,melvincali (6/20),0,86.75,1B Bryce Harper 2B Luis Arraez 3B Kazuma Okamoto C J.T. Realmuto OF Kyle Schwarber OF George Springer OF Jesus Sanchez P Cade Cavalli P Zac Thornton SS Trea Turner,,,
1192,5211036617,ifireat,0,86.75,1B Bryce Harper 2B Luis Arraez 3B Bo Bichette C J.T. Realmuto OF Bryan Reynolds OF Matt McLain OF Nathan Lukes P Zack Wheeler P Chase Petty SS Elly De La Cruz,,,
1192,5211311704,bcardwell79 (3/4),0,86.75,1B Sal Stewart 2B Nasim Nunez 3B Nick Gonzales C Harry Ford OF Esmerlyn Valdez OF Carson Benge OF Matt McLain P Zack Wheeler P Carmen Mlodzinski SS Elly De La Cruz,,,
1195,5210928235,whoshotthefrog (1/4),0,86.6,1B Bryce Harper 2B Luis Arraez 3B Bo Bichette C J.T. Realmuto OF Kyle Schwarber OF JJ Bleday OF A.J. Ewing P Zac Thornton P Chase Petty SS Elly De La Cruz,,,
1196,5210617718,ajmack01 (1/2),0,86.45,1B Jared Young 2B Bryson Stott 3B Bo Bichette C Tyler Stephenson OF Brandon Marsh OF Jacob Young OF Matt McLain P Zack Wheeler P Zac Thornton SS Elly De La Cruz,,,
1196,5210769896,stock2mail (2/20),0,86.45,1B Sal Stewart 2B Bryson Stott 3B Eugenio Suarez C J.T. Realmuto OF Bryce Harper OF JJ Bleday OF Hector Rodriguez P Zack Wheeler P Zac Thornton SS Elly De La Cruz,,,
1196,5210839016,LOCNOTM (2/20),0,86.45,1B Sal Stewart 2B Bryson Stott 3B Eugenio Suarez C J.T. Realmuto OF Bryce Harper OF JJ Bleday OF Hector Rodriguez P Zack Wheeler P Zac Thornton SS Elly De La Cruz,,,
1196,5210922114,Stree (18/20),0,86.45,1B Sal Stewart 2B Bryson Stott 3B Eugenio Suarez C J.T. Realmuto OF Bryce Harper OF JJ Bleday OF Hector Rodriguez P Zack Wheeler P Zac Thornton SS Elly De La Cruz,,,
1196,5210927627,bellsofwar3 (7/20),0,86.45,1B Sal Stewart 2B Matt McLain 3B Brady House C Tyler Stephenson OF Kyle Schwarber OF Brandon Marsh OF Hector Rodriguez P Zack Wheeler P Zac Thornton SS Elly De La Cruz,,,
1196,5210927638,bellsofwar3 (18/20),0,86.45,1B Sal Stewart 2B Jose Tena 3B Eugenio Suarez C Harry Ford OF Dylan Crews OF JJ Bleday OF Hector Rodriguez P Zack Wheeler P Zac Thornton SS Elly De La Cruz,,,
1196,5210946620,PAYDAY32,0,86.45,1B Kazuma Okamoto 2B Bryson Stott 3B Nick Gonzales C J.T. Realmuto OF Bryan Reynolds OF Daylen Lile OF Esmerlyn Valdez P Zack Wheeler P Zac Thornton SS Trea Turner,,,
1196,5210963644,scokelly,0,86.45,1B Jared Young 2B Luis Arraez 3B Bryson Stott C Tyler Stephenson OF Kyle Schwarber OF JJ Bleday OF A.J. Ewing P Zack Wheeler P Zac Thornton SS Francisco Lindor,,,
1196,5211073103,kreller17 (20/20),0,86.45,1B Sal Stewart 2B Jorge Polanco 3B Bo Bichette C Tyler Stephenson OF JJ Bleday OF A.J. Ewing OF Carson Benge P Zack Wheeler P Zac Thornton SS Francisco Lindor,,,
1196,5211081132,UniversalFriend (10/20),0,86.45,1B Sal Stewart 2B Matt McLain 3B Brady House C Harry Ford OF JJ Bleday OF Noelvi Marte OF Hector Rodriguez P Zack Wheeler P Zac Thornton SS CJ Abrams,,,
1196,5211211235,darrylposton (12/20),0,86.45,1B Abimelec Ortiz 2B Bryson Stott 3B Alec Bohm C Harry Ford OF Kyle Schwarber OF Brandon Marsh OF Justin Crawford P Zack Wheeler P Zac Thornton SS CJ Abrams,,,
1196,5211273137,shanemoore27 (17/20),0,86.45,1B Sal Stewart 2B Bryson Stott 3B Eugenio Suarez C J.T. Realmuto OF Bryce Harper OF JJ Bleday OF Hector Rodriguez P Zack Wheeler P Zac Thornton SS Elly De La Cruz,,,
1196,5211347764,hatdaddy (15/20),0,86.45,1B Sal Stewart 2B Nasim Nunez 3B Ke'Bryan Hayes C Tyler Stephenson OF Bryce Harper OF A.J. Ewing OF Hector Rodriguez P Zack Wheeler P Zac Thornton SS Elly De La Cruz,,,
1209,5210889030,guzman58 (1/2),0,86.4,1B Sal Stewart 2B Luis Arraez 3B Bryson Stott C Tyler Stephenson OF Dylan Crews OF Daylen Lile OF Jacob Young P Jose Soriano P Cade Cavalli SS Elly De La Cruz,,,
1209,5210961894,henry296 (8/20),0,86.4,1B Kazuma Okamoto 2B Jose Tena 3B Brady House C Alejandro Kirk OF Dylan Crews OF Daylen Lile OF George Springer P Jose Soriano P Cade Cavalli SS CJ Abrams,,,
1209,5211079220,thesportsfan (19/20),0,86.4,1B Abimelec Ortiz 2B Brandon Lowe 3B Brady House C Alejandro Kirk OF Bryan Reynolds OF Dylan Crews OF Daylen Lile P Jose Soriano P Cade Cavalli SS CJ Abrams,,,
1209,5211112038,DeeMac74 (1/5),0,86.4,1B Spencer Horwitz 2B Nick Gonzales 3B Kazuma Okamoto C Alejandro Kirk OF George Springer OF Nathan Lukes OF Jesus Sanchez P Jose Soriano P Cade Cavalli SS CJ Abrams,,,
1209,5211231595,hawleywood88,0,86.4,1B Spencer Horwitz 2B Luis Arraez 3B Nick Gonzales C J.T. Realmuto OF Bryce Harper OF Bryan Reynolds OF Dylan Crews P Jose Soriano P Cade Cavalli SS Francisco Lindor,,,
1209,5211265566,Inimik,0,86.4,1B Abimelec Ortiz 2B Brandon Lowe 3B Brady House C Alejandro Kirk OF Bryan Reynolds OF Dylan Crews OF Daylen Lile P Jose Soriano P Cade Cavalli SS CJ Abrams,,,
1209,5211277753,skunks20,0,86.4,1B Rafael Flores Jr. 2B Nick Gonzales 3B Kazuma Okamoto C Harry Ford OF Bryce Harper OF JJ Bleday OF Esmerlyn Valdez P Jose Soriano P Cade Cavalli SS CJ Abrams,,,
1209,5211321989,KristianFTM (4/20),0,86.4,1B Spencer Horwitz 2B Brandon Lowe 3B Nick Gonzales C Alejandro Kirk OF Esmerlyn Valdez OF George Springer OF Nathan Lukes P Jose Soriano P Cade Cavalli SS CJ Abrams,,,
1217,5210871600,aquarius,0,86.1,1B Sal Stewart 2B Marcus Semien 3B Jorge Polanco C Harry Ford OF JJ Bleday OF Carson Benge OF Jesus Sanchez P Zack Wheeler P Jose Soriano SS CJ Abrams,,,
1217,5210961893,henry296 (7/20),0,86.1,1B Sal Stewart 2B Jose Tena 3B Eugenio Suarez C Tyler Stephenson OF Dylan Crews OF Daylen Lile OF Hector Rodriguez P Zack Wheeler P Jose Soriano SS Elly De La Cruz,,,
1217,5211177323,hoppinball26 (5/7),0,86.1,1B Sal Stewart 2B Matt McLain 3B Nick Gonzales C Rafael Flores Jr. OF Esmerlyn Valdez OF Jake Mangum OF Hector Rodriguez P Zack Wheeler P Jose Soriano SS Elly De La Cruz,,,
1217,5211335938,garyyoung (13/13),0,86.1,1B Kazuma Okamoto 2B Bryson Stott 3B Alec Bohm C J.T. Realmuto OF A.J. Ewing OF George Springer OF Matt McLain P Zack Wheeler P Jose Soriano SS CJ Abrams,,,
1221,5211116147,Dinoj1962,0,86.049995,1B Bryce Harper 2B Bryson Stott 3B Bo Bichette C Francisco Alvarez OF Kyle Schwarber OF Bryan Reynolds OF George Springer P Cade Cavalli P Chase Petty SS Elly De La Cruz,,,
1222,5211052787,Brutal-1 (1/7),0,85.95,1B Sal Stewart 2B Luis Arraez 3B Eugenio Suarez C Tyler Stephenson OF Bryce Harper OF JJ Bleday OF George Springer P Jose Soriano P Zac Thornton SS Elly De La Cruz,,,
1222,5211063940,stramo88 (2/2),0,85.95,1B Sal Stewart 2B Luis Arraez 3B Bo Bichette C Alejandro Kirk OF Daylen Lile OF JJ Bleday OF Carson Benge P Jose Soriano P Zac Thornton SS CJ Abrams,,,
1222,5211081129,UniversalFriend (7/20),0,85.95,1B Sal Stewart 2B Matt McLain 3B Kazuma Okamoto C Tyler Stephenson OF JJ Bleday OF George Springer OF Jesus Sanchez P Jose Soriano P Zac Thornton SS Elly De La Cruz,,,
1222,5211225607,matthewwalsh (4/20),0,85.95,1B Sal Stewart 2B Matt McLain 3B Kazuma Okamoto C Alejandro Kirk OF JJ Bleday OF George Springer OF Hector Rodriguez P Jose Soriano P Zac Thornton SS Elly De La Cruz,,,
1222,5211317826,Skralph (15/20),0,85.95,1B Sal Stewart 2B Brandon Lowe 3B Eugenio Suarez C Tyler Stephenson OF JJ Bleday OF George Springer OF Jesus Sanchez P Jose Soriano P Zac Thornton SS Elly De La Cruz,,,
1222,5211317829,Skralph (18/20),0,85.95,1B Sal Stewart 2B Marcus Semien 3B Bo Bichette C Tyler Stephenson OF Bryce Harper OF JJ Bleday OF Hector Rodriguez P Jose Soriano P Zac Thornton SS Elly De La Cruz,,,
1228,5210594054,briannedanielle,0,85.9,1B Abimelec Ortiz 2B Jorge Polanco 3B Eugenio Suarez C Tyler Stephenson OF Kyle Schwarber OF Daylen Lile OF JJ Bleday P Zack Wheeler P Cade Cavalli SS CJ Abrams,,,
1228,5210769911,stock2mail (17/20),0,85.9,1B Abimelec Ortiz 2B Nick Gonzales 3B Bryson Stott C J.T. Realmuto OF Kyle Schwarber OF Brandon Marsh OF Justin Crawford P Zack Wheeler P Cade Cavalli SS CJ Abrams,,,
1228,5210909353,jmack0624 (1/2),0,85.9,1B Spencer Horwitz 2B Nick Gonzales 3B Bryson Stott C Harry Ford OF Esmerlyn Valdez OF Jake Mangum OF Brandon Marsh P Zack Wheeler P Cade Cavalli SS Trea Turner,,,
1228,5210939371,Dooch,0,85.9,1B Sal Stewart 2B Luis Arraez 3B Jared Triolo C J.T. Realmuto OF Esmerlyn Valdez OF Carson Benge OF Justin Crawford P Zack Wheeler P Cade Cavalli SS CJ Abrams,,,
1228,5210967049,J-Law87 (1/2),0,85.9,1B Bryce Harper 2B Luis Arraez 3B Ernie Clement C Luis Torrens OF Daylen Lile OF JJ Bleday OF Brett Baty P Zack Wheeler P Cade Cavalli SS Trea Turner,,,
1228,5210972012,purebutter80,0,85.9,1B Sal Stewart 2B Bryson Stott 3B Alec Bohm C Tyler Stephenson OF Daylen Lile OF JJ Bleday OF Esmerlyn Valdez P Zack Wheeler P Cade Cavalli SS Francisco Lindor,,,
1228,5211148314,mythicalrhymer01 (3/3),0,85.9,1B Abimelec Ortiz 2B Jose Tena 3B Brady House C Harry Ford OF Bryce Harper OF Esmerlyn Valdez OF Jake Mangum P Zack Wheeler P Cade Cavalli SS CJ Abrams,,,
1228,5211157189,alienhood,0,85.9,1B Jared Young 2B Nick Gonzales 3B Bo Bichette C J.T. Realmuto OF Carson Benge OF Jake Mangum OF Brandon Marsh P Zack Wheeler P Cade Cavalli SS CJ Abrams,,,
1228,5211174483,MJDLC (20/20),0,85.9,1B Jared Young 2B Brandon Lowe 3B Jared Triolo C Rafael Flores Jr. OF Esmerlyn Valdez OF Carson Benge OF Jake Mangum P Zack Wheeler P Cade Cavalli SS CJ Abrams,,,
1228,5211177329,hoppinball26 (6/7),0,85.9,1B Bryce Harper 2B Luis Arraez 3B Alec Bohm C Alejandro Kirk OF A.J. Ewing OF Brandon Marsh OF Brett Baty P Zack Wheeler P Cade Cavalli SS Trea Turner,,,
1228,5211188692,rcarena (2/7),0,85.9,1B Rafael Flores Jr. 2B Brett Baty 3B Bryson Stott C Luis Torrens OF Bryan Reynolds OF Esmerlyn Valdez OF Carson Benge P Zack Wheeler P Cade Cavalli SS CJ Abrams,,,
1228,5211233578,sportsfan14 (18/20),0,85.9,1B Bryce Harper 2B Luis Arraez 3B Alec Bohm C Rafael Flores Jr. OF Bryan Reynolds OF Jake Mangum OF Justin Crawford P Zack Wheeler P Cade Cavalli SS Trea Turner,,,
1228,5211245605,hack44,0,85.9,1B Bryce Harper 2B Luis Arraez 3B Bryson Stott C Francisco Alvarez OF Carson Benge OF Noelvi Marte OF Hector Rodriguez P Zack Wheeler P Cade Cavalli SS CJ Abrams,,,
1228,5211249486,62caddyconvert (2/2),0,85.9,1B Bryce Harper 2B Luis Arraez 3B Bryson Stott C J.T. Realmuto OF Bryan Reynolds OF Esmerlyn Valdez OF Brandon Marsh P Zack Wheeler P Cade Cavalli SS Andres Gimenez,,,
1228,5211257729,jsamtoy (6/20),0,85.9,1B Spencer Horwitz 2B Nick Gonzales 3B Jared Triolo C Harry Ford OF Bryan Reynolds OF Dylan Crews OF Jake Mangum P Zack Wheeler P Cade Cavalli SS Trea Turner,,,
1228,5211272959,jasonwithaj (1/10),0,85.9,1B Bryce Harper 2B Brett Baty 3B Alec Bohm C Rafael Flores Jr. OF Kyle Schwarber OF Jake Mangum OF Justin Crawford P Zack Wheeler P Cade Cavalli SS Trea Turner,,,
1228,5211280968,tportiguee,0,85.9,1B Alec Bohm 2B Bryson Stott 3B Nick Gonzales C Luis Torrens OF JJ Bleday OF Carson Benge OF Brandon Marsh P Zack Wheeler P Cade Cavalli SS CJ Abrams,,,
1228,5211323366,krauser006,0,85.9,1B Kazuma Okamoto 2B Marcus Semien 3B Eugenio Suarez C J.T. Realmuto OF Kyle Schwarber OF Jacob Young OF Hector Rodriguez P Zack Wheeler P Cade Cavalli SS CJ Abrams,,,
1228,5211327131,drunkonpappy (1/20),0,85.9,1B Abimelec Ortiz 2B Luis Arraez 3B Bryson Stott C J.T. Realmuto OF Daylen Lile OF Jake Mangum OF Brandon Marsh P Zack Wheeler P Cade Cavalli SS CJ Abrams,,,
1228,5211329837,Jsimm88,0,85.9,1B Bryce Harper 2B Luis Arraez 3B Bryson Stott C Luis Torrens OF Esmerlyn Valdez OF Carson Benge OF Jacob Young P Zack Wheeler P Cade Cavalli SS Trea Turner,,,
1228,5211350679,pthorpe25 (5/5),0,85.9,1B Abimelec Ortiz 2B Luis Arraez 3B Alec Bohm C Harry Ford OF Kyle Schwarber OF Bryce Harper OF Ronny Simon P Zack Wheeler P Cade Cavalli SS Trea Turner,,,
1228,5211355605,dy_no_mite,0,85.9,1B Abimelec Ortiz 2B Luis Arraez 3B Bo Bichette C Luis Torrens OF Kyle Schwarber OF Bryce Harper OF A.J. Ewing P Zack Wheeler P Cade Cavalli SS Nasim Nunez,,,
1250,5210670653,milly273,0,85.75,1B Sal Stewart 2B Nasim Nunez 3B Nick Gonzales C Harry Ford OF Daylen Lile OF Matt McLain OF Noelvi Marte P Zack Wheeler P Carmen Mlodzinski SS CJ Abrams,,,
1250,5210938761,jw1984 (11/15),0,85.75,1B Sal Stewart 2B Matt McLain 3B Ke'Bryan Hayes C Harry Ford OF Dylan Crews OF Daylen Lile OF JJ Bleday P Zack Wheeler P Carmen Mlodzinski SS Elly De La Cruz,,,
1250,5211018262,rsumrall (6/20),0,85.75,1B Bryce Harper 2B Ernie Clement 3B Kazuma Okamoto C Alejandro Kirk OF Kyle Schwarber OF George Springer OF Jesus Sanchez P Cade Cavalli P Zac Thornton SS Trea Turner,,,
1250,5211073085,kreller17 (2/20),0,85.75,1B Abimelec Ortiz 2B Bryson Stott 3B Kazuma Okamoto C Alejandro Kirk OF Kyle Schwarber OF Bryce Harper OF George Springer P Cade Cavalli P Zac Thornton SS CJ Abrams,,,
1250,5211244219,cachedinar (1/20),0,85.75,1B Bryce Harper 2B Ernie Clement 3B Kazuma Okamoto C Alejandro Kirk OF Kyle Schwarber OF George Springer OF Jesus Sanchez P Cade Cavalli P Zac Thornton SS Trea Turner,,,
1250,5211259531,GetEmDucky,0,85.75,1B Jared Young 2B Luis Arraez 3B Bo Bichette C Luis Torrens OF Kyle Schwarber OF Dylan Crews OF Carson Benge P Cade Cavalli P Zac Thornton SS CJ Abrams,,,
1250,5211344507,fantasysuperstar (19/20),0,85.75,1B Alec Bohm 2B Luis Arraez 3B Brady House C Alejandro Kirk OF Dylan Crews OF Daylen Lile OF Jacob Young P Cade Cavalli P Zac Thornton SS CJ Abrams,,,
1257,5211006723,base3ballmom,0,85.45,1B Sal Stewart 2B Luis Arraez 3B Bryson Stott C Tyler Stephenson OF Bryce Harper OF Bryan Reynolds OF Carson Benge P Zack Wheeler P Zac Thornton SS Andres Gimenez,,,
1257,5211042651,thundrenterprises (19/20),0,85.45,1B Bryce Harper 2B Luis Arraez 3B Eugenio Suarez C Tyler Stephenson OF JJ Bleday OF Brandon Marsh OF Hector Rodriguez P Zack Wheeler P Zac Thornton SS Elly De La Cruz,,,
1257,5211119798,cakalackies,0,85.45,1B Bryce Harper 2B Luis Arraez 3B Bryson Stott C Harry Ford OF Kyle Schwarber OF Brandon Marsh OF Ronny Simon P Zack Wheeler P Zac Thornton SS Nasim Nunez,,,
1257,5211225605,matthewwalsh (2/20),0,85.45,1B Sal Stewart 2B Marcus Semien 3B Ke'Bryan Hayes C J.T. Realmuto OF Kyle Schwarber OF JJ Bleday OF Noelvi Marte P Zack Wheeler P Zac Thornton SS Elly De La Cruz,,,
1257,5211261048,leopard1 (2/2),0,85.45,1B Jared Young 2B Bryson Stott 3B Bo Bichette C Tyler Stephenson OF Bryan Reynolds OF JJ Bleday OF Carson Benge P Zack Wheeler P Zac Thornton SS Elly De La Cruz,,,
1257,5211322002,KristianFTM (17/20),0,85.45,1B Bryce Harper 2B Luis Arraez 3B Eugenio Suarez C Tyler Stephenson OF JJ Bleday OF Brandon Marsh OF Hector Rodriguez P Zack Wheeler P Zac Thornton SS Elly De La Cruz,,,
1263,5211313242,wardsound (1/2),0,85.4,1B Alec Bohm 2B Luis Arraez 3B Bo Bichette C J.T. Realmuto OF JJ Bleday OF Carson Benge OF Brandon Marsh P Jose Soriano P Cade Cavalli SS Elly De La Cruz,,,
1264,5210838330,jlegrand22 (12/20),0,85.1,1B Abimelec Ortiz 2B Nasim Nunez 3B Eugenio Suarez C Tyler Stephenson OF Daylen Lile OF JJ Bleday OF Hector Rodriguez P Zack Wheeler P Jose Soriano SS Elly De La Cruz,,,
1264,5211178108,bcardwell79 (1/4),0,85.1,1B Jared Young 2B Nasim Nunez 3B Brady House C Luis Torrens OF Bryan Reynolds OF Dylan Crews OF Daylen Lile P Zack Wheeler P Jose Soriano SS Francisco Lindor,,,
1264,5211345176,jnwallen (19/20),0,85.1,1B Sal Stewart 2B Marcus Semien 3B Bo Bichette C Tyler Stephenson OF JJ Bleday OF A.J. Ewing OF Hector Rodriguez P Zack Wheeler P Jose Soriano SS Francisco Lindor,,,
1264,5211350963,produceman09 (5/9),0,85.1,1B Spencer Horwitz 2B Nick Gonzales 3B Jared Triolo C Rafael Flores Jr. OF Dylan Crews OF Daylen Lile OF Ronny Simon P Zack Wheeler P Jose Soriano SS CJ Abrams,,,
1268,5211084732,wolfpack1946,0,85.05,1B Bryce Harper 2B Luis Arraez 3B Bryson Stott C Alejandro Kirk OF Kyle Schwarber OF Carson Benge OF Jacob Young P Cade Cavalli P Carmen Mlodzinski SS Elly De La Cruz,,,
1269,5211122942,SaucyJack1001 (3/4),0,84.95,1B Jared Young 2B Luis Arraez 3B Bo Bichette C Alejandro Kirk OF Kyle Schwarber OF Bryce Harper OF Bryan Reynolds P Jose Soriano P Zac Thornton SS Francisco Lindor,,,
1269,5211177146,jeffreyride,0,84.95,1B Spencer Horwitz 2B Luis Arraez 3B Brady House C J.T. Realmuto OF Bryce Harper OF Daylen Lile OF JJ Bleday P Jose Soriano P Zac Thornton SS CJ Abrams,,,
1271,5210857816,jsmoove34 (3/3),0,84.9,1B Spencer Horwitz 2B Ernie Clement 3B Eugenio Suarez C Tyler Stephenson OF Bryce Harper OF Esmerlyn Valdez OF Brett Baty P Zack Wheeler P Cade Cavalli SS Elly De La Cruz,,,
1271,5210902547,j-wolf05 (15/20),0,84.9,1B Bryce Harper 2B Brandon Lowe 3B Jared Triolo C J.T. Realmuto OF Bryan Reynolds OF Esmerlyn Valdez OF Ronny Simon P Zack Wheeler P Cade Cavalli SS Trea Turner,,,
1271,5210934722,ladyfingers (4/15),0,84.9,1B Sal Stewart 2B Brandon Lowe 3B Bo Bichette C Tyler Stephenson OF Matt McLain OF Nathan Lukes OF Jesus Sanchez P Zack Wheeler P Cade Cavalli SS CJ Abrams,,,
1271,5210938759,jw1984 (9/15),0,84.9,1B Bryce Harper 2B Ronny Simon 3B Bryson Stott C Rafael Flores Jr. OF Kyle Schwarber OF Esmerlyn Valdez OF Jake Mangum P Zack Wheeler P Cade Cavalli SS Trea Turner,,,
1271,5210948975,ttillie (14/20),0,84.9,1B Abimelec Ortiz 2B Jorge Polanco 3B Alec Bohm C Harry Ford OF Bryan Reynolds OF Esmerlyn Valdez OF Carson Benge P Zack Wheeler P Cade Cavalli SS CJ Abrams,,,
1271,5210984392,73pd2x (4/20),0,84.9,1B Bryce Harper 2B Jorge Polanco 3B Bryson Stott C Rafael Flores Jr. OF Kyle Schwarber OF Esmerlyn Valdez OF Justin Crawford P Zack Wheeler P Cade Cavalli SS Trea Turner,,,
1271,5211071971,bch1274 (1/3),0,84.9,1B Abimelec Ortiz 2B Jose Tena 3B Bo Bichette C Tyler Stephenson OF Dylan Crews OF A.J. Ewing OF Carson Benge P Zack Wheeler P Cade Cavalli SS CJ Abrams,,,
1271,5211093037,lsulunatik (7/18),0,84.9,1B Alec Bohm 2B Brandon Lowe 3B Nick Gonzales C Rafael Flores Jr. OF Bryce Harper OF Jake Mangum OF Ronny Simon P Zack Wheeler P Cade Cavalli SS Trea Turner,,,
1271,5211104502,redawg73,0,84.9,1B Spencer Horwitz 2B Luis Arraez 3B Bo Bichette C Tyler Stephenson OF Bryce Harper OF Brandon Marsh OF Ronny Simon P Zack Wheeler P Cade Cavalli SS Elly De La Cruz,,,
1271,5211218645,eharig09 (9/20),0,84.9,1B Bryce Harper 2B Luis Arraez 3B Kazuma Okamoto C Alejandro Kirk OF Dylan Crews OF Nathan Lukes OF Jesus Sanchez P Zack Wheeler P Cade Cavalli SS Andres Gimenez,,,
1271,5211233575,sportsfan14 (15/20),0,84.9,1B Bryce Harper 2B Ronny Simon 3B Jared Triolo C J.T. Realmuto OF Kyle Schwarber OF Esmerlyn Valdez OF Jake Mangum P Zack Wheeler P Cade Cavalli SS Trea Turner,,,
1271,5211233590,river10 (3/6),0,84.9,1B Abimelec Ortiz 2B Bryson Stott 3B Jorge Polanco C J.T. Realmuto OF Kyle Schwarber OF Bryce Harper OF Brandon Marsh P Zack Wheeler P Cade Cavalli SS Elly De La Cruz,,,
1271,5211244225,cachedinar (7/20),0,84.9,1B Spencer Horwitz 2B Brandon Lowe 3B Bryson Stott C J.T. Realmuto OF Kyle Schwarber OF Justin Crawford OF Ronny Simon P Zack Wheeler P Cade Cavalli SS Trea Turner,,,
1271,5211244236,cachedinar (18/20),0,84.9,1B Bryce Harper 2B Luis Arraez 3B Jared Triolo C Rafael Flores Jr. OF Kyle Schwarber OF Jake Mangum OF Ronny Simon P Zack Wheeler P Cade Cavalli SS Trea Turner,,,
1271,5211268378,mrclean913 (4/20),0,84.9,1B Abimelec Ortiz 2B Nasim Nunez 3B Brady House C J.T. Realmuto OF Bryan Reynolds OF Daylen Lile OF Brandon Marsh P Zack Wheeler P Cade Cavalli SS CJ Abrams,,,
1271,5211295191,Sernatime,0,84.9,1B Abimelec Ortiz 2B Luis Arraez 3B Bo Bichette C Luis Torrens OF Daylen Lile OF Esmerlyn Valdez OF Jake Mangum P Zack Wheeler P Cade Cavalli SS CJ Abrams,,,
1271,5211317820,Skralph (9/20),0,84.9,1B Abimelec Ortiz 2B Luis Arraez 3B Alec Bohm C Harry Ford OF Kyle Schwarber OF Bryce Harper OF Jesus Sanchez P Zack Wheeler P Cade Cavalli SS Trea Turner,,,
1271,5211337887,jnwallen (5/20),0,84.9,1B Jared Young 2B Brandon Lowe 3B Bo Bichette C Luis Torrens OF Bryan Reynolds OF Esmerlyn Valdez OF Jake Mangum P Zack Wheeler P Cade Cavalli SS Francisco Lindor,,,
1271,5211344504,fantasysuperstar (16/20),0,84.9,1B Jared Young 2B Luis Arraez 3B Jorge Polanco C Luis Torrens OF Bryce Harper OF Bryan Reynolds OF Esmerlyn Valdez P Zack Wheeler P Cade Cavalli SS Francisco Lindor,,,
1271,5211344505,fantasysuperstar (17/20),0,84.9,1B Abimelec Ortiz 2B Ronny Simon 3B Brady House C J.T. Realmuto OF Kyle Schwarber OF Dylan Crews OF A.J. Ewing P Zack Wheeler P Cade Cavalli SS CJ Abrams,,,
1291,5210902542,j-wolf05 (10/20),0,84.75,1B Bryce Harper 2B Luis Arraez 3B Kazuma Okamoto C Alejandro Kirk OF Kyle Schwarber OF George Springer OF Brandon Marsh P Cade Cavalli P Zac Thornton SS Trea Turner,,,
1291,5211081275,FoxyGrandpa252 (3/20),0,84.75,1B Bryce Harper 2B Luis Arraez 3B Kazuma Okamoto C Alejandro Kirk OF Kyle Schwarber OF George Springer OF Brandon Marsh P Cade Cavalli P Zac Thornton SS Trea Turner,,,
1293,5211341824,louiswat (4/5),0,84.6,1B Kazuma Okamoto 2B Brandon Lowe 3B Bo Bichette C Luis Torrens OF Kyle Schwarber OF Bryan Reynolds OF Daylen Lile P Zac Thornton P Carmen Mlodzinski SS Elly De La Cruz,,,
1294,5210860931,inkedjerseyguy,0,84.45,1B Jared Young 2B Bryson Stott 3B Brady House C Luis Torrens OF Kyle Schwarber OF Carson Benge OF Brandon Marsh P Zack Wheeler P Zac Thornton SS CJ Abrams,,,
1294,5210915677,TheBossinMyWorld (2/2),0,84.45,1B Sal Stewart 2B Marcus Semien 3B Brady House C Tyler Stephenson OF Dylan Crews OF Daylen Lile OF Hector Rodriguez P Zack Wheeler P Zac Thornton SS CJ Abrams,,,
1294,5210928125,whoisjohngalt420 (20/20),0,84.45,1B Alec Bohm 2B Luis Arraez 3B Eugenio Suarez C Tyler Stephenson OF Bryce Harper OF JJ Bleday OF Noelvi Marte P Zack Wheeler P Zac Thornton SS Elly De La Cruz,,,
1294,5210998914,MATTZ1222 (2/2),0,84.45,1B Bryce Harper 2B Ernie Clement 3B Jorge Polanco C Tyler Stephenson OF JJ Bleday OF A.J. Ewing OF Carson Benge P Zack Wheeler P Zac Thornton SS CJ Abrams,,,
1294,5211009278,Superior6062,0,84.45,1B Sal Stewart 2B Nasim Nunez 3B Bryson Stott C J.T. Realmuto OF A.J. Ewing OF Jacob Young OF Matt McLain P Zack Wheeler P Zac Thornton SS CJ Abrams,,,
1294,5211093039,lsulunatik (9/18),0,84.45,1B Abimelec Ortiz 2B Nasim Nunez 3B Brady House C J.T. Realmuto OF Bryce Harper OF Daylen Lile OF Brandon Marsh P Zack Wheeler P Zac Thornton SS CJ Abrams,,,
1294,5211113440,austin60915 (18/20),0,84.45,1B Sal Stewart 2B Jose Tena 3B Brady House C Tyler Stephenson OF Daylen Lile OF JJ Bleday OF Jacob Young P Zack Wheeler P Zac Thornton SS Elly De La Cruz,,,
1294,5211211230,darrylposton (7/20),0,84.45,1B Sal Stewart 2B Matt McLain 3B Alec Bohm C Tyler Stephenson OF Daylen Lile OF JJ Bleday OF Hector Rodriguez P Zack Wheeler P Zac Thornton SS CJ Abrams,,,
1294,5211233564,sportsfan14 (4/20),0,84.45,1B Sal Stewart 2B Jorge Polanco 3B Eugenio Suarez C Harry Ford OF Dylan Crews OF JJ Bleday OF Noelvi Marte P Zack Wheeler P Zac Thornton SS Elly De La Cruz,,,
1294,5211280942,pat_the_hat2 (11/20),0,84.45,1B Sal Stewart 2B Luis Arraez 3B Alec Bohm C Tyler Stephenson OF Bryce Harper OF Matt McLain OF Hector Rodriguez P Zack Wheeler P Zac Thornton SS Elly De La Cruz,,,
1304,5211163078,chuck42769,0,84.4,1B Spencer Horwitz 2B Ernie Clement 3B Bo Bichette C Alejandro Kirk OF Bryce Harper OF JJ Bleday OF George Springer P Jose Soriano P Cade Cavalli SS Elly De La Cruz,,,
1304,5211266789,seth1374 (18/20),0,84.4,1B Spencer Horwitz 2B Brandon Lowe 3B Bo Bichette C Luis Torrens OF Bryan Reynolds OF Esmerlyn Valdez OF Jake Mangum P Jose Soriano P Cade Cavalli SS Francisco Lindor,,,
1304,5211341976,curtismannda3rd,0,84.4,1B Sal Stewart 2B Brandon Lowe 3B Kazuma Okamoto C Tyler Stephenson OF Dylan Crews OF George Springer OF Matt McLain P Jose Soriano P Cade Cavalli SS Elly De La Cruz,,,
1307,5210559627,Caramelo57,0,84.1,1B Spencer Horwitz 2B Marcus Semien 3B Bo Bichette C J.T. Realmuto OF JJ Bleday OF Carson Benge OF Jacob Young P Zack Wheeler P Jose Soriano SS Francisco Lindor,,,
1307,5210890748,kkorch,0,84.1,1B Abimelec Ortiz 2B Bryson Stott 3B Kazuma Okamoto C Harry Ford OF Daylen Lile OF JJ Bleday OF Jesus Sanchez P Zack Wheeler P Jose Soriano SS CJ Abrams,,,
1307,5210922113,Stree (17/20),0,84.1,1B Sal Stewart 2B Ronny Simon 3B Eugenio Suarez C Tyler Stephenson OF JJ Bleday OF Esmerlyn Valdez OF Carson Benge P Zack Wheeler P Jose Soriano SS Elly De La Cruz,,,
1307,5210984389,73pd2x (1/20),0,84.1,1B Spencer Horwitz 2B Nick Gonzales 3B Jared Triolo C Luis Torrens OF Bryan Reynolds OF Brett Baty OF Ronny Simon P Zack Wheeler P Jose Soriano SS Francisco Lindor,,,
1307,5211112419,DeeMac74 (2/5),0,84.1,1B Sal Stewart 2B Nick Gonzales 3B Brady House C Tyler Stephenson OF Daylen Lile OF JJ Bleday OF Hector Rodriguez P Zack Wheeler P Jose Soriano SS Elly De La Cruz,,,
1307,5211240596,nolanmt,0,84.1,1B Bryce Harper 2B Luis Arraez 3B Bryson Stott C Rafael Flores Jr. OF JJ Bleday OF Brandon Marsh OF Justin Crawford P Zack Wheeler P Jose Soriano SS Francisco Lindor,,,
1307,5211351359,louiswat (5/5),0,84.1,1B Jared Young 2B Luis Arraez 3B Nick Gonzales C Tyler Stephenson OF Dylan Crews OF A.J. Ewing OF Noelvi Marte P Zack Wheeler P Jose Soriano SS Elly De La Cruz,,,
1314,5210543512,Cowboy93,0,83.95,1B Sal Stewart 2B Nick Gonzales 3B Kazuma Okamoto C Tyler Stephenson OF Kyle Schwarber OF Esmerlyn Valdez OF Carson Benge P Jose Soriano P Zac Thornton SS Elly De La Cruz,,,
1314,5211093041,lsulunatik (11/18),0,83.95,1B Kazuma Okamoto 2B Jose Tena 3B Ernie Clement C Alejandro Kirk OF Kyle Schwarber OF Daylen Lile OF George Springer P Jose Soriano P Zac Thornton SS CJ Abrams,,,
1314,5211301152,Primrose_877,0,83.95,1B Sal Stewart 2B Nick Gonzales 3B Eugenio Suarez C Tyler Stephenson OF Bryan Reynolds OF JJ Bleday OF Esmerlyn Valdez P Jose Soriano P Zac Thornton SS Elly De La Cruz,,,
1314,5211301600,ScarletPirates,0,83.95,1B Kazuma Okamoto 2B Luis Arraez 3B Bryson Stott C Alejandro Kirk OF Kyle Schwarber OF JJ Bleday OF Carson Benge P Jose Soriano P Zac Thornton SS Elly De La Cruz,,,
1314,5211342241,INTULLYGENT (3/4),0,83.95,1B Sal Stewart 2B Bryson Stott 3B Eugenio Suarez C Tyler Stephenson OF Bryce Harper OF JJ Bleday OF Esmerlyn Valdez P Jose Soriano P Zac Thornton SS Elly De La Cruz,,,
1319,5210858560,Vogel12,0,83.9,1B Sal Stewart 2B Bryson Stott 3B Kazuma Okamoto C Tyler Stephenson OF Carson Benge OF Jake Mangum OF Brandon Marsh P Zack Wheeler P Cade Cavalli SS Elly De La Cruz,,,
1319,5210903761,KOHearts25 (1/2),0,83.9,1B Alec Bohm 2B Matt McLain 3B Ernie Clement C Tyler Stephenson OF Bryan Reynolds OF George Springer OF Jesus Sanchez P Zack Wheeler P Cade Cavalli SS CJ Abrams,,,
1319,5210905490,ariric864,0,83.9,1B Jared Young 2B Jorge Polanco 3B Eugenio Suarez C Tyler Stephenson OF Dylan Crews OF Daylen Lile OF Esmerlyn Valdez P Zack Wheeler P Cade Cavalli SS CJ Abrams,,,
1319,5210992519,ptsteel,0,83.9,1B Abimelec Ortiz 2B Luis Arraez 3B Brady House C J.T. Realmuto OF Bryce Harper OF Dylan Crews OF Daylen Lile P Zack Wheeler P Cade Cavalli SS Trea Turner,,,
1319,5210994548,mattped23 (2/5),0,83.9,1B Bryce Harper 2B Luis Arraez 3B Nick Gonzales C J.T. Realmuto OF Bryan Reynolds OF Esmerlyn Valdez OF Jake Mangum P Zack Wheeler P Cade Cavalli SS Jared Triolo,,,
1319,5210997547,chrispy2005 (5/20),0,83.9,1B Alec Bohm 2B Ronny Simon 3B Bryson Stott C J.T. Realmuto OF Kyle Schwarber OF Esmerlyn Valdez OF Justin Crawford P Zack Wheeler P Cade Cavalli SS CJ Abrams,,,
1319,5211018265,rsumrall (9/20),0,83.9,1B Abimelec Ortiz 2B Nasim Nunez 3B Brady House C Luis Torrens OF Bryce Harper OF Dylan Crews OF A.J. Ewing P Zack Wheeler P Cade Cavalli SS CJ Abrams,,,
1319,5211018275,rsumrall (19/20),0,83.9,1B Spencer Horwitz 2B Ronny Simon 3B Bryson Stott C Rafael Flores Jr. OF Kyle Schwarber OF Bryce Harper OF Brandon Marsh P Zack Wheeler P Cade Cavalli SS Trea Turner,,,
1319,5211109934,BleedORANGE,0,83.9,1B Jared Young 2B Brett Baty 3B Brady House C Luis Torrens OF Kyle Schwarber OF Esmerlyn Valdez OF Carson Benge P Zack Wheeler P Cade Cavalli SS CJ Abrams,,,
1319,5211233563,sportsfan14 (3/20),0,83.9,1B Rafael Flores Jr. 2B Bryson Stott 3B Brady House C J.T. Realmuto OF Kyle Schwarber OF Brandon Marsh OF Justin Crawford P Zack Wheeler P Cade Cavalli SS CJ Abrams,,,
1319,5211233567,sportsfan14 (7/20),0,83.9,1B Spencer Horwitz 2B Jose Tena 3B Nick Gonzales C Harry Ford OF Dylan Crews OF Esmerlyn Valdez OF Ronny Simon P Zack Wheeler P Cade Cavalli SS CJ Abrams,,,
1319,5211263331,AdamBlasingame23,0,83.9,1B Spencer Horwitz 2B Luis Arraez 3B Nick Gonzales C Harry Ford OF Esmerlyn Valdez OF Jacob Young OF Ronny Simon P Zack Wheeler P Cade Cavalli SS CJ Abrams,,,
1319,5211326336,TravisChil,0,83.9,1B Jared Young 2B Luis Arraez 3B Bryson Stott C Luis Torrens OF Bryce Harper OF Dylan Crews OF Carson Benge P Zack Wheeler P Cade Cavalli SS Trea Turner,,,
1332,5210600538,ivymoose (12/20),0,83.75,1B Kazuma Okamoto 2B Luis Arraez 3B Alec Bohm C Alejandro Kirk OF Kyle Schwarber OF Bryce Harper OF Nathan Lukes P Cade Cavalli P Zac Thornton SS Trea Turner,,,
1332,5210600541,ivymoose (15/20),0,83.75,1B Bryce Harper 2B Luis Arraez 3B Kazuma Okamoto C Alejandro Kirk OF Kyle Schwarber OF Brandon Marsh OF Jesus Sanchez P Cade Cavalli P Zac Thornton SS Trea Turner,,,
1332,5210764857,Sammy.Boy (17/20),0,83.75,1B Alec Bohm 2B Luis Arraez 3B Kazuma Okamoto C Alejandro Kirk OF George Springer OF Nathan Lukes OF Jesus Sanchez P Cade Cavalli P Zac Thornton SS Trea Turner,,,
1332,5210769907,stock2mail (13/20),0,83.75,1B Alec Bohm 2B Luis Arraez 3B Kazuma Okamoto C Alejandro Kirk OF Kyle Schwarber OF Bryce Harper OF Nathan Lukes P Cade Cavalli P Zac Thornton SS Trea Turner,,,
1332,5210922104,Stree (8/20),0,83.75,1B Bryce Harper 2B Luis Arraez 3B Alec Bohm C Alejandro Kirk OF Kyle Schwarber OF Dylan Crews OF Nathan Lukes P Cade Cavalli P Zac Thornton SS Trea Turner,,,
1332,5210967033,Caryg07 (13/20),0,83.75,1B Bryce Harper 2B Ernie Clement 3B Kazuma Okamoto C Alejandro Kirk OF Kyle Schwarber OF George Springer OF Brandon Marsh P Cade Cavalli P Zac Thornton SS CJ Abrams,,,
1332,5210996686,LTskelter (5/20),0,83.75,1B Bryce Harper 2B Luis Arraez 3B Kazuma Okamoto C J.T. Realmuto OF Kyle Schwarber OF Brandon Marsh OF Jesus Sanchez P Cade Cavalli P Zac Thornton SS CJ Abrams,,,
1339,5210857137,RobFTW2014,0,83.6,1B Bryce Harper 2B Luis Arraez 3B Bryson Stott C Keibert Ruiz OF Kyle Schwarber OF Daylen Lile OF JJ Bleday P Zac Thornton P Carmen Mlodzinski SS Elly De La Cruz,,,
1340,5210987928,byronwallace,0,83.55,1B Bryce Harper 2B Bryson Stott 3B Bo Bichette C Luis Torrens OF JJ Bleday OF Carson Benge OF Brandon Marsh P Zack Wheeler P Tim Mayza SS Elly De La Cruz,,,
1341,5210587255,cribman,0,83.45,1B Endy Rodriguez 2B Luis Arraez 3B Bryson Stott C Francisco Alvarez OF Daylen Lile OF JJ Bleday OF Brandon Marsh P Zack Wheeler P Zac Thornton SS Francisco Lindor,,,
1341,5210893634,az350z (2/20),0,83.45,1B Sal Stewart 2B Luis Arraez 3B Eugenio Suarez C Tyler Stephenson OF Bryce Harper OF Brandon Marsh OF Hector Rodriguez P Zack Wheeler P Zac Thornton SS Elly De La Cruz,,,
1341,5210927621,bellsofwar3 (1/20),0,83.45,1B Sal Stewart 2B Luis Arraez 3B Eugenio Suarez C Tyler Stephenson OF Bryce Harper OF Brandon Marsh OF Hector Rodriguez P Zack Wheeler P Zac Thornton SS Elly De La Cruz,,,
1341,5210927634,bellsofwar3 (14/20),0,83.45,1B Abimelec Ortiz 2B Jose Tena 3B Brady House C Tyler Stephenson OF Dylan Crews OF Daylen Lile OF JJ Bleday P Zack Wheeler P Zac Thornton SS Elly De La Cruz,,,
1341,5210938753,jw1984 (3/15),0,83.45,1B Sal Stewart 2B Luis Arraez 3B Eugenio Suarez C Tyler Stephenson OF Bryce Harper OF Brandon Marsh OF Hector Rodriguez P Zack Wheeler P Zac Thornton SS Elly De La Cruz,,,
1341,5210996699,LTskelter (18/20),0,83.45,1B Bryce Harper 2B Bryson Stott 3B Eugenio Suarez C Tyler Stephenson OF Kyle Schwarber OF Brandon Marsh OF Noelvi Marte P Zack Wheeler P Zac Thornton SS Trea Turner,,,
1341,5211018264,rsumrall (8/20),0,83.45,1B Sal Stewart 2B Luis Arraez 3B Eugenio Suarez C J.T. Realmuto OF Kyle Schwarber OF Noelvi Marte OF Hector Rodriguez P Zack Wheeler P Zac Thornton SS Elly De La Cruz,,,
1341,5211042649,thundrenterprises (17/20),0,83.45,1B Sal Stewart 2B Luis Arraez 3B Eugenio Suarez C Tyler Stephenson OF Bryce Harper OF Brandon Marsh OF Hector Rodriguez P Zack Wheeler P Zac Thornton SS Elly De La Cruz,,,
1341,5211073099,kreller17 (16/20),0,83.45,1B Sal Stewart 2B Matt McLain 3B Ke'Bryan Hayes C J.T. Realmuto OF Dylan Crews OF Brandon Marsh OF Noelvi Marte P Zack Wheeler P Zac Thornton SS Elly De La Cruz,,,
1341,5211110968,ste6000,0,83.45,1B Sal Stewart 2B Luis Arraez 3B Bo Bichette C Harry Ford OF Bryce Harper OF Jacob Young OF Hector Rodriguez P Zack Wheeler P Zac Thornton SS Francisco Lindor,,,
1341,5211137469,bjabo21,0,83.45,1B Jared Young 2B Luis Arraez 3B Bo Bichette C Alejandro Kirk OF Bryan Reynolds OF JJ Bleday OF Carson Benge P Zack Wheeler P Zac Thornton SS Francisco Lindor,,,
1341,5211174471,MJDLC (8/20),0,83.45,1B Jared Young 2B Jorge Polanco 3B Bo Bichette C Tyler Stephenson OF Kyle Schwarber OF JJ Bleday OF A.J. Ewing P Zack Wheeler P Zac Thornton SS Elly De La Cruz,,,
1341,5211199709,aquafinatim (7/20),0,83.45,1B Sal Stewart 2B Luis Arraez 3B Eugenio Suarez C Tyler Stephenson OF Bryce Harper OF Brandon Marsh OF Hector Rodriguez P Zack Wheeler P Zac Thornton SS Elly De La Cruz,,,
1341,5211225611,matthewwalsh (8/20),0,83.45,1B Sal Stewart 2B Luis Arraez 3B Eugenio Suarez C J.T. Realmuto OF Kyle Schwarber OF Noelvi Marte OF Hector Rodriguez P Zack Wheeler P Zac Thornton SS Elly De La Cruz,,,
1341,5211244233,cachedinar (15/20),0,83.45,1B Sal Stewart 2B Luis Arraez 3B Eugenio Suarez C Tyler Stephenson OF Bryce Harper OF Matt McLain OF Hector Rodriguez P Zack Wheeler P Zac Thornton SS CJ Abrams,,,
1341,5211268391,mrclean913 (17/20),0,83.45,1B Abimelec Ortiz 2B Nasim Nunez 3B Brady House C Tyler Stephenson OF Bryce Harper OF Daylen Lile OF Noelvi Marte P Zack Wheeler P Zac Thornton SS CJ Abrams,,,
1341,5211331178,thegunnard,0,83.45,1B Bryce Harper 2B Brett Baty 3B Bryson Stott C Tyler Stephenson OF Kyle Schwarber OF Jake Mangum OF Hector Rodriguez P Zack Wheeler P Zac Thornton SS Elly De La Cruz,,,
1358,5210619183,melvincali (1/20),0,83.4,1B Kazuma Okamoto 2B Brandon Lowe 3B Brady House C Alejandro Kirk OF George Springer OF Nathan Lukes OF Jesus Sanchez P Jose Soriano P Cade Cavalli SS CJ Abrams,,,
1358,5210883850,BammaMan,0,83.4,1B Jared Young 2B Marcus Semien 3B Kazuma Okamoto C Alejandro Kirk OF Kyle Schwarber OF Bryan Reynolds OF Esmerlyn Valdez P Jose Soriano P Cade Cavalli SS CJ Abrams,,,
1358,5211325625,JudgeGrimm (4/5),0,83.4,1B Sal Stewart 2B Ernie Clement 3B Bo Bichette C Harry Ford OF Bryan Reynolds OF George Springer OF Jesus Sanchez P Jose Soriano P Cade Cavalli SS CJ Abrams,,,
1358,5211325923,JudgeGrimm (5/5),0,83.4,1B Sal Stewart 2B Ernie Clement 3B Bo Bichette C Harry Ford OF Bryan Reynolds OF George Springer OF Jesus Sanchez P Jose Soriano P Cade Cavalli SS CJ Abrams,,,
1362,5210948960,chadmac10,0,83.25,1B Sal Stewart 2B Brandon Lowe 3B Kazuma Okamoto C Harry Ford OF JJ Bleday OF A.J. Ewing OF George Springer P Jose Soriano P Chase Petty SS Elly De La Cruz,,,
1363,5210983459,swiftyjb (2/3),0,83.1,1B Spencer Horwitz 2B Nasim Nunez 3B Nick Gonzales C Rafael Flores Jr. OF Brandon Marsh OF Matt McLain OF Justin Crawford P Zack Wheeler P Jose Soriano SS CJ Abrams,,,
1363,5210996687,LTskelter (6/20),0,83.1,1B Sal Stewart 2B Ronny Simon 3B Eugenio Suarez C Tyler Stephenson OF Bryan Reynolds OF Jake Mangum OF Noelvi Marte P Zack Wheeler P Jose Soriano SS Elly De La Cruz,,,
1363,5211081123,UniversalFriend (1/20),0,83.1,1B Sal Stewart 2B Matt McLain 3B Ke'Bryan Hayes C Tyler Stephenson OF Daylen Lile OF Esmerlyn Valdez OF Noelvi Marte P Zack Wheeler P Jose Soriano SS CJ Abrams,,,
1363,5211191796,wittwerjoe (10/20),0,83.1,1B Abimelec Ortiz 2B Nasim Nunez 3B Eugenio Suarez C Harry Ford OF Kyle Schwarber OF JJ Bleday OF Hector Rodriguez P Zack Wheeler P Jose Soriano SS Elly De La Cruz,,,
1363,5211203389,SMITTOFF11 (4/5),0,83.1,1B Jared Young 2B Bryson Stott 3B Eugenio Suarez C Keibert Ruiz OF Daylen Lile OF Jake Mangum OF Jacob Young P Zack Wheeler P Jose Soriano SS CJ Abrams,,,
1363,5211218191,matthewwalsh (1/20),0,83.1,1B Sal Stewart 2B Brandon Lowe 3B Eugenio Suarez C Tyler Stephenson OF JJ Bleday OF A.J. Ewing OF Hector Rodriguez P Zack Wheeler P Jose Soriano SS Francisco Lindor,,,
1363,5211273124,shanemoore27 (4/20),0,83.1,1B Sal Stewart 2B Brandon Lowe 3B Eugenio Suarez C Tyler Stephenson OF JJ Bleday OF A.J. Ewing OF Hector Rodriguez P Zack Wheeler P Jose Soriano SS Francisco Lindor,,,
1370,5210948969,ttillie (8/20),0,83.05,1B Abimelec Ortiz 2B Brandon Lowe 3B Jared Triolo C J.T. Realmuto OF Kyle Schwarber OF Bryce Harper OF Daylen Lile P Cade Cavalli P Carmen Mlodzinski SS CJ Abrams,,,
1371,5210663566,MikeeesPicks,0,82.9,1B Alec Bohm 2B Luis Arraez 3B Brady House C J.T. Realmuto OF Kyle Schwarber OF Bryan Reynolds OF Jesus Sanchez P Zack Wheeler P Cade Cavalli SS Francisco Lindor,,,
1371,5210893643,az350z (11/20),0,82.9,1B Bryce Harper 2B Luis Arraez 3B Bryson Stott C Rafael Flores Jr. OF Kyle Schwarber OF Jake Mangum OF Brandon Marsh P Zack Wheeler P Cade Cavalli SS Jared Triolo,,,
1371,5210928114,whoisjohngalt420 (9/20),0,82.9,1B Abimelec Ortiz 2B Nasim Nunez 3B Brady House C Rafael Flores Jr. OF Daylen Lile OF Esmerlyn Valdez OF Jake Mangum P Zack Wheeler P Cade Cavalli SS CJ Abrams,,,
1371,5210961898,henry296 (12/20),0,82.9,1B Abimelec Ortiz 2B Bryson Stott 3B Brady House C J.T. Realmuto OF Kyle Schwarber OF Dylan Crews OF Daylen Lile P Zack Wheeler P Cade Cavalli SS Trea Turner,,,
1371,5210999899,faygox2x,0,82.9,1B Bryce Harper 2B Luis Arraez 3B Nick Gonzales C Tyler Stephenson OF Esmerlyn Valdez OF Jesus Sanchez OF Ronny Simon P Zack Wheeler P Cade Cavalli SS CJ Abrams,,,
1371,5211004967,christiangideon (7/20),0,82.9,1B Bryce Harper 2B Jose Tena 3B Alec Bohm C J.T. Realmuto OF Brandon Marsh OF Jacob Young OF Justin Crawford P Zack Wheeler P Cade Cavalli SS CJ Abrams,,,
1371,5211006437,christiangideon (14/20),0,82.9,1B Bryce Harper 2B Jose Tena 3B Alec Bohm C J.T. Realmuto OF Brandon Marsh OF Jacob Young OF Justin Crawford P Zack Wheeler P Cade Cavalli SS CJ Abrams,,,
1371,5211018259,rsumrall (3/20),0,82.9,1B Alec Bohm 2B Luis Arraez 3B Jorge Polanco C J.T. Realmuto OF Kyle Schwarber OF Dylan Crews OF A.J. Ewing P Zack Wheeler P Cade Cavalli SS Francisco Lindor,,,
1371,5211079204,thesportsfan (3/20),0,82.9,1B Abimelec Ortiz 2B Bryson Stott 3B Brady House C J.T. Realmuto OF Dylan Crews OF Daylen Lile OF Brandon Marsh P Zack Wheeler P Cade Cavalli SS CJ Abrams,,,
1371,5211079218,thesportsfan (17/20),0,82.9,1B Abimelec Ortiz 2B Luis Arraez 3B Brady House C Alejandro Kirk OF Kyle Schwarber OF Bryce Harper OF Justin Crawford P Zack Wheeler P Cade Cavalli SS Trea Turner,,,
1371,5211113438,austin60915 (16/20),0,82.9,1B Bryce Harper 2B Luis Arraez 3B Jared Triolo C J.T. Realmuto OF Kyle Schwarber OF Jake Mangum OF Ronny Simon P Zack Wheeler P Cade Cavalli SS Trea Turner,,,
1371,5211133967,MJPSevens7,0,82.9,1B Abimelec Ortiz 2B Bryson Stott 3B Brady House C J.T. Realmuto OF Dylan Crews OF Daylen Lile OF Brandon Marsh P Zack Wheeler P Cade Cavalli SS CJ Abrams,,,
1371,5211177425,T-Bird33,0,82.9,1B Alec Bohm 2B Nasim Nunez 3B Jared Triolo C Luis Torrens OF Kyle Schwarber OF Carson Benge OF Jake Mangum P Zack Wheeler P Cade Cavalli SS CJ Abrams,,,
1371,5211218649,eharig09 (13/20),0,82.9,1B Alec Bohm 2B Jose Tena 3B Brady House C Harry Ford OF Kyle Schwarber OF Jacob Young OF Jesus Sanchez P Zack Wheeler P Cade Cavalli SS CJ Abrams,,,
1371,5211225620,matthewwalsh (17/20),0,82.9,1B Abimelec Ortiz 2B Luis Arraez 3B Bryson Stott C J.T. Realmuto OF Daylen Lile OF Brandon Marsh OF Jacob Young P Zack Wheeler P Cade Cavalli SS CJ Abrams,,,
1371,5211244229,cachedinar (11/20),0,82.9,1B Bryce Harper 2B Bryson Stott 3B Alec Bohm C Rafael Flores Jr. OF Dylan Crews OF Carson Benge OF Brandon Marsh P Zack Wheeler P Cade Cavalli SS Trea Turner,,,
1371,5211249564,skunkel133,0,82.9,1B Abimelec Ortiz 2B Luis Arraez 3B Brady House C Luis Torrens OF Dylan Crews OF Daylen Lile OF Brandon Marsh P Zack Wheeler P Cade Cavalli SS CJ Abrams,,,
1371,5211296668,blizzybeatz,0,82.9,1B Bryce Harper 2B Nick Gonzales 3B Alec Bohm C J.T. Realmuto OF Kyle Schwarber OF Esmerlyn Valdez OF Brandon Marsh P Zack Wheeler P Cade Cavalli SS Jared Triolo,,,
1371,5211315125,Sean-Bubble,0,82.9,1B Jared Young 2B Luis Arraez 3B Brady House C Tyler Stephenson OF Bryce Harper OF Bryan Reynolds OF Esmerlyn Valdez P Zack Wheeler P Cade Cavalli SS Francisco Lindor,,,
1371,5211327041,busboys,0,82.9,1B Spencer Horwitz 2B Luis Arraez 3B Bryson Stott C Luis Torrens OF Kyle Schwarber OF Nathan Lukes OF Jesus Sanchez P Zack Wheeler P Cade Cavalli SS CJ Abrams,,,
1371,5211344489,fantasysuperstar (1/20),0,82.9,1B Abimelec Ortiz 2B Luis Arraez 3B Jorge Polanco C J.T. Realmuto OF Kyle Schwarber OF Bryce Harper OF A.J. Ewing P Zack Wheeler P Cade Cavalli SS Trea Turner,,,
1371,5211352290,QSon1981 (3/3),0,82.9,1B Abimelec Ortiz 2B Luis Arraez 3B Bo Bichette C Luis Torrens OF Bryce Harper OF Dylan Crews OF A.J. Ewing P Zack Wheeler P Cade Cavalli SS Trea Turner,,,
1393,5210997545,chrispy2005 (3/20),0,82.75,1B Sal Stewart 2B Nasim Nunez 3B Eugenio Suarez C Harry Ford OF Daylen Lile OF JJ Bleday OF Hector Rodriguez P Zack Wheeler P Carmen Mlodzinski SS Elly De La Cruz,,,
1393,5211128429,rynstien,0,82.75,1B Kazuma Okamoto 2B Brandon Lowe 3B Bo Bichette C Alejandro Kirk OF Kyle Schwarber OF George Springer OF Jesus Sanchez P Cade Cavalli P Zac Thornton SS CJ Abrams,,,
1393,5211268394,mrclean913 (20/20),0,82.75,1B Kazuma Okamoto 2B Nasim Nunez 3B Brady House C Harry Ford OF Kyle Schwarber OF Dylan Crews OF George Springer P Cade Cavalli P Zac Thornton SS CJ Abrams,,,
1396,5210764859,Sammy.Boy (19/20),0,82.45,1B Sal Stewart 2B Luis Arraez 3B Jorge Polanco C J.T. Realmuto OF Bryce Harper OF Carson Benge OF Brandon Marsh P Zack Wheeler P Zac Thornton SS Francisco Lindor,,,
1396,5210928108,whoisjohngalt420 (3/20),0,82.45,1B Sal Stewart 2B Jorge Polanco 3B Eugenio Suarez C Tyler Stephenson OF Dylan Crews OF JJ Bleday OF A.J. Ewing P Zack Wheeler P Zac Thornton SS Elly De La Cruz,,,
1396,5211268376,mrclean913 (2/20),0,82.45,1B Sal Stewart 2B Jose Tena 3B Eugenio Suarez C Tyler Stephenson OF Daylen Lile OF JJ Bleday OF Hector Rodriguez P Zack Wheeler P Zac Thornton SS CJ Abrams,,,
1396,5211279377,Dilbert29 (6/19),0,82.45,1B Alec Bohm 2B Luis Arraez 3B Bryson Stott C J.T. Realmuto OF Dylan Crews OF Brandon Marsh OF Matt McLain P Zack Wheeler P Zac Thornton SS Elly De La Cruz,,,
1396,5211280948,pat_the_hat2 (17/20),0,82.45,1B Alec Bohm 2B Luis Arraez 3B Jorge Polanco C Luis Torrens OF Kyle Schwarber OF Bryce Harper OF A.J. Ewing P Zack Wheeler P Zac Thornton SS Trea Turner,,,
1396,5211318358,curleeshu (1/2),0,82.45,1B Abimelec Ortiz 2B Luis Arraez 3B Bo Bichette C Luis Torrens OF Kyle Schwarber OF Bryce Harper OF Matt McLain P Zack Wheeler P Zac Thornton SS Trea Turner,,,
1396,5211339434,Steven_1974 (8/20),0,82.45,1B Sal Stewart 2B Jose Tena 3B Eugenio Suarez C Tyler Stephenson OF JJ Bleday OF A.J. Ewing OF Noelvi Marte P Zack Wheeler P Zac Thornton SS CJ Abrams,,,
1403,5210764851,Sammy.Boy (11/20),0,82.4,1B Spencer Horwitz 2B Ronny Simon 3B Kazuma Okamoto C Alejandro Kirk OF George Springer OF Jake Mangum OF Jesus Sanchez P Jose Soriano P Cade Cavalli SS Jared Triolo,,,
1403,5210893639,az350z (7/20),0,82.4,1B Spencer Horwitz 2B Brandon Lowe 3B Jared Triolo C Alejandro Kirk OF Bryan Reynolds OF Esmerlyn Valdez OF Nathan Lukes P Jose Soriano P Cade Cavalli SS CJ Abrams,,,
1405,5210764855,Sammy.Boy (15/20),0,82.1,1B Sal Stewart 2B Brandon Lowe 3B Nick Gonzales C Luis Torrens OF Carson Benge OF Jake Mangum OF Ronny Simon P Zack Wheeler P Jose Soriano SS Jared Triolo,,,
1405,5210955113,W3stov3r34 (1/2),0,82.1,1B Alec Bohm 2B Marcus Semien 3B Bo Bichette C Tyler Stephenson OF Kyle Schwarber OF JJ Bleday OF Carson Benge P Zack Wheeler P Jose Soriano SS Andres Gimenez,,,
1405,5210967066,NasiBoi,0,82.1,1B Jared Young 2B Jorge Polanco 3B Eugenio Suarez C Alejandro Kirk OF Kyle Schwarber OF Daylen Lile OF Brett Baty P Zack Wheeler P Jose Soriano SS CJ Abrams,,,
1405,5211019193,ladyfingers (11/15),0,82.1,1B Abimelec Ortiz 2B Brandon Lowe 3B Eugenio Suarez C Rafael Flores Jr. OF Daylen Lile OF JJ Bleday OF Hector Rodriguez P Zack Wheeler P Jose Soriano SS CJ Abrams,,,
1405,5211093033,lsulunatik (3/18),0,82.1,1B Abimelec Ortiz 2B Jorge Polanco 3B Bo Bichette C Francisco Alvarez OF Dylan Crews OF Daylen Lile OF Carson Benge P Zack Wheeler P Jose Soriano SS Francisco Lindor,,,
1405,5211230279,rcarena (5/7),0,82.1,1B Rafael Flores Jr. 2B Brett Baty 3B Eugenio Suarez C Luis Torrens OF Bryan Reynolds OF Esmerlyn Valdez OF Carson Benge P Zack Wheeler P Jose Soriano SS CJ Abrams,,,
1405,5211266786,seth1374 (15/20),0,82.1,1B Spencer Horwitz 2B Ronny Simon 3B Eugenio Suarez C Tyler Stephenson OF Bryan Reynolds OF Esmerlyn Valdez OF Jake Mangum P Zack Wheeler P Jose Soriano SS Elly De La Cruz,,,
1405,5211337883,jnwallen (1/20),0,82.1,1B Sal Stewart 2B Marcus Semien 3B Bo Bichette C Tyler Stephenson OF JJ Bleday OF Carson Benge OF Hector Rodriguez P Zack Wheeler P Jose Soriano SS Elly De La Cruz,,,
1405,5211350966,produceman09 (8/9),0,82.1,1B Jared Young 2B Marcus Semien 3B Jorge Polanco C Luis Torrens OF Dylan Crews OF Daylen Lile OF Brett Baty P Zack Wheeler P Jose Soriano SS CJ Abrams,,,
1414,5211063659,scar2015 (2/3),0,81.95,1B Kazuma Okamoto 2B Ernie Clement 3B Bo Bichette C Alejandro Kirk OF Kyle Schwarber OF Daylen Lile OF George Springer P Jose Soriano P Zac Thornton SS CJ Abrams,,,
1414,5211280935,pat_the_hat2 (4/20),0,81.95,1B Sal Stewart 2B Nasim Nunez 3B Kazuma Okamoto C Alejandro Kirk OF George Springer OF Nathan Lukes OF Jesus Sanchez P Jose Soriano P Zac Thornton SS Elly De La Cruz,,,
1416,5210603127,beebus1,0,81.9,1B Alec Bohm 2B Bryson Stott 3B Brady House C J.T. Realmuto OF Bryan Reynolds OF Jake Mangum OF Jacob Young P Zack Wheeler P Cade Cavalli SS Elly De La Cruz,,,
1416,5210840877,sborbell,0,81.9,1B Alec Bohm 2B Luis Arraez 3B Kazuma Okamoto C Alejandro Kirk OF Bryan Reynolds OF JJ Bleday OF Carson Benge P Zack Wheeler P Cade Cavalli SS Francisco Lindor,,,
1416,5210893640,az350z (8/20),0,81.9,1B Abimelec Ortiz 2B Luis Arraez 3B Brady House C J.T. Realmuto OF Bryce Harper OF Brandon Marsh OF Justin Crawford P Zack Wheeler P Cade Cavalli SS CJ Abrams,,,
1416,5210959260,LASGolf1985,0,81.9,1B Abimelec Ortiz 2B Jose Tena 3B Brady House C Harry Ford OF Bryan Reynolds OF Esmerlyn Valdez OF Jake Mangum P Zack Wheeler P Cade Cavalli SS CJ Abrams,,,
1416,5210990426,the803goat (7/20),0,81.9,1B Alec Bohm 2B Jose Tena 3B Eugenio Suarez C Harry Ford OF Dylan Crews OF Brandon Marsh OF Jacob Young P Zack Wheeler P Cade Cavalli SS CJ Abrams,,,
1416,5211018269,rsumrall (13/20),0,81.9,1B Spencer Horwitz 2B Ronny Simon 3B Nick Gonzales C J.T. Realmuto OF Bryan Reynolds OF Jake Mangum OF Brandon Marsh P Zack Wheeler P Cade Cavalli SS CJ Abrams,,,
1416,5211054920,doran7004,0,81.9,1B Abimelec Ortiz 2B Luis Arraez 3B Brady House C Tyler Stephenson OF Kyle Schwarber OF Bryce Harper OF Hector Rodriguez P Zack Wheeler P Cade Cavalli SS Elly De La Cruz,,,
1416,5211075695,betbetbet13,0,81.9,1B Alec Bohm 2B Bryson Stott 3B Bo Bichette C J.T. Realmuto OF Bryce Harper OF Esmerlyn Valdez OF Carson Benge P Zack Wheeler P Cade Cavalli SS Trea Turner,,,
1416,5211113424,austin60915 (2/20),0,81.9,1B Abimelec Ortiz 2B Jose Tena 3B Brady House C Harry Ford OF Bryan Reynolds OF Esmerlyn Valdez OF Jake Mangum P Zack Wheeler P Cade Cavalli SS CJ Abrams,,,
1416,5211153463,Satch65 (10/20),0,81.9,1B Abimelec Ortiz 2B Brandon Lowe 3B Nick Gonzales C Luis Torrens OF Bryan Reynolds OF Esmerlyn Valdez OF Ronny Simon P Zack Wheeler P Cade Cavalli SS CJ Abrams,,,
1416,5211174464,MJDLC (1/20),0,81.9,1B Abimelec Ortiz 2B Jose Tena 3B Brady House C Harry Ford OF Bryan Reynolds OF Esmerlyn Valdez OF Jake Mangum P Zack Wheeler P Cade Cavalli SS CJ Abrams,,,
1416,5211195424,Mongo2566,0,81.9,1B Jared Young 2B Nasim Nunez 3B Bo Bichette C Harry Ford OF Bryan Reynolds OF Esmerlyn Valdez OF Ronny Simon P Zack Wheeler P Cade Cavalli SS CJ Abrams,,,
1416,5211205074,aquafinatim (20/20),0,81.9,1B Spencer Horwitz 2B Ronny Simon 3B Nick Gonzales C J.T. Realmuto OF Bryan Reynolds OF Jake Mangum OF Brandon Marsh P Zack Wheeler P Cade Cavalli SS CJ Abrams,,,
1416,5211211227,darrylposton (4/20),0,81.9,1B Abimelec Ortiz 2B Luis Arraez 3B Brady House C J.T. Realmuto OF Kyle Schwarber OF A.J. Ewing OF Brandon Marsh P Zack Wheeler P Cade Cavalli SS Trea Turner,,,
1416,5211257741,jsamtoy (18/20),0,81.9,1B Abimelec Ortiz 2B Brandon Lowe 3B Brady House C Rafael Flores Jr. OF Bryan Reynolds OF Esmerlyn Valdez OF Jake Mangum P Zack Wheeler P Cade Cavalli SS Francisco Lindor,,,
1416,5211266774,seth1374 (3/20),0,81.9,1B Abimelec Ortiz 2B Jose Tena 3B Brady House C Harry Ford OF Bryan Reynolds OF Esmerlyn Valdez OF Jake Mangum P Zack Wheeler P Cade Cavalli SS CJ Abrams,,,
1416,5211286598,mljoney8,0,81.9,1B Abimelec Ortiz 2B Brandon Lowe 3B Brady House C Harry Ford OF Dylan Crews OF Esmerlyn Valdez OF Jacob Young P Zack Wheeler P Cade Cavalli SS Francisco Lindor,,,
1416,5211339433,Steven_1974 (7/20),0,81.9,1B Spencer Horwitz 2B Ronny Simon 3B Nick Gonzales C J.T. Realmuto OF Bryan Reynolds OF Jake Mangum OF Brandon Marsh P Zack Wheeler P Cade Cavalli SS CJ Abrams,,,
1416,5211339582,dougiefreshinthehous,0,81.9,1B Abimelec Ortiz 2B Luis Arraez 3B Brady House C Harry Ford OF Bryce Harper OF Jake Mangum OF Brett Baty P Zack Wheeler P Cade Cavalli SS CJ Abrams,,,
1435,5211334236,bassman10lb,0,81.75,1B Kazuma Okamoto 2B Brandon Lowe 3B Bryson Stott C Harry Ford OF Kyle Schwarber OF Dylan Crews OF Esmerlyn Valdez P Cade Cavalli P Zac Thornton SS Trea Turner,,,
1436,5210604697,LUMBERJAX,0,81.45,1B Bryce Harper 2B Luis Arraez 3B Brady House C Rafael Flores Jr. OF Kyle Schwarber OF Jesus Sanchez OF Ronny Simon P Zack Wheeler P Zac Thornton SS CJ Abrams,,,
1436,5210918794,sixers,0,81.45,1B Bryce Harper 2B Luis Arraez 3B Jorge Polanco C Luis Torrens OF Kyle Schwarber OF Carson Benge OF Brandon Marsh P Zack Wheeler P Zac Thornton SS Trea Turner,,,
1436,5210945106,Rustycle (2/2),0,81.45,1B Alec Bohm 2B Ernie Clement 3B Eugenio Suarez C Alejandro Kirk OF Bryce Harper OF JJ Bleday OF Justin Crawford P Zack Wheeler P Zac Thornton SS CJ Abrams,,,
1436,5210996688,LTskelter (7/20),0,81.45,1B Abimelec Ortiz 2B Jose Tena 3B Brady House C Tyler Stephenson OF Kyle Schwarber OF Daylen Lile OF Brandon Marsh P Zack Wheeler P Zac Thornton SS CJ Abrams,,,
1436,5210997356,orenict,0,81.45,1B Alec Bohm 2B Bryson Stott 3B Brady House C J.T. Realmuto OF Daylen Lile OF Brandon Marsh OF Jacob Young P Zack Wheeler P Zac Thornton SS CJ Abrams,,,
1436,5210997546,chrispy2005 (4/20),0,81.45,1B Alec Bohm 2B Luis Arraez 3B Eugenio Suarez C Tyler Stephenson OF Bryce Harper OF JJ Bleday OF Hector Rodriguez P Zack Wheeler P Zac Thornton SS Elly De La Cruz,,,
1436,5210997554,chrispy2005 (12/20),0,81.45,1B Abimelec Ortiz 2B Bryson Stott 3B Eugenio Suarez C Tyler Stephenson OF Kyle Schwarber OF JJ Bleday OF Brandon Marsh P Zack Wheeler P Zac Thornton SS Elly De La Cruz,,,
1436,5211199714,aquafinatim (12/20),0,81.45,1B Abimelec Ortiz 2B Jose Tena 3B Brady House C Tyler Stephenson OF Kyle Schwarber OF Daylen Lile OF Brandon Marsh P Zack Wheeler P Zac Thornton SS CJ Abrams,,,
1436,5211199720,aquafinatim (18/20),0,81.45,1B Abimelec Ortiz 2B Luis Arraez 3B Bryson Stott C J.T. Realmuto OF Kyle Schwarber OF Bryce Harper OF Hector Rodriguez P Zack Wheeler P Zac Thornton SS Elly De La Cruz,,,
1436,5211297597,KingLaner,0,81.45,1B Bryce Harper 2B Luis Arraez 3B Kazuma Okamoto C Tyler Stephenson OF JJ Bleday OF Carson Benge OF Jake Mangum P Zack Wheeler P Zac Thornton SS Francisco Lindor,,,
1446,5210619185,melvincali (3/20),0,81.4,1B Spencer Horwitz 2B Brandon Lowe 3B Kazuma Okamoto C Alejandro Kirk OF George Springer OF Nathan Lukes OF Jesus Sanchez P Jose Soriano P Cade Cavalli SS CJ Abrams,,,
1446,5210850721,tbjones2121 (1/20),0,81.4,1B Sal Stewart 2B Ernie Clement 3B Kazuma Okamoto C Alejandro Kirk OF George Springer OF Jake Mangum OF Nathan Lukes P Jose Soriano P Cade Cavalli SS Francisco Lindor,,,
1446,5210928106,whoisjohngalt420 (1/20),0,81.4,1B Abimelec Ortiz 2B Nasim Nunez 3B Kazuma Okamoto C Harry Ford OF George Springer OF Jacob Young OF Nathan Lukes P Jose Soriano P Cade Cavalli SS CJ Abrams,,,
1446,5211073084,kreller17 (1/20),0,81.4,1B Kazuma Okamoto 2B Nasim Nunez 3B Brady House C Alejandro Kirk OF Dylan Crews OF Daylen Lile OF George Springer P Jose Soriano P Cade Cavalli SS CJ Abrams,,,
1450,5210922099,Stree (3/20),0,81.1,1B Sal Stewart 2B Matt McLain 3B Jared Triolo C Tyler Stephenson OF Bryan Reynolds OF Esmerlyn Valdez OF Hector Rodriguez P Zack Wheeler P Jose Soriano SS Elly De La Cruz,,,
1450,5210928123,whoisjohngalt420 (18/20),0,81.1,1B Sal Stewart 2B Brandon Lowe 3B Jared Triolo C Tyler Stephenson OF JJ Bleday OF Matt McLain OF Ronny Simon P Zack Wheeler P Jose Soriano SS Elly De La Cruz,,,
1450,5210965997,RedRusyn (2/2),0,81.1,1B Abimelec Ortiz 2B Nick Gonzales 3B Brady House C Rafael Flores Jr. OF Daylen Lile OF Esmerlyn Valdez OF Jake Mangum P Zack Wheeler P Jose Soriano SS CJ Abrams,,,
1450,5210994551,mattped23 (5/5),0,81.1,1B Jared Young 2B Luis Arraez 3B Bo Bichette C Luis Torrens OF Bryan Reynolds OF Esmerlyn Valdez OF Carson Benge P Zack Wheeler P Jose Soriano SS Francisco Lindor,,,
1450,5211317814,Skralph (3/20),0,81.1,1B Sal Stewart 2B Marcus Semien 3B Eugenio Suarez C Tyler Stephenson OF Kyle Schwarber OF JJ Bleday OF Hector Rodriguez P Zack Wheeler P Jose Soriano SS Francisco Lindor,,,
1455,5211297546,roysecity8888,0,81.05,1B Sal Stewart 2B Luis Arraez 3B Eugenio Suarez C Harry Ford OF Dylan Crews OF Daylen Lile OF Jacob Young P Cade Cavalli P Carmen Mlodzinski SS CJ Abrams,,,
1456,5211032321,duanebertonallen (2/2),0,80.95,1B Sal Stewart 2B Marcus Semien 3B Bo Bichette C Alejandro Kirk OF Dylan Crews OF JJ Bleday OF A.J. Ewing P Jose Soriano P Zac Thornton SS Trea Turner,,,
1456,5211093578,JRock1025,0,80.95,1B Kazuma Okamoto 2B Ernie Clement 3B Bo Bichette C Tyler Stephenson OF Bryce Harper OF Bryan Reynolds OF Daylen Lile P Jose Soriano P Zac Thornton SS CJ Abrams,,,
1458,5210608489,cfritz08,0,80.9,1B Alec Bohm 2B Bryson Stott 3B Kazuma Okamoto C Tyler Stephenson OF Bryce Harper OF Bryan Reynolds OF A.J. Ewing P Zack Wheeler P Cade Cavalli SS Nasim Nunez,,,
1458,5210764845,Sammy.Boy (5/20),0,80.9,1B Bryce Harper 2B Brandon Lowe 3B Jorge Polanco C Rafael Flores Jr. OF Bryan Reynolds OF Jake Mangum OF Ronny Simon P Zack Wheeler P Cade Cavalli SS Trea Turner,,,
1458,5210839029,LOCNOTM (15/20),0,80.9,1B Alec Bohm 2B Ronny Simon 3B Bryson Stott C J.T. Realmuto OF Bryce Harper OF Jake Mangum OF Brandon Marsh P Zack Wheeler P Cade Cavalli SS CJ Abrams,,,
1458,5210902546,j-wolf05 (14/20),0,80.9,1B Abimelec Ortiz 2B Bryson Stott 3B Brady House C J.T. Realmuto OF Kyle Schwarber OF Brandon Marsh OF Justin Crawford P Zack Wheeler P Cade Cavalli SS CJ Abrams,,,
1458,5210917094,Foley1953,0,80.9,1B Bryce Harper 2B Bryson Stott 3B Alec Bohm C J.T. Realmuto OF Kyle Schwarber OF Carson Benge OF Brett Baty P Zack Wheeler P Cade Cavalli SS Nasim Nunez,,,
1458,5210919876,acerun34,0,80.9,1B Alec Bohm 2B Luis Arraez 3B Brady House C Tyler Stephenson OF Bryce Harper OF Daylen Lile OF Esmerlyn Valdez P Zack Wheeler P Cade Cavalli SS Nasim Nunez,,,
1458,5210928113,whoisjohngalt420 (8/20),0,80.9,1B Bryce Harper 2B Luis Arraez 3B Jared Triolo C J.T. Realmuto OF Kyle Schwarber OF Esmerlyn Valdez OF Ronny Simon P Zack Wheeler P Cade Cavalli SS Trea Turner,,,
1458,5210984379,auburnwe10,0,80.9,1B Alec Bohm 2B Ernie Clement 3B Nick Gonzales C J.T. Realmuto OF JJ Bleday OF A.J. Ewing OF Brandon Marsh P Zack Wheeler P Cade Cavalli SS CJ Abrams,,,
1458,5211018260,rsumrall (4/20),0,80.9,1B Abimelec Ortiz 2B Bryson Stott 3B Brady House C J.T. Realmuto OF Dylan Crews OF Daylen Lile OF Esmerlyn Valdez P Zack Wheeler P Cade Cavalli SS CJ Abrams,,,
1458,5211034976,brulib,0,80.9,1B Jared Young 2B Bryson Stott 3B Alec Bohm C Tyler Stephenson OF Bryce Harper OF Carson Benge OF Jacob Young P Zack Wheeler P Cade Cavalli SS CJ Abrams,,,
1458,5211084025,mkoonz,0,80.9,1B Abimelec Ortiz 2B Brandon Lowe 3B Alec Bohm C Tyler Stephenson OF Bryce Harper OF Daylen Lile OF Esmerlyn Valdez P Zack Wheeler P Cade Cavalli SS Nasim Nunez,,,
1458,5211093035,lsulunatik (5/18),0,80.9,1B Rafael Flores Jr. 2B Brandon Lowe 3B Nick Gonzales C J.T. Realmuto OF Kyle Schwarber OF Jake Mangum OF Brandon Marsh P Zack Wheeler P Cade Cavalli SS Jared Triolo,,,
1458,5211111606,Stackhouse5310,0,80.9,1B Abimelec Ortiz 2B Bryson Stott 3B Brady House C J.T. Realmuto OF Dylan Crews OF Daylen Lile OF Esmerlyn Valdez P Zack Wheeler P Cade Cavalli SS CJ Abrams,,,
1458,5211153460,Satch65 (7/20),0,80.9,1B Abimelec Ortiz 2B Nick Gonzales 3B Alec Bohm C J.T. Realmuto OF Dylan Crews OF Daylen Lile OF Jacob Young P Zack Wheeler P Cade Cavalli SS CJ Abrams,,,
1458,5211174481,MJDLC (18/20),0,80.9,1B Spencer Horwitz 2B Ronny Simon 3B Brady House C J.T. Realmuto OF Kyle Schwarber OF Bryce Harper OF Jake Mangum P Zack Wheeler P Cade Cavalli SS Trea Turner,,,
1458,5211225618,matthewwalsh (15/20),0,80.9,1B Spencer Horwitz 2B Ronny Simon 3B Jared Triolo C Rafael Flores Jr. OF Kyle Schwarber OF Jake Mangum OF Brandon Marsh P Zack Wheeler P Cade Cavalli SS CJ Abrams,,,
1458,5211233570,sportsfan14 (10/20),0,80.9,1B Abimelec Ortiz 2B Nasim Nunez 3B Brady House C Harry Ford OF Kyle Schwarber OF Dylan Crews OF Justin Crawford P Zack Wheeler P Cade Cavalli SS Trea Turner,,,
1458,5211244237,cachedinar (19/20),0,80.9,1B Alec Bohm 2B Luis Arraez 3B Jared Triolo C Rafael Flores Jr. OF Kyle Schwarber OF Bryce Harper OF Ronny Simon P Zack Wheeler P Cade Cavalli SS Trea Turner,,,
1458,5211272966,jasonwithaj (8/10),0,80.9,1B Jared Young 2B Ronny Simon 3B Jared Triolo C Rafael Flores Jr. OF Kyle Schwarber OF Esmerlyn Valdez OF Jake Mangum P Zack Wheeler P Cade Cavalli SS CJ Abrams,,,
1458,5211279378,Dilbert29 (7/19),0,80.9,1B Spencer Horwitz 2B Nick Gonzales 3B Bryson Stott C Rafael Flores Jr. OF Bryan Reynolds OF Jacob Young OF Ronny Simon P Zack Wheeler P Cade Cavalli SS CJ Abrams,,,
1458,5211314952,chadshady,0,80.9,1B Spencer Horwitz 2B Luis Arraez 3B Bryson Stott C Tyler Stephenson OF Daylen Lile OF Esmerlyn Valdez OF Brandon Marsh P Zack Wheeler P Cade Cavalli SS Trea Turner,,,
1479,5210586726,avengers7,0,80.75,1B Bryce Harper 2B Luis Arraez 3B Bo Bichette C J.T. Realmuto OF Kyle Schwarber OF Dylan Crews OF George Springer P Cade Cavalli P Zac Thornton SS Trea Turner,,,
1479,5210928116,whoisjohngalt420 (11/20),0,80.75,1B Kazuma Okamoto 2B Luis Arraez 3B Alec Bohm C Alejandro Kirk OF Kyle Schwarber OF Bryce Harper OF George Springer P Cade Cavalli P Zac Thornton SS Trea Turner,,,
1479,5211157249,Garylrenner,0,80.75,1B Abimelec Ortiz 2B Nick Gonzales 3B Jared Triolo C Harry Ford OF Bryan Reynolds OF Daylen Lile OF Esmerlyn Valdez P Zack Wheeler P Carmen Mlodzinski SS CJ Abrams,,,
1479,5211273134,shanemoore27 (14/20),0,80.75,1B Bryce Harper 2B Nasim Nunez 3B Bo Bichette C Harry Ford OF Dylan Crews OF JJ Bleday OF Jacob Young P Cade Cavalli P Zac Thornton SS CJ Abrams,,,
1479,5211279388,Dilbert29 (17/19),0,80.75,1B Sal Stewart 2B Brandon Lowe 3B Ke'Bryan Hayes C Harry Ford OF Bryce Harper OF Matt McLain OF Hector Rodriguez P Zack Wheeler P Carmen Mlodzinski SS Elly De La Cruz,,,
1479,5211298431,kylemm,0,80.75,1B Bryce Harper 2B Luis Arraez 3B Nick Gonzales C Rafael Flores Jr. OF Daylen Lile OF Esmerlyn Valdez OF Justin Crawford P Zack Wheeler P Carmen Mlodzinski SS Trea Turner,,,
1485,5210927625,bellsofwar3 (5/20),0,80.45,1B Sal Stewart 2B Brett Baty 3B Eugenio Suarez C Tyler Stephenson OF Daylen Lile OF JJ Bleday OF Hector Rodriguez P Zack Wheeler P Zac Thornton SS CJ Abrams,,,
1485,5211063939,stramo88 (1/2),0,80.45,1B Jared Young 2B Luis Arraez 3B Jorge Polanco C Luis Torrens OF Kyle Schwarber OF Bryce Harper OF Jacob Young P Zack Wheeler P Zac Thornton SS Elly De La Cruz,,,
1485,5211124448,CRGNC85,0,80.45,1B Sal Stewart 2B Luis Arraez 3B Jared Triolo C Tyler Stephenson OF Kyle Schwarber OF Bryce Harper OF Jesus Sanchez P Zack Wheeler P Zac Thornton SS Francisco Lindor,,,
1485,5211233441,Beastly888 (2/3),0,80.45,1B Bryce Harper 2B Luis Arraez 3B Eugenio Suarez C Alejandro Kirk OF Kyle Schwarber OF Brandon Marsh OF Hector Rodriguez P Zack Wheeler P Zac Thornton SS Trea Turner,,,
1485,5211237926,Beastly888 (3/3),0,80.45,1B Bryce Harper 2B Luis Arraez 3B Eugenio Suarez C Alejandro Kirk OF Kyle Schwarber OF Brandon Marsh OF Hector Rodriguez P Zack Wheeler P Zac Thornton SS Trea Turner,,,
1485,5211344491,fantasysuperstar (3/20),0,80.45,1B Sal Stewart 2B Bryson Stott 3B Eugenio Suarez C Tyler Stephenson OF JJ Bleday OF A.J. Ewing OF Hector Rodriguez P Zack Wheeler P Zac Thornton SS CJ Abrams,,,
1485,5211347750,hatdaddy (1/20),0,80.45,1B Sal Stewart 2B Nasim Nunez 3B Eugenio Suarez C Tyler Stephenson OF JJ Bleday OF Carson Benge OF Jacob Young P Zack Wheeler P Zac Thornton SS Elly De La Cruz,,,
1492,5210967040,Caryg07 (20/20),0,80.4,1B Spencer Horwitz 2B Brandon Lowe 3B Ernie Clement C Alejandro Kirk OF Bryan Reynolds OF George Springer OF Nathan Lukes P Jose Soriano P Cade Cavalli SS CJ Abrams,,,
1492,5211154080,H8RFree (1/5),0,80.4,1B Spencer Horwitz 2B Brandon Lowe 3B Nick Gonzales C Alejandro Kirk OF Bryan Reynolds OF Esmerlyn Valdez OF Jesus Sanchez P Jose Soriano P Cade Cavalli SS CJ Abrams,,,
1492,5211154582,H8RFree (2/5),0,80.4,1B Spencer Horwitz 2B Brandon Lowe 3B Nick Gonzales C Alejandro Kirk OF Bryan Reynolds OF Esmerlyn Valdez OF Jesus Sanchez P Jose Soriano P Cade Cavalli SS CJ Abrams,,,
1492,5211154591,H8RFree (3/5),0,80.4,1B Spencer Horwitz 2B Brandon Lowe 3B Nick Gonzales C Alejandro Kirk OF Bryan Reynolds OF Esmerlyn Valdez OF Jesus Sanchez P Jose Soriano P Cade Cavalli SS CJ Abrams,,,
1492,5211162629,H8RFree (4/5),0,80.4,1B Spencer Horwitz 2B Brandon Lowe 3B Nick Gonzales C Alejandro Kirk OF Bryan Reynolds OF Esmerlyn Valdez OF Jesus Sanchez P Jose Soriano P Cade Cavalli SS CJ Abrams,,,
1492,5211162639,H8RFree (5/5),0,80.4,1B Spencer Horwitz 2B Brandon Lowe 3B Nick Gonzales C Alejandro Kirk OF Bryan Reynolds OF Esmerlyn Valdez OF Jesus Sanchez P Jose Soriano P Cade Cavalli SS CJ Abrams,,,
1492,5211327133,drunkonpappy (3/20),0,80.4,1B Abimelec Ortiz 2B Nasim Nunez 3B Kazuma Okamoto C Alejandro Kirk OF Daylen Lile OF Jacob Young OF Jesus Sanchez P Jose Soriano P Cade Cavalli SS CJ Abrams,,,
1499,5210795444,tjremm71,0,80.1,1B Abimelec Ortiz 2B Jorge Polanco 3B Bo Bichette C Rafael Flores Jr. OF Bryan Reynolds OF Dylan Crews OF Daylen Lile P Zack Wheeler P Jose Soriano SS Elly De La Cruz,,,
1499,5210838334,jlegrand22 (16/20),0,80.1,1B Sal Stewart 2B Nasim Nunez 3B Eugenio Suarez C Harry Ford OF JJ Bleday OF Jake Mangum OF Hector Rodriguez P Zack Wheeler P Jose Soriano SS Elly De La Cruz,,,
1499,5210848612,macattack3286 (1/2),0,80.1,1B Sal Stewart 2B Luis Arraez 3B Bryson Stott C Harry Ford OF Carson Benge OF Jacob Young OF Nathan Lukes P Zack Wheeler P Jose Soriano SS Trea Turner,,,
1499,5211095024,SpeedRacer101 (15/20),0,80.1,1B Spencer Horwitz 2B Nick Gonzales 3B Eugenio Suarez C Tyler Stephenson OF JJ Bleday OF Jake Mangum OF Noelvi Marte P Zack Wheeler P Jose Soriano SS Elly De La Cruz,,,
1499,5211111418,stewie14,0,80.1,1B Sal Stewart 2B Luis Arraez 3B Brady House C Tyler Stephenson OF Daylen Lile OF Brandon Marsh OF Hector Rodriguez P Zack Wheeler P Jose Soriano SS Elly De La Cruz,,,
1499,5211134382,ladyfingers (13/15),0,80.1,1B Kazuma Okamoto 2B Brandon Lowe 3B Jorge Polanco C Tyler Stephenson OF JJ Bleday OF Carson Benge OF Matt McLain P Zack Wheeler P Jose Soriano SS Elly De La Cruz,,,
1499,5211251254,dc_rocks38,0,80.1,1B Abimelec Ortiz 2B Bryson Stott 3B Bo Bichette C Tyler Stephenson OF Daylen Lile OF Carson Benge OF Jacob Young P Zack Wheeler P Jose Soriano SS CJ Abrams,,,
1499,5211257743,jsamtoy (20/20),0,80.1,1B Sal Stewart 2B Nick Gonzales 3B Ke'Bryan Hayes C Tyler Stephenson OF Dylan Crews OF Daylen Lile OF Hector Rodriguez P Zack Wheeler P Jose Soriano SS Elly De La Cruz,,,
1499,5211280944,pat_the_hat2 (13/20),0,80.1,1B Jared Young 2B Brandon Lowe 3B Bo Bichette C Rafael Flores Jr. OF Esmerlyn Valdez OF Carson Benge OF Jake Mangum P Zack Wheeler P Jose Soriano SS Francisco Lindor,,,
1499,5211286914,robin765 (2/2),0,80.1,1B Sal Stewart 2B Matt McLain 3B Eugenio Suarez C Tyler Stephenson OF Esmerlyn Valdez OF Jacob Young OF Brett Baty P Zack Wheeler P Jose Soriano SS Elly De La Cruz,,,
1509,5210711041,petehinks,0,80.05,1B Bryce Harper 2B Davis Schneider 3B Alec Bohm C Endy Rodriguez OF Kyle Schwarber OF Dylan Crews OF Daylen Lile P Cade Cavalli P Carmen Mlodzinski SS Elly De La Cruz,,,
1509,5211344500,fantasysuperstar (12/20),0,80.05,1B Bryce Harper 2B Nick Gonzales 3B Jared Triolo C Alejandro Kirk OF Kyle Schwarber OF George Springer OF Jesus Sanchez P Cade Cavalli P Carmen Mlodzinski SS Trea Turner,,,
1511,5211093043,lsulunatik (13/18),0,79.95,1B Sal Stewart 2B Ernie Clement 3B Eugenio Suarez C Alejandro Kirk OF JJ Bleday OF Jesus Sanchez OF Hector Rodriguez P Jose Soriano P Zac Thornton SS Elly De La Cruz,,,
1511,5211342242,INTULLYGENT (4/4),0,79.95,1B Sal Stewart 2B Luis Arraez 3B Eugenio Suarez C Tyler Stephenson OF Bryce Harper OF JJ Bleday OF Esmerlyn Valdez P Jose Soriano P Zac Thornton SS Elly De La Cruz,,,
1513,5210769898,stock2mail (4/20),0,79.9,1B Abimelec Ortiz 2B Nasim Nunez 3B Jared Triolo C Harry Ford OF Bryan Reynolds OF Esmerlyn Valdez OF Jake Mangum P Zack Wheeler P Cade Cavalli SS CJ Abrams,,,
1513,5210911520,donnapaq,0,79.9,1B Jared Young 2B Bryson Stott 3B Alec Bohm C Alejandro Kirk OF Dylan Crews OF George Springer OF Carson Benge P Zack Wheeler P Cade Cavalli SS CJ Abrams,,,
1513,5210938752,jw1984 (2/15),0,79.9,1B Abimelec Ortiz 2B Luis Arraez 3B Jared Triolo C J.T. Realmuto OF Kyle Schwarber OF Bryce Harper OF Ronny Simon P Zack Wheeler P Cade Cavalli SS CJ Abrams,,,
1513,5210947658,lacavirma,0,79.9,1B Jared Young 2B Jorge Polanco 3B Bo Bichette C Harry Ford OF Dylan Crews OF Carson Benge OF Jacob Young P Zack Wheeler P Cade Cavalli SS CJ Abrams,,,
1513,5211042635,thundrenterprises (3/20),0,79.9,1B Abimelec Ortiz 2B Nasim Nunez 3B Jared Triolo C Harry Ford OF Bryan Reynolds OF Dylan Crews OF Ronny Simon P Zack Wheeler P Cade Cavalli SS CJ Abrams,,,
1513,5211112421,DeeMac74 (4/5),0,79.9,1B Abimelec Ortiz 2B Jorge Polanco 3B Brady House C Tyler Stephenson OF Bryce Harper OF Dylan Crews OF Daylen Lile P Zack Wheeler P Cade Cavalli SS CJ Abrams,,,
1513,5211240116,hsojsenoj (4/4),0,79.9,1B Abimelec Ortiz 2B Nasim Nunez 3B Jared Triolo C Harry Ford OF Bryan Reynolds OF Esmerlyn Valdez OF Jake Mangum P Zack Wheeler P Cade Cavalli SS CJ Abrams,,,
1513,5211260022,jeter101,0,79.9,1B Abimelec Ortiz 2B Bryson Stott 3B Brady House C Tyler Stephenson OF Bryce Harper OF JJ Bleday OF Carson Benge P Zack Wheeler P Cade Cavalli SS CJ Abrams,,,
1513,5211327139,drunkonpappy (9/20),0,79.9,1B Abimelec Ortiz 2B Brandon Lowe 3B Bryson Stott C J.T. Realmuto OF Kyle Schwarber OF Jake Mangum OF Justin Crawford P Zack Wheeler P Cade Cavalli SS Trea Turner,,,
1513,5211347751,hatdaddy (2/20),0,79.9,1B Bryce Harper 2B Luis Arraez 3B Bryson Stott C J.T. Realmuto OF Bryan Reynolds OF Esmerlyn Valdez OF Brandon Marsh P Zack Wheeler P Cade Cavalli SS Jared Triolo,,,
1513,5211349438,KILLANADZ24 (9/10),0,79.9,1B Spencer Horwitz 2B Brandon Lowe 3B Bryson Stott C J.T. Realmuto OF Bryan Reynolds OF Esmerlyn Valdez OF Jake Mangum P Zack Wheeler P Cade Cavalli SS Andres Gimenez,,,
1524,5210600539,ivymoose (13/20),0,79.75,1B Kazuma Okamoto 2B Ernie Clement 3B Brady House C Alejandro Kirk OF Kyle Schwarber OF George Springer OF Jesus Sanchez P Cade Cavalli P Zac Thornton SS CJ Abrams,,,
1524,5210822194,Abc1289 (15/20),0,79.75,1B Abimelec Ortiz 2B Luis Arraez 3B Bo Bichette C J.T. Realmuto OF Kyle Schwarber OF Bryce Harper OF Brandon Marsh P Cade Cavalli P Zac Thornton SS CJ Abrams,,,
1524,5210949981,Zmoney526,0,79.75,1B Alec Bohm 2B Nick Gonzales 3B Bo Bichette C Alejandro Kirk OF Daylen Lile OF A.J. Ewing OF Brandon Marsh P Zack Wheeler P Carmen Mlodzinski SS CJ Abrams,,,
1524,5211191806,wittwerjoe (20/20),0,79.75,1B Bryce Harper 2B Nasim Nunez 3B Brady House C J.T. Realmuto OF Kyle Schwarber OF JJ Bleday OF Jake Mangum P Cade Cavalli P Zac Thornton SS CJ Abrams,,,
1528,5211317831,Skralph (20/20),0,79.6,1B Sal Stewart 2B Luis Arraez 3B Eugenio Suarez C Tyler Stephenson OF Kyle Schwarber OF Daylen Lile OF JJ Bleday P Zac Thornton P Carmen Mlodzinski SS Elly De La Cruz,,,
1529,5210927635,bellsofwar3 (15/20),0,79.45,1B Sal Stewart 2B Brett Baty 3B Bo Bichette C Tyler Stephenson OF JJ Bleday OF A.J. Ewing OF Hector Rodriguez P Zack Wheeler P Zac Thornton SS Elly De La Cruz,,,
1529,5211078732,Dilbert29 (2/19),0,79.45,1B Abimelec Ortiz 2B Luis Arraez 3B Alec Bohm C Harry Ford OF Kyle Schwarber OF JJ Bleday OF Brandon Marsh P Zack Wheeler P Zac Thornton SS Francisco Lindor,,,
1529,5211081283,FoxyGrandpa252 (11/20),0,79.45,1B Bryce Harper 2B Bryson Stott 3B Ke'Bryan Hayes C Tyler Stephenson OF Kyle Schwarber OF JJ Bleday OF Hector Rodriguez P Zack Wheeler P Zac Thornton SS Elly De La Cruz,,,
1529,5211081292,FoxyGrandpa252 (20/20),0,79.45,1B Sal Stewart 2B Luis Arraez 3B Eugenio Suarez C J.T. Realmuto OF JJ Bleday OF Brandon Marsh OF Noelvi Marte P Zack Wheeler P Zac Thornton SS Elly De La Cruz,,,
1529,5211211228,darrylposton (5/20),0,79.45,1B Sal Stewart 2B Luis Arraez 3B Eugenio Suarez C J.T. Realmuto OF JJ Bleday OF Brandon Marsh OF Noelvi Marte P Zack Wheeler P Zac Thornton SS Elly De La Cruz,,,
1529,5211279385,Dilbert29 (14/19),0,79.45,1B Abimelec Ortiz 2B Luis Arraez 3B Alec Bohm C Harry Ford OF Kyle Schwarber OF JJ Bleday OF Brandon Marsh P Zack Wheeler P Zac Thornton SS Francisco Lindor,,,
1529,5211347765,hatdaddy (16/20),0,79.45,1B Sal Stewart 2B Jose Tena 3B Ke'Bryan Hayes C Tyler Stephenson OF Dylan Crews OF Daylen Lile OF JJ Bleday P Zack Wheeler P Zac Thornton SS Elly De La Cruz,,,
1536,5211342239,INTULLYGENT (1/4),0,79.4,1B Abimelec Ortiz 2B Bryson Stott 3B Brady House C Tyler Stephenson OF Dylan Crews OF Daylen Lile OF Esmerlyn Valdez P Jose Soriano P Cade Cavalli SS CJ Abrams,,,
1536,5211342240,INTULLYGENT (2/4),0,79.4,1B Abimelec Ortiz 2B Luis Arraez 3B Brady House C Alejandro Kirk OF Dylan Crews OF Daylen Lile OF Esmerlyn Valdez P Jose Soriano P Cade Cavalli SS CJ Abrams,,,
1538,5210769912,stock2mail (18/20),0,79.1,1B Spencer Horwitz 2B Nick Gonzales 3B Eugenio Suarez C Tyler Stephenson OF Bryan Reynolds OF JJ Bleday OF Hector Rodriguez P Zack Wheeler P Jose Soriano SS Elly De La Cruz,,,
1538,5210888178,paco52,0,79.1,1B Bryce Harper 2B Brett Baty 3B Eugenio Suarez C Alejandro Kirk OF Kyle Schwarber OF Hector Rodriguez OF Ronny Simon P Zack Wheeler P Jose Soriano SS CJ Abrams,,,
1538,5210889180,obo95,0,79.1,1B Sal Stewart 2B Matt McLain 3B Eugenio Suarez C Tyler Stephenson OF Dylan Crews OF Daylen Lile OF JJ Bleday P Zack Wheeler P Jose Soriano SS Nasim Nunez,,,
1538,5211042636,thundrenterprises (4/20),0,79.1,1B Sal Stewart 2B Matt McLain 3B Jorge Polanco C Tyler Stephenson OF JJ Bleday OF Esmerlyn Valdez OF Carson Benge P Zack Wheeler P Jose Soriano SS Elly De La Cruz,,,
1538,5211081279,FoxyGrandpa252 (7/20),0,79.1,1B Sal Stewart 2B Ronny Simon 3B Eugenio Suarez C Tyler Stephenson OF Esmerlyn Valdez OF Jake Mangum OF Noelvi Marte P Zack Wheeler P Jose Soriano SS Elly De La Cruz,,,
1538,5211093032,lsulunatik (2/18),0,79.1,1B Sal Stewart 2B Jose Tena 3B Brady House C Tyler Stephenson OF Daylen Lile OF JJ Bleday OF Hector Rodriguez P Zack Wheeler P Jose Soriano SS Elly De La Cruz,,,
1538,5211141698,minrobertson210,0,79.1,1B Abimelec Ortiz 2B Nasim Nunez 3B Nick Gonzales C Rafael Flores Jr. OF Bryan Reynolds OF Daylen Lile OF Hector Rodriguez P Zack Wheeler P Jose Soriano SS CJ Abrams,,,
1538,5211151913,volfan7.7,0,79.1,1B Sal Stewart 2B Matt McLain 3B Eugenio Suarez C Tyler Stephenson OF Dylan Crews OF Daylen Lile OF JJ Bleday P Zack Wheeler P Jose Soriano SS Nasim Nunez,,,
1538,5211339432,Steven_1974 (6/20),0,79.1,1B Sal Stewart 2B Brandon Lowe 3B Eugenio Suarez C Tyler Stephenson OF Bryan Reynolds OF Hector Rodriguez OF Ronny Simon P Zack Wheeler P Jose Soriano SS Elly De La Cruz,,,
1547,5211177317,hoppinball26 (4/7),0,79.05,1B Alec Bohm 2B Luis Arraez 3B Bryson Stott C Harry Ford OF Kyle Schwarber OF Bryce Harper OF Nathan Lukes P Cade Cavalli P Carmen Mlodzinski SS CJ Abrams,,,
1547,5211191801,wittwerjoe (15/20),0,79.049995,1B Bryce Harper 2B Brandon Lowe 3B Nick Gonzales C Rafael Flores Jr. OF Kyle Schwarber OF Bryan Reynolds OF Hector Rodriguez P Cade Cavalli P Chase Petty SS CJ Abrams,,,
1549,5210769897,stock2mail (3/20),0,78.9,1B Bryce Harper 2B Luis Arraez 3B Alec Bohm C Rafael Flores Jr. OF Kyle Schwarber OF Jake Mangum OF Ronny Simon P Zack Wheeler P Cade Cavalli SS Trea Turner,,,
1549,5210875377,clerams,0,78.9,1B Bryce Harper 2B Bryson Stott 3B Alec Bohm C J.T. Realmuto OF Dylan Crews OF Brandon Marsh OF Jacob Young P Zack Wheeler P Cade Cavalli SS Francisco Lindor,,,
1549,5210928107,whoisjohngalt420 (2/20),0,78.9,1B Bryce Harper 2B Luis Arraez 3B Alec Bohm C Rafael Flores Jr. OF Kyle Schwarber OF Jake Mangum OF Ronny Simon P Zack Wheeler P Cade Cavalli SS Trea Turner,,,
1549,5210936117,whoshotthefrog (2/4),0,78.9,1B Spencer Horwitz 2B Brett Baty 3B Bo Bichette C Rafael Flores Jr. OF Bryce Harper OF Dylan Crews OF Brandon Marsh P Zack Wheeler P Cade Cavalli SS Francisco Lindor,,,
1549,5210984407,73pd2x (19/20),0,78.9,1B Spencer Horwitz 2B Ronny Simon 3B Alec Bohm C J.T. Realmuto OF Bryce Harper OF Bryan Reynolds OF Jake Mangum P Zack Wheeler P Cade Cavalli SS Trea Turner,,,
1549,5211018266,rsumrall (10/20),0,78.9,1B Spencer Horwitz 2B Ronny Simon 3B Alec Bohm C Rafael Flores Jr. OF Bryce Harper OF Bryan Reynolds OF Esmerlyn Valdez P Zack Wheeler P Cade Cavalli SS Trea Turner,,,
1549,5211025585,adrianr772,0,78.9,1B Sal Stewart 2B Luis Arraez 3B Ernie Clement C Luis Torrens OF Bryce Harper OF Carson Benge OF Brandon Marsh P Zack Wheeler P Cade Cavalli SS Trea Turner,,,
1549,5211079203,thesportsfan (2/20),0,78.9,1B Bryce Harper 2B Luis Arraez 3B Alec Bohm C Rafael Flores Jr. OF Kyle Schwarber OF Jake Mangum OF Ronny Simon P Zack Wheeler P Cade Cavalli SS Trea Turner,,,
1549,5211153470,Satch65 (17/20),0,78.9,1B Spencer Horwitz 2B Luis Arraez 3B Alec Bohm C J.T. Realmuto OF Bryce Harper OF Justin Crawford OF Hector Rodriguez P Zack Wheeler P Cade Cavalli SS CJ Abrams,,,
1549,5211213911,NickyJ51,0,78.9,1B Abimelec Ortiz 2B Nasim Nunez 3B Alec Bohm C J.T. Realmuto OF Bryan Reynolds OF Daylen Lile OF Jacob Young P Zack Wheeler P Cade Cavalli SS CJ Abrams,,,
1549,5211224296,Cobra777666777,0,78.9,1B Jared Young 2B Luis Arraez 3B Nick Gonzales C J.T. Realmuto OF Kyle Schwarber OF Esmerlyn Valdez OF Carson Benge P Zack Wheeler P Cade Cavalli SS Nasim Nunez,,,
1549,5211237607,rcarena (6/7),0,78.9,1B Rafael Flores Jr. 2B Brett Baty 3B Bryson Stott C Luis Torrens OF Kyle Schwarber OF Bryce Harper OF Esmerlyn Valdez P Zack Wheeler P Cade Cavalli SS Trea Turner,,,
1549,5211244221,cachedinar (3/20),0,78.9,1B Abimelec Ortiz 2B Luis Arraez 3B Alec Bohm C Harry Ford OF Bryce Harper OF Esmerlyn Valdez OF Brandon Marsh P Zack Wheeler P Cade Cavalli SS Trea Turner,,,
1549,5211289782,rlk3331,0,78.9,1B Jared Young 2B Luis Arraez 3B Bryson Stott C Luis Torrens OF Dylan Crews OF Esmerlyn Valdez OF Brandon Marsh P Zack Wheeler P Cade Cavalli SS Elly De La Cruz,,,
1563,5210922101,Stree (5/20),0,78.75,1B Kazuma Okamoto 2B Bryson Stott 3B Bo Bichette C J.T. Realmuto OF Kyle Schwarber OF Brandon Marsh OF Jesus Sanchez P Cade Cavalli P Zac Thornton SS CJ Abrams,,,
1563,5210961901,henry296 (15/20),0,78.75,1B Bryce Harper 2B Luis Arraez 3B Kazuma Okamoto C Alejandro Kirk OF Kyle Schwarber OF Dylan Crews OF George Springer P Cade Cavalli P Zac Thornton SS Trea Turner,,,
1563,5211143407,Dubbzz (8/20),0,78.75,1B Sal Stewart 2B Brandon Lowe 3B Ke'Bryan Hayes C Tyler Stephenson OF Daylen Lile OF Jake Mangum OF Matt McLain P Zack Wheeler P Carmen Mlodzinski SS Elly De La Cruz,,,
1566,5210822195,Abc1289 (16/20),0,78.45,1B Abimelec Ortiz 2B Luis Arraez 3B Bryson Stott C Tyler Stephenson OF Kyle Schwarber OF Bryce Harper OF Hector Rodriguez P Zack Wheeler P Zac Thornton SS Elly De La Cruz,,,
1566,5210967037,Caryg07 (17/20),0,78.45,1B Abimelec Ortiz 2B Nasim Nunez 3B Brady House C Tyler Stephenson OF Dylan Crews OF Daylen Lile OF JJ Bleday P Zack Wheeler P Zac Thornton SS Elly De La Cruz,,,
1566,5210997549,chrispy2005 (7/20),0,78.45,1B Sal Stewart 2B Bryson Stott 3B Brady House C Harry Ford OF Dylan Crews OF JJ Bleday OF Hector Rodriguez P Zack Wheeler P Zac Thornton SS Elly De La Cruz,,,
1566,5210998913,MATTZ1222 (1/2),0,78.45,1B Sal Stewart 2B Ernie Clement 3B Bryson Stott C J.T. Realmuto OF Bryan Reynolds OF JJ Bleday OF Carson Benge P Zack Wheeler P Zac Thornton SS Francisco Lindor,,,
1566,5211060730,Styclark,0,78.45,1B Bryce Harper 2B Luis Arraez 3B Brady House C Tyler Stephenson OF JJ Bleday OF Esmerlyn Valdez OF Jesus Sanchez P Zack Wheeler P Zac Thornton SS Elly De La Cruz,,,
1566,5211224236,Miky1216,0,78.45,1B Abimelec Ortiz 2B Bryson Stott 3B Brady House C J.T. Realmuto OF Dylan Crews OF Daylen Lile OF Brandon Marsh P Zack Wheeler P Zac Thornton SS CJ Abrams,,,
1566,5211318855,cubaum_5 (2/3),0,78.45,1B Sal Stewart 2B Luis Arraez 3B Bo Bichette C Tyler Stephenson OF JJ Bleday OF A.J. Ewing OF Hector Rodriguez P Zack Wheeler P Zac Thornton SS Elly De La Cruz,,,
1566,5211343892,ZZelly09,0,78.45,1B Abimelec Ortiz 2B Bryson Stott 3B Bo Bichette C J.T. Realmuto OF Kyle Schwarber OF Daylen Lile OF JJ Bleday P Zack Wheeler P Zac Thornton SS Trea Turner,,,
1574,5210619194,melvincali (12/20),0,78.4,1B Kazuma Okamoto 2B Brandon Lowe 3B Brady House C Alejandro Kirk OF Bryan Reynolds OF George Springer OF Jesus Sanchez P Jose Soriano P Cade Cavalli SS CJ Abrams,,,
1575,5210948967,ttillie (6/20),0,78.25,1B Sal Stewart 2B Brandon Lowe 3B Eugenio Suarez C Tyler Stephenson OF Daylen Lile OF JJ Bleday OF George Springer P Jose Soriano P Carmen Mlodzinski SS Elly De La Cruz,,,
1576,5210961906,henry296 (20/20),0,78.1,1B Abimelec Ortiz 2B Brandon Lowe 3B Eugenio Suarez C Tyler Stephenson OF Kyle Schwarber OF Noelvi Marte OF Hector Rodriguez P Zack Wheeler P Jose Soriano SS Elly De La Cruz,,,
1576,5210970481,garygs400,0,78.1,1B Kazuma Okamoto 2B Nick Gonzales 3B Jared Triolo C Tyler Stephenson OF JJ Bleday OF Esmerlyn Valdez OF Carson Benge P Zack Wheeler P Jose Soriano SS Elly De La Cruz,,,
1576,5211079213,thesportsfan (12/20),0,78.1,1B Spencer Horwitz 2B Nick Gonzales 3B Eugenio Suarez C Tyler Stephenson OF JJ Bleday OF Esmerlyn Valdez OF Noelvi Marte P Zack Wheeler P Jose Soriano SS Elly De La Cruz,,,
1576,5211203629,stiggy24,0,78.1,1B Bryce Harper 2B Luis Arraez 3B Bryson Stott C Rafael Flores Jr. OF Kyle Schwarber OF Brandon Marsh OF Nathan Lukes P Zack Wheeler P Jose Soriano SS Jared Triolo,,,
1576,5211257727,jsamtoy (4/20),0,78.1,1B Sal Stewart 2B Matt McLain 3B Brady House C Tyler Stephenson OF Bryan Reynolds OF Esmerlyn Valdez OF Hector Rodriguez P Zack Wheeler P Jose Soriano SS Elly De La Cruz,,,
1576,5211266784,seth1374 (13/20),0,78.1,1B Sal Stewart 2B Brandon Lowe 3B Eugenio Suarez C Tyler Stephenson OF Esmerlyn Valdez OF Noelvi Marte OF Ronny Simon P Zack Wheeler P Jose Soriano SS Elly De La Cruz,,,
1582,5210893645,az350z (13/20),0,77.95,1B Sal Stewart 2B Ernie Clement 3B Kazuma Okamoto C Tyler Stephenson OF George Springer OF Nathan Lukes OF Jesus Sanchez P Jose Soriano P Zac Thornton SS Elly De La Cruz,,,
1582,5211187971,Birdzofprey15 (1/5),0,77.95,1B Vladimir Guerrero Jr. 2B Luis Arraez 3B Kazuma Okamoto C Alejandro Kirk OF Bryce Harper OF George Springer OF Carson Benge P Jose Soriano P Zac Thornton SS CJ Abrams,,,
1584,5210514179,vegasjc21,0,77.9,1B Jared Young 2B Luis Arraez 3B Jorge Polanco C Luis Torrens OF Dylan Crews OF Daylen Lile OF Jacob Young P Zack Wheeler P Cade Cavalli SS CJ Abrams,,,
1584,5210788606,ironfrank,0,77.9,1B Kazuma Okamoto 2B Luis Arraez 3B Bryson Stott C Luis Torrens OF Bryce Harper OF Jake Mangum OF Jesus Sanchez P Zack Wheeler P Cade Cavalli SS CJ Abrams,,,
1584,5210839023,LOCNOTM (9/20),0,77.9,1B Spencer Horwitz 2B Luis Arraez 3B Alec Bohm C Luis Torrens OF Kyle Schwarber OF Bryce Harper OF Ronny Simon P Zack Wheeler P Cade Cavalli SS Trea Turner,,,
1584,5210839030,LOCNOTM (16/20),0,77.9,1B Abimelec Ortiz 2B Luis Arraez 3B Alec Bohm C J.T. Realmuto OF Bryce Harper OF Dylan Crews OF A.J. Ewing P Zack Wheeler P Cade Cavalli SS Trea Turner,,,
1584,5210850723,tbjones2121 (3/20),0,77.9,1B Abimelec Ortiz 2B Nick Gonzales 3B Jared Triolo C Rafael Flores Jr. OF Kyle Schwarber OF Esmerlyn Valdez OF Jake Mangum P Zack Wheeler P Cade Cavalli SS CJ Abrams,,,
1584,5210850738,tbjones2121 (18/20),0,77.9,1B Spencer Horwitz 2B Ronny Simon 3B Bryson Stott C J.T. Realmuto OF Kyle Schwarber OF Bryan Reynolds OF Brandon Marsh P Zack Wheeler P Cade Cavalli SS Trea Turner,,,
1584,5210893648,az350z (16/20),0,77.9,1B Spencer Horwitz 2B Ronny Simon 3B Nick Gonzales C J.T. Realmuto OF Kyle Schwarber OF Esmerlyn Valdez OF Jake Mangum P Zack Wheeler P Cade Cavalli SS Trea Turner,,,
1584,5210913067,wendog36,0,77.9,1B Spencer Horwitz 2B Ernie Clement 3B Bryson Stott C J.T. Realmuto OF Bryan Reynolds OF Brandon Marsh OF Jacob Young P Zack Wheeler P Cade Cavalli SS Elly De La Cruz,,,
1584,5210994547,mattped23 (1/5),0,77.9,1B Abimelec Ortiz 2B Nasim Nunez 3B Bryson Stott C J.T. Realmuto OF Dylan Crews OF Daylen Lile OF Brandon Marsh P Zack Wheeler P Cade Cavalli SS CJ Abrams,,,
1584,5210997552,chrispy2005 (10/20),0,77.9,1B Alec Bohm 2B Luis Arraez 3B Bryson Stott C J.T. Realmuto OF George Springer OF Brandon Marsh OF Nathan Lukes P Zack Wheeler P Cade Cavalli SS CJ Abrams,,,
1584,5211042643,thundrenterprises (11/20),0,77.9,1B Alec Bohm 2B Brandon Lowe 3B Jared Triolo C Rafael Flores Jr. OF Kyle Schwarber OF Jake Mangum OF Ronny Simon P Zack Wheeler P Cade Cavalli SS Trea Turner,,,
1584,5211113432,austin60915 (10/20),0,77.9,1B Spencer Horwitz 2B Luis Arraez 3B Jorge Polanco C J.T. Realmuto OF Kyle Schwarber OF A.J. Ewing OF Brandon Marsh P Zack Wheeler P Cade Cavalli SS Trea Turner,,,
1584,5211174466,MJDLC (3/20),0,77.9,1B Abimelec Ortiz 2B Nasim Nunez 3B Bryson Stott C J.T. Realmuto OF Dylan Crews OF Daylen Lile OF Brandon Marsh P Zack Wheeler P Cade Cavalli SS CJ Abrams,,,
1584,5211211234,darrylposton (11/20),0,77.9,1B Rafael Flores Jr. 2B Brandon Lowe 3B Brady House C J.T. Realmuto OF Bryan Reynolds OF Jake Mangum OF Ronny Simon P Zack Wheeler P Cade Cavalli SS CJ Abrams,,,
1584,5211268388,mrclean913 (14/20),0,77.9,1B Spencer Horwitz 2B Luis Arraez 3B Bryson Stott C J.T. Realmuto OF Jake Mangum OF Brandon Marsh OF Justin Crawford P Zack Wheeler P Cade Cavalli SS CJ Abrams,,,
1584,5211344498,fantasysuperstar (10/20),0,77.9,1B Abimelec Ortiz 2B Brandon Lowe 3B Bryson Stott C Rafael Flores Jr. OF Kyle Schwarber OF Bryan Reynolds OF Jake Mangum P Zack Wheeler P Cade Cavalli SS Jared Triolo,,,
1600,5210942086,paultodd,0,77.75,1B Sal Stewart 2B Ernie Clement 3B Eugenio Suarez C Tyler Stephenson OF Kyle Schwarber OF Carson Benge OF Matt McLain P Zack Wheeler P Carmen Mlodzinski SS Elly De La Cruz,,,
1600,5210961902,henry296 (16/20),0,77.75,1B Sal Stewart 2B Bryson Stott 3B Eugenio Suarez C Tyler Stephenson OF Kyle Schwarber OF Daylen Lile OF Hector Rodriguez P Zack Wheeler P Carmen Mlodzinski SS Elly De La Cruz,,,
1600,5211125666,skinfanDjack11,0,77.75,1B Kazuma Okamoto 2B Luis Arraez 3B Alec Bohm C Endy Rodriguez OF Bryce Harper OF Dylan Crews OF Carson Benge P Cade Cavalli P Zac Thornton SS CJ Abrams,,,
1600,5211153995,belgiummob (1/2),0,77.75,1B Bryce Harper 2B Bryson Stott 3B Alec Bohm C Henry Davis OF Kyle Schwarber OF JJ Bleday OF Esmerlyn Valdez P Cade Cavalli P Zac Thornton SS CJ Abrams,,,
1600,5211318320,Vols4life19 (3/3),0,77.75,1B Alec Bohm 2B Bryson Stott 3B Jared Triolo C Luis Torrens OF Kyle Schwarber OF Bryce Harper OF A.J. Ewing P Zack Wheeler P Chase Petty SS CJ Abrams,,,
1605,5210502195,AllyAngel44,0,77.45,1B Abimelec Ortiz 2B Luis Arraez 3B Bo Bichette C Luis Torrens OF Bryce Harper OF Carson Benge OF Brett Baty P Zack Wheeler P Zac Thornton SS CJ Abrams,,,
1605,5210847310,VTHM76,0,77.45,1B Sal Stewart 2B Marcus Semien 3B Bo Bichette C Tyler Stephenson OF Bryce Harper OF Jacob Young OF Ronny Simon P Zack Wheeler P Zac Thornton SS CJ Abrams,,,
1605,5210902534,j-wolf05 (2/20),0,77.45,1B Sal Stewart 2B Nasim Nunez 3B Eugenio Suarez C Tyler Stephenson OF Daylen Lile OF JJ Bleday OF Hector Rodriguez P Zack Wheeler P Zac Thornton SS CJ Abrams,,,
1605,5210997561,chrispy2005 (19/20),0,77.45,1B Sal Stewart 2B Nasim Nunez 3B Eugenio Suarez C Tyler Stephenson OF JJ Bleday OF A.J. Ewing OF Noelvi Marte P Zack Wheeler P Zac Thornton SS CJ Abrams,,,
1605,5211042646,thundrenterprises (14/20),0,77.45,1B Sal Stewart 2B Jorge Polanco 3B Eugenio Suarez C Tyler Stephenson OF Dylan Crews OF JJ Bleday OF Carson Benge P Zack Wheeler P Zac Thornton SS Elly De La Cruz,,,
1605,5211079210,thesportsfan (9/20),0,77.45,1B Sal Stewart 2B Nasim Nunez 3B Eugenio Suarez C Tyler Stephenson OF Daylen Lile OF JJ Bleday OF Hector Rodriguez P Zack Wheeler P Zac Thornton SS CJ Abrams,,,
1605,5211276620,deadhead22 (2/2),0,77.45,1B Sal Stewart 2B Luis Arraez 3B Ernie Clement C Tyler Stephenson OF Kyle Schwarber OF A.J. Ewing OF Jake Mangum P Zack Wheeler P Zac Thornton SS Andres Gimenez,,,
1605,5211291542,richvantine,0,77.45,1B Abimelec Ortiz 2B Luis Arraez 3B Brady House C Rafael Flores Jr. OF Kyle Schwarber OF A.J. Ewing OF Brett Baty P Zack Wheeler P Zac Thornton SS CJ Abrams,,,
1605,5211294953,Mige1 (4/20),0,77.45,1B Sal Stewart 2B Nasim Nunez 3B Eugenio Suarez C Tyler Stephenson OF Daylen Lile OF JJ Bleday OF Hector Rodriguez P Zack Wheeler P Zac Thornton SS CJ Abrams,,,
1605,5211298196,Paulo21613 (1/2),0,77.45,1B Sal Stewart 2B Nasim Nunez 3B Eugenio Suarez C Tyler Stephenson OF Daylen Lile OF JJ Bleday OF Hector Rodriguez P Zack Wheeler P Zac Thornton SS CJ Abrams,,,
1605,5211307713,battleb1015 (2/2),0,77.45,1B Jared Young 2B Luis Arraez 3B Bryson Stott C Tyler Stephenson OF Bryce Harper OF Dylan Crews OF A.J. Ewing P Zack Wheeler P Zac Thornton SS Trea Turner,,,
1616,5211078928,ellisac1 (2/3),0,77.4,1B Bryce Harper 2B Luis Arraez 3B Bryson Stott C Tyler Stephenson OF Kyle Schwarber OF Esmerlyn Valdez OF George Springer P Jose Soriano P Cade Cavalli SS Trea Turner,,,
1616,5211325676,jhc1532 (3/3),0,77.4,1B Spencer Horwitz 2B Luis Arraez 3B Kazuma Okamoto C Luis Torrens OF Kyle Schwarber OF Esmerlyn Valdez OF Carson Benge P Jose Soriano P Cade Cavalli SS CJ Abrams,,,
1618,5210598893,winningfaith (1/3),0,77.1,1B Jared Young 2B Nick Gonzales 3B Bo Bichette C Tyler Stephenson OF JJ Bleday OF Carson Benge OF Jacob Young P Zack Wheeler P Jose Soriano SS Elly De La Cruz,,,
1618,5210769899,stock2mail (5/20),0,77.1,1B Sal Stewart 2B Nick Gonzales 3B Eugenio Suarez C Tyler Stephenson OF JJ Bleday OF Esmerlyn Valdez OF Ronny Simon P Zack Wheeler P Jose Soriano SS Elly De La Cruz,,,
1618,5211020407,rlarson5521,0,77.1,1B Spencer Horwitz 2B Nasim Nunez 3B Brady House C Tyler Stephenson OF Bryan Reynolds OF Esmerlyn Valdez OF A.J. Ewing P Zack Wheeler P Jose Soriano SS Francisco Lindor,,,
1618,5211239757,tommyboy2279,0,77.1,1B Jared Young 2B Jose Tena 3B Brady House C Harry Ford OF Kyle Schwarber OF Bryce Harper OF Dylan Crews P Zack Wheeler P Jose Soriano SS Jared Triolo,,,
1618,5211259648,bergerk48,0,77.1,1B Sal Stewart 2B Luis Arraez 3B Brady House C Tyler Stephenson OF Daylen Lile OF Jacob Young OF Hector Rodriguez P Zack Wheeler P Jose Soriano SS Elly De La Cruz,,,
1618,5211310072,Choker12 (3/4),0,77.1,1B Spencer Horwitz 2B Brandon Lowe 3B Brady House C Luis Torrens OF Bryan Reynolds OF Esmerlyn Valdez OF Ronny Simon P Zack Wheeler P Jose Soriano SS Francisco Lindor,,,
1618,5211347762,hatdaddy (13/20),0,77.1,1B Sal Stewart 2B Ronny Simon 3B Eugenio Suarez C Tyler Stephenson OF Bryan Reynolds OF Dylan Crews OF Noelvi Marte P Zack Wheeler P Jose Soriano SS Elly De La Cruz,,,
1618,5211350967,produceman09 (9/9),0,77.1,1B Jared Young 2B Marcus Semien 3B Jorge Polanco C Luis Torrens OF JJ Bleday OF Brett Baty OF Hector Rodriguez P Zack Wheeler P Jose Soriano SS Elly De La Cruz,,,
1626,5211344357,snipedanglecelly (2/4),0,77.05,1B Spencer Horwitz 2B Luis Arraez 3B Bryson Stott C Rafael Flores Jr. OF Kyle Schwarber OF Bryan Reynolds OF Daylen Lile P Cade Cavalli P Carmen Mlodzinski SS CJ Abrams,,,
1627,5210769913,stock2mail (19/20),0,76.9,1B Alec Bohm 2B Brandon Lowe 3B Jared Triolo C Rafael Flores Jr. OF Bryce Harper OF Esmerlyn Valdez OF Jake Mangum P Zack Wheeler P Cade Cavalli SS Trea Turner,,,
1627,5210847053,Besoyan77,0,76.9,1B Sal Stewart 2B Luis Arraez 3B Bryson Stott C Tyler Stephenson OF Daylen Lile OF Jacob Young OF Hector Rodriguez P Zack Wheeler P Cade Cavalli SS CJ Abrams,,,
1627,5210902543,j-wolf05 (11/20),0,76.9,1B Spencer Horwitz 2B Ronny Simon 3B Jared Triolo C J.T. Realmuto OF Kyle Schwarber OF Esmerlyn Valdez OF Jake Mangum P Zack Wheeler P Cade Cavalli SS CJ Abrams,,,
1627,5210938755,jw1984 (5/15),0,76.9,1B Abimelec Ortiz 2B Nasim Nunez 3B Brady House C J.T. Realmuto OF Daylen Lile OF JJ Bleday OF Esmerlyn Valdez P Zack Wheeler P Cade Cavalli SS CJ Abrams,,,
1627,5211148312,mythicalrhymer01 (1/3),0,76.9,1B Abimelec Ortiz 2B Brandon Lowe 3B Brady House C Rafael Flores Jr. OF Bryan Reynolds OF Jake Mangum OF Ronny Simon P Zack Wheeler P Cade Cavalli SS CJ Abrams,,,
1627,5211161058,Freddy8140,0,76.9,1B Bryce Harper 2B Nick Gonzales 3B Ernie Clement C Tyler Stephenson OF Brandon Marsh OF Bryan De La Cruz OF Nathan Lukes P Zack Wheeler P Cade Cavalli SS CJ Abrams,,,
1627,5211218650,eharig09 (14/20),0,76.9,1B Kazuma Okamoto 2B Jose Tena 3B Brady House C Harry Ford OF Dylan Crews OF Brandon Marsh OF Jesus Sanchez P Zack Wheeler P Cade Cavalli SS CJ Abrams,,,
1627,5211233572,sportsfan14 (12/20),0,76.9,1B Abimelec Ortiz 2B Bryson Stott 3B Brady House C Harry Ford OF Dylan Crews OF Jake Mangum OF Brandon Marsh P Zack Wheeler P Cade Cavalli SS CJ Abrams,,,
1627,5211347758,hatdaddy (9/20),0,76.9,1B Alec Bohm 2B Luis Arraez 3B Bo Bichette C Luis Torrens OF Bryce Harper OF Brandon Marsh OF Ronny Simon P Zack Wheeler P Cade Cavalli SS Trea Turner,,,
1636,5210600543,ivymoose (17/20),0,76.75,1B Abimelec Ortiz 2B Ernie Clement 3B Kazuma Okamoto C Alejandro Kirk OF Kyle Schwarber OF George Springer OF Jesus Sanchez P Cade Cavalli P Zac Thornton SS CJ Abrams,,,
1636,5211093861,jackedup21,0,76.75,1B Sal Stewart 2B Jose Tena 3B Eugenio Suarez C J.T. Realmuto OF Kyle Schwarber OF Daylen Lile OF George Springer P Zack Wheeler P Chase Petty SS Trea Turner,,,
1636,5211280938,pat_the_hat2 (7/20),0,76.75,1B Spencer Horwitz 2B Ronny Simon 3B Nick Gonzales C Rafael Flores Jr. OF Bryce Harper OF Daylen Lile OF Esmerlyn Valdez P Zack Wheeler P Carmen Mlodzinski SS CJ Abrams,,,
1636,5211324371,mandysman1,0,76.75,1B Bryce Harper 2B Matt McLain 3B Eugenio Suarez C J.T. Realmuto OF Kyle Schwarber OF Brandon Marsh OF Brett Baty P Zack Wheeler P Chase Petty SS Trea Turner,,,
1640,5211259508,redraider1981 (2/2),0,76.6,1B Jared Young 2B Brandon Lowe 3B Bo Bichette C Luis Torrens OF Kyle Schwarber OF Bryce Harper OF Bryan Reynolds P Zac Thornton P Carmen Mlodzinski SS Elly De La Cruz,,,
1641,5210822184,Abc1289 (5/20),0,76.45,1B Bryce Harper 2B Luis Arraez 3B Jorge Polanco C Tyler Stephenson OF Kyle Schwarber OF Brandon Marsh OF Hector Rodriguez P Zack Wheeler P Zac Thornton SS Elly De La Cruz,,,
1641,5210902537,j-wolf05 (5/20),0,76.45,1B Bryce Harper 2B Luis Arraez 3B Eugenio Suarez C Tyler Stephenson OF Kyle Schwarber OF Brandon Marsh OF Hector Rodriguez P Zack Wheeler P Zac Thornton SS Trea Turner,,,
1641,5211042634,thundrenterprises (2/20),0,76.45,1B Alec Bohm 2B Luis Arraez 3B Eugenio Suarez C Tyler Stephenson OF Kyle Schwarber OF JJ Bleday OF Hector Rodriguez P Zack Wheeler P Zac Thornton SS Elly De La Cruz,,,
1641,5211042650,thundrenterprises (18/20),0,76.45,1B Sal Stewart 2B Luis Arraez 3B Eugenio Suarez C J.T. Realmuto OF JJ Bleday OF Brandon Marsh OF Hector Rodriguez P Zack Wheeler P Zac Thornton SS Elly De La Cruz,,,
1641,5211058227,boze623,0,76.45,1B Bryce Harper 2B Bryson Stott 3B Bo Bichette C Francisco Alvarez OF Kyle Schwarber OF Brandon Marsh OF Davis Schneider P Zack Wheeler P Zac Thornton SS Francisco Lindor,,,
1641,5211081282,FoxyGrandpa252 (10/20),0,76.45,1B Abimelec Ortiz 2B Nasim Nunez 3B Eugenio Suarez C Harry Ford OF JJ Bleday OF Jacob Young OF Noelvi Marte P Zack Wheeler P Zac Thornton SS CJ Abrams,,,
1641,5211095019,SpeedRacer101 (10/20),0,76.45,1B Bryce Harper 2B Bryson Stott 3B Eugenio Suarez C Tyler Stephenson OF Kyle Schwarber OF JJ Bleday OF Hector Rodriguez P Zack Wheeler P Zac Thornton SS Trea Turner,,,
1641,5211234300,hsojsenoj (1/4),0,76.45,1B Alec Bohm 2B Luis Arraez 3B Eugenio Suarez C Tyler Stephenson OF Kyle Schwarber OF JJ Bleday OF Hector Rodriguez P Zack Wheeler P Zac Thornton SS Elly De La Cruz,,,
1641,5211257724,jsamtoy (1/20),0,76.45,1B Sal Stewart 2B Nasim Nunez 3B Bo Bichette C Tyler Stephenson OF JJ Bleday OF A.J. Ewing OF Hector Rodriguez P Zack Wheeler P Zac Thornton SS Elly De La Cruz,,,
1641,5211280939,pat_the_hat2 (8/20),0,76.45,1B Jared Young 2B Luis Arraez 3B Bryson Stott C J.T. Realmuto OF Kyle Schwarber OF Brandon Marsh OF Brett Baty P Zack Wheeler P Zac Thornton SS Elly De La Cruz,,,
1641,5211317434,magyarkyle,0,76.45,1B Sal Stewart 2B Nick Gonzales 3B Brady House C Tyler Stephenson OF Daylen Lile OF JJ Bleday OF Esmerlyn Valdez P Zack Wheeler P Zac Thornton SS Trea Turner,,,
1641,5211327666,SkyU27,0,76.45,1B Bryce Harper 2B Luis Arraez 3B Eugenio Suarez C Tyler Stephenson OF Kyle Schwarber OF Brandon Marsh OF Hector Rodriguez P Zack Wheeler P Zac Thornton SS Trea Turner,,,
1653,5210941290,silverback9,0,76.4,1B Abimelec Ortiz 2B Nasim Nunez 3B Nick Gonzales C Harry Ford OF Kyle Schwarber OF Dylan Crews OF Esmerlyn Valdez P Jose Soriano P Cade Cavalli SS CJ Abrams,,,
1653,5210961888,henry296 (2/20),0,76.4,1B Sal Stewart 2B Brandon Lowe 3B Ernie Clement C Alejandro Kirk OF Bryce Harper OF George Springer OF Jesus Sanchez P Jose Soriano P Cade Cavalli SS Trea Turner,,,
1653,5211052791,Brutal-1 (5/7),0,76.4,1B Kazuma Okamoto 2B Brandon Lowe 3B Ernie Clement C Alejandro Kirk OF Kyle Schwarber OF George Springer OF Nathan Lukes P Jose Soriano P Cade Cavalli SS CJ Abrams,,,
1653,5211095012,SpeedRacer101 (3/20),0,76.4,1B Kazuma Okamoto 2B Nasim Nunez 3B Ernie Clement C Alejandro Kirk OF Dylan Crews OF Daylen Lile OF George Springer P Jose Soriano P Cade Cavalli SS CJ Abrams,,,
1653,5211237187,Aoteoroa (6/7),0,76.4,1B Spencer Horwitz 2B Brandon Lowe 3B Kazuma Okamoto C J.T. Realmuto OF Bryan Reynolds OF Carson Benge OF Brett Baty P Jose Soriano P Cade Cavalli SS CJ Abrams,,,
1653,5211237194,Aoteoroa (7/7),0,76.4,1B Spencer Horwitz 2B Brandon Lowe 3B Kazuma Okamoto C J.T. Realmuto OF Bryan Reynolds OF Carson Benge OF Brett Baty P Jose Soriano P Cade Cavalli SS CJ Abrams,,,
1653,5211303387,JudgeGrimm (1/5),0,76.4,1B Sal Stewart 2B Luis Arraez 3B Bo Bichette C Alejandro Kirk OF George Springer OF Carson Benge OF Jacob Young P Jose Soriano P Cade Cavalli SS CJ Abrams,,,
1653,5211303762,JudgeGrimm (2/5),0,76.4,1B Sal Stewart 2B Luis Arraez 3B Bo Bichette C Alejandro Kirk OF George Springer OF Carson Benge OF Jacob Young P Jose Soriano P Cade Cavalli SS CJ Abrams,,,
1653,5211304097,JudgeGrimm (3/5),0,76.4,1B Sal Stewart 2B Luis Arraez 3B Bo Bichette C Alejandro Kirk OF George Springer OF Carson Benge OF Jacob Young P Jose Soriano P Cade Cavalli SS CJ Abrams,,,
1653,5211307889,SuperD48 (4/6),0,76.4,1B Sal Stewart 2B Ernie Clement 3B Kazuma Okamoto C Alejandro Kirk OF Dylan Crews OF Daylen Lile OF George Springer P Jose Soriano P Cade Cavalli SS CJ Abrams,,,
1653,5211308203,SuperD48 (5/6),0,76.4,1B Sal Stewart 2B Ernie Clement 3B Kazuma Okamoto C Alejandro Kirk OF Dylan Crews OF Daylen Lile OF George Springer P Jose Soriano P Cade Cavalli SS CJ Abrams,,,
1653,5211308212,SuperD48 (6/6),0,76.4,1B Sal Stewart 2B Ernie Clement 3B Kazuma Okamoto C Alejandro Kirk OF Dylan Crews OF Daylen Lile OF George Springer P Jose Soriano P Cade Cavalli SS CJ Abrams,,,
1665,5210990435,the803goat (16/20),0,76.1,1B Spencer Horwitz 2B Bryson Stott 3B Nick Gonzales C Harry Ford OF Esmerlyn Valdez OF Jacob Young OF Ronny Simon P Zack Wheeler P Jose Soriano SS CJ Abrams,,,
1665,5211199715,aquafinatim (13/20),0,76.1,1B Spencer Horwitz 2B Brandon Lowe 3B Eugenio Suarez C Tyler Stephenson OF Esmerlyn Valdez OF Noelvi Marte OF Hector Rodriguez P Zack Wheeler P Jose Soriano SS Elly De La Cruz,,,
1665,5211223200,herbert389,0,76.1,1B Jared Young 2B Nick Gonzales 3B Bo Bichette C Alejandro Kirk OF Daylen Lile OF JJ Bleday OF Esmerlyn Valdez P Zack Wheeler P Jose Soriano SS Trea Turner,,,
1665,5211225608,matthewwalsh (5/20),0,76.1,1B Sal Stewart 2B Matt McLain 3B Jared Triolo C Tyler Stephenson OF JJ Bleday OF Esmerlyn Valdez OF Jake Mangum P Zack Wheeler P Jose Soriano SS Elly De La Cruz,,,
1665,5211273136,shanemoore27 (16/20),0,76.1,1B Sal Stewart 2B Matt McLain 3B Jared Triolo C Tyler Stephenson OF JJ Bleday OF Esmerlyn Valdez OF Jake Mangum P Zack Wheeler P Jose Soriano SS Elly De La Cruz,,,
1665,5211294954,Mige1 (5/20),0,76.1,1B Sal Stewart 2B Nick Gonzales 3B Eugenio Suarez C Tyler Stephenson OF Esmerlyn Valdez OF Jake Mangum OF Hector Rodriguez P Zack Wheeler P Jose Soriano SS Elly De La Cruz,,,
1665,5211317339,BlackIice (2/4),0,76.1,1B Abimelec Ortiz 2B Brandon Lowe 3B Eugenio Suarez C Rafael Flores Jr. OF JJ Bleday OF Jake Mangum OF Hector Rodriguez P Zack Wheeler P Jose Soriano SS Elly De La Cruz,,,
1665,5211327678,creel.patrick (3/4),0,76.1,1B Sal Stewart 2B Jose Tena 3B Bo Bichette C Harry Ford OF JJ Bleday OF Noelvi Marte OF Hector Rodriguez P Zack Wheeler P Jose Soriano SS Elly De La Cruz,,,
1665,5211345170,jnwallen (13/20),0,76.1,1B Abimelec Ortiz 2B Jose Tena 3B Brady House C Tyler Stephenson OF Dylan Crews OF Daylen Lile OF JJ Bleday P Zack Wheeler P Jose Soriano SS Elly De La Cruz,,,
1665,5211345173,jnwallen (16/20),0,76.1,1B Sal Stewart 2B Nick Gonzales 3B Eugenio Suarez C Tyler Stephenson OF Esmerlyn Valdez OF Jake Mangum OF Hector Rodriguez P Zack Wheeler P Jose Soriano SS Elly De La Cruz,,,
1675,5211230320,kozy6813 (1/20),0,76.05,1B Bryce Harper 2B Brandon Lowe 3B Alec Bohm C Alejandro Kirk OF Kyle Schwarber OF George Springer OF Justin Crawford P Cade Cavalli P Carmen Mlodzinski SS Trea Turner,,,
1676,5210866043,apforadori (2/3),0,75.95,1B Sal Stewart 2B Jorge Polanco 3B Eugenio Suarez C J.T. Realmuto OF Bryce Harper OF Bryan Reynolds OF Brandon Marsh P Jose Soriano P Zac Thornton SS CJ Abrams,,,
1676,5210948964,ttillie (3/20),0,75.95,1B Sal Stewart 2B Jorge Polanco 3B Bo Bichette C Harry Ford OF Dylan Crews OF JJ Bleday OF A.J. Ewing P Jose Soriano P Zac Thornton SS CJ Abrams,,,
1676,5211143411,Dubbzz (12/20),0,75.95,1B Sal Stewart 2B Ernie Clement 3B Kazuma Okamoto C Alejandro Kirk OF Kyle Schwarber OF George Springer OF Jesus Sanchez P Jose Soriano P Zac Thornton SS Elly De La Cruz,,,
1676,5211349433,KILLANADZ24 (4/10),0,75.95,1B Sal Stewart 2B Brandon Lowe 3B Kazuma Okamoto C Alejandro Kirk OF JJ Bleday OF George Springer OF Jesus Sanchez P Jose Soriano P Zac Thornton SS Elly De La Cruz,,,
1680,5210839019,LOCNOTM (5/20),0,75.9,1B Alec Bohm 2B Luis Arraez 3B Jared Triolo C J.T. Realmuto OF Bryce Harper OF Bryan Reynolds OF Jake Mangum P Zack Wheeler P Cade Cavalli SS Trea Turner,,,
1680,5210897421,wwestry (1/2),0,75.9,1B Abimelec Ortiz 2B Brandon Lowe 3B Jared Triolo C Luis Torrens OF Bryan Reynolds OF Esmerlyn Valdez OF Jake Mangum P Zack Wheeler P Cade Cavalli SS CJ Abrams,,,
1680,5210967039,Caryg07 (19/20),0,75.9,1B Abimelec Ortiz 2B Nasim Nunez 3B Bryson Stott C J.T. Realmuto OF Kyle Schwarber OF Brandon Marsh OF Justin Crawford P Zack Wheeler P Cade Cavalli SS CJ Abrams,,,
1680,5210983347,mchdad,0,75.9,1B Jared Young 2B Luis Arraez 3B Bryson Stott C J.T. Realmuto OF JJ Bleday OF Jacob Young OF Matt McLain P Zack Wheeler P Cade Cavalli SS CJ Abrams,,,
1680,5210990423,the803goat (4/20),0,75.9,1B Jared Young 2B Brett Baty 3B Jorge Polanco C Luis Torrens OF Kyle Schwarber OF Bryce Harper OF Brandon Marsh P Zack Wheeler P Cade Cavalli SS CJ Abrams,,,
1680,5211016151,skinz07,0,75.9,1B Sal Stewart 2B Brandon Lowe 3B Brady House C Tyler Stephenson OF Carson Benge OF Brandon Marsh OF Noelvi Marte P Zack Wheeler P Cade Cavalli SS Trea Turner,,,
1680,5211039359,wawie22,0,75.9,1B Endy Rodriguez 2B Bryson Stott 3B Bo Bichette C J.T. Realmuto OF Bryce Harper OF Justin Crawford OF Andrew Pinckney P Zack Wheeler P Cade Cavalli SS CJ Abrams,,,
1680,5211079221,thesportsfan (20/20),0,75.9,1B Jared Young 2B Luis Arraez 3B Alec Bohm C J.T. Realmuto OF Bryce Harper OF Dylan Crews OF Carson Benge P Zack Wheeler P Cade Cavalli SS Trea Turner,,,
1680,5211153466,Satch65 (13/20),0,75.9,1B Spencer Horwitz 2B Ronny Simon 3B Jared Triolo C Rafael Flores Jr. OF Kyle Schwarber OF Esmerlyn Valdez OF Jacob Young P Zack Wheeler P Cade Cavalli SS CJ Abrams,,,
1680,5211224324,kingrl30,0,75.9,1B Alec Bohm 2B Brandon Lowe 3B Bryson Stott C Tyler Stephenson OF Dylan Crews OF Esmerlyn Valdez OF Ronny Simon P Zack Wheeler P Cade Cavalli SS Elly De La Cruz,,,
1680,5211244223,cachedinar (5/20),0,75.9,1B Abimelec Ortiz 2B Nick Gonzales 3B Brady House C Rafael Flores Jr. OF Bryan Reynolds OF Esmerlyn Valdez OF Jake Mangum P Zack Wheeler P Cade Cavalli SS CJ Abrams,,,
1680,5211244238,cachedinar (20/20),0,75.9,1B Bryce Harper 2B Luis Arraez 3B Jared Triolo C J.T. Realmuto OF Esmerlyn Valdez OF Jake Mangum OF Brandon Marsh P Zack Wheeler P Cade Cavalli SS Trea Turner,,,
1680,5211274106,KILLANADZ24 (1/10),0,75.9,1B Abimelec Ortiz 2B Luis Arraez 3B Bryson Stott C J.T. Realmuto OF Kyle Schwarber OF Esmerlyn Valdez OF Carson Benge P Zack Wheeler P Cade Cavalli SS Trea Turner,,,
1680,5211275930,IceUpMan,0,75.9,1B Abimelec Ortiz 2B Luis Arraez 3B Bryson Stott C J.T. Realmuto OF Esmerlyn Valdez OF Carson Benge OF Brandon Marsh P Zack Wheeler P Cade Cavalli SS CJ Abrams,,,
1680,5211288322,chrissyandsnoopy,0,75.9,1B Jared Young 2B Luis Arraez 3B Jorge Polanco C Tyler Stephenson OF Bryce Harper OF Esmerlyn Valdez OF Carson Benge P Zack Wheeler P Cade Cavalli SS CJ Abrams,,,
1680,5211339445,Steven_1974 (19/20),0,75.9,1B Bryce Harper 2B Luis Arraez 3B Jared Triolo C J.T. Realmuto OF Esmerlyn Valdez OF Jake Mangum OF Brandon Marsh P Zack Wheeler P Cade Cavalli SS Trea Turner,,,
1696,5210948970,ttillie (9/20),0,75.75,1B Alec Bohm 2B Luis Arraez 3B Eugenio Suarez C Harry Ford OF Bryce Harper OF Esmerlyn Valdez OF Hector Rodriguez P Zack Wheeler P Carmen Mlodzinski SS Elly De La Cruz,,,
1696,5211005988,rancorkeeper240 (2/2),0,75.75,1B Bryce Harper 2B Nasim Nunez 3B Bo Bichette C Tyler Stephenson OF Daylen Lile OF Matt McLain OF Brett Baty P Zack Wheeler P Chase Petty SS CJ Abrams,,,
1696,5211273125,shanemoore27 (5/20),0,75.75,1B Sal Stewart 2B Jose Tena 3B Kazuma Okamoto C Harry Ford OF Kyle Schwarber OF Dylan Crews OF Jacob Young P Cade Cavalli P Zac Thornton SS CJ Abrams,,,
1696,5211302006,Mason7488,0,75.75,1B Sal Stewart 2B Marcus Semien 3B Bo Bichette C Tyler Stephenson OF JJ Bleday OF Esmerlyn Valdez OF A.J. Ewing P Zack Wheeler P Chase Petty SS Elly De La Cruz,,,
1696,5211306068,garyyoung (3/13),0,75.75,1B Kazuma Okamoto 2B Brandon Lowe 3B Bo Bichette C J.T. Realmuto OF Bryan Reynolds OF A.J. Ewing OF George Springer P Zack Wheeler P Chase Petty SS Francisco Lindor,,,
1696,5211343765,noahg16,0,75.75,1B Bryce Harper 2B Luis Arraez 3B Bryson Stott C Tyler Stephenson OF JJ Bleday OF Carson Benge OF Justin Crawford P Zack Wheeler P Carmen Mlodzinski SS Elly De La Cruz,,,
1702,5210769914,stock2mail (20/20),0,75.45,1B Sal Stewart 2B Luis Arraez 3B Alec Bohm C Tyler Stephenson OF JJ Bleday OF Brandon Marsh OF Matt McLain P Zack Wheeler P Zac Thornton SS Elly De La Cruz,,,
1702,5210850734,tbjones2121 (14/20),0,75.45,1B Sal Stewart 2B Luis Arraez 3B Alec Bohm C Tyler Stephenson OF JJ Bleday OF Brandon Marsh OF Matt McLain P Zack Wheeler P Zac Thornton SS Elly De La Cruz,,,
1702,5210893646,az350z (14/20),0,75.45,1B Sal Stewart 2B Bryson Stott 3B Brady House C Tyler Stephenson OF Kyle Schwarber OF Noelvi Marte OF Hector Rodriguez P Zack Wheeler P Zac Thornton SS Elly De La Cruz,,,
1702,5210902548,j-wolf05 (16/20),0,75.45,1B Sal Stewart 2B Matt McLain 3B Brady House C Tyler Stephenson OF Kyle Schwarber OF Noelvi Marte OF Hector Rodriguez P Zack Wheeler P Zac Thornton SS CJ Abrams,,,
1702,5210916559,lilstats,0,75.45,1B Alec Bohm 2B Luis Arraez 3B Eugenio Suarez C Tyler Stephenson OF Kyle Schwarber OF JJ Bleday OF Jake Mangum P Zack Wheeler P Zac Thornton SS Francisco Lindor,,,
1702,5211127045,GoBillsGo47,0,75.45,1B Sal Stewart 2B Luis Arraez 3B Kazuma Okamoto C J.T. Realmuto OF Kyle Schwarber OF Carson Benge OF Brandon Marsh P Zack Wheeler P Zac Thornton SS Andres Gimenez,,,
1702,5211153996,belgiummob (2/2),0,75.45,1B Sal Stewart 2B Luis Arraez 3B Bryson Stott C Keibert Ruiz OF JJ Bleday OF Carson Benge OF Brandon Marsh P Zack Wheeler P Zac Thornton SS Francisco Lindor,,,
1709,5210949956,stumpfest,0,75.25,1B Sal Stewart 2B Luis Arraez 3B Bryson Stott C Harry Ford OF Bryce Harper OF Dylan Crews OF Carson Benge P Jose Soriano P Carmen Mlodzinski SS Elly De La Cruz,,,
1710,5210928118,whoisjohngalt420 (13/20),0,75.1,1B Spencer Horwitz 2B Nick Gonzales 3B Eugenio Suarez C Tyler Stephenson OF JJ Bleday OF Esmerlyn Valdez OF Hector Rodriguez P Zack Wheeler P Jose Soriano SS Elly De La Cruz,,,
1710,5211019192,ladyfingers (10/15),0,75.1,1B Rafael Flores Jr. 2B Luis Arraez 3B Brady House C Alejandro Kirk OF Kyle Schwarber OF Jake Mangum OF Jesus Sanchez P Zack Wheeler P Jose Soriano SS Elly De La Cruz,,,
1710,5211211242,darrylposton (19/20),0,75.1,1B Jared Young 2B Nasim Nunez 3B Brady House C Tyler Stephenson OF Dylan Crews OF Daylen Lile OF Jacob Young P Zack Wheeler P Jose Soriano SS Elly De La Cruz,,,
1710,5211230323,kozy6813 (4/20),0,75.1,1B Abimelec Ortiz 2B Jose Tena 3B Eugenio Suarez C Tyler Stephenson OF Daylen Lile OF JJ Bleday OF Jacob Young P Zack Wheeler P Jose Soriano SS CJ Abrams,,,
1710,5211344864,Wineternal,0,75.1,1B Jared Young 2B Luis Arraez 3B Bo Bichette C Luis Torrens OF Bryce Harper OF Carson Benge OF Brandon Marsh P Zack Wheeler P Jose Soriano SS Trea Turner,,,
1715,5210918890,Romophobia25,0,75.05,1B Bryce Harper 2B Nick Gonzales 3B Kazuma Okamoto C Tyler Stephenson OF Kyle Schwarber OF Bryan Reynolds OF Esmerlyn Valdez P Cade Cavalli P Carmen Mlodzinski SS Elly De La Cruz,,,
1715,5211147798,lornaz,0,75.05,1B Bryce Harper 2B Brandon Lowe 3B Brady House C J.T. Realmuto OF Bryan Reynolds OF Esmerlyn Valdez OF Carson Benge P Cade Cavalli P Carmen Mlodzinski SS CJ Abrams,,,
1715,5211243501,mister_eddie6 (2/3),0,75.05,1B Bryce Harper 2B Luis Arraez 3B Alec Bohm C J.T. Realmuto OF Kyle Schwarber OF Daylen Lile OF Jacob Young P Cade Cavalli P Carmen Mlodzinski SS CJ Abrams,,,
1715,5211191803,wittwerjoe (17/20),0,75.049995,1B Bryce Harper 2B Brandon Lowe 3B Nick Gonzales C Rafael Flores Jr. OF Bryan Reynolds OF JJ Bleday OF Jake Mangum P Cade Cavalli P Chase Petty SS CJ Abrams,,,
1719,5210629429,ajmack01 (2/2),0,74.9,1B Jared Young 2B Luis Arraez 3B Bo Bichette C Tyler Stephenson OF Carson Benge OF Jake Mangum OF Brandon Marsh P Zack Wheeler P Cade Cavalli SS CJ Abrams,,,
1719,5210764856,Sammy.Boy (16/20),0,74.9,1B Spencer Horwitz 2B Luis Arraez 3B Bryson Stott C J.T. Realmuto OF Bryce Harper OF Esmerlyn Valdez OF Ronny Simon P Zack Wheeler P Cade Cavalli SS Trea Turner,,,
1719,5210880008,wallstruss (17/17),0,74.9,1B Abimelec Ortiz 2B Brandon Lowe 3B Jared Triolo C Rafael Flores Jr. OF Jake Mangum OF Jacob Young OF Ronny Simon P Zack Wheeler P Cade Cavalli SS CJ Abrams,,,
1719,5210934697,ladyfingers (1/15),0,74.9,1B Sal Stewart 2B Jorge Polanco 3B Bo Bichette C Tyler Stephenson OF JJ Bleday OF Esmerlyn Valdez OF Carson Benge P Zack Wheeler P Cade Cavalli SS Elly De La Cruz,,,
1719,5210982687,BiancaBankers,0,74.9,1B Bryce Harper 2B Luis Arraez 3B Ernie Clement C Francisco Alvarez OF Brandon Marsh OF Brett Baty OF Justin Crawford P Zack Wheeler P Cade Cavalli SS CJ Abrams,,,
1719,5211095014,SpeedRacer101 (5/20),0,74.9,1B Spencer Horwitz 2B Bryson Stott 3B Nick Gonzales C J.T. Realmuto OF Bryan Reynolds OF Esmerlyn Valdez OF Jake Mangum P Zack Wheeler P Cade Cavalli SS Trea Turner,,,
1719,5211153454,Satch65 (1/20),0,74.9,1B Alec Bohm 2B Luis Arraez 3B Nick Gonzales C J.T. Realmuto OF Kyle Schwarber OF Jake Mangum OF Ronny Simon P Zack Wheeler P Cade Cavalli SS Trea Turner,,,
1719,5211218639,eharig09 (3/20),0,74.9,1B Abimelec Ortiz 2B Luis Arraez 3B Alec Bohm C J.T. Realmuto OF Bryce Harper OF George Springer OF Jesus Sanchez P Zack Wheeler P Cade Cavalli SS Trea Turner,,,
1719,5211230326,kozy6813 (7/20),0,74.9,1B Abimelec Ortiz 2B Luis Arraez 3B Alec Bohm C Harry Ford OF Bryce Harper OF Dylan Crews OF Brandon Marsh P Zack Wheeler P Cade Cavalli SS Trea Turner,,,
1719,5211230336,kozy6813 (17/20),0,74.9,1B Abimelec Ortiz 2B Ronny Simon 3B Brady House C Harry Ford OF Kyle Schwarber OF Dylan Crews OF Esmerlyn Valdez P Zack Wheeler P Cade Cavalli SS Nasim Nunez,,,
1719,5211251546,speed400 (1/2),0,74.9,1B Sal Stewart 2B Luis Arraez 3B Nick Gonzales C Luis Torrens OF Kyle Schwarber OF Esmerlyn Valdez OF Ronny Simon P Zack Wheeler P Cade Cavalli SS Trea Turner,,,
1719,5211279374,Dilbert29 (3/19),0,74.9,1B Alec Bohm 2B Bryson Stott 3B Bo Bichette C Luis Torrens OF Bryce Harper OF Esmerlyn Valdez OF Brandon Marsh P Zack Wheeler P Cade Cavalli SS Trea Turner,,,
1719,5211312726,rcarena (7/7),0,74.9,1B Rafael Flores Jr. 2B Brett Baty 3B Bryson Stott C Luis Torrens OF Kyle Schwarber OF Bryan Reynolds OF Esmerlyn Valdez P Zack Wheeler P Cade Cavalli SS Trea Turner,,,
1719,5211317828,Skralph (17/20),0,74.9,1B Alec Bohm 2B Luis Arraez 3B Nick Gonzales C Luis Torrens OF Kyle Schwarber OF Jake Mangum OF Brandon Marsh P Zack Wheeler P Cade Cavalli SS Trea Turner,,,
1719,5211347769,hatdaddy (20/20),0,74.9,1B Abimelec Ortiz 2B Jorge Polanco 3B Brady House C Harry Ford OF Kyle Schwarber OF Jake Mangum OF Jacob Young P Zack Wheeler P Cade Cavalli SS CJ Abrams,,,
1719,5211349436,KILLANADZ24 (7/10),0,74.9,1B Abimelec Ortiz 2B Luis Arraez 3B Alec Bohm C Harry Ford OF Bryce Harper OF Dylan Crews OF Brandon Marsh P Zack Wheeler P Cade Cavalli SS Trea Turner,,,
1735,5211079212,thesportsfan (11/20),0,74.75,1B Kazuma Okamoto 2B Luis Arraez 3B Alec Bohm C Alejandro Kirk OF Kyle Schwarber OF George Springer OF Brandon Marsh P Cade Cavalli P Zac Thornton SS Trea Turner,,,
1735,5211102747,LoneWolf2021,0,74.75,1B Bryce Harper 2B Bryson Stott 3B Kazuma Okamoto C Rafael Flores Jr. OF Esmerlyn Valdez OF George Springer OF Carson Benge P Zack Wheeler P Carmen Mlodzinski SS Elly De La Cruz,,,
1735,5211230324,kozy6813 (5/20),0,74.75,1B Bryce Harper 2B Nasim Nunez 3B Alec Bohm C J.T. Realmuto OF Dylan Crews OF George Springer OF Jacob Young P Cade Cavalli P Zac Thornton SS CJ Abrams,,,
1738,5210922105,Stree (9/20),0,74.45,1B Sal Stewart 2B Luis Arraez 3B Bo Bichette C Tyler Stephenson OF Bryce Harper OF Noelvi Marte OF Hector Rodriguez P Zack Wheeler P Zac Thornton SS Elly De La Cruz,,,
1738,5210996683,LTskelter (2/20),0,74.45,1B Sal Stewart 2B Nasim Nunez 3B Eugenio Suarez C Tyler Stephenson OF JJ Bleday OF A.J. Ewing OF Hector Rodriguez P Zack Wheeler P Zac Thornton SS CJ Abrams,,,
1738,5211072136,bch1274 (3/3),0,74.45,1B Sal Stewart 2B Luis Arraez 3B Eugenio Suarez C Luis Torrens OF Dylan Crews OF JJ Bleday OF Hector Rodriguez P Zack Wheeler P Zac Thornton SS Elly De La Cruz,,,
1738,5211107772,Bigjee74 (1/2),0,74.45,1B Bryce Harper 2B Luis Arraez 3B Bryson Stott C J.T. Realmuto OF JJ Bleday OF Carson Benge OF Brandon Marsh P Zack Wheeler P Zac Thornton SS Nasim Nunez,,,
1738,5211117443,Bigjee74 (2/2),0,74.45,1B Bryce Harper 2B Luis Arraez 3B Bryson Stott C J.T. Realmuto OF JJ Bleday OF Carson Benge OF Brandon Marsh P Zack Wheeler P Zac Thornton SS Nasim Nunez,,,
1738,5211199703,aquafinatim (1/20),0,74.45,1B Sal Stewart 2B Nasim Nunez 3B Eugenio Suarez C Tyler Stephenson OF JJ Bleday OF A.J. Ewing OF Hector Rodriguez P Zack Wheeler P Zac Thornton SS CJ Abrams,,,
1738,5211250332,mikedking,0,74.45,1B Sal Stewart 2B Luis Arraez 3B Bo Bichette C Tyler Stephenson OF Bryan Reynolds OF Daylen Lile OF JJ Bleday P Zack Wheeler P Zac Thornton SS Jared Triolo,,,
1738,5211279379,Dilbert29 (8/19),0,74.45,1B Sal Stewart 2B Marcus Semien 3B Jorge Polanco C Tyler Stephenson OF Kyle Schwarber OF JJ Bleday OF Brett Baty P Zack Wheeler P Zac Thornton SS Elly De La Cruz,,,
1738,5211301279,T-UNIT84 (2/3),0,74.45,1B Bryce Harper 2B Nasim Nunez 3B Bo Bichette C Luis Torrens OF Kyle Schwarber OF Brandon Marsh OF Jesus Sanchez P Zack Wheeler P Zac Thornton SS Trea Turner,,,
1747,5211103709,Mannie75 (1/2),0,74.4,1B Kazuma Okamoto 2B Jorge Polanco 3B Eugenio Suarez C Alejandro Kirk OF Kyle Schwarber OF Bryan Reynolds OF Esmerlyn Valdez P Jose Soriano P Cade Cavalli SS CJ Abrams,,,
1747,5211199716,aquafinatim (14/20),0,74.4,1B Rafael Flores Jr. 2B Brandon Lowe 3B Brady House C Alejandro Kirk OF Bryan Reynolds OF Esmerlyn Valdez OF Jake Mangum P Jose Soriano P Cade Cavalli SS CJ Abrams,,,
1749,5210721630,Lundelius,0,74.25,1B Alec Bohm 2B Luis Arraez 3B Kazuma Okamoto C Harry Ford OF Kyle Schwarber OF Bryan Reynolds OF Carson Benge P Jose Soriano P Carmen Mlodzinski SS Elly De La Cruz,,,
1749,5210948966,ttillie (5/20),0,74.25,1B Sal Stewart 2B Brandon Lowe 3B Eugenio Suarez C Harry Ford OF Bryan Reynolds OF Dylan Crews OF Jesus Sanchez P Jose Soriano P Carmen Mlodzinski SS Elly De La Cruz,,,
1751,5210822196,Abc1289 (17/20),0,74.1,1B Jared Young 2B Brandon Lowe 3B Eugenio Suarez C Tyler Stephenson OF JJ Bleday OF Jake Mangum OF Hector Rodriguez P Zack Wheeler P Jose Soriano SS Elly De La Cruz,,,
1751,5210822199,Abc1289 (20/20),0,74.1,1B Abimelec Ortiz 2B Jose Tena 3B Nick Gonzales C Tyler Stephenson OF Daylen Lile OF JJ Bleday OF Jake Mangum P Zack Wheeler P Jose Soriano SS CJ Abrams,,,
1751,5210859249,NEWINNER,0,74.1,1B Sal Stewart 2B Luis Arraez 3B Bryson Stott C Tyler Stephenson OF JJ Bleday OF Carson Benge OF Ronny Simon P Zack Wheeler P Jose Soriano SS Elly De La Cruz,,,
1751,5211143410,Dubbzz (11/20),0,74.1,1B Sal Stewart 2B Jorge Polanco 3B Brady House C Tyler Stephenson OF Daylen Lile OF JJ Bleday OF Hector Rodriguez P Zack Wheeler P Jose Soriano SS Elly De La Cruz,,,
1751,5211152781,kietstrom,0,74.1,1B Sal Stewart 2B Nasim Nunez 3B Brady House C Tyler Stephenson OF Daylen Lile OF JJ Bleday OF Hector Rodriguez P Zack Wheeler P Jose Soriano SS Elly De La Cruz,,,
1751,5211295977,1Dawayne,0,74.1,1B Spencer Horwitz 2B Brandon Lowe 3B Ke'Bryan Hayes C Alejandro Kirk OF Esmerlyn Valdez OF A.J. Ewing OF Jake Mangum P Zack Wheeler P Jose Soriano SS Jared Triolo,,,
1751,5211316405,Choker12 (4/4),0,74.1,1B Sal Stewart 2B Brett Baty 3B Nick Gonzales C Tyler Stephenson OF JJ Bleday OF Carson Benge OF Hector Rodriguez P Zack Wheeler P Jose Soriano SS Elly De La Cruz,,,
1751,5211322005,KristianFTM (20/20),0,74.1,1B Rafael Flores Jr. 2B Brandon Lowe 3B Eugenio Suarez C Tyler Stephenson OF JJ Bleday OF Jake Mangum OF Hector Rodriguez P Zack Wheeler P Jose Soriano SS Elly De La Cruz,,,
1751,5211337885,jnwallen (3/20),0,74.1,1B Sal Stewart 2B Nasim Nunez 3B Brady House C Tyler Stephenson OF Daylen Lile OF JJ Bleday OF Hector Rodriguez P Zack Wheeler P Jose Soriano SS Elly De La Cruz,,,
1760,5211093048,lsulunatik (18/18),0,74.049995,1B Jared Young 2B Jorge Polanco 3B Jared Triolo C Rafael Flores Jr. OF Bryan Reynolds OF Esmerlyn Valdez OF Jake Mangum P Cade Cavalli P Chase Petty SS Francisco Lindor,,,
1761,5210850730,tbjones2121 (10/20),0,73.9,1B Bryce Harper 2B Luis Arraez 3B Alec Bohm C J.T. Realmuto OF Esmerlyn Valdez OF Jake Mangum OF Ronny Simon P Zack Wheeler P Cade Cavalli SS Trea Turner,,,
1761,5210898783,tigolebitties91,0,73.9,1B Sal Stewart 2B Nasim Nunez 3B Alec Bohm C Tyler Stephenson OF A.J. Ewing OF Brandon Marsh OF Noelvi Marte P Zack Wheeler P Cade Cavalli SS CJ Abrams,,,
1761,5210946220,falcono8,0,73.9,1B Sal Stewart 2B Luis Arraez 3B Brady House C Alejandro Kirk OF Bryce Harper OF JJ Bleday OF Esmerlyn Valdez P Zack Wheeler P Cade Cavalli SS Andres Gimenez,,,
1761,5211163155,Lbowers31,0,73.9,1B Bryce Harper 2B Nasim Nunez 3B Alec Bohm C J.T. Realmuto OF Kyle Schwarber OF George Springer OF Hector Rodriguez P Zack Wheeler P Cade Cavalli SS Trea Turner,,,
1761,5211185486,mchevy57,0,73.9,1B Bryce Harper 2B Luis Arraez 3B Alec Bohm C Luis Torrens OF Esmerlyn Valdez OF Brett Baty OF Nathan Lukes P Zack Wheeler P Cade Cavalli SS Nasim Nunez,,,
1761,5211294801,jordanh415,0,73.9,1B Abimelec Ortiz 2B Luis Arraez 3B Brady House C J.T. Realmuto OF Kyle Schwarber OF Jacob Young OF Justin Crawford P Zack Wheeler P Cade Cavalli SS CJ Abrams,,,
1761,5211342735,Philsfan79 (1/2),0,73.9,1B Abimelec Ortiz 2B Luis Arraez 3B Brady House C J.T. Realmuto OF Kyle Schwarber OF Jacob Young OF Justin Crawford P Zack Wheeler P Cade Cavalli SS CJ Abrams,,,
1761,5211344506,fantasysuperstar (18/20),0,73.9,1B Bryce Harper 2B Luis Arraez 3B Bryson Stott C J.T. Realmuto OF Dylan Crews OF Jake Mangum OF Ronny Simon P Zack Wheeler P Cade Cavalli SS Trea Turner,,,
1769,5211184352,tlc321,0,73.75,1B Alec Bohm 2B Nick Gonzales 3B Jared Triolo C Harry Ford OF Kyle Schwarber OF Bryan Reynolds OF Esmerlyn Valdez P Zack Wheeler P Carmen Mlodzinski SS Francisco Lindor,,,
1769,5211230321,kozy6813 (2/20),0,73.75,1B Sal Stewart 2B Brandon Lowe 3B Eugenio Suarez C J.T. Realmuto OF Esmerlyn Valdez OF Matt McLain OF Noelvi Marte P Zack Wheeler P Carmen Mlodzinski SS Elly De La Cruz,,,
1769,5211263192,lotto1230,0,73.75,1B Bryce Harper 2B Nasim Nunez 3B Jorge Polanco C Rafael Flores Jr. OF Bryan Reynolds OF A.J. Ewing OF Brandon Marsh P Zack Wheeler P Carmen Mlodzinski SS Elly De La Cruz,,,
1772,5211212556,Steph.1108 (2/2),0,73.6,1B Sal Stewart 2B Luis Arraez 3B Bo Bichette C Alejandro Kirk OF Daylen Lile OF Carson Benge OF Jake Mangum P Zac Thornton P Carmen Mlodzinski SS CJ Abrams,,,
1773,5210839022,LOCNOTM (8/20),0,73.45,1B Bryce Harper 2B Luis Arraez 3B Alec Bohm C Tyler Stephenson OF JJ Bleday OF Brandon Marsh OF Hector Rodriguez P Zack Wheeler P Zac Thornton SS Elly De La Cruz,,,
1773,5210948980,ttillie (19/20),0,73.45,1B Abimelec Ortiz 2B Bryson Stott 3B Eugenio Suarez C Tyler Stephenson OF Kyle Schwarber OF Dylan Crews OF JJ Bleday P Zack Wheeler P Zac Thornton SS Francisco Lindor,,,
1773,5210997548,chrispy2005 (6/20),0,73.45,1B Sal Stewart 2B Brett Baty 3B Eugenio Suarez C Tyler Stephenson OF Kyle Schwarber OF JJ Bleday OF Hector Rodriguez P Zack Wheeler P Zac Thornton SS Francisco Lindor,,,
1773,5211095021,SpeedRacer101 (12/20),0,73.45,1B Sal Stewart 2B Matt McLain 3B Brady House C Tyler Stephenson OF Dylan Crews OF JJ Bleday OF Jacob Young P Zack Wheeler P Zac Thornton SS Elly De La Cruz,,,
1773,5211109435,Chef-Jeff62,0,73.45,1B Kazuma Okamoto 2B Ernie Clement 3B Alec Bohm C Tyler Stephenson OF Dylan Crews OF Daylen Lile OF JJ Bleday P Zack Wheeler P Zac Thornton SS Elly De La Cruz,,,
1773,5211226268,Ibn1031,0,73.45,1B Abimelec Ortiz 2B Nasim Nunez 3B Brady House C J.T. Realmuto OF Kyle Schwarber OF A.J. Ewing OF Jacob Young P Zack Wheeler P Zac Thornton SS CJ Abrams,,,
1773,5211233569,sportsfan14 (9/20),0,73.45,1B Sal Stewart 2B Bryson Stott 3B Ke'Bryan Hayes C J.T. Realmuto OF Kyle Schwarber OF JJ Bleday OF Noelvi Marte P Zack Wheeler P Zac Thornton SS Elly De La Cruz,,,
1773,5211280947,pat_the_hat2 (16/20),0,73.45,1B Abimelec Ortiz 2B Bryson Stott 3B Alec Bohm C J.T. Realmuto OF Bryce Harper OF Dylan Crews OF Brandon Marsh P Zack Wheeler P Zac Thornton SS Francisco Lindor,,,
1773,5211318977,supercatdondada,0,73.45,1B Alec Bohm 2B Luis Arraez 3B Bryson Stott C Luis Torrens OF Kyle Schwarber OF JJ Bleday OF Carson Benge P Zack Wheeler P Zac Thornton SS Trea Turner,,,
1782,5210996695,LTskelter (14/20),0,73.4,1B Rafael Flores Jr. 2B Brandon Lowe 3B Kazuma Okamoto C Alejandro Kirk OF Bryan Reynolds OF Esmerlyn Valdez OF George Springer P Jose Soriano P Cade Cavalli SS CJ Abrams,,,
1783,5210822182,Abc1289 (3/20),0,73.1,1B Abimelec Ortiz 2B Brandon Lowe 3B Eugenio Suarez C Tyler Stephenson OF Bryan Reynolds OF JJ Bleday OF Hector Rodriguez P Zack Wheeler P Jose Soriano SS Elly De La Cruz,,,
1783,5210838321,jlegrand22 (3/20),0,73.1,1B Abimelec Ortiz 2B Brandon Lowe 3B Eugenio Suarez C Tyler Stephenson OF Bryan Reynolds OF JJ Bleday OF Hector Rodriguez P Zack Wheeler P Jose Soriano SS Elly De La Cruz,,,
1783,5210893637,az350z (5/20),0,73.1,1B Sal Stewart 2B Ronny Simon 3B Eugenio Suarez C Tyler Stephenson OF JJ Bleday OF Esmerlyn Valdez OF Jake Mangum P Zack Wheeler P Jose Soriano SS Elly De La Cruz,,,
1783,5210902539,j-wolf05 (7/20),0,73.1,1B Sal Stewart 2B Ronny Simon 3B Eugenio Suarez C Tyler Stephenson OF JJ Bleday OF Esmerlyn Valdez OF Jake Mangum P Zack Wheeler P Jose Soriano SS Elly De La Cruz,,,
1783,5210967025,Caryg07 (5/20),0,73.1,1B Sal Stewart 2B Ronny Simon 3B Eugenio Suarez C Tyler Stephenson OF JJ Bleday OF Esmerlyn Valdez OF Jake Mangum P Zack Wheeler P Jose Soriano SS Elly De La Cruz,,,
1783,5210985929,rkjniner (2/2),0,73.1,1B Bryce Harper 2B Luis Arraez 3B Brady House C Luis Torrens OF Bryan Reynolds OF Hector Rodriguez OF Ronny Simon P Zack Wheeler P Jose Soriano SS CJ Abrams,,,
1783,5211004902,christiangideon (4/20),0,73.1,1B Sal Stewart 2B Matt McLain 3B Ke'Bryan Hayes C Harry Ford OF Dylan Crews OF Jacob Young OF Noelvi Marte P Zack Wheeler P Jose Soriano SS CJ Abrams,,,
1783,5211006335,christiangideon (11/20),0,73.1,1B Sal Stewart 2B Matt McLain 3B Ke'Bryan Hayes C Harry Ford OF Dylan Crews OF Jacob Young OF Noelvi Marte P Zack Wheeler P Jose Soriano SS CJ Abrams,,,
1783,5211006468,christiangideon (18/20),0,73.1,1B Sal Stewart 2B Matt McLain 3B Ke'Bryan Hayes C Harry Ford OF Dylan Crews OF Jacob Young OF Noelvi Marte P Zack Wheeler P Jose Soriano SS CJ Abrams,,,
1783,5211079219,thesportsfan (18/20),0,73.1,1B Sal Stewart 2B Ronny Simon 3B Eugenio Suarez C Tyler Stephenson OF JJ Bleday OF Esmerlyn Valdez OF Jake Mangum P Zack Wheeler P Jose Soriano SS Elly De La Cruz,,,
1783,5211081286,FoxyGrandpa252 (14/20),0,73.1,1B Abimelec Ortiz 2B Brandon Lowe 3B Eugenio Suarez C Tyler Stephenson OF Bryan Reynolds OF JJ Bleday OF Hector Rodriguez P Zack Wheeler P Jose Soriano SS Elly De La Cruz,,,
1783,5211121299,Daking330,0,73.1,1B Abimelec Ortiz 2B Luis Arraez 3B Bo Bichette C Luis Torrens OF JJ Bleday OF Carson Benge OF Jacob Young P Zack Wheeler P Jose Soriano SS Elly De La Cruz,,,
1783,5211174467,MJDLC (4/20),0,73.1,1B Sal Stewart 2B Brandon Lowe 3B Jared Triolo C Rafael Flores Jr. OF JJ Bleday OF Jake Mangum OF Ronny Simon P Zack Wheeler P Jose Soriano SS Elly De La Cruz,,,
1783,5211184150,dbacks1111,0,73.1,1B Endy Rodriguez 2B Luis Arraez 3B Bryson Stott C Tyler Stephenson OF JJ Bleday OF Carson Benge OF Jesus Sanchez P Zack Wheeler P Jose Soriano SS Elly De La Cruz,,,
1783,5211199706,aquafinatim (4/20),0,73.1,1B Sal Stewart 2B Ronny Simon 3B Eugenio Suarez C Tyler Stephenson OF JJ Bleday OF Esmerlyn Valdez OF Jake Mangum P Zack Wheeler P Jose Soriano SS Elly De La Cruz,,,
1783,5211225613,matthewwalsh (10/20),0,73.1,1B Sal Stewart 2B Nick Gonzales 3B Jared Triolo C Rafael Flores Jr. OF JJ Bleday OF Jake Mangum OF Hector Rodriguez P Zack Wheeler P Jose Soriano SS Elly De La Cruz,,,
1783,5211268383,mrclean913 (9/20),0,73.1,1B Abimelec Ortiz 2B Brandon Lowe 3B Eugenio Suarez C Tyler Stephenson OF Bryan Reynolds OF JJ Bleday OF Hector Rodriguez P Zack Wheeler P Jose Soriano SS Elly De La Cruz,,,
1783,5211347759,hatdaddy (10/20),0,73.1,1B Abimelec Ortiz 2B Ronny Simon 3B Eugenio Suarez C Tyler Stephenson OF Bryan Reynolds OF Dylan Crews OF JJ Bleday P Zack Wheeler P Jose Soriano SS Elly De La Cruz,,,
1801,5210948968,ttillie (7/20),0,73.05,1B Bryce Harper 2B Luis Arraez 3B Alec Bohm C Harry Ford OF Kyle Schwarber OF Esmerlyn Valdez OF Jesus Sanchez P Cade Cavalli P Carmen Mlodzinski SS CJ Abrams,,,
1801,5210961903,henry296 (17/20),0,73.05,1B Bryce Harper 2B Ernie Clement 3B Bryson Stott C Alejandro Kirk OF Kyle Schwarber OF George Springer OF Nathan Lukes P Cade Cavalli P Carmen Mlodzinski SS CJ Abrams,,,
1801,5211272912,Rickjamesd,0,73.05,1B Jared Young 2B Brandon Lowe 3B Nick Gonzales C J.T. Realmuto OF Bryan Reynolds OF Esmerlyn Valdez OF Carson Benge P Cade Cavalli P Carmen Mlodzinski SS CJ Abrams,,,
1804,5210619201,melvincali (19/20),0,72.95,1B Sal Stewart 2B Ernie Clement 3B Kazuma Okamoto C Alejandro Kirk OF George Springer OF Noelvi Marte OF Hector Rodriguez P Jose Soriano P Zac Thornton SS Elly De La Cruz,,,
1805,5210769900,stock2mail (6/20),0,72.9,1B Abimelec Ortiz 2B Luis Arraez 3B Bryson Stott C J.T. Realmuto OF Kyle Schwarber OF Dylan Crews OF Brandon Marsh P Zack Wheeler P Cade Cavalli SS Francisco Lindor,,,
1805,5210839026,LOCNOTM (12/20),0,72.9,1B Abimelec Ortiz 2B Luis Arraez 3B Alec Bohm C J.T. Realmuto OF Bryce Harper OF Brandon Marsh OF Ronny Simon P Zack Wheeler P Cade Cavalli SS CJ Abrams,,,
1805,5210850724,tbjones2121 (4/20),0,72.9,1B Alec Bohm 2B Luis Arraez 3B Jorge Polanco C Harry Ford OF Bryce Harper OF Dylan Crews OF Brandon Marsh P Zack Wheeler P Cade Cavalli SS Trea Turner,,,
1805,5210924710,hemmer13,0,72.9,1B Sal Stewart 2B Luis Arraez 3B Bryson Stott C J.T. Realmuto OF Esmerlyn Valdez OF Carson Benge OF Brandon Marsh P Zack Wheeler P Cade Cavalli SS Trea Turner,,,
1805,5211016674,okelly36 (1/3),0,72.9,1B Abimelec Ortiz 2B Luis Arraez 3B Jared Triolo C J.T. Realmuto OF Bryce Harper OF Esmerlyn Valdez OF Jake Mangum P Zack Wheeler P Cade Cavalli SS CJ Abrams,,,
1805,5211233568,sportsfan14 (8/20),0,72.9,1B Abimelec Ortiz 2B Luis Arraez 3B Alec Bohm C J.T. Realmuto OF Kyle Schwarber OF Esmerlyn Valdez OF Brandon Marsh P Zack Wheeler P Cade Cavalli SS Francisco Lindor,,,
1805,5211314708,George085,0,72.9,1B Sal Stewart 2B Jorge Polanco 3B Bo Bichette C J.T. Realmuto OF Kyle Schwarber OF Dylan Crews OF Nathan Lukes P Zack Wheeler P Cade Cavalli SS Francisco Lindor,,,
1805,5211315657,rayray5102,0,72.9,1B Abimelec Ortiz 2B Bryson Stott 3B Brady House C J.T. Realmuto OF Bryce Harper OF Brandon Marsh OF Jacob Young P Zack Wheeler P Cade Cavalli SS CJ Abrams,,,
1805,5211334296,herringmw,0,72.9,1B Jared Young 2B Luis Arraez 3B Bryson Stott C J.T. Realmuto OF Bryce Harper OF Bryan Reynolds OF Brandon Marsh P Zack Wheeler P Cade Cavalli SS Nasim Nunez,,,
1814,5211055210,bolick38,0,72.75,1B Abimelec Ortiz 2B Brandon Lowe 3B Bryson Stott C Keibert Ruiz OF Bryce Harper OF Dylan Crews OF Jacob Young P Cade Cavalli P Zac Thornton SS CJ Abrams,,,
1814,5211148217,vicviking76,0,72.75,1B Sal Stewart 2B Luis Arraez 3B Brady House C Keibert Ruiz OF Daylen Lile OF Carson Benge OF Brett Baty P Zack Wheeler P Carmen Mlodzinski SS Elly De La Cruz,,,
1816,5210876254,jeclark3 (1/2),0,72.45,1B Sal Stewart 2B Luis Arraez 3B Bryson Stott C J.T. Realmuto OF JJ Bleday OF Jake Mangum OF Jesus Sanchez P Zack Wheeler P Zac Thornton SS Elly De La Cruz,,,
1816,5210898792,davespak,0,72.45,1B Abimelec Ortiz 2B Luis Arraez 3B Bryson Stott C Luis Torrens OF Kyle Schwarber OF Bryce Harper OF Hector Rodriguez P Zack Wheeler P Zac Thornton SS CJ Abrams,,,
1816,5211109328,tmoles (1/3),0,72.45,1B Kazuma Okamoto 2B Luis Arraez 3B Alec Bohm C J.T. Realmuto OF Daylen Lile OF Brandon Marsh OF Brett Baty P Zack Wheeler P Zac Thornton SS CJ Abrams,,,
1816,5211119391,tmoles (2/3),0,72.45,1B Kazuma Okamoto 2B Luis Arraez 3B Alec Bohm C J.T. Realmuto OF Daylen Lile OF Brandon Marsh OF Brett Baty P Zack Wheeler P Zac Thornton SS CJ Abrams,,,
1816,5211119561,tmoles (3/3),0,72.45,1B Kazuma Okamoto 2B Luis Arraez 3B Alec Bohm C J.T. Realmuto OF Daylen Lile OF Brandon Marsh OF Brett Baty P Zack Wheeler P Zac Thornton SS CJ Abrams,,,
1816,5211139881,NotGood2020,0,72.45,1B Sal Stewart 2B Matt McLain 3B Ernie Clement C Tyler Stephenson OF JJ Bleday OF Carson Benge OF Jacob Young P Zack Wheeler P Zac Thornton SS CJ Abrams,,,
1816,5211176626,Beastly888 (1/3),0,72.45,1B Sal Stewart 2B Ernie Clement 3B Kazuma Okamoto C J.T. Realmuto OF Bryan Reynolds OF JJ Bleday OF Carson Benge P Zack Wheeler P Zac Thornton SS Francisco Lindor,,,
1816,5211244227,cachedinar (9/20),0,72.45,1B Sal Stewart 2B Luis Arraez 3B Eugenio Suarez C Tyler Stephenson OF Kyle Schwarber OF JJ Bleday OF Hector Rodriguez P Zack Wheeler P Zac Thornton SS Francisco Lindor,,,
1816,5211266782,seth1374 (11/20),0,72.45,1B Alec Bohm 2B Luis Arraez 3B Eugenio Suarez C Tyler Stephenson OF Kyle Schwarber OF Bryce Harper OF Hector Rodriguez P Zack Wheeler P Zac Thornton SS Trea Turner,,,
1816,5211322985,PolishPower,0,72.45,1B Sal Stewart 2B Luis Arraez 3B Bryson Stott C Tyler Stephenson OF JJ Bleday OF Carson Benge OF Jacob Young P Zack Wheeler P Zac Thornton SS Francisco Lindor,,,
1826,5210880000,wallstruss (9/17),0,72.4,1B Abimelec Ortiz 2B Ernie Clement 3B Bo Bichette C Alejandro Kirk OF George Springer OF Jacob Young OF Nathan Lukes P Jose Soriano P Cade Cavalli SS CJ Abrams,,,
1826,5211268380,mrclean913 (6/20),0,72.4,1B Spencer Horwitz 2B Nick Gonzales 3B Kazuma Okamoto C Alejandro Kirk OF Bryan Reynolds OF Esmerlyn Valdez OF Jake Mangum P Jose Soriano P Cade Cavalli SS CJ Abrams,,,
1826,5211327147,drunkonpappy (17/20),0,72.4,1B Abimelec Ortiz 2B Jose Tena 3B Kazuma Okamoto C Alejandro Kirk OF Dylan Crews OF Jake Mangum OF Jesus Sanchez P Jose Soriano P Cade Cavalli SS Andres Gimenez,,,
1829,5210880887,mysticviking,0,72.25,1B Sal Stewart 2B Marcus Semien 3B Bo Bichette C Tyler Stephenson OF Bryce Harper OF JJ Bleday OF Carson Benge P Jose Soriano P Carmen Mlodzinski SS Francisco Lindor,,,
1830,5210671252,chelseafinest (2/2),0,72.1,1B Jared Young 2B Marcus Semien 3B Bo Bichette C Luis Torrens OF Bryan Reynolds OF Esmerlyn Valdez OF Brett Baty P Zack Wheeler P Jose Soriano SS CJ Abrams,,,
1830,5210938758,jw1984 (8/15),0,72.1,1B Sal Stewart 2B Ronny Simon 3B Nick Gonzales C Tyler Stephenson OF Bryan Reynolds OF JJ Bleday OF Hector Rodriguez P Zack Wheeler P Jose Soriano SS Elly De La Cruz,,,
1830,5210952460,jakeup417 (1/2),0,72.1,1B Jared Young 2B Luis Arraez 3B Bryson Stott C Tyler Stephenson OF JJ Bleday OF Carson Benge OF Jacob Young P Zack Wheeler P Jose Soriano SS Elly De La Cruz,,,
1830,5211312744,lonerangerjackers (3/8),0,72.1,1B Alec Bohm 2B Ernie Clement 3B Kazuma Okamoto C Tyler Stephenson OF Kyle Schwarber OF Daylen Lile OF Brett Baty P Zack Wheeler P Jose Soriano SS Francisco Lindor,,,
1830,5211312786,lonerangerjackers (5/8),0,72.1,1B Alec Bohm 2B Ernie Clement 3B Kazuma Okamoto C Tyler Stephenson OF Kyle Schwarber OF Daylen Lile OF Brett Baty P Zack Wheeler P Jose Soriano SS Francisco Lindor,,,
1835,5210764853,Sammy.Boy (13/20),0,71.9,1B Bryce Harper 2B Luis Arraez 3B Alec Bohm C Rafael Flores Jr. OF Esmerlyn Valdez OF Jake Mangum OF Brandon Marsh P Zack Wheeler P Cade Cavalli SS Trea Turner,,,
1835,5210839017,LOCNOTM (3/20),0,71.9,1B Alec Bohm 2B Luis Arraez 3B Bryson Stott C Rafael Flores Jr. OF Bryce Harper OF Esmerlyn Valdez OF Jake Mangum P Zack Wheeler P Cade Cavalli SS Trea Turner,,,
1835,5210839024,LOCNOTM (10/20),0,71.9,1B Bryce Harper 2B Luis Arraez 3B Alec Bohm C Rafael Flores Jr. OF Esmerlyn Valdez OF Jake Mangum OF Brandon Marsh P Zack Wheeler P Cade Cavalli SS Trea Turner,,,
1835,5211039748,Lostnspace137,0,71.9,1B Sal Stewart 2B Matt McLain 3B Bryson Stott C Tyler Stephenson OF Dylan Crews OF Jacob Young OF Noelvi Marte P Zack Wheeler P Cade Cavalli SS CJ Abrams,,,
1835,5211095016,SpeedRacer101 (7/20),0,71.9,1B Bryce Harper 2B Luis Arraez 3B Alec Bohm C Rafael Flores Jr. OF Esmerlyn Valdez OF Jake Mangum OF Brandon Marsh P Zack Wheeler P Cade Cavalli SS Trea Turner,,,
1835,5211113427,austin60915 (5/20),0,71.9,1B Bryce Harper 2B Luis Arraez 3B Alec Bohm C Rafael Flores Jr. OF Esmerlyn Valdez OF Jake Mangum OF Brandon Marsh P Zack Wheeler P Cade Cavalli SS Trea Turner,,,
1835,5211199710,aquafinatim (8/20),0,71.9,1B Bryce Harper 2B Luis Arraez 3B Alec Bohm C Rafael Flores Jr. OF Esmerlyn Valdez OF Jake Mangum OF Brandon Marsh P Zack Wheeler P Cade Cavalli SS Trea Turner,,,
1835,5211233571,sportsfan14 (11/20),0,71.9,1B Bryce Harper 2B Luis Arraez 3B Alec Bohm C Rafael Flores Jr. OF Esmerlyn Valdez OF Jake Mangum OF Brandon Marsh P Zack Wheeler P Cade Cavalli SS Trea Turner,,,
1835,5211257725,jsamtoy (2/20),0,71.9,1B Jared Young 2B Nasim Nunez 3B Jared Triolo C Rafael Flores Jr. OF Bryan Reynolds OF Esmerlyn Valdez OF Jake Mangum P Zack Wheeler P Cade Cavalli SS CJ Abrams,,,
1844,5210937772,tjmoney87,0,71.75,1B Sal Stewart 2B Luis Arraez 3B Bryson Stott C J.T. Realmuto OF Kyle Schwarber OF A.J. Ewing OF Hector Rodriguez P Zack Wheeler P Chase Petty SS Elly De La Cruz,,,
1845,5210850722,tbjones2121 (2/20),0,71.45,1B Sal Stewart 2B Bryson Stott 3B Alec Bohm C Tyler Stephenson OF Bryce Harper OF JJ Bleday OF Hector Rodriguez P Zack Wheeler P Zac Thornton SS Elly De La Cruz,,,
1845,5210916483,climbingtheladder (2/2),0,71.45,1B Sal Stewart 2B Nick Gonzales 3B Bo Bichette C Harry Ford OF Kyle Schwarber OF Esmerlyn Valdez OF Hector Rodriguez P Zack Wheeler P Zac Thornton SS Nasim Nunez,,,
1845,5210922654,lmstephenson,0,71.45,1B Sal Stewart 2B Marcus Semien 3B Bryson Stott C Tyler Stephenson OF Bryce Harper OF JJ Bleday OF Jacob Young P Zack Wheeler P Zac Thornton SS Trea Turner,,,
1845,5210928112,whoisjohngalt420 (7/20),0,71.45,1B Sal Stewart 2B Bryson Stott 3B Eugenio Suarez C Tyler Stephenson OF Kyle Schwarber OF Noelvi Marte OF Hector Rodriguez P Zack Wheeler P Zac Thornton SS CJ Abrams,,,
1845,5211079216,thesportsfan (15/20),0,71.45,1B Sal Stewart 2B Bryson Stott 3B Alec Bohm C J.T. Realmuto OF JJ Bleday OF Brandon Marsh OF Noelvi Marte P Zack Wheeler P Zac Thornton SS Elly De La Cruz,,,
1845,5211093038,lsulunatik (8/18),0,71.45,1B Abimelec Ortiz 2B Luis Arraez 3B Brady House C J.T. Realmuto OF Bryce Harper OF Dylan Crews OF Justin Crawford P Zack Wheeler P Zac Thornton SS CJ Abrams,,,
1845,5211109443,Wade1986,0,71.45,1B Spencer Horwitz 2B Nasim Nunez 3B Bo Bichette C J.T. Realmuto OF Kyle Schwarber OF George Springer OF Brett Baty P Zack Wheeler P Zac Thornton SS Francisco Lindor,,,
1845,5211298707,boilerfanmc,0,71.45,1B Jared Young 2B Bryson Stott 3B Jorge Polanco C Luis Torrens OF Kyle Schwarber OF Bryce Harper OF Jacob Young P Zack Wheeler P Zac Thornton SS CJ Abrams,,,
1845,5211317823,Skralph (12/20),0,71.45,1B Alec Bohm 2B Jorge Polanco 3B Eugenio Suarez C Tyler Stephenson OF Kyle Schwarber OF Bryce Harper OF Brandon Marsh P Zack Wheeler P Zac Thornton SS Trea Turner,,,
1845,5211330896,Stolle76,0,71.45,1B Sal Stewart 2B Brett Baty 3B Ernie Clement C Luis Torrens OF Kyle Schwarber OF JJ Bleday OF Noelvi Marte P Zack Wheeler P Zac Thornton SS Elly De La Cruz,,,
1855,5210619192,melvincali (10/20),0,71.4,1B Kazuma Okamoto 2B Ernie Clement 3B Bo Bichette C Alejandro Kirk OF Esmerlyn Valdez OF George Springer OF Nathan Lukes P Jose Soriano P Cade Cavalli SS CJ Abrams,,,
1855,5211255870,KattyP,0,71.4,1B Kazuma Okamoto 2B Ernie Clement 3B Bryson Stott C J.T. Realmuto OF Kyle Schwarber OF Bryan Reynolds OF George Springer P Jose Soriano P Cade Cavalli SS CJ Abrams,,,
1855,5211294964,Mige1 (15/20),0,71.4,1B Spencer Horwitz 2B Brandon Lowe 3B Jared Triolo C Alejandro Kirk OF Bryan Reynolds OF Dylan Crews OF Jake Mangum P Jose Soriano P Cade Cavalli SS CJ Abrams,,,
1858,5211303623,KDBLUEATX (2/2),0,71.25,1B Kazuma Okamoto 2B Ernie Clement 3B Bo Bichette C Harry Ford OF Daylen Lile OF JJ Bleday OF George Springer P Jose Soriano P Chase Petty SS CJ Abrams,,,
1859,5210791533,leadmetobeaver,0,71.1,1B Sal Stewart 2B Nasim Nunez 3B Eugenio Suarez C Tyler Stephenson OF Daylen Lile OF Jacob Young OF Hector Rodriguez P Zack Wheeler P Jose Soriano SS CJ Abrams,,,
1859,5210838326,jlegrand22 (8/20),0,71.1,1B Abimelec Ortiz 2B Brandon Lowe 3B Eugenio Suarez C Tyler Stephenson OF JJ Bleday OF Jake Mangum OF Hector Rodriguez P Zack Wheeler P Jose Soriano SS Elly De La Cruz,,,
1859,5210850736,tbjones2121 (16/20),0,71.1,1B Sal Stewart 2B Nick Gonzales 3B Jared Triolo C Tyler Stephenson OF JJ Bleday OF Jake Mangum OF Noelvi Marte P Zack Wheeler P Jose Soriano SS Elly De La Cruz,,,
1859,5210967034,Caryg07 (14/20),0,71.1,1B Sal Stewart 2B Brandon Lowe 3B Jared Triolo C Tyler Stephenson OF Bryan Reynolds OF Noelvi Marte OF Hector Rodriguez P Zack Wheeler P Jose Soriano SS Elly De La Cruz,,,
1859,5211004360,christiangideon (1/20),0,71.1,1B Abimelec Ortiz 2B Nasim Nunez 3B Brady House C Tyler Stephenson OF Dylan Crews OF Daylen Lile OF JJ Bleday P Zack Wheeler P Jose Soriano SS Elly De La Cruz,,,
1859,5211004972,christiangideon (8/20),0,71.1,1B Abimelec Ortiz 2B Nasim Nunez 3B Brady House C Tyler Stephenson OF Dylan Crews OF Daylen Lile OF JJ Bleday P Zack Wheeler P Jose Soriano SS Elly De La Cruz,,,
1859,5211006440,christiangideon (15/20),0,71.1,1B Abimelec Ortiz 2B Nasim Nunez 3B Brady House C Tyler Stephenson OF Dylan Crews OF Daylen Lile OF JJ Bleday P Zack Wheeler P Jose Soriano SS Elly De La Cruz,,,
1859,5211271618,givemesleeps,0,71.1,1B Abimelec Ortiz 2B Nasim Nunez 3B Brady House C Tyler Stephenson OF Dylan Crews OF Daylen Lile OF JJ Bleday P Zack Wheeler P Jose Soriano SS Elly De La Cruz,,,
1867,5211126115,Twiztidmailman,0,71.05,1B Spencer Horwitz 2B Brandon Lowe 3B Bo Bichette C Harry Ford OF Bryce Harper OF Bryan Reynolds OF Esmerlyn Valdez P Cade Cavalli P Carmen Mlodzinski SS Trea Turner,,,
1868,5210850667,jsmoove34 (1/3),0,70.95,1B Alec Bohm 2B Brandon Lowe 3B Bryson Stott C Keibert Ruiz OF Bryan Reynolds OF Carson Benge OF Joey Wiemer P Jose Soriano P Zac Thornton SS CJ Abrams,,,
1869,5210902533,j-wolf05 (1/20),0,70.9,1B Abimelec Ortiz 2B Nasim Nunez 3B Nick Gonzales C Rafael Flores Jr. OF Bryan Reynolds OF Esmerlyn Valdez OF Jake Mangum P Zack Wheeler P Cade Cavalli SS CJ Abrams,,,
1869,5210971438,BryantShuford,0,70.9,1B Sal Stewart 2B Brandon Lowe 3B Ke'Bryan Hayes C Tyler Stephenson OF Dylan Crews OF Carson Benge OF Ronny Simon P Zack Wheeler P Cade Cavalli SS CJ Abrams,,,
1869,5211004962,christiangideon (6/20),0,70.9,1B Sal Stewart 2B Jose Tena 3B Alec Bohm C J.T. Realmuto OF Kyle Schwarber OF Jacob Young OF Justin Crawford P Zack Wheeler P Cade Cavalli SS Trea Turner,,,
1869,5211006348,christiangideon (13/20),0,70.9,1B Sal Stewart 2B Jose Tena 3B Alec Bohm C J.T. Realmuto OF Kyle Schwarber OF Jacob Young OF Justin Crawford P Zack Wheeler P Cade Cavalli SS Trea Turner,,,
1869,5211006480,christiangideon (20/20),0,70.9,1B Sal Stewart 2B Jose Tena 3B Alec Bohm C J.T. Realmuto OF Kyle Schwarber OF Jacob Young OF Justin Crawford P Zack Wheeler P Cade Cavalli SS Trea Turner,,,
1869,5211193702,smithcj16 (10/20),0,70.9,1B Alec Bohm 2B Luis Arraez 3B Bryson Stott C Tyler Stephenson OF Bryce Harper OF Esmerlyn Valdez OF Ronny Simon P Zack Wheeler P Cade Cavalli SS Trea Turner,,,
1869,5211193708,smithcj16 (16/20),0,70.9,1B Abimelec Ortiz 2B Bryson Stott 3B Alec Bohm C Harry Ford OF Dylan Crews OF Brandon Marsh OF Jacob Young P Zack Wheeler P Cade Cavalli SS CJ Abrams,,,
1869,5211201336,mbosse1970,0,70.9,1B Bryce Harper 2B Luis Arraez 3B Alec Bohm C J.T. Realmuto OF Dylan Crews OF JJ Bleday OF Matt McLain P Zack Wheeler P Cade Cavalli SS Nasim Nunez,,,
1869,5211218643,eharig09 (7/20),0,70.9,1B Abimelec Ortiz 2B Luis Arraez 3B Bryson Stott C Alejandro Kirk OF Kyle Schwarber OF Brandon Marsh OF Jesus Sanchez P Zack Wheeler P Cade Cavalli SS Trea Turner,,,
1869,5211225610,matthewwalsh (7/20),0,70.9,1B Abimelec Ortiz 2B Jose Tena 3B Brady House C Rafael Flores Jr. OF Bryce Harper OF Dylan Crews OF Jake Mangum P Zack Wheeler P Cade Cavalli SS CJ Abrams,,,
1869,5211230338,kozy6813 (19/20),0,70.9,1B Abimelec Ortiz 2B Luis Arraez 3B Alec Bohm C J.T. Realmuto OF Kyle Schwarber OF Bryce Harper OF Esmerlyn Valdez P Zack Wheeler P Cade Cavalli SS Jared Triolo,,,
1869,5211272964,jasonwithaj (6/10),0,70.9,1B Bryce Harper 2B Luis Arraez 3B Alec Bohm C J.T. Realmuto OF Kyle Schwarber OF Esmerlyn Valdez OF Ronny Simon P Zack Wheeler P Cade Cavalli SS Nasim Nunez,,,
1869,5211275923,creampie42069,0,70.9,1B Abimelec Ortiz 2B Nasim Nunez 3B Brady House C Harry Ford OF Bryan Reynolds OF Esmerlyn Valdez OF Luis Robert Jr. P Zack Wheeler P Cade Cavalli SS CJ Abrams,,,
1869,5211281019,stephenmac,0,70.9,1B Jared Young 2B Bryson Stott 3B Bo Bichette C Tyler Stephenson OF Kyle Schwarber OF Esmerlyn Valdez OF Ronny Simon P Zack Wheeler P Cade Cavalli SS CJ Abrams,,,
1869,5211294933,bobho10,0,70.9,1B Spencer Horwitz 2B Brandon Lowe 3B Bo Bichette C Alejandro Kirk OF Bryan Reynolds OF Dylan Crews OF Brett Baty P Zack Wheeler P Cade Cavalli SS Andres Gimenez,,,
1884,5211056011,jbod64,0,70.75,1B Bryce Harper 2B Bryson Stott 3B Kazuma Okamoto C Endy Rodriguez OF Kyle Schwarber OF Daylen Lile OF Nathan Lukes P Zack Wheeler P Carmen Mlodzinski SS Jacob Gonzalez,,,
1885,5210625298,blitzburgh07,0,70.45,1B Abimelec Ortiz 2B Luis Arraez 3B Bryson Stott C Luis Torrens OF Bryce Harper OF Esmerlyn Valdez OF Brandon Marsh P Zack Wheeler P Zac Thornton SS CJ Abrams,,,
1885,5210765771,number1pct,0,70.45,1B Alec Bohm 2B Luis Arraez 3B Bryson Stott C Tyler Stephenson OF Kyle Schwarber OF Carson Benge OF Jake Mangum P Zack Wheeler P Zac Thornton SS Trea Turner,,,
1885,5210822181,Abc1289 (2/20),0,70.45,1B Abimelec Ortiz 2B Luis Arraez 3B Alec Bohm C Tyler Stephenson OF Bryce Harper OF JJ Bleday OF Brandon Marsh P Zack Wheeler P Zac Thornton SS Elly De La Cruz,,,
1885,5210988158,captainzen,0,70.45,1B Abimelec Ortiz 2B Luis Arraez 3B Brady House C Tyler Stephenson OF Daylen Lile OF JJ Bleday OF Jacob Young P Zack Wheeler P Zac Thornton SS CJ Abrams,,,
1885,5211038824,Gambit_1381,0,70.45,1B Sal Stewart 2B Luis Arraez 3B Bo Bichette C Tyler Stephenson OF Bryce Harper OF JJ Bleday OF Jesus Sanchez P Zack Wheeler P Zac Thornton SS Francisco Lindor,,,
1885,5211088369,Jaywellman1,0,70.45,1B Alec Bohm 2B Luis Arraez 3B Bo Bichette C Tyler Stephenson OF Bryan Reynolds OF JJ Bleday OF Jesus Sanchez P Zack Wheeler P Zac Thornton SS Elly De La Cruz,,,
1885,5211339446,Steven_1974 (20/20),0,70.45,1B Sal Stewart 2B Luis Arraez 3B Ke'Bryan Hayes C Tyler Stephenson OF Kyle Schwarber OF Brandon Marsh OF Noelvi Marte P Zack Wheeler P Zac Thornton SS Elly De La Cruz,,,
1885,5211344493,fantasysuperstar (5/20),0,70.45,1B Sal Stewart 2B Jose Tena 3B Ke'Bryan Hayes C Harry Ford OF JJ Bleday OF Noelvi Marte OF Hector Rodriguez P Zack Wheeler P Zac Thornton SS CJ Abrams,,,
1885,5211347753,hatdaddy (4/20),0,70.45,1B Sal Stewart 2B Luis Arraez 3B Eugenio Suarez C Tyler Stephenson OF JJ Bleday OF Justin Crawford OF Hector Rodriguez P Zack Wheeler P Zac Thornton SS CJ Abrams,,,
1885,5211347768,hatdaddy (19/20),0,70.45,1B Sal Stewart 2B Nasim Nunez 3B Eugenio Suarez C Tyler Stephenson OF Dylan Crews OF Esmerlyn Valdez OF Noelvi Marte P Zack Wheeler P Zac Thornton SS Elly De La Cruz,,,
1895,5210961892,henry296 (6/20),0,70.4,1B Kazuma Okamoto 2B Brandon Lowe 3B Ernie Clement C Alejandro Kirk OF Bryan Reynolds OF George Springer OF Jake Mangum P Jose Soriano P Cade Cavalli SS CJ Abrams,,,
1895,5211230328,kozy6813 (9/20),0,70.4,1B Kazuma Okamoto 2B Brandon Lowe 3B Brady House C Alejandro Kirk OF Dylan Crews OF George Springer OF Jesus Sanchez P Jose Soriano P Cade Cavalli SS CJ Abrams,,,
1897,5210585073,Marterrieo52 (2/2),0,70.25,1B Sal Stewart 2B Nick Gonzales 3B Bo Bichette C Keibert Ruiz OF Bryan Reynolds OF Daylen Lile OF JJ Bleday P Jose Soriano P Carmen Mlodzinski SS Elly De La Cruz,,,
1898,5211199721,aquafinatim (19/20),0,70.1,1B Abimelec Ortiz 2B Nasim Nunez 3B Eugenio Suarez C Tyler Stephenson OF Daylen Lile OF JJ Bleday OF Jacob Young P Zack Wheeler P Jose Soriano SS CJ Abrams,,,
1898,5211296441,SteelCurtain1234567 (1/2),0,70.1,1B Bryce Harper 2B Luis Arraez 3B Brady House C J.T. Realmuto OF Kyle Schwarber OF Noelvi Marte OF Ronny Simon P Zack Wheeler P Jose Soriano SS Trea Turner,,,
1898,5211307659,jeclark3 (2/2),0,70.1,1B Sal Stewart 2B Nick Gonzales 3B Bo Bichette C Tyler Stephenson OF JJ Bleday OF Esmerlyn Valdez OF Justin Crawford P Zack Wheeler P Jose Soriano SS Francisco Lindor,,,
1898,5211321997,KristianFTM (12/20),0,70.1,1B Sal Stewart 2B Brandon Lowe 3B Jared Triolo C Tyler Stephenson OF Esmerlyn Valdez OF Jake Mangum OF Ronny Simon P Zack Wheeler P Jose Soriano SS Elly De La Cruz,,,
1898,5211339436,Steven_1974 (10/20),0,70.1,1B Spencer Horwitz 2B Nick Gonzales 3B Jared Triolo C Tyler Stephenson OF JJ Bleday OF Esmerlyn Valdez OF Jake Mangum P Zack Wheeler P Jose Soriano SS Elly De La Cruz,,,
1898,5211347757,hatdaddy (8/20),0,70.1,1B Sal Stewart 2B Jorge Polanco 3B Eugenio Suarez C Rafael Flores Jr. OF JJ Bleday OF Esmerlyn Valdez OF Noelvi Marte P Zack Wheeler P Jose Soriano SS Elly De La Cruz,,,
1904,5210764843,Sammy.Boy (3/20),0,69.9,1B Spencer Horwitz 2B Luis Arraez 3B Bryson Stott C J.T. Realmuto OF Kyle Schwarber OF Esmerlyn Valdez OF Brandon Marsh P Zack Wheeler P Cade Cavalli SS Jared Triolo,,,
1904,5211018272,rsumrall (16/20),0,69.9,1B Abimelec Ortiz 2B Jose Tena 3B Alec Bohm C J.T. Realmuto OF Kyle Schwarber OF Bryce Harper OF Esmerlyn Valdez P Zack Wheeler P Cade Cavalli SS Trea Turner,,,
1904,5211042633,thundrenterprises (1/20),0,69.9,1B Abimelec Ortiz 2B Luis Arraez 3B Bryson Stott C J.T. Realmuto OF Bryce Harper OF Esmerlyn Valdez OF Jake Mangum P Zack Wheeler P Cade Cavalli SS Trea Turner,,,
1904,5211095023,SpeedRacer101 (14/20),0,69.9,1B Alec Bohm 2B Luis Arraez 3B Jorge Polanco C J.T. Realmuto OF Kyle Schwarber OF Esmerlyn Valdez OF Carson Benge P Zack Wheeler P Cade Cavalli SS Trea Turner,,,
1904,5211163973,blnielson63,0,69.9,1B Spencer Horwitz 2B Brandon Lowe 3B Alec Bohm C J.T. Realmuto OF Bryan Reynolds OF Esmerlyn Valdez OF Ronny Simon P Zack Wheeler P Cade Cavalli SS Trea Turner,,,
1904,5211241426,vincentpitz,0,69.9,1B Spencer Horwitz 2B Luis Arraez 3B Bo Bichette C J.T. Realmuto OF JJ Bleday OF Esmerlyn Valdez OF Brandon Marsh P Zack Wheeler P Cade Cavalli SS Francisco Lindor,,,
1904,5211291571,showbizliz,0,69.9,1B Alec Bohm 2B Bryson Stott 3B Jorge Polanco C J.T. Realmuto OF Bryan Reynolds OF Dylan Crews OF JJ Bleday P Zack Wheeler P Cade Cavalli SS Elly De La Cruz,,,
1911,5210879085,dz2014,0,69.75,1B Alec Bohm 2B Nasim Nunez 3B Nick Gonzales C Harry Ford OF Bryan Reynolds OF Daylen Lile OF JJ Bleday P Zack Wheeler P Carmen Mlodzinski SS Trea Turner,,,
1911,5210936120,whoshotthefrog (3/4),0,69.75,1B Sal Stewart 2B Brandon Lowe 3B Josh Smith C Harry Ford OF Bryan Reynolds OF Dylan Crews OF Hector Rodriguez P Zack Wheeler P Carmen Mlodzinski SS Trea Turner,,,
1911,5211091974,MrBudweiser64,0,69.75,1B Bryce Harper 2B Brandon Lowe 3B Nick Gonzales C J.T. Realmuto OF Kyle Schwarber OF Brandon Marsh OF Justin Crawford P Zack Wheeler P Carmen Mlodzinski SS Jared Triolo,,,
1914,5211341041,blacklabelkk,0,69.6,1B Bryce Harper 2B Luis Arraez 3B Brady House C Tyler Stephenson OF Kyle Schwarber OF Daylen Lile OF JJ Bleday P Zac Thornton P Carmen Mlodzinski SS CJ Abrams,,,
1915,5210926903,snowyoo,0,69.45,1B Bryce Harper 2B Marcus Semien 3B Alec Bohm C Francisco Alvarez OF Kyle Schwarber OF Luis Robert Jr. OF Bryan De La Cruz P Zack Wheeler P Zac Thornton SS Trea Turner,,,
1915,5210938756,jw1984 (6/15),0,69.45,1B Alec Bohm 2B Bryson Stott 3B Eugenio Suarez C Tyler Stephenson OF Kyle Schwarber OF JJ Bleday OF Noelvi Marte P Zack Wheeler P Zac Thornton SS Trea Turner,,,
1915,5210948962,ttillie (1/20),0,69.45,1B Abimelec Ortiz 2B Jorge Polanco 3B Brady House C Tyler Stephenson OF Kyle Schwarber OF JJ Bleday OF A.J. Ewing P Zack Wheeler P Zac Thornton SS CJ Abrams,,,
1915,5211069284,Jackiethepig515,0,69.45,1B Sal Stewart 2B Nasim Nunez 3B Bo Bichette C Tyler Stephenson OF Bryce Harper OF Esmerlyn Valdez OF Noelvi Marte P Zack Wheeler P Zac Thornton SS Francisco Lindor,,,
1915,5211211224,darrylposton (1/20),0,69.45,1B Sal Stewart 2B Jose Tena 3B Eugenio Suarez C Tyler Stephenson OF Bryce Harper OF JJ Bleday OF Hector Rodriguez P Zack Wheeler P Zac Thornton SS CJ Abrams,,,
1915,5211244224,cachedinar (6/20),0,69.45,1B Alec Bohm 2B Luis Arraez 3B Eugenio Suarez C Tyler Stephenson OF Dylan Crews OF JJ Bleday OF Hector Rodriguez P Zack Wheeler P Zac Thornton SS Elly De La Cruz,,,
1915,5211306040,stealcurtainsmacs,0,69.45,1B Kazuma Okamoto 2B Nasim Nunez 3B Nick Gonzales C J.T. Realmuto OF Kyle Schwarber OF Esmerlyn Valdez OF Jacob Young P Zack Wheeler P Zac Thornton SS Francisco Lindor,,,
1915,5211339439,Steven_1974 (13/20),0,69.45,1B Sal Stewart 2B Nasim Nunez 3B Eugenio Suarez C Harry Ford OF Dylan Crews OF Jacob Young OF Hector Rodriguez P Zack Wheeler P Zac Thornton SS CJ Abrams,,,
1923,5210880001,wallstruss (10/17),0,69.4,1B Abimelec Ortiz 2B Nasim Nunez 3B Ernie Clement C Alejandro Kirk OF George Springer OF Jacob Young OF Nathan Lukes P Jose Soriano P Cade Cavalli SS CJ Abrams,,,
1924,5210895141,woodjoe2 (1/2),0,69.25,1B Bryce Harper 2B Nasim Nunez 3B Eugenio Suarez C J.T. Realmuto OF Kyle Schwarber OF Bryan Reynolds OF Justin Crawford P Jose Soriano P Carmen Mlodzinski SS CJ Abrams,,,
1924,5211352289,QSon1981 (2/3),0,69.25,1B Sal Stewart 2B Brandon Lowe 3B Jared Triolo C Tyler Stephenson OF Dylan Crews OF Daylen Lile OF Nathan Lukes P Jose Soriano P Carmen Mlodzinski SS Andres Gimenez,,,
1926,5210860956,brandonwalsh80,0,69.1,1B Jared Young 2B Brandon Lowe 3B Jorge Polanco C Tyler Stephenson OF JJ Bleday OF Carson Benge OF Brett Baty P Zack Wheeler P Jose Soriano SS Elly De La Cruz,,,
1926,5210972980,jimbo484848,0,69.1,1B Jared Young 2B Jorge Polanco 3B Brady House C Tyler Stephenson OF Kyle Schwarber OF Bryce Harper OF Carson Benge P Zack Wheeler P Jose Soriano SS Trea Turner,,,
1926,5210996690,LTskelter (9/20),0,69.1,1B Sal Stewart 2B Brandon Lowe 3B Nick Gonzales C Tyler Stephenson OF JJ Bleday OF Hector Rodriguez OF Ronny Simon P Zack Wheeler P Jose Soriano SS Elly De La Cruz,,,
1926,5211093031,lsulunatik (1/18),0,69.1,1B Abimelec Ortiz 2B Nasim Nunez 3B Eugenio Suarez C Tyler Stephenson OF JJ Bleday OF Matt McLain OF Noelvi Marte P Zack Wheeler P Jose Soriano SS CJ Abrams,,,
1926,5211193693,smithcj16 (1/20),0,69.1,1B Sal Stewart 2B Brandon Lowe 3B Jorge Polanco C Tyler Stephenson OF JJ Bleday OF Matt McLain OF Ronny Simon P Zack Wheeler P Jose Soriano SS Andres Gimenez,,,
1926,5211233566,sportsfan14 (6/20),0,69.1,1B Sal Stewart 2B Nasim Nunez 3B Eugenio Suarez C Harry Ford OF JJ Bleday OF Noelvi Marte OF Hector Rodriguez P Zack Wheeler P Jose Soriano SS CJ Abrams,,,
1926,5211257735,jsamtoy (12/20),0,69.1,1B Sal Stewart 2B Nick Gonzales 3B Eugenio Suarez C Tyler Stephenson OF Bryan Reynolds OF Noelvi Marte OF Hector Rodriguez P Zack Wheeler P Jose Soriano SS CJ Abrams,,,
1933,5210681896,kidshabadu (1/2),0,68.9,1B Jared Young 2B Luis Arraez 3B Bo Bichette C Endy Rodriguez OF JJ Bleday OF Esmerlyn Valdez OF Brandon Marsh P Zack Wheeler P Cade Cavalli SS Francisco Lindor,,,
1933,5210681963,kidshabadu (2/2),0,68.9,1B Jared Young 2B Luis Arraez 3B Bo Bichette C Endy Rodriguez OF JJ Bleday OF Esmerlyn Valdez OF Brandon Marsh P Zack Wheeler P Cade Cavalli SS Francisco Lindor,,,
1933,5210928109,whoisjohngalt420 (4/20),0,68.9,1B Abimelec Ortiz 2B Jose Tena 3B Brady House C J.T. Realmuto OF Bryce Harper OF Dylan Crews OF Brandon Marsh P Zack Wheeler P Cade Cavalli SS CJ Abrams,,,
1933,5210976377,TY54321 (1/5),0,68.9,1B Abimelec Ortiz 2B Jorge Polanco 3B Bryson Stott C J.T. Realmuto OF Kyle Schwarber OF Bryce Harper OF Esmerlyn Valdez P Zack Wheeler P Cade Cavalli SS Trea Turner,,,
1933,5210987760,leo888,0,68.9,1B Abimelec Ortiz 2B Nick Gonzales 3B Brady House C Rafael Flores Jr. OF Bryan Reynolds OF Dylan Crews OF Jacob Young P Zack Wheeler P Cade Cavalli SS CJ Abrams,,,
1933,5211042645,thundrenterprises (13/20),0,68.9,1B Abimelec Ortiz 2B Nasim Nunez 3B Bryson Stott C Harry Ford OF Kyle Schwarber OF Dylan Crews OF Jacob Young P Zack Wheeler P Cade Cavalli SS Trea Turner,,,
1933,5211084115,jrancor22,0,68.9,1B Abimelec Ortiz 2B Luis Arraez 3B Brady House C J.T. Realmuto OF Bryce Harper OF Brandon Marsh OF Jacob Young P Zack Wheeler P Cade Cavalli SS CJ Abrams,,,
1933,5211222429,ncrnv (1/2),0,68.9,1B Sal Stewart 2B Brandon Lowe 3B Bryson Stott C Tyler Stephenson OF JJ Bleday OF Brandon Marsh OF Matt McLain P Zack Wheeler P Cade Cavalli SS Nasim Nunez,,,
1933,5211222963,ncrnv (2/2),0,68.9,1B Sal Stewart 2B Brandon Lowe 3B Bryson Stott C Tyler Stephenson OF JJ Bleday OF Brandon Marsh OF Matt McLain P Zack Wheeler P Cade Cavalli SS Nasim Nunez,,,
1933,5211232340,Coheed561 (1/2),0,68.9,1B Alec Bohm 2B Nasim Nunez 3B Bryson Stott C Harry Ford OF Dylan Crews OF Esmerlyn Valdez OF Brandon Marsh P Zack Wheeler P Cade Cavalli SS Trea Turner,,,
1933,5211237182,Coheed561 (2/2),0,68.9,1B Alec Bohm 2B Nasim Nunez 3B Bryson Stott C Harry Ford OF Dylan Crews OF Esmerlyn Valdez OF Brandon Marsh P Zack Wheeler P Cade Cavalli SS Trea Turner,,,
1933,5211294960,Mige1 (11/20),0,68.9,1B Abimelec Ortiz 2B Luis Arraez 3B Nick Gonzales C J.T. Realmuto OF Kyle Schwarber OF Esmerlyn Valdez OF Brandon Marsh P Zack Wheeler P Cade Cavalli SS Trea Turner,,,
1945,5211327140,drunkonpappy (10/20),0,68.75,1B Sal Stewart 2B Matt McLain 3B Eugenio Suarez C J.T. Realmuto OF Kyle Schwarber OF Noelvi Marte OF Hector Rodriguez P Zack Wheeler P Chase Petty SS Trea Turner,,,
1946,5210839018,LOCNOTM (4/20),0,68.45,1B Sal Stewart 2B Nasim Nunez 3B Brady House C Tyler Stephenson OF Bryce Harper OF JJ Bleday OF Hector Rodriguez P Zack Wheeler P Zac Thornton SS Elly De La Cruz,,,
1946,5211018261,rsumrall (5/20),0,68.45,1B Alec Bohm 2B Luis Arraez 3B Eugenio Suarez C Tyler Stephenson OF Bryce Harper OF JJ Bleday OF Brandon Marsh P Zack Wheeler P Zac Thornton SS Trea Turner,,,
1946,5211113429,austin60915 (7/20),0,68.45,1B Sal Stewart 2B Jose Tena 3B Eugenio Suarez C Tyler Stephenson OF Kyle Schwarber OF Brandon Marsh OF Hector Rodriguez P Zack Wheeler P Zac Thornton SS CJ Abrams,,,
1946,5211163771,Gezzy38,0,68.45,1B Abimelec Ortiz 2B Luis Arraez 3B Bo Bichette C J.T. Realmuto OF Kyle Schwarber OF Esmerlyn Valdez OF Carson Benge P Zack Wheeler P Zac Thornton SS Trea Turner,,,
1946,5211178759,Enforcers (2/2),0,68.45,1B Sal Stewart 2B Luis Arraez 3B Ernie Clement C Tyler Stephenson OF Esmerlyn Valdez OF A.J. Ewing OF Jesus Sanchez P Zack Wheeler P Zac Thornton SS CJ Abrams,,,
1946,5211273139,shanemoore27 (19/20),0,68.45,1B Sal Stewart 2B Luis Arraez 3B Eugenio Suarez C Tyler Stephenson OF Bryce Harper OF JJ Bleday OF Noelvi Marte P Zack Wheeler P Zac Thornton SS Trea Turner,,,
1946,5211294957,Mige1 (8/20),0,68.45,1B Sal Stewart 2B Jose Tena 3B Brady House C Tyler Stephenson OF Kyle Schwarber OF JJ Bleday OF Hector Rodriguez P Zack Wheeler P Zac Thornton SS Elly De La Cruz,,,
1946,5211339441,Steven_1974 (15/20),0,68.45,1B Alec Bohm 2B Luis Arraez 3B Eugenio Suarez C Tyler Stephenson OF Bryce Harper OF JJ Bleday OF Brandon Marsh P Zack Wheeler P Zac Thornton SS Trea Turner,,,
1954,5211151959,bcox,0,68.25,1B Sal Stewart 2B Matt McLain 3B Nick Gonzales C Tyler Stephenson OF Kyle Schwarber OF Bryan Reynolds OF JJ Bleday P Jose Soriano P Carmen Mlodzinski SS Elly De La Cruz,,,
1955,5210894790,AlmightyZoe,0,68.1,1B Jared Young 2B Ernie Clement 3B Brady House C Luis Torrens OF Bryan Reynolds OF JJ Bleday OF Carson Benge P Zack Wheeler P Jose Soriano SS CJ Abrams,,,
1955,5210904852,backstage377,0,68.1,1B Jared Young 2B Nick Gonzales 3B Bo Bichette C Tyler Stephenson OF Carson Benge OF Jake Mangum OF Jacob Young P Zack Wheeler P Jose Soriano SS CJ Abrams,,,
1955,5211109736,LIVING-LEGENDS,0,68.1,1B Sal Stewart 2B Luis Arraez 3B Kazuma Okamoto C Luis Torrens OF Bryce Harper OF Jacob Young OF Jesus Sanchez P Zack Wheeler P Jose Soriano SS Francisco Lindor,,,
1955,5211280949,pat_the_hat2 (18/20),0,68.1,1B Jared Young 2B Brandon Lowe 3B Jorge Polanco C Rafael Flores Jr. OF Bryan Reynolds OF Esmerlyn Valdez OF Jake Mangum P Zack Wheeler P Jose Soriano SS Francisco Lindor,,,
1955,5211338738,reycito21 (3/4),0,68.1,1B Sal Stewart 2B Nasim Nunez 3B Brady House C Tyler Stephenson OF JJ Bleday OF Esmerlyn Valdez OF A.J. Ewing P Zack Wheeler P Jose Soriano SS Francisco Lindor,,,
1955,5211355454,BadMOFO55,0,68.1,1B Abimelec Ortiz 2B Nasim Nunez 3B Brady House C Tyler Stephenson OF Kyle Schwarber OF Daylen Lile OF Hector Rodriguez P Zack Wheeler P Jose Soriano SS CJ Abrams,,,
1961,5211295342,mznicoletti85 (1/2),0,68.05,1B Jared Young 2B Luis Arraez 3B Bryson Stott C Luis Torrens OF Kyle Schwarber OF Bryce Harper OF Bryan Reynolds P Cade Cavalli P Carmen Mlodzinski SS CJ Abrams,,,
1961,5211295343,mznicoletti85 (2/2),0,68.05,1B Jared Young 2B Luis Arraez 3B Bryson Stott C Luis Torrens OF Kyle Schwarber OF Bryce Harper OF Bryan Reynolds P Cade Cavalli P Carmen Mlodzinski SS CJ Abrams,,,
1963,5210896909,guzman58 (2/2),0,67.95,1B Sal Stewart 2B Luis Arraez 3B Ernie Clement C Luis Torrens OF Bryce Harper OF Bryan Reynolds OF Brandon Marsh P Jose Soriano P Zac Thornton SS CJ Abrams,,,
1964,5211037421,bloylo,0,67.9,1B Kazuma Okamoto 2B Luis Arraez 3B Bo Bichette C Tyler Stephenson OF JJ Bleday OF Esmerlyn Valdez OF A.J. Ewing P Zack Wheeler P Cade Cavalli SS Trea Turner,,,
1964,5211095011,SpeedRacer101 (2/20),0,67.9,1B Bryce Harper 2B Luis Arraez 3B Alec Bohm C J.T. Realmuto OF Dylan Crews OF Esmerlyn Valdez OF Ronny Simon P Zack Wheeler P Cade Cavalli SS Trea Turner,,,
1964,5211171711,hoppinball26 (3/7),0,67.9,1B Spencer Horwitz 2B Nasim Nunez 3B Nick Gonzales C Rafael Flores Jr. OF Bryan Reynolds OF Esmerlyn Valdez OF Brett Baty P Zack Wheeler P Cade Cavalli SS Trea Turner,,,
1964,5211218651,eharig09 (15/20),0,67.9,1B Alec Bohm 2B Ernie Clement 3B Brady House C J.T. Realmuto OF Kyle Schwarber OF George Springer OF Brandon Marsh P Zack Wheeler P Cade Cavalli SS Trea Turner,,,
1964,5211310331,whitedog22,0,67.9,1B Kazuma Okamoto 2B Bryson Stott 3B Nick Gonzales C Alejandro Kirk OF Kyle Schwarber OF Esmerlyn Valdez OF Brandon Marsh P Zack Wheeler P Cade Cavalli SS Nasim Nunez,,,
1964,5211312709,johnne28,0,67.9,1B Sal Stewart 2B Luis Arraez 3B Alec Bohm C Tyler Stephenson OF JJ Bleday OF George Springer OF Carson Benge P Zack Wheeler P Cade Cavalli SS Trea Turner,,,
1970,5211177579,bdbr,0,67.75,1B Sal Stewart 2B Marcus Semien 3B Bryson Stott C Tyler Stephenson OF Bryce Harper OF JJ Bleday OF Jacob Young P Zack Wheeler P Chase Petty SS Elly De La Cruz,,,
1970,5211284617,mikeysikfuk1,0,67.75,1B Bryce Harper 2B Luis Arraez 3B Bryson Stott C Tyler Stephenson OF JJ Bleday OF Brandon Marsh OF Matt McLain P Zack Wheeler P Carmen Mlodzinski SS Elly De La Cruz,,,
1972,5210839021,LOCNOTM (7/20),0,67.45,1B Sal Stewart 2B Brett Baty 3B Bryson Stott C Tyler Stephenson OF Kyle Schwarber OF JJ Bleday OF Hector Rodriguez P Zack Wheeler P Zac Thornton SS Elly De La Cruz,,,
1972,5211095013,SpeedRacer101 (4/20),0,67.45,1B Sal Stewart 2B Jorge Polanco 3B Eugenio Suarez C Tyler Stephenson OF Bryce Harper OF JJ Bleday OF Noelvi Marte P Zack Wheeler P Zac Thornton SS CJ Abrams,,,
1972,5211225240,free.pete.rose.14 (1/2),0,67.45,1B Sal Stewart 2B Brett Baty 3B Alec Bohm C Tyler Stephenson OF Kyle Schwarber OF Brandon Marsh OF Hector Rodriguez P Zack Wheeler P Zac Thornton SS Elly De La Cruz,,,
1975,5210619198,melvincali (16/20),0,67.4,1B Kazuma Okamoto 2B Ernie Clement 3B Bo Bichette C Alejandro Kirk OF Esmerlyn Valdez OF George Springer OF Jesus Sanchez P Jose Soriano P Cade Cavalli SS CJ Abrams,,,
1975,5211193710,smithcj16 (18/20),0,67.4,1B Alec Bohm 2B Luis Arraez 3B Kazuma Okamoto C Alejandro Kirk OF Kyle Schwarber OF George Springer OF Brandon Marsh P Jose Soriano P Cade Cavalli SS Trea Turner,,,
1977,5211138062,Base77,0,67.25,1B Andres Chaparro 2B Nick Gonzales 3B Kazuma Okamoto C Harry Ford OF Daylen Lile OF Esmerlyn Valdez OF Jacob Young P Jose Soriano P Carmen Mlodzinski SS CJ Abrams,,,
1978,5211080160,pthorpe25 (2/5),0,67.1,1B Abimelec Ortiz 2B Jose Tena 3B Jorge Polanco C Tyler Stephenson OF Bryan Reynolds OF Daylen Lile OF Jacob Young P Zack Wheeler P Jose Soriano SS CJ Abrams,,,
1978,5211244231,cachedinar (13/20),0,67.1,1B Sal Stewart 2B Jorge Polanco 3B Ke'Bryan Hayes C Tyler Stephenson OF Dylan Crews OF Daylen Lile OF JJ Bleday P Zack Wheeler P Jose Soriano SS Elly De La Cruz,,,
1978,5211327143,drunkonpappy (13/20),0,67.1,1B Sal Stewart 2B Marcus Semien 3B Eugenio Suarez C Tyler Stephenson OF JJ Bleday OF Esmerlyn Valdez OF Hector Rodriguez P Zack Wheeler P Jose Soriano SS CJ Abrams,,,
1978,5211338517,reikojohns1,0,67.1,1B Sal Stewart 2B Nick Gonzales 3B Bo Bichette C Tyler Stephenson OF Matt McLain OF Brett Baty OF Noelvi Marte P Zack Wheeler P Jose Soriano SS CJ Abrams,,,
1978,5211344494,fantasysuperstar (6/20),0,67.1,1B Sal Stewart 2B Nasim Nunez 3B Eugenio Suarez C Tyler Stephenson OF JJ Bleday OF Esmerlyn Valdez OF Ronny Simon P Zack Wheeler P Jose Soriano SS Elly De La Cruz,,,
1983,5211306043,skizex (2/2),0,67.05,1B Bryce Harper 2B Brandon Lowe 3B Ernie Clement C Harry Ford OF Kyle Schwarber OF Jacob Young OF Brett Baty P Cade Cavalli P Carmen Mlodzinski SS CJ Abrams,,,
1984,5210707188,realtoray,0,66.9,1B Sal Stewart 2B Luis Arraez 3B Alec Bohm C J.T. Realmuto OF Dylan Crews OF Brandon Marsh OF Matt McLain P Zack Wheeler P Cade Cavalli SS Trea Turner,,,
1984,5211007697,Albqhokie,0,66.9,1B Abimelec Ortiz 2B Nasim Nunez 3B Brady House C Tyler Stephenson OF Kyle Schwarber OF Bryce Harper OF Hector Rodriguez P Zack Wheeler P Cade Cavalli SS CJ Abrams,,,
1984,5211116364,underdogz2K15,0,66.9,1B Abimelec Ortiz 2B Jose Tena 3B Jorge Polanco C Luis Torrens OF Kyle Schwarber OF Esmerlyn Valdez OF Brandon Marsh P Zack Wheeler P Cade Cavalli SS CJ Abrams,,,
1984,5211143408,Dubbzz (9/20),0,66.9,1B Abimelec Ortiz 2B Jose Tena 3B Jared Triolo C Rafael Flores Jr. OF Kyle Schwarber OF Dylan Crews OF Esmerlyn Valdez P Zack Wheeler P Cade Cavalli SS CJ Abrams,,,
1984,5211218640,eharig09 (4/20),0,66.9,1B Abimelec Ortiz 2B Luis Arraez 3B Alec Bohm C J.T. Realmuto OF Dylan Crews OF Brandon Marsh OF Justin Crawford P Zack Wheeler P Cade Cavalli SS CJ Abrams,,,
1984,5211261060,jdwilliams1911,0,66.9,1B Spencer Horwitz 2B Nasim Nunez 3B Bo Bichette C J.T. Realmuto OF Kyle Schwarber OF Luis Robert Jr. OF Justin Crawford P Zack Wheeler P Cade Cavalli SS Trea Turner,,,
1984,5211193699,smithcj16 (7/20),0,66.899994,1B Bryce Harper 2B Marcus Semien 3B Jorge Polanco C Tyler Stephenson OF Kyle Schwarber OF Carson Benge OF Brett Baty P Carmen Mlodzinski P Chase Petty SS Francisco Lindor,,,
1991,5211112757,RedDevil7,0,66.75,1B Sal Stewart 2B Luis Arraez 3B Jared Triolo C Luis Torrens OF Dylan Crews OF Daylen Lile OF Esmerlyn Valdez P Zack Wheeler P Carmen Mlodzinski SS Elly De La Cruz,,,
1991,5211319766,Gashouse3501,0,66.75,1B Bryce Harper 2B Luis Arraez 3B Bryson Stott C J.T. Realmuto OF Carson Benge OF Jacob Young OF Justin Crawford P Zack Wheeler P Carmen Mlodzinski SS CJ Abrams,,,
1993,5210769903,stock2mail (9/20),0,66.45,1B Sal Stewart 2B Nasim Nunez 3B Brady House C Tyler Stephenson OF Dylan Crews OF Daylen Lile OF Hector Rodriguez P Zack Wheeler P Zac Thornton SS CJ Abrams,,,
1993,5210928121,whoisjohngalt420 (16/20),0,66.45,1B Sal Stewart 2B Luis Arraez 3B Ke'Bryan Hayes C J.T. Realmuto OF Kyle Schwarber OF JJ Bleday OF Hector Rodriguez P Zack Wheeler P Zac Thornton SS Elly De La Cruz,,,
1993,5211073090,kreller17 (7/20),0,66.45,1B Sal Stewart 2B Jose Tena 3B Eugenio Suarez C Tyler Stephenson OF Jacob Young OF Noelvi Marte OF Hector Rodriguez P Zack Wheeler P Zac Thornton SS CJ Abrams,,,
1993,5211250925,sdub314,0,66.45,1B Kazuma Okamoto 2B Ernie Clement 3B Jared Triolo C J.T. Realmuto OF Kyle Schwarber OF Bryce Harper OF Hector Rodriguez P Zack Wheeler P Zac Thornton SS CJ Abrams,,,
1993,5211318969,tuewd,0,66.45,1B Bryce Harper 2B Brett Baty 3B Bo Bichette C Tyler Stephenson OF Kyle Schwarber OF JJ Bleday OF Jesus Sanchez P Zack Wheeler P Zac Thornton SS Trea Turner,,,
1998,5211130476,mrbig91,0,66.4,1B Sal Stewart 2B Luis Arraez 3B Kazuma Okamoto C Alejandro Kirk OF Bryce Harper OF Bryan Reynolds OF Esmerlyn Valdez P Jose Soriano P Cade Cavalli SS Trea Turner,,,
1999,5211122941,SaucyJack1001 (2/4),0,66.1,1B Sal Stewart 2B Brandon Lowe 3B Ernie Clement C Luis Torrens OF Brandon Marsh OF Brett Baty OF Noelvi Marte P Zack Wheeler P Jose Soriano SS Elly De La Cruz,,,
2000,5210997562,chrispy2005 (20/20),0,66.05,1B Bryce Harper 2B Luis Arraez 3B Alec Bohm C Alejandro Kirk OF Kyle Schwarber OF George Springer OF Jesus Sanchez P Cade Cavalli P Carmen Mlodzinski SS Trea Turner,,,
2000,5211140981,gromeo110,0,66.05,1B Alec Bohm 2B Luis Arraez 3B Bryson Stott C Harry Ford OF Kyle Schwarber OF Bryan Reynolds OF Esmerlyn Valdez P Cade Cavalli P Carmen Mlodzinski SS CJ Abrams,,,
2000,5211330349,bobbyf,0,66.05,1B Kazuma Okamoto 2B Nasim Nunez 3B Alec Bohm C J.T. Realmuto OF Kyle Schwarber OF Bryce Harper OF Bryan Reynolds P Cade Cavalli P Carmen Mlodzinski SS Elly De La Cruz,,,
2003,5210839020,LOCNOTM (6/20),0,65.9,1B Abimelec Ortiz 2B Luis Arraez 3B Bryson Stott C J.T. Realmuto OF Bryce Harper OF Dylan Crews OF Jake Mangum P Zack Wheeler P Cade Cavalli SS Trea Turner,,,
2003,5210839028,LOCNOTM (14/20),0,65.9,1B Spencer Horwitz 2B Luis Arraez 3B Alec Bohm C J.T. Realmuto OF Kyle Schwarber OF Esmerlyn Valdez OF Ronny Simon P Zack Wheeler P Cade Cavalli SS Trea Turner,,,
2003,5210954236,Nchiulli,0,65.9,1B Alec Bohm 2B Luis Arraez 3B Bryson Stott C Keibert Ruiz OF Carson Benge OF Jacob Young OF Luis Robert Jr. P Zack Wheeler P Cade Cavalli SS CJ Abrams,,,
2003,5211202803,Dmerkel1980,0,65.9,1B Bryce Harper 2B Luis Arraez 3B Alec Bohm C Tyler Stephenson OF Kyle Schwarber OF Jacob Young OF Hector Rodriguez P Zack Wheeler P Cade Cavalli SS Trea Turner,,,
2003,5211345174,jnwallen (17/20),0,65.9,1B Abimelec Ortiz 2B Brandon Lowe 3B Brady House C Rafael Flores Jr. OF Esmerlyn Valdez OF Jake Mangum OF Jacob Young P Zack Wheeler P Cade Cavalli SS CJ Abrams,,,
2008,5210874418,warrior1354 (1/2),0,65.75,1B Sal Stewart 2B Luis Arraez 3B Ernie Clement C J.T. Realmuto OF Bryan Reynolds OF JJ Bleday OF Brandon Marsh P Cade Cavalli P Zac Thornton SS CJ Abrams,,,
2008,5210995824,bucs65,0,65.75,1B Abimelec Ortiz 2B Nasim Nunez 3B Nick Gonzales C Rafael Flores Jr. OF Bryce Harper OF Daylen Lile OF Esmerlyn Valdez P Zack Wheeler P Carmen Mlodzinski SS CJ Abrams,,,
2008,5211008614,SMITTOFF11 (1/5),0,65.75,1B Kazuma Okamoto 2B Bryson Stott 3B Alec Bohm C Endy Rodriguez OF Bryce Harper OF Brandon Marsh OF Matt McLain P Zack Wheeler P Carmen Mlodzinski SS Elly De La Cruz,,,
2008,5211109759,JLJ6969,0,65.75,1B Bryce Harper 2B Nick Gonzales 3B Bryson Stott C Alejandro Kirk OF Kyle Schwarber OF Carson Benge OF Brett Baty P Zack Wheeler P Carmen Mlodzinski SS Trea Turner,,,
2008,5211109819,richalanen,0,65.75,1B Bryce Harper 2B Nick Gonzales 3B Bryson Stott C Rafael Flores Jr. OF Kyle Schwarber OF JJ Bleday OF Nathan Lukes P Zack Wheeler P Carmen Mlodzinski SS Jared Triolo,,,
2008,5211193697,smithcj16 (5/20),0,65.75,1B Sal Stewart 2B Brandon Lowe 3B Alec Bohm C Tyler Stephenson OF Kyle Schwarber OF JJ Bleday OF Brandon Marsh P Cade Cavalli P Zac Thornton SS Trea Turner,,,
2008,5211268390,mrclean913 (16/20),0,65.75,1B Spencer Horwitz 2B Nick Gonzales 3B Eugenio Suarez C Tyler Stephenson OF Bryan Reynolds OF Esmerlyn Valdez OF Jake Mangum P Zack Wheeler P Carmen Mlodzinski SS Elly De La Cruz,,,
2008,5211327149,drunkonpappy (19/20),0,65.75,1B Sal Stewart 2B Bryson Stott 3B Eugenio Suarez C Tyler Stephenson OF Kyle Schwarber OF Esmerlyn Valdez OF Noelvi Marte P Zack Wheeler P Chase Petty SS Elly De La Cruz,,,
2008,5211330307,KimcheeHustle,0,65.75,1B Spencer Horwitz 2B Bryson Stott 3B Alec Bohm C Rafael Flores Jr. OF Kyle Schwarber OF Daylen Lile OF Ronny Simon P Zack Wheeler P Carmen Mlodzinski SS CJ Abrams,,,
2017,5211237716,hsojsenoj (3/4),0,65.6,1B Alec Bohm 2B Nasim Nunez 3B Eugenio Suarez C Harry Ford OF Kyle Schwarber OF Bryan Reynolds OF JJ Bleday P Zac Thornton P Carmen Mlodzinski SS CJ Abrams,,,
2018,5210769909,stock2mail (15/20),0,65.45,1B Sal Stewart 2B Luis Arraez 3B Eugenio Suarez C Tyler Stephenson OF Bryce Harper OF JJ Bleday OF Hector Rodriguez P Zack Wheeler P Zac Thornton SS Trea Turner,,,
2018,5210850728,tbjones2121 (8/20),0,65.45,1B Sal Stewart 2B Nasim Nunez 3B Eugenio Suarez C Tyler Stephenson OF Kyle Schwarber OF Noelvi Marte OF Hector Rodriguez P Zack Wheeler P Zac Thornton SS CJ Abrams,,,
2018,5211042642,thundrenterprises (10/20),0,65.45,1B Sal Stewart 2B Luis Arraez 3B Ke'Bryan Hayes C J.T. Realmuto OF JJ Bleday OF Brandon Marsh OF Hector Rodriguez P Zack Wheeler P Zac Thornton SS Elly De La Cruz,,,
2018,5211120625,gr8coach,0,65.45,1B Sal Stewart 2B Luis Arraez 3B Bryson Stott C Tyler Stephenson OF JJ Bleday OF Brandon Marsh OF Hector Rodriguez P Zack Wheeler P Zac Thornton SS Elly De La Cruz,,,
2018,5211244235,cachedinar (17/20),0,65.45,1B Sal Stewart 2B Luis Arraez 3B Eugenio Suarez C Tyler Stephenson OF Bryce Harper OF JJ Bleday OF Hector Rodriguez P Zack Wheeler P Zac Thornton SS Trea Turner,,,
2018,5211279389,Dilbert29 (18/19),0,65.45,1B Alec Bohm 2B Nasim Nunez 3B Brady House C Harry Ford OF JJ Bleday OF Brandon Marsh OF Jacob Young P Zack Wheeler P Zac Thornton SS CJ Abrams,,,
2018,5211280951,pat_the_hat2 (20/20),0,65.45,1B Abimelec Ortiz 2B Luis Arraez 3B Brady House C J.T. Realmuto OF Kyle Schwarber OF Dylan Crews OF Justin Crawford P Zack Wheeler P Zac Thornton SS Trea Turner,,,
2018,5211321993,KristianFTM (8/20),0,65.45,1B Sal Stewart 2B Nasim Nunez 3B Eugenio Suarez C Tyler Stephenson OF Kyle Schwarber OF Noelvi Marte OF Hector Rodriguez P Zack Wheeler P Zac Thornton SS CJ Abrams,,,
2026,5210769895,stock2mail (1/20),0,65.4,1B Kazuma Okamoto 2B Brandon Lowe 3B Ernie Clement C Alejandro Kirk OF Dylan Crews OF George Springer OF Jesus Sanchez P Jose Soriano P Cade Cavalli SS CJ Abrams,,,
2027,5211345175,jnwallen (18/20),0,65.1,1B Sal Stewart 2B Brandon Lowe 3B Jared Triolo C Tyler Stephenson OF Esmerlyn Valdez OF Jake Mangum OF Hector Rodriguez P Zack Wheeler P Jose Soriano SS Elly De La Cruz,,,
2028,5211112756,Jammarley13 (2/2),0,65.05,1B Spencer Horwitz 2B Brandon Lowe 3B Nick Gonzales C Harry Ford OF Dylan Crews OF Esmerlyn Valdez OF Jake Mangum P Cade Cavalli P Carmen Mlodzinski SS CJ Abrams,,,
2028,5211191805,wittwerjoe (19/20),0,65.049995,1B Bryce Harper 2B Brandon Lowe 3B Jorge Polanco C Tyler Stephenson OF Kyle Schwarber OF Bryan Reynolds OF Jake Mangum P Cade Cavalli P Chase Petty SS CJ Abrams,,,
2030,5210769904,stock2mail (10/20),0,64.9,1B Spencer Horwitz 2B Luis Arraez 3B Alec Bohm C J.T. Realmuto OF Bryan Reynolds OF Jake Mangum OF Brandon Marsh P Zack Wheeler P Cade Cavalli SS Trea Turner,,,
2030,5210893652,az350z (20/20),0,64.9,1B Abimelec Ortiz 2B Nasim Nunez 3B Brady House C Rafael Flores Jr. OF Bryan Reynolds OF Jake Mangum OF Jacob Young P Zack Wheeler P Cade Cavalli SS CJ Abrams,,,
2030,5211081285,FoxyGrandpa252 (13/20),0,64.9,1B Abimelec Ortiz 2B Luis Arraez 3B Bryson Stott C J.T. Realmuto OF Kyle Schwarber OF Esmerlyn Valdez OF Jake Mangum P Zack Wheeler P Cade Cavalli SS Trea Turner,,,
2030,5211221566,kidcook,0,64.9,1B Bryce Harper 2B Luis Arraez 3B Brady House C J.T. Realmuto OF JJ Bleday OF Esmerlyn Valdez OF Jake Mangum P Zack Wheeler P Cade Cavalli SS Nasim Nunez,,,
2034,5210972416,starplay (1/2),0,64.75,1B Spencer Horwitz 2B Luis Arraez 3B Bryson Stott C J.T. Realmuto OF Bryan Reynolds OF Jacob Young OF Matt McLain P Zack Wheeler P Carmen Mlodzinski SS Elly De La Cruz,,,
2034,5211225622,matthewwalsh (19/20),0,64.75,1B Sal Stewart 2B Nick Gonzales 3B Eugenio Suarez C Tyler Stephenson OF Bryan Reynolds OF Esmerlyn Valdez OF Noelvi Marte P Zack Wheeler P Carmen Mlodzinski SS Elly De La Cruz,,,
2034,5211280937,pat_the_hat2 (6/20),0,64.75,1B Sal Stewart 2B Nasim Nunez 3B Eugenio Suarez C Tyler Stephenson OF Dylan Crews OF Daylen Lile OF Hector Rodriguez P Zack Wheeler P Carmen Mlodzinski SS Elly De La Cruz,,,
2037,5211213895,esmith911 (3/5),0,64.6,1B Sal Stewart 2B Marcus Semien 3B Bryson Stott C J.T. Realmuto OF Kyle Schwarber OF Bryce Harper OF JJ Bleday P Zac Thornton P Carmen Mlodzinski SS CJ Abrams,,,
2038,5210839031,LOCNOTM (17/20),0,64.45,1B Sal Stewart 2B Luis Arraez 3B Alec Bohm C Tyler Stephenson OF JJ Bleday OF Brandon Marsh OF Noelvi Marte P Zack Wheeler P Zac Thornton SS Elly De La Cruz,,,
2038,5210927631,bellsofwar3 (11/20),0,64.45,1B Abimelec Ortiz 2B Luis Arraez 3B Eugenio Suarez C Tyler Stephenson OF JJ Bleday OF Noelvi Marte OF Hector Rodriguez P Zack Wheeler P Zac Thornton SS CJ Abrams,,,
2038,5211073101,kreller17 (18/20),0,64.45,1B Sal Stewart 2B Marcus Semien 3B Jorge Polanco C Tyler Stephenson OF JJ Bleday OF Noelvi Marte OF Hector Rodriguez P Zack Wheeler P Zac Thornton SS CJ Abrams,,,
2038,5211268389,mrclean913 (15/20),0,64.45,1B Sal Stewart 2B Luis Arraez 3B Alec Bohm C Tyler Stephenson OF JJ Bleday OF Brandon Marsh OF Noelvi Marte P Zack Wheeler P Zac Thornton SS Elly De La Cruz,,,
2042,5210961887,henry296 (1/20),0,64.4,1B Kazuma Okamoto 2B Brandon Lowe 3B Ernie Clement C Alejandro Kirk OF Bryan Reynolds OF Esmerlyn Valdez OF Jake Mangum P Jose Soriano P Cade Cavalli SS CJ Abrams,,,
2043,5211266791,seth1374 (20/20),0,64.25,1B Spencer Horwitz 2B Brandon Lowe 3B Brady House C Rafael Flores Jr. OF Bryan Reynolds OF Daylen Lile OF Esmerlyn Valdez P Jose Soriano P Carmen Mlodzinski SS CJ Abrams,,,
2043,5211327135,drunkonpappy (5/20),0,64.25,1B Sal Stewart 2B Matt McLain 3B Kazuma Okamoto C Alejandro Kirk OF Jake Mangum OF Noelvi Marte OF Hector Rodriguez P Jose Soriano P Carmen Mlodzinski SS Elly De La Cruz,,,
2045,5210965996,RedRusyn (1/2),0,64.1,1B Sal Stewart 2B Ronny Simon 3B Brady House C Tyler Stephenson OF JJ Bleday OF Carson Benge OF Jake Mangum P Zack Wheeler P Jose Soriano SS CJ Abrams,,,
2045,5211177305,Uncas,0,64.1,1B Sal Stewart 2B Nick Gonzales 3B Ernie Clement C Alejandro Kirk OF Bryan Reynolds OF Carson Benge OF Jake Mangum P Zack Wheeler P Jose Soriano SS Nasim Nunez,,,
2045,5211287018,softballnut,0,64.1,1B Abimelec Ortiz 2B Bryson Stott 3B Nick Gonzales C Tyler Stephenson OF Kyle Schwarber OF Jake Mangum OF Jesus Sanchez P Zack Wheeler P Jose Soriano SS CJ Abrams,,,
2045,5211289037,exjarhead (3/3),0,64.1,1B Sal Stewart 2B Bryson Stott 3B Jorge Polanco C Tyler Stephenson OF JJ Bleday OF Esmerlyn Valdez OF Carson Benge P Zack Wheeler P Jose Soriano SS Francisco Lindor,,,
2049,5211032311,duanebertonallen (1/2),0,64.05,1B Spencer Horwitz 2B Nick Gonzales 3B Brady House C J.T. Realmuto OF Kyle Schwarber OF Bryce Harper OF Jacob Young P Cade Cavalli P Carmen Mlodzinski SS CJ Abrams,,,
2050,5211153468,Satch65 (15/20),0,63.9,1B Abimelec Ortiz 2B Luis Arraez 3B Bryson Stott C J.T. Realmuto OF Bryce Harper OF Dylan Crews OF Esmerlyn Valdez P Zack Wheeler P Cade Cavalli SS Trea Turner,,,
2050,5211177580,hoppinball26 (7/7),0,63.9,1B Abimelec Ortiz 2B Brandon Lowe 3B Brady House C Luis Torrens OF Dylan Crews OF Jake Mangum OF Jacob Young P Zack Wheeler P Cade Cavalli SS CJ Abrams,,,
2050,5211279376,Dilbert29 (5/19),0,63.9,1B Alec Bohm 2B Nasim Nunez 3B Bryson Stott C J.T. Realmuto OF Bryce Harper OF Dylan Crews OF Jake Mangum P Zack Wheeler P Cade Cavalli SS Trea Turner,,,
2053,5211280950,pat_the_hat2 (19/20),0,63.75,1B Spencer Horwitz 2B Ronny Simon 3B Nick Gonzales C J.T. Realmuto OF Kyle Schwarber OF Bryce Harper OF Bryan Reynolds P Zack Wheeler P Carmen Mlodzinski SS Jared Triolo,,,
2053,5211322468,daniel11263,0,63.75,1B Sal Stewart 2B Luis Arraez 3B Nick Gonzales C Tyler Stephenson OF JJ Bleday OF Carson Benge OF Jake Mangum P Zack Wheeler P Chase Petty SS Elly De La Cruz,,,
2053,5211327150,drunkonpappy (20/20),0,63.75,1B Sal Stewart 2B Matt McLain 3B Eugenio Suarez C Tyler Stephenson OF Dylan Crews OF Esmerlyn Valdez OF Jake Mangum P Zack Wheeler P Carmen Mlodzinski SS Elly De La Cruz,,,
2056,5211347763,hatdaddy (14/20),0,63.45,1B Sal Stewart 2B Bryson Stott 3B Alec Bohm C J.T. Realmuto OF Bryce Harper OF JJ Bleday OF Noelvi Marte P Zack Wheeler P Zac Thornton SS Trea Turner,,,
2057,5210850740,tbjones2121 (20/20),0,63.4,1B Spencer Horwitz 2B Brandon Lowe 3B Kazuma Okamoto C Alejandro Kirk OF Dylan Crews OF Esmerlyn Valdez OF Ronny Simon P Jose Soriano P Cade Cavalli SS CJ Abrams,,,
2057,5211046958,hammer224466,0,63.4,1B Kazuma Okamoto 2B Ernie Clement 3B Bo Bichette C Harry Ford OF Bryan Reynolds OF Dylan Crews OF Esmerlyn Valdez P Jose Soriano P Cade Cavalli SS Nasim Nunez,,,
2057,5211296077,awol387 (2/2),0,63.4,1B Kazuma Okamoto 2B Nasim Nunez 3B Brady House C Alejandro Kirk OF Kyle Schwarber OF Dylan Crews OF George Springer P Jose Soriano P Cade Cavalli SS CJ Abrams,,,
2060,5211004883,christiangideon (2/20),0,63.1,1B Abimelec Ortiz 2B Nasim Nunez 3B Eugenio Suarez C Harry Ford OF Dylan Crews OF JJ Bleday OF Hector Rodriguez P Zack Wheeler P Jose Soriano SS CJ Abrams,,,
2060,5211004938,Caramanica,0,63.1,1B Jared Young 2B Bryson Stott 3B Brady House C Tyler Stephenson OF JJ Bleday OF Esmerlyn Valdez OF Carson Benge P Zack Wheeler P Jose Soriano SS CJ Abrams,,,
2060,5211004974,christiangideon (9/20),0,63.1,1B Abimelec Ortiz 2B Nasim Nunez 3B Eugenio Suarez C Harry Ford OF Dylan Crews OF JJ Bleday OF Hector Rodriguez P Zack Wheeler P Jose Soriano SS CJ Abrams,,,
2060,5211006455,christiangideon (16/20),0,63.1,1B Abimelec Ortiz 2B Nasim Nunez 3B Eugenio Suarez C Harry Ford OF Dylan Crews OF JJ Bleday OF Hector Rodriguez P Zack Wheeler P Jose Soriano SS CJ Abrams,,,
2060,5211257739,jsamtoy (16/20),0,63.1,1B Sal Stewart 2B Jorge Polanco 3B Eugenio Suarez C Tyler Stephenson OF JJ Bleday OF Esmerlyn Valdez OF Jake Mangum P Zack Wheeler P Jose Soriano SS Elly De La Cruz,,,
2060,5211317818,Skralph (7/20),0,63.1,1B Sal Stewart 2B Jorge Polanco 3B Eugenio Suarez C Tyler Stephenson OF JJ Bleday OF Esmerlyn Valdez OF Jake Mangum P Zack Wheeler P Jose Soriano SS Elly De La Cruz,,,
2066,5210850733,tbjones2121 (13/20),0,62.9,1B Abimelec Ortiz 2B Jose Tena 3B Brady House C J.T. Realmuto OF Bryan Reynolds OF Dylan Crews OF Esmerlyn Valdez P Zack Wheeler P Cade Cavalli SS CJ Abrams,,,
2066,5210949727,Bad99Jaybird,0,62.9,1B Spencer Horwitz 2B Nasim Nunez 3B Bo Bichette C Tyler Stephenson OF Dylan Crews OF Esmerlyn Valdez OF Brandon Marsh P Zack Wheeler P Cade Cavalli SS Francisco Lindor,,,
2066,5211153472,Satch65 (19/20),0,62.9,1B Abimelec Ortiz 2B Jorge Polanco 3B Brady House C J.T. Realmuto OF Kyle Schwarber OF Esmerlyn Valdez OF Brandon Marsh P Zack Wheeler P Cade Cavalli SS CJ Abrams,,,
2066,5211187972,Birdzofprey15 (2/5),0,62.9,1B Bryce Harper 2B Luis Arraez 3B Jorge Polanco C J.T. Realmuto OF Kyle Schwarber OF Esmerlyn Valdez OF Andrew Pinckney P Zack Wheeler P Cade Cavalli SS Trea Turner,,,
2066,5211187973,Birdzofprey15 (3/5),0,62.9,1B Bryce Harper 2B Luis Arraez 3B Jorge Polanco C J.T. Realmuto OF Kyle Schwarber OF Esmerlyn Valdez OF Andrew Pinckney P Zack Wheeler P Cade Cavalli SS Trea Turner,,,
2066,5211233168,Birdzofprey15 (4/5),0,62.9,1B Bryce Harper 2B Luis Arraez 3B Jorge Polanco C J.T. Realmuto OF Kyle Schwarber OF Esmerlyn Valdez OF Andrew Pinckney P Zack Wheeler P Cade Cavalli SS Trea Turner,,,
2066,5211233169,Birdzofprey15 (5/5),0,62.9,1B Bryce Harper 2B Luis Arraez 3B Jorge Polanco C J.T. Realmuto OF Kyle Schwarber OF Esmerlyn Valdez OF Andrew Pinckney P Zack Wheeler P Cade Cavalli SS Trea Turner,,,
2073,5211241246,Ziggy4111,0,62.75,1B Bryce Harper 2B Nick Gonzales 3B Alec Bohm C J.T. Realmuto OF Kyle Schwarber OF Bryan Reynolds OF George Springer P Zack Wheeler P Carmen Mlodzinski SS Jared Triolo,,,
2073,5211251258,dcrookham,0,62.75,1B Sal Stewart 2B Nick Gonzales 3B Brady House C Tyler Stephenson OF Bryce Harper OF Dylan Crews OF Carson Benge P Zack Wheeler P Carmen Mlodzinski SS Francisco Lindor,,,
2073,5211279382,Dilbert29 (11/19),0,62.75,1B Sal Stewart 2B Brandon Lowe 3B Nick Gonzales C Harry Ford OF Esmerlyn Valdez OF Jake Mangum OF Matt McLain P Zack Wheeler P Carmen Mlodzinski SS Nasim Nunez,,,
2076,5210908680,gregstrohl,0,62.6,1B Sal Stewart 2B Luis Arraez 3B Bryson Stott C Tyler Stephenson OF Kyle Schwarber OF Bryce Harper OF Brandon Marsh P Zac Thornton P Carmen Mlodzinski SS Elly De La Cruz,,,
2077,5210594024,Schoey17 (1/5),0,62.45,1B Sal Stewart 2B Bryson Stott 3B Brady House C Tyler Stephenson OF Dylan Crews OF JJ Bleday OF Hector Rodriguez P Zack Wheeler P Zac Thornton SS Elly De La Cruz,,,
2077,5210839033,LOCNOTM (19/20),0,62.45,1B Sal Stewart 2B Bryson Stott 3B Alec Bohm C Tyler Stephenson OF Dylan Crews OF JJ Bleday OF Noelvi Marte P Zack Wheeler P Zac Thornton SS Elly De La Cruz,,,
2077,5210927629,bellsofwar3 (9/20),0,62.45,1B Abimelec Ortiz 2B Nasim Nunez 3B Eugenio Suarez C Tyler Stephenson OF JJ Bleday OF Noelvi Marte OF Hector Rodriguez P Zack Wheeler P Zac Thornton SS CJ Abrams,,,
2077,5211272253,lenn221 (1/2),0,62.45,1B Bryce Harper 2B Luis Arraez 3B Jorge Polanco C Francisco Alvarez OF Kyle Schwarber OF Brandon Marsh OF Hector Rodriguez P Zack Wheeler P Zac Thornton SS Trea Turner,,,
2077,5211313869,lucathybeast,0,62.45,1B Sal Stewart 2B Luis Arraez 3B Brady House C Tyler Stephenson OF JJ Bleday OF Carson Benge OF Hector Rodriguez P Zack Wheeler P Zac Thornton SS CJ Abrams,,,
2082,5211230331,kozy6813 (12/20),0,62.1,1B Sal Stewart 2B Matt McLain 3B Ke'Bryan Hayes C J.T. Realmuto OF JJ Bleday OF Jacob Young OF Noelvi Marte P Zack Wheeler P Jose Soriano SS CJ Abrams,,,
2082,5211347755,hatdaddy (6/20),0,62.1,1B Sal Stewart 2B Ronny Simon 3B Eugenio Suarez C Tyler Stephenson OF JJ Bleday OF Esmerlyn Valdez OF Noelvi Marte P Zack Wheeler P Jose Soriano SS CJ Abrams,,,
2084,5211191802,wittwerjoe (16/20),0,62.05,1B Sal Stewart 2B Brandon Lowe 3B Jorge Polanco C Rafael Flores Jr. OF Kyle Schwarber OF Bryce Harper OF Jake Mangum P Cade Cavalli P Chase Petty SS CJ Abrams,,,
2085,5211079211,thesportsfan (10/20),0,61.9,1B Abimelec Ortiz 2B Nasim Nunez 3B Brady House C Rafael Flores Jr. OF Bryan Reynolds OF Dylan Crews OF Jake Mangum P Zack Wheeler P Cade Cavalli SS CJ Abrams,,,
2085,5211113423,austin60915 (1/20),0,61.9,1B Spencer Horwitz 2B Nasim Nunez 3B Jared Triolo C Rafael Flores Jr. OF Dylan Crews OF Esmerlyn Valdez OF Jake Mangum P Zack Wheeler P Cade Cavalli SS CJ Abrams,,,
2085,5211218653,eharig09 (17/20),0,61.9,1B Alec Bohm 2B Bryson Stott 3B Kazuma Okamoto C J.T. Realmuto OF Kyle Schwarber OF Dylan Crews OF Jesus Sanchez P Zack Wheeler P Cade Cavalli SS Trea Turner,,,
2085,5211334316,Dreak01,0,61.9,1B Spencer Horwitz 2B Luis Arraez 3B Bo Bichette C J.T. Realmuto OF Esmerlyn Valdez OF Brett Baty OF Noelvi Marte P Zack Wheeler P Cade Cavalli SS CJ Abrams,,,
2085,5211351690,lutzy8314,0,61.9,1B Abimelec Ortiz 2B Luis Arraez 3B Bryson Stott C Tyler Stephenson OF Kyle Schwarber OF Esmerlyn Valdez OF Hector Rodriguez P Zack Wheeler P Cade Cavalli SS CJ Abrams,,,
2090,5210922102,Stree (6/20),0,61.75,1B Spencer Horwitz 2B Luis Arraez 3B Eugenio Suarez C Tyler Stephenson OF Bryce Harper OF JJ Bleday OF Noelvi Marte P Zack Wheeler P Carmen Mlodzinski SS Elly De La Cruz,,,
2090,5211281059,jchancy,0,61.75,1B Bryce Harper 2B Luis Arraez 3B Bo Bichette C J.T. Realmuto OF Jake Mangum OF Brandon Marsh OF Jacob Young P Zack Wheeler P Chase Petty SS Elly De La Cruz,,,
2090,5211291751,ocgreencards,0,61.75,1B Bryce Harper 2B Luis Arraez 3B Bryson Stott C Tyler Stephenson OF Kyle Schwarber OF Bryan Reynolds OF Justin Crawford P Zack Wheeler P Carmen Mlodzinski SS Jared Triolo,,,
2090,5211325573,bearcat_coach (2/2),0,61.75,1B Abimelec Ortiz 2B Bryson Stott 3B Brady House C J.T. Realmuto OF Kyle Schwarber OF Daylen Lile OF Brandon Marsh P Zack Wheeler P Carmen Mlodzinski SS CJ Abrams,,,
2090,5211335279,johnnyp509 (1/3),0,61.75,1B Sal Stewart 2B Luis Arraez 3B Brady House C Tyler Stephenson OF Bryce Harper OF Brandon Marsh OF Justin Crawford P Zack Wheeler P Carmen Mlodzinski SS Elly De La Cruz,,,
2095,5211042647,thundrenterprises (15/20),0,61.45,1B Sal Stewart 2B Luis Arraez 3B Alec Bohm C Tyler Stephenson OF JJ Bleday OF Brandon Marsh OF Hector Rodriguez P Zack Wheeler P Zac Thornton SS Elly De La Cruz,,,
2095,5211086591,macattack3286 (2/2),0,61.45,1B Sal Stewart 2B Nasim Nunez 3B Bo Bichette C J.T. Realmuto OF JJ Bleday OF Carson Benge OF Brandon Marsh P Zack Wheeler P Zac Thornton SS Trea Turner,,,
2097,5211327142,drunkonpappy (12/20),0,61.4,1B Abimelec Ortiz 2B Nasim Nunez 3B Brady House C Alejandro Kirk OF Dylan Crews OF Esmerlyn Valdez OF Jesus Sanchez P Jose Soriano P Cade Cavalli SS CJ Abrams,,,
2098,5211211231,darrylposton (8/20),0,61.1,1B Sal Stewart 2B Jose Tena 3B Brady House C Tyler Stephenson OF JJ Bleday OF Esmerlyn Valdez OF Noelvi Marte P Zack Wheeler P Jose Soriano SS Elly De La Cruz,,,
2098,5211244220,cachedinar (2/20),0,61.1,1B Sal Stewart 2B Nasim Nunez 3B Jared Triolo C Tyler Stephenson OF JJ Bleday OF Jake Mangum OF Noelvi Marte P Zack Wheeler P Jose Soriano SS Elly De La Cruz,,,
2100,5210791551,IrishRedhead20 (2/2),0,60.9,1B Spencer Horwitz 2B Luis Arraez 3B Bryson Stott C J.T. Realmuto OF Dylan Crews OF Jake Mangum OF Brandon Marsh P Zack Wheeler P Cade Cavalli SS Trea Turner,,,
2100,5210829159,nedmartin (1/3),0,60.9,1B Alec Bohm 2B Bryson Stott 3B Brady House C J.T. Realmuto OF Dylan Crews OF Brandon Marsh OF Jacob Young P Zack Wheeler P Cade Cavalli SS CJ Abrams,,,
2100,5211225617,matthewwalsh (14/20),0,60.9,1B Bryce Harper 2B Nasim Nunez 3B Alec Bohm C J.T. Realmuto OF Dylan Crews OF Brandon Marsh OF Jacob Young P Zack Wheeler P Cade Cavalli SS Trea Turner,,,
2100,5211247331,skizex (1/2),0,60.9,1B Alec Bohm 2B Luis Arraez 3B Brady House C J.T. Realmuto OF Esmerlyn Valdez OF Brandon Marsh OF Jacob Young P Zack Wheeler P Cade Cavalli SS CJ Abrams,,,
2104,5210952622,jakeup417 (2/2),0,60.75,1B Sal Stewart 2B Luis Arraez 3B Bryson Stott C J.T. Realmuto OF Carson Benge OF Brandon Marsh OF Matt McLain P Zack Wheeler P Carmen Mlodzinski SS CJ Abrams,,,
2105,5210672480,colonelforbin22,0,60.45,1B Bryce Harper 2B Luis Arraez 3B Bryson Stott C Tyler Stephenson OF Kyle Schwarber OF Jacob Young OF Jhostynxon Garcia P Zack Wheeler P Zac Thornton SS Trea Turner,,,
2105,5210672961,Mella74,0,60.45,1B Kazuma Okamoto 2B Luis Arraez 3B Bryson Stott C Keibert Ruiz OF Esmerlyn Valdez OF Carson Benge OF Bryan De La Cruz P Zack Wheeler P Zac Thornton SS CJ Abrams,,,
2105,5210961905,henry296 (19/20),0,60.45,1B Sal Stewart 2B Luis Arraez 3B Jorge Polanco C Tyler Stephenson OF Kyle Schwarber OF JJ Bleday OF Hector Rodriguez P Zack Wheeler P Zac Thornton SS Elly De La Cruz,,,
2105,5210967027,Caryg07 (7/20),0,60.45,1B Sal Stewart 2B Luis Arraez 3B Eugenio Suarez C Tyler Stephenson OF Kyle Schwarber OF JJ Bleday OF Hector Rodriguez P Zack Wheeler P Zac Thornton SS Trea Turner,,,
2105,5211202482,Antothejet,0,60.45,1B Jared Young 2B Nasim Nunez 3B Ernie Clement C Tyler Stephenson OF Kyle Schwarber OF Bryce Harper OF Hector Rodriguez P Zack Wheeler P Zac Thornton SS CJ Abrams,,,
2105,5211233576,sportsfan14 (16/20),0,60.45,1B Sal Stewart 2B Jose Tena 3B Ke'Bryan Hayes C Tyler Stephenson OF Dylan Crews OF JJ Bleday OF Matt McLain P Zack Wheeler P Zac Thornton SS CJ Abrams,,,
2105,5211266779,seth1374 (8/20),0,60.45,1B Sal Stewart 2B Luis Arraez 3B Eugenio Suarez C Tyler Stephenson OF Kyle Schwarber OF JJ Bleday OF Hector Rodriguez P Zack Wheeler P Zac Thornton SS Trea Turner,,,
2112,5210714640,Schoey17 (4/5),0,60.1,1B Sal Stewart 2B Brandon Lowe 3B Eugenio Suarez C Tyler Stephenson OF JJ Bleday OF Hector Rodriguez OF Ronny Simon P Zack Wheeler P Jose Soriano SS CJ Abrams,,,
2112,5210822183,Abc1289 (4/20),0,60.1,1B Sal Stewart 2B Nasim Nunez 3B Nick Gonzales C Tyler Stephenson OF JJ Bleday OF Jake Mangum OF Hector Rodriguez P Zack Wheeler P Jose Soriano SS Elly De La Cruz,,,
2114,5210948976,ttillie (15/20),0,60.05,1B Abimelec Ortiz 2B Brandon Lowe 3B Brady House C Alejandro Kirk OF Kyle Schwarber OF Bryce Harper OF Esmerlyn Valdez P Cade Cavalli P Carmen Mlodzinski SS CJ Abrams,,,
2115,5210922107,Stree (11/20),0,59.9,1B Abimelec Ortiz 2B Jose Tena 3B Alec Bohm C J.T. Realmuto OF Kyle Schwarber OF Dylan Crews OF Brandon Marsh P Zack Wheeler P Cade Cavalli SS Trea Turner,,,
2115,5211070912,Dhawkins270,0,59.9,1B Kazuma Okamoto 2B Luis Arraez 3B Ernie Clement C J.T. Realmuto OF Bryce Harper OF JJ Bleday OF Brandon Marsh P Zack Wheeler P Cade Cavalli SS Trea Turner,,,
2117,5210903076,tomsteams1,0,59.75,1B Abimelec Ortiz 2B Luis Arraez 3B Brady House C Tyler Stephenson OF Kyle Schwarber OF Bryce Harper OF Daylen Lile P Zack Wheeler P Carmen Mlodzinski SS Trea Turner,,,
2117,5211018809,SMITTOFF11 (3/5),0,59.75,1B Bryce Harper 2B Luis Arraez 3B Kazuma Okamoto C Harry Ford OF Bryan Reynolds OF Esmerlyn Valdez OF George Springer P Zack Wheeler P Carmen Mlodzinski SS Jacob Gonzalez,,,
2117,5211078099,Jammarley13 (1/2),0,59.75,1B Spencer Horwitz 2B Brandon Lowe 3B Bryson Stott C Rafael Flores Jr. OF Bryce Harper OF Bryan Reynolds OF George Springer P Zack Wheeler P Carmen Mlodzinski SS Jared Triolo,,,
2117,5211153467,Satch65 (14/20),0,59.75,1B Sal Stewart 2B Ronny Simon 3B Eugenio Suarez C Tyler Stephenson OF Kyle Schwarber OF JJ Bleday OF Jake Mangum P Zack Wheeler P Carmen Mlodzinski SS Elly De La Cruz,,,
2117,5211317827,Skralph (16/20),0,59.75,1B Bryce Harper 2B Luis Arraez 3B Alec Bohm C Tyler Stephenson OF Kyle Schwarber OF Daylen Lile OF Hector Rodriguez P Zack Wheeler P Carmen Mlodzinski SS Trea Turner,,,
2117,5211327145,drunkonpappy (15/20),0,59.75,1B Sal Stewart 2B Ronny Simon 3B Eugenio Suarez C Tyler Stephenson OF Kyle Schwarber OF JJ Bleday OF Jake Mangum P Zack Wheeler P Carmen Mlodzinski SS Elly De La Cruz,,,
2123,5211042648,thundrenterprises (16/20),0,59.45,1B Sal Stewart 2B Luis Arraez 3B Bryson Stott C Tyler Stephenson OF Dylan Crews OF JJ Bleday OF Hector Rodriguez P Zack Wheeler P Zac Thornton SS Elly De La Cruz,,,
2123,5211241438,Willdog7 (2/2),0,59.45,1B Sal Stewart 2B Luis Arraez 3B Jorge Polanco C J.T. Realmuto OF Kyle Schwarber OF Bryce Harper OF Hector Rodriguez P Zack Wheeler P Zac Thornton SS Trea Turner,,,
2125,5211339443,Steven_1974 (17/20),0,59.4,1B Spencer Horwitz 2B Brandon Lowe 3B Ernie Clement C Alejandro Kirk OF Dylan Crews OF Esmerlyn Valdez OF Jake Mangum P Jose Soriano P Cade Cavalli SS CJ Abrams,,,
2126,5211019191,ladyfingers (9/15),0,59.1,1B Abimelec Ortiz 2B Jorge Polanco 3B Alec Bohm C J.T. Realmuto OF Kyle Schwarber OF Bryce Harper OF Jesus Sanchez P Zack Wheeler P Jose Soriano SS CJ Abrams,,,
2126,5211268387,mrclean913 (13/20),0,59.1,1B Sal Stewart 2B Matt McLain 3B Brady House C Tyler Stephenson OF JJ Bleday OF Esmerlyn Valdez OF Hector Rodriguez P Zack Wheeler P Jose Soriano SS CJ Abrams,,,
2126,5211327676,creel.patrick (1/4),0,59.1,1B Abimelec Ortiz 2B Nasim Nunez 3B Eugenio Suarez C Tyler Stephenson OF Dylan Crews OF JJ Bleday OF Esmerlyn Valdez P Zack Wheeler P Jose Soriano SS Elly De La Cruz,,,
2129,5210911764,AverillsAvengers,0,58.95,1B Spencer Horwitz 2B Luis Arraez 3B Nick Gonzales C Tyler Stephenson OF Kyle Schwarber OF Esmerlyn Valdez OF Luis Robert Jr. P Jose Soriano P Zac Thornton SS CJ Abrams,,,
2130,5210764850,Sammy.Boy (10/20),0,58.9,1B Alec Bohm 2B Luis Arraez 3B Jorge Polanco C J.T. Realmuto OF Kyle Schwarber OF Esmerlyn Valdez OF Jake Mangum P Zack Wheeler P Cade Cavalli SS Trea Turner,,,
2130,5210988684,chrispy2005 (1/20),0,58.9,1B Abimelec Ortiz 2B Jorge Polanco 3B Brady House C J.T. Realmuto OF Kyle Schwarber OF Dylan Crews OF Jake Mangum P Zack Wheeler P Cade Cavalli SS CJ Abrams,,,
2132,5210850725,tbjones2121 (5/20),0,58.75,1B Sal Stewart 2B Ronny Simon 3B Eugenio Suarez C Tyler Stephenson OF Bryan Reynolds OF JJ Bleday OF Esmerlyn Valdez P Zack Wheeler P Carmen Mlodzinski SS Elly De La Cruz,,,
2132,5210902541,j-wolf05 (9/20),0,58.75,1B Sal Stewart 2B Brandon Lowe 3B Eugenio Suarez C Tyler Stephenson OF Bryan Reynolds OF Jake Mangum OF Hector Rodriguez P Zack Wheeler P Carmen Mlodzinski SS Elly De La Cruz,,,
2132,5211143419,Dubbzz (20/20),0,58.75,1B Sal Stewart 2B Brandon Lowe 3B Eugenio Suarez C Tyler Stephenson OF Bryan Reynolds OF Jake Mangum OF Hector Rodriguez P Zack Wheeler P Carmen Mlodzinski SS Elly De La Cruz,,,
2135,5210994552,danny6687,0,58.45,1B Alec Bohm 2B Luis Arraez 3B Bo Bichette C Tyler Stephenson OF Bryce Harper OF Brandon Marsh OF Jacob Young P Zack Wheeler P Zac Thornton SS Trea Turner,,,
2135,5211174474,MJDLC (11/20),0,58.45,1B Sal Stewart 2B Bryson Stott 3B Eugenio Suarez C Tyler Stephenson OF Dylan Crews OF JJ Bleday OF Hector Rodriguez P Zack Wheeler P Zac Thornton SS CJ Abrams,,,
2137,5211139000,Sallibone,0,58.4,1B Sal Stewart 2B Ernie Clement 3B Kazuma Okamoto C Alejandro Kirk OF Bryce Harper OF JJ Bleday OF Jacob Young P Jose Soriano P Cade Cavalli SS CJ Abrams,,,
2138,5210858833,15_jojo.bell-15,0,58.1,1B Alec Bohm 2B Jorge Polanco 3B Bo Bichette C Tyler Stephenson OF Kyle Schwarber OF Matt McLain OF Brett Baty P Zack Wheeler P Jose Soriano SS CJ Abrams,,,
2138,5211288231,Hannah1999,0,58.1,1B Bryce Harper 2B Luis Arraez 3B Bryson Stott C Tyler Stephenson OF JJ Bleday OF Esmerlyn Valdez OF Jesus Sanchez P Zack Wheeler P Jose Soriano SS Trea Turner,,,
2140,5211218641,eharig09 (5/20),0,57.9,1B Abimelec Ortiz 2B Luis Arraez 3B Bryson Stott C J.T. Realmuto OF Kyle Schwarber OF Dylan Crews OF Jacob Young P Zack Wheeler P Cade Cavalli SS Trea Turner,,,
2141,5210893644,az350z (12/20),0,57.75,1B Spencer Horwitz 2B Brandon Lowe 3B Nick Gonzales C Tyler Stephenson OF Bryan Reynolds OF Jake Mangum OF Hector Rodriguez P Zack Wheeler P Carmen Mlodzinski SS Elly De La Cruz,,,
2141,5210967035,Caryg07 (15/20),0,57.75,1B Spencer Horwitz 2B Brandon Lowe 3B Nick Gonzales C Tyler Stephenson OF Bryan Reynolds OF Jake Mangum OF Hector Rodriguez P Zack Wheeler P Carmen Mlodzinski SS Elly De La Cruz,,,
2141,5211122940,SaucyJack1001 (1/4),0,57.75,1B Bryce Harper 2B Jose Tena 3B Nick Gonzales C Alejandro Kirk OF Kyle Schwarber OF Brett Baty OF Jesus Sanchez P Zack Wheeler P Carmen Mlodzinski SS CJ Abrams,,,
2141,5211171271,hoppinball26 (2/7),0,57.75,1B Bryce Harper 2B Luis Arraez 3B Ke'Bryan Hayes C Tyler Stephenson OF Kyle Schwarber OF Noelvi Marte OF Hector Rodriguez P Zack Wheeler P Carmen Mlodzinski SS Elly De La Cruz,,,
2141,5211192802,mikerlucas78,0,57.75,1B Sal Stewart 2B Bryson Stott 3B Alec Bohm C Alejandro Kirk OF JJ Bleday OF Carson Benge OF Jake Mangum P Zack Wheeler P Carmen Mlodzinski SS Elly De La Cruz,,,
2141,5211249483,trevors15126,0,57.75,1B Kazuma Okamoto 2B Nick Gonzales 3B Eugenio Suarez C Alejandro Kirk OF Kyle Schwarber OF George Springer OF Hector Rodriguez P Zack Wheeler P Carmen Mlodzinski SS CJ Abrams,,,
2141,5211282534,kanseahawkfan,0,57.75,1B Sal Stewart 2B Luis Arraez 3B Jorge Polanco C J.T. Realmuto OF Bryce Harper OF Carson Benge OF Justin Crawford P Zack Wheeler P Carmen Mlodzinski SS CJ Abrams,,,
2141,5211294962,Mige1 (13/20),0,57.75,1B Spencer Horwitz 2B Brandon Lowe 3B Eugenio Suarez C Tyler Stephenson OF Bryan Reynolds OF JJ Bleday OF Hector Rodriguez P Zack Wheeler P Carmen Mlodzinski SS Elly De La Cruz,,,
2149,5210880003,wallstruss (12/17),0,57.25,1B Kazuma Okamoto 2B Brandon Lowe 3B Eugenio Suarez C Tyler Stephenson OF JJ Bleday OF Esmerlyn Valdez OF George Springer P Jose Soriano P Carmen Mlodzinski SS Elly De La Cruz,,,
2149,5210880005,wallstruss (14/17),0,57.25,1B Sal Stewart 2B Brandon Lowe 3B Eugenio Suarez C Tyler Stephenson OF JJ Bleday OF Esmerlyn Valdez OF George Springer P Jose Soriano P Carmen Mlodzinski SS Elly De La Cruz,,,
2149,5211272960,jasonwithaj (2/10),0,57.25,1B Sal Stewart 2B Brandon Lowe 3B Nick Gonzales C Tyler Stephenson OF Bryan Reynolds OF Esmerlyn Valdez OF Noelvi Marte P Jose Soriano P Carmen Mlodzinski SS Elly De La Cruz,,,
2149,5211282520,theoldyounging,0,57.25,1B Sal Stewart 2B Brandon Lowe 3B Kazuma Okamoto C Rafael Flores Jr. OF Dylan Crews OF Daylen Lile OF Nathan Lukes P Jose Soriano P Carmen Mlodzinski SS CJ Abrams,,,
2149,5211329437,Da860BULLY,0,57.25,1B Sal Stewart 2B Brandon Lowe 3B Kazuma Okamoto C Alejandro Kirk OF Bryan Reynolds OF JJ Bleday OF George Springer P Jose Soriano P Chase Petty SS Elly De La Cruz,,,
2154,5210928127,rlwestjr,0,57.1,1B Sal Stewart 2B Luis Arraez 3B Brady House C Tyler Stephenson OF JJ Bleday OF Brandon Marsh OF Hector Rodriguez P Zack Wheeler P Jose Soriano SS Elly De La Cruz,,,
2155,5210768615,robinbass,0,56.75,1B Spencer Horwitz 2B Luis Arraez 3B Nick Gonzales C J.T. Realmuto OF Bryce Harper OF JJ Bleday OF Brandon Marsh P Zack Wheeler P Carmen Mlodzinski SS Francisco Lindor,,,
2155,5210804417,24129669 (2/5),0,56.75,1B Kazuma Okamoto 2B Bryson Stott 3B Bo Bichette C Alejandro Kirk OF Bryan Reynolds OF Daylen Lile OF Esmerlyn Valdez P Zack Wheeler P Carmen Mlodzinski SS Trea Turner,,,
2155,5210809749,24129669 (4/5),0,56.75,1B Kazuma Okamoto 2B Bryson Stott 3B Bo Bichette C Alejandro Kirk OF Bryan Reynolds OF Daylen Lile OF Esmerlyn Valdez P Zack Wheeler P Carmen Mlodzinski SS Trea Turner,,,
2155,5210984394,73pd2x (6/20),0,56.75,1B Spencer Horwitz 2B Brandon Lowe 3B Eugenio Suarez C J.T. Realmuto OF Kyle Schwarber OF Esmerlyn Valdez OF Ronny Simon P Zack Wheeler P Carmen Mlodzinski SS Jared Triolo,,,
2155,5211271625,bmbbender160,0,56.75,1B Alec Bohm 2B Luis Arraez 3B Brady House C Rafael Flores Jr. OF Kyle Schwarber OF Bryce Harper OF Nathan Lukes P Zack Wheeler P Carmen Mlodzinski SS Jared Triolo,,,
2155,5211279390,Dilbert29 (19/19),0,56.75,1B Sal Stewart 2B Brandon Lowe 3B Jared Triolo C Harry Ford OF Esmerlyn Valdez OF Jake Mangum OF Ronny Simon P Zack Wheeler P Carmen Mlodzinski SS CJ Abrams,,,
2155,5211305743,Tbonesgolf57,0,56.75,1B Bryce Harper 2B Bryson Stott 3B Brady House C Tyler Stephenson OF Kyle Schwarber OF Bryan Reynolds OF JJ Bleday P Zack Wheeler P Carmen Mlodzinski SS Andres Gimenez,,,
2155,5211327136,drunkonpappy (6/20),0,56.75,1B Sal Stewart 2B Ronny Simon 3B Ke'Bryan Hayes C Tyler Stephenson OF Jake Mangum OF Noelvi Marte OF Hector Rodriguez P Zack Wheeler P Chase Petty SS Francisco Lindor,,,
2163,5211092183,byetwocell,0,56.6,1B Sal Stewart 2B Bryson Stott 3B Kazuma Okamoto C Tyler Stephenson OF Kyle Schwarber OF Bryce Harper OF JJ Bleday P Zac Thornton P Carmen Mlodzinski SS Elly De La Cruz,,,
2163,5211280945,pat_the_hat2 (14/20),0,56.6,1B Kazuma Okamoto 2B Luis Arraez 3B Bryson Stott C Alejandro Kirk OF Kyle Schwarber OF Bryce Harper OF George Springer P Zac Thornton P Carmen Mlodzinski SS Trea Turner,,,
2165,5210927628,bellsofwar3 (8/20),0,56.45,1B Sal Stewart 2B Jose Tena 3B Brady House C Tyler Stephenson OF JJ Bleday OF Noelvi Marte OF Hector Rodriguez P Zack Wheeler P Zac Thornton SS CJ Abrams,,,
2165,5211225606,matthewwalsh (3/20),0,56.45,1B Sal Stewart 2B Nasim Nunez 3B Brady House C Tyler Stephenson OF Dylan Crews OF JJ Bleday OF Hector Rodriguez P Zack Wheeler P Zac Thornton SS Elly De La Cruz,,,
2167,5210619200,melvincali (18/20),0,56.1,1B Sal Stewart 2B Jose Tena 3B Eugenio Suarez C Tyler Stephenson OF JJ Bleday OF Jacob Young OF Noelvi Marte P Zack Wheeler P Jose Soriano SS CJ Abrams,,,
2168,5210809710,24129669 (3/5),0,55.75,1B Kazuma Okamoto 2B Bryson Stott 3B Bo Bichette C J.T. Realmuto OF Bryan Reynolds OF Daylen Lile OF Esmerlyn Valdez P Zack Wheeler P Carmen Mlodzinski SS Trea Turner,,,
2168,5210809753,24129669 (5/5),0,55.75,1B Kazuma Okamoto 2B Bryson Stott 3B Bo Bichette C J.T. Realmuto OF Bryan Reynolds OF Daylen Lile OF Esmerlyn Valdez P Zack Wheeler P Carmen Mlodzinski SS Trea Turner,,,
2168,5211076661,beardedrat,0,55.75,1B Kazuma Okamoto 2B Ernie Clement 3B Bo Bichette C J.T. Realmuto OF Kyle Schwarber OF George Springer OF Brandon Marsh P Zack Wheeler P Chase Petty SS Elly De La Cruz,,,
2168,5211261704,louiswat (3/5),0,55.75,1B Bryce Harper 2B Luis Arraez 3B Kazuma Okamoto C Alejandro Kirk OF Bryan Reynolds OF Esmerlyn Valdez OF Matt McLain P Zack Wheeler P Carmen Mlodzinski SS Trea Turner,,,
2172,5211153455,Satch65 (2/20),0,55.45,1B Sal Stewart 2B Luis Arraez 3B Alec Bohm C Tyler Stephenson OF Dylan Crews OF JJ Bleday OF Hector Rodriguez P Zack Wheeler P Zac Thornton SS Elly De La Cruz,,,
2172,5211251261,Oggy1959,0,55.45,1B Andres Chaparro 2B Luis Arraez 3B Bryson Stott C Tyler Stephenson OF Bryce Harper OF Esmerlyn Valdez OF Jhostynxon Garcia P Zack Wheeler P Zac Thornton SS CJ Abrams,,,
2174,5210880004,wallstruss (13/17),0,55.25,1B Sal Stewart 2B Brandon Lowe 3B Eugenio Suarez C Tyler Stephenson OF Bryan Reynolds OF JJ Bleday OF Esmerlyn Valdez P Jose Soriano P Carmen Mlodzinski SS Elly De La Cruz,,,
2174,5211266790,seth1374 (19/20),0,55.25,1B Sal Stewart 2B Brandon Lowe 3B Nick Gonzales C Tyler Stephenson OF Bryan Reynolds OF Esmerlyn Valdez OF Jake Mangum P Jose Soriano P Carmen Mlodzinski SS Elly De La Cruz,,,
2174,5211270783,pariders,0,55.25,1B Kazuma Okamoto 2B Brandon Lowe 3B Nick Gonzales C Alejandro Kirk OF Bryan Reynolds OF Dylan Crews OF George Springer P Jose Soriano P Carmen Mlodzinski SS Andres Gimenez,,,
2177,5210619195,melvincali (13/20),0,55.1,1B Sal Stewart 2B Brandon Lowe 3B Jorge Polanco C Tyler Stephenson OF JJ Bleday OF Jake Mangum OF Hector Rodriguez P Zack Wheeler P Jose Soriano SS Elly De La Cruz,,,
2177,5210822188,Abc1289 (9/20),0,55.1,1B Sal Stewart 2B Brandon Lowe 3B Jorge Polanco C Tyler Stephenson OF JJ Bleday OF Jake Mangum OF Hector Rodriguez P Zack Wheeler P Jose Soriano SS Elly De La Cruz,,,
2177,5211041339,blazer1sd,0,55.1,1B Sal Stewart 2B Luis Arraez 3B Bo Bichette C Tyler Stephenson OF JJ Bleday OF Esmerlyn Valdez OF Jesus Sanchez P Zack Wheeler P Jose Soriano SS Francisco Lindor,,,
2177,5211278440,rocky4169,0,55.1,1B Sal Stewart 2B Luis Arraez 3B Ernie Clement C J.T. Realmuto OF Bryce Harper OF Jake Mangum OF Jesus Sanchez P Zack Wheeler P Jose Soriano SS Trea Turner,,,
2181,5210984406,73pd2x (18/20),0,54.8,1B Spencer Horwitz 2B Luis Arraez 3B Jared Triolo C J.T. Realmuto OF Bryce Harper OF Bryan Reynolds OF Brandon Marsh P Zack Wheeler P Pierce Johnson SS Trea Turner,,,
2182,5211074635,kiahwood9,0,54.75,1B Sal Stewart 2B Jorge Polanco 3B Nick Gonzales C Tyler Stephenson OF Kyle Schwarber OF Bryan Reynolds OF Jesus Sanchez P Zack Wheeler P Carmen Mlodzinski SS Elly De La Cruz,,,
2182,5211165220,cmcbutch,0,54.75,1B Bryce Harper 2B Luis Arraez 3B Bryson Stott C Tyler Stephenson OF Kyle Schwarber OF Dylan Crews OF Matt McLain P Zack Wheeler P Chase Petty SS Nasim Nunez,,,
2182,5211211237,darrylposton (14/20),0,54.75,1B Abimelec Ortiz 2B Bryson Stott 3B Brady House C Harry Ford OF Bryce Harper OF Dylan Crews OF Brandon Marsh P Zack Wheeler P Carmen Mlodzinski SS CJ Abrams,,,
2182,5211280943,pat_the_hat2 (12/20),0,54.75,1B Bryce Harper 2B Luis Arraez 3B Jared Triolo C J.T. Realmuto OF Kyle Schwarber OF Jake Mangum OF Ronny Simon P Zack Wheeler P Carmen Mlodzinski SS Trea Turner,,,
2186,5210684993,donmilo,0,54.6,1B Sal Stewart 2B Luis Arraez 3B Bo Bichette C J.T. Realmuto OF Kyle Schwarber OF Bryce Harper OF Dylan Crews P Zac Thornton P Carmen Mlodzinski SS Francisco Lindor,,,
2187,5211045048,pokermark,0,54.45,1B Sal Stewart 2B Luis Arraez 3B Bo Bichette C Keibert Ruiz OF Kyle Schwarber OF Luis Robert Jr. OF Andrew Pinckney P Zack Wheeler P Zac Thornton SS Francisco Lindor,,,
2188,5211093045,lsulunatik (15/18),0,54.25,1B Sal Stewart 2B Ernie Clement 3B Kazuma Okamoto C Alejandro Kirk OF Kyle Schwarber OF George Springer OF Hector Rodriguez P Jose Soriano P Chase Petty SS Elly De La Cruz,,,
2189,5210984403,73pd2x (15/20),0,53.75,1B Rafael Flores Jr. 2B Nick Gonzales 3B Bryson Stott C J.T. Realmuto OF Kyle Schwarber OF Bryan Reynolds OF Noelvi Marte P Zack Wheeler P Carmen Mlodzinski SS Trea Turner,,,
2189,5211171930,buzzards59,0,53.75,1B Sal Stewart 2B Jorge Polanco 3B Bo Bichette C Tyler Stephenson OF Kyle Schwarber OF Bryce Harper OF Hector Rodriguez P Zack Wheeler P Chase Petty SS Elly De La Cruz,,,
2191,5211333938,Kelpius (2/2),0,53.6,1B Bryce Harper 2B Luis Arraez 3B Bo Bichette C Luis Torrens OF Kyle Schwarber OF JJ Bleday OF Esmerlyn Valdez P Zac Thornton P Carmen Mlodzinski SS CJ Abrams,,,
2192,5210839015,LOCNOTM (1/20),0,53.45,1B Sal Stewart 2B Luis Arraez 3B Alec Bohm C Tyler Stephenson OF Bryce Harper OF JJ Bleday OF Hector Rodriguez P Zack Wheeler P Zac Thornton SS Trea Turner,,,
2192,5211102297,danny31533,0,53.45,1B Alec Bohm 2B Luis Arraez 3B Bo Bichette C Tyler Stephenson OF JJ Bleday OF George Springer OF Brett Baty P Zack Wheeler P Zac Thornton SS CJ Abrams,,,
2194,5211045210,ortiz69,0,53.25,1B Spencer Horwitz 2B Brandon Lowe 3B Kazuma Okamoto C J.T. Realmuto OF Daylen Lile OF JJ Bleday OF Brandon Marsh P Jose Soriano P Carmen Mlodzinski SS CJ Abrams,,,
2195,5211155972,DAWSHOES,0,52.9,1B Alec Bohm 2B Luis Arraez 3B Bryson Stott C J.T. Realmuto OF Dylan Crews OF Brandon Marsh OF Jacob Young P Zack Wheeler P Cade Cavalli SS Nasim Nunez,,,
2196,5210804413,24129669 (1/5),0,52.75,1B Kazuma Okamoto 2B Bryson Stott 3B Bo Bichette C Tyler Stephenson OF Bryan Reynolds OF Daylen Lile OF Esmerlyn Valdez P Zack Wheeler P Carmen Mlodzinski SS Trea Turner,,,
2196,5211007699,SUNRISENLV66,0,52.75,1B Alec Bohm 2B Luis Arraez 3B Bryson Stott C Harry Ford OF Bryce Harper OF Bryan Reynolds OF Esmerlyn Valdez P Zack Wheeler P Carmen Mlodzinski SS Nasim Nunez,,,
2196,5211013891,psereda,0,52.75,1B Spencer Horwitz 2B Brandon Lowe 3B Eugenio Suarez C Tyler Stephenson OF Bryan Reynolds OF Esmerlyn Valdez OF Jake Mangum P Zack Wheeler P Chase Petty SS Trea Turner,,,
2196,5211190323,leopard1 (1/2),0,52.75,1B Sal Stewart 2B Luis Arraez 3B Brady House C Tyler Stephenson OF JJ Bleday OF Carson Benge OF Matt McLain P Zack Wheeler P Carmen Mlodzinski SS CJ Abrams,,,
2196,5211233573,sportsfan14 (13/20),0,52.75,1B Sal Stewart 2B Nick Gonzales 3B Jared Triolo C Tyler Stephenson OF Kyle Schwarber OF JJ Bleday OF Hector Rodriguez P Zack Wheeler P Carmen Mlodzinski SS Elly De La Cruz,,,
2196,5211243502,mister_eddie6 (3/3),0,52.75,1B Sal Stewart 2B Nick Gonzales 3B Jared Triolo C Tyler Stephenson OF Kyle Schwarber OF JJ Bleday OF Hector Rodriguez P Zack Wheeler P Carmen Mlodzinski SS Elly De La Cruz,,,
2196,5211291740,walshiesreds56,0,52.75,1B Sal Stewart 2B Luis Arraez 3B Bo Bichette C Luis Torrens OF Kyle Schwarber OF JJ Bleday OF Hector Rodriguez P Zack Wheeler P Chase Petty SS Elly De La Cruz,,,
2196,5211336542,southtexaspanic,0,52.75,1B Alec Bohm 2B Luis Arraez 3B Kazuma Okamoto C Tyler Stephenson OF Kyle Schwarber OF A.J. Ewing OF Carson Benge P Zack Wheeler P Carmen Mlodzinski SS Nasim Nunez,,,
2204,5211237160,Edhemb,0,52.6,1B Sal Stewart 2B Luis Arraez 3B Kazuma Okamoto C Tyler Stephenson OF Kyle Schwarber OF Bryce Harper OF JJ Bleday P Zac Thornton P Carmen Mlodzinski SS Elly De La Cruz,,,
2205,5210865348,Foleyface,0,52.45,1B Sal Stewart 2B Nasim Nunez 3B Eugenio Suarez C Tyler Stephenson OF Dylan Crews OF JJ Bleday OF Hector Rodriguez P Zack Wheeler P Zac Thornton SS CJ Abrams,,,
2205,5210893650,az350z (18/20),0,52.45,1B Sal Stewart 2B Nasim Nunez 3B Eugenio Suarez C Tyler Stephenson OF Dylan Crews OF JJ Bleday OF Hector Rodriguez P Zack Wheeler P Zac Thornton SS CJ Abrams,,,
2205,5210927622,bellsofwar3 (2/20),0,52.45,1B Sal Stewart 2B Jose Tena 3B Brady House C Tyler Stephenson OF JJ Bleday OF Brandon Marsh OF Jacob Young P Zack Wheeler P Zac Thornton SS CJ Abrams,,,
2205,5210964425,DBHayes76,0,52.45,1B Sal Stewart 2B Luis Arraez 3B Kazuma Okamoto C Tyler Stephenson OF Bryan Reynolds OF Esmerlyn Valdez OF Noelvi Marte P Zack Wheeler P Zac Thornton SS Trea Turner,,,
2205,5210967028,Caryg07 (8/20),0,52.45,1B Sal Stewart 2B Nasim Nunez 3B Eugenio Suarez C Tyler Stephenson OF Dylan Crews OF JJ Bleday OF Hector Rodriguez P Zack Wheeler P Zac Thornton SS CJ Abrams,,,
2205,5211016675,okelly36 (2/3),0,52.45,1B Sal Stewart 2B Nasim Nunez 3B Eugenio Suarez C Tyler Stephenson OF Dylan Crews OF JJ Bleday OF Hector Rodriguez P Zack Wheeler P Zac Thornton SS CJ Abrams,,,
2205,5211018273,rsumrall (17/20),0,52.45,1B Sal Stewart 2B Nasim Nunez 3B Eugenio Suarez C Tyler Stephenson OF Dylan Crews OF JJ Bleday OF Hector Rodriguez P Zack Wheeler P Zac Thornton SS CJ Abrams,,,
2212,5210990438,the803goat (19/20),0,52.25,1B Spencer Horwitz 2B Brandon Lowe 3B Kazuma Okamoto C Alejandro Kirk OF Bryan Reynolds OF George Springer OF Nathan Lukes P Jose Soriano P Carmen Mlodzinski SS CJ Abrams,,,
2212,5210990439,the803goat (20/20),0,52.25,1B Kazuma Okamoto 2B Brandon Lowe 3B Ernie Clement C Alejandro Kirk OF Kyle Schwarber OF Bryan Reynolds OF George Springer P Jose Soriano P Carmen Mlodzinski SS Andres Gimenez,,,
2212,5211276295,souge369,0,52.25,1B Sal Stewart 2B Brandon Lowe 3B Bo Bichette C Tyler Stephenson OF Bryce Harper OF JJ Bleday OF A.J. Ewing P Jose Soriano P Carmen Mlodzinski SS Trea Turner,,,
2215,5210942177,Beltwayboy74 (1/2),0,52.1,1B Jared Young 2B Luis Arraez 3B Brady House C Luis Torrens OF JJ Bleday OF Esmerlyn Valdez OF Jacob Young P Zack Wheeler P Jose Soriano SS CJ Abrams,,,
2215,5210942197,Beltwayboy74 (2/2),0,52.1,1B Jared Young 2B Luis Arraez 3B Brady House C Luis Torrens OF JJ Bleday OF Esmerlyn Valdez OF Jacob Young P Zack Wheeler P Jose Soriano SS CJ Abrams,,,
2215,5211350778,produceman09 (1/9),0,52.1,1B Spencer Horwitz 2B Brandon Lowe 3B Jorge Polanco C Luis Torrens OF Bryan Reynolds OF Esmerlyn Valdez OF Jake Mangum P Zack Wheeler P Jose Soriano SS Nasim Nunez,,,
2218,5210948978,ttillie (17/20),0,51.75,1B Sal Stewart 2B Brandon Lowe 3B Brady House C Tyler Stephenson OF Daylen Lile OF JJ Bleday OF Noelvi Marte P Zack Wheeler P Carmen Mlodzinski SS Trea Turner,,,
2218,5210984390,73pd2x (2/20),0,51.75,1B Bryce Harper 2B Luis Arraez 3B Jared Triolo C J.T. Realmuto OF Bryan Reynolds OF Jake Mangum OF Brandon Marsh P Zack Wheeler P Carmen Mlodzinski SS Trea Turner,,,
2218,5210984401,73pd2x (13/20),0,51.75,1B Spencer Horwitz 2B Nick Gonzales 3B Bryson Stott C J.T. Realmuto OF Kyle Schwarber OF Bryan Reynolds OF Noelvi Marte P Zack Wheeler P Carmen Mlodzinski SS Trea Turner,,,
2221,5211073102,kreller17 (19/20),0,51.45,1B Abimelec Ortiz 2B Nasim Nunez 3B Brady House C Tyler Stephenson OF JJ Bleday OF Jacob Young OF Noelvi Marte P Zack Wheeler P Zac Thornton SS CJ Abrams,,,
2222,5211352175,snipedanglecelly (4/4),0,51.25,1B Sal Stewart 2B Brandon Lowe 3B Kazuma Okamoto C Alejandro Kirk OF Bryan Reynolds OF JJ Bleday OF George Springer P Jose Soriano P Carmen Mlodzinski SS Elly De La Cruz,,,
2223,5210822193,Abc1289 (14/20),0,51.1,1B Sal Stewart 2B Nasim Nunez 3B Eugenio Suarez C Tyler Stephenson OF JJ Bleday OF Jake Mangum OF Hector Rodriguez P Zack Wheeler P Jose Soriano SS CJ Abrams,,,
2224,5210693117,eirrac725,0,51.05,1B Spencer Horwitz 2B Brandon Lowe 3B Bryson Stott C Alejandro Kirk OF Kyle Schwarber OF Esmerlyn Valdez OF Jake Mangum P Cade Cavalli P Carmen Mlodzinski SS Nasim Nunez,,,
2224,5211246453,JMo1813,0,51.05,1B Sal Stewart 2B Luis Arraez 3B Nick Gonzales C Endy Rodriguez OF Bryan Reynolds OF Esmerlyn Valdez OF Jake Mangum P Cade Cavalli P Carmen Mlodzinski SS CJ Abrams,,,
2226,5211327278,TheFH (1/20),0,50.9,1B Abimelec Ortiz 2B Ronny Simon 3B Ke'Bryan Hayes C Luis Torrens OF Nathan Lukes OF Jesus Sanchez OF Hector Rodriguez P Carmen Mlodzinski P Chase Petty SS Jared Triolo,,,
2226,5211327490,TheFH (2/20),0,50.9,1B Abimelec Ortiz 2B Ronny Simon 3B Ke'Bryan Hayes C Luis Torrens OF Nathan Lukes OF Jesus Sanchez OF Hector Rodriguez P Carmen Mlodzinski P Chase Petty SS Jared Triolo,,,
2226,5211327491,TheFH (3/20),0,50.9,1B Abimelec Ortiz 2B Ronny Simon 3B Ke'Bryan Hayes C Luis Torrens OF Nathan Lukes OF Jesus Sanchez OF Hector Rodriguez P Carmen Mlodzinski P Chase Petty SS Jared Triolo,,,
2226,5211327492,TheFH (4/20),0,50.9,1B Abimelec Ortiz 2B Ronny Simon 3B Ke'Bryan Hayes C Luis Torrens OF Nathan Lukes OF Jesus Sanchez OF Hector Rodriguez P Carmen Mlodzinski P Chase Petty SS Jared Triolo,,,
2226,5211327493,TheFH (5/20),0,50.9,1B Abimelec Ortiz 2B Ronny Simon 3B Ke'Bryan Hayes C Luis Torrens OF Nathan Lukes OF Jesus Sanchez OF Hector Rodriguez P Carmen Mlodzinski P Chase Petty SS Jared Triolo,,,
2226,5211327494,TheFH (6/20),0,50.9,1B Abimelec Ortiz 2B Ronny Simon 3B Ke'Bryan Hayes C Luis Torrens OF Nathan Lukes OF Jesus Sanchez OF Hector Rodriguez P Carmen Mlodzinski P Chase Petty SS Jared Triolo,,,
2226,5211327495,TheFH (7/20),0,50.9,1B Abimelec Ortiz 2B Ronny Simon 3B Ke'Bryan Hayes C Luis Torrens OF Nathan Lukes OF Jesus Sanchez OF Hector Rodriguez P Carmen Mlodzinski P Chase Petty SS Jared Triolo,,,
2226,5211327496,TheFH (8/20),0,50.9,1B Abimelec Ortiz 2B Ronny Simon 3B Ke'Bryan Hayes C Luis Torrens OF Nathan Lukes OF Jesus Sanchez OF Hector Rodriguez P Carmen Mlodzinski P Chase Petty SS Jared Triolo,,,
2226,5211327497,TheFH (9/20),0,50.9,1B Abimelec Ortiz 2B Ronny Simon 3B Ke'Bryan Hayes C Luis Torrens OF Nathan Lukes OF Jesus Sanchez OF Hector Rodriguez P Carmen Mlodzinski P Chase Petty SS Jared Triolo,,,
2226,5211327498,TheFH (10/20),0,50.9,1B Abimelec Ortiz 2B Ronny Simon 3B Ke'Bryan Hayes C Luis Torrens OF Nathan Lukes OF Jesus Sanchez OF Hector Rodriguez P Carmen Mlodzinski P Chase Petty SS Jared Triolo,,,
2226,5211327499,TheFH (11/20),0,50.9,1B Abimelec Ortiz 2B Ronny Simon 3B Ke'Bryan Hayes C Luis Torrens OF Nathan Lukes OF Jesus Sanchez OF Hector Rodriguez P Carmen Mlodzinski P Chase Petty SS Jared Triolo,,,
2226,5211327500,TheFH (12/20),0,50.9,1B Abimelec Ortiz 2B Ronny Simon 3B Ke'Bryan Hayes C Luis Torrens OF Nathan Lukes OF Jesus Sanchez OF Hector Rodriguez P Carmen Mlodzinski P Chase Petty SS Jared Triolo,,,
2226,5211327501,TheFH (13/20),0,50.9,1B Abimelec Ortiz 2B Ronny Simon 3B Ke'Bryan Hayes C Luis Torrens OF Nathan Lukes OF Jesus Sanchez OF Hector Rodriguez P Carmen Mlodzinski P Chase Petty SS Jared Triolo,,,
2226,5211327502,TheFH (14/20),0,50.9,1B Abimelec Ortiz 2B Ronny Simon 3B Ke'Bryan Hayes C Luis Torrens OF Nathan Lukes OF Jesus Sanchez OF Hector Rodriguez P Carmen Mlodzinski P Chase Petty SS Jared Triolo,,,
2226,5211327503,TheFH (15/20),0,50.9,1B Abimelec Ortiz 2B Ronny Simon 3B Ke'Bryan Hayes C Luis Torrens OF Nathan Lukes OF Jesus Sanchez OF Hector Rodriguez P Carmen Mlodzinski P Chase Petty SS Jared Triolo,,,
2226,5211327504,TheFH (16/20),0,50.9,1B Abimelec Ortiz 2B Ronny Simon 3B Ke'Bryan Hayes C Luis Torrens OF Nathan Lukes OF Jesus Sanchez OF Hector Rodriguez P Carmen Mlodzinski P Chase Petty SS Jared Triolo,,,
2226,5211327505,TheFH (17/20),0,50.9,1B Abimelec Ortiz 2B Ronny Simon 3B Ke'Bryan Hayes C Luis Torrens OF Nathan Lukes OF Jesus Sanchez OF Hector Rodriguez P Carmen Mlodzinski P Chase Petty SS Jared Triolo,,,
2226,5211327506,TheFH (18/20),0,50.9,1B Abimelec Ortiz 2B Ronny Simon 3B Ke'Bryan Hayes C Luis Torrens OF Nathan Lukes OF Jesus Sanchez OF Hector Rodriguez P Carmen Mlodzinski P Chase Petty SS Jared Triolo,,,
2226,5211327507,TheFH (19/20),0,50.9,1B Abimelec Ortiz 2B Ronny Simon 3B Ke'Bryan Hayes C Luis Torrens OF Nathan Lukes OF Jesus Sanchez OF Hector Rodriguez P Carmen Mlodzinski P Chase Petty SS Jared Triolo,,,
2226,5211327508,TheFH (20/20),0,50.9,1B Abimelec Ortiz 2B Ronny Simon 3B Ke'Bryan Hayes C Luis Torrens OF Nathan Lukes OF Jesus Sanchez OF Hector Rodriguez P Carmen Mlodzinski P Chase Petty SS Jared Triolo,,,
2246,5210909859,robertmiller2426,0,50.75,1B Spencer Horwitz 2B Marcus Semien 3B Bo Bichette C J.T. Realmuto OF Kyle Schwarber OF Esmerlyn Valdez OF Brandon Marsh P Zack Wheeler P Carmen Mlodzinski SS Trea Turner,,,
2246,5211089798,wileroxie02,0,50.75,1B Spencer Horwitz 2B Brandon Lowe 3B Bryson Stott C J.T. Realmuto OF Esmerlyn Valdez OF Carson Benge OF Brandon Marsh P Zack Wheeler P Carmen Mlodzinski SS Trea Turner,,,
2248,5210939676,smbcoastal,0,50.6,1B Sal Stewart 2B Luis Arraez 3B Nick Gonzales C Tyler Stephenson OF Bryce Harper OF Bryan Reynolds OF JJ Bleday P Zac Thornton P Carmen Mlodzinski SS CJ Abrams,,,
2249,5211313457,VMike93,0,50.25,1B Sal Stewart 2B Brandon Lowe 3B Bo Bichette C Alejandro Kirk OF Bryan Reynolds OF Dylan Crews OF Esmerlyn Valdez P Jose Soriano P Chase Petty SS Francisco Lindor,,,
2250,5211193707,smithcj16 (15/20),0,49.9,1B Rafael Flores Jr. 2B Nick Gonzales 3B Jorge Polanco C Luis Torrens OF Bryan Reynolds OF Esmerlyn Valdez OF Jake Mangum P Carmen Mlodzinski P Chase Petty SS Francisco Lindor,,,
2251,5210960448,rick7792,0,49.75,1B Spencer Horwitz 2B Brandon Lowe 3B Brady House C Harry Ford OF Bryan Reynolds OF Esmerlyn Valdez OF Jake Mangum P Zack Wheeler P Carmen Mlodzinski SS Nasim Nunez,,,
2251,5210996700,LTskelter (19/20),0,49.75,1B Spencer Horwitz 2B Brandon Lowe 3B Ke'Bryan Hayes C Tyler Stephenson OF Bryan Reynolds OF Esmerlyn Valdez OF Jake Mangum P Zack Wheeler P Carmen Mlodzinski SS Elly De La Cruz,,,
2251,5211143415,Dubbzz (16/20),0,49.75,1B Kazuma Okamoto 2B Brandon Lowe 3B Eugenio Suarez C Tyler Stephenson OF Dylan Crews OF JJ Bleday OF Noelvi Marte P Zack Wheeler P Carmen Mlodzinski SS Elly De La Cruz,,,
2251,5211204050,winningfaith (3/3),0,49.75,1B Kazuma Okamoto 2B Brandon Lowe 3B Alec Bohm C Alejandro Kirk OF Carson Benge OF Brandon Marsh OF Noelvi Marte P Zack Wheeler P Carmen Mlodzinski SS CJ Abrams,,,
2255,5211193698,smithcj16 (6/20),0,49.45,1B Abimelec Ortiz 2B Bryson Stott 3B Brady House C Tyler Stephenson OF Dylan Crews OF JJ Bleday OF Jacob Young P Zack Wheeler P Zac Thornton SS CJ Abrams,,,
2256,5211035951,Rootytoot33,0,49.25,1B Sal Stewart 2B Ernie Clement 3B Kazuma Okamoto C Rafael Flores Jr. OF Bryan Reynolds OF Esmerlyn Valdez OF George Springer P Jose Soriano P Carmen Mlodzinski SS Elly De La Cruz,,,
2257,5211215504,Jison,0,48.85,1B Sal Stewart 2B Luis Arraez 3B Bo Bichette C Tyler Stephenson OF Kyle Schwarber OF JJ Bleday OF Esmerlyn Valdez P Zack Wheeler P Julian Garcia SS Francisco Lindor,,,
2258,5210704023,Mrboozer (1/2),0,48.75,1B Sal Stewart 2B Luis Arraez 3B Nick Gonzales C Harry Ford OF JJ Bleday OF Jake Mangum OF Brandon Marsh P Zack Wheeler P Carmen Mlodzinski SS Trea Turner,,,
2258,5210984395,73pd2x (7/20),0,48.75,1B Spencer Horwitz 2B Luis Arraez 3B Jared Triolo C J.T. Realmuto OF Bryce Harper OF Bryan Reynolds OF Brandon Marsh P Zack Wheeler P Carmen Mlodzinski SS Trea Turner,,,
2258,5211028384,TimmyGah,0,48.75,1B Spencer Horwitz 2B Ronny Simon 3B Nick Gonzales C Tyler Stephenson OF Bryce Harper OF JJ Bleday OF Esmerlyn Valdez P Zack Wheeler P Carmen Mlodzinski SS CJ Abrams,,,
2258,5211081139,UniversalFriend (17/20),0,48.75,1B Sal Stewart 2B Brandon Lowe 3B Ke'Bryan Hayes C Tyler Stephenson OF Bryan Reynolds OF Esmerlyn Valdez OF Noelvi Marte P Zack Wheeler P Carmen Mlodzinski SS Elly De La Cruz,,,
2262,5210822186,Abc1289 (7/20),0,48.1,1B Abimelec Ortiz 2B Nasim Nunez 3B Jared Triolo C Tyler Stephenson OF Bryan Reynolds OF Dylan Crews OF Jake Mangum P Zack Wheeler P Jose Soriano SS CJ Abrams,,,
2262,5210990436,the803goat (17/20),0,48.1,1B Sal Stewart 2B Ernie Clement 3B Ke'Bryan Hayes C Tyler Stephenson OF Dylan Crews OF JJ Bleday OF Matt McLain P Zack Wheeler P Jose Soriano SS CJ Abrams,,,
2262,5211144390,ladyfingers (14/15),0,48.1,1B Rafael Flores Jr. 2B Brandon Lowe 3B Ernie Clement C J.T. Realmuto OF Bryan Reynolds OF JJ Bleday OF Brandon Marsh P Zack Wheeler P Jose Soriano SS Nasim Nunez,,,
2262,5211350960,produceman09 (2/9),0,48.1,1B Spencer Horwitz 2B Brandon Lowe 3B Ke'Bryan Hayes C Tyler Stephenson OF Bryan Reynolds OF Esmerlyn Valdez OF Jake Mangum P Zack Wheeler P Jose Soriano SS Nasim Nunez,,,
2266,5211052790,Brutal-1 (4/7),0,47.9,1B Sal Stewart 2B Brandon Lowe 3B Eugenio Suarez C Tyler Stephenson OF Kyle Schwarber OF Bryan Reynolds OF JJ Bleday P Carmen Mlodzinski P Chase Petty SS Elly De La Cruz,,,
2267,5210769906,stock2mail (12/20),0,47.75,1B Sal Stewart 2B Brandon Lowe 3B Jared Triolo C Tyler Stephenson OF JJ Bleday OF Esmerlyn Valdez OF Noelvi Marte P Zack Wheeler P Carmen Mlodzinski SS Elly De La Cruz,,,
2267,5210897341,ACVarley,0,47.75,1B Abimelec Ortiz 2B Jose Tena 3B Bo Bichette C Harry Ford OF Kyle Schwarber OF Bryce Harper OF Dylan Crews P Zack Wheeler P Carmen Mlodzinski SS Nasim Nunez,,,
2267,5211039149,Schwagssr,0,47.75,1B Alec Bohm 2B Bryson Stott 3B Kazuma Okamoto C J.T. Realmuto OF Bryce Harper OF Bryan Reynolds OF George Springer P Zack Wheeler P Carmen Mlodzinski SS Trea Turner,,,
2267,5211177555,Enforcers (1/2),0,47.75,1B Bryce Harper 2B Luis Arraez 3B Kazuma Okamoto C Luis Torrens OF Kyle Schwarber OF Esmerlyn Valdez OF Jesus Sanchez P Zack Wheeler P Carmen Mlodzinski SS Trea Turner,,,
2267,5211230329,kozy6813 (10/20),0,47.75,1B Sal Stewart 2B Ronny Simon 3B Ke'Bryan Hayes C Tyler Stephenson OF Bryce Harper OF Dylan Crews OF JJ Bleday P Zack Wheeler P Carmen Mlodzinski SS Elly De La Cruz,,,
2267,5211276324,cb76401,0,47.75,1B Abimelec Ortiz 2B Brandon Lowe 3B Brady House C Alejandro Kirk OF Kyle Schwarber OF Bryce Harper OF George Springer P Zack Wheeler P Carmen Mlodzinski SS Nasim Nunez,,,
2273,5210927639,bellsofwar3 (19/20),0,46.75,1B Sal Stewart 2B Bryson Stott 3B Eugenio Suarez C Tyler Stephenson OF Bryce Harper OF JJ Bleday OF Hector Rodriguez P Zack Wheeler P Carmen Mlodzinski SS CJ Abrams,,,
2273,5210951545,nrbarsky,0,46.75,1B Rafael Flores Jr. 2B Luis Arraez 3B Brady House C Tyler Stephenson OF Bryan Reynolds OF JJ Bleday OF Carson Benge P Zack Wheeler P Carmen Mlodzinski SS CJ Abrams,,,
2273,5211095017,SpeedRacer101 (8/20),0,46.75,1B Sal Stewart 2B Matt McLain 3B Alec Bohm C Tyler Stephenson OF Bryan Reynolds OF JJ Bleday OF Noelvi Marte P Zack Wheeler P Carmen Mlodzinski SS CJ Abrams,,,
2276,5211095270,redraider1981 (1/2),0,46.1,1B Sal Stewart 2B Luis Arraez 3B Bo Bichette C Tyler Stephenson OF JJ Bleday OF Carson Benge OF Jacob Young P Zack Wheeler P Jose Soriano SS Nasim Nunez,,,
2277,5210948977,ttillie (16/20),0,45.75,1B Sal Stewart 2B Jose Tena 3B Eugenio Suarez C Tyler Stephenson OF Bryce Harper OF JJ Bleday OF Hector Rodriguez P Zack Wheeler P Carmen Mlodzinski SS CJ Abrams,,,
2277,5210984405,73pd2x (17/20),0,45.75,1B Spencer Horwitz 2B Nick Gonzales 3B Jared Triolo C Rafael Flores Jr. OF Kyle Schwarber OF Dylan Crews OF Jake Mangum P Zack Wheeler P Carmen Mlodzinski SS Trea Turner,,,
2277,5210994549,mattped23 (3/5),0,45.75,1B Sal Stewart 2B Luis Arraez 3B Eugenio Suarez C Tyler Stephenson OF JJ Bleday OF Esmerlyn Valdez OF Jacob Young P Zack Wheeler P Carmen Mlodzinski SS Elly De La Cruz,,,
2280,5211104132,beaugay1,0,45.1,1B Spencer Horwitz 2B Brandon Lowe 3B Jorge Polanco C Tyler Stephenson OF Bryan Reynolds OF Esmerlyn Valdez OF Jake Mangum P Zack Wheeler P Jose Soriano SS Nasim Nunez,,,
2280,5211322000,KristianFTM (15/20),0,45.1,1B Abimelec Ortiz 2B Nasim Nunez 3B Eugenio Suarez C Tyler Stephenson OF Dylan Crews OF JJ Bleday OF Jacob Young P Zack Wheeler P Jose Soriano SS CJ Abrams,,,
2282,5210906043,jnathng,0,44.75,1B Sal Stewart 2B Brandon Lowe 3B Nick Gonzales C Rafael Flores Jr. OF Esmerlyn Valdez OF Jacob Young OF Ronny Simon P Zack Wheeler P Carmen Mlodzinski SS CJ Abrams,,,
2282,5211230327,kozy6813 (8/20),0,44.75,1B Sal Stewart 2B Luis Arraez 3B Alec Bohm C Tyler Stephenson OF Kyle Schwarber OF Noelvi Marte OF Hector Rodriguez P Zack Wheeler P Carmen Mlodzinski SS Elly De La Cruz,,,
2282,5211344492,fantasysuperstar (4/20),0,44.75,1B Sal Stewart 2B Bryson Stott 3B Ke'Bryan Hayes C Tyler Stephenson OF Kyle Schwarber OF JJ Bleday OF Brandon Marsh P Zack Wheeler P Carmen Mlodzinski SS Elly De La Cruz,,,
2285,5210990434,the803goat (15/20),0,44.1,1B Abimelec Ortiz 2B Nasim Nunez 3B Bryson Stott C Rafael Flores Jr. OF Dylan Crews OF Esmerlyn Valdez OF Jacob Young P Zack Wheeler P Jose Soriano SS CJ Abrams,,,
2286,5211042652,thundrenterprises (20/20),0,43.75,1B Sal Stewart 2B Luis Arraez 3B Alec Bohm C Tyler Stephenson OF Bryce Harper OF JJ Bleday OF Hector Rodriguez P Zack Wheeler P Carmen Mlodzinski SS Elly De La Cruz,,,
2286,5211079207,thesportsfan (6/20),0,43.75,1B Sal Stewart 2B Luis Arraez 3B Alec Bohm C Tyler Stephenson OF Bryce Harper OF JJ Bleday OF Hector Rodriguez P Zack Wheeler P Carmen Mlodzinski SS Elly De La Cruz,,,
2288,5211093044,lsulunatik (14/18),0,43.25,1B Sal Stewart 2B Ernie Clement 3B Kazuma Okamoto C Alejandro Kirk OF Kyle Schwarber OF JJ Bleday OF Noelvi Marte P Jose Soriano P Carmen Mlodzinski SS Elly De La Cruz,,,
2289,5211143404,Dubbzz (5/20),0,43.1,1B Abimelec Ortiz 2B Jose Tena 3B Brady House C Tyler Stephenson OF Dylan Crews OF JJ Bleday OF Hector Rodriguez P Zack Wheeler P Jose Soriano SS CJ Abrams,,,
2290,5210919303,rubytuesday,0,42.75,1B Alec Bohm 2B Luis Arraez 3B Bryson Stott C Harry Ford OF Dylan Crews OF Esmerlyn Valdez OF Jake Mangum P Zack Wheeler P Carmen Mlodzinski SS Trea Turner,,,
2290,5211280933,pat_the_hat2 (2/20),0,42.75,1B Sal Stewart 2B Nasim Nunez 3B Brady House C Tyler Stephenson OF Dylan Crews OF Daylen Lile OF Hector Rodriguez P Zack Wheeler P Carmen Mlodzinski SS CJ Abrams,,,
2290,5211289446,stammr18,0,42.75,1B Spencer Horwitz 2B Luis Arraez 3B Kazuma Okamoto C Rafael Flores Jr. OF JJ Bleday OF Esmerlyn Valdez OF Nathan Lukes P Zack Wheeler P Chase Petty SS CJ Abrams,,,
2293,5211253852,kinerskorner,0,42.25,1B Sal Stewart 2B Nick Gonzales 3B Kazuma Okamoto C Rafael Flores Jr. OF Bryce Harper OF JJ Bleday OF Esmerlyn Valdez P Jose Soriano P Carmen Mlodzinski SS CJ Abrams,,,
2293,5211326604,curleeshu (2/2),0,42.25,1B Kazuma Okamoto 2B Brandon Lowe 3B Nick Gonzales C Alejandro Kirk OF Bryan Reynolds OF JJ Bleday OF Esmerlyn Valdez P Jose Soriano P Carmen Mlodzinski SS CJ Abrams,,,
2295,5211027010,jhanksReds,0,41.9,1B Sal Stewart 2B Brandon Lowe 3B Bo Bichette C Tyler Stephenson OF Bryce Harper OF Bryan Reynolds OF JJ Bleday P Carmen Mlodzinski P Chase Petty SS Elly De La Cruz,,,
2296,5210714641,Schoey17 (5/5),0,41.75,1B Sal Stewart 2B Bryson Stott 3B Alec Bohm C Tyler Stephenson OF JJ Bleday OF Brandon Marsh OF Hector Rodriguez P Zack Wheeler P Carmen Mlodzinski SS Elly De La Cruz,,,
2296,5210861617,zurk11,0,41.75,1B Abimelec Ortiz 2B Brandon Lowe 3B Nick Gonzales C Tyler Stephenson OF Bryan Reynolds OF Esmerlyn Valdez OF Jake Mangum P Zack Wheeler P Carmen Mlodzinski SS Trea Turner,,,
2296,5211189359,Southsider50 (2/2),0,41.75,1B Sal Stewart 2B Bryson Stott 3B Nick Gonzales C J.T. Realmuto OF Bryan Reynolds OF JJ Bleday OF Brandon Marsh P Zack Wheeler P Carmen Mlodzinski SS Trea Turner,,,
2296,5211215841,richgee21,0,41.75,1B Bryce Harper 2B Luis Arraez 3B Bryson Stott C Tyler Stephenson OF Bryan Reynolds OF Esmerlyn Valdez OF Brett Baty P Zack Wheeler P Carmen Mlodzinski SS Trea Turner,,,
2300,5210997560,chrispy2005 (18/20),0,40.75,1B Sal Stewart 2B Brandon Lowe 3B Ke'Bryan Hayes C Tyler Stephenson OF JJ Bleday OF Esmerlyn Valdez OF Jake Mangum P Zack Wheeler P Carmen Mlodzinski SS Elly De La Cruz,,,
2300,5211065369,gwayne43 (2/2),0,40.75,1B Kazuma Okamoto 2B Nasim Nunez 3B Bo Bichette C Tyler Stephenson OF Daylen Lile OF JJ Bleday OF Brett Baty P Zack Wheeler P Carmen Mlodzinski SS CJ Abrams,,,
2300,5211176529,Birdie123,0,40.75,1B Alec Bohm 2B Luis Arraez 3B Nick Gonzales C J.T. Realmuto OF Esmerlyn Valdez OF Jake Mangum OF Brandon Marsh P Zack Wheeler P Carmen Mlodzinski SS CJ Abrams,,,
2300,5211314468,Vols4life19 (1/3),0,40.75,1B Alec Bohm 2B Luis Arraez 3B Jorge Polanco C Tyler Stephenson OF Kyle Schwarber OF Bryce Harper OF Ronny Simon P Zack Wheeler P Carmen Mlodzinski SS CJ Abrams,,,
2304,5210948973,ttillie (12/20),0,40.25,1B Sal Stewart 2B Brandon Lowe 3B Eugenio Suarez C Tyler Stephenson OF JJ Bleday OF Esmerlyn Valdez OF Jake Mangum P Jose Soriano P Carmen Mlodzinski SS CJ Abrams,,,
2305,5211193706,smithcj16 (14/20),0,39.9,1B Abimelec Ortiz 2B Jose Tena 3B Jared Triolo C Harry Ford OF Dylan Crews OF Esmerlyn Valdez OF Jake Mangum P Carmen Mlodzinski P Chase Petty SS CJ Abrams,,,
2306,5210948979,ttillie (18/20),0,39.75,1B Sal Stewart 2B Ronny Simon 3B Eugenio Suarez C Tyler Stephenson OF Kyle Schwarber OF Dylan Crews OF JJ Bleday P Zack Wheeler P Carmen Mlodzinski SS Trea Turner,,,
2306,5211042639,thundrenterprises (7/20),0,39.75,1B Sal Stewart 2B Luis Arraez 3B Eugenio Suarez C Tyler Stephenson OF Kyle Schwarber OF JJ Bleday OF Noelvi Marte P Zack Wheeler P Carmen Mlodzinski SS Trea Turner,,,
2308,5211202113,mcstuffins (2/3),0,39.25,1B Spencer Horwitz 2B Brandon Lowe 3B Kazuma Okamoto C Alejandro Kirk OF Bryan Reynolds OF Esmerlyn Valdez OF Jake Mangum P Jose Soriano P Carmen Mlodzinski SS CJ Abrams,,,
2309,5210646919,TimmyTak193,0,39.05,1B Sal Stewart 2B Nasim Nunez 3B Kazuma Okamoto C Endy Rodriguez OF Bryce Harper OF JJ Bleday OF Esmerlyn Valdez P Cade Cavalli P Carmen Mlodzinski SS CJ Abrams,,,
2310,5210928110,whoisjohngalt420 (5/20),0,38.75,1B Sal Stewart 2B Brandon Lowe 3B Alec Bohm C Tyler Stephenson OF JJ Bleday OF Esmerlyn Valdez OF Hector Rodriguez P Zack Wheeler P Carmen Mlodzinski SS Elly De La Cruz,,,
2310,5211174479,MJDLC (16/20),0,38.75,1B Abimelec Ortiz 2B Luis Arraez 3B Alec Bohm C Harry Ford OF Dylan Crews OF Brandon Marsh OF Jacob Young P Zack Wheeler P Carmen Mlodzinski SS CJ Abrams,,,
2310,5211179950,GamerHallOfFamer18,0,38.75,1B Bryce Harper 2B Luis Arraez 3B Bryson Stott C Keibert Ruiz OF Kyle Schwarber OF Esmerlyn Valdez OF Luis Robert Jr. P Zack Wheeler P Carmen Mlodzinski SS Jacob Gonzalez,,,
2313,5211251197,CPiddy23,0,37.75,1B Alec Bohm 2B Luis Arraez 3B Bryson Stott C Keibert Ruiz OF Bryce Harper OF Bryan Reynolds OF Dylan Crews P Zack Wheeler P Carmen Mlodzinski SS Jacob Gonzalez,,,
2313,5211266787,seth1374 (16/20),0,37.75,1B Sal Stewart 2B Nasim Nunez 3B Brady House C Tyler Stephenson OF Dylan Crews OF Daylen Lile OF Dane Myers P Zack Wheeler P Carmen Mlodzinski SS CJ Abrams,,,
2315,5211214476,woodjoe2 (2/2),0,37.25,1B Kazuma Okamoto 2B Brandon Lowe 3B Alec Bohm C J.T. Realmuto OF Bryan Reynolds OF Dylan Crews OF George Springer P Jose Soriano P Carmen Mlodzinski SS CJ Abrams,,,
2316,5211251928,speed400 (2/2),0,36.75,1B Kazuma Okamoto 2B Luis Arraez 3B Nick Gonzales C Tyler Stephenson OF Bryce Harper OF JJ Bleday OF Esmerlyn Valdez P Zack Wheeler P Carmen Mlodzinski SS Trea Turner,,,
2316,5211266788,seth1374 (17/20),0,36.75,1B Bryce Harper 2B Luis Arraez 3B Alec Bohm C Tyler Stephenson OF Kyle Schwarber OF JJ Bleday OF Hector Rodriguez P Zack Wheeler P Carmen Mlodzinski SS Trea Turner,,,
2318,5211203650,dwayne4500 (1/3),0,36.25,1B Bryce Harper 2B Brandon Lowe 3B Alec Bohm C Endy Rodriguez OF Bryan Reynolds OF Bryan De La Cruz OF Edmundo Sosa P Jose Soriano P Carmen Mlodzinski SS CJ Abrams,,,
2318,5211203652,dwayne4500 (2/3),0,36.25,1B Bryce Harper 2B Brandon Lowe 3B Alec Bohm C Endy Rodriguez OF Bryan Reynolds OF Bryan De La Cruz OF Edmundo Sosa P Jose Soriano P Carmen Mlodzinski SS CJ Abrams,,,
2318,5211203918,dwayne4500 (3/3),0,36.25,1B Bryce Harper 2B Brandon Lowe 3B Alec Bohm C Endy Rodriguez OF Bryan Reynolds OF Bryan De La Cruz OF Edmundo Sosa P Jose Soriano P Carmen Mlodzinski SS CJ Abrams,,,
2321,5211081142,UniversalFriend (20/20),0,35.75,1B Sal Stewart 2B Nasim Nunez 3B Eugenio Suarez C Tyler Stephenson OF JJ Bleday OF Esmerlyn Valdez OF Noelvi Marte P Zack Wheeler P Carmen Mlodzinski SS CJ Abrams,,,
2322,5210868569,coreyscastle120508,0,35.25,1B Kazuma Okamoto 2B Ernie Clement 3B Alec Bohm C Alejandro Kirk OF Bryan Reynolds OF JJ Bleday OF George Springer P Jose Soriano P Carmen Mlodzinski SS CJ Abrams,,,
2323,5211350242,Lynette55,0,34.25,1B Felix Reyes 2B Luis Arraez 3B Ke'Bryan Hayes C Shawn Ross OF Kyle Schwarber OF Bryce Harper OF Brandon Marsh P Jose Soriano P Carmen Mlodzinski SS Leo Balcazar,,,
2324,5210997551,chrispy2005 (9/20),0,34.1,1B Sal Stewart 2B Nasim Nunez 3B Ke'Bryan Hayes C Tyler Stephenson OF Dylan Crews OF JJ Bleday OF Hector Rodriguez P Zack Wheeler P Jose Soriano SS CJ Abrams,,,
2325,5211095026,SpeedRacer101 (17/20),0,31.75,1B Sal Stewart 2B Jose Tena 3B Eugenio Suarez C Tyler Stephenson OF Dylan Crews OF JJ Bleday OF Jacob Young P Zack Wheeler P Carmen Mlodzinski SS CJ Abrams,,,
2326,5210859412,felixdunn4003,0,30.75,1B Sal Stewart 2B Luis Arraez 3B Bryson Stott C Tyler Stephenson OF Bryan Reynolds OF JJ Bleday OF Brandon Marsh P Zack Wheeler P Carmen Mlodzinski SS Trea Turner,,,
2327,5210851052,jsmoove34 (2/3),0,29.900002,1B Sal Stewart 2B Brandon Lowe 3B Kazuma Okamoto C Francisco Alvarez OF Kyle Schwarber OF Bryce Harper OF Bryan Reynolds P Carmen Mlodzinski P Chase Petty SS Trea Turner,,,
2328,5210658768,chloesgp,0,0,,,,
2328,5210804403,fratstar23,0,0,,,,
2328,5210850107,surfrider72 (1/20),0,0,,,,
2328,5210857507,surfrider72 (2/20),0,0,,,,
2328,5210857508,surfrider72 (3/20),0,0,,,,
2328,5210857509,surfrider72 (4/20),0,0,,,,
2328,5210857510,surfrider72 (5/20),0,0,,,,
2328,5210857511,surfrider72 (6/20),0,0,,,,
2328,5210857512,surfrider72 (7/20),0,0,,,,
2328,5210857513,surfrider72 (8/20),0,0,,,,
2328,5210857514,surfrider72 (9/20),0,0,,,,
2328,5210857515,surfrider72 (10/20),0,0,,,,
2328,5210857516,surfrider72 (11/20),0,0,,,,
2328,5210857517,surfrider72 (12/20),0,0,,,,
2328,5210857518,surfrider72 (13/20),0,0,,,,
2328,5210857519,surfrider72 (14/20),0,0,,,,
2328,5210857520,surfrider72 (15/20),0,0,,,,
2328,5210857522,surfrider72 (17/20),0,0,,,,
2328,5210857523,surfrider72 (18/20),0,0,,,,
2328,5210857524,surfrider72 (19/20),0,0,,,,
2328,5210857965,mfp13 (1/3),0,0,,,,
2328,5210857966,mfp13 (2/3),0,0,,,,
2328,5210857967,mfp13 (3/3),0,0,,,,
2328,5210861272,ByronAK,0,0,,,,
2328,5210967898,jrsr411,0,0,,,,
2328,5211009443,dreday7,0,0,,,,
2328,5211021723,DEEZ.NU.TEES,0,0,,,,
2328,5211101285,jjjcarlin (1/2),0,0,,,,
2328,5211101286,jjjcarlin (2/2),0,0,,,,
2328,5211103563,rschindler14 (1/20),0,0,,,,
2328,5211103564,rschindler14 (2/20),0,0,,,,
2328,5211103565,rschindler14 (3/20),0,0,,,,
2328,5211103566,rschindler14 (4/20),0,0,,,,
2328,5211103567,rschindler14 (5/20),0,0,,,,
2328,5211103568,rschindler14 (6/20),0,0,,,,
2328,5211103569,rschindler14 (7/20),0,0,,,,
2328,5211103570,rschindler14 (8/20),0,0,,,,
2328,5211103571,rschindler14 (9/20),0,0,,,,
2328,5211103572,rschindler14 (10/20),0,0,,,,
2328,5211103573,rschindler14 (11/20),0,0,,,,
2328,5211103574,rschindler14 (12/20),0,0,,,,
2328,5211103575,rschindler14 (13/20),0,0,,,,
2328,5211103576,rschindler14 (14/20),0,0,,,,
2328,5211103577,rschindler14 (15/20),0,0,,,,
2328,5211103578,rschindler14 (16/20),0,0,,,,
2328,5211103579,rschindler14 (17/20),0,0,,,,
2328,5211103580,rschindler14 (18/20),0,0,,,,
2328,5211103581,rschindler14 (19/20),0,0,,,,
2328,5211103582,rschindler14 (20/20),0,0,,,,
2328,5211162323,UGENLEWIN,0,0,,,,
2328,5211171446,kchomer,0,0,,,,
