Position,Name + ID,Name,ID,Roster Position,Salary,Game Info,TeamAbbrev,AvgPointsPerGame,Status,Starting
SP,Jacob Misiorowski (43803759),Jacob Misiorowski,43803759,P,12500,MIL@SD 08/11/2026 09:40PM ET,MIL,29.09,,
SP,Cam Schlittler (43803760),Cam Schlittler,43803760,P,11700,SEA@NYY 08/11/2026 07:05PM ET,NYY,23.07,,
SP,Chase Burns (43803761),Chase Burns,43803761,P,11300,CIN@CWS 08/11/2026 07:40PM ET,CIN,20.96,,
SP,Tyler Glasnow (43803762),Tyler Glasnow,43803762,P,11000,KC@LAD 08/11/2026 10:10PM ET,LAD,22.21,IL,
SP,Tarik Skubal (43803763),Tarik Skubal,43803763,P,11000,KC@LAD 08/11/2026 10:10PM ET,LAD,21.85,,
SP,Cristopher Sanchez (43803159),Cristopher Sanchez,43803159,P,10700,PHI@STL 08/11/2026 07:45PM ET,PHI,22.9,,P
SP,Zack Wheeler (43803764),Zack Wheeler,43803764,P,10700,PHI@STL 08/11/2026 07:45PM ET,PHI,22.12,,
SP,Dylan Cease (43803160),Dylan Cease,43803160,P,10500,BOS@TOR 08/11/2026 07:07PM ET,TOR,25.73,,P
SP,Logan Henderson (43803765),Logan Henderson,43803765,P,10500,MIL@SD 08/11/2026 09:40PM ET,MIL,20.14,,
SP,Logan Gilbert (43803766),Logan Gilbert,43803766,P,10300,SEA@NYY 08/11/2026 07:05PM ET,SEA,19.26,,
SP,Yoshinobu Yamamoto (43803767),Yoshinobu Yamamoto,43803767,P,10000,KC@LAD 08/11/2026 10:10PM ET,LAD,21.68,,
SP,Nolan McLean (43803161),Nolan McLean,43803161,P,9700,NYM@ATL 08/11/2026 07:15PM ET,NYM,19,,P
SP,Jesus Luzardo (43803768),Jesus Luzardo,43803768,P,9700,PHI@STL 08/11/2026 07:45PM ET,PHI,21,,
SP,Chris Sale (43803769),Chris Sale,43803769,P,9600,NYM@ATL 08/11/2026 07:15PM ET,ATL,23.1,,
SP,Spencer Schwellenbach (43803770),Spencer Schwellenbach,43803770,P,9600,NYM@ATL 08/11/2026 07:15PM ET,ATL,0,IL,
SP,Kyle Harrison (43803162),Kyle Harrison,43803162,P,9500,MIL@SD 08/11/2026 09:40PM ET,MIL,19.11,,P
SP,Drew Rasmussen (43803771),Drew Rasmussen,43803771,P,9500,TB@ATH 08/11/2026 09:40PM ET,TB,19.86,,
SP,Brandon Woodruff (43803772),Brandon Woodruff,43803772,P,9500,MIL@SD 08/11/2026 09:40PM ET,MIL,16.73,IL,
SP,Hunter Brown (43803163),Hunter Brown,43803163,P,9300,HOU@SF 08/11/2026 09:45PM ET,HOU,16.16,,P
SP,Nathan Eovaldi (43803773),Nathan Eovaldi,43803773,P,9300,TEX@LAA 08/11/2026 09:38PM ET,TEX,17.65,IL,
SP,Jacob deGrom (43803774),Jacob deGrom,43803774,P,9300,TEX@LAA 08/11/2026 09:38PM ET,TEX,18.39,,
SP,Bryce Miller (43803775),Bryce Miller,43803775,P,9300,SEA@NYY 08/11/2026 07:05PM ET,SEA,18.01,,
SP,George Kirby (43803776),George Kirby,43803776,P,9300,SEA@NYY 08/11/2026 07:05PM ET,SEA,15.68,,
SP,Gerrit Cole (43803777),Gerrit Cole,43803777,P,9200,SEA@NYY 08/11/2026 07:05PM ET,NYY,19.05,,
SP,Max Fried (43803778),Max Fried,43803778,P,9200,SEA@NYY 08/11/2026 07:05PM ET,NYY,17.74,,
SP,Blake Snell (43803164),Blake Snell,43803164,P,9000,KC@LAD 08/11/2026 10:10PM ET,LAD,3.95,IL,P
SP,Payton Tolle (43803779),Payton Tolle,43803779,P,8900,BOS@TOR 08/11/2026 07:07PM ET,BOS,19.13,,
SP,Garrett Crochet (43803780),Garrett Crochet,43803780,P,8900,BOS@TOR 08/11/2026 07:07PM ET,BOS,13.78,IL,
SP,Sonny Gray (43803781),Sonny Gray,43803781,P,8900,BOS@TOR 08/11/2026 07:07PM ET,BOS,17.76,,
SP,Ryan Weathers (43803165),Ryan Weathers,43803165,P,8700,SEA@NYY 08/11/2026 07:05PM ET,NYY,16.53,,P
SP,Carlos Rodon (43803782),Carlos Rodon,43803782,P,8700,SEA@NYY 08/11/2026 07:05PM ET,NYY,17.21,IL,
SP,Corbin Burnes (43803783),Corbin Burnes,43803783,P,8700,COL@ARI 08/11/2026 09:40PM ET,ARI,0,IL,
SP,Michael Soroka (43803784),Michael Soroka,43803784,P,8700,COL@ARI 08/11/2026 09:40PM ET,ARI,17.27,,
SP,Joe Ryan (43803785),Joe Ryan,43803785,P,8700,BAL@MIN 08/11/2026 07:40PM ET,MIN,16.49,IL,
SP,Taj Bradley (43803786),Taj Bradley,43803786,P,8700,BAL@MIN 08/11/2026 07:40PM ET,MIN,18.18,,
SP,Clarke Schmidt (43803787),Clarke Schmidt,43803787,P,8700,SEA@NYY 08/11/2026 07:05PM ET,NYY,0,IL,
SP,Will Warren (43803788),Will Warren,43803788,P,8700,SEA@NYY 08/11/2026 07:05PM ET,NYY,13.7,,
RP,Spencer Strider (43803789),Spencer Strider,43803789,P,8600,NYM@ATL 08/11/2026 07:15PM ET,ATL,14.67,IL,
SP,Sean Burke (43803166),Sean Burke,43803166,P,8500,CIN@CWS 08/11/2026 07:40PM ET,CWS,18.54,,P
SP,Shane McClanahan (43803790),Shane McClanahan,43803790,P,8500,TB@ATH 08/11/2026 09:40PM ET,TB,15.19,IL,
SP,Nick Pivetta (43803791),Nick Pivetta,43803791,P,8500,MIL@SD 08/11/2026 09:40PM ET,SD,15.3,IL,
SP,Casey Mize (43803792),Casey Mize,43803792,P,8500,MIL@SD 08/11/2026 09:40PM ET,SD,15.58,,
SP,Cody Ponce (43803793),Cody Ponce,43803793,P,8500,BOS@TOR 08/11/2026 07:07PM ET,TOR,8.05,IL,
SP,Trey Yesavage (43803794),Trey Yesavage,43803794,P,8500,BOS@TOR 08/11/2026 07:07PM ET,TOR,15.08,IL,
SP,Brandon Sproat (43803795),Brandon Sproat,43803795,P,8500,MIL@SD 08/11/2026 09:40PM ET,MIL,10.87,,
RP,Shane Drohan (43803796),Shane Drohan,43803796,P,8500,MIL@SD 08/11/2026 09:40PM ET,MIL,11.65,,
SP,Ranger Suarez (43803797),Ranger Suarez,43803797,P,8400,BOS@TOR 08/11/2026 07:07PM ET,BOS,15.67,,
SP,Bryan Woo (43803167),Bryan Woo,43803167,P,8300,SEA@NYY 08/11/2026 07:05PM ET,SEA,16.44,,P
SP,MacKenzie Gore (43803798),MacKenzie Gore,43803798,P,8300,TEX@LAA 08/11/2026 09:38PM ET,TEX,15.53,,
SP,Hunter Greene (43803799),Hunter Greene,43803799,P,8300,CIN@CWS 08/11/2026 07:40PM ET,CIN,14.29,IL,
RP,Jacob Latz (43803800),Jacob Latz,43803800,P,8300,TEX@LAA 08/11/2026 09:38PM ET,TEX,4.73,,
SP,Peter Lambert (43803801),Peter Lambert,43803801,P,8300,HOU@SF 08/11/2026 09:45PM ET,HOU,17.42,,
SP,Logan Webb (43803802),Logan Webb,43803802,P,8300,HOU@SF 08/11/2026 09:45PM ET,SF,16.08,,
SP,Pablo Lopez (43803803),Pablo Lopez,43803803,P,8200,BAL@MIN 08/11/2026 07:40PM ET,MIN,0,IL,
SP,Mick Abel (43803804),Mick Abel,43803804,P,8200,BAL@MIN 08/11/2026 07:40PM ET,MIN,14.19,IL,
RP,Kyle Leahy (43803805),Kyle Leahy,43803805,P,8100,PHI@STL 08/11/2026 07:45PM ET,STL,13.78,,
SP,Michael Wacha (43803168),Michael Wacha,43803168,P,8000,KC@LAD 08/11/2026 10:10PM ET,KC,15.45,,P
SP,Kris Bubic (43803806),Kris Bubic,43803806,P,8000,KC@LAD 08/11/2026 10:10PM ET,LAD,15.94,IL,
SP,Justin Wrobleski (43803807),Justin Wrobleski,43803807,P,8000,KC@LAD 08/11/2026 10:10PM ET,LAD,16.4,,
SP,Reid Detmers (43803808),Reid Detmers,43803808,P,8000,TEX@LAA 08/11/2026 09:38PM ET,LAA,17.22,,
RP,J.T. Ginn (43803809),J.T. Ginn,43803809,P,8000,TB@ATH 08/11/2026 09:40PM ET,ATH,13.91,,
SP,Roki Sasaki (43803810),Roki Sasaki,43803810,P,8000,KC@LAD 08/11/2026 10:10PM ET,LAD,13.94,,
RP,Randy Dobnak (43803811),Randy Dobnak,43803811,P,8000,KC@LAD 08/11/2026 10:10PM ET,KC,11.74,,
SP,Cole Ragans (43803812),Cole Ragans,43803812,P,8000,KC@LAD 08/11/2026 10:10PM ET,KC,13.19,IL,
SP,Noah Cameron (43803813),Noah Cameron,43803813,P,8000,KC@LAD 08/11/2026 10:10PM ET,KC,13.96,,
SP,Jake Bennett (43803814),Jake Bennett,43803814,P,7900,BOS@TOR 08/11/2026 07:07PM ET,BOS,15.9,,
SP,Brandon Young (43803169),Brandon Young,43803169,P,7800,BAL@MIN 08/11/2026 07:40PM ET,BAL,14.66,,P
SP,Trevor Rogers (43803815),Trevor Rogers,43803815,P,7800,BAL@MIN 08/11/2026 07:40PM ET,BAL,13.55,,
SP,Kyle Bradish (43803816),Kyle Bradish,43803816,P,7800,BAL@MIN 08/11/2026 07:40PM ET,BAL,14.93,,
SP,Shane Baz (43803817),Shane Baz,43803817,P,7800,BAL@MIN 08/11/2026 07:40PM ET,BAL,15.07,,
SP,Zach Eflin (43803818),Zach Eflin,43803818,P,7800,BAL@MIN 08/11/2026 07:40PM ET,BAL,16.65,IL,
SP,Jackson Rutledge (43803819),Jackson Rutledge,43803819,P,7700,PHI@STL 08/11/2026 07:45PM ET,PHI,-11.8,,
SP,Aaron Nola (43803820),Aaron Nola,43803820,P,7700,PHI@STL 08/11/2026 07:45PM ET,PHI,12.08,,
SP,Eduardo Rodriguez (43803821),Eduardo Rodriguez,43803821,P,7700,COL@ARI 08/11/2026 09:40PM ET,ARI,15.7,,
SP,Christian Scott (43803822),Christian Scott,43803822,P,7700,NYM@ATL 08/11/2026 07:15PM ET,NYM,15.23,,
SP,Tylor Megill (43803823),Tylor Megill,43803823,P,7700,NYM@ATL 08/11/2026 07:15PM ET,NYM,0,IL,
SP,Zac Thornton (43803824),Zac Thornton,43803824,P,7700,NYM@ATL 08/11/2026 07:15PM ET,NYM,15.24,,
SP,Sean Manaea (43803825),Sean Manaea,43803825,P,7700,NYM@ATL 08/11/2026 07:15PM ET,NYM,10.84,,
RP,Owen Murphy (43803826),Owen Murphy,43803826,P,7600,NYM@ATL 08/11/2026 07:15PM ET,ATL,5.2,,
SP,Bryce Elder (43803827),Bryce Elder,43803827,P,7600,NYM@ATL 08/11/2026 07:15PM ET,ATL,14.18,,
RP,Reynaldo Lopez (43803828),Reynaldo Lopez,43803828,P,7600,NYM@ATL 08/11/2026 07:15PM ET,ATL,8.04,IL,
SP,Nick Martinez (43803170),Nick Martinez,43803170,P,7500,TB@ATH 08/11/2026 09:40PM ET,TB,14.42,,P
RP,Griffin Jax (43803829),Griffin Jax,43803829,P,7500,TB@ATH 08/11/2026 09:40PM ET,TB,9.95,IL,
RP,Joe Boyle (43803830),Joe Boyle,43803830,P,7500,TB@ATH 08/11/2026 09:40PM ET,TB,13.02,,
RP,David Sandlin (43803831),David Sandlin,43803831,P,7500,CIN@CWS 08/11/2026 07:40PM ET,CWS,10.5,,
SP,Joe Musgrove (43803832),Joe Musgrove,43803832,P,7500,MIL@SD 08/11/2026 09:40PM ET,SD,0,IL,
RP,Michael King (43803833),Michael King,43803833,P,7500,MIL@SD 08/11/2026 09:40PM ET,SD,15.47,,
SP,Robbie Ray (43803834),Robbie Ray,43803834,P,7500,MIL@SD 08/11/2026 09:40PM ET,SD,15.25,,
SP,Dustin May (43803835),Dustin May,43803835,P,7500,MIL@SD 08/11/2026 09:40PM ET,MIL,13.97,,
SP,Chad Patrick (43803836),Chad Patrick,43803836,P,7500,MIL@SD 08/11/2026 09:40PM ET,MIL,6.2,,
SP,Robert Gasser (43803837),Robert Gasser,43803837,P,7500,MIL@SD 08/11/2026 09:40PM ET,MIL,12.56,,
SP,Spencer Arrighetti (43803838),Spencer Arrighetti,43803838,P,7500,BOS@TOR 08/11/2026 07:07PM ET,TOR,13.58,IL,
SP,Jose Soriano (43803839),Jose Soriano,43803839,P,7500,BOS@TOR 08/11/2026 07:07PM ET,TOR,16.97,,
SP,Jose Berrios (43803840),Jose Berrios,43803840,P,7500,BOS@TOR 08/11/2026 07:07PM ET,TOR,0,IL,
SP,Luis Castillo (43803841),Luis Castillo,43803841,P,7500,CIN@CWS 08/11/2026 07:40PM ET,CWS,10.22,,
RP,Ian Seymour (43803842),Ian Seymour,43803842,P,7500,TB@ATH 08/11/2026 09:40PM ET,TB,8.04,,
SP,Cody Bradford (43803171),Cody Bradford,43803171,P,7300,TEX@LAA 08/11/2026 09:38PM ET,TEX,15.55,,P
SP,Andrew Abbott (43803843),Andrew Abbott,43803843,P,7300,CIN@CWS 08/11/2026 07:40PM ET,CIN,12.28,,
SP,Logan Evans (43803844),Logan Evans,43803844,P,7300,SEA@NYY 08/11/2026 07:05PM ET,SEA,0,IL,
RP,Cooper Criswell (43803845),Cooper Criswell,43803845,P,7300,SEA@NYY 08/11/2026 07:05PM ET,SEA,2.95,IL,
SP,Emerson Hancock (43803846),Emerson Hancock,43803846,P,7300,SEA@NYY 08/11/2026 07:05PM ET,SEA,15.65,,
SP,Tatsuya Imai (43803847),Tatsuya Imai,43803847,P,7300,HOU@SF 08/11/2026 09:45PM ET,HOU,11.52,,
RP,Kai-Wei Teng (43803848),Kai-Wei Teng,43803848,P,7300,HOU@SF 08/11/2026 09:45PM ET,HOU,7.2,,
SP,Brandon Walter (43803849),Brandon Walter,43803849,P,7300,HOU@SF 08/11/2026 09:45PM ET,HOU,0,IL,
RP,Hayden Wesneski (43803850),Hayden Wesneski,43803850,P,7300,HOU@SF 08/11/2026 09:45PM ET,HOU,14.73,,
SP,Cristian Javier (43803851),Cristian Javier,43803851,P,7300,HOU@SF 08/11/2026 09:45PM ET,HOU,4.46,,
SP,Mike Burrows (43803852),Mike Burrows,43803852,P,7300,HOU@SF 08/11/2026 09:45PM ET,HOU,9.02,IL,
RP,Jason Alexander (43803853),Jason Alexander,43803853,P,7300,HOU@SF 08/11/2026 09:45PM ET,HOU,4.31,,
RP,Landen Roupp (43803854),Landen Roupp,43803854,P,7300,HOU@SF 08/11/2026 09:45PM ET,SF,14.69,,
SP,Andre Pallante (43803172),Andre Pallante,43803172,P,7100,PHI@STL 08/11/2026 07:45PM ET,STL,14.1,,P
RP,Matthew Liberatore (43803855),Matthew Liberatore,43803855,P,7100,PHI@STL 08/11/2026 07:45PM ET,STL,11.26,,
SP,Michael McGreevy (43803856),Michael McGreevy,43803856,P,7100,PHI@STL 08/11/2026 07:45PM ET,STL,11.96,,
SP,Hunter Dobbins (43803857),Hunter Dobbins,43803857,P,7100,PHI@STL 08/11/2026 07:45PM ET,STL,13.63,,
SP,Quinn Mathews (43803858),Quinn Mathews,43803858,P,7100,PHI@STL 08/11/2026 07:45PM ET,STL,7.85,,
SP,Emmet Sheehan (43803859),Emmet Sheehan,43803859,P,7000,KC@LAD 08/11/2026 10:10PM ET,LAD,12.8,,
SP,Yusei Kikuchi (43803860),Yusei Kikuchi,43803860,P,7000,TEX@LAA 08/11/2026 09:38PM ET,LAA,9.39,IL,
RP,Walbert Urena (43803861),Walbert Urena,43803861,P,7000,TEX@LAA 08/11/2026 09:38PM ET,LAA,14.44,,
SP,Luis Morales (43803862),Luis Morales,43803862,P,7000,TB@ATH 08/11/2026 09:40PM ET,ATH,-2.24,,
SP,Luis Severino (43803863),Luis Severino,43803863,P,7000,TB@ATH 08/11/2026 09:40PM ET,ATH,13.72,IL,
RP,Jack Perkins (43803864),Jack Perkins,43803864,P,7000,TB@ATH 08/11/2026 09:40PM ET,ATH,6.18,,
SP,Gage Jump (43803865),Gage Jump,43803865,P,7000,TB@ATH 08/11/2026 09:40PM ET,ATH,15.29,,
RP,Seth Lugo (43803866),Seth Lugo,43803866,P,7000,KC@LAD 08/11/2026 10:10PM ET,KC,11.85,,
RP,Stephen Kolek (43803867),Stephen Kolek,43803867,P,7000,KC@LAD 08/11/2026 10:10PM ET,KC,11.51,IL,
SP,Patrick Sandoval (43803173),Patrick Sandoval,43803173,P,6900,BOS@TOR 08/11/2026 07:07PM ET,BOS,13.08,,P
SP,Kutter Crawford (43803868),Kutter Crawford,43803868,P,6900,BOS@TOR 08/11/2026 07:07PM ET,BOS,0,IL,
SP,Tanner Houck (43803869),Tanner Houck,43803869,P,6900,BOS@TOR 08/11/2026 07:07PM ET,BOS,0,IL,
RP,Albert Suarez (43803870),Albert Suarez,43803870,P,6800,BAL@MIN 08/11/2026 07:40PM ET,BAL,4.73,,
SP,Cade Povich (43803871),Cade Povich,43803871,P,6800,BAL@MIN 08/11/2026 07:40PM ET,BAL,10.19,,
SP,Bailey Ober (43803174),Bailey Ober,43803174,P,6700,BAL@MIN 08/11/2026 07:40PM ET,MIN,12.19,,P
RP,Kendry Rojas (43803872),Kendry Rojas,43803872,P,6700,BAL@MIN 08/11/2026 07:40PM ET,MIN,7.43,,
RP,Jack Anderson (43803873),Jack Anderson,43803873,P,6700,BAL@MIN 08/11/2026 07:40PM ET,MIN,5.99,,
SP,Connor Prielipp (43803874),Connor Prielipp,43803874,P,6700,BAL@MIN 08/11/2026 07:40PM ET,MIN,13.6,,
SP,Zebby Matthews (43803875),Zebby Matthews,43803875,P,6700,BAL@MIN 08/11/2026 07:40PM ET,MIN,12.58,DTD,
SP,David Festa (43803876),David Festa,43803876,P,6700,BAL@MIN 08/11/2026 07:40PM ET,MIN,0,IL,
RP,Paul Blackburn (43803877),Paul Blackburn,43803877,P,6700,SEA@NYY 08/11/2026 07:05PM ET,NYY,4.5,,
RP,Ryan Yarbrough (43803878),Ryan Yarbrough,43803878,P,6700,SEA@NYY 08/11/2026 07:05PM ET,NYY,3.01,,
RP,Elmer Rodriguez (43803879),Elmer Rodriguez,43803879,P,6700,SEA@NYY 08/11/2026 07:05PM ET,NYY,5.11,,
SP,Luis Gil (43803880),Luis Gil,43803880,P,6700,SEA@NYY 08/11/2026 07:05PM ET,NYY,5.52,IL,
SP,Ryne Nelson (43803881),Ryne Nelson,43803881,P,6700,COL@ARI 08/11/2026 09:40PM ET,ARI,11.11,IL,
SP,Merrill Kelly (43803882),Merrill Kelly,43803882,P,6700,COL@ARI 08/11/2026 09:40PM ET,ARI,10.81,DTD,
RP,Kohl Drake (43803883),Kohl Drake,43803883,P,6700,COL@ARI 08/11/2026 09:40PM ET,ARI,6.52,,
SP,Brandon Pfaadt (43803884),Brandon Pfaadt,43803884,P,6700,COL@ARI 08/11/2026 09:40PM ET,ARI,9.17,,
RP,Justin Hagenman (43803885),Justin Hagenman,43803885,P,6700,NYM@ATL 08/11/2026 07:15PM ET,NYM,0,IL,
RP,Chayce McDermott (43803886),Chayce McDermott,43803886,P,6700,NYM@ATL 08/11/2026 07:15PM ET,NYM,4.45,,
SP,Tobias Myers (43803887),Tobias Myers,43803887,P,6700,NYM@ATL 08/11/2026 07:15PM ET,NYM,2.58,,
RP,Xzavion Curry (43803888),Xzavion Curry,43803888,P,6700,NYM@ATL 08/11/2026 07:15PM ET,NYM,4.77,,
SP,Martin Perez (43803175),Martin Perez,43803175,P,6600,NYM@ATL 08/11/2026 07:15PM ET,ATL,12.25,,P
OF,Yordan Alvarez (43803183),Yordan Alvarez,43803183,OF,6600,HOU@SF 08/11/2026 09:45PM ET,HOU,10.38,,
SP,Tyler Mahle (43803889),Tyler Mahle,43803889,P,6600,NYM@ATL 08/11/2026 07:15PM ET,ATL,12.8,,
SP,JR Ritchie (43803890),JR Ritchie,43803890,P,6600,NYM@ATL 08/11/2026 07:15PM ET,ATL,9.08,,
RP,AJ Smith-Shawver (43803891),AJ Smith-Shawver,43803891,P,6600,NYM@ATL 08/11/2026 07:15PM ET,ATL,10.15,,
RP,Joey Wentz (43803892),Joey Wentz,43803892,P,6600,NYM@ATL 08/11/2026 07:15PM ET,ATL,0,IL,
SP,Hurston Waldrep (43803893),Hurston Waldrep,43803893,P,6600,NYM@ATL 08/11/2026 07:15PM ET,ATL,2.33,IL,
RP,Didier Fuentes (43803894),Didier Fuentes,43803894,P,6600,NYM@ATL 08/11/2026 07:15PM ET,ATL,4.82,,
RP,Grant Holmes (43803895),Grant Holmes,43803895,P,6600,NYM@ATL 08/11/2026 07:15PM ET,ATL,12.73,,
RP,Victor Mederos (43803896),Victor Mederos,43803896,P,6600,NYM@ATL 08/11/2026 07:15PM ET,ATL,4.11,,
SP,Walker Buehler (43803176),Walker Buehler,43803176,P,6500,MIL@SD 08/11/2026 09:40PM ET,SD,10.37,,P
3B,Junior Caminero (43803184),Junior Caminero,43803184,3B,6500,TB@ATH 08/11/2026 09:40PM ET,TB,9.18,,
SP,Jonathan Cannon (43803897),Jonathan Cannon,43803897,P,6500,CIN@CWS 08/11/2026 07:40PM ET,CWS,-3.8,,
RP,Shane Smith (43803898),Shane Smith,43803898,P,6500,CIN@CWS 08/11/2026 07:40PM ET,CWS,2.52,,
SP,Steven Matz (43803899),Steven Matz,43803899,P,6500,TB@ATH 08/11/2026 09:40PM ET,TB,6.16,,
RP,Jesse Scholtens (43803900),Jesse Scholtens,43803900,P,6500,TB@ATH 08/11/2026 09:40PM ET,TB,11.42,,
SP,Freddy Peralta (43803901),Freddy Peralta,43803901,P,6500,TB@ATH 08/11/2026 09:40PM ET,TB,11.84,,
SP,Davis Martin (43803902),Davis Martin,43803902,P,6500,CIN@CWS 08/11/2026 07:40PM ET,CWS,13.6,,
SP,Ryan Pepiot (43803903),Ryan Pepiot,43803903,P,6500,TB@ATH 08/11/2026 09:40PM ET,TB,0,IL,
RP,Mason Englert (43803904),Mason Englert,43803904,P,6500,TB@ATH 08/11/2026 09:40PM ET,TB,5.55,,
SP,Tyler Wells (43803905),Tyler Wells,43803905,P,6500,TB@ATH 08/11/2026 09:40PM ET,TB,4.23,,
SP,JP Sears (43803906),JP Sears,43803906,P,6500,MIL@SD 08/11/2026 09:40PM ET,SD,9.24,,
SP,Lucas Giolito (43803907),Lucas Giolito,43803907,P,6500,MIL@SD 08/11/2026 09:40PM ET,SD,6.16,IL,
SP,German Marquez (43803908),German Marquez,43803908,P,6500,MIL@SD 08/11/2026 09:40PM ET,SD,7.59,,
SP,Shane Bieber (43803909),Shane Bieber,43803909,P,6500,BOS@TOR 08/11/2026 07:07PM ET,TOR,8.6,,
RP,Zach Agnos (43803910),Zach Agnos,43803910,P,6500,COL@ARI 08/11/2026 09:40PM ET,COL,2.96,,
SP,Chase Dollander (43803911),Chase Dollander,43803911,P,6500,COL@ARI 08/11/2026 09:40PM ET,COL,13.1,IL,
RP,DL Hall (43803912),DL Hall,43803912,P,6500,MIL@SD 08/11/2026 09:40PM ET,MIL,3.66,,
SP,Coleman Crow (43803913),Coleman Crow,43803913,P,6500,MIL@SD 08/11/2026 09:40PM ET,MIL,4.64,,
RP,Antonio Senzatela (43803914),Antonio Senzatela,43803914,P,6500,MIL@SD 08/11/2026 09:40PM ET,MIL,4.46,,
SP,Max Scherzer (43803915),Max Scherzer,43803915,P,6500,BOS@TOR 08/11/2026 07:07PM ET,TOR,5.27,,
SP,Colton Gordon (43803916),Colton Gordon,43803916,P,6500,MIL@SD 08/11/2026 09:40PM ET,MIL,1,,
SP,Quinn Priester (43803917),Quinn Priester,43803917,P,6500,MIL@SD 08/11/2026 09:40PM ET,MIL,0,IL,
SP,Ryan Feltner (43803918),Ryan Feltner,43803918,P,6500,COL@ARI 08/11/2026 09:40PM ET,COL,8.38,,
RP,Gabriel Hughes (43803919),Gabriel Hughes,43803919,P,6500,COL@ARI 08/11/2026 09:40PM ET,COL,9.82,,
RP,Mike Vasil (43803920),Mike Vasil,43803920,P,6500,CIN@CWS 08/11/2026 07:40PM ET,CWS,0,IL,
SP,Erick Fedde (43803921),Erick Fedde,43803921,P,6500,CIN@CWS 08/11/2026 07:40PM ET,CWS,8.94,,
RP,Anthony Kay (43803922),Anthony Kay,43803922,P,6500,CIN@CWS 08/11/2026 07:40PM ET,CWS,11.45,,
1B/OF,Shohei Ohtani (43803185),Shohei Ohtani,43803185,1B/OF,6400,KC@LAD 08/11/2026 10:10PM ET,LAD,9.59,,
SP,Brayan Bello (43803923),Brayan Bello,43803923,P,6400,BOS@TOR 08/11/2026 07:07PM ET,BOS,9.36,,
RP,Eduardo Rivera (43803924),Eduardo Rivera,43803924,P,6400,BOS@TOR 08/11/2026 07:07PM ET,BOS,5.03,,
SP,Johan Oviedo (43803925),Johan Oviedo,43803925,P,6400,BOS@TOR 08/11/2026 07:07PM ET,BOS,1.45,IL,
SP,Nick Lodolo (43803177),Nick Lodolo,43803177,P,6300,CIN@CWS 08/11/2026 07:40PM ET,CIN,10.75,IL,P
SP,Brady Singer (43803926),Brady Singer,43803926,P,6300,CIN@CWS 08/11/2026 07:40PM ET,CIN,11.58,,
SP,Kumar Rocker (43803927),Kumar Rocker,43803927,P,6300,TEX@LAA 08/11/2026 09:38PM ET,TEX,12.19,,
SP,Jack Leiter (43803928),Jack Leiter,43803928,P,6300,TEX@LAA 08/11/2026 09:38PM ET,TEX,12.71,IL,
RP,Cal Quantrill (43803929),Cal Quantrill,43803929,P,6300,TEX@LAA 08/11/2026 09:38PM ET,TEX,6.16,,
SP,Rhett Lowder (43803930),Rhett Lowder,43803930,P,6300,CIN@CWS 08/11/2026 07:40PM ET,CIN,8.83,,
RP,AJ Blubaugh (43803931),AJ Blubaugh,43803931,P,6300,HOU@SF 08/11/2026 09:45PM ET,HOU,4.87,,
SP,Ronel Blanco (43803932),Ronel Blanco,43803932,P,6300,HOU@SF 08/11/2026 09:45PM ET,HOU,7.82,,
RP,Trevor McDonald (43803933),Trevor McDonald,43803933,P,6300,HOU@SF 08/11/2026 09:45PM ET,SF,10.13,IL,
SP,Brandon Williamson (43803934),Brandon Williamson,43803934,P,6300,CIN@CWS 08/11/2026 07:40PM ET,CIN,6.93,IL,
1B,Kyle Schwarber (43803187),Kyle Schwarber,43803187,1B,6200,PHI@STL 08/11/2026 07:45PM ET,PHI,9.23,,
SS,Elly De La Cruz (43803188),Elly De La Cruz,43803188,SS,6100,CIN@CWS 08/11/2026 07:40PM ET,CIN,9.81,,
SP,Tekoah Roby (43803935),Tekoah Roby,43803935,P,6100,PHI@STL 08/11/2026 07:45PM ET,STL,0,IL,
SP,Brycen Mautz (43803936),Brycen Mautz,43803936,P,6100,PHI@STL 08/11/2026 07:45PM ET,STL,3.15,,
SP,Richard Fitts (43803937),Richard Fitts,43803937,P,6100,PHI@STL 08/11/2026 07:45PM ET,STL,0,IL,
SP,Mason Barnett (43803178),Mason Barnett,43803178,P,6000,TB@ATH 08/11/2026 09:40PM ET,ATH,5.07,,P
OF,Fernando Tatis Jr. (43803189),Fernando Tatis Jr.,43803189,OF,6000,MIL@SD 08/11/2026 09:40PM ET,SD,8.45,,
OF,Aaron Judge (43803540),Aaron Judge,43803540,OF,6000,SEA@NYY 08/11/2026 07:05PM ET,NYY,9.71,IL,
SP,Gavin Stone (43803938),Gavin Stone,43803938,P,6000,KC@LAD 08/11/2026 10:10PM ET,LAD,0,IL,
SP,Bobby Miller (43803939),Bobby Miller,43803939,P,6000,KC@LAD 08/11/2026 10:10PM ET,LAD,0,IL,
SP,Landon Knack (43803940),Landon Knack,43803940,P,6000,KC@LAD 08/11/2026 10:10PM ET,LAD,1.92,,
RP,Eric Lauer (43803941),Eric Lauer,43803941,P,6000,KC@LAD 08/11/2026 10:10PM ET,LAD,9.64,,
RP,Mitch Farris (43803942),Mitch Farris,43803942,P,6000,TEX@LAA 08/11/2026 09:38PM ET,LAA,4.64,,
SP,Grayson Rodriguez (43803943),Grayson Rodriguez,43803943,P,6000,TEX@LAA 08/11/2026 09:38PM ET,LAA,7.61,,
SP,Alec Marsh (43803944),Alec Marsh,43803944,P,6000,KC@LAD 08/11/2026 10:10PM ET,KC,0,IL,
SP,Ben Kudrna (43803945),Ben Kudrna,43803945,P,6000,KC@LAD 08/11/2026 10:10PM ET,KC,0,IL,
RP,Connor Thomas (43803946),Connor Thomas,43803946,P,6000,KC@LAD 08/11/2026 10:10PM ET,KC,-10.18,,
RP,Ryan Bergert (43803947),Ryan Bergert,43803947,P,6000,KC@LAD 08/11/2026 10:10PM ET,KC,0,IL,
RP,Luinder Avila (43803948),Luinder Avila,43803948,P,6000,KC@LAD 08/11/2026 10:10PM ET,KC,6.98,IL,
RP,Mitch Spence (43803949),Mitch Spence,43803949,P,6000,KC@LAD 08/11/2026 10:10PM ET,KC,-9.27,IL,
RP,Daniel Lynch IV (43803950),Daniel Lynch IV,43803950,P,6000,KC@LAD 08/11/2026 10:10PM ET,KC,3,,
RP,Mason Black (43803951),Mason Black,43803951,P,6000,KC@LAD 08/11/2026 10:10PM ET,KC,3.45,,
SP,Gunnar Hoglund (43803952),Gunnar Hoglund,43803952,P,6000,TB@ATH 08/11/2026 09:40PM ET,ATH,0,IL,
SP,Kade Morris (43803953),Kade Morris,43803953,P,6000,TB@ATH 08/11/2026 09:40PM ET,ATH,-2.17,,
RP,Yunior Tur (43803954),Yunior Tur,43803954,P,6000,TB@ATH 08/11/2026 09:40PM ET,ATH,-12.8,,
SP,Luis Medina (43803955),Luis Medina,43803955,P,6000,TB@ATH 08/11/2026 09:40PM ET,ATH,4,,
RP,Seth Johnson (43803956),Seth Johnson,43803956,P,6000,TB@ATH 08/11/2026 09:40PM ET,ATH,2.28,,
RP,Jacob Lopez (43803957),Jacob Lopez,43803957,P,6000,TB@ATH 08/11/2026 09:40PM ET,ATH,9.36,,
RP,Jeffrey Springs (43803958),Jeffrey Springs,43803958,P,6000,TB@ATH 08/11/2026 09:40PM ET,ATH,8.44,IL,
RP,Joey Estes (43803959),Joey Estes,43803959,P,6000,TB@ATH 08/11/2026 09:40PM ET,ATH,6.15,,
RP,Jose Suarez (43803960),Jose Suarez,43803960,P,6000,TB@ATH 08/11/2026 09:40PM ET,ATH,3.18,,
1B,Ben Rice (43803190),Ben Rice,43803190,1B,5900,SEA@NYY 08/11/2026 07:05PM ET,NYY,9.09,,
SS,Bobby Witt Jr. (43803191),Bobby Witt Jr.,43803191,SS,5800,KC@LAD 08/11/2026 10:10PM ET,KC,9.2,,
RP,Keegan Akin (43803961),Keegan Akin,43803961,P,5800,BAL@MIN 08/11/2026 07:40PM ET,BAL,1.53,IL,
SP,Chris Bassitt (43803962),Chris Bassitt,43803962,P,5800,BAL@MIN 08/11/2026 07:40PM ET,BAL,7.56,IL,
SP,Trey Gibson (43803963),Trey Gibson,43803963,P,5800,BAL@MIN 08/11/2026 07:40PM ET,BAL,5.73,,
SP,Mitch Bratt (43803179),Mitch Bratt,43803179,P,5700,COL@ARI 08/11/2026 09:40PM ET,ARI,9.74,,P
1B/OF,Bryce Harper (43803192),Bryce Harper,43803192,1B/OF,5700,PHI@STL 08/11/2026 07:45PM ET,PHI,8.65,,
OF,Juan Soto (43803541),Juan Soto,43803541,OF,5700,NYM@ATL 08/11/2026 07:15PM ET,NYM,9.27,IL,
RP,Yoendrys Gomez (43803964),Yoendrys Gomez,43803964,P,5700,BAL@MIN 08/11/2026 07:40PM ET,MIN,2.94,,
RP,Marco Raya (43803965),Marco Raya,43803965,P,5700,BAL@MIN 08/11/2026 07:40PM ET,MIN,4.23,,
RP,Mike Paredes (43803966),Mike Paredes,43803966,P,5700,BAL@MIN 08/11/2026 07:40PM ET,MIN,5.34,IL,
SP,Dean Kremer (43803967),Dean Kremer,43803967,P,5700,BAL@MIN 08/11/2026 07:40PM ET,MIN,13.38,,
RP,Brian Keller (43803968),Brian Keller,43803968,P,5700,PHI@STL 08/11/2026 07:45PM ET,PHI,9.55,,
RP,Moises Chace (43803969),Moises Chace,43803969,P,5700,PHI@STL 08/11/2026 07:45PM ET,PHI,0,IL,
SP,Lenny Torres (43803970),Lenny Torres,43803970,P,5700,PHI@STL 08/11/2026 07:45PM ET,PHI,0,,
RP,Caleb Kilian (43803971),Caleb Kilian,43803971,P,5700,PHI@STL 08/11/2026 07:45PM ET,PHI,2.93,IL,
SP,Alex McFarlane (43803972),Alex McFarlane,43803972,P,5700,PHI@STL 08/11/2026 07:45PM ET,PHI,1.65,,
SP,Andrew Painter (43803973),Andrew Painter,43803973,P,5700,PHI@STL 08/11/2026 07:45PM ET,PHI,8.18,,
RP,Alan Rangel (43803974),Alan Rangel,43803974,P,5700,PHI@STL 08/11/2026 07:45PM ET,PHI,7.84,,
RP,Brad Keller (43803975),Brad Keller,43803975,P,5700,PHI@STL 08/11/2026 07:45PM ET,PHI,2.75,IL,
RP,Robert Stock (43803976),Robert Stock,43803976,P,5700,NYM@ATL 08/11/2026 07:15PM ET,NYM,2.6,,
SP,Dylan Ray (43803977),Dylan Ray,43803977,P,5700,COL@ARI 08/11/2026 09:40PM ET,ARI,0,,
RP,Gerardo Carrillo (43803978),Gerardo Carrillo,43803978,P,5700,COL@ARI 08/11/2026 09:40PM ET,ARI,7.47,,
SP,Cristian Mena (43803979),Cristian Mena,43803979,P,5700,COL@ARI 08/11/2026 09:40PM ET,ARI,0,IL,
SP,Zac Gallen (43803980),Zac Gallen,43803980,P,5700,COL@ARI 08/11/2026 09:40PM ET,ARI,6.44,IL,
SP,Jose Cabrera (43803981),Jose Cabrera,43803981,P,5700,COL@ARI 08/11/2026 09:40PM ET,ARI,6.09,,
SP,Kodai Senga (43803982),Kodai Senga,43803982,P,5700,NYM@ATL 08/11/2026 07:15PM ET,NYM,5.34,,
SP,Jonah Tong (43803983),Jonah Tong,43803983,P,5700,NYM@ATL 08/11/2026 07:15PM ET,NYM,7.83,,
OF,Jackson Chourio (43803194),Jackson Chourio,43803194,OF,5600,MIL@SD 08/11/2026 09:40PM ET,MIL,9.25,,
SP,Tomoyuki Sugano (43803180),Tomoyuki Sugano,43803180,P,5500,COL@ARI 08/11/2026 09:40PM ET,COL,10.64,,P
OF,Ronald Acuna Jr. (43803195),Ronald Acuna Jr.,43803195,OF,5500,NYM@ATL 08/11/2026 07:15PM ET,ATL,8.85,,
1B/3B,Yandy Diaz (43803196),Yandy Diaz,43803196,1B/3B,5500,TB@ATH 08/11/2026 09:40PM ET,TB,8.34,,
RP,Jose Urquidy (43803984),Jose Urquidy,43803984,P,5500,CIN@CWS 08/11/2026 07:40PM ET,CWS,0.81,,
RP,Trevor Richards (43803985),Trevor Richards,43803985,P,5500,CIN@CWS 08/11/2026 07:40PM ET,CWS,3.98,,
RP,Joe Rock (43803986),Joe Rock,43803986,P,5500,CIN@CWS 08/11/2026 07:40PM ET,CWS,6.21,,
SP,Noah Schultz (43803987),Noah Schultz,43803987,P,5500,CIN@CWS 08/11/2026 07:40PM ET,CWS,8.56,,
RP,Grant Taylor (43803988),Grant Taylor,43803988,P,5500,CIN@CWS 08/11/2026 07:40PM ET,CWS,5.54,,
RP,Tanner Gordon (43803989),Tanner Gordon,43803989,P,5500,COL@ARI 08/11/2026 09:40PM ET,COL,7.39,,
SP,Pierson Ohl (43803990),Pierson Ohl,43803990,P,5500,COL@ARI 08/11/2026 09:40PM ET,COL,0,IL,
SP,Kyle Hart (43803991),Kyle Hart,43803991,P,5500,MIL@SD 08/11/2026 09:40PM ET,SD,3.72,,
SP,Griffin Canning (43803992),Griffin Canning,43803992,P,5500,MIL@SD 08/11/2026 09:40PM ET,SD,7.22,,
SP,Randy Vasquez (43803993),Randy Vasquez,43803993,P,5500,MIL@SD 08/11/2026 09:40PM ET,SD,9.35,,
RP,Jhony Brito (43803994),Jhony Brito,43803994,P,5500,MIL@SD 08/11/2026 09:40PM ET,SD,4.33,,
RP,Spencer Miles (43803995),Spencer Miles,43803995,P,5500,BOS@TOR 08/11/2026 07:07PM ET,TOR,6.6,,
SP,Patrick Corbin (43803996),Patrick Corbin,43803996,P,5500,BOS@TOR 08/11/2026 07:07PM ET,TOR,7.5,IL,
RP,Mason Fluharty (43803997),Mason Fluharty,43803997,P,5500,BOS@TOR 08/11/2026 07:07PM ET,TOR,2.51,,
SP,Matt Waldron (43803998),Matt Waldron,43803998,P,5500,BOS@TOR 08/11/2026 07:07PM ET,TOR,4.63,,
SP,Jameson Taillon (43803999),Jameson Taillon,43803999,P,5500,BOS@TOR 08/11/2026 07:07PM ET,TOR,10.05,DTD,
RP,Bowden Francis (43804000),Bowden Francis,43804000,P,5500,BOS@TOR 08/11/2026 07:07PM ET,TOR,0,IL,
SP,Kyle Freeland (43804001),Kyle Freeland,43804001,P,5500,COL@ARI 08/11/2026 09:40PM ET,COL,8.59,,
SP,Sean Sullivan (43804002),Sean Sullivan,43804002,P,5500,COL@ARI 08/11/2026 09:40PM ET,COL,1.89,,
SP,Michael Lorenzen (43804003),Michael Lorenzen,43804003,P,5500,COL@ARI 08/11/2026 09:40PM ET,COL,4.92,,
RP,Jose Quintana (43804004),Jose Quintana,43804004,P,5500,COL@ARI 08/11/2026 09:40PM ET,COL,6.05,IL,
OF,Corbin Carroll (43803198),Corbin Carroll,43803198,OF,5400,COL@ARI 08/11/2026 09:40PM ET,ARI,8.64,,
1B,Freddie Freeman (43803199),Freddie Freeman,43803199,1B,5400,KC@LAD 08/11/2026 10:10PM ET,LAD,8.03,,
C,Hunter Goodman (43803200),Hunter Goodman,43803200,C,5400,COL@ARI 08/11/2026 09:40PM ET,COL,8.81,,
SP,Carson Whisenhunt (43803181),Carson Whisenhunt,43803181,P,5300,HOU@SF 08/11/2026 09:45PM ET,SF,7.53,,P
2B,Brice Turang (43803201),Brice Turang,43803201,2B,5300,MIL@SD 08/11/2026 09:40PM ET,MIL,9.24,,
1B,Munetaka Murakami (43803202),Munetaka Murakami,43803202,1B,5300,CIN@CWS 08/11/2026 07:40PM ET,CWS,9.45,,
OF,Mickey Moniak (43803203),Mickey Moniak,43803203,OF,5300,COL@ARI 08/11/2026 09:40PM ET,COL,7.88,,
SP,Connor Phillips (43804005),Connor Phillips,43804005,P,5300,CIN@CWS 08/11/2026 07:40PM ET,CIN,2.28,,
SP,David Davalillo (43804006),David Davalillo,43804006,P,5300,TEX@LAA 08/11/2026 09:38PM ET,TEX,0,,
SP,Leandro Lopez (43804007),Leandro Lopez,43804007,P,5300,TEX@LAA 08/11/2026 09:38PM ET,TEX,0,IL,
SP,Jose Corniell (43804008),Jose Corniell,43804008,P,5300,TEX@LAA 08/11/2026 09:38PM ET,TEX,-5.62,IL,
SP,Jordan Montgomery (43804009),Jordan Montgomery,43804009,P,5300,TEX@LAA 08/11/2026 09:38PM ET,TEX,2.8,,
RP,Chase Silseth (43804010),Chase Silseth,43804010,P,5300,TEX@LAA 08/11/2026 09:38PM ET,TEX,2.84,,
RP,Tyler Alexander (43804011),Tyler Alexander,43804011,P,5300,TEX@LAA 08/11/2026 09:38PM ET,TEX,2.68,,
SP,Adam Macko (43804012),Adam Macko,43804012,P,5300,TEX@LAA 08/11/2026 09:38PM ET,TEX,2.6,,
SP,Chase Petty (43804013),Chase Petty,43804013,P,5300,CIN@CWS 08/11/2026 07:40PM ET,CIN,2.68,,
RP,Jose Franco (43804014),Jose Franco,43804014,P,5300,CIN@CWS 08/11/2026 07:40PM ET,CIN,3.88,IL,
SP,Miguel Mendez (43804015),Miguel Mendez,43804015,P,5300,HOU@SF 08/11/2026 09:45PM ET,SF,0,IL,
RP,Dylan Smith (43804016),Dylan Smith,43804016,P,5300,HOU@SF 08/11/2026 09:45PM ET,SF,2.74,,
RP,Jose Butto (43804017),Jose Butto,43804017,P,5300,HOU@SF 08/11/2026 09:45PM ET,SF,-0.5,IL,
SP,Keaton Winn (43804018),Keaton Winn,43804018,P,5300,HOU@SF 08/11/2026 09:45PM ET,SF,2.61,,
RP,Carson Seymour (43804019),Carson Seymour,43804019,P,5300,HOU@SF 08/11/2026 09:45PM ET,SF,-0.44,,
RP,Tristan Beck (43804020),Tristan Beck,43804020,P,5300,HOU@SF 08/11/2026 09:45PM ET,SF,0.7,,
SP,Blade Tidwell (43804021),Blade Tidwell,43804021,P,5300,HOU@SF 08/11/2026 09:45PM ET,SF,5.94,,
SP,Adrian Houser (43804022),Adrian Houser,43804022,P,5300,HOU@SF 08/11/2026 09:45PM ET,SF,7.83,,
RP,Hayden Birdsong (43804023),Hayden Birdsong,43804023,P,5300,HOU@SF 08/11/2026 09:45PM ET,SF,0,IL,
RP,JT Brubaker (43804024),JT Brubaker,43804024,P,5300,HOU@SF 08/11/2026 09:45PM ET,SF,3.24,,
C,Ryan Jeffers (43803204),Ryan Jeffers,43803204,C,5200,BAL@MIN 08/11/2026 07:40PM ET,MIN,8.43,,
OF,Jordan Walker (43803205),Jordan Walker,43803205,OF,5200,PHI@STL 08/11/2026 07:45PM ET,STL,9.1,,
1B,Pete Alonso (43803206),Pete Alonso,43803206,1B,5200,BAL@MIN 08/11/2026 07:40PM ET,BAL,8.45,,
3B,Max Muncy (43803207),Max Muncy,43803207,3B,5200,KC@LAD 08/11/2026 10:10PM ET,LAD,7.39,,
1B,Nick Kurtz (43803542),Nick Kurtz,43803542,1B,5200,TB@ATH 08/11/2026 09:40PM ET,ATH,9.22,IL,
OF,Byron Buxton (43803543),Byron Buxton,43803543,OF,5200,BAL@MIN 08/11/2026 07:40PM ET,MIN,9.39,IL,
1B,Willson Contreras (43803208),Willson Contreras,43803208,1B,5100,BOS@TOR 08/11/2026 07:07PM ET,BOS,8.65,,
OF,Mike Trout (43803209),Mike Trout,43803209,OF,5100,TEX@LAA 08/11/2026 09:38PM ET,LAA,8.59,,
SS,Jeremy Pena (43803210),Jeremy Pena,43803210,SS,5100,HOU@SF 08/11/2026 09:45PM ET,HOU,9.06,,
SP,Ryan Johnson (43803182),Ryan Johnson,43803182,P,5000,TEX@LAA 08/11/2026 09:38PM ET,LAA,5.2,,P
1B,Sal Stewart (43803211),Sal Stewart,43803211,1B,5000,CIN@CWS 08/11/2026 07:40PM ET,CIN,8.8,,
OF,Wilyer Abreu (43803212),Wilyer Abreu,43803212,OF,5000,BOS@TOR 08/11/2026 07:07PM ET,BOS,8.08,,
1B,Matt Olson (43803213),Matt Olson,43803213,1B,5000,NYM@ATL 08/11/2026 07:15PM ET,ATL,9.22,,
3B,Manny Machado (43803214),Manny Machado,43803214,3B,5000,MIL@SD 08/11/2026 09:40PM ET,SD,7.3,,
RP,Brett Kerry (43804025),Brett Kerry,43804025,P,5000,TEX@LAA 08/11/2026 09:38PM ET,LAA,11.65,,
SP,George Klassen (43804026),George Klassen,43804026,P,5000,TEX@LAA 08/11/2026 09:38PM ET,LAA,2.83,,
RP,Sam Aldegheri (43804027),Sam Aldegheri,43804027,P,5000,TEX@LAA 08/11/2026 09:38PM ET,LAA,7.15,,
SP,Caden Dana (43804028),Caden Dana,43804028,P,5000,TEX@LAA 08/11/2026 09:38PM ET,LAA,0,,
SP,Jack Kochanowicz (43804029),Jack Kochanowicz,43804029,P,5000,TEX@LAA 08/11/2026 09:38PM ET,LAA,7.26,IL,
OF,Tyler Soderstrom (43803215),Tyler Soderstrom,43803215,OF,4900,TB@ATH 08/11/2026 09:40PM ET,ATH,7.72,,
OF,Andy Pages (43803216),Andy Pages,43803216,OF,4900,KC@LAD 08/11/2026 10:10PM ET,LAD,8.43,,
2B,Ketel Marte (43803217),Ketel Marte,43803217,2B,4900,COL@ARI 08/11/2026 09:40PM ET,ARI,7.9,,
1B,Alec Burleson (43803218),Alec Burleson,43803218,1B,4900,PHI@STL 08/11/2026 07:45PM ET,STL,8.34,,
OF,Cedric Mullins (43803219),Cedric Mullins,43803219,OF,4900,TB@ATH 08/11/2026 09:40PM ET,TB,6.44,,
C,Carter Jensen (43803220),Carter Jensen,43803220,C,4800,KC@LAD 08/11/2026 10:10PM ET,KC,6.67,,
3B,Miguel Vargas (43803221),Miguel Vargas,43803221,3B,4800,CIN@CWS 08/11/2026 07:40PM ET,CWS,8.83,,
1B/OF,Jake Bauers (43803222),Jake Bauers,43803222,1B/OF,4800,MIL@SD 08/11/2026 09:40PM ET,MIL,8.64,,
2B,JJ Wetherholt (43803224),JJ Wetherholt,43803224,2B,4800,PHI@STL 08/11/2026 07:45PM ET,STL,8,,
SS,Gunnar Henderson (43803225),Gunnar Henderson,43803225,SS,4800,BAL@MIN 08/11/2026 07:40PM ET,BAL,7.41,,
OF,Cody Bellinger (43803544),Cody Bellinger,43803544,OF,4800,SEA@NYY 08/11/2026 07:05PM ET,NYY,7.79,IL,
1B,Luis Garcia Jr. (43803226),Luis Garcia Jr.,43803226,1B,4700,SEA@NYY 08/11/2026 07:05PM ET,NYY,7.89,,
OF,Randy Arozarena (43803227),Randy Arozarena,43803227,OF,4700,SEA@NYY 08/11/2026 07:05PM ET,SEA,8.59,,
C,Drake Baldwin (43803228),Drake Baldwin,43803228,C,4700,NYM@ATL 08/11/2026 07:15PM ET,ATL,8.54,,
OF,Jake McCarthy (43803229),Jake McCarthy,43803229,OF,4700,COL@ARI 08/11/2026 09:40PM ET,COL,8.77,,
SS,Trea Turner (43803230),Trea Turner,43803230,SS,4700,PHI@STL 08/11/2026 07:45PM ET,PHI,7.98,,
2B/OF,Kody Clemens (43803231),Kody Clemens,43803231,2B/OF,4700,BAL@MIN 08/11/2026 07:40PM ET,MIN,7.5,,
2B,Jazz Chisholm Jr. (43803233),Jazz Chisholm Jr.,43803233,2B,4600,SEA@NYY 08/11/2026 07:05PM ET,NYY,7.79,,
1B/C,Liam Hicks (43803234),Liam Hicks,43803234,C/1B,4600,TB@ATH 08/11/2026 09:40PM ET,TB,7.62,,
OF,Christian Yelich (43803236),Christian Yelich,43803236,OF,4600,MIL@SD 08/11/2026 09:40PM ET,MIL,7.68,,
SS,Zach Neto (43803237),Zach Neto,43803237,SS,4600,TEX@LAA 08/11/2026 09:38PM ET,LAA,8.12,,
OF,Jonny DeLuca (43803238),Jonny DeLuca,43803238,OF,4600,TB@ATH 08/11/2026 09:40PM ET,TB,6.58,,
OF,Ceddanne Rafaela (43803239),Ceddanne Rafaela,43803239,OF,4600,BOS@TOR 08/11/2026 07:07PM ET,BOS,8.19,,
OF,JJ Bleday (43803240),JJ Bleday,43803240,OF,4600,CIN@CWS 08/11/2026 07:40PM ET,CIN,7.93,,
1B,Jonathan Aranda (43803241),Jonathan Aranda,43803241,1B,4500,TB@ATH 08/11/2026 09:40PM ET,TB,7.85,,
OF,Wyatt Langford (43803242),Wyatt Langford,43803242,OF,4500,TEX@LAA 08/11/2026 09:38PM ET,TEX,8.43,,
SS,Francisco Lindor (43803243),Francisco Lindor,43803243,SS,4500,NYM@ATL 08/11/2026 07:15PM ET,NYM,7.89,,
OF,Jackson Merrill (43803244),Jackson Merrill,43803244,OF,4500,MIL@SD 08/11/2026 09:40PM ET,SD,7.99,,
2B,Luis Arraez (43803245),Luis Arraez,43803245,2B,4500,PHI@STL 08/11/2026 07:45PM ET,PHI,7.74,,
3B/SS,Colson Montgomery (43803246),Colson Montgomery,43803246,3B/SS,4500,CIN@CWS 08/11/2026 07:40PM ET,CWS,7.52,,
2B/3B,Curtis Mead (43803545),Curtis Mead,43803545,2B/3B,4500,BOS@TOR 08/11/2026 07:07PM ET,BOS,7.8,IL,
1B/OF,Jac Caglianone (43803248),Jac Caglianone,43803248,1B/OF,4400,KC@LAD 08/11/2026 10:10PM ET,KC,7.27,,
OF,Cole Carrigg (43803250),Cole Carrigg,43803250,OF,4400,COL@ARI 08/11/2026 09:40PM ET,COL,8.53,,
SS,Jacob Wilson (43803251),Jacob Wilson,43803251,SS,4400,TB@ATH 08/11/2026 09:40PM ET,ATH,6.88,,
OF,Chandler Simpson (43803252),Chandler Simpson,43803252,OF,4400,TB@ATH 08/11/2026 09:40PM ET,TB,7.03,,
C,Gabriel Moreno (43803253),Gabriel Moreno,43803253,C,4400,COL@ARI 08/11/2026 09:40PM ET,ARI,7.86,,
2B,Tommy Edman (43803254),Tommy Edman,43803254,2B,4400,KC@LAD 08/11/2026 10:10PM ET,LAD,6.84,,
3B,Bo Bichette (43803255),Bo Bichette,43803255,3B,4400,NYM@ATL 08/11/2026 07:15PM ET,NYM,6.77,,
OF,Roman Anthony (43803547),Roman Anthony,43803547,OF,4400,BOS@TOR 08/11/2026 07:07PM ET,BOS,6.1,IL,
OF,Giancarlo Stanton (43803548),Giancarlo Stanton,43803548,OF,4400,SEA@NYY 08/11/2026 07:05PM ET,NYY,6.79,IL,
SS,Corey Seager (43803256),Corey Seager,43803256,SS,4300,TEX@LAA 08/11/2026 09:38PM ET,TEX,6.88,,
C,William Contreras (43803257),William Contreras,43803257,C,4300,MIL@SD 08/11/2026 09:40PM ET,MIL,7.07,,
OF,Kyle Tucker (43803258),Kyle Tucker,43803258,OF,4300,KC@LAD 08/11/2026 10:10PM ET,LAD,7.22,,
1B/2B,Royce Lewis (43803259),Royce Lewis,43803259,1B/2B,4300,BAL@MIN 08/11/2026 07:40PM ET,MIN,7.59,,
3B,Christian Encarnacion-Strand (43803261),Christian Encarnacion-Strand,43803261,3B,4300,BAL@MIN 08/11/2026 07:40PM ET,BAL,6.11,,
C,Shea Langeliers (43803549),Shea Langeliers,43803549,C,4300,TB@ATH 08/11/2026 09:40PM ET,ATH,8.56,IL,
3B,Jordan Westburg (43803550),Jordan Westburg,43803550,3B,4300,BAL@MIN 08/11/2026 07:40PM ET,BAL,0,IL,
OF,Julio Rodriguez (43803262),Julio Rodriguez,43803262,OF,4200,SEA@NYY 08/11/2026 07:05PM ET,SEA,7.89,,
OF,A.J. Ewing (43803263),A.J. Ewing,43803263,OF,4200,NYM@ATL 08/11/2026 07:15PM ET,NYM,7.34,,
OF,George Springer (43803264),George Springer,43803264,OF,4200,BOS@TOR 08/11/2026 07:07PM ET,TOR,7.21,,
OF,Michael Harris II (43803265),Michael Harris II,43803265,OF,4200,NYM@ATL 08/11/2026 07:15PM ET,ATL,7.9,,
C,Jonah Heim (43803266),Jonah Heim,43803266,C,4200,TB@ATH 08/11/2026 09:40PM ET,ATH,6.1,,
SS,Geraldo Perdomo (43803267),Geraldo Perdomo,43803267,SS,4200,COL@ARI 08/11/2026 09:40PM ET,ARI,7.44,DTD,
1B,Ty France (43803268),Ty France,43803268,1B,4200,MIL@SD 08/11/2026 09:40PM ET,SD,7.02,,
OF,Brandon Marsh (43803269),Brandon Marsh,43803269,OF,4200,PHI@STL 08/11/2026 07:45PM ET,PHI,7.29,,
OF,Trent Grisham (43803270),Trent Grisham,43803270,OF,4200,SEA@NYY 08/11/2026 07:05PM ET,NYY,6.96,,
2B,Jose Altuve (43803271),Jose Altuve,43803271,2B,4200,HOU@SF 08/11/2026 09:45PM ET,HOU,6.83,,
3B,Brooks Lee (43803272),Brooks Lee,43803272,3B,4200,BAL@MIN 08/11/2026 07:40PM ET,MIN,7.08,,
3B/SS,Maikel Garcia (43803551),Maikel Garcia,43803551,3B/SS,4200,KC@LAD 08/11/2026 10:10PM ET,KC,6.84,IL,
3B,Josh Jung (43803553),Josh Jung,43803553,3B,4200,TEX@LAA 08/11/2026 09:38PM ET,TEX,7.29,IL,
C,Adley Rutschman (43803554),Adley Rutschman,43803554,C,4200,BOS@TOR 08/11/2026 07:07PM ET,BOS,7.51,IL,
SS,Mookie Betts (43803273),Mookie Betts,43803273,SS,4100,KC@LAD 08/11/2026 10:10PM ET,LAD,6.72,,
C,Ivan Herrera (43803274),Ivan Herrera,43803274,C,4100,PHI@STL 08/11/2026 07:45PM ET,STL,7.74,,
1B,TJ Rumfield (43803275),TJ Rumfield,43803275,1B,4100,COL@ARI 08/11/2026 09:40PM ET,COL,7.32,,
OF,Garrett Mitchell (43803276),Garrett Mitchell,43803276,OF,4100,MIL@SD 08/11/2026 09:40PM ET,MIL,6.83,,
OF,Victor Mesa Jr. (43803277),Victor Mesa Jr.,43803277,OF,4100,TB@ATH 08/11/2026 09:40PM ET,TB,5.94,,
2B,Ozzie Albies (43803278),Ozzie Albies,43803278,2B,4100,NYM@ATL 08/11/2026 07:15PM ET,ATL,7.5,,
3B,Ezequiel Duran (43803279),Ezequiel Duran,43803279,3B,4100,TEX@LAA 08/11/2026 09:38PM ET,TEX,7.33,,
3B/OF,Zack Gelof (43803555),Zack Gelof,43803555,3B/OF,4100,TB@ATH 08/11/2026 09:40PM ET,ATH,7.78,,
2B/SS,Ben Williamson (43803557),Ben Williamson,43803557,2B/SS,4100,TB@ATH 08/11/2026 09:40PM ET,TB,5.08,IL,
OF,Sam Antonacci (43803280),Sam Antonacci,43803280,OF,4000,CIN@CWS 08/11/2026 07:40PM ET,CWS,7.45,,
OF,Carson Benge (43803281),Carson Benge,43803281,OF,4000,NYM@ATL 08/11/2026 07:15PM ET,NYM,7.67,,
1B,Vladimir Guerrero Jr. (43803282),Vladimir Guerrero Jr.,43803282,1B,4000,BOS@TOR 08/11/2026 07:07PM ET,TOR,6.83,,
1B,Christian Walker (43803283),Christian Walker,43803283,1B,4000,HOU@SF 08/11/2026 09:45PM ET,HOU,7.45,,
2B/3B,Willi Castro (43803284),Willi Castro,43803284,2B/3B,4000,COL@ARI 08/11/2026 09:40PM ET,COL,7.19,,
C,Gary Sanchez (43803286),Gary Sanchez,43803286,C,4000,MIL@SD 08/11/2026 09:40PM ET,MIL,6.16,,
OF,Jarren Duran (43803287),Jarren Duran,43803287,OF,4000,BOS@TOR 08/11/2026 07:07PM ET,BOS,7.1,,
OF,Luis Rengifo (43803288),Luis Rengifo,43803288,OF,4000,MIL@SD 08/11/2026 09:40PM ET,SD,5.44,,
1B,Vinnie Pasquantino (43803559),Vinnie Pasquantino,43803559,1B,4000,KC@LAD 08/11/2026 10:10PM ET,KC,6.46,IL,
C,Samuel Basallo (43803560),Samuel Basallo,43803560,C,4000,BAL@MIN 08/11/2026 07:40PM ET,BAL,6.43,IL,
C,Will Smith (43803561),Will Smith,43803561,C,4000,KC@LAD 08/11/2026 10:10PM ET,LAD,6.21,IL,
3B,Casey Schmitt (43803562),Casey Schmitt,43803562,3B,4000,HOU@SF 08/11/2026 09:45PM ET,SF,8.02,IL,
SP,Henry Baez (43804030),Henry Baez,43804030,P,4000,TB@ATH 08/11/2026 09:40PM ET,ATH,0,,
RP,Robinson Ortiz (43804031),Robinson Ortiz,43804031,P,4000,SEA@NYY 08/11/2026 07:05PM ET,SEA,0,,
RP,Jake Cousins (43804032),Jake Cousins,43804032,P,4000,KC@LAD 08/11/2026 10:10PM ET,LAD,0,IL,
RP,Tanner McDougal (43804033),Tanner McDougal,43804033,P,4000,CIN@CWS 08/11/2026 07:40PM ET,CWS,0,,
SP,Ricky Tiedemann (43804034),Ricky Tiedemann,43804034,P,4000,BOS@TOR 08/11/2026 07:07PM ET,TOR,0,,
RP,Dylan Ross (43804035),Dylan Ross,43804035,P,4000,NYM@ATL 08/11/2026 07:15PM ET,NYM,0,,
RP,Blake Walston (43804036),Blake Walston,43804036,P,4000,COL@ARI 08/11/2026 09:40PM ET,ARI,0,IL,
RP,Hagen Smith (43804037),Hagen Smith,43804037,P,4000,CIN@CWS 08/11/2026 07:40PM ET,CWS,12.1,,
SP,Braden Nett (43804038),Braden Nett,43804038,P,4000,TB@ATH 08/11/2026 09:40PM ET,ATH,0,,
RP,RJ Petit (43804039),RJ Petit,43804039,P,4000,COL@ARI 08/11/2026 09:40PM ET,COL,0,IL,
SP,Chase Hampton (43804040),Chase Hampton,43804040,P,4000,SEA@NYY 08/11/2026 07:05PM ET,NYY,0,,
RP,Jack Weisenburger (43804041),Jack Weisenburger,43804041,P,4000,NYM@ATL 08/11/2026 07:15PM ET,NYM,7.9,,
SP,Julian Aguiar (43804042),Julian Aguiar,43804042,P,4000,CIN@CWS 08/11/2026 07:40PM ET,CIN,0,IL,
SP,Steven Zobac (43804043),Steven Zobac,43804043,P,4000,KC@LAD 08/11/2026 10:10PM ET,KC,0,,
RP,Trent Harris (43804044),Trent Harris,43804044,P,4000,HOU@SF 08/11/2026 09:45PM ET,SF,-7.05,,
RP,Cameron Weston (43804045),Cameron Weston,43804045,P,4000,BAL@MIN 08/11/2026 07:40PM ET,BAL,3.65,,
RP,Bradley Hanner (43804046),Bradley Hanner,43804046,P,4000,SEA@NYY 08/11/2026 07:05PM ET,NYY,0,,
RP,Ronan Kopp (43804047),Ronan Kopp,43804047,P,4000,KC@LAD 08/11/2026 10:10PM ET,LAD,0,,
RP,Grant Hartwig (43804048),Grant Hartwig,43804048,P,4000,BAL@MIN 08/11/2026 07:40PM ET,MIN,0,,
SP,Jake Bloss (43804049),Jake Bloss,43804049,P,4000,BOS@TOR 08/11/2026 07:07PM ET,TOR,0,,
RP,Raymond Burgos (43804050),Raymond Burgos,43804050,P,4000,BOS@TOR 08/11/2026 07:07PM ET,BOS,8.15,,
RP,Joe Jimenez (43804051),Joe Jimenez,43804051,P,4000,NYM@ATL 08/11/2026 07:15PM ET,ATL,0,IL,
RP,James McArthur (43804052),James McArthur,43804052,P,4000,KC@LAD 08/11/2026 10:10PM ET,KC,0,IL,
SP,Drew Thorpe (43804053),Drew Thorpe,43804053,P,4000,CIN@CWS 08/11/2026 07:40PM ET,CWS,0,IL,
RP,Cooper Hjerpe (43804054),Cooper Hjerpe,43804054,P,4000,PHI@STL 08/11/2026 07:45PM ET,STL,0,,
RP,Brusdar Graterol (43804055),Brusdar Graterol,43804055,P,4000,KC@LAD 08/11/2026 10:10PM ET,LAD,0,IL,
RP,Eiberson Castellano (43804056),Eiberson Castellano,43804056,P,4000,COL@ARI 08/11/2026 09:40PM ET,COL,7.75,,
RP,Jon Heasley (43804057),Jon Heasley,43804057,P,4000,TB@ATH 08/11/2026 09:40PM ET,TB,-1.8,IL,
RP,Prelander Berroa (43804058),Prelander Berroa,43804058,P,4000,CIN@CWS 08/11/2026 07:40PM ET,CWS,0,IL,
SP,Ky Bush (43804059),Ky Bush,43804059,P,4000,CIN@CWS 08/11/2026 07:40PM ET,CWS,0,IL,
RP,Garrett Hawkins (43804060),Garrett Hawkins,43804060,P,4000,MIL@SD 08/11/2026 09:40PM ET,SD,0,,
RP,Rowan Wick (43804061),Rowan Wick,43804061,P,4000,HOU@SF 08/11/2026 09:45PM ET,SF,0,IL,
RP,Winston Santos (43804062),Winston Santos,43804062,P,4000,TEX@LAA 08/11/2026 09:38PM ET,TEX,0.7,,
SP,Tony Santillan (43804063),Tony Santillan,43804063,P,4000,CIN@CWS 08/11/2026 07:40PM ET,CIN,2,IL,
RP,Blas Castano (43804064),Blas Castano,43804064,P,4000,COL@ARI 08/11/2026 09:40PM ET,COL,4.85,,
SP,McCade Brown (43804065),McCade Brown,43804065,P,4000,COL@ARI 08/11/2026 09:40PM ET,COL,0,IL,
RP,Ryan Fernandez (43804066),Ryan Fernandez,43804066,P,4000,PHI@STL 08/11/2026 07:45PM ET,STL,5.02,,
RP,Jalen Beeks (43804067),Jalen Beeks,43804067,P,4000,TEX@LAA 08/11/2026 09:38PM ET,TEX,2.24,IL,
RP,Carlos Duran (43804068),Carlos Duran,43804068,P,4000,KC@LAD 08/11/2026 10:10PM ET,KC,0,,
RP,TJ Shook (43804069),TJ Shook,43804069,P,4000,COL@ARI 08/11/2026 09:40PM ET,COL,1.54,,
RP,Cionel Perez (43804070),Cionel Perez,43804070,P,4000,NYM@ATL 08/11/2026 07:15PM ET,NYM,3.05,IL,
RP,Yimi Garcia (43804071),Yimi Garcia,43804071,P,4000,BOS@TOR 08/11/2026 07:07PM ET,TOR,0,IL,
RP,Gordon Graceffo (43804072),Gordon Graceffo,43804072,P,4000,PHI@STL 08/11/2026 07:45PM ET,STL,3.17,,
RP,Eli Morgan (43804073),Eli Morgan,43804073,P,4000,KC@LAD 08/11/2026 10:10PM ET,KC,2.03,,
RP,Chase Shugart (43804074),Chase Shugart,43804074,P,4000,PHI@STL 08/11/2026 07:45PM ET,PHI,3.33,,
RP,Justin Sterner (43804075),Justin Sterner,43804075,P,4000,TB@ATH 08/11/2026 09:40PM ET,ATH,1.97,IL,
SP,Riley O'Brien (43804076),Riley O'Brien,43804076,P,4000,PHI@STL 08/11/2026 07:45PM ET,STL,2.96,,
RP,Aaron Ashby (43804077),Aaron Ashby,43804077,P,4000,MIL@SD 08/11/2026 09:40PM ET,MIL,5.02,,
RP,Ryne Stanek (43804078),Ryne Stanek,43804078,P,4000,PHI@STL 08/11/2026 07:45PM ET,STL,2.37,,
RP,Tanner Banks (43804079),Tanner Banks,43804079,P,4000,PHI@STL 08/11/2026 07:45PM ET,PHI,1.73,IL,
RP,Reiver Sanmartin (43804080),Reiver Sanmartin,43804080,P,4000,HOU@SF 08/11/2026 09:45PM ET,SF,0.84,,
RP,A.J. Minter (43804081),A.J. Minter,43804081,P,4000,BAL@MIN 08/11/2026 07:40PM ET,MIN,2.78,,
RP,Taylor Rogers (43804082),Taylor Rogers,43804082,P,4000,BAL@MIN 08/11/2026 07:40PM ET,MIN,1.94,,
RP,Juan Morillo (43804083),Juan Morillo,43804083,P,4000,COL@ARI 08/11/2026 09:40PM ET,ARI,3.42,,
RP,Hayden Juenger (43804084),Hayden Juenger,43804084,P,4000,TB@ATH 08/11/2026 09:40PM ET,ATH,0.37,,
RP,Edwin Diaz (43804085),Edwin Diaz,43804085,P,4000,KC@LAD 08/11/2026 10:10PM ET,LAD,1.94,,
RP,Colin Selby (43804086),Colin Selby,43804086,P,4000,BAL@MIN 08/11/2026 07:40PM ET,BAL,0,IL,
RP,Andres Munoz (43804087),Andres Munoz,43804087,P,4000,SEA@NYY 08/11/2026 07:05PM ET,SEA,4.06,,
RP,Nick Mears (43804088),Nick Mears,43804088,P,4000,KC@LAD 08/11/2026 10:10PM ET,KC,2,IL,
RP,Tim Mayza (43804089),Tim Mayza,43804089,P,4000,PHI@STL 08/11/2026 07:45PM ET,PHI,3.45,,
RP,Tyler Uberstine (43804090),Tyler Uberstine,43804090,P,4000,NYM@ATL 08/11/2026 07:15PM ET,ATL,5.6,,
RP,Joel Kuhnel (43804091),Joel Kuhnel,43804091,P,4000,MIL@SD 08/11/2026 09:40PM ET,MIL,1.63,IL,
RP,Adrian Morejon (43804092),Adrian Morejon,43804092,P,4000,MIL@SD 08/11/2026 09:40PM ET,SD,4.43,,
RP,Fernando Cruz (43804093),Fernando Cruz,43804093,P,4000,SEA@NYY 08/11/2026 07:05PM ET,NYY,3.27,,
RP,Daniel Duarte (43804094),Daniel Duarte,43804094,P,4000,NYM@ATL 08/11/2026 07:15PM ET,NYM,4.72,,
RP,Nate Lavender (43804095),Nate Lavender,43804095,P,4000,NYM@ATL 08/11/2026 07:15PM ET,NYM,5.23,,
RP,Justin Martinez (43804096),Justin Martinez,43804096,P,4000,COL@ARI 08/11/2026 09:40PM ET,ARI,0,IL,
RP,Jimmy Herget (43804097),Jimmy Herget,43804097,P,4000,COL@ARI 08/11/2026 09:40PM ET,COL,1.7,,
RP,Devin Williams (43804098),Devin Williams,43804098,P,4000,NYM@ATL 08/11/2026 07:15PM ET,NYM,2.92,IL,
RP,Braydon Fisher (43804099),Braydon Fisher,43804099,P,4000,BOS@TOR 08/11/2026 07:07PM ET,TOR,2.9,,
RP,Luke Murphy (43804100),Luke Murphy,43804100,P,4000,TEX@LAA 08/11/2026 09:38PM ET,LAA,2.16,,
RP,Philip Abner (43804101),Philip Abner,43804101,P,4000,COL@ARI 08/11/2026 09:40PM ET,ARI,1.62,,
RP,Tyron Guerrero (43804102),Tyron Guerrero,43804102,P,4000,BOS@TOR 08/11/2026 07:07PM ET,BOS,3.64,,
RP,Jason Adam (43804103),Jason Adam,43804103,P,4000,MIL@SD 08/11/2026 09:40PM ET,SD,2.3,IL,
RP,Manuel Rodriguez (43804104),Manuel Rodriguez,43804104,P,4000,TB@ATH 08/11/2026 09:40PM ET,TB,0,IL,
RP,Raisel Iglesias (43804105),Raisel Iglesias,43804105,P,4000,NYM@ATL 08/11/2026 07:15PM ET,ATL,3.27,,
RP,Emilio Pagan (43804106),Emilio Pagan,43804106,P,4000,CIN@CWS 08/11/2026 07:40PM ET,CIN,3.18,,
RP,Lazaro Estrada (43804107),Lazaro Estrada,43804107,P,4000,BOS@TOR 08/11/2026 07:07PM ET,TOR,3.71,,
RP,Brooks Raley (43804108),Brooks Raley,43804108,P,4000,PHI@STL 08/11/2026 07:45PM ET,PHI,3.18,,
RP,Bryan Hoeing (43804109),Bryan Hoeing,43804109,P,4000,MIL@SD 08/11/2026 09:40PM ET,SD,0,IL,
RP,Zach McCambley (43804110),Zach McCambley,43804110,P,4000,CIN@CWS 08/11/2026 07:40PM ET,CIN,1.95,,
RP,Andrew Morris (43804111),Andrew Morris,43804111,P,4000,BAL@MIN 08/11/2026 07:40PM ET,MIN,3.57,,
RP,Jeff Hoffman (43804112),Jeff Hoffman,43804112,P,4000,BAL@MIN 08/11/2026 07:40PM ET,MIN,3.86,,
RP,Ryan Watson (43804113),Ryan Watson,43804113,P,4000,TEX@LAA 08/11/2026 09:38PM ET,LAA,3.19,,
RP,Taylor Clarke (43804114),Taylor Clarke,43804114,P,4000,COL@ARI 08/11/2026 09:40PM ET,ARI,2.42,,
RP,Erik Miller (43804115),Erik Miller,43804115,P,4000,BOS@TOR 08/11/2026 07:07PM ET,BOS,3.41,,
RP,Anthony Banda (43804116),Anthony Banda,43804116,P,4000,BAL@MIN 08/11/2026 07:40PM ET,MIN,2.18,IL,
RP,Jeremiah Estrada (43804117),Jeremiah Estrada,43804117,P,4000,MIL@SD 08/11/2026 09:40PM ET,SD,3.4,,
RP,Ryan Walker (43804118),Ryan Walker,43804118,P,4000,HOU@SF 08/11/2026 09:45PM ET,SF,0.88,,
RP,Sam Bachman (43804119),Sam Bachman,43804119,P,4000,TEX@LAA 08/11/2026 09:38PM ET,LAA,2.89,IL,
RP,Jonathan Loaisiga (43804120),Jonathan Loaisiga,43804120,P,4000,COL@ARI 08/11/2026 09:40PM ET,ARI,2.56,,
RP,Angel Chivilli (43804121),Angel Chivilli,43804121,P,4000,SEA@NYY 08/11/2026 07:05PM ET,NYY,3.09,,
RP,Randy Rodriguez (43804122),Randy Rodriguez,43804122,P,4000,HOU@SF 08/11/2026 09:45PM ET,SF,0,IL,
RP,Chad Dallas (43804123),Chad Dallas,43804123,P,4000,BOS@TOR 08/11/2026 07:07PM ET,TOR,3.22,,
RP,Grant Wolfram (43804124),Grant Wolfram,43804124,P,4000,BAL@MIN 08/11/2026 07:40PM ET,BAL,2.29,,
RP,Aroldis Chapman (43804125),Aroldis Chapman,43804125,P,4000,BOS@TOR 08/11/2026 07:07PM ET,BOS,3.64,,
RP,Jonathan Hernandez (43804126),Jonathan Hernandez,43804126,P,4000,KC@LAD 08/11/2026 10:10PM ET,LAD,2.34,,
RP,Woo Suk Go (43804127),Woo Suk Go,43804127,P,4000,BAL@MIN 08/11/2026 07:40PM ET,MIN,1.25,,
RP,Matt Brash (43804128),Matt Brash,43804128,P,4000,SEA@NYY 08/11/2026 07:05PM ET,SEA,3.36,IL,
RP,Juan Mejia (43804129),Juan Mejia,43804129,P,4000,COL@ARI 08/11/2026 09:40PM ET,COL,2.46,,
RP,Nick Raquet (43804130),Nick Raquet,43804130,P,4000,BAL@MIN 08/11/2026 07:40PM ET,BAL,0.16,,
SP,Miguel Ullola (43804131),Miguel Ullola,43804131,P,4000,HOU@SF 08/11/2026 09:45PM ET,HOU,5.42,,
RP,CJ Van Eyk (43804132),CJ Van Eyk,43804132,P,4000,BOS@TOR 08/11/2026 07:07PM ET,TOR,0.32,,
RP,Cole Sands (43804133),Cole Sands,43804133,P,4000,BAL@MIN 08/11/2026 07:40PM ET,MIN,1.42,IL,
RP,Jared Koenig (43804134),Jared Koenig,43804134,P,4000,MIL@SD 08/11/2026 09:40PM ET,MIL,0.42,,
RP,Luke Little (43804135),Luke Little,43804135,P,4000,KC@LAD 08/11/2026 10:10PM ET,KC,1.05,,
RP,Michael Rucker (43804136),Michael Rucker,43804136,P,4000,SEA@NYY 08/11/2026 07:05PM ET,SEA,3.1,,
RP,Elvis Alvarado (43804137),Elvis Alvarado,43804137,P,4000,TB@ATH 08/11/2026 09:40PM ET,ATH,3.55,,
RP,Sam Moll (43804138),Sam Moll,43804138,P,4000,CIN@CWS 08/11/2026 07:40PM ET,CIN,2.18,,
RP,Max Rajcic (43804139),Max Rajcic,43804139,P,4000,PHI@STL 08/11/2026 07:45PM ET,STL,3.18,IL,
RP,Tommy Nance (43804140),Tommy Nance,43804140,P,4000,BAL@MIN 08/11/2026 07:40PM ET,MIN,2.97,,
RP,Jordan Leasure (43804141),Jordan Leasure,43804141,P,4000,CIN@CWS 08/11/2026 07:40PM ET,CWS,2.57,IL,
RP,Luis Mey (43804142),Luis Mey,43804142,P,4000,CIN@CWS 08/11/2026 07:40PM ET,CIN,4.29,,
RP,Samy Natera Jr. (43804143),Samy Natera Jr.,43804143,P,4000,TEX@LAA 08/11/2026 09:38PM ET,LAA,5.28,,
RP,Enyel De Los Santos (43804144),Enyel De Los Santos,43804144,P,4000,HOU@SF 08/11/2026 09:45PM ET,HOU,2.82,,
RP,Tyler Samaniego (43804145),Tyler Samaniego,43804145,P,4000,BOS@TOR 08/11/2026 07:07PM ET,BOS,2.43,,
RP,Nick Davila (43804146),Nick Davila,43804146,P,4000,SEA@NYY 08/11/2026 07:05PM ET,SEA,1.68,,
RP,Carter Baumler (43804147),Carter Baumler,43804147,P,4000,TEX@LAA 08/11/2026 09:38PM ET,TEX,3.54,IL,
RP,Tim Hill (43804148),Tim Hill,43804148,P,4000,SEA@NYY 08/11/2026 07:05PM ET,NYY,1.4,,
RP,Alex Lange (43804149),Alex Lange,43804149,P,4000,KC@LAD 08/11/2026 10:10PM ET,KC,2.14,,
RP,Austin Warren (43804150),Austin Warren,43804150,P,4000,NYM@ATL 08/11/2026 07:15PM ET,NYM,3.38,IL,
RP,Paul Gervase (43804151),Paul Gervase,43804151,P,4000,KC@LAD 08/11/2026 10:10PM ET,LAD,5.51,,
RP,Tyler Gilbert (43804152),Tyler Gilbert,43804152,P,4000,CIN@CWS 08/11/2026 07:40PM ET,CWS,-1.59,,
RP,Garrett Whitlock (43804153),Garrett Whitlock,43804153,P,4000,BOS@TOR 08/11/2026 07:07PM ET,BOS,3.95,,
RP,Wandy Peralta (43804154),Wandy Peralta,43804154,P,4000,MIL@SD 08/11/2026 09:40PM ET,SD,2.35,,
RP,Luis Gastelum (43804155),Luis Gastelum,43804155,P,4000,PHI@STL 08/11/2026 07:45PM ET,STL,2.29,,
RP,Joe Mantiply (43804156),Joe Mantiply,43804156,P,4000,BOS@TOR 08/11/2026 07:07PM ET,TOR,3.24,IL,
RP,Justin Slaten (43804157),Justin Slaten,43804157,P,4000,BOS@TOR 08/11/2026 07:07PM ET,BOS,2.72,,
RP,Robert Garcia (43804158),Robert Garcia,43804158,P,4000,TEX@LAA 08/11/2026 09:38PM ET,TEX,1.87,IL,
RP,Josh Hader (43804159),Josh Hader,43804159,P,4000,HOU@SF 08/11/2026 09:45PM ET,HOU,4.81,,
RP,Edgardo Henriquez (43804160),Edgardo Henriquez,43804160,P,4000,KC@LAD 08/11/2026 10:10PM ET,LAD,3.38,,
RP,Garrett Acton (43804161),Garrett Acton,43804161,P,4000,BAL@MIN 08/11/2026 07:40PM ET,MIN,7.05,,
RP,Ben Peoples (43804162),Ben Peoples,43804162,P,4000,TEX@LAA 08/11/2026 09:38PM ET,TEX,2.11,,
RP,Blake Treinen (43804163),Blake Treinen,43804163,P,4000,KC@LAD 08/11/2026 10:10PM ET,LAD,2.78,IL,
RP,John Klein (43804164),John Klein,43804164,P,4000,BOS@TOR 08/11/2026 07:07PM ET,TOR,1.85,,
RP,Dylan Lee (43804165),Dylan Lee,43804165,P,4000,NYM@ATL 08/11/2026 07:15PM ET,ATL,4.07,,
RP,Jack Dreyer (43804166),Jack Dreyer,43804166,P,4000,KC@LAD 08/11/2026 10:10PM ET,LAD,3.55,,
RP,Scott Blewett (43804167),Scott Blewett,43804167,P,4000,TB@ATH 08/11/2026 09:40PM ET,ATH,3.17,,
RP,Steven Cruz (43804168),Steven Cruz,43804168,P,4000,KC@LAD 08/11/2026 10:10PM ET,KC,3.19,,
RP,Josh Simpson (43804169),Josh Simpson,43804169,P,4000,SEA@NYY 08/11/2026 07:05PM ET,SEA,2.91,,
RP,Matt Gage (43804170),Matt Gage,43804170,P,4000,HOU@SF 08/11/2026 09:45PM ET,SF,1.76,IL,
RP,Alex Cook (43804171),Alex Cook,43804171,P,4000,TB@ATH 08/11/2026 09:40PM ET,TB,1.32,,
RP,Dylan Dodd (43804172),Dylan Dodd,43804172,P,4000,NYM@ATL 08/11/2026 07:15PM ET,ATL,4.16,,
RP,Joey Gerber (43804173),Joey Gerber,43804173,P,4000,NYM@ATL 08/11/2026 07:15PM ET,NYM,2.96,,
RP,Zach Maxwell (43804174),Zach Maxwell,43804174,P,4000,CIN@CWS 08/11/2026 07:40PM ET,CIN,0.41,,
RP,Carlos Vargas (43804175),Carlos Vargas,43804175,P,4000,SEA@NYY 08/11/2026 07:05PM ET,SEA,0,IL,
RP,Taylor Rashi (43804176),Taylor Rashi,43804176,P,4000,TB@ATH 08/11/2026 09:40PM ET,ATH,3.28,,
RP,Kevin Ginkel (43804177),Kevin Ginkel,43804177,P,4000,COL@ARI 08/11/2026 09:40PM ET,ARI,2.87,,
RP,Grant Anderson (43804178),Grant Anderson,43804178,P,4000,MIL@SD 08/11/2026 09:40PM ET,MIL,2.97,,
RP,Jefry Yan (43804179),Jefry Yan,43804179,P,4000,NYM@ATL 08/11/2026 07:15PM ET,NYM,2.75,,
RP,Ben Casparius (43804180),Ben Casparius,43804180,P,4000,KC@LAD 08/11/2026 10:10PM ET,LAD,0.5,IL,
RP,Edwin Uceta (43804181),Edwin Uceta,43804181,P,4000,TB@ATH 08/11/2026 09:40PM ET,TB,0,IL,
RP,Justin Bruihl (43804182),Justin Bruihl,43804182,P,4000,PHI@STL 08/11/2026 07:45PM ET,STL,2.26,,
RP,Kyle Hurt (43804183),Kyle Hurt,43804183,P,4000,KC@LAD 08/11/2026 10:10PM ET,LAD,3.24,,
RP,Chris Murphy (43804184),Chris Murphy,43804184,P,4000,CIN@CWS 08/11/2026 07:40PM ET,CWS,2.84,IL,
RP,Travis Adams (43804185),Travis Adams,43804185,P,4000,BAL@MIN 08/11/2026 07:40PM ET,MIN,3.49,,
RP,Robby Ahlstrom (43804186),Robby Ahlstrom,43804186,P,4000,TEX@LAA 08/11/2026 09:38PM ET,TEX,2.33,,
RP,Bradgley Rodriguez (43804187),Bradgley Rodriguez,43804187,P,4000,MIL@SD 08/11/2026 09:40PM ET,SD,3.67,,
RP,Ron Marinaccio (43804188),Ron Marinaccio,43804188,P,4000,CIN@CWS 08/11/2026 07:40PM ET,CIN,2.73,,
RP,Yosver Zulueta (43804189),Yosver Zulueta,43804189,P,4000,BAL@MIN 08/11/2026 07:40PM ET,BAL,0,,
SP,Duncan Davitt (43804190),Duncan Davitt,43804190,P,4000,NYM@ATL 08/11/2026 07:15PM ET,ATL,1.35,,
RP,John Schreiber (43804191),John Schreiber,43804191,P,4000,KC@LAD 08/11/2026 10:10PM ET,KC,1.87,,
RP,Jason Foley (43804192),Jason Foley,43804192,P,4000,HOU@SF 08/11/2026 09:45PM ET,SF,1.35,,
RP,Brendan Beck (43804193),Brendan Beck,43804193,P,4000,SEA@NYY 08/11/2026 07:05PM ET,NYY,0.9,,
RP,Andrew Hoffmann (43804194),Andrew Hoffmann,43804194,P,4000,COL@ARI 08/11/2026 09:40PM ET,ARI,2.08,IL,
RP,Sam Hentges (43804195),Sam Hentges,43804195,P,4000,HOU@SF 08/11/2026 09:45PM ET,SF,2.47,,
RP,Joe La Sorsa (43804196),Joe La Sorsa,43804196,P,4000,BOS@TOR 08/11/2026 07:07PM ET,BOS,0.15,OUT,
RP,Logan VanWey (43804197),Logan VanWey,43804197,P,4000,HOU@SF 08/11/2026 09:45PM ET,HOU,4.5,,
RP,Julian Garcia (43804198),Julian Garcia,43804198,P,4000,CIN@CWS 08/11/2026 07:40PM ET,CIN,4.5,,
RP,Hunter Stratton (43804199),Hunter Stratton,43804199,P,4000,MIL@SD 08/11/2026 09:40PM ET,SD,1.97,,
RP,Huascar Brazoban (43804200),Huascar Brazoban,43804200,P,4000,CIN@CWS 08/11/2026 07:40PM ET,CWS,3.78,,
RP,Seranthony Dominguez (43804201),Seranthony Dominguez,43804201,P,4000,SEA@NYY 08/11/2026 07:05PM ET,SEA,2.77,,
RP,Cam Booser (43804202),Cam Booser,43804202,P,4000,TB@ATH 08/11/2026 09:40PM ET,TB,4.02,,
RP,Welinton Herrera (43804203),Welinton Herrera,43804203,P,4000,COL@ARI 08/11/2026 09:40PM ET,COL,2.48,IL,
RP,Kevin Kelly (43804204),Kevin Kelly,43804204,P,4000,TB@ATH 08/11/2026 09:40PM ET,TB,3.48,,
RP,Tyler Davis (43804205),Tyler Davis,43804205,P,4000,CIN@CWS 08/11/2026 07:40PM ET,CWS,2.84,,
RP,Louis Varland (43804206),Louis Varland,43804206,P,4000,BOS@TOR 08/11/2026 07:07PM ET,TOR,4.6,,
RP,Orion Kerkering (43804207),Orion Kerkering,43804207,P,4000,PHI@STL 08/11/2026 07:45PM ET,PHI,3.06,,
RP,Alex Vesia (43804208),Alex Vesia,43804208,P,4000,KC@LAD 08/11/2026 10:10PM ET,LAD,2.9,,
RP,Spencer Bivens (43804209),Spencer Bivens,43804209,P,4000,HOU@SF 08/11/2026 09:45PM ET,SF,4.05,,
RP,Jose Cuas (43804210),Jose Cuas,43804210,P,4000,KC@LAD 08/11/2026 10:10PM ET,KC,3.88,,
RP,Michael Grove (43804211),Michael Grove,43804211,P,4000,TB@ATH 08/11/2026 09:40PM ET,TB,8.12,,
RP,Jose Fermin (43804212),Jose Fermin,43804212,P,4000,TEX@LAA 08/11/2026 09:38PM ET,LAA,3.58,,
RP,Seth Martinez (43804213),Seth Martinez,43804213,P,4000,BOS@TOR 08/11/2026 07:07PM ET,BOS,0,,
RP,Kade Strowd (43804214),Kade Strowd,43804214,P,4000,COL@ARI 08/11/2026 09:40PM ET,ARI,-0.15,,
RP,Cam Sanders (43804215),Cam Sanders,43804215,P,4000,BAL@MIN 08/11/2026 07:40PM ET,BAL,2.89,,
RP,Bryan King (43804216),Bryan King,43804216,P,4000,HOU@SF 08/11/2026 09:45PM ET,HOU,2.42,,
RP,Parker Mushinski (43804217),Parker Mushinski,43804217,P,4000,COL@ARI 08/11/2026 09:40PM ET,COL,1.66,,
RP,Evan Phillips (43804218),Evan Phillips,43804218,P,4000,KC@LAD 08/11/2026 10:10PM ET,LAD,2.22,,
RP,Lyon Richardson (43804219),Lyon Richardson,43804219,P,4000,MIL@SD 08/11/2026 09:40PM ET,MIL,0.63,,
RP,Mason Miller (43804220),Mason Miller,43804220,P,4000,MIL@SD 08/11/2026 09:40PM ET,SD,5.78,,
RP,Nolan Hoffman (43804221),Nolan Hoffman,43804221,P,4000,KC@LAD 08/11/2026 10:10PM ET,KC,1.7,,
RP,Lucas Erceg (43804222),Lucas Erceg,43804222,P,4000,KC@LAD 08/11/2026 10:10PM ET,KC,1.5,,
RP,Felix Bautista (43804223),Felix Bautista,43804223,P,4000,BAL@MIN 08/11/2026 07:40PM ET,BAL,0,IL,
RP,Brock Stewart (43804224),Brock Stewart,43804224,P,4000,KC@LAD 08/11/2026 10:10PM ET,LAD,3.31,IL,
RP,Garrett Cleavinger (43804225),Garrett Cleavinger,43804225,P,4000,TB@ATH 08/11/2026 09:40PM ET,TB,3.3,,
RP,Gavin Collyer (43804226),Gavin Collyer,43804226,P,4000,TEX@LAA 08/11/2026 09:38PM ET,TEX,2.16,,
RP,Jordan Hicks (43804227),Jordan Hicks,43804227,P,4000,CIN@CWS 08/11/2026 07:40PM ET,CWS,2.7,,
RP,Cole Winn (43804228),Cole Winn,43804228,P,4000,TEX@LAA 08/11/2026 09:38PM ET,TEX,2.29,,
RP,Steven Okert (43804229),Steven Okert,43804229,P,4000,HOU@SF 08/11/2026 09:45PM ET,HOU,3.62,,
RP,Blake Weiman (43804230),Blake Weiman,43804230,P,4000,TEX@LAA 08/11/2026 09:38PM ET,LAA,3.2,,
RP,Jonathan Pintaro (43804231),Jonathan Pintaro,43804231,P,4000,NYM@ATL 08/11/2026 07:15PM ET,NYM,5.76,,
RP,Ben Joyce (43804232),Ben Joyce,43804232,P,4000,TEX@LAA 08/11/2026 09:38PM ET,LAA,3.85,,
RP,Abner Uribe (43804233),Abner Uribe,43804233,P,4000,MIL@SD 08/11/2026 09:40PM ET,MIL,3.43,,
RP,Anthony Molina (43804234),Anthony Molina,43804234,P,4000,HOU@SF 08/11/2026 09:45PM ET,SF,1.68,,
RP,Anthony Nunez (43804235),Anthony Nunez,43804235,P,4000,BAL@MIN 08/11/2026 07:40PM ET,BAL,2.99,,
RP,Alek Jacob (43804236),Alek Jacob,43804236,P,4000,MIL@SD 08/11/2026 09:40PM ET,SD,5.48,,
RP,Brandyn Garcia (43804237),Brandyn Garcia,43804237,P,4000,COL@ARI 08/11/2026 09:40PM ET,ARI,2.86,,
RP,Andrew Kittredge (43804238),Andrew Kittredge,43804238,P,4000,BAL@MIN 08/11/2026 07:40PM ET,BAL,2.08,,
RP,Jonathan Bowlan (43804239),Jonathan Bowlan,43804239,P,4000,PHI@STL 08/11/2026 07:45PM ET,PHI,3.53,,
RP,Casey Legumina (43804240),Casey Legumina,43804240,P,4000,TB@ATH 08/11/2026 09:40PM ET,TB,2.55,,
RP,Graham Ashcraft (43804241),Graham Ashcraft,43804241,P,4000,CIN@CWS 08/11/2026 07:40PM ET,CIN,3.42,IL,
RP,Rob Zastryzny (43804242),Rob Zastryzny,43804242,P,4000,MIL@SD 08/11/2026 09:40PM ET,MIL,0,IL,
RP,Chris Roycroft (43804243),Chris Roycroft,43804243,P,4000,TB@ATH 08/11/2026 09:40PM ET,TB,0.84,,
RP,Robert Stephenson (43804244),Robert Stephenson,43804244,P,4000,TEX@LAA 08/11/2026 09:38PM ET,LAA,0,IL,
RP,Pierce Johnson (43804245),Pierce Johnson,43804245,P,4000,CIN@CWS 08/11/2026 07:40PM ET,CIN,2.12,,
RP,Rico Garcia (43804246),Rico Garcia,43804246,P,4000,BAL@MIN 08/11/2026 07:40PM ET,BAL,2.96,,
RP,Yennier Cano (43804247),Yennier Cano,43804247,P,4000,BAL@MIN 08/11/2026 07:40PM ET,BAL,2.53,,
RP,Angel Zerpa (43804248),Angel Zerpa,43804248,P,4000,MIL@SD 08/11/2026 09:40PM ET,MIL,1.11,IL,
RP,Jhoan Duran (43804249),Jhoan Duran,43804249,P,4000,PHI@STL 08/11/2026 07:45PM ET,PHI,3.92,,
RP,Troy Taylor (43804250),Troy Taylor,43804250,P,4000,SEA@NYY 08/11/2026 07:05PM ET,SEA,0,,
RP,Brent Suter (43804251),Brent Suter,43804251,P,4000,NYM@ATL 08/11/2026 07:15PM ET,ATL,3.85,,
RP,Yerry de los Santos (43804252),Yerry de los Santos,43804252,P,4000,SEA@NYY 08/11/2026 07:05PM ET,NYY,4.18,,
RP,James Karinchak (43804253),James Karinchak,43804253,P,4000,NYM@ATL 08/11/2026 07:15PM ET,ATL,3.15,,
RP,Reed Garrett (43804254),Reed Garrett,43804254,P,4000,NYM@ATL 08/11/2026 07:15PM ET,NYM,0,IL,
RP,Matt Svanson (43804255),Matt Svanson,43804255,P,4000,PHI@STL 08/11/2026 07:45PM ET,STL,1.72,,
RP,Jordan Romano (43804256),Jordan Romano,43804256,P,4000,COL@ARI 08/11/2026 09:40PM ET,COL,2.06,,
RP,Brady Basso (43804257),Brady Basso,43804257,P,4000,TB@ATH 08/11/2026 09:40PM ET,ATH,2.56,,
RP,Dan Altavilla (43804258),Dan Altavilla,43804258,P,4000,BAL@MIN 08/11/2026 07:40PM ET,MIN,0,,
RP,Luis Curvelo (43804259),Luis Curvelo,43804259,P,4000,TEX@LAA 08/11/2026 09:38PM ET,TEX,-0.13,,
RP,Joel Peguero (43804260),Joel Peguero,43804260,P,4000,HOU@SF 08/11/2026 09:45PM ET,SF,1.81,IL,
RP,Will Klein (43804261),Will Klein,43804261,P,4000,KC@LAD 08/11/2026 10:10PM ET,LAD,3.58,IL,
RP,Jakob Junis (43804262),Jakob Junis,43804262,P,4000,TEX@LAA 08/11/2026 09:38PM ET,TEX,2.84,IL,
RP,Dedniel Nunez (43804263),Dedniel Nunez,43804263,P,4000,NYM@ATL 08/11/2026 07:15PM ET,NYM,0.45,,
RP,Kervin Castro (43804264),Kervin Castro,43804264,P,4000,SEA@NYY 08/11/2026 07:05PM ET,NYY,5.05,,
RP,Eduard Bazardo (43804265),Eduard Bazardo,43804265,P,4000,SEA@NYY 08/11/2026 07:05PM ET,SEA,2.75,,
RP,Alimber Santa (43804266),Alimber Santa,43804266,P,4000,HOU@SF 08/11/2026 09:45PM ET,HOU,4.01,,
RP,Bennett Sousa (43804267),Bennett Sousa,43804267,P,4000,HOU@SF 08/11/2026 09:45PM ET,HOU,1.93,,
RP,Easton McGee (43804268),Easton McGee,43804268,P,4000,KC@LAD 08/11/2026 10:10PM ET,KC,1.15,,
RP,Shaun Anderson (43804269),Shaun Anderson,43804269,P,4000,TEX@LAA 08/11/2026 09:38PM ET,LAA,2.62,IL,
RP,Tyler Rogers (43804270),Tyler Rogers,43804270,P,4000,BOS@TOR 08/11/2026 07:07PM ET,TOR,2.21,,
RP,Hunter Bigge (43804271),Hunter Bigge,43804271,P,4000,TB@ATH 08/11/2026 09:40PM ET,TB,1.59,,
RP,Sean Newcomb (43804272),Sean Newcomb,43804272,P,4000,CIN@CWS 08/11/2026 07:40PM ET,CWS,4.21,,
RP,Ryan Thompson (43804273),Ryan Thompson,43804273,P,4000,COL@ARI 08/11/2026 09:40PM ET,ARI,1.91,IL,
RP,Nick Frasso (43804274),Nick Frasso,43804274,P,4000,COL@ARI 08/11/2026 09:40PM ET,COL,1.25,,
RP,Tanner Scott (43804275),Tanner Scott,43804275,P,4000,KC@LAD 08/11/2026 10:10PM ET,LAD,3.53,,
RP,Kyle Backhus (43804276),Kyle Backhus,43804276,P,4000,PHI@STL 08/11/2026 07:45PM ET,PHI,2.44,,
RP,Carlos Estevez (43804277),Carlos Estevez,43804277,P,4000,KC@LAD 08/11/2026 10:10PM ET,KC,-14.85,IL,
RP,Hogan Harris (43804278),Hogan Harris,43804278,P,4000,TB@ATH 08/11/2026 09:40PM ET,ATH,3.18,,
RP,Jose A. Ferrer (43804279),Jose A. Ferrer,43804279,P,4000,SEA@NYY 08/11/2026 07:05PM ET,SEA,2.28,,
RP,David Bednar (43804280),David Bednar,43804280,P,4000,SEA@NYY 08/11/2026 07:05PM ET,NYY,3.93,,
RP,Brooks Kriske (43804281),Brooks Kriske,43804281,P,4000,TB@ATH 08/11/2026 09:40PM ET,ATH,4.1,IL,
RP,Craig Kimbrel (43804282),Craig Kimbrel,43804282,P,4000,KC@LAD 08/11/2026 10:10PM ET,KC,2.29,,
RP,Tyler Kinley (43804283),Tyler Kinley,43804283,P,4000,NYM@ATL 08/11/2026 07:15PM ET,ATL,2.75,,
RP,Mark Leiter Jr. (43804284),Mark Leiter Jr.,43804284,P,4000,TB@ATH 08/11/2026 09:40PM ET,ATH,2.54,IL,
RP,Grant Holman (43804285),Grant Holman,43804285,P,4000,PHI@STL 08/11/2026 07:45PM ET,PHI,0,,
RP,Rolddy Munoz (43804286),Rolddy Munoz,43804286,P,4000,NYM@ATL 08/11/2026 07:15PM ET,ATL,0.9,,
RP,Brian Fitzpatrick (43804287),Brian Fitzpatrick,43804287,P,4000,MIL@SD 08/11/2026 09:40PM ET,MIL,3.4,IL,
RP,Kody Funderburk (43804288),Kody Funderburk,43804288,P,4000,BAL@MIN 08/11/2026 07:40PM ET,MIN,2.78,,
RP,David Morgan (43804289),David Morgan,43804289,P,4000,MIL@SD 08/11/2026 09:40PM ET,SD,3.46,IL,
RP,Robert Suarez (43804290),Robert Suarez,43804290,P,4000,NYM@ATL 08/11/2026 07:15PM ET,ATL,3.86,IL,
RP,Danny Young (43804291),Danny Young,43804291,P,4000,NYM@ATL 08/11/2026 07:15PM ET,ATL,1.15,,
RP,Brent Headrick (43804292),Brent Headrick,43804292,P,4000,SEA@NYY 08/11/2026 07:05PM ET,NYY,3.98,,
RP,Beck Way (43804293),Beck Way,43804293,P,4000,KC@LAD 08/11/2026 10:10PM ET,KC,2.93,IL,
RP,Zack Kelly (43804294),Zack Kelly,43804294,P,4000,BOS@TOR 08/11/2026 07:07PM ET,BOS,2.21,IL,
RP,Brennan Bernardino (43804295),Brennan Bernardino,43804295,P,4000,COL@ARI 08/11/2026 09:40PM ET,COL,2.33,,
RP,Aaron Bummer (43804296),Aaron Bummer,43804296,P,4000,KC@LAD 08/11/2026 10:10PM ET,KC,0.38,,
RP,Chase Lee (43804297),Chase Lee,43804297,P,4000,BOS@TOR 08/11/2026 07:07PM ET,TOR,1.04,,
RP,Paul Sewald (43804298),Paul Sewald,43804298,P,4000,COL@ARI 08/11/2026 09:40PM ET,ARI,2.28,,
RP,George Soriano (43804299),George Soriano,43804299,P,4000,PHI@STL 08/11/2026 07:45PM ET,STL,2.98,,
RP,Andrew Saalfrank (43804300),Andrew Saalfrank,43804300,P,4000,COL@ARI 08/11/2026 09:40PM ET,ARI,0,IL,
RP,Yuki Matsui (43804301),Yuki Matsui,43804301,P,4000,MIL@SD 08/11/2026 09:40PM ET,SD,4.54,,
RP,Alex Hoppe (43804302),Alex Hoppe,43804302,P,4000,BAL@MIN 08/11/2026 07:40PM ET,BAL,2.83,,
RP,Chris Martin (43804303),Chris Martin,43804303,P,4000,TEX@LAA 08/11/2026 09:38PM ET,TEX,0.54,,
RP,Cole Sulser (43804304),Cole Sulser,43804304,P,4000,TB@ATH 08/11/2026 09:40PM ET,TB,2.92,IL,
RP,Nate Pearson (43804305),Nate Pearson,43804305,P,4000,KC@LAD 08/11/2026 10:10PM ET,KC,3.12,,
RP,Garrett Stallings (43804306),Garrett Stallings,43804306,P,4000,MIL@SD 08/11/2026 09:40PM ET,MIL,8.1,,
RP,A.J. Puk (43804307),A.J. Puk,43804307,P,4000,COL@ARI 08/11/2026 09:40PM ET,ARI,0,IL,
RP,Jose Alvarado (43804308),Jose Alvarado,43804308,P,4000,PHI@STL 08/11/2026 07:45PM ET,PHI,2.44,,
RP,Emiliano Teodo (43804309),Emiliano Teodo,43804309,P,4000,TEX@LAA 08/11/2026 09:38PM ET,TEX,-1.25,,
RP,Brendon Little (43804310),Brendon Little,43804310,P,4000,BOS@TOR 08/11/2026 07:07PM ET,TOR,1.34,,
RP,Greg Weissert (43804311),Greg Weissert,43804311,P,4000,BOS@TOR 08/11/2026 07:07PM ET,BOS,2.65,,
RP,Trevor Martin (43804312),Trevor Martin,43804312,P,4000,TB@ATH 08/11/2026 09:40PM ET,TB,2.92,,
RP,Alec Gamboa (43804313),Alec Gamboa,43804313,P,4000,BOS@TOR 08/11/2026 07:07PM ET,BOS,5.46,,
RP,Seth Halvorsen (43804314),Seth Halvorsen,43804314,P,4000,KC@LAD 08/11/2026 10:10PM ET,LAD,1.64,,
RP,Caleb Ferguson (43804315),Caleb Ferguson,43804315,P,4000,PHI@STL 08/11/2026 07:45PM ET,STL,2.29,,
RP,Bryan Baker (43804316),Bryan Baker,43804316,P,4000,TB@ATH 08/11/2026 09:40PM ET,TB,3.55,,
RP,Eric Orze (43804317),Eric Orze,43804317,P,4000,BAL@MIN 08/11/2026 07:40PM ET,MIN,2.28,,
RP,Drey Jameson (43804318),Drey Jameson,43804318,P,4000,COL@ARI 08/11/2026 09:40PM ET,ARI,2.86,IL,
RP,Yaramil Hiraldo (43804319),Yaramil Hiraldo,43804319,P,4000,BAL@MIN 08/11/2026 07:40PM ET,BAL,3.28,,
RP,Tejay Antone (43804320),Tejay Antone,43804320,P,4000,CIN@CWS 08/11/2026 07:40PM ET,CIN,2.92,,
RP,Max Lazar (43804321),Max Lazar,43804321,P,4000,PHI@STL 08/11/2026 07:45PM ET,PHI,1.9,,
RP,Jeff Criswell (43804322),Jeff Criswell,43804322,P,4000,COL@ARI 08/11/2026 09:40PM ET,COL,2.27,IL,
RP,Matt Strahm (43804323),Matt Strahm,43804323,P,4000,KC@LAD 08/11/2026 10:10PM ET,KC,1.56,,
RP,Codi Heuer (43804324),Codi Heuer,43804324,P,4000,BAL@MIN 08/11/2026 07:40PM ET,BAL,1.62,,
RP,Brock Burke (43804325),Brock Burke,43804325,P,4000,CIN@CWS 08/11/2026 07:40PM ET,CIN,2.86,,
RP,Peyton Gray (43804326),Peyton Gray,43804326,P,4000,TEX@LAA 08/11/2026 09:38PM ET,TEX,3.97,,
RP,JoJo Romero (43804327),JoJo Romero,43804327,P,4000,MIL@SD 08/11/2026 09:40PM ET,MIL,2.7,IL,
RP,Cameron Foster (43804328),Cameron Foster,43804328,P,4000,BAL@MIN 08/11/2026 07:40PM ET,BAL,0.88,IL,
RP,Tayler Saucedo (43804329),Tayler Saucedo,43804329,P,4000,TEX@LAA 08/11/2026 09:38PM ET,LAA,2.3,,
RP,Jaden Hill (43804330),Jaden Hill,43804330,P,4000,COL@ARI 08/11/2026 09:40PM ET,COL,1.81,IL,
RP,Jovani Moran (43804331),Jovani Moran,43804331,P,4000,BOS@TOR 08/11/2026 07:07PM ET,BOS,4.78,,
RP,Bryan Hudson (43804332),Bryan Hudson,43804332,P,4000,CIN@CWS 08/11/2026 07:40PM ET,CWS,2.9,,
RP,Connor Seabold (43804333),Connor Seabold,43804333,P,4000,KC@LAD 08/11/2026 10:10PM ET,KC,2.08,IL,
RP,Trevor Megill (43804334),Trevor Megill,43804334,P,4000,MIL@SD 08/11/2026 09:40PM ET,MIL,3.53,,
RP,Bryan Abreu (43804335),Bryan Abreu,43804335,P,4000,HOU@SF 08/11/2026 09:45PM ET,HOU,3.18,,
RP,Chase Solesky (43804336),Chase Solesky,43804336,P,4000,CIN@CWS 08/11/2026 07:40PM ET,CIN,6.55,,
RP,Hayden Harris (43804337),Hayden Harris,43804337,P,4000,NYM@ATL 08/11/2026 07:15PM ET,ATL,0,,
RP,Cole Wilcox (43804338),Cole Wilcox,43804338,P,4000,SEA@NYY 08/11/2026 07:05PM ET,SEA,2.83,IL,
RP,Josh Walker (43804339),Josh Walker,43804339,P,4000,BAL@MIN 08/11/2026 07:40PM ET,BAL,2.82,,
RP,Tyler Schweitzer (43804340),Tyler Schweitzer,43804340,P,4000,CIN@CWS 08/11/2026 07:40PM ET,CWS,4.14,,
RP,Gabe Speier (43804341),Gabe Speier,43804341,P,4000,SEA@NYY 08/11/2026 07:05PM ET,SEA,2.61,,
RP,Ryan Helsley (43804342),Ryan Helsley,43804342,P,4000,BAL@MIN 08/11/2026 07:40PM ET,BAL,2.9,IL,
RP,Peter Strzelecki (43804343),Peter Strzelecki,43804343,P,4000,PHI@STL 08/11/2026 07:45PM ET,STL,1.4,,
RP,Juan Burgos (43804344),Juan Burgos,43804344,P,4000,COL@ARI 08/11/2026 09:40PM ET,ARI,0.8,,
1B,Rafael Devers (43803289),Rafael Devers,43803289,1B,3900,HOU@SF 08/11/2026 09:45PM ET,SF,7.65,,
1B/3B,Kazuma Okamoto (43803290),Kazuma Okamoto,43803290,1B/3B,3900,BOS@TOR 08/11/2026 07:07PM ET,TOR,7.28,DTD,
3B,Isaac Paredes (43803292),Isaac Paredes,43803292,3B,3900,HOU@SF 08/11/2026 09:45PM ET,HOU,7.12,,
OF,Teoscar Hernandez (43803293),Teoscar Hernandez,43803293,OF,3900,KC@LAD 08/11/2026 10:10PM ET,LAD,6.71,,
OF,Heliot Ramos (43803294),Heliot Ramos,43803294,OF,3900,SEA@NYY 08/11/2026 07:05PM ET,NYY,6.82,,
2B,Michael Massey (43803295),Michael Massey,43803295,2B,3900,KC@LAD 08/11/2026 10:10PM ET,KC,5.54,,
C,Luis Campusano (43803296),Luis Campusano,43803296,C,3900,MIL@SD 08/11/2026 09:40PM ET,SD,6,,
1B/OF,Spencer Steer (43803563),Spencer Steer,43803563,1B/OF,3900,CIN@CWS 08/11/2026 07:40PM ET,CIN,6.84,IL,
3B,Nolan Arenado (43803297),Nolan Arenado,43803297,3B,3800,COL@ARI 08/11/2026 09:40PM ET,ARI,6.97,,
OF,Brandon Nimmo (43803298),Brandon Nimmo,43803298,OF,3800,TEX@LAA 08/11/2026 09:38PM ET,TEX,7.38,,
SS,Willy Adames (43803299),Willy Adames,43803299,SS,3800,HOU@SF 08/11/2026 09:45PM ET,SF,6.87,,
1B/2B,Ildemaro Vargas (43803300),Ildemaro Vargas,43803300,1B/2B,3800,COL@ARI 08/11/2026 09:40PM ET,ARI,6.07,,
2B/3B,Bryson Stott (43803302),Bryson Stott,43803302,2B/3B,3800,PHI@STL 08/11/2026 07:45PM ET,PHI,7.54,,
C,Cal Raleigh (43803304),Cal Raleigh,43803304,C,3800,SEA@NYY 08/11/2026 07:05PM ET,SEA,5.76,,
3B/OF,Addison Barger (43803565),Addison Barger,43803565,3B/OF,3800,BOS@TOR 08/11/2026 07:07PM ET,TOR,2.56,IL,
C,Dalton Rushing (43803567),Dalton Rushing,43803567,C,3800,KC@LAD 08/11/2026 10:10PM ET,LAD,6.39,IL,
OF,Jasson Dominguez (43803568),Jasson Dominguez,43803568,OF,3800,SEA@NYY 08/11/2026 07:05PM ET,NYY,6.24,,
OF,Taylor Ward (43803305),Taylor Ward,43803305,OF,3700,SEA@NYY 08/11/2026 07:05PM ET,SEA,6.88,,
3B,Austin Riley (43803306),Austin Riley,43803306,3B,3700,NYM@ATL 08/11/2026 07:15PM ET,ATL,6.42,,
OF,Trevor Larnach (43803307),Trevor Larnach,43803307,OF,3700,BAL@MIN 08/11/2026 07:40PM ET,MIN,6.57,,
3B,Caleb Durbin (43803308),Caleb Durbin,43803308,3B,3700,BOS@TOR 08/11/2026 07:07PM ET,BOS,6.94,,
1B,Paul Goldschmidt (43803309),Paul Goldschmidt,43803309,1B,3700,SEA@NYY 08/11/2026 07:05PM ET,NYY,6.69,,
C,Yainer Diaz (43803310),Yainer Diaz,43803310,C,3700,HOU@SF 08/11/2026 09:45PM ET,HOU,6.1,,
SS,Andruw Monasterio (43803311),Andruw Monasterio,43803311,SS,3700,BOS@TOR 08/11/2026 07:07PM ET,BOS,5.72,,
C,Kyle Teel (43803569),Kyle Teel,43803569,C,3700,CIN@CWS 08/11/2026 07:40PM ET,CWS,6,IL,
OF,Dominic Canzone (43803312),Dominic Canzone,43803312,OF,3600,SEA@NYY 08/11/2026 07:05PM ET,SEA,6.26,,
OF,Luis Robert Jr. (43803313),Luis Robert Jr.,43803313,OF,3600,NYM@ATL 08/11/2026 07:15PM ET,NYM,5.9,,
2B,Justin Foscue (43803314),Justin Foscue,43803314,2B,3600,TEX@LAA 08/11/2026 09:38PM ET,TEX,4.34,,
OF,Luis Lara (43803315),Luis Lara,43803315,OF,3600,MIL@SD 08/11/2026 09:40PM ET,MIL,5.32,,
C,Nick Fortes (43803316),Nick Fortes,43803316,C,3600,TB@ATH 08/11/2026 09:40PM ET,TB,4.69,,
3B,Eugenio Suarez (43803317),Eugenio Suarez,43803317,3B,3600,CIN@CWS 08/11/2026 07:40PM ET,CIN,6.26,,
OF,Max Kepler (43803318),Max Kepler,43803318,OF,3600,COL@ARI 08/11/2026 09:40PM ET,ARI,4.9,,
1B,Jake Burger (43803319),Jake Burger,43803319,1B,3600,TEX@LAA 08/11/2026 09:38PM ET,TEX,6.86,,
1B,Andrew Vaughn (43803320),Andrew Vaughn,43803320,1B,3600,MIL@SD 08/11/2026 09:40PM ET,MIL,5.9,,
2B/3B,Vaughn Grissom (43803321),Vaughn Grissom,43803321,2B/3B,3600,TEX@LAA 08/11/2026 09:38PM ET,LAA,6.26,,
SS,Xander Bogaerts (43803323),Xander Bogaerts,43803323,SS,3600,MIL@SD 08/11/2026 09:40PM ET,SD,6.27,,
OF,John Rave (43803324),John Rave,43803324,OF,3500,KC@LAD 08/11/2026 10:10PM ET,KC,5.16,,
OF,Henry Bolte (43803325),Henry Bolte,43803325,OF,3500,TB@ATH 08/11/2026 09:40PM ET,ATH,6.17,,
OF,Taylor Trammell (43803326),Taylor Trammell,43803326,OF,3500,HOU@SF 08/11/2026 09:45PM ET,HOU,5.27,,
C,J.T. Realmuto (43803327),J.T. Realmuto,43803327,C,3500,PHI@STL 08/11/2026 07:45PM ET,PHI,5.87,,
OF,Braden Montgomery (43803328),Braden Montgomery,43803328,OF,3500,CIN@CWS 08/11/2026 07:40PM ET,CWS,6.78,,
2B,Marcus Semien (43803329),Marcus Semien,43803329,2B,3500,NYM@ATL 08/11/2026 07:15PM ET,NYM,6.12,,
OF,Jung Hoo Lee (43803330),Jung Hoo Lee,43803330,OF,3500,HOU@SF 08/11/2026 09:45PM ET,SF,7.35,,
OF,Lane Thomas (43803331),Lane Thomas,43803331,OF,3500,NYM@ATL 08/11/2026 07:15PM ET,ATL,5.55,,
1B,Josh Bell (43803332),Josh Bell,43803332,1B,3500,BAL@MIN 08/11/2026 07:40PM ET,MIN,7.25,,
1B/OF,Ryan Vilade (43803333),Ryan Vilade,43803333,1B/OF,3500,TB@ATH 08/11/2026 09:40PM ET,TB,5.52,,
1B/3B,Alec Bohm (43803335),Alec Bohm,43803335,1B/3B,3500,PHI@STL 08/11/2026 07:45PM ET,PHI,6.11,,
SS,Masyn Winn (43803337),Masyn Winn,43803337,SS,3500,PHI@STL 08/11/2026 07:45PM ET,STL,6.23,,
SS,Cooper Pratt (43803570),Cooper Pratt,43803570,SS,3500,MIL@SD 08/11/2026 09:40PM ET,MIL,6.86,IL,
OF,Gavin Lux (43803571),Gavin Lux,43803571,OF,3500,TB@ATH 08/11/2026 09:40PM ET,TB,0,IL,
SS,Trevor Story (43803572),Trevor Story,43803572,SS,3500,BOS@TOR 08/11/2026 07:07PM ET,BOS,5.98,IL,
C,Francisco Alvarez (43803338),Francisco Alvarez,43803338,C,3400,NYM@ATL 08/11/2026 07:15PM ET,NYM,6.13,,
1B,Bryce Eldridge (43803339),Bryce Eldridge,43803339,1B,3400,HOU@SF 08/11/2026 09:45PM ET,SF,6.86,,
OF,Lawrence Butler (43803340),Lawrence Butler,43803340,OF,3400,TB@ATH 08/11/2026 09:40PM ET,ATH,4.96,,
2B,Richie Palacios (43803341),Richie Palacios,43803341,2B,3400,TB@ATH 08/11/2026 09:40PM ET,TB,5.56,,
OF,Lars Nootbaar (43803342),Lars Nootbaar,43803342,OF,3400,COL@ARI 08/11/2026 09:40PM ET,ARI,5.72,,
3B/OF,Kike Hernandez (43803343),Kike Hernandez,43803343,3B/OF,3400,KC@LAD 08/11/2026 10:10PM ET,LAD,4.1,,
2B/SS,Jose Caballero (43803345),Jose Caballero,43803345,2B/SS,3400,SEA@NYY 08/11/2026 07:05PM ET,NYY,6.89,,
3B,David Hamilton (43803347),David Hamilton,43803347,3B,3400,MIL@SD 08/11/2026 09:40PM ET,MIL,5.51,,
2B/3B,Joshua Kuroda-Grauer (43803573),Joshua Kuroda-Grauer,43803573,2B/3B,3400,TB@ATH 08/11/2026 09:40PM ET,ATH,7.75,IL,
1B/C,Salvador Perez (43803348),Salvador Perez,43803348,C/1B,3300,KC@LAD 08/11/2026 10:10PM ET,KC,5.99,,
SS,Taylor Walls (43803350),Taylor Walls,43803350,SS,3300,TB@ATH 08/11/2026 09:40PM ET,TB,5.44,,
1B,Joc Pederson (43803351),Joc Pederson,43803351,1B,3300,TEX@LAA 08/11/2026 09:38PM ET,TEX,6.43,,
2B,Cole Young (43803352),Cole Young,43803352,2B,3300,SEA@NYY 08/11/2026 07:05PM ET,SEA,6.66,,
OF,Carlos Cortes (43803353),Carlos Cortes,43803353,OF,3300,TB@ATH 08/11/2026 09:40PM ET,ATH,4.9,,
C,Alejandro Kirk (43803354),Alejandro Kirk,43803354,C,3300,BOS@TOR 08/11/2026 07:07PM ET,TOR,5.42,,
OF,Daulton Varsho (43803355),Daulton Varsho,43803355,OF,3300,HOU@SF 08/11/2026 09:45PM ET,HOU,5.81,,
2B,Chase Meidroth (43803356),Chase Meidroth,43803356,2B,3300,CIN@CWS 08/11/2026 07:40PM ET,CWS,7.01,DTD,
2B,Osleivis Basabe (43803357),Osleivis Basabe,43803357,2B,3300,HOU@SF 08/11/2026 09:45PM ET,SF,7.54,,
3B,Kyle Karros (43803358),Kyle Karros,43803358,3B,3300,COL@ARI 08/11/2026 09:40PM ET,COL,6.43,,
3B/OF,Jose Fermin (43803359),Jose Fermin,43803359,3B/OF,3300,PHI@STL 08/11/2026 07:45PM ET,STL,4.76,,
1B/3B,Mark Vientos (43803575),Mark Vientos,43803575,1B/3B,3300,NYM@ATL 08/11/2026 07:15PM ET,NYM,5.41,IL,
1B/3B,Jose Fernandez (43803577),Jose Fernandez,43803577,1B/3B,3300,COL@ARI 08/11/2026 09:40PM ET,ARI,5.24,,
C,Tyler Stephenson (43803361),Tyler Stephenson,43803361,C,3200,CIN@CWS 08/11/2026 07:40PM ET,CIN,5.68,,
1B,Nolan Schanuel (43803362),Nolan Schanuel,43803362,1B,3200,TEX@LAA 08/11/2026 09:38PM ET,LAA,6.39,,
1B/2B,Nick Sogard (43803363),Nick Sogard,43803363,1B/2B,3200,BOS@TOR 08/11/2026 07:07PM ET,BOS,5.7,,
SS,Tyler Tolbert (43803365),Tyler Tolbert,43803365,SS,3200,KC@LAD 08/11/2026 10:10PM ET,KC,4.85,,
2B/3B,Ernie Clement (43803366),Ernie Clement,43803366,2B/3B,3200,BOS@TOR 08/11/2026 07:07PM ET,TOR,6.31,,
3B,Max Muncy (43803368),Max Muncy,43803368,3B,3200,TB@ATH 08/11/2026 09:40PM ET,ATH,5.85,,
2B,Jackson Holliday (43803369),Jackson Holliday,43803369,2B,3200,BAL@MIN 08/11/2026 07:40PM ET,BAL,5.85,,
OF,Ryan Waldschmidt (43803370),Ryan Waldschmidt,43803370,OF,3200,COL@ARI 08/11/2026 09:40PM ET,ARI,6.18,,
OF,Gavin Sheets (43803371),Gavin Sheets,43803371,OF,3200,MIL@SD 08/11/2026 09:40PM ET,SD,5.78,,
OF,Luke Keaschall (43803372),Luke Keaschall,43803372,OF,3200,BAL@MIN 08/11/2026 07:40PM ET,MIN,6.67,,
OF,Bryan De La Cruz (43803373),Bryan De La Cruz,43803373,OF,3200,PHI@STL 08/11/2026 07:45PM ET,PHI,6.17,,
2B/OF,Tyler Freeman (43803374),Tyler Freeman,43803374,2B/OF,3200,COL@ARI 08/11/2026 09:40PM ET,COL,5.23,IL,
OF,Spencer Jones (43803376),Spencer Jones,43803376,OF,3200,SEA@NYY 08/11/2026 07:05PM ET,NYY,5,,
OF,Samad Taylor (43803579),Samad Taylor,43803579,OF,3200,MIL@SD 08/11/2026 09:40PM ET,SD,7.88,IL,
3B/SS,Shay Whitcomb (43803580),Shay Whitcomb,43803580,3B/SS,3200,HOU@SF 08/11/2026 09:45PM ET,HOU,2.29,,
1B/3B,Connor Norby (43803582),Connor Norby,43803582,1B/3B,3200,COL@ARI 08/11/2026 09:40PM ET,COL,5.15,,
C,Joey Bart (43803584),Joey Bart,43803584,C,3200,CIN@CWS 08/11/2026 07:40PM ET,CWS,4.32,IL,
1B,Josh Naylor (43803377),Josh Naylor,43803377,1B,3100,SEA@NYY 08/11/2026 07:05PM ET,SEA,7.33,,
OF,Evan Carter (43803378),Evan Carter,43803378,OF,3100,TEX@LAA 08/11/2026 09:38PM ET,TEX,5.48,,
OF,Nathan Lukes (43803379),Nathan Lukes,43803379,OF,3100,BOS@TOR 08/11/2026 07:07PM ET,TOR,5.14,,
3B,Brendan Donovan (43803380),Brendan Donovan,43803380,3B,3100,SEA@NYY 08/11/2026 07:05PM ET,SEA,6.28,,
OF,Brandon Lockridge (43803381),Brandon Lockridge,43803381,OF,3100,MIL@SD 08/11/2026 09:40PM ET,MIL,5.53,,
2B,Matt McLain (43803382),Matt McLain,43803382,2B,3100,CIN@CWS 08/11/2026 07:40PM ET,CIN,5.96,,
1B,Jared Young (43803383),Jared Young,43803383,1B,3100,NYM@ATL 08/11/2026 07:15PM ET,NYM,5.6,,
OF,Jose Siri (43803384),Jose Siri,43803384,OF,3100,TEX@LAA 08/11/2026 09:38PM ET,LAA,4.35,,
OF,Cam Smith (43803385),Cam Smith,43803385,OF,3100,HOU@SF 08/11/2026 09:45PM ET,HOU,6.28,,
C,Brian Serven (43803386),Brian Serven,43803386,C,3100,TB@ATH 08/11/2026 09:40PM ET,ATH,4.5,,
3B,Coby Mayo (43803387),Coby Mayo,43803387,3B,3100,BAL@MIN 08/11/2026 07:40PM ET,BAL,5.91,,
2B,Jake Cronenworth (43803388),Jake Cronenworth,43803388,2B,3100,MIL@SD 08/11/2026 09:40PM ET,SD,5.31,,
C,Daniel Susac (43803389),Daniel Susac,43803389,C,3100,HOU@SF 08/11/2026 09:45PM ET,SF,4.62,IL,
OF,Andrew Benintendi (43803390),Andrew Benintendi,43803390,OF,3100,CIN@CWS 08/11/2026 07:40PM ET,CWS,6.15,,
OF,Troy Johnston (43803391),Troy Johnston,43803391,OF,3100,COL@ARI 08/11/2026 09:40PM ET,COL,5.8,,
3B/SS,Joey Ortiz (43803392),Joey Ortiz,43803392,3B/SS,3100,MIL@SD 08/11/2026 09:40PM ET,MIL,4.65,DTD,
2B,Jonathan India (43803585),Jonathan India,43803585,2B,3100,KC@LAD 08/11/2026 10:10PM ET,KC,5.41,IL,
C/OF,Jesus Rodriguez (43803586),Jesus Rodriguez,43803586,C/OF,3100,HOU@SF 08/11/2026 09:45PM ET,SF,4.68,IL,
OF,Max Schuemann (43803588),Max Schuemann,43803588,OF,3100,SEA@NYY 08/11/2026 07:05PM ET,NYY,3.98,,
2B,Anthony Seigler (43803394),Anthony Seigler,43803394,2B,3000,BOS@TOR 08/11/2026 07:07PM ET,BOS,5.98,,
1B/OF,Tim Tawa (43803395),Tim Tawa,43803395,1B/OF,3000,COL@ARI 08/11/2026 09:40PM ET,ARI,5.03,,
3B,Nick Loftin (43803397),Nick Loftin,43803397,3B,3000,KC@LAD 08/11/2026 10:10PM ET,KC,5.76,,
C,Elias Diaz (43803398),Elias Diaz,43803398,C,3000,TEX@LAA 08/11/2026 09:38PM ET,TEX,4.24,,
OF,Brenton Doyle (43803399),Brenton Doyle,43803399,OF,3000,CIN@CWS 08/11/2026 07:40PM ET,CWS,4.76,,
C,Jhonny Pereda (43803400),Jhonny Pereda,43803400,C,3000,SEA@NYY 08/11/2026 07:05PM ET,SEA,4.95,,
OF/SS,Mauricio Dubon (43803401),Mauricio Dubon,43803401,SS/OF,3000,NYM@ATL 08/11/2026 07:15PM ET,ATL,6.93,,
OF,Wade Meckler (43803403),Wade Meckler,43803403,OF,3000,TEX@LAA 08/11/2026 09:38PM ET,LAA,5.61,,
OF,Masataka Yoshida (43803404),Masataka Yoshida,43803404,OF,3000,BOS@TOR 08/11/2026 07:07PM ET,BOS,5.54,,
2B/OF,Brett Baty (43803405),Brett Baty,43803405,2B/OF,3000,NYM@ATL 08/11/2026 07:15PM ET,NYM,5.12,,
OF,Justin Crawford (43803407),Justin Crawford,43803407,OF,3000,PHI@STL 08/11/2026 07:45PM ET,PHI,5.31,,
OF,Nathan Church (43803408),Nathan Church,43803408,OF,3000,PHI@STL 08/11/2026 07:45PM ET,STL,5.32,,
OF,Leody Taveras (43803409),Leody Taveras,43803409,OF,3000,BAL@MIN 08/11/2026 07:40PM ET,BAL,5.85,,
OF,Austin Hays (43803410),Austin Hays,43803410,OF,3000,MIL@SD 08/11/2026 09:40PM ET,SD,5.92,,
OF,Drew Gilbert (43803411),Drew Gilbert,43803411,OF,3000,HOU@SF 08/11/2026 09:45PM ET,SF,4.46,,
SS,Ryan Kreidler (43803412),Ryan Kreidler,43803412,SS,3000,BAL@MIN 08/11/2026 07:40PM ET,MIN,4.68,,
OF,Noelvi Marte (43803413),Noelvi Marte,43803413,OF,3000,CIN@CWS 08/11/2026 07:40PM ET,CIN,5.04,,
OF,Jake Fraley (43803589),Jake Fraley,43803589,OF,3000,TB@ATH 08/11/2026 09:40PM ET,TB,4.93,IL,
C,Braxton Fulford (43803590),Braxton Fulford,43803590,C,3000,COL@ARI 08/11/2026 09:40PM ET,COL,3,,
OF,Akil Baddoo (43803591),Akil Baddoo,43803591,OF,3000,MIL@SD 08/11/2026 09:40PM ET,MIL,0,,
OF,Jordan Lawlar (43803592),Jordan Lawlar,43803592,OF,3000,COL@ARI 08/11/2026 09:40PM ET,ARI,8.25,IL,
2B,Hyeseong Kim (43803593),Hyeseong Kim,43803593,2B,3000,KC@LAD 08/11/2026 10:10PM ET,LAD,4.91,,
OF,Blake Dunn (43803594),Blake Dunn,43803594,OF,3000,CIN@CWS 08/11/2026 07:40PM ET,CIN,6.87,IL,
C,James McCann (43803414),James McCann,43803414,C,2900,COL@ARI 08/11/2026 09:40PM ET,ARI,6.21,,
1B/3B,Tommy White (43803415),Tommy White,43803415,1B/3B,2900,TB@ATH 08/11/2026 09:40PM ET,ATH,4.24,,
1B/OF,LaMonte Wade Jr. (43803417),LaMonte Wade Jr.,43803417,1B/OF,2900,HOU@SF 08/11/2026 09:45PM ET,HOU,5.43,,
OF,Isaac Collins (43803419),Isaac Collins,43803419,OF,2900,KC@LAD 08/11/2026 10:10PM ET,KC,5.74,,
2B,Donovan Walton (43803420),Donovan Walton,43803420,2B,2900,TB@ATH 08/11/2026 09:40PM ET,ATH,5.06,,
SS,Andres Gimenez (43803421),Andres Gimenez,43803421,SS,2900,BOS@TOR 08/11/2026 07:07PM ET,TOR,5.58,,
OF,Jake Meyers (43803422),Jake Meyers,43803422,OF,2900,HOU@SF 08/11/2026 09:45PM ET,HOU,3.72,,
OF,Austin Martin (43803423),Austin Martin,43803423,OF,2900,BAL@MIN 08/11/2026 07:40PM ET,MIN,5.07,,
2B,Oswald Peraza (43803424),Oswald Peraza,43803424,2B,2900,TEX@LAA 08/11/2026 09:38PM ET,LAA,4.88,,
OF,Bryan Torres (43803425),Bryan Torres,43803425,OF,2900,PHI@STL 08/11/2026 07:45PM ET,STL,3.66,,
OF,Dylan Beavers (43803426),Dylan Beavers,43803426,OF,2900,BAL@MIN 08/11/2026 07:40PM ET,BAL,5.12,,
OF,Randal Grichuk (43803427),Randal Grichuk,43803427,OF,2900,CIN@CWS 08/11/2026 07:40PM ET,CWS,4.36,,
C,Brett Sullivan (43803428),Brett Sullivan,43803428,C,2900,COL@ARI 08/11/2026 09:40PM ET,COL,4.33,,
SS,George Lombard Jr. (43803429),George Lombard Jr.,43803429,SS,2900,SEA@NYY 08/11/2026 07:05PM ET,NYY,9.4,,
1B/2B,Romy Gonzalez (43803595),Romy Gonzalez,43803595,1B/2B,2900,BOS@TOR 08/11/2026 07:07PM ET,BOS,5.32,,
OF,Luke Raley (43803597),Luke Raley,43803597,OF,2900,SEA@NYY 08/11/2026 07:05PM ET,SEA,5.11,IL,
3B,Nolan Gorman (43803598),Nolan Gorman,43803598,3B,2900,PHI@STL 08/11/2026 07:45PM ET,STL,5.07,,
OF,Lourdes Gurriel Jr. (43803599),Lourdes Gurriel Jr.,43803599,OF,2900,COL@ARI 08/11/2026 09:40PM ET,ARI,4.96,IL,
SS,Anthony Volpe (43803600),Anthony Volpe,43803600,SS,2900,SEA@NYY 08/11/2026 07:05PM ET,NYY,5.48,,
C,Brandon Valenzuela (43803430),Brandon Valenzuela,43803430,C,2800,BOS@TOR 08/11/2026 07:07PM ET,TOR,5,,
C,Jose Trevino (43803431),Jose Trevino,43803431,C,2800,CIN@CWS 08/11/2026 07:40PM ET,CIN,4.56,,
3B,Amed Rosario (43803432),Amed Rosario,43803432,3B,2800,SEA@NYY 08/11/2026 07:05PM ET,NYY,4.96,,
1B/OF,Dominic Smith (43803433),Dominic Smith,43803433,1B/OF,2800,NYM@ATL 08/11/2026 07:15PM ET,ATL,5.03,,
OF,Starling Marte (43803435),Starling Marte,43803435,OF,2800,KC@LAD 08/11/2026 10:10PM ET,KC,3.96,,
OF,Jesus Sanchez (43803436),Jesus Sanchez,43803436,OF,2800,BOS@TOR 08/11/2026 07:07PM ET,TOR,5.22,,
OF,Mike Yastrzemski (43803437),Mike Yastrzemski,43803437,OF,2800,NYM@ATL 08/11/2026 07:15PM ET,ATL,4.79,,
2B,Jeremiah Jackson (43803438),Jeremiah Jackson,43803438,2B,2800,BAL@MIN 08/11/2026 07:40PM ET,BAL,4.63,,
OF,Tristan Peters (43803439),Tristan Peters,43803439,OF,2800,CIN@CWS 08/11/2026 07:40PM ET,CWS,5.37,,
SS,Ezequiel Tovar (43803440),Ezequiel Tovar,43803440,SS,2800,COL@ARI 08/11/2026 09:40PM ET,COL,5.09,,
3B/SS,J.P. Crawford (43803601),J.P. Crawford,43803601,3B/SS,2800,SEA@NYY 08/11/2026 07:05PM ET,SEA,6.18,IL,
C,Adrian Del Castillo (43803603),Adrian Del Castillo,43803603,C,2800,COL@ARI 08/11/2026 09:40PM ET,ARI,4.73,,
OF,Sal Frelick (43803604),Sal Frelick,43803604,OF,2800,MIL@SD 08/11/2026 09:40PM ET,MIL,5.21,IL,
3B/OF,Miguel Andujar (43803605),Miguel Andujar,43803605,3B/OF,2800,MIL@SD 08/11/2026 09:40PM ET,SD,5.45,IL,
SS,Marcelo Mayer (43803607),Marcelo Mayer,43803607,SS,2800,HOU@SF 08/11/2026 09:45PM ET,SF,4.44,IL,
OF,Sterlin Thompson (43803608),Sterlin Thompson,43803608,OF,2800,COL@ARI 08/11/2026 09:40PM ET,COL,4.44,,
2B/3B,Gabriel Arias (43803441),Gabriel Arias,43803441,2B/3B,2700,NYM@ATL 08/11/2026 07:15PM ET,NYM,5.02,,
2B/SS,Carson Williams (43803443),Carson Williams,43803443,2B/SS,2700,TB@ATH 08/11/2026 09:40PM ET,TB,2.2,,
1B/2B,Jeff McNeil (43803445),Jeff McNeil,43803445,1B/2B,2700,TB@ATH 08/11/2026 09:40PM ET,ATH,5.04,,
C,Luis Torrens (43803447),Luis Torrens,43803447,C,2700,NYM@ATL 08/11/2026 07:15PM ET,NYM,4.69,,
OF,Everson Pereira (43803448),Everson Pereira,43803448,OF,2700,PHI@STL 08/11/2026 07:45PM ET,STL,5.34,,
C,Sean Murphy (43803449),Sean Murphy,43803449,C,2700,NYM@ATL 08/11/2026 07:15PM ET,ATL,1.86,,
OF,Tyler O'Neill (43803450),Tyler O'Neill,43803450,OF,2700,BAL@MIN 08/11/2026 07:40PM ET,BAL,4.89,,
OF,Alex Call (43803451),Alex Call,43803451,OF,2700,KC@LAD 08/11/2026 10:10PM ET,LAD,3.51,,
OF,Dane Myers (43803452),Dane Myers,43803452,OF,2700,CIN@CWS 08/11/2026 07:40PM ET,CIN,4.2,,
OF/SS,Edmundo Sosa (43803453),Edmundo Sosa,43803453,SS/OF,2700,PHI@STL 08/11/2026 07:45PM ET,PHI,4.76,,
C,Moises Ballesteros (43803455),Moises Ballesteros,43803455,C,2700,TEX@LAA 08/11/2026 09:38PM ET,LAA,4.44,,
C,Danny Jansen (43803609),Danny Jansen,43803609,C,2700,TEX@LAA 08/11/2026 09:38PM ET,TEX,4.58,IL,
OF,Yohendrick Pinango (43803610),Yohendrick Pinango,43803610,OF,2700,BOS@TOR 08/11/2026 07:07PM ET,TOR,4.64,,
OF,Joey Loperfido (43803611),Joey Loperfido,43803611,OF,2700,HOU@SF 08/11/2026 09:45PM ET,HOU,4.41,,
OF,Tommy Troy (43803612),Tommy Troy,43803612,OF,2700,COL@ARI 08/11/2026 09:40PM ET,ARI,5.46,IL,
OF,Tyler Black (43803613),Tyler Black,43803613,OF,2700,MIL@SD 08/11/2026 09:40PM ET,MIL,6.11,,
OF,Matt Wallner (43803614),Matt Wallner,43803614,OF,2700,BAL@MIN 08/11/2026 07:40PM ET,MIN,5.06,,
2B/3B,Sung-Mun Song (43803456),Sung-Mun Song,43803456,2B/3B,2600,MIL@SD 08/11/2026 09:40PM ET,SD,4.19,,
1B,Tyler Locklear (43803458),Tyler Locklear,43803458,1B,2600,COL@ARI 08/11/2026 09:40PM ET,ARI,6.92,,
C,Luke Maile (43803459),Luke Maile,43803459,C,2600,KC@LAD 08/11/2026 10:10PM ET,KC,6.67,,
3B,Weston Wilson (43803460),Weston Wilson,43803460,3B,2600,SEA@NYY 08/11/2026 07:05PM ET,SEA,3.73,,
C,Freddy Fermin (43803461),Freddy Fermin,43803461,C,2600,MIL@SD 08/11/2026 09:40PM ET,SD,3.58,,
C,Christian Vazquez (43803462),Christian Vazquez,43803462,C,2600,HOU@SF 08/11/2026 09:45PM ET,HOU,4.21,,
OF,Jorge Barrosa (43803463),Jorge Barrosa,43803463,OF,2600,COL@ARI 08/11/2026 09:40PM ET,ARI,2.71,,
2B,Edouard Julien (43803464),Edouard Julien,43803464,2B,2600,COL@ARI 08/11/2026 09:40PM ET,COL,4.66,,
C,Connor Wong (43803465),Connor Wong,43803465,C,2600,BOS@TOR 08/11/2026 07:07PM ET,BOS,4.78,,
OF,TJ Friedl (43803466),TJ Friedl,43803466,OF,2600,CIN@CWS 08/11/2026 07:40PM ET,CIN,4.08,,
2B/SS,Nicky Lopez (43803467),Nicky Lopez,43803467,2B/SS,2600,TEX@LAA 08/11/2026 09:38PM ET,TEX,4.41,,
SS,Colt Emerson (43803469),Colt Emerson,43803469,SS,2600,SEA@NYY 08/11/2026 07:05PM ET,SEA,5.18,,
C,Kyle Higashioka (43803615),Kyle Higashioka,43803615,C,2600,TEX@LAA 08/11/2026 09:38PM ET,TEX,4.88,IL,
OF,Brooks Baldwin (43803616),Brooks Baldwin,43803616,OF,2600,CIN@CWS 08/11/2026 07:40PM ET,CWS,0,IL,
OF,Brewer Hicklen (43803617),Brewer Hicklen,43803617,OF,2600,NYM@ATL 08/11/2026 07:15PM ET,ATL,6.62,,
3B,Ramon Urias (43803618),Ramon Urias,43803618,3B,2600,PHI@STL 08/11/2026 07:45PM ET,STL,3.8,IL,
2B/3B,Will Wilson (43803619),Will Wilson,43803619,2B/3B,2600,SEA@NYY 08/11/2026 07:05PM ET,SEA,9,IL,
C,Mickey Gasper (43803621),Mickey Gasper,43803621,C,2600,BOS@TOR 08/11/2026 07:07PM ET,BOS,4.38,,
1B/C,Victor Caratini (43803470),Victor Caratini,43803470,C/1B,2500,BAL@MIN 08/11/2026 07:40PM ET,MIN,5.19,,
OF,Myles Straw (43803472),Myles Straw,43803472,OF,2500,BOS@TOR 08/11/2026 07:07PM ET,TOR,3.26,,
3B,Denzer Guzman (43803473),Denzer Guzman,43803473,3B,2500,TEX@LAA 08/11/2026 09:38PM ET,LAA,5.11,,
OF,Jordan Beck (43803474),Jordan Beck,43803474,OF,2500,COL@ARI 08/11/2026 09:40PM ET,COL,4.11,,
OF,Derek Hill (43803475),Derek Hill,43803475,OF,2500,PHI@STL 08/11/2026 07:45PM ET,PHI,4.14,,
SS,Nick Allen (43803476),Nick Allen,43803476,SS,2500,HOU@SF 08/11/2026 09:45PM ET,HOU,2.82,,
SS,Jim Jarvis (43803477),Jim Jarvis,43803477,SS,2500,NYM@ATL 08/11/2026 07:15PM ET,ATL,4.5,,
3B,Blaze Jordan (43803478),Blaze Jordan,43803478,3B,2500,PHI@STL 08/11/2026 07:45PM ET,STL,5.14,,
C,Yohel Pozo (43803479),Yohel Pozo,43803479,C,2500,BAL@MIN 08/11/2026 07:40PM ET,BAL,2.39,,
OF,Grant McCray (43803480),Grant McCray,43803480,OF,2500,HOU@SF 08/11/2026 09:45PM ET,SF,3,,
OF,Jahmai Jones (43803481),Jahmai Jones,43803481,OF,2500,BOS@TOR 08/11/2026 07:07PM ET,BOS,2.89,,
1B/C,Alex Jackson (43803482),Alex Jackson,43803482,C/1B,2500,BAL@MIN 08/11/2026 07:40PM ET,MIN,3.9,,
OF,Alejandro Osuna (43803622),Alejandro Osuna,43803622,OF,2500,TEX@LAA 08/11/2026 09:38PM ET,TEX,4.49,,
OF,Jacob Melton (43803623),Jacob Melton,43803623,OF,2500,TB@ATH 08/11/2026 09:40PM ET,TB,0,IL,
SS,Jorge Mateo (43803624),Jorge Mateo,43803624,SS,2500,NYM@ATL 08/11/2026 07:15PM ET,ATL,4.16,,
3B,Yoan Moncada (43803625),Yoan Moncada,43803625,3B,2500,TEX@LAA 08/11/2026 09:38PM ET,LAA,4.2,IL,
3B,Blaze Alexander (43803626),Blaze Alexander,43803626,3B,2500,BAL@MIN 08/11/2026 07:40PM ET,BAL,5.78,IL,
OF,Victor Bericoto (43803627),Victor Bericoto,43803627,OF,2500,HOU@SF 08/11/2026 09:45PM ET,SF,5.17,IL,
2B/SS,Isiah Kiner-Falefa (43803628),Isiah Kiner-Falefa,43803628,2B/SS,2500,BOS@TOR 08/11/2026 07:07PM ET,BOS,5.19,IL,
OF,Kameron Misner (43803630),Kameron Misner,43803630,OF,2500,PHI@STL 08/11/2026 07:45PM ET,PHI,3.33,,
SS,Kaelen Culpepper (43803484),Kaelen Culpepper,43803484,SS,2400,BAL@MIN 08/11/2026 07:40PM ET,MIN,8,,
3B,Josh Rojas (43803485),Josh Rojas,43803485,3B,2400,KC@LAD 08/11/2026 10:10PM ET,KC,3.46,,
3B,Ryan McMahon (43803486),Ryan McMahon,43803486,3B,2400,SEA@NYY 08/11/2026 07:05PM ET,NYY,4.41,,
2B/OF,Cam Cauley (43803487),Cam Cauley,43803487,2B/OF,2400,TEX@LAA 08/11/2026 09:38PM ET,TEX,3.31,,
OF,Josh Lowe (43803489),Josh Lowe,43803489,OF,2400,TEX@LAA 08/11/2026 09:38PM ET,LAA,4.34,,
C,Jimmy Crooks (43803490),Jimmy Crooks,43803490,C,2400,PHI@STL 08/11/2026 07:45PM ET,STL,3.68,,
OF,Colton Cowser (43803491),Colton Cowser,43803491,OF,2400,BAL@MIN 08/11/2026 07:40PM ET,BAL,4.43,,
2B/SS,Miguel Rojas (43803492),Miguel Rojas,43803492,2B/SS,2400,KC@LAD 08/11/2026 10:10PM ET,LAD,3.71,,
OF,Jase Bowen (43803494),Jase Bowen,43803494,OF,2400,MIL@SD 08/11/2026 09:40PM ET,SD,2.16,,
C,Drew Cavanaugh (43803495),Drew Cavanaugh,43803495,C,2400,HOU@SF 08/11/2026 09:45PM ET,SF,2.96,,
OF,Eli White (43803496),Eli White,43803496,OF,2400,BOS@TOR 08/11/2026 07:07PM ET,BOS,3.84,,
C,Ali Sanchez (43803497),Ali Sanchez,43803497,C,2400,SEA@NYY 08/11/2026 07:05PM ET,NYY,2.69,,
OF,Zach Cole (43803631),Zach Cole,43803631,OF,2400,HOU@SF 08/11/2026 09:45PM ET,HOU,3.95,,
2B/SS,Alika Williams (43803498),Alika Williams,43803498,2B/SS,2300,TB@ATH 08/11/2026 09:40PM ET,ATH,3.43,,
2B/3B,Josh Smith (43803500),Josh Smith,43803500,2B/3B,2300,BOS@TOR 08/11/2026 07:07PM ET,TOR,4.27,,
OF,Kyle Isbel (43803502),Kyle Isbel,43803502,OF,2300,KC@LAD 08/11/2026 10:10PM ET,KC,4.68,,
C,Drew Romo (43803503),Drew Romo,43803503,C,2300,CIN@CWS 08/11/2026 07:40PM ET,CWS,3.83,,
OF,Victor Robles (43803504),Victor Robles,43803504,OF,2300,SEA@NYY 08/11/2026 07:05PM ET,SEA,3.23,,
OF,Brett Bateman (43803505),Brett Bateman,43803505,OF,2300,BOS@TOR 08/11/2026 07:07PM ET,TOR,6,,
C,Travis d'Arnaud (43803506),Travis d'Arnaud,43803506,C,2300,TEX@LAA 08/11/2026 09:38PM ET,LAA,3.37,,
2B/OF,Jonathan Ornelas (43803507),Jonathan Ornelas,43803507,2B/OF,2300,TB@ATH 08/11/2026 09:40PM ET,ATH,1.33,,
C,Hunter Feduccia (43803509),Hunter Feduccia,43803509,C,2300,KC@LAD 08/11/2026 10:10PM ET,LAD,3.53,,
OF,Eddys Leonard (43803510),Eddys Leonard,43803510,OF,2300,HOU@SF 08/11/2026 09:45PM ET,SF,2.67,,
OF,Ivan Johnson (43803511),Ivan Johnson,43803511,OF,2300,CIN@CWS 08/11/2026 07:40PM ET,CIN,1.42,,
2B/3B,Jorge Polanco (43803512),Jorge Polanco,43803512,2B/3B,2300,NYM@ATL 08/11/2026 07:15PM ET,NYM,3.54,,
OF,Anthony Santander (43803632),Anthony Santander,43803632,OF,2300,BOS@TOR 08/11/2026 07:07PM ET,TOR,0,IL,
OF,Colby Thomas (43803633),Colby Thomas,43803633,OF,2300,PHI@STL 08/11/2026 07:45PM ET,PHI,2.94,,
C,Bo Naylor (43803634),Bo Naylor,43803634,C,2300,MIL@SD 08/11/2026 09:40PM ET,MIL,3.14,,
C,Jake Rogers (43803514),Jake Rogers,43803514,C,2200,BOS@TOR 08/11/2026 07:07PM ET,BOS,4.33,,
2B/OF,Davis Schneider (43803515),Davis Schneider,43803515,2B/OF,2200,BOS@TOR 08/11/2026 07:07PM ET,TOR,3.21,,
SS,Luisangel Acuna (43803517),Luisangel Acuna,43803517,SS,2200,CIN@CWS 08/11/2026 07:40PM ET,CWS,3.64,,
OF,Hector Rodriguez (43803518),Hector Rodriguez,43803518,OF,2200,CIN@CWS 08/11/2026 07:40PM ET,CIN,2.8,,
C,Pedro Pages (43803519),Pedro Pages,43803519,C,2200,PHI@STL 08/11/2026 07:45PM ET,STL,3.34,,
C,Carlos Narvaez (43803520),Carlos Narvaez,43803520,C,2200,BAL@MIN 08/11/2026 07:40PM ET,BAL,3.44,,
3B,Christian Koss (43803521),Christian Koss,43803521,3B,2200,HOU@SF 08/11/2026 09:45PM ET,SF,1.89,,
OF,Alan Roden (43803522),Alan Roden,43803522,OF,2200,BAL@MIN 08/11/2026 07:40PM ET,MIN,3.27,,
3B,Leo Rivas (43803523),Leo Rivas,43803523,3B,2200,SEA@NYY 08/11/2026 07:05PM ET,SEA,3.2,,
2B,Luis Urias (43803635),Luis Urias,43803635,2B,2200,BOS@TOR 08/11/2026 07:07PM ET,TOR,4,IL,
OF,Nate Eaton (43803636),Nate Eaton,43803636,OF,2200,BOS@TOR 08/11/2026 07:07PM ET,BOS,4.5,,
SS,Ha-Seong Kim (43803524),Ha-Seong Kim,43803524,SS,2100,NYM@ATL 08/11/2026 07:15PM ET,ATL,1.86,,
C,Garrett Stubbs (43803525),Garrett Stubbs,43803525,C,2100,PHI@STL 08/11/2026 07:45PM ET,PHI,1.72,,
C,Austin Wells (43803526),Austin Wells,43803526,C,2100,SEA@NYY 08/11/2026 07:05PM ET,NYY,4.16,,
C,Austin Wynns (43803527),Austin Wynns,43803527,C,2100,TEX@LAA 08/11/2026 09:38PM ET,TEX,1.73,,
2B,Adam Frazier (43803528),Adam Frazier,43803528,2B,2100,TEX@LAA 08/11/2026 09:38PM ET,LAA,3,,
3B,Buddy Kennedy (43803529),Buddy Kennedy,43803529,3B,2100,HOU@SF 08/11/2026 09:45PM ET,SF,0.94,,
3B,Ke'Bryan Hayes (43803530),Ke'Bryan Hayes,43803530,3B,2100,CIN@CWS 08/11/2026 07:40PM ET,CIN,2.73,,
OF,Gabriel Rincones Jr. (43803637),Gabriel Rincones Jr.,43803637,OF,2100,PHI@STL 08/11/2026 07:45PM ET,PHI,3.55,,
OF,Jihwan Bae (43803531),Jihwan Bae,43803531,OF,2000,MIL@SD 08/11/2026 09:40PM ET,MIL,3,,
3B,Jonah Bride (43803532),Jonah Bride,43803532,3B,2000,TEX@LAA 08/11/2026 09:38PM ET,TEX,2.5,,
OF,Christian Franklin (43803533),Christian Franklin,43803533,OF,2000,BAL@MIN 08/11/2026 07:40PM ET,BAL,2.67,,
C,Edgar Quero (43803534),Edgar Quero,43803534,C,2000,CIN@CWS 08/11/2026 07:40PM ET,CWS,3.44,,
C,Ben Rortvedt (43803535),Ben Rortvedt,43803535,C,2000,KC@LAD 08/11/2026 10:10PM ET,LAD,0.75,,
2B,Nate Furman (43803536),Nate Furman,43803536,2B,2000,HOU@SF 08/11/2026 09:45PM ET,SF,0.8,,
C,Tyler Heineman (43803537),Tyler Heineman,43803537,C,2000,TEX@LAA 08/11/2026 09:38PM ET,LAA,2.49,,
OF,Cristian Pache (43803538),Cristian Pache,43803538,OF,2000,NYM@ATL 08/11/2026 07:15PM ET,NYM,0,,
3B,Cesar Prieto (43803539),Cesar Prieto,43803539,3B,2000,PHI@STL 08/11/2026 07:45PM ET,STL,0,,
OF,Michael Helman (43803638),Michael Helman,43803638,OF,2000,TEX@LAA 08/11/2026 09:38PM ET,TEX,2.53,IL,
3B/OF,Tanner Murray (43803639),Tanner Murray,43803639,3B/OF,2000,CIN@CWS 08/11/2026 07:40PM ET,CWS,3.15,IL,
OF,Rikuu Nishida (43803641),Rikuu Nishida,43803641,OF,2000,CIN@CWS 08/11/2026 07:40PM ET,CWS,2.58,,
OF,Junior Perez (43803642),Junior Perez,43803642,OF,2000,CIN@CWS 08/11/2026 07:40PM ET,CWS,2.86,,
SS,Ronny Mauricio (43803643),Ronny Mauricio,43803643,SS,2000,NYM@ATL 08/11/2026 07:15PM ET,NYM,2.82,,
1B,Eric Wagaman (43803644),Eric Wagaman,43803644,1B,2000,NYM@ATL 08/11/2026 07:15PM ET,NYM,2.78,,
2B/3B,Gage Workman (43803645),Gage Workman,43803645,2B/3B,2000,MIL@SD 08/11/2026 09:40PM ET,SD,3.61,,
2B,Ryan Bliss (43803647),Ryan Bliss,43803647,2B,2000,SEA@NYY 08/11/2026 07:05PM ET,SEA,2.33,,
C,Jeferson Quero (43803648),Jeferson Quero,43803648,C,2000,MIL@SD 08/11/2026 09:40PM ET,MIL,2,,
1B/2B,Lenyn Sosa (43803649),Lenyn Sosa,43803649,1B/2B,2000,BOS@TOR 08/11/2026 07:07PM ET,TOR,3.28,IL,
C,Willie MacIver (43803651),Willie MacIver,43803651,C,2000,BOS@TOR 08/11/2026 07:07PM ET,TOR,0,,
OF,Brent Rooker (43803652),Brent Rooker,43803652,OF,2000,TB@ATH 08/11/2026 09:40PM ET,ATH,7,IL,
OF,Reed Trimble (43803653),Reed Trimble,43803653,OF,2000,BAL@MIN 08/11/2026 07:40PM ET,BAL,0,,
OF,Hendry Mendez (43803654),Hendry Mendez,43803654,OF,2000,BAL@MIN 08/11/2026 07:40PM ET,MIN,0,,
2B/3B,Anthony Rendon (43803655),Anthony Rendon,43803655,2B/3B,2000,TEX@LAA 08/11/2026 09:38PM ET,LAA,0,IL,
OF,Emmanuel Rodriguez (43803657),Emmanuel Rodriguez,43803657,OF,2000,BAL@MIN 08/11/2026 07:40PM ET,MIN,0,,
OF,Joshua Baez (43803658),Joshua Baez,43803658,OF,2000,PHI@STL 08/11/2026 07:45PM ET,STL,0,,
C,Kenny Piper (43803659),Kenny Piper,43803659,C,2000,TB@ATH 08/11/2026 09:40PM ET,TB,7,,
SS,Christian Cairo (43803660),Christian Cairo,43803660,SS,2000,PHI@STL 08/11/2026 07:45PM ET,PHI,0,,
SS,Leo Balcazar (43803661),Leo Balcazar,43803661,SS,2000,CIN@CWS 08/11/2026 07:40PM ET,CIN,0,,
OF,Ben Gamel (43803662),Ben Gamel,43803662,OF,2000,NYM@ATL 08/11/2026 07:15PM ET,ATL,0,,
2B/SS,Jadher Areinamo (43803663),Jadher Areinamo,43803663,2B/SS,2000,TB@ATH 08/11/2026 09:40PM ET,TB,0,,
C,Leo Bernal (43803665),Leo Bernal,43803665,C,2000,PHI@STL 08/11/2026 07:45PM ET,STL,0,,
C,Shawn Ross (43803666),Shawn Ross,43803666,C,2000,NYM@ATL 08/11/2026 07:15PM ET,NYM,8,,
OF,Brennen Davis (43803667),Brennen Davis,43803667,OF,2000,SEA@NYY 08/11/2026 07:05PM ET,SEA,0,IL,
1B/3B,Juan Yepez (43803668),Juan Yepez,43803668,1B/3B,2000,BOS@TOR 08/11/2026 07:07PM ET,TOR,0,,
2B/3B,Christian Arroyo (43803670),Christian Arroyo,43803670,2B/3B,2000,NYM@ATL 08/11/2026 07:15PM ET,NYM,0,,
OF,Jurickson Profar (43803672),Jurickson Profar,43803672,OF,2000,NYM@ATL 08/11/2026 07:15PM ET,ATL,0,OUT,
SS,Carlos Correa (43803673),Carlos Correa,43803673,SS,2000,HOU@SF 08/11/2026 09:45PM ET,HOU,8,IL,
OF,Harrison Bader (43803674),Harrison Bader,43803674,OF,2000,HOU@SF 08/11/2026 09:45PM ET,SF,5.17,IL,
1B,Triston Casas (43803675),Triston Casas,43803675,1B,2000,BOS@TOR 08/11/2026 07:07PM ET,BOS,0,IL,
3B,Matt Chapman (43803676),Matt Chapman,43803676,3B,2000,HOU@SF 08/11/2026 09:45PM ET,SF,6.44,IL,
OF,Ramon Laureano (43803677),Ramon Laureano,43803677,OF,2000,MIL@SD 08/11/2026 09:40PM ET,SD,6.58,IL,
OF,Ryan Ward (43803678),Ryan Ward,43803678,OF,2000,KC@LAD 08/11/2026 10:10PM ET,LAD,5.75,,
OF,Adolis Garcia (43803679),Adolis Garcia,43803679,OF,2000,PHI@STL 08/11/2026 07:45PM ET,PHI,5.24,IL,
OF,Jonah Cox (43803680),Jonah Cox,43803680,OF,2000,HOU@SF 08/11/2026 09:45PM ET,SF,2.96,,
3B/OF,Kris Bryant (43803681),Kris Bryant,43803681,3B/OF,2000,COL@ARI 08/11/2026 09:40PM ET,COL,0,IL,
2B,Kristian Campbell (43803683),Kristian Campbell,43803683,2B,2000,BOS@TOR 08/11/2026 07:07PM ET,BOS,0,,
OF,Johan Rojas (43803684),Johan Rojas,43803684,OF,2000,PHI@STL 08/11/2026 07:45PM ET,PHI,0,IL,
2B/OF,Tyler Fitzgerald (43803685),Tyler Fitzgerald,43803685,2B/OF,2000,KC@LAD 08/11/2026 10:10PM ET,LAD,0,,
1B/3B,Patrick Wisdom (43803687),Patrick Wisdom,43803687,1B/3B,2000,SEA@NYY 08/11/2026 07:05PM ET,SEA,2.93,,
OF,Alek Thomas (43803689),Alek Thomas,43803689,OF,2000,KC@LAD 08/11/2026 10:10PM ET,LAD,5.61,,
OF,Heston Kjerstad (43803690),Heston Kjerstad,43803690,OF,2000,BAL@MIN 08/11/2026 07:40PM ET,BAL,0,,
1B/3B,Sean Keys (43803691),Sean Keys,43803691,1B/3B,2000,BOS@TOR 08/11/2026 07:07PM ET,TOR,4.08,,
OF,Kyren Paris (43803693),Kyren Paris,43803693,OF,2000,TEX@LAA 08/11/2026 09:38PM ET,LAA,0,,
2B/3B,Chad Stevens (43803694),Chad Stevens,43803694,2B/3B,2000,COL@ARI 08/11/2026 09:40PM ET,COL,1.31,,
1B/2B,Charles McAdoo (43803696),Charles McAdoo,43803696,1B/2B,2000,BOS@TOR 08/11/2026 07:07PM ET,TOR,5,,
1B,LuJames Groover (43803698),LuJames Groover,43803698,1B,2000,COL@ARI 08/11/2026 09:40PM ET,ARI,4.2,,
C,Andrew Knizner (43803699),Andrew Knizner,43803699,C,2000,BOS@TOR 08/11/2026 07:07PM ET,BOS,0,,
OF,Jonatan Clase (43803700),Jonatan Clase,43803700,OF,2000,BOS@TOR 08/11/2026 07:07PM ET,TOR,6.44,IL,
OF,Zach Dezenzo (43803701),Zach Dezenzo,43803701,OF,2000,HOU@SF 08/11/2026 09:45PM ET,HOU,3.14,,
OF,Victor Scott II (43803702),Victor Scott II,43803702,OF,2000,PHI@STL 08/11/2026 07:45PM ET,STL,4.08,,
2B/OF,Christian Moore (43803703),Christian Moore,43803703,2B/OF,2000,TEX@LAA 08/11/2026 09:38PM ET,LAA,2.67,,
SS,Darell Hernaiz (43803705),Darell Hernaiz,43803705,SS,2000,TB@ATH 08/11/2026 09:40PM ET,ATH,3.79,,
3B,Nacho Alvarez Jr. (43803706),Nacho Alvarez Jr.,43803706,3B,2000,TEX@LAA 08/11/2026 09:38PM ET,LAA,0,IL,
OF,Zac Veen (43803707),Zac Veen,43803707,OF,2000,COL@ARI 08/11/2026 09:40PM ET,COL,0,,
OF,Gustavo Campero (43803708),Gustavo Campero,43803708,OF,2000,TEX@LAA 08/11/2026 09:38PM ET,LAA,0,,
C,Logan O'Hoppe (43803709),Logan O'Hoppe,43803709,C,2000,TEX@LAA 08/11/2026 09:38PM ET,TEX,4.23,,
2B,Juan Brito (43803710),Juan Brito,43803710,2B,2000,CIN@CWS 08/11/2026 07:40PM ET,CIN,4.33,,
OF,Brice Matthews (43803711),Brice Matthews,43803711,OF,2000,HOU@SF 08/11/2026 09:45PM ET,HOU,3.99,IL,
2B,Adael Amador (43803712),Adael Amador,43803712,2B,2000,COL@ARI 08/11/2026 09:40PM ET,COL,0,,
C,Sebastian Rivero (43803713),Sebastian Rivero,43803713,C,2000,TEX@LAA 08/11/2026 09:38PM ET,LAA,3.12,IL,
OF,Lucas Spence (43803714),Lucas Spence,43803714,OF,2000,HOU@SF 08/11/2026 09:45PM ET,HOU,3,,
2B,Alex Freeland (43803715),Alex Freeland,43803715,2B,2000,KC@LAD 08/11/2026 10:10PM ET,LAD,4.38,,
C,Rafael Marchan (43803716),Rafael Marchan,43803716,C,2000,PHI@STL 08/11/2026 07:45PM ET,PHI,2.22,IL,
C,Collin Price (43803717),Collin Price,43803717,C,2000,HOU@SF 08/11/2026 09:45PM ET,HOU,1.71,,
OF,Bryce Teodosio (43803718),Bryce Teodosio,43803718,OF,2000,TEX@LAA 08/11/2026 09:38PM ET,LAA,2.18,,
OF,Nick Morabito (43803719),Nick Morabito,43803719,OF,2000,NYM@ATL 08/11/2026 07:15PM ET,NYM,0.4,,
C,Logan Porter (43803720),Logan Porter,43803720,C,2000,TEX@LAA 08/11/2026 09:38PM ET,LAA,4.33,,
3B,Oswaldo Cabrera (43803721),Oswaldo Cabrera,43803721,3B,2000,SEA@NYY 08/11/2026 07:05PM ET,NYY,0,,
1B/OF,Connor Joe (43803722),Connor Joe,43803722,1B/OF,2000,SEA@NYY 08/11/2026 07:05PM ET,SEA,3.05,,
SS,Tsung-Che Cheng (43803724),Tsung-Che Cheng,43803724,SS,2000,BOS@TOR 08/11/2026 07:07PM ET,BOS,4.57,,
SS,Tristan Gray (43803725),Tristan Gray,43803725,SS,2000,BAL@MIN 08/11/2026 07:40PM ET,MIN,4.2,,
OF,Denzel Clarke (43803726),Denzel Clarke,43803726,OF,2000,TB@ATH 08/11/2026 09:40PM ET,ATH,3.04,IL,
2B/SS,Mason McCoy (43803727),Mason McCoy,43803727,2B/SS,2000,MIL@SD 08/11/2026 09:40PM ET,SD,0,,
2B,Edwin Arroyo (43803729),Edwin Arroyo,43803729,2B,2000,CIN@CWS 08/11/2026 07:40PM ET,CIN,3.73,,
OF,Rece Hinds (43803730),Rece Hinds,43803730,OF,2000,BAL@MIN 08/11/2026 07:40PM ET,BAL,2.77,,
OF,Kyler Fedko (43803731),Kyler Fedko,43803731,OF,2000,BAL@MIN 08/11/2026 07:40PM ET,MIN,0.57,IL,
1B,Ryan Mountcastle (43803732),Ryan Mountcastle,43803732,1B,2000,BAL@MIN 08/11/2026 07:40PM ET,BAL,2.25,IL,
OF,DaShawn Keirsey Jr. (43803733),DaShawn Keirsey Jr.,43803733,OF,2000,NYM@ATL 08/11/2026 07:15PM ET,ATL,0,,
C,J.C. Escarra (43803734),J.C. Escarra,43803734,C,2000,SEA@NYY 08/11/2026 07:05PM ET,NYY,3.28,,
OF,Matthew Lugo (43803735),Matthew Lugo,43803735,OF,2000,KC@LAD 08/11/2026 10:10PM ET,KC,0,,
2B/OF,Thomas Saggese (43803736),Thomas Saggese,43803736,2B/OF,2000,PHI@STL 08/11/2026 07:45PM ET,STL,3.16,,
2B,Will Wagner (43803738),Will Wagner,43803738,2B,2000,MIL@SD 08/11/2026 09:40PM ET,SD,3.69,,
C,Hayden Senger (43803739),Hayden Senger,43803739,C,2000,NYM@ATL 08/11/2026 07:15PM ET,NYM,3,,
C,Chadwick Tromp (43803740),Chadwick Tromp,43803740,C,2000,BAL@MIN 08/11/2026 07:40PM ET,BAL,1.81,,
OF,Sam Haggerty (43803741),Sam Haggerty,43803741,OF,2000,CIN@CWS 08/11/2026 07:40PM ET,CIN,1.31,,
3B/SS,Oliver Dunn (43803742),Oliver Dunn,43803742,3B/SS,2000,TB@ATH 08/11/2026 09:40PM ET,TB,1.67,,
1B/OF,Otto Kemp (43803744),Otto Kemp,43803744,1B/OF,2000,PHI@STL 08/11/2026 07:45PM ET,PHI,0.77,,
2B/3B,Raynel Delgado (43803746),Raynel Delgado,43803746,2B/3B,2000,HOU@SF 08/11/2026 09:45PM ET,HOU,3.18,,
1B/OF,Felix Reyes (43803748),Felix Reyes,43803748,1B/OF,2000,PHI@STL 08/11/2026 07:45PM ET,PHI,2.92,,
C,Blake Hunt (43803750),Blake Hunt,43803750,C,2000,MIL@SD 08/11/2026 09:40PM ET,SD,0,,
2B,Cody Freeman (43803751),Cody Freeman,43803751,2B,2000,TEX@LAA 08/11/2026 09:38PM ET,TEX,2.29,,
2B,Ryan Ritter (43803752),Ryan Ritter,43803752,2B,2000,COL@ARI 08/11/2026 09:40PM ET,COL,0.83,,
1B/3B,Brett Harris (43803753),Brett Harris,43803753,1B/3B,2000,BOS@TOR 08/11/2026 07:07PM ET,BOS,1,,
OF,Gabriel Gonzalez (43803755),Gabriel Gonzalez,43803755,OF,2000,BAL@MIN 08/11/2026 07:40PM ET,MIN,9,,
C,Rodolfo Duran (43803756),Rodolfo Duran,43803756,C,2000,MIL@SD 08/11/2026 09:40PM ET,SD,2.9,,
C,Eliezer Alfonzo (43803757),Eliezer Alfonzo,43803757,C,2000,KC@LAD 08/11/2026 10:10PM ET,LAD,2.75,,
C,Will Banfield (43803758),Will Banfield,43803758,C,2000,CIN@CWS 08/11/2026 07:40PM ET,CIN,0,,
