Position,Name + ID,Name,ID,Roster Position,Salary,Game Info,TeamAbbrev,AvgPointsPerGame,Status,Starting
SP,Jacob Misiorowski (43930828),Jacob Misiorowski,43930828,P,12500,MIL@NYM 08/25/2026 07:10PM ET,MIL,28.7,,
SP,Cristopher Sanchez (43930829),Cristopher Sanchez,43930829,P,11700,PHI@SEA 08/25/2026 09:40PM ET,PHI,22.6,,
SP,Tarik Skubal (43930830),Tarik Skubal,43930830,P,11000,LAD@ATL 08/25/2026 07:15PM ET,LAD,22.3,,
SP,Yoshinobu Yamamoto (43930831),Yoshinobu Yamamoto,43930831,P,11000,LAD@ATL 08/25/2026 07:15PM ET,LAD,22.1,,
SP,Dylan Cease (43930832),Dylan Cease,43930832,P,10800,KC@TOR 08/25/2026 07:07PM ET,TOR,25.4,,
SP,Chase Burns (43930833),Chase Burns,43930833,P,10800,CIN@SF 08/25/2026 09:45PM ET,CIN,20.6,,
SP,Zack Wheeler (43930834),Zack Wheeler,43930834,P,10700,PHI@SEA 08/25/2026 09:40PM ET,PHI,20,,
SP,Gavin Williams (43930224),Gavin Williams,43930224,P,10500,CLE@LAA 08/25/2026 09:38PM ET,CLE,21.8,,P
SP,Cam Schlittler (43930835),Cam Schlittler,43930835,P,10400,HOU@NYY 08/25/2026 07:05PM ET,NYY,22.8,,
SP,Jesus Luzardo (43930836),Jesus Luzardo,43930836,P,10200,PHI@SEA 08/25/2026 09:40PM ET,PHI,21.2,,
SP,Chris Sale (43930837),Chris Sale,43930837,P,10200,LAD@ATL 08/25/2026 07:15PM ET,ATL,23,,
SP,Tyler Glasnow (43930225),Tyler Glasnow,43930225,P,10000,LAD@ATL 08/25/2026 07:15PM ET,LAD,22.2,IL,P
SP,Blake Snell (43930838),Blake Snell,43930838,P,10000,LAD@ATL 08/25/2026 07:15PM ET,LAD,20.4,,
SP,Kyle Harrison (43930226),Kyle Harrison,43930226,P,9500,MIL@NYM 08/25/2026 07:10PM ET,MIL,18.8,,P
SP,Nolan McLean (43930839),Nolan McLean,43930839,P,9500,MIL@NYM 08/25/2026 07:10PM ET,NYM,18.8,,
SP,Parker Messick (43930840),Parker Messick,43930840,P,9500,CLE@LAA 08/25/2026 09:38PM ET,CLE,20,,
SP,Logan Henderson (43930841),Logan Henderson,43930841,P,9500,MIL@NYM 08/25/2026 07:10PM ET,MIL,20.6,,
SP,Gerrit Cole (43930842),Gerrit Cole,43930842,P,9400,HOU@NYY 08/25/2026 07:05PM ET,NYY,19.5,,
SP,Jacob deGrom (43930227),Jacob deGrom,43930227,P,9300,TEX@CWS 08/25/2026 07:40PM ET,TEX,18.5,,P
SP,Logan Gilbert (43930843),Logan Gilbert,43930843,P,9300,PHI@SEA 08/25/2026 09:40PM ET,SEA,19.4,,
SP,Nathan Eovaldi (43930844),Nathan Eovaldi,43930844,P,9300,TEX@CWS 08/25/2026 07:40PM ET,TEX,17.7,IL,
RP,Jacob Latz (43930845),Jacob Latz,43930845,P,9300,TEX@CWS 08/25/2026 07:40PM ET,TEX,4.9,,
SP,Spencer Schwellenbach (43930846),Spencer Schwellenbach,43930846,P,9200,LAD@ATL 08/25/2026 07:15PM ET,ATL,0,IL,
SP,Paul Skenes (43930228),Paul Skenes,43930228,P,9000,PIT@SD 08/25/2026 09:40PM ET,PIT,17.7,,P
RP,Braxton Ashcraft (43930847),Braxton Ashcraft,43930847,P,9000,PIT@SD 08/25/2026 09:40PM ET,PIT,19.1,,
SP,Hunter Brown (43930848),Hunter Brown,43930848,P,9000,HOU@NYY 08/25/2026 07:05PM ET,HOU,15.1,,
SP,Peter Lambert (43930849),Peter Lambert,43930849,P,9000,HOU@NYY 08/25/2026 07:05PM ET,HOU,16.1,,
SP,Jose Soriano (43930850),Jose Soriano,43930850,P,8800,KC@TOR 08/25/2026 07:07PM ET,TOR,16.3,,
SP,Walbert Urena (43930229),Walbert Urena,43930229,P,8700,CLE@LAA 08/25/2026 09:38PM ET,LAA,15,,P
SP,Reid Detmers (43930851),Reid Detmers,43930851,P,8700,CLE@LAA 08/25/2026 09:38PM ET,LAA,18.3,,
SP,Sean Burke (43930852),Sean Burke,43930852,P,8600,TEX@CWS 08/25/2026 07:40PM ET,CWS,17.9,,
SP,Taj Bradley (43930230),Taj Bradley,43930230,P,8500,MIN@ATH 08/25/2026 09:40PM ET,MIN,17.5,,P
SP,Cole Ragans (43930853),Cole Ragans,43930853,P,8500,KC@TOR 08/25/2026 07:07PM ET,KC,13.2,IL,
SP,Michael Wacha (43930854),Michael Wacha,43930854,P,8500,KC@TOR 08/25/2026 07:07PM ET,KC,15.6,,
SP,Joe Ryan (43930855),Joe Ryan,43930855,P,8500,MIN@ATH 08/25/2026 09:40PM ET,MIN,16.5,IL,
SP,Foster Griffin (43930856),Foster Griffin,43930856,P,8500,CLE@LAA 08/25/2026 09:38PM ET,CLE,17.5,,
SP,Tylor Megill (43930857),Tylor Megill,43930857,P,8500,MIL@NYM 08/25/2026 07:10PM ET,NYM,0,IL,
SP,Brandon Woodruff (43930858),Brandon Woodruff,43930858,P,8500,MIL@NYM 08/25/2026 07:10PM ET,MIL,16.7,IL,
SP,Mick Abel (43930859),Mick Abel,43930859,P,8500,MIN@ATH 08/25/2026 09:40PM ET,MIN,14.2,IL,
SP,Carlos Rodon (43930860),Carlos Rodon,43930860,P,8400,HOU@NYY 08/25/2026 07:05PM ET,NYY,16,,
SP,Max Fried (43930861),Max Fried,43930861,P,8400,HOU@NYY 08/25/2026 07:05PM ET,NYY,17.4,IL,
RP,Ryan Weathers (43930862),Ryan Weathers,43930862,P,8400,HOU@NYY 08/25/2026 07:05PM ET,NYY,16.1,IL,
RP,Ben Brown (43930863),Ben Brown,43930863,P,8400,CHC@ARI 08/25/2026 09:40PM ET,CHC,11.6,IL,
SP,George Kirby (43930231),George Kirby,43930231,P,8300,PHI@SEA 08/25/2026 09:40PM ET,SEA,14.1,,P
SP,MacKenzie Gore (43930864),MacKenzie Gore,43930864,P,8300,TEX@CWS 08/25/2026 07:40PM ET,TEX,15.9,,
SP,Bryan Woo (43930865),Bryan Woo,43930865,P,8300,PHI@SEA 08/25/2026 09:40PM ET,SEA,16.7,DTD,
SP,Bryce Miller (43930866),Bryce Miller,43930866,P,8300,PHI@SEA 08/25/2026 09:40PM ET,SEA,15.5,,
RP,Spencer Strider (43930867),Spencer Strider,43930867,P,8200,LAD@ATL 08/25/2026 07:15PM ET,ATL,14.7,IL,
SP,Michael King (43930232),Michael King,43930232,P,8000,PIT@SD 08/25/2026 09:40PM ET,SD,15.4,,P
SP,Hunter Greene (43930868),Hunter Greene,43930868,P,8000,CIN@SF 08/25/2026 09:45PM ET,CIN,14.3,IL,
SP,Nick Pivetta (43930869),Nick Pivetta,43930869,P,8000,PIT@SD 08/25/2026 09:40PM ET,SD,15.3,IL,
SP,Casey Mize (43930870),Casey Mize,43930870,P,8000,PIT@SD 08/25/2026 09:40PM ET,SD,14.8,DTD,
SP,Joe Musgrove (43930871),Joe Musgrove,43930871,P,8000,PIT@SD 08/25/2026 09:40PM ET,SD,0,IL,
SP,Robbie Ray (43930872),Robbie Ray,43930872,P,8000,PIT@SD 08/25/2026 09:40PM ET,SD,15.2,,
SP,Kris Bubic (43930873),Kris Bubic,43930873,P,8000,LAD@ATL 08/25/2026 07:15PM ET,LAD,15.9,IL,
SP,Justin Wrobleski (43930874),Justin Wrobleski,43930874,P,8000,LAD@ATL 08/25/2026 07:15PM ET,LAD,16.3,IL,
SP,Brandon Walter (43930875),Brandon Walter,43930875,P,8000,HOU@NYY 08/25/2026 07:05PM ET,HOU,0,IL,
SP,Roki Sasaki (43930876),Roki Sasaki,43930876,P,8000,LAD@ATL 08/25/2026 07:15PM ET,LAD,13.7,,
SP,Clay Holmes (43930233),Clay Holmes,43930233,P,7900,CHC@ARI 08/25/2026 09:40PM ET,CHC,15.9,,P
SP,Shota Imanaga (43930877),Shota Imanaga,43930877,P,7900,CHC@ARI 08/25/2026 09:40PM ET,CHC,16.2,,
SP,Kevin Gausman (43930878),Kevin Gausman,43930878,P,7900,CHC@ARI 08/25/2026 09:40PM ET,CHC,14.9,,
SP,Trey Yesavage (43930879),Trey Yesavage,43930879,P,7800,KC@TOR 08/25/2026 07:07PM ET,TOR,15.1,IL,
RP,Kyle Leahy (43930880),Kyle Leahy,43930880,P,7800,BAL@STL 08/25/2026 07:45PM ET,STL,14.6,,
RP,Andre Pallante (43930881),Andre Pallante,43930881,P,7800,BAL@STL 08/25/2026 07:45PM ET,STL,13.9,IL,
SP,Jose Berrios (43930882),Jose Berrios,43930882,P,7800,KC@TOR 08/25/2026 07:07PM ET,TOR,0,IL,
SP,Spencer Arrighetti (43930883),Spencer Arrighetti,43930883,P,7800,KC@TOR 08/25/2026 07:07PM ET,TOR,13.2,,
RP,Cal Quantrill (43930884),Cal Quantrill,43930884,P,7800,TEX@CWS 08/25/2026 07:40PM ET,TEX,8.1,,
SP,Brandon Pfaadt (43930234),Brandon Pfaadt,43930234,P,7700,CHC@ARI 08/25/2026 09:40PM ET,ARI,10.4,,P
SP,Corbin Burnes (43930885),Corbin Burnes,43930885,P,7700,CHC@ARI 08/25/2026 09:40PM ET,ARI,0,IL,
SP,Logan Webb (43930886),Logan Webb,43930886,P,7700,CIN@SF 08/25/2026 09:45PM ET,SF,15.6,,
SP,Michael Soroka (43930887),Michael Soroka,43930887,P,7700,CHC@ARI 08/25/2026 09:40PM ET,ARI,15.9,IL,
RP,Landen Roupp (43930888),Landen Roupp,43930888,P,7700,CIN@SF 08/25/2026 09:45PM ET,SF,14.1,,
RP,David Sandlin (43930889),David Sandlin,43930889,P,7600,TEX@CWS 08/25/2026 07:40PM ET,CWS,10.5,,
SP,Luis Castillo (43930890),Luis Castillo,43930890,P,7600,TEX@CWS 08/25/2026 07:40PM ET,CWS,10.5,,
SP,Zac Thornton (43930235),Zac Thornton,43930235,P,7500,MIL@NYM 08/25/2026 07:10PM ET,NYM,14.2,,P
SP,Noah Cameron (43930891),Noah Cameron,43930891,P,7500,KC@TOR 08/25/2026 07:07PM ET,KC,15.3,,
SP,Pablo Lopez (43930892),Pablo Lopez,43930892,P,7500,MIN@ATH 08/25/2026 09:40PM ET,MIN,0,IL,
SP,Dean Kremer (43930893),Dean Kremer,43930893,P,7500,MIN@ATH 08/25/2026 09:40PM ET,MIN,13.3,,
SP,Shane Baz (43930894),Shane Baz,43930894,P,7500,BAL@STL 08/25/2026 07:45PM ET,BAL,14.4,,
SP,Brandon Young (43930895),Brandon Young,43930895,P,7500,BAL@STL 08/25/2026 07:45PM ET,BAL,14,,
SP,Kyle Bradish (43930896),Kyle Bradish,43930896,P,7500,BAL@STL 08/25/2026 07:45PM ET,BAL,14.5,,
SP,Zach Eflin (43930897),Zach Eflin,43930897,P,7500,BAL@STL 08/25/2026 07:45PM ET,BAL,16.7,IL,
SP,Christian Scott (43930898),Christian Scott,43930898,P,7500,MIL@NYM 08/25/2026 07:10PM ET,NYM,15.2,,
SP,Sean Manaea (43930899),Sean Manaea,43930899,P,7500,MIL@NYM 08/25/2026 07:10PM ET,NYM,10.9,,
SP,Slade Cecconi (43930900),Slade Cecconi,43930900,P,7500,CLE@LAA 08/25/2026 09:38PM ET,CLE,9.3,IL,
SP,Dustin May (43930901),Dustin May,43930901,P,7500,MIL@NYM 08/25/2026 07:10PM ET,MIL,13.2,,
SP,Brandon Sproat (43930902),Brandon Sproat,43930902,P,7500,MIL@NYM 08/25/2026 07:10PM ET,MIL,10.9,,
SP,Robert Gasser (43930903),Robert Gasser,43930903,P,7500,MIL@NYM 08/25/2026 07:10PM ET,MIL,12.2,,
SP,Chad Patrick (43930904),Chad Patrick,43930904,P,7500,MIL@NYM 08/25/2026 07:10PM ET,MIL,6,,
RP,Shane Drohan (43930905),Shane Drohan,43930905,P,7500,MIL@NYM 08/25/2026 07:10PM ET,MIL,11.4,,
SP,Trevor Rogers (43930906),Trevor Rogers,43930906,P,7500,BAL@STL 08/25/2026 07:45PM ET,BAL,14.2,,
RP,Joey Cantillo (43930907),Joey Cantillo,43930907,P,7500,CLE@LAA 08/25/2026 09:38PM ET,CLE,14.5,,
SP,Tanner Bibee (43930908),Tanner Bibee,43930908,P,7500,CLE@LAA 08/25/2026 09:38PM ET,CLE,13.7,,
RP,Randy Dobnak (43930909),Randy Dobnak,43930909,P,7500,KC@TOR 08/25/2026 07:07PM ET,KC,12.7,,
SP,Will Warren (43930236),Will Warren,43930236,P,7400,HOU@NYY 08/25/2026 07:05PM ET,NYY,13,,P
SP,Clarke Schmidt (43930910),Clarke Schmidt,43930910,P,7400,HOU@NYY 08/25/2026 07:05PM ET,NYY,0,IL,
SP,Justin Steele (43930911),Justin Steele,43930911,P,7400,CHC@ARI 08/25/2026 09:40PM ET,CHC,0,IL,
SP,Matthew Boyd (43930912),Matthew Boyd,43930912,P,7400,CHC@ARI 08/25/2026 09:40PM ET,CHC,13.9,,
RP,Cody Bradford (43930913),Cody Bradford,43930913,P,7300,TEX@CWS 08/25/2026 07:40PM ET,TEX,10.1,,
SP,Jack Leiter (43930914),Jack Leiter,43930914,P,7300,TEX@CWS 08/25/2026 07:40PM ET,TEX,12.7,IL,
SP,Kade Anderson (43930915),Kade Anderson,43930915,P,7300,PHI@SEA 08/25/2026 09:40PM ET,SEA,12.6,,
SP,Emerson Hancock (43930916),Emerson Hancock,43930916,P,7300,PHI@SEA 08/25/2026 09:40PM ET,SEA,16,,
SP,Bryce Elder (43930237),Bryce Elder,43930237,P,7200,LAD@ATL 08/25/2026 07:15PM ET,ATL,14.4,,P
SP,Tyler Mahle (43930917),Tyler Mahle,43930917,P,7200,LAD@ATL 08/25/2026 07:15PM ET,ATL,13.6,,
RP,Reynaldo Lopez (43930918),Reynaldo Lopez,43930918,P,7200,LAD@ATL 08/25/2026 07:15PM ET,ATL,8,IL,
RP,Martin Perez (43930919),Martin Perez,43930919,P,7200,LAD@ATL 08/25/2026 07:15PM ET,ATL,11.9,,
SP,Gage Jump (43930238),Gage Jump,43930238,P,7000,MIN@ATH 08/25/2026 09:40PM ET,ATH,13.5,,P
SP,Emmet Sheehan (43930920),Emmet Sheehan,43930920,P,7000,LAD@ATL 08/25/2026 07:15PM ET,LAD,12.8,,
RP,Eric Lauer (43930921),Eric Lauer,43930921,P,7000,LAD@ATL 08/25/2026 07:15PM ET,LAD,10.6,,
SP,Tatsuya Imai (43930922),Tatsuya Imai,43930922,P,7000,HOU@NYY 08/25/2026 07:05PM ET,HOU,11.1,,
SP,Ronel Blanco (43930923),Ronel Blanco,43930923,P,7000,HOU@NYY 08/25/2026 07:05PM ET,HOU,6.3,,
SP,Cristian Javier (43930924),Cristian Javier,43930924,P,7000,HOU@NYY 08/25/2026 07:05PM ET,HOU,5.9,,
RP,Jason Alexander (43930925),Jason Alexander,43930925,P,7000,HOU@NYY 08/25/2026 07:05PM ET,HOU,4.3,,
RP,J.T. Ginn (43930926),J.T. Ginn,43930926,P,7000,MIN@ATH 08/25/2026 09:40PM ET,ATH,13.7,,
RP,Hayden Wesneski (43930927),Hayden Wesneski,43930927,P,7000,HOU@NYY 08/25/2026 07:05PM ET,HOU,14.3,,
SP,Luis Morales (43930928),Luis Morales,43930928,P,7000,MIN@ATH 08/25/2026 09:40PM ET,ATH,-2.2,,
SP,Luis Severino (43930929),Luis Severino,43930929,P,7000,MIN@ATH 08/25/2026 09:40PM ET,ATH,13.7,IL,
RP,Jacob Lopez (43930930),Jacob Lopez,43930930,P,7000,MIN@ATH 08/25/2026 09:40PM ET,ATH,10.6,,
SP,Jared Jones (43930931),Jared Jones,43930931,P,7000,PIT@SD 08/25/2026 09:40PM ET,PIT,12.7,,
SP,Bubba Chandler (43930932),Bubba Chandler,43930932,P,7000,PIT@SD 08/25/2026 09:40PM ET,PIT,12.1,,
OF,Pete Crow-Armstrong (43930248),Pete Crow-Armstrong,43930248,OF,6900,CHC@ARI 08/25/2026 09:40PM ET,CHC,10.7,,
RP,Colin Rea (43930933),Colin Rea,43930933,P,6900,CHC@ARI 08/25/2026 09:40PM ET,CHC,10.2,,
RP,Javier Assad (43930934),Javier Assad,43930934,P,6900,CHC@ARI 08/25/2026 09:40PM ET,CHC,9.1,,
SP,Edward Cabrera (43930935),Edward Cabrera,43930935,P,6900,CHC@ARI 08/25/2026 09:40PM ET,CHC,10.8,IL,
SP,Cade Horton (43930936),Cade Horton,43930936,P,6900,CHC@ARI 08/25/2026 09:40PM ET,CHC,10.5,IL,
SP,David Peterson (43930937),David Peterson,43930937,P,6900,CHC@ARI 08/25/2026 09:40PM ET,CHC,9.8,,
SP,Brady Singer (43930239),Brady Singer,43930239,P,6800,CIN@SF 08/25/2026 09:45PM ET,CIN,11.3,,P
SP,Nick Lodolo (43930938),Nick Lodolo,43930938,P,6800,CIN@SF 08/25/2026 09:45PM ET,CIN,9.4,,
SP,Andrew Abbott (43930939),Andrew Abbott,43930939,P,6800,CIN@SF 08/25/2026 09:45PM ET,CIN,12,,
SP,Walker Buehler (43930940),Walker Buehler,43930940,P,6800,PIT@SD 08/25/2026 09:40PM ET,SD,11.4,,
SP,Griffin Canning (43930941),Griffin Canning,43930941,P,6800,PIT@SD 08/25/2026 09:40PM ET,SD,7.1,,
SP,JP Sears (43930942),JP Sears,43930942,P,6800,PIT@SD 08/25/2026 09:40PM ET,SD,9.2,,
SP,Randy Vasquez (43930943),Randy Vasquez,43930943,P,6800,PIT@SD 08/25/2026 09:40PM ET,SD,9.7,,
SP,Lucas Giolito (43930944),Lucas Giolito,43930944,P,6800,PIT@SD 08/25/2026 09:40PM ET,SD,6.2,IL,
SP,Shane Bieber (43930945),Shane Bieber,43930945,P,6800,KC@TOR 08/25/2026 07:07PM ET,TOR,11.8,,
SP,Aaron Nola (43930240),Aaron Nola,43930240,P,6700,PHI@SEA 08/25/2026 09:40PM ET,PHI,13.4,,P
OF,Yordan Alvarez (43930249),Yordan Alvarez,43930249,OF,6700,HOU@NYY 08/25/2026 07:05PM ET,HOU,10.1,,
SP,Nestor Cortes (43930946),Nestor Cortes,43930946,P,6700,PHI@SEA 08/25/2026 09:40PM ET,PHI,0,,
RP,Caleb Kilian (43930947),Caleb Kilian,43930947,P,6700,PHI@SEA 08/25/2026 09:40PM ET,PHI,2.9,IL,
SP,Eduardo Rodriguez (43930948),Eduardo Rodriguez,43930948,P,6700,CHC@ARI 08/25/2026 09:40PM ET,ARI,16.1,,
SP,Yusei Kikuchi (43930949),Yusei Kikuchi,43930949,P,6700,CLE@LAA 08/25/2026 09:38PM ET,LAA,8.7,,
RP,Mitch Farris (43930950),Mitch Farris,43930950,P,6700,CLE@LAA 08/25/2026 09:38PM ET,LAA,4.6,,
RP,Brett Kerry (43930951),Brett Kerry,43930951,P,6700,CLE@LAA 08/25/2026 09:38PM ET,LAA,11.7,,
SP,George Klassen (43930952),George Klassen,43930952,P,6700,CLE@LAA 08/25/2026 09:38PM ET,LAA,11.3,,
RP,Ryan Johnson (43930953),Ryan Johnson,43930953,P,6700,CLE@LAA 08/25/2026 09:38PM ET,LAA,7.3,,
SP,Grayson Rodriguez (43930954),Grayson Rodriguez,43930954,P,6700,CLE@LAA 08/25/2026 09:38PM ET,LAA,9.2,,
RP,Trevor McDonald (43930955),Trevor McDonald,43930955,P,6700,CIN@SF 08/25/2026 09:45PM ET,SF,10.1,IL,
SP,Blade Tidwell (43930956),Blade Tidwell,43930956,P,6700,CIN@SF 08/25/2026 09:45PM ET,SF,6.5,,
SP,Ryne Nelson (43930957),Ryne Nelson,43930957,P,6700,CHC@ARI 08/25/2026 09:40PM ET,ARI,11.1,IL,
SP,Anthony Kay (43930241),Anthony Kay,43930241,P,6600,TEX@CWS 08/25/2026 07:40PM ET,CWS,11.6,,P
SP,Davis Martin (43930958),Davis Martin,43930958,P,6600,TEX@CWS 08/25/2026 07:40PM ET,CWS,13.1,IL,
RP,Shane Smith (43930959),Shane Smith,43930959,P,6600,TEX@CWS 08/25/2026 07:40PM ET,CWS,2.5,,
SP,Erick Fedde (43930960),Erick Fedde,43930960,P,6600,TEX@CWS 08/25/2026 07:40PM ET,CWS,8.9,,
SP,Seth Lugo (43930242),Seth Lugo,43930242,P,6500,KC@TOR 08/25/2026 07:07PM ET,KC,11.2,,P
1B/OF,Shohei Ohtani (43930250),Shohei Ohtani,43930250,1B/OF,6500,LAD@ATL 08/25/2026 07:15PM ET,LAD,9.7,,
RP,Ryan Bergert (43930961),Ryan Bergert,43930961,P,6500,KC@TOR 08/25/2026 07:07PM ET,KC,0,IL,
SP,Tony Gonsolin (43930962),Tony Gonsolin,43930962,P,6500,KC@TOR 08/25/2026 07:07PM ET,KC,0,IL,
RP,Kendry Rojas (43930963),Kendry Rojas,43930963,P,6500,MIN@ATH 08/25/2026 09:40PM ET,MIN,7.4,IL,
SP,Connor Prielipp (43930964),Connor Prielipp,43930964,P,6500,MIN@ATH 08/25/2026 09:40PM ET,MIN,12.6,,
SP,Bailey Ober (43930965),Bailey Ober,43930965,P,6500,MIN@ATH 08/25/2026 09:40PM ET,MIN,11.7,,
RP,Stephen Kolek (43930966),Stephen Kolek,43930966,P,6500,KC@TOR 08/25/2026 07:07PM ET,KC,11.5,IL,
RP,Mason Black (43930967),Mason Black,43930967,P,6500,KC@TOR 08/25/2026 07:07PM ET,KC,2.7,,
SP,Zebby Matthews (43930968),Zebby Matthews,43930968,P,6500,MIN@ATH 08/25/2026 09:40PM ET,MIN,13.6,,
SP,David Festa (43930969),David Festa,43930969,P,6500,MIN@ATH 08/25/2026 09:40PM ET,MIN,0,IL,
SS,Bobby Witt Jr. (43930252),Bobby Witt Jr.,43930252,SS,6400,KC@TOR 08/25/2026 07:07PM ET,KC,9.5,,
SP,Elmer Rodriguez (43930970),Elmer Rodriguez,43930970,P,6400,HOU@NYY 08/25/2026 07:05PM ET,NYY,5.1,,
RP,Paul Blackburn (43930971),Paul Blackburn,43930971,P,6400,HOU@NYY 08/25/2026 07:05PM ET,NYY,4.5,,
SP,Luis Gil (43930972),Luis Gil,43930972,P,6400,HOU@NYY 08/25/2026 07:05PM ET,NYY,5.5,,
SP,Matthew Liberatore (43930243),Matthew Liberatore,43930243,P,6300,BAL@STL 08/25/2026 07:45PM ET,STL,12,,P
1B,Kyle Schwarber (43930253),Kyle Schwarber,43930253,1B,6300,PHI@SEA 08/25/2026 09:40PM ET,PHI,9.2,,
SP,David Davalillo (43930973),David Davalillo,43930973,P,6300,TEX@CWS 08/25/2026 07:40PM ET,TEX,0,,
SP,Leandro Lopez (43930974),Leandro Lopez,43930974,P,6300,TEX@CWS 08/25/2026 07:40PM ET,TEX,0,,
SP,Jose Corniell (43930975),Jose Corniell,43930975,P,6300,TEX@CWS 08/25/2026 07:40PM ET,TEX,-5.6,IL,
RP,Chase Silseth (43930976),Chase Silseth,43930976,P,6300,TEX@CWS 08/25/2026 07:40PM ET,TEX,2.9,,
RP,Tyler Alexander (43930977),Tyler Alexander,43930977,P,6300,TEX@CWS 08/25/2026 07:40PM ET,TEX,2.5,,
SP,Jordan Montgomery (43930978),Jordan Montgomery,43930978,P,6300,TEX@CWS 08/25/2026 07:40PM ET,TEX,4,,
SP,Kumar Rocker (43930979),Kumar Rocker,43930979,P,6300,TEX@CWS 08/25/2026 07:40PM ET,TEX,12.3,,
SP,Logan Evans (43930980),Logan Evans,43930980,P,6300,PHI@SEA 08/25/2026 09:40PM ET,SEA,0,IL,
RP,Cooper Criswell (43930981),Cooper Criswell,43930981,P,6300,PHI@SEA 08/25/2026 09:40PM ET,SEA,3,IL,
SP,Michael McGreevy (43930982),Michael McGreevy,43930982,P,6300,BAL@STL 08/25/2026 07:45PM ET,STL,12.5,,
SP,Hunter Dobbins (43930983),Hunter Dobbins,43930983,P,6300,BAL@STL 08/25/2026 07:45PM ET,STL,13.5,IL,
SP,Quinn Mathews (43930984),Quinn Mathews,43930984,P,6300,BAL@STL 08/25/2026 07:45PM ET,STL,7.5,,
SP,Richard Fitts (43930985),Richard Fitts,43930985,P,6300,BAL@STL 08/25/2026 07:45PM ET,STL,0,IL,
OF,Oneil Cruz (43930254),Oneil Cruz,43930254,OF,6200,PIT@SD 08/25/2026 09:40PM ET,PIT,10.4,,
RP,AJ Smith-Shawver (43930986),AJ Smith-Shawver,43930986,P,6200,LAD@ATL 08/25/2026 07:15PM ET,ATL,6.6,,
RP,Owen Murphy (43930987),Owen Murphy,43930987,P,6200,LAD@ATL 08/25/2026 07:15PM ET,ATL,5.2,,
RP,Grant Holmes (43930988),Grant Holmes,43930988,P,6200,LAD@ATL 08/25/2026 07:15PM ET,ATL,12.4,,
SP,JR Ritchie (43930989),JR Ritchie,43930989,P,6200,LAD@ATL 08/25/2026 07:15PM ET,ATL,9.1,,
SP,Hurston Waldrep (43930990),Hurston Waldrep,43930990,P,6200,LAD@ATL 08/25/2026 07:15PM ET,ATL,2.3,IL,
1B/C,Ben Rice (43930255),Ben Rice,43930255,C/1B,6100,HOU@NYY 08/25/2026 07:05PM ET,NYY,8.9,,
SP,Ethan Pecko (43930244),Ethan Pecko,43930244,P,6000,HOU@NYY 08/25/2026 07:05PM ET,HOU,8.1,,P
OF,Byron Buxton (43930257),Byron Buxton,43930257,OF,6000,MIN@ATH 08/25/2026 09:40PM ET,MIN,9,,
OF,Fernando Tatis Jr. (43930258),Fernando Tatis Jr.,43930258,OF,6000,PIT@SD 08/25/2026 09:40PM ET,SD,9,,
RP,Mike Clevinger (43930991),Mike Clevinger,43930991,P,6000,PIT@SD 08/25/2026 09:40PM ET,PIT,0,,
RP,Antwone Kelly (43930992),Antwone Kelly,43930992,P,6000,PIT@SD 08/25/2026 09:40PM ET,PIT,2.9,,
RP,Wilber Dotel (43930993),Wilber Dotel,43930993,P,6000,PIT@SD 08/25/2026 09:40PM ET,PIT,5.1,,
RP,Thomas Harrington (43930994),Thomas Harrington,43930994,P,6000,PIT@SD 08/25/2026 09:40PM ET,PIT,0,,
SP,Mitch Keller (43930995),Mitch Keller,43930995,P,6000,PIT@SD 08/25/2026 09:40PM ET,PIT,10.3,IL,
RP,Hunter Barco (43930996),Hunter Barco,43930996,P,6000,PIT@SD 08/25/2026 09:40PM ET,PIT,2.3,,
RP,Carmen Mlodzinski (43930997),Carmen Mlodzinski,43930997,P,6000,PIT@SD 08/25/2026 09:40PM ET,PIT,8.2,,
RP,Lake Bachar (43930998),Lake Bachar,43930998,P,6000,PIT@SD 08/25/2026 09:40PM ET,PIT,4.6,,
SP,Gavin Stone (43930999),Gavin Stone,43930999,P,6000,LAD@ATL 08/25/2026 07:15PM ET,LAD,0,IL,
SP,Bobby Miller (43931000),Bobby Miller,43931000,P,6000,LAD@ATL 08/25/2026 07:15PM ET,LAD,0,IL,
SP,Landon Knack (43931001),Landon Knack,43931001,P,6000,LAD@ATL 08/25/2026 07:15PM ET,LAD,4.2,,
SP,Mike Burrows (43931002),Mike Burrows,43931002,P,6000,HOU@NYY 08/25/2026 07:05PM ET,HOU,9,IL,
RP,Kai-Wei Teng (43931003),Kai-Wei Teng,43931003,P,6000,HOU@NYY 08/25/2026 07:05PM ET,HOU,7.3,,
RP,AJ Blubaugh (43931004),AJ Blubaugh,43931004,P,6000,HOU@NYY 08/25/2026 07:05PM ET,HOU,4.9,,
OF,Ronald Acuna Jr. (43930259),Ronald Acuna Jr.,43930259,OF,5900,LAD@ATL 08/25/2026 07:15PM ET,ATL,8.4,,
3B,Alex Bregman (43930260),Alex Bregman,43930260,3B,5900,CHC@ARI 08/25/2026 09:40PM ET,CHC,7.9,,
RP,Ryan Yarbrough (43931005),Ryan Yarbrough,43931005,P,5900,HOU@NYY 08/25/2026 07:05PM ET,NYY,3.5,,
RP,Aaron Civale (43931006),Aaron Civale,43931006,P,5900,CHC@ARI 08/25/2026 09:40PM ET,CHC,8.1,,
SP,Jordan Wicks (43931007),Jordan Wicks,43931007,P,5900,CHC@ARI 08/25/2026 09:40PM ET,CHC,0.7,,
RP,Ethan Roberts (43931008),Ethan Roberts,43931008,P,5900,CHC@ARI 08/25/2026 09:40PM ET,CHC,1.9,,
SP,Braxton Garrett (43931009),Braxton Garrett,43931009,P,5900,CHC@ARI 08/25/2026 09:40PM ET,CHC,-1.6,,
SP,Max Scherzer (43930245),Max Scherzer,43930245,P,5800,KC@TOR 08/25/2026 07:07PM ET,TOR,4.9,,P
SS,Elly De La Cruz (43930261),Elly De La Cruz,43930261,SS,5800,CIN@SF 08/25/2026 09:45PM ET,CIN,9.3,,
OF,Bryce Harper (43930262),Bryce Harper,43930262,OF,5800,PHI@SEA 08/25/2026 09:40PM ET,PHI,8.7,,
SP,Brandon Williamson (43931010),Brandon Williamson,43931010,P,5800,CIN@SF 08/25/2026 09:45PM ET,CIN,6.9,IL,
SP,Connor Phillips (43931011),Connor Phillips,43931011,P,5800,CIN@SF 08/25/2026 09:45PM ET,CIN,2.3,,
SP,Rhett Lowder (43931012),Rhett Lowder,43931012,P,5800,CIN@SF 08/25/2026 09:45PM ET,CIN,9.1,,
RP,Jose Franco (43931013),Jose Franco,43931013,P,5800,CIN@SF 08/25/2026 09:45PM ET,CIN,3.9,IL,
SP,Chase Petty (43931014),Chase Petty,43931014,P,5800,CIN@SF 08/25/2026 09:45PM ET,CIN,2.7,,
SP,Kyle Hart (43931015),Kyle Hart,43931015,P,5800,PIT@SD 08/25/2026 09:40PM ET,SD,3.7,,
RP,Jhony Brito (43931016),Jhony Brito,43931016,P,5800,PIT@SD 08/25/2026 09:40PM ET,SD,4.3,,
SP,Cody Ponce (43931017),Cody Ponce,43931017,P,5800,KC@TOR 08/25/2026 07:07PM ET,TOR,8.1,IL,
SP,Patrick Corbin (43931018),Patrick Corbin,43931018,P,5800,KC@TOR 08/25/2026 07:07PM ET,TOR,7.5,IL,
SP,Jameson Taillon (43931019),Jameson Taillon,43931019,P,5800,KC@TOR 08/25/2026 07:07PM ET,TOR,10,IL,
SP,Adrian Houser (43930246),Adrian Houser,43930246,P,5700,CIN@SF 08/25/2026 09:45PM ET,SF,8.8,,P
1B,Pete Alonso (43930263),Pete Alonso,43930263,1B,5700,BAL@STL 08/25/2026 07:45PM ET,BAL,8.8,,
OF,Jordan Walker (43930264),Jordan Walker,43930264,OF,5700,BAL@STL 08/25/2026 07:45PM ET,STL,9.5,,
OF,Juan Soto (43930618),Juan Soto,43930618,OF,5700,MIL@NYM 08/25/2026 07:10PM ET,NYM,9.3,IL,
SP,Mitch Bratt (43931020),Mitch Bratt,43931020,P,5700,CHC@ARI 08/25/2026 09:40PM ET,ARI,7.9,,
SP,Dylan Ray (43931021),Dylan Ray,43931021,P,5700,CHC@ARI 08/25/2026 09:40PM ET,ARI,0,,
RP,Gerardo Carrillo (43931022),Gerardo Carrillo,43931022,P,5700,CHC@ARI 08/25/2026 09:40PM ET,ARI,7.3,,
SP,Cristian Mena (43931023),Cristian Mena,43931023,P,5700,CHC@ARI 08/25/2026 09:40PM ET,ARI,0,IL,
RP,Kohl Drake (43931024),Kohl Drake,43931024,P,5700,CHC@ARI 08/25/2026 09:40PM ET,ARI,6.5,,
SP,Zac Gallen (43931025),Zac Gallen,43931025,P,5700,CHC@ARI 08/25/2026 09:40PM ET,ARI,6.4,IL,
SP,Merrill Kelly (43931026),Merrill Kelly,43931026,P,5700,CHC@ARI 08/25/2026 09:40PM ET,ARI,9.6,,
SP,Jose Cabrera (43931027),Jose Cabrera,43931027,P,5700,CHC@ARI 08/25/2026 09:40PM ET,ARI,6.1,,
SP,Miguel Mendez (43931028),Miguel Mendez,43931028,P,5700,CIN@SF 08/25/2026 09:45PM ET,SF,0,,
SP,Keaton Winn (43931029),Keaton Winn,43931029,P,5700,CIN@SF 08/25/2026 09:45PM ET,SF,2.4,IL,
RP,Jose Butto (43931030),Jose Butto,43931030,P,5700,CIN@SF 08/25/2026 09:45PM ET,SF,-0.5,IL,
RP,Tristan Beck (43931031),Tristan Beck,43931031,P,5700,CIN@SF 08/25/2026 09:45PM ET,SF,0.7,,
RP,JT Brubaker (43931032),JT Brubaker,43931032,P,5700,CIN@SF 08/25/2026 09:45PM ET,SF,2.9,IL,
RP,Carson Seymour (43931033),Carson Seymour,43931033,P,5700,CIN@SF 08/25/2026 09:45PM ET,SF,3.2,,
RP,Dylan Smith (43931034),Dylan Smith,43931034,P,5700,CIN@SF 08/25/2026 09:45PM ET,SF,3.2,,
RP,Hayden Birdsong (43931035),Hayden Birdsong,43931035,P,5700,CIN@SF 08/25/2026 09:45PM ET,SF,0,IL,
SP,Carson Whisenhunt (43931036),Carson Whisenhunt,43931036,P,5700,CIN@SF 08/25/2026 09:45PM ET,SF,6.8,DTD,
RP,Matt Wilkinson (43931037),Matt Wilkinson,43931037,P,5700,CIN@SF 08/25/2026 09:45PM ET,SF,2,,
1B,Munetaka Murakami (43930265),Munetaka Murakami,43930265,1B,5600,TEX@CWS 08/25/2026 07:40PM ET,CWS,9,,
OF,Jackson Chourio (43930266),Jackson Chourio,43930266,OF,5600,MIL@NYM 08/25/2026 07:10PM ET,MIL,8.9,,
RP,Jordan Hicks (43931038),Jordan Hicks,43931038,P,5600,TEX@CWS 08/25/2026 07:40PM ET,CWS,3,,
SP,Noah Schultz (43931039),Noah Schultz,43931039,P,5600,TEX@CWS 08/25/2026 07:40PM ET,CWS,8.6,,
SP,Jonathan Cannon (43931040),Jonathan Cannon,43931040,P,5600,TEX@CWS 08/25/2026 07:40PM ET,CWS,-3.8,,
RP,Jose Urquidy (43931041),Jose Urquidy,43931041,P,5600,TEX@CWS 08/25/2026 07:40PM ET,CWS,4.9,,
SP,Chris Bassitt (43930247),Chris Bassitt,43930247,P,5500,BAL@STL 08/25/2026 07:45PM ET,BAL,8.1,,P
1B,Freddie Freeman (43930267),Freddie Freeman,43930267,1B,5500,LAD@ATL 08/25/2026 07:15PM ET,LAD,7.9,,
OF,Corbin Carroll (43930268),Corbin Carroll,43930268,OF,5500,CHC@ARI 08/25/2026 09:40PM ET,ARI,9,,
OF,Aaron Judge (43930619),Aaron Judge,43930619,OF,5500,HOU@NYY 08/25/2026 07:05PM ET,NYY,9.7,IL,
RP,Jack Anderson (43931042),Jack Anderson,43931042,P,5500,MIN@ATH 08/25/2026 09:40PM ET,MIN,6,,
RP,Marco Raya (43931043),Marco Raya,43931043,P,5500,MIN@ATH 08/25/2026 09:40PM ET,MIN,4.2,,
RP,Mike Paredes (43931044),Mike Paredes,43931044,P,5500,MIN@ATH 08/25/2026 09:40PM ET,MIN,5.3,IL,
RP,Yoendrys Gomez (43931045),Yoendrys Gomez,43931045,P,5500,MIN@ATH 08/25/2026 09:40PM ET,MIN,2.6,,
SP,Alec Marsh (43931046),Alec Marsh,43931046,P,5500,KC@TOR 08/25/2026 07:07PM ET,KC,0,IL,
SP,Ben Kudrna (43931047),Ben Kudrna,43931047,P,5500,KC@TOR 08/25/2026 07:07PM ET,KC,0,IL,
RP,Connor Thomas (43931048),Connor Thomas,43931048,P,5500,KC@TOR 08/25/2026 07:07PM ET,KC,-1.1,,
RP,Luinder Avila (43931049),Luinder Avila,43931049,P,5500,KC@TOR 08/25/2026 07:07PM ET,KC,7,IL,
RP,Mitch Spence (43931050),Mitch Spence,43931050,P,5500,KC@TOR 08/25/2026 07:07PM ET,KC,-9.3,IL,
SP,Cade Povich (43931051),Cade Povich,43931051,P,5500,BAL@STL 08/25/2026 07:45PM ET,BAL,10.2,,
SP,Trey Gibson (43931052),Trey Gibson,43931052,P,5500,BAL@STL 08/25/2026 07:45PM ET,BAL,5.7,,
RP,Keegan Akin (43931053),Keegan Akin,43931053,P,5500,BAL@STL 08/25/2026 07:45PM ET,BAL,1.5,IL,
RP,Justin Hagenman (43931054),Justin Hagenman,43931054,P,5500,MIL@NYM 08/25/2026 07:10PM ET,NYM,0,IL,
SP,Kodai Senga (43931055),Kodai Senga,43931055,P,5500,MIL@NYM 08/25/2026 07:10PM ET,NYM,4.6,,
SP,Tobias Myers (43931056),Tobias Myers,43931056,P,5500,MIL@NYM 08/25/2026 07:10PM ET,NYM,2.6,,
RP,Robert Stock (43931057),Robert Stock,43931057,P,5500,MIL@NYM 08/25/2026 07:10PM ET,NYM,9.2,,
RP,Xzavion Curry (43931058),Xzavion Curry,43931058,P,5500,MIL@NYM 08/25/2026 07:10PM ET,NYM,4.8,,
RP,Chayce McDermott (43931059),Chayce McDermott,43931059,P,5500,MIL@NYM 08/25/2026 07:10PM ET,NYM,3.1,,
RP,Logan Allen (43931060),Logan Allen,43931060,P,5500,CLE@LAA 08/25/2026 09:38PM ET,CLE,6.9,,
RP,Daniel Espino (43931061),Daniel Espino,43931061,P,5500,CLE@LAA 08/25/2026 09:38PM ET,CLE,4.4,,
SP,Jonah Tong (43931062),Jonah Tong,43931062,P,5500,MIL@NYM 08/25/2026 07:10PM ET,NYM,7.8,,
SP,Coleman Crow (43931063),Coleman Crow,43931063,P,5500,MIL@NYM 08/25/2026 07:10PM ET,MIL,4.6,,
RP,DL Hall (43931064),DL Hall,43931064,P,5500,MIL@NYM 08/25/2026 07:10PM ET,MIL,4.3,,
RP,Antonio Senzatela (43931065),Antonio Senzatela,43931065,P,5500,MIL@NYM 08/25/2026 07:10PM ET,MIL,4.1,,
RP,Bryse Wilson (43931066),Bryse Wilson,43931066,P,5500,MIL@NYM 08/25/2026 07:10PM ET,MIL,5,,
SP,Colton Gordon (43931067),Colton Gordon,43931067,P,5500,MIL@NYM 08/25/2026 07:10PM ET,MIL,1,,
SP,Quinn Priester (43931068),Quinn Priester,43931068,P,5500,MIL@NYM 08/25/2026 07:10PM ET,MIL,0,IL,
RP,Daniel Lynch IV (43931069),Daniel Lynch IV,43931069,P,5500,KC@TOR 08/25/2026 07:07PM ET,KC,3.2,,
RP,Beck Way (43931070),Beck Way,43931070,P,5500,KC@TOR 08/25/2026 07:07PM ET,KC,2.9,IL,
1B/OF,Jac Caglianone (43930269),Jac Caglianone,43930269,1B/OF,5400,KC@TOR 08/25/2026 07:07PM ET,KC,7.5,DTD,
1B,Matt Olson (43930271),Matt Olson,43930271,1B,5400,LAD@ATL 08/25/2026 07:15PM ET,ATL,9,,
2B,Kody Clemens (43930272),Kody Clemens,43930272,2B,5400,MIN@ATH 08/25/2026 09:40PM ET,MIN,7.6,,
OF,Seiya Suzuki (43930273),Seiya Suzuki,43930273,OF,5400,CHC@ARI 08/25/2026 09:40PM ET,CHC,8.8,,
3B,Miguel Vargas (43930274),Miguel Vargas,43930274,3B,5400,TEX@CWS 08/25/2026 07:40PM ET,CWS,9.1,,
RP,Brendan Beck (43931071),Brendan Beck,43931071,P,5400,HOU@NYY 08/25/2026 07:05PM ET,NYY,0.9,,
1B/2B,Sal Stewart (43930275),Sal Stewart,43930275,1B/2B,5300,CIN@SF 08/25/2026 09:45PM ET,CIN,8.8,,
3B/OF,Zack Gelof (43930277),Zack Gelof,43930277,3B/OF,5300,MIN@ATH 08/25/2026 09:40PM ET,ATH,7.7,,
2B,Brice Turang (43930279),Brice Turang,43930279,2B,5300,MIL@NYM 08/25/2026 07:10PM ET,MIL,9,,
SP,Adam Macko (43931072),Adam Macko,43931072,P,5300,TEX@CWS 08/25/2026 07:40PM ET,TEX,2.6,,
RP,Cole Winn (43931073),Cole Winn,43931073,P,5300,TEX@CWS 08/25/2026 07:40PM ET,TEX,2.4,,
RP,Jakob Junis (43931074),Jakob Junis,43931074,P,5300,TEX@CWS 08/25/2026 07:40PM ET,TEX,2.7,,
SP,Marco Gonzales (43931075),Marco Gonzales,43931075,P,5300,TEX@CWS 08/25/2026 07:40PM ET,TEX,4.1,,
SP,Brycen Mautz (43931076),Brycen Mautz,43931076,P,5300,BAL@STL 08/25/2026 07:45PM ET,STL,3.2,,
SP,Tekoah Roby (43931077),Tekoah Roby,43931077,P,5300,BAL@STL 08/25/2026 07:45PM ET,STL,0,IL,
RP,Bowden Francis (43931078),Bowden Francis,43931078,P,5300,KC@TOR 08/25/2026 07:07PM ET,TOR,0,IL,
RP,Mason Fluharty (43931079),Mason Fluharty,43931079,P,5300,KC@TOR 08/25/2026 07:07PM ET,TOR,2.4,,
RP,Spencer Miles (43931080),Spencer Miles,43931080,P,5300,KC@TOR 08/25/2026 07:07PM ET,TOR,6,,
RP,Simeon Woods Richardson (43931081),Simeon Woods Richardson,43931081,P,5300,KC@TOR 08/25/2026 07:07PM ET,TOR,4.2,,
3B,Jose Ramirez (43930280),Jose Ramirez,43930280,3B,5200,CLE@LAA 08/25/2026 09:38PM ET,CLE,8.3,,
1B,Alec Burleson (43930281),Alec Burleson,43930281,1B,5200,BAL@STL 08/25/2026 07:45PM ET,STL,8.5,,
SS,Jeremy Pena (43930282),Jeremy Pena,43930282,SS,5200,HOU@NYY 08/25/2026 07:05PM ET,HOU,8.7,,
2B,Brandon Lowe (43930283),Brandon Lowe,43930283,2B,5200,PIT@SD 08/25/2026 09:40PM ET,PIT,8.5,,
RP,Moises Chace (43931082),Moises Chace,43931082,P,5200,PHI@SEA 08/25/2026 09:40PM ET,PHI,0,IL,
SP,Lenny Torres (43931083),Lenny Torres,43931083,P,5200,PHI@SEA 08/25/2026 09:40PM ET,PHI,0,,
SP,Jackson Rutledge (43931084),Jackson Rutledge,43931084,P,5200,PHI@SEA 08/25/2026 09:40PM ET,PHI,-11.8,,
SP,Alex McFarlane (43931085),Alex McFarlane,43931085,P,5200,PHI@SEA 08/25/2026 09:40PM ET,PHI,5.1,,
SP,Andrew Painter (43931086),Andrew Painter,43931086,P,5200,PHI@SEA 08/25/2026 09:40PM ET,PHI,8.9,,
RP,Alan Rangel (43931087),Alan Rangel,43931087,P,5200,PHI@SEA 08/25/2026 09:40PM ET,PHI,7.8,,
RP,Joey Wentz (43931088),Joey Wentz,43931088,P,5200,LAD@ATL 08/25/2026 07:15PM ET,ATL,0,IL,
RP,Victor Mederos (43931089),Victor Mederos,43931089,P,5200,LAD@ATL 08/25/2026 07:15PM ET,ATL,4.1,,
RP,Didier Fuentes (43931090),Didier Fuentes,43931090,P,5200,LAD@ATL 08/25/2026 07:15PM ET,ATL,4.8,,
RP,Sammy Peralta (43931091),Sammy Peralta,43931091,P,5200,CLE@LAA 08/25/2026 09:38PM ET,LAA,3.8,,
SP,Caden Dana (43931092),Caden Dana,43931092,P,5200,CLE@LAA 08/25/2026 09:38PM ET,LAA,0,,
RP,Sam Aldegheri (43931093),Sam Aldegheri,43931093,P,5200,CLE@LAA 08/25/2026 09:38PM ET,LAA,7.2,,
SP,Jack Kochanowicz (43931094),Jack Kochanowicz,43931094,P,5200,CLE@LAA 08/25/2026 09:38PM ET,LAA,7.3,IL,
C,Ryan Jeffers (43930284),Ryan Jeffers,43930284,C,5100,MIN@ATH 08/25/2026 09:40PM ET,MIN,8.1,,
1B,Luis Garcia Jr. (43930285),Luis Garcia Jr.,43930285,1B,5100,HOU@NYY 08/25/2026 07:05PM ET,NYY,7.7,,
OF,Mike Trout (43930286),Mike Trout,43930286,OF,5100,CLE@LAA 08/25/2026 09:38PM ET,LAA,8.4,,
OF,Wyatt Langford (43930287),Wyatt Langford,43930287,OF,5000,TEX@CWS 08/25/2026 07:40PM ET,TEX,8.3,,
SS,Gunnar Henderson (43930288),Gunnar Henderson,43930288,SS,5000,BAL@STL 08/25/2026 07:45PM ET,BAL,7.5,,
1B,Royce Lewis (43930289),Royce Lewis,43930289,1B,5000,MIN@ATH 08/25/2026 09:40PM ET,MIN,7.2,,
3B,Manny Machado (43930290),Manny Machado,43930290,3B,5000,PIT@SD 08/25/2026 09:40PM ET,SD,7.2,,
SP,Gunnar Hoglund (43931095),Gunnar Hoglund,43931095,P,5000,MIN@ATH 08/25/2026 09:40PM ET,ATH,0,IL,
SP,Kade Morris (43931096),Kade Morris,43931096,P,5000,MIN@ATH 08/25/2026 09:40PM ET,ATH,-1,,
RP,Yunior Tur (43931097),Yunior Tur,43931097,P,5000,MIN@ATH 08/25/2026 09:40PM ET,ATH,-7.6,,
RP,Seth Johnson (43931098),Seth Johnson,43931098,P,5000,MIN@ATH 08/25/2026 09:40PM ET,ATH,2.1,,
SP,Luis Medina (43931099),Luis Medina,43931099,P,5000,MIN@ATH 08/25/2026 09:40PM ET,ATH,4.2,,
RP,Jose Suarez (43931100),Jose Suarez,43931100,P,5000,MIN@ATH 08/25/2026 09:40PM ET,ATH,3.2,IL,
RP,Joe Rock (43931101),Joe Rock,43931101,P,5000,MIN@ATH 08/25/2026 09:40PM ET,ATH,6.2,,
RP,Jack Perkins (43931102),Jack Perkins,43931102,P,5000,MIN@ATH 08/25/2026 09:40PM ET,ATH,6.6,,
RP,Joey Estes (43931103),Joey Estes,43931103,P,5000,MIN@ATH 08/25/2026 09:40PM ET,ATH,6.2,,
RP,Jeffrey Springs (43931104),Jeffrey Springs,43931104,P,5000,MIN@ATH 08/25/2026 09:40PM ET,ATH,8.1,,
RP,Mason Barnett (43931105),Mason Barnett,43931105,P,5000,MIN@ATH 08/25/2026 09:40PM ET,ATH,3.7,,
RP,Brady Basso (43931106),Brady Basso,43931106,P,5000,MIN@ATH 08/25/2026 09:40PM ET,ATH,2.6,,
RP,Steven Okert (43931107),Steven Okert,43931107,P,5000,HOU@NYY 08/25/2026 07:05PM ET,HOU,3.7,,
RP,Bryan King (43931108),Bryan King,43931108,P,5000,HOU@NYY 08/25/2026 07:05PM ET,HOU,2.2,,
1B/OF,Jake Bauers (43930291),Jake Bauers,43930291,1B/OF,4900,MIL@NYM 08/25/2026 07:10PM ET,MIL,8.7,,
OF,Randy Arozarena (43930293),Randy Arozarena,43930293,OF,4900,PHI@SEA 08/25/2026 09:40PM ET,SEA,8.9,,
C,Drake Baldwin (43930294),Drake Baldwin,43930294,C,4900,LAD@ATL 08/25/2026 07:15PM ET,ATL,8.3,,
2B,Ketel Marte (43930620),Ketel Marte,43930620,2B,4900,CHC@ARI 08/25/2026 09:40PM ET,ARI,7.9,IL,
SS,Trea Turner (43930295),Trea Turner,43930295,SS,4800,PHI@SEA 08/25/2026 09:40PM ET,PHI,7.7,,
3B,Max Muncy (43930296),Max Muncy,43930296,3B,4800,LAD@ATL 08/25/2026 07:15PM ET,LAD,7.7,,
3B,Christian Encarnacion-Strand (43930297),Christian Encarnacion-Strand,43930297,3B,4700,BAL@STL 08/25/2026 07:45PM ET,BAL,6.7,,
OF,Cody Bellinger (43930298),Cody Bellinger,43930298,OF,4700,HOU@NYY 08/25/2026 07:05PM ET,NYY,7.8,,
2B/SS,JJ Wetherholt (43930299),JJ Wetherholt,43930299,2B/SS,4700,BAL@STL 08/25/2026 07:45PM ET,STL,8,,
OF,Bryan Reynolds (43930301),Bryan Reynolds,43930301,OF,4700,PIT@SD 08/25/2026 09:40PM ET,PIT,8.1,,
2B,Jazz Chisholm Jr. (43930302),Jazz Chisholm Jr.,43930302,2B,4600,HOU@NYY 08/25/2026 07:05PM ET,NYY,7.8,,
OF,Sam Antonacci (43930303),Sam Antonacci,43930303,OF,4600,TEX@CWS 08/25/2026 07:40PM ET,CWS,7.2,,
SS,Corey Seager (43930304),Corey Seager,43930304,SS,4600,TEX@CWS 08/25/2026 07:40PM ET,TEX,7.3,,
SS,Zach Neto (43930305),Zach Neto,43930305,SS,4500,CLE@LAA 08/25/2026 09:38PM ET,LAA,8.5,,
C,Gabriel Moreno (43930306),Gabriel Moreno,43930306,C,4500,CHC@ARI 08/25/2026 09:40PM ET,ARI,8.1,,
OF,Chase DeLauter (43930307),Chase DeLauter,43930307,OF,4500,CLE@LAA 08/25/2026 09:38PM ET,CLE,7.9,DTD,
1B,Josh Bell (43930308),Josh Bell,43930308,1B,4500,MIN@ATH 08/25/2026 09:40PM ET,MIN,7.3,,
OF,Andy Pages (43930621),Andy Pages,43930621,OF,4500,LAD@ATL 08/25/2026 07:15PM ET,LAD,8.4,IL,
2B/SS,Nico Hoerner (43930309),Nico Hoerner,43930309,2B/SS,4400,CHC@ARI 08/25/2026 09:40PM ET,CHC,7.2,,
OF,Trent Grisham (43930311),Trent Grisham,43930311,OF,4400,HOU@NYY 08/25/2026 07:05PM ET,NYY,7.5,,
OF,Julio Rodriguez (43930312),Julio Rodriguez,43930312,OF,4400,PHI@SEA 08/25/2026 09:40PM ET,SEA,7.7,,
2B,Travis Bazzana (43930313),Travis Bazzana,43930313,2B,4400,CLE@LAA 08/25/2026 09:38PM ET,CLE,7.4,,
OF,Michael Harris II (43930314),Michael Harris II,43930314,OF,4400,LAD@ATL 08/25/2026 07:15PM ET,ATL,7.8,,
1B,Vinnie Pasquantino (43930315),Vinnie Pasquantino,43930315,1B,4400,KC@TOR 08/25/2026 07:07PM ET,KC,6.9,,
OF,Jackson Merrill (43930316),Jackson Merrill,43930316,OF,4400,PIT@SD 08/25/2026 09:40PM ET,SD,7.8,,
3B,Nolan Arenado (43930317),Nolan Arenado,43930317,3B,4400,CHC@ARI 08/25/2026 09:40PM ET,ARI,7.1,,
C,Carter Jensen (43930318),Carter Jensen,43930318,C,4400,KC@TOR 08/25/2026 07:07PM ET,KC,6.5,,
SS,Jacob Wilson (43930622),Jacob Wilson,43930622,SS,4400,MIN@ATH 08/25/2026 09:40PM ET,ATH,6.7,IL,
OF,Giancarlo Stanton (43930623),Giancarlo Stanton,43930623,OF,4400,HOU@NYY 08/25/2026 07:05PM ET,NYY,6.8,IL,
2B,Luis Arraez (43930319),Luis Arraez,43930319,2B,4300,PHI@SEA 08/25/2026 09:40PM ET,PHI,7.7,,
1B,Michael Busch (43930320),Michael Busch,43930320,1B,4300,CHC@ARI 08/25/2026 09:40PM ET,CHC,7.4,,
OF,Christian Yelich (43930321),Christian Yelich,43930321,OF,4300,MIL@NYM 08/25/2026 07:10PM ET,MIL,7.5,,
3B,Brooks Lee (43930322),Brooks Lee,43930322,3B,4300,MIN@ATH 08/25/2026 09:40PM ET,MIN,7.2,,
SS,Colson Montgomery (43930323),Colson Montgomery,43930323,SS,4300,TEX@CWS 08/25/2026 07:40PM ET,CWS,7.2,,
C,Ivan Herrera (43930324),Ivan Herrera,43930324,C,4300,BAL@STL 08/25/2026 07:45PM ET,STL,7.6,,
C,Shea Langeliers (43930624),Shea Langeliers,43930624,C,4300,MIN@ATH 08/25/2026 09:40PM ET,ATH,8.6,IL,
3B,Jordan Westburg (43930625),Jordan Westburg,43930625,3B,4300,BAL@STL 08/25/2026 07:45PM ET,BAL,0,IL,
1B,Ryan O'Hearn (43930626),Ryan O'Hearn,43930626,1B,4300,PIT@SD 08/25/2026 09:40PM ET,PIT,7.9,IL,
OF,Luke Keaschall (43930325),Luke Keaschall,43930325,OF,4200,MIN@ATH 08/25/2026 09:40PM ET,MIN,6.9,,
SS,Francisco Lindor (43930326),Francisco Lindor,43930326,SS,4200,MIL@NYM 08/25/2026 07:10PM ET,NYM,7.5,,
3B/OF,Ezequiel Duran (43930327),Ezequiel Duran,43930327,3B/OF,4200,TEX@CWS 08/25/2026 07:40PM ET,TEX,7.3,,
2B,Ozzie Albies (43930329),Ozzie Albies,43930329,2B,4200,LAD@ATL 08/25/2026 07:15PM ET,ATL,7.2,,
OF,George Springer (43930330),George Springer,43930330,OF,4200,KC@TOR 08/25/2026 07:07PM ET,TOR,7,,
OF,Ian Happ (43930331),Ian Happ,43930331,OF,4200,CHC@ARI 08/25/2026 09:40PM ET,CHC,7.5,,
OF,Angel Martinez (43930332),Angel Martinez,43930332,OF,4200,CLE@LAA 08/25/2026 09:38PM ET,CLE,6.5,,
OF,Esmerlyn Valdez (43930333),Esmerlyn Valdez,43930333,OF,4200,PIT@SD 08/25/2026 09:40PM ET,PIT,8.4,,
C,William Contreras (43930334),William Contreras,43930334,C,4200,MIL@NYM 08/25/2026 07:10PM ET,MIL,7.2,,
1B,Nick Kurtz (43930627),Nick Kurtz,43930627,1B,4200,MIN@ATH 08/25/2026 09:40PM ET,ATH,9.2,IL,
3B,Josh Jung (43930628),Josh Jung,43930628,3B,4200,TEX@CWS 08/25/2026 07:40PM ET,TEX,7.3,IL,
SS,Dansby Swanson (43930629),Dansby Swanson,43930629,SS,4200,CHC@ARI 08/25/2026 09:40PM ET,CHC,7.6,IL,
1B/3B,Rafael Devers (43930335),Rafael Devers,43930335,1B/3B,4100,CIN@SF 08/25/2026 09:45PM ET,SF,7.8,,
2B,Jose Altuve (43930337),Jose Altuve,43930337,2B,4100,HOU@NYY 08/25/2026 07:05PM ET,HOU,6.9,,
1B,Ty France (43930338),Ty France,43930338,1B,4100,PIT@SD 08/25/2026 09:40PM ET,SD,7,,
OF,Lawrence Butler (43930339),Lawrence Butler,43930339,OF,4100,MIN@ATH 08/25/2026 09:40PM ET,ATH,5.5,,
C,Samuel Basallo (43930340),Samuel Basallo,43930340,C,4100,BAL@STL 08/25/2026 07:45PM ET,BAL,6.3,,
1B/C,Endy Rodriguez (43930630),Endy Rodriguez,43930630,C/1B,4100,PIT@SD 08/25/2026 09:40PM ET,PIT,7.2,IL,
OF,JJ Bleday (43930341),JJ Bleday,43930341,OF,4000,CIN@SF 08/25/2026 09:45PM ET,CIN,7.5,,
1B,Jake Burger (43930342),Jake Burger,43930342,1B,4000,TEX@CWS 08/25/2026 07:40PM ET,TEX,7,,
OF,Brandon Marsh (43930343),Brandon Marsh,43930343,OF,4000,PHI@SEA 08/25/2026 09:40PM ET,PHI,7.2,,
SS,Mookie Betts (43930344),Mookie Betts,43930344,SS,4000,LAD@ATL 08/25/2026 07:15PM ET,LAD,7,,
OF,Henry Bolte (43930345),Henry Bolte,43930345,OF,4000,MIN@ATH 08/25/2026 09:40PM ET,ATH,6.5,,
1B,Vladimir Guerrero Jr. (43930346),Vladimir Guerrero Jr.,43930346,1B,4000,KC@TOR 08/25/2026 07:07PM ET,TOR,6.7,,
3B,Bo Bichette (43930347),Bo Bichette,43930347,3B,4000,MIL@NYM 08/25/2026 07:10PM ET,NYM,6.9,,
OF,Trevor Larnach (43930348),Trevor Larnach,43930348,OF,4000,MIN@ATH 08/25/2026 09:40PM ET,MIN,6.2,,
3B,Isaac Paredes (43930349),Isaac Paredes,43930349,3B,4000,HOU@NYY 08/25/2026 07:05PM ET,HOU,7.3,,
OF,Jo Adell (43930350),Jo Adell,43930350,OF,4000,CLE@LAA 08/25/2026 09:38PM ET,CLE,7,,
2B,Pedro Ramirez (43930351),Pedro Ramirez,43930351,2B,4000,CHC@ARI 08/25/2026 09:40PM ET,CHC,6.1,,
C,Cal Raleigh (43930352),Cal Raleigh,43930352,C,4000,PHI@SEA 08/25/2026 09:40PM ET,SEA,6.1,,
3B/SS,Maikel Garcia (43930632),Maikel Garcia,43930632,3B/SS,4000,KC@TOR 08/25/2026 07:07PM ET,KC,6.9,IL,
3B,Casey Schmitt (43930634),Casey Schmitt,43930634,3B,4000,CIN@SF 08/25/2026 09:45PM ET,SF,8,IL,
OF,Jasson Dominguez (43930635),Jasson Dominguez,43930635,OF,4000,HOU@NYY 08/25/2026 07:05PM ET,NYY,6.2,,
RP,Trevor Richards (43931109),Trevor Richards,43931109,P,4000,TEX@CWS 08/25/2026 07:40PM ET,CWS,3.9,,
RP,Mike Vasil (43931110),Mike Vasil,43931110,P,4000,TEX@CWS 08/25/2026 07:40PM ET,CWS,0,IL,
RP,Grant Taylor (43931111),Grant Taylor,43931111,P,4000,TEX@CWS 08/25/2026 07:40PM ET,CWS,5.6,,
RP,Jordan Leasure (43931112),Jordan Leasure,43931112,P,4000,TEX@CWS 08/25/2026 07:40PM ET,CWS,2.6,IL,
RP,Tyler Gilbert (43931113),Tyler Gilbert,43931113,P,4000,TEX@CWS 08/25/2026 07:40PM ET,CWS,-1.6,,
RP,Tanner Banks (43931114),Tanner Banks,43931114,P,4000,PHI@SEA 08/25/2026 09:40PM ET,PHI,1.7,IL,
RP,Kyle Backhus (43931115),Kyle Backhus,43931115,P,4000,PHI@SEA 08/25/2026 09:40PM ET,PHI,2.4,,
RP,Brad Keller (43931116),Brad Keller,43931116,P,4000,PHI@SEA 08/25/2026 09:40PM ET,PHI,2.8,IL,
RP,Caleb Ferguson (43931117),Caleb Ferguson,43931117,P,4000,BAL@STL 08/25/2026 07:45PM ET,STL,2,,
RP,Cooper Hjerpe (43931118),Cooper Hjerpe,43931118,P,4000,BAL@STL 08/25/2026 07:45PM ET,STL,0,,
RP,Brendan Cellucci (43931119),Brendan Cellucci,43931119,P,4000,KC@TOR 08/25/2026 07:07PM ET,TOR,0,,
RP,Ronan Kopp (43931120),Ronan Kopp,43931120,P,4000,LAD@ATL 08/25/2026 07:15PM ET,LAD,0,,
RP,Blake Walston (43931121),Blake Walston,43931121,P,4000,CHC@ARI 08/25/2026 09:40PM ET,ARI,0,IL,
RP,James McArthur (43931122),James McArthur,43931122,P,4000,KC@TOR 08/25/2026 07:07PM ET,KC,0,IL,
RP,Tyler Beede (43931123),Tyler Beede,43931123,P,4000,CHC@ARI 08/25/2026 09:40PM ET,CHC,0,,
SP,Henry Baez (43931124),Henry Baez,43931124,P,4000,MIN@ATH 08/25/2026 09:40PM ET,ATH,0,IL,
RP,Joe Jimenez (43931125),Joe Jimenez,43931125,P,4000,LAD@ATL 08/25/2026 07:15PM ET,ATL,0,IL,
SP,Ky Bush (43931126),Ky Bush,43931126,P,4000,TEX@CWS 08/25/2026 07:40PM ET,CWS,0,IL,
RP,Prelander Berroa (43931127),Prelander Berroa,43931127,P,4000,TEX@CWS 08/25/2026 07:40PM ET,CWS,0,IL,
SP,Braden Nett (43931128),Braden Nett,43931128,P,4000,MIN@ATH 08/25/2026 09:40PM ET,ATH,0,,
RP,Jake Cousins (43931129),Jake Cousins,43931129,P,4000,LAD@ATL 08/25/2026 07:15PM ET,LAD,0,IL,
SP,Drew Thorpe (43931130),Drew Thorpe,43931130,P,4000,TEX@CWS 08/25/2026 07:40PM ET,CWS,0,IL,
SP,Chase Hampton (43931131),Chase Hampton,43931131,P,4000,HOU@NYY 08/25/2026 07:05PM ET,NYY,0,,
RP,Antoine Kelly (43931132),Antoine Kelly,43931132,P,4000,CHC@ARI 08/25/2026 09:40PM ET,CHC,4.4,,
RP,Garrett Hawkins (43931133),Garrett Hawkins,43931133,P,4000,PIT@SD 08/25/2026 09:40PM ET,SD,0,,
SP,Julian Aguiar (43931134),Julian Aguiar,43931134,P,4000,CIN@SF 08/25/2026 09:45PM ET,CIN,0,IL,
SP,Jake Bloss (43931135),Jake Bloss,43931135,P,4000,KC@TOR 08/25/2026 07:07PM ET,TOR,0,IL,
RP,Rowan Wick (43931136),Rowan Wick,43931136,P,4000,CIN@SF 08/25/2026 09:45PM ET,SF,0,IL,
SP,Steven Zobac (43931137),Steven Zobac,43931137,P,4000,KC@TOR 08/25/2026 07:07PM ET,KC,0,,
RP,Robinson Ortiz (43931138),Robinson Ortiz,43931138,P,4000,PHI@SEA 08/25/2026 09:40PM ET,SEA,0,,
RP,Brusdar Graterol (43931139),Brusdar Graterol,43931139,P,4000,LAD@ATL 08/25/2026 07:15PM ET,LAD,0,IL,
RP,Cameron Weston (43931140),Cameron Weston,43931140,P,4000,BAL@STL 08/25/2026 07:45PM ET,BAL,3.7,,
SP,Austin Peterson (43931141),Austin Peterson,43931141,P,4000,CLE@LAA 08/25/2026 09:38PM ET,CLE,0,,
RP,Troy Watson (43931142),Troy Watson,43931142,P,4000,PHI@SEA 08/25/2026 09:40PM ET,SEA,0,,
RP,Dylan Ross (43931143),Dylan Ross,43931143,P,4000,MIL@NYM 08/25/2026 07:10PM ET,NYM,0,,
RP,Yorman Gomez (43931144),Yorman Gomez,43931144,P,4000,CLE@LAA 08/25/2026 09:38PM ET,CLE,0,,
RP,Grant Hartwig (43931145),Grant Hartwig,43931145,P,4000,MIN@ATH 08/25/2026 09:40PM ET,MIN,0,,
RP,Winston Santos (43931146),Winston Santos,43931146,P,4000,TEX@CWS 08/25/2026 07:40PM ET,TEX,0.7,,
RP,Dennis Santana (43931147),Dennis Santana,43931147,P,4000,CHC@ARI 08/25/2026 09:40PM ET,ARI,1.9,,
RP,Ryan Rolison (43931148),Ryan Rolison,43931148,P,4000,CHC@ARI 08/25/2026 09:40PM ET,CHC,3.6,,
RP,Shaun Anderson (43931149),Shaun Anderson,43931149,P,4000,CLE@LAA 08/25/2026 09:38PM ET,LAA,2.6,IL,
RP,Yennier Cano (43931150),Yennier Cano,43931150,P,4000,BAL@STL 08/25/2026 07:45PM ET,BAL,2.2,,
RP,Pierce Johnson (43931151),Pierce Johnson,43931151,P,4000,CIN@SF 08/25/2026 09:45PM ET,CIN,2.1,,
RP,Jack Weisenburger (43931152),Jack Weisenburger,43931152,P,4000,MIL@NYM 08/25/2026 07:10PM ET,NYM,4.3,,
RP,Daniel Duarte (43931153),Daniel Duarte,43931153,P,4000,MIL@NYM 08/25/2026 07:10PM ET,NYM,4.8,,
RP,Jonathan Bowlan (43931154),Jonathan Bowlan,43931154,P,4000,PHI@SEA 08/25/2026 09:40PM ET,PHI,3.4,,
RP,Cionel Perez (43931155),Cionel Perez,43931155,P,4000,MIL@NYM 08/25/2026 07:10PM ET,NYM,3,IL,
RP,Jacob Webb (43931156),Jacob Webb,43931156,P,4000,CHC@ARI 08/25/2026 09:40PM ET,CHC,3.5,,
RP,Easton McGee (43931157),Easton McGee,43931157,P,4000,KC@TOR 08/25/2026 07:07PM ET,KC,1.2,,
RP,David Bednar (43931158),David Bednar,43931158,P,4000,HOU@NYY 08/25/2026 07:05PM ET,NYY,4.1,,
RP,Justin Bruihl (43931159),Justin Bruihl,43931159,P,4000,BAL@STL 08/25/2026 07:45PM ET,STL,2.1,,
RP,Devin Williams (43931160),Devin Williams,43931160,P,4000,MIL@NYM 08/25/2026 07:10PM ET,NYM,2.9,IL,
RP,Hagen Smith (43931161),Hagen Smith,43931161,P,4000,TEX@CWS 08/25/2026 07:40PM ET,CWS,7.6,,
RP,Jason Foley (43931162),Jason Foley,43931162,P,4000,CIN@SF 08/25/2026 09:45PM ET,SF,2.9,,
RP,Cole Sands (43931163),Cole Sands,43931163,P,4000,MIN@ATH 08/25/2026 09:40PM ET,MIN,1.4,IL,
RP,Elvis Alvarado (43931164),Elvis Alvarado,43931164,P,4000,MIN@ATH 08/25/2026 09:40PM ET,ATH,3.4,,
RP,Nate Lavender (43931165),Nate Lavender,43931165,P,4000,MIL@NYM 08/25/2026 07:10PM ET,NYM,4.9,,
RP,Brendon Little (43931166),Brendon Little,43931166,P,4000,KC@TOR 08/25/2026 07:07PM ET,TOR,1.7,,
RP,Cole Wilcox (43931167),Cole Wilcox,43931167,P,4000,PHI@SEA 08/25/2026 09:40PM ET,SEA,2.8,IL,
RP,Aaron Ashby (43931168),Aaron Ashby,43931168,P,4000,MIL@NYM 08/25/2026 07:10PM ET,MIL,4.9,,
RP,Abner Uribe (43931169),Abner Uribe,43931169,P,4000,MIL@NYM 08/25/2026 07:10PM ET,MIL,3.4,IL,
RP,Raisel Iglesias (43931170),Raisel Iglesias,43931170,P,4000,LAD@ATL 08/25/2026 07:15PM ET,ATL,3.1,,
RP,Hoby Milner (43931171),Hoby Milner,43931171,P,4000,CHC@ARI 08/25/2026 09:40PM ET,CHC,1.7,IL,
RP,Reed Garrett (43931172),Reed Garrett,43931172,P,4000,MIL@NYM 08/25/2026 07:10PM ET,NYM,0,IL,
RP,Lucas Erceg (43931173),Lucas Erceg,43931173,P,4000,KC@TOR 08/25/2026 07:07PM ET,KC,1.3,,
RP,Grant Anderson (43931174),Grant Anderson,43931174,P,4000,MIL@NYM 08/25/2026 07:10PM ET,MIL,3,,
SP,Riley O'Brien (43931175),Riley O'Brien,43931175,P,4000,BAL@STL 08/25/2026 07:45PM ET,STL,2.7,,
RP,Wandy Peralta (43931176),Wandy Peralta,43931176,P,4000,PIT@SD 08/25/2026 09:40PM ET,SD,2.4,,
RP,Yaramil Hiraldo (43931177),Yaramil Hiraldo,43931177,P,4000,BAL@STL 08/25/2026 07:45PM ET,BAL,4.1,,
RP,Eduard Bazardo (43931178),Eduard Bazardo,43931178,P,4000,PHI@SEA 08/25/2026 09:40PM ET,SEA,2.8,,
RP,Kervin Castro (43931179),Kervin Castro,43931179,P,4000,HOU@NYY 08/25/2026 07:05PM ET,NYY,5.1,IL,
RP,Tyler Davis (43931180),Tyler Davis,43931180,P,4000,TEX@CWS 08/25/2026 07:40PM ET,CWS,2.8,,
RP,Grant Wolfram (43931181),Grant Wolfram,43931181,P,4000,BAL@STL 08/25/2026 07:45PM ET,BAL,2.4,,
RP,Emilio Pagan (43931182),Emilio Pagan,43931182,P,4000,CIN@SF 08/25/2026 09:45PM ET,CIN,3.1,,
RP,Chase Lee (43931183),Chase Lee,43931183,P,4000,KC@TOR 08/25/2026 07:07PM ET,TOR,0.3,,
RP,John Schreiber (43931184),John Schreiber,43931184,P,4000,KC@TOR 08/25/2026 07:07PM ET,KC,1.9,,
RP,Sam Hentges (43931185),Sam Hentges,43931185,P,4000,CIN@SF 08/25/2026 09:45PM ET,SF,2.3,,
RP,Colin Holderman (43931186),Colin Holderman,43931186,P,4000,CLE@LAA 08/25/2026 09:38PM ET,CLE,3.5,,
RP,Brandon Eisert (43931187),Brandon Eisert,43931187,P,4000,PIT@SD 08/25/2026 09:40PM ET,PIT,2.8,,
RP,Brent Headrick (43931188),Brent Headrick,43931188,P,4000,HOU@NYY 08/25/2026 07:05PM ET,NYY,4.1,,
RP,Bryan Abreu (43931189),Bryan Abreu,43931189,P,4000,HOU@NYY 08/25/2026 07:05PM ET,HOU,3.2,,
RP,Tanner Scott (43931190),Tanner Scott,43931190,P,4000,LAD@ATL 08/25/2026 07:15PM ET,LAD,3.5,,
RP,Ryan Thompson (43931191),Ryan Thompson,43931191,P,4000,CHC@ARI 08/25/2026 09:40PM ET,ARI,1.9,IL,
RP,Luke Weaver (43931192),Luke Weaver,43931192,P,4000,PIT@SD 08/25/2026 09:40PM ET,PIT,3.6,,
RP,Edgardo Henriquez (43931193),Edgardo Henriquez,43931193,P,4000,LAD@ATL 08/25/2026 07:15PM ET,LAD,3.5,,
RP,Mason Montgomery (43931194),Mason Montgomery,43931194,P,4000,PIT@SD 08/25/2026 09:40PM ET,PIT,4.4,,
RP,Alek Jacob (43931195),Alek Jacob,43931195,P,4000,PIT@SD 08/25/2026 09:40PM ET,SD,5.5,,
RP,Brian Fitzpatrick (43931196),Brian Fitzpatrick,43931196,P,4000,MIL@NYM 08/25/2026 07:10PM ET,MIL,3.4,IL,
RP,Trevor Martin (43931197),Trevor Martin,43931197,P,4000,CLE@LAA 08/25/2026 09:38PM ET,LAA,2.9,,
RP,Robby Ahlstrom (43931198),Robby Ahlstrom,43931198,P,4000,TEX@CWS 08/25/2026 07:40PM ET,TEX,2.2,,
RP,Tyler Kinley (43931199),Tyler Kinley,43931199,P,4000,LAD@ATL 08/25/2026 07:15PM ET,ATL,2.7,,
RP,Bryan Hoeing (43931200),Bryan Hoeing,43931200,P,4000,PIT@SD 08/25/2026 09:40PM ET,SD,0,IL,
RP,JoJo Romero (43931201),JoJo Romero,43931201,P,4000,MIL@NYM 08/25/2026 07:10PM ET,MIL,2.7,IL,
RP,Peyton Gray (43931202),Peyton Gray,43931202,P,4000,TEX@CWS 08/25/2026 07:40PM ET,TEX,3.6,,
RP,Graham Ashcraft (43931203),Graham Ashcraft,43931203,P,4000,CIN@SF 08/25/2026 09:45PM ET,CIN,3.4,IL,
RP,Shawn Armstrong (43931204),Shawn Armstrong,43931204,P,4000,CLE@LAA 08/25/2026 09:38PM ET,CLE,2.2,IL,
RP,Justin Sterner (43931205),Justin Sterner,43931205,P,4000,MIN@ATH 08/25/2026 09:40PM ET,ATH,2,IL,
RP,Dedniel Nunez (43931206),Dedniel Nunez,43931206,P,4000,MIL@NYM 08/25/2026 07:10PM ET,NYM,1.5,,
RP,Gordon Graceffo (43931207),Gordon Graceffo,43931207,P,4000,BAL@STL 08/25/2026 07:45PM ET,STL,3.1,,
RP,Taylor Rashi (43931208),Taylor Rashi,43931208,P,4000,MIN@ATH 08/25/2026 09:40PM ET,ATH,2.8,,
RP,Ryan Fernandez (43931209),Ryan Fernandez,43931209,P,4000,BAL@STL 08/25/2026 07:45PM ET,STL,4.3,,
RP,Tyler Uberstine (43931210),Tyler Uberstine,43931210,P,4000,LAD@ATL 08/25/2026 07:15PM ET,ATL,5.6,,
RP,Seranthony Dominguez (43931211),Seranthony Dominguez,43931211,P,4000,PHI@SEA 08/25/2026 09:40PM ET,SEA,2.8,,
RP,Gavin Hollowell (43931212),Gavin Hollowell,43931212,P,4000,CHC@ARI 08/25/2026 09:40PM ET,CHC,2.7,IL,
RP,Randy Rodriguez (43931213),Randy Rodriguez,43931213,P,4000,CIN@SF 08/25/2026 09:45PM ET,SF,0,IL,
RP,CJ Van Eyk (43931214),CJ Van Eyk,43931214,P,4000,KC@TOR 08/25/2026 07:07PM ET,TOR,0.3,,
RP,Blake Treinen (43931215),Blake Treinen,43931215,P,4000,LAD@ATL 08/25/2026 07:15PM ET,LAD,2.8,IL,
RP,Anthony Banda (43931216),Anthony Banda,43931216,P,4000,MIN@ATH 08/25/2026 09:40PM ET,MIN,2.2,IL,
RP,Robert Stephenson (43931217),Robert Stephenson,43931217,P,4000,CLE@LAA 08/25/2026 09:38PM ET,LAA,0,IL,
RP,Gabe Speier (43931218),Gabe Speier,43931218,P,4000,PHI@SEA 08/25/2026 09:40PM ET,SEA,2.4,,
RP,Huascar Brazoban (43931219),Huascar Brazoban,43931219,P,4000,TEX@CWS 08/25/2026 07:40PM ET,CWS,3.2,,
RP,Yohan Ramirez (43931220),Yohan Ramirez,43931220,P,4000,PIT@SD 08/25/2026 09:40PM ET,PIT,4.6,,
RP,Jack Dreyer (43931221),Jack Dreyer,43931221,P,4000,LAD@ATL 08/25/2026 07:15PM ET,LAD,3.7,,
RP,Max Rajcic (43931222),Max Rajcic,43931222,P,4000,BAL@STL 08/25/2026 07:45PM ET,STL,3.2,IL,
RP,Chris Murphy (43931223),Chris Murphy,43931223,P,4000,TEX@CWS 08/25/2026 07:40PM ET,CWS,2.8,IL,
RP,Kirby Yates (43931224),Kirby Yates,43931224,P,4000,PIT@SD 08/25/2026 09:40PM ET,PIT,3,,
RP,Braydon Fisher (43931225),Braydon Fisher,43931225,P,4000,KC@TOR 08/25/2026 07:07PM ET,TOR,2.9,,
RP,Kyle Hurt (43931226),Kyle Hurt,43931226,P,4000,LAD@ATL 08/25/2026 07:15PM ET,LAD,3.4,,
RP,Chase Solesky (43931227),Chase Solesky,43931227,P,4000,CIN@SF 08/25/2026 09:45PM ET,CIN,6.6,,
RP,Gavin Collyer (43931228),Gavin Collyer,43931228,P,4000,TEX@CWS 08/25/2026 07:40PM ET,TEX,2.2,,
RP,Woo Suk Go (43931229),Woo Suk Go,43931229,P,4000,MIN@ATH 08/25/2026 09:40PM ET,MIN,1.3,,
RP,Tejay Antone (43931230),Tejay Antone,43931230,P,4000,CIN@SF 08/25/2026 09:45PM ET,CIN,2.8,,
RP,Yuki Matsui (43931231),Yuki Matsui,43931231,P,4000,PIT@SD 08/25/2026 09:40PM ET,SD,4.4,,
RP,Jayden Murray (43931232),Jayden Murray,43931232,P,4000,CHC@ARI 08/25/2026 09:40PM ET,CHC,1,,
RP,Jhoan Duran (43931233),Jhoan Duran,43931233,P,4000,PHI@SEA 08/25/2026 09:40PM ET,PHI,3.9,,
RP,Ryan Helsley (43931234),Ryan Helsley,43931234,P,4000,BAL@STL 08/25/2026 07:45PM ET,BAL,2.9,IL,
RP,Angel Zerpa (43931235),Angel Zerpa,43931235,P,4000,MIL@NYM 08/25/2026 07:10PM ET,MIL,1.1,IL,
RP,Hayden Harris (43931236),Hayden Harris,43931236,P,4000,LAD@ATL 08/25/2026 07:15PM ET,ATL,0,,
RP,Sam Moll (43931237),Sam Moll,43931237,P,4000,CIN@SF 08/25/2026 09:45PM ET,CIN,2.1,,
RP,Carlos Duran (43931238),Carlos Duran,43931238,P,4000,KC@TOR 08/25/2026 07:07PM ET,KC,1,,
RP,Trevor Megill (43931239),Trevor Megill,43931239,P,4000,MIL@NYM 08/25/2026 07:10PM ET,MIL,3.6,,
RP,John Klein (43931240),John Klein,43931240,P,4000,KC@TOR 08/25/2026 07:07PM ET,TOR,1.9,,
RP,Codi Heuer (43931241),Codi Heuer,43931241,P,4000,BAL@STL 08/25/2026 07:45PM ET,BAL,1.6,,
RP,Charlie Barnes (43931242),Charlie Barnes,43931242,P,4000,LAD@ATL 08/25/2026 07:15PM ET,LAD,1.3,,
RP,Felix Bautista (43931243),Felix Bautista,43931243,P,4000,BAL@STL 08/25/2026 07:45PM ET,BAL,0,IL,
RP,Andrew Morris (43931244),Andrew Morris,43931244,P,4000,MIN@ATH 08/25/2026 09:40PM ET,MIN,3.3,,
RP,Garrett Acton (43931245),Garrett Acton,43931245,P,4000,MIN@ATH 08/25/2026 09:40PM ET,MIN,7.1,,
RP,Robert Garcia (43931246),Robert Garcia,43931246,P,4000,TEX@CWS 08/25/2026 07:40PM ET,TEX,1.9,IL,
RP,Edwin Diaz (43931247),Edwin Diaz,43931247,P,4000,LAD@ATL 08/25/2026 07:15PM ET,LAD,1.1,IL,
RP,Ray Kerr (43931248),Ray Kerr,43931248,P,4000,LAD@ATL 08/25/2026 07:15PM ET,ATL,2,,
RP,Mason Miller (43931249),Mason Miller,43931249,P,4000,PIT@SD 08/25/2026 09:40PM ET,SD,5.7,,
RP,Josh Walker (43931250),Josh Walker,43931250,P,4000,BAL@STL 08/25/2026 07:45PM ET,BAL,3.1,,
RP,Philip Abner (43931251),Philip Abner,43931251,P,4000,CIN@SF 08/25/2026 09:45PM ET,SF,1.4,,
RP,Juan Burgos (43931252),Juan Burgos,43931252,P,4000,CHC@ARI 08/25/2026 09:40PM ET,ARI,1.3,,
RP,Yosver Zulueta (43931253),Yosver Zulueta,43931253,P,4000,BAL@STL 08/25/2026 07:45PM ET,BAL,0,,
RP,Jose A. Ferrer (43931254),Jose A. Ferrer,43931254,P,4000,PHI@SEA 08/25/2026 09:40PM ET,SEA,2.3,,
RP,Nolan Kingham (43931255),Nolan Kingham,43931255,P,4000,PHI@SEA 08/25/2026 09:40PM ET,SEA,0.5,,
RP,Alex Hoppe (43931256),Alex Hoppe,43931256,P,4000,BAL@STL 08/25/2026 07:45PM ET,BAL,3,,
RP,Austin Warren (43931257),Austin Warren,43931257,P,4000,MIL@NYM 08/25/2026 07:10PM ET,NYM,3.8,,
RP,Seth Halvorsen (43931258),Seth Halvorsen,43931258,P,4000,LAD@ATL 08/25/2026 07:15PM ET,LAD,1.8,,
RP,Joey Gerber (43931259),Joey Gerber,43931259,P,4000,MIL@NYM 08/25/2026 07:10PM ET,NYM,3,,
RP,Spencer Bivens (43931260),Spencer Bivens,43931260,P,4000,CIN@SF 08/25/2026 09:45PM ET,SF,4.1,,
RP,Scott Blewett (43931261),Scott Blewett,43931261,P,4000,MIN@ATH 08/25/2026 09:40PM ET,ATH,3.4,,
RP,Phil Maton (43931262),Phil Maton,43931262,P,4000,CHC@ARI 08/25/2026 09:40PM ET,CHC,1.7,IL,
RP,Nick Davila (43931263),Nick Davila,43931263,P,4000,PHI@SEA 08/25/2026 09:40PM ET,SEA,1.8,,
RP,Chad Dallas (43931264),Chad Dallas,43931264,P,4000,KC@TOR 08/25/2026 07:07PM ET,TOR,3.2,,
RP,Nate Pearson (43931265),Nate Pearson,43931265,P,4000,KC@TOR 08/25/2026 07:07PM ET,KC,3.2,,
RP,Jeff Hoffman (43931266),Jeff Hoffman,43931266,P,4000,MIN@ATH 08/25/2026 09:40PM ET,MIN,3.7,,
RP,Ryan Watson (43931267),Ryan Watson,43931267,P,4000,CLE@LAA 08/25/2026 09:38PM ET,LAA,3.4,,
RP,Chris Martin (43931268),Chris Martin,43931268,P,4000,TEX@CWS 08/25/2026 07:40PM ET,TEX,0.5,,
RP,Garrett Stallings (43931269),Garrett Stallings,43931269,P,4000,MIL@NYM 08/25/2026 07:10PM ET,MIL,8.1,,
RP,Cameron Foster (43931270),Cameron Foster,43931270,P,4000,BAL@STL 08/25/2026 07:45PM ET,BAL,0.9,IL,
RP,Aaron Bummer (43931271),Aaron Bummer,43931271,P,4000,KC@TOR 08/25/2026 07:07PM ET,KC,0.4,,
RP,Zach Maxwell (43931272),Zach Maxwell,43931272,P,4000,CIN@SF 08/25/2026 09:45PM ET,CIN,1,,
RP,Bryan Hudson (43931273),Bryan Hudson,43931273,P,4000,TEX@CWS 08/25/2026 07:40PM ET,CWS,2.7,,
SP,Tony Santillan (43931274),Tony Santillan,43931274,P,4000,CIN@SF 08/25/2026 09:45PM ET,CIN,1.9,,
RP,George Soriano (43931275),George Soriano,43931275,P,4000,BAL@STL 08/25/2026 07:45PM ET,STL,2.9,,
RP,Jonathan Pintaro (43931276),Jonathan Pintaro,43931276,P,4000,MIL@NYM 08/25/2026 07:10PM ET,NYM,4.9,,
RP,Matt Strahm (43931277),Matt Strahm,43931277,P,4000,KC@TOR 08/25/2026 07:07PM ET,KC,1.6,,
RP,Justin Martinez (43931278),Justin Martinez,43931278,P,4000,CHC@ARI 08/25/2026 09:40PM ET,ARI,2.4,,
RP,Kade Strowd (43931279),Kade Strowd,43931279,P,4000,CHC@ARI 08/25/2026 09:40PM ET,ARI,-0.2,,
RP,Luis Gastelum (43931280),Luis Gastelum,43931280,P,4000,BAL@STL 08/25/2026 07:45PM ET,STL,3.6,,
RP,Chase Shugart (43931281),Chase Shugart,43931281,P,4000,PHI@SEA 08/25/2026 09:40PM ET,PHI,3.5,,
RP,Hunter Harvey (43931282),Hunter Harvey,43931282,P,4000,CHC@ARI 08/25/2026 09:40PM ET,CHC,1.9,IL,
RP,Will Klein (43931283),Will Klein,43931283,P,4000,LAD@ATL 08/25/2026 07:15PM ET,LAD,3.6,IL,
RP,Taylor Rogers (43931284),Taylor Rogers,43931284,P,4000,MIN@ATH 08/25/2026 09:40PM ET,MIN,2.1,,
RP,Zach McCambley (43931285),Zach McCambley,43931285,P,4000,CIN@SF 08/25/2026 09:45PM ET,CIN,2.4,,
RP,Tommy Nance (43931286),Tommy Nance,43931286,P,4000,MIN@ATH 08/25/2026 09:40PM ET,MIN,3.1,,
RP,Travis Adams (43931287),Travis Adams,43931287,P,4000,MIN@ATH 08/25/2026 09:40PM ET,MIN,3.6,,
RP,Mark Leiter Jr. (43931288),Mark Leiter Jr.,43931288,P,4000,MIN@ATH 08/25/2026 09:40PM ET,ATH,2.5,IL,
RP,Jalen Beeks (43931289),Jalen Beeks,43931289,P,4000,TEX@CWS 08/25/2026 07:40PM ET,TEX,2.2,IL,
RP,Hayden Juenger (43931290),Hayden Juenger,43931290,P,4000,MIN@ATH 08/25/2026 09:40PM ET,ATH,-0.3,,
RP,Matt Brash (43931291),Matt Brash,43931291,P,4000,PHI@SEA 08/25/2026 09:40PM ET,SEA,3.4,IL,
RP,Enyel De Los Santos (43931292),Enyel De Los Santos,43931292,P,4000,HOU@NYY 08/25/2026 07:05PM ET,HOU,2.5,,
RP,James Karinchak (43931293),James Karinchak,43931293,P,4000,LAD@ATL 08/25/2026 07:15PM ET,ATL,3.2,,
RP,Ben Casparius (43931294),Ben Casparius,43931294,P,4000,LAD@ATL 08/25/2026 07:15PM ET,LAD,0.5,IL,
RP,Jose Fermin (43931295),Jose Fermin,43931295,P,4000,CLE@LAA 08/25/2026 09:38PM ET,LAA,3.7,,
RP,Sean Newcomb (43931296),Sean Newcomb,43931296,P,4000,TEX@CWS 08/25/2026 07:40PM ET,CWS,4.4,,
RP,Evan Phillips (43931297),Evan Phillips,43931297,P,4000,LAD@ATL 08/25/2026 07:15PM ET,LAD,2.3,,
RP,Dylan Dodd (43931298),Dylan Dodd,43931298,P,4000,LAD@ATL 08/25/2026 07:15PM ET,ATL,3.8,,
RP,Erik Sabrowski (43931299),Erik Sabrowski,43931299,P,4000,CLE@LAA 08/25/2026 09:38PM ET,CLE,3.5,,
RP,Tanner McDougal (43931300),Tanner McDougal,43931300,P,4000,TEX@CWS 08/25/2026 07:40PM ET,CWS,-3.7,,
RP,Peter Strzelecki (43931301),Peter Strzelecki,43931301,P,4000,BAL@STL 08/25/2026 07:45PM ET,STL,4.3,,
RP,Nick Raquet (43931302),Nick Raquet,43931302,P,4000,BAL@STL 08/25/2026 07:45PM ET,BAL,0.2,,
RP,Tim Mayza (43931303),Tim Mayza,43931303,P,4000,PHI@SEA 08/25/2026 09:40PM ET,PHI,3.5,,
RP,Kevin Ginkel (43931304),Kevin Ginkel,43931304,P,4000,CHC@ARI 08/25/2026 09:40PM ET,ARI,2.8,,
RP,Craig Kimbrel (43931305),Craig Kimbrel,43931305,P,4000,KC@TOR 08/25/2026 07:07PM ET,KC,2.5,,
RP,Fernando Cruz (43931306),Fernando Cruz,43931306,P,4000,HOU@NYY 08/25/2026 07:05PM ET,NYY,3.2,,
RP,Alex Lange (43931307),Alex Lange,43931307,P,4000,KC@TOR 08/25/2026 07:07PM ET,KC,2.3,,
RP,Gregory Soto (43931308),Gregory Soto,43931308,P,4000,PIT@SD 08/25/2026 09:40PM ET,PIT,3.6,,
RP,Franco Aleman (43931309),Franco Aleman,43931309,P,4000,CLE@LAA 08/25/2026 09:38PM ET,CLE,3,,
RP,Angel Chivilli (43931310),Angel Chivilli,43931310,P,4000,HOU@NYY 08/25/2026 07:05PM ET,NYY,3.1,IL,
RP,Max Lazar (43931311),Max Lazar,43931311,P,4000,PHI@SEA 08/25/2026 09:40PM ET,PHI,1.9,,
RP,Matt Gage (43931312),Matt Gage,43931312,P,4000,CIN@SF 08/25/2026 09:45PM ET,SF,1.8,IL,
RP,Logan VanWey (43931313),Logan VanWey,43931313,P,4000,HOU@NYY 08/25/2026 07:05PM ET,HOU,4.5,,
RP,Andrew Kittredge (43931314),Andrew Kittredge,43931314,P,4000,BAL@STL 08/25/2026 07:45PM ET,BAL,2.2,,
RP,Taylor Clarke (43931315),Taylor Clarke,43931315,P,4000,CHC@ARI 08/25/2026 09:40PM ET,ARI,2.3,,
RP,Alex Vesia (43931316),Alex Vesia,43931316,P,4000,LAD@ATL 08/25/2026 07:15PM ET,LAD,2.7,,
RP,Grant Holman (43931317),Grant Holman,43931317,P,4000,PHI@SEA 08/25/2026 09:40PM ET,PHI,0,,
RP,Steven Cruz (43931318),Steven Cruz,43931318,P,4000,KC@TOR 08/25/2026 07:07PM ET,KC,3.1,,
RP,Brock Stewart (43931319),Brock Stewart,43931319,P,4000,LAD@ATL 08/25/2026 07:15PM ET,LAD,3.6,,
RP,Evan Sisk (43931320),Evan Sisk,43931320,P,4000,PIT@SD 08/25/2026 09:40PM ET,PIT,3.6,,
RP,Trent Thornton (43931321),Trent Thornton,43931321,P,4000,CHC@ARI 08/25/2026 09:40PM ET,CHC,2.8,,
RP,Drey Jameson (43931322),Drey Jameson,43931322,P,4000,CHC@ARI 08/25/2026 09:40PM ET,ARI,2.5,,
RP,Bradley Hanner (43931323),Bradley Hanner,43931323,P,4000,HOU@NYY 08/25/2026 07:05PM ET,NYY,2.8,,
RP,Trent Harris (43931324),Trent Harris,43931324,P,4000,CIN@SF 08/25/2026 09:45PM ET,SF,3.3,,
RP,Jonathan Loaisiga (43931325),Jonathan Loaisiga,43931325,P,4000,CHC@ARI 08/25/2026 09:40PM ET,ARI,2.7,,
RP,Andrew Walters (43931326),Andrew Walters,43931326,P,4000,CLE@LAA 08/25/2026 09:38PM ET,CLE,0,,
RP,Porter Hodge (43931327),Porter Hodge,43931327,P,4000,CHC@ARI 08/25/2026 09:40PM ET,CHC,0,IL,
RP,Rolddy Munoz (43931328),Rolddy Munoz,43931328,P,4000,LAD@ATL 08/25/2026 07:15PM ET,ATL,0.9,,
RP,Alimber Santa (43931329),Alimber Santa,43931329,P,4000,HOU@NYY 08/25/2026 07:05PM ET,HOU,4,,
SP,Ricky Tiedemann (43931330),Ricky Tiedemann,43931330,P,4000,KC@TOR 08/25/2026 07:07PM ET,TOR,4.6,,
RP,Blake Weiman (43931331),Blake Weiman,43931331,P,4000,CLE@LAA 08/25/2026 09:38PM ET,LAA,3.3,,
RP,Troy Taylor (43931332),Troy Taylor,43931332,P,4000,PHI@SEA 08/25/2026 09:40PM ET,SEA,0,,
RP,Kody Funderburk (43931333),Kody Funderburk,43931333,P,4000,MIN@ATH 08/25/2026 09:40PM ET,MIN,2.4,,
RP,Ben Peoples (43931334),Ben Peoples,43931334,P,4000,TEX@CWS 08/25/2026 07:40PM ET,TEX,2.1,,
RP,Khristian Curtis (43931335),Khristian Curtis,43931335,P,4000,PIT@SD 08/25/2026 09:40PM ET,PIT,12.5,,
RP,Orion Kerkering (43931336),Orion Kerkering,43931336,P,4000,PHI@SEA 08/25/2026 09:40PM ET,PHI,3.2,,
SP,Noah Murdock (43931337),Noah Murdock,43931337,P,4000,PIT@SD 08/25/2026 09:40PM ET,PIT,5.6,,
RP,Anthony Nunez (43931338),Anthony Nunez,43931338,P,4000,BAL@STL 08/25/2026 07:45PM ET,BAL,2.9,,
RP,Sam Bachman (43931339),Sam Bachman,43931339,P,4000,CLE@LAA 08/25/2026 09:38PM ET,LAA,2.9,IL,
SP,Duncan Davitt (43931340),Duncan Davitt,43931340,P,4000,LAD@ATL 08/25/2026 07:15PM ET,ATL,1.4,,
RP,David Morgan (43931341),David Morgan,43931341,P,4000,PIT@SD 08/25/2026 09:40PM ET,SD,3.5,,
RP,Tyler Schweitzer (43931342),Tyler Schweitzer,43931342,P,4000,TEX@CWS 08/25/2026 07:40PM ET,CWS,3.9,,
RP,Reiver Sanmartin (43931343),Reiver Sanmartin,43931343,P,4000,CIN@SF 08/25/2026 09:45PM ET,SF,2,,
RP,Connor Seabold (43931344),Connor Seabold,43931344,P,4000,KC@TOR 08/25/2026 07:07PM ET,KC,2.1,IL,
RP,Paul Gervase (43931345),Paul Gervase,43931345,P,4000,LAD@ATL 08/25/2026 07:15PM ET,LAD,5.5,,
RP,Bennett Sousa (43931346),Bennett Sousa,43931346,P,4000,HOU@NYY 08/25/2026 07:05PM ET,HOU,2.3,,
RP,Carlos Estevez (43931347),Carlos Estevez,43931347,P,4000,KC@TOR 08/25/2026 07:07PM ET,KC,-14.9,IL,
RP,Brooks Kriske (43931348),Brooks Kriske,43931348,P,4000,MIN@ATH 08/25/2026 09:40PM ET,ATH,4.1,IL,
RP,Emiliano Teodo (43931349),Emiliano Teodo,43931349,P,4000,TEX@CWS 08/25/2026 07:40PM ET,TEX,-1.3,,
RP,Yimi Garcia (43931350),Yimi Garcia,43931350,P,4000,KC@TOR 08/25/2026 07:07PM ET,TOR,0,IL,
SP,Miguel Ullola (43931351),Miguel Ullola,43931351,P,4000,HOU@NYY 08/25/2026 07:05PM ET,HOU,5.6,,
RP,Tayler Saucedo (43931352),Tayler Saucedo,43931352,P,4000,CLE@LAA 08/25/2026 09:38PM ET,LAA,1.9,,
RP,A.J. Minter (43931353),A.J. Minter,43931353,P,4000,MIN@ATH 08/25/2026 09:40PM ET,MIN,2.9,,
RP,Colin Selby (43931354),Colin Selby,43931354,P,4000,BAL@STL 08/25/2026 07:45PM ET,BAL,0,IL,
RP,Luke Murphy (43931355),Luke Murphy,43931355,P,4000,CLE@LAA 08/25/2026 09:38PM ET,LAA,3,,
RP,Drew Rom (43931356),Drew Rom,43931356,P,4000,MIN@ATH 08/25/2026 09:40PM ET,ATH,2.7,,
RP,Jeremiah Estrada (43931357),Jeremiah Estrada,43931357,P,4000,PIT@SD 08/25/2026 09:40PM ET,SD,3.3,,
RP,Jose Cuas (43931358),Jose Cuas,43931358,P,4000,KC@TOR 08/25/2026 07:07PM ET,KC,3.2,,
RP,Rico Garcia (43931359),Rico Garcia,43931359,P,4000,BAL@STL 08/25/2026 07:45PM ET,BAL,3.1,,
RP,Brent Suter (43931360),Brent Suter,43931360,P,4000,LAD@ATL 08/25/2026 07:15PM ET,ATL,3.9,,
RP,Carter Baumler (43931361),Carter Baumler,43931361,P,4000,TEX@CWS 08/25/2026 07:40PM ET,TEX,3.5,IL,
RP,Paul Sewald (43931362),Paul Sewald,43931362,P,4000,KC@TOR 08/25/2026 07:07PM ET,TOR,2.4,,
RP,Anthony Molina (43931363),Anthony Molina,43931363,P,4000,CIN@SF 08/25/2026 09:45PM ET,SF,1.7,,
RP,Ben Joyce (43931364),Ben Joyce,43931364,P,4000,CLE@LAA 08/25/2026 09:38PM ET,LAA,4.3,,
RP,Daniel Palencia (43931365),Daniel Palencia,43931365,P,4000,CHC@ARI 08/25/2026 09:40PM ET,CHC,3.3,,
RP,Bradgley Rodriguez (43931366),Bradgley Rodriguez,43931366,P,4000,PIT@SD 08/25/2026 09:40PM ET,SD,3.8,,
RP,A.J. Puk (43931367),A.J. Puk,43931367,P,4000,CHC@ARI 08/25/2026 09:40PM ET,ARI,0,IL,
RP,Joe Mantiply (43931368),Joe Mantiply,43931368,P,4000,KC@TOR 08/25/2026 07:07PM ET,TOR,3.2,IL,
RP,Jason Adam (43931369),Jason Adam,43931369,P,4000,PIT@SD 08/25/2026 09:40PM ET,SD,2.3,IL,
RP,Ryan Walker (43931370),Ryan Walker,43931370,P,4000,CIN@SF 08/25/2026 09:45PM ET,SF,1.1,,
RP,Caleb Thielbar (43931371),Caleb Thielbar,43931371,P,4000,CHC@ARI 08/25/2026 09:40PM ET,CHC,2.5,,
RP,Hogan Harris (43931372),Hogan Harris,43931372,P,4000,MIN@ATH 08/25/2026 09:40PM ET,ATH,3.1,,
RP,Brooks Raley (43931373),Brooks Raley,43931373,P,4000,PHI@SEA 08/25/2026 09:40PM ET,PHI,3.2,,
RP,Luis Mey (43931374),Luis Mey,43931374,P,4000,CIN@SF 08/25/2026 09:45PM ET,CIN,5.1,,
RP,Julian Garcia (43931375),Julian Garcia,43931375,P,4000,CIN@SF 08/25/2026 09:45PM ET,CIN,4.5,,
RP,Robert Suarez (43931376),Robert Suarez,43931376,P,4000,LAD@ATL 08/25/2026 07:15PM ET,ATL,3.9,IL,
RP,Joel Kuhnel (43931377),Joel Kuhnel,43931377,P,4000,MIL@NYM 08/25/2026 07:10PM ET,MIL,1.6,IL,
RP,Shelby Miller (43931378),Shelby Miller,43931378,P,4000,CHC@ARI 08/25/2026 09:40PM ET,CHC,0,IL,
RP,Cam Sanders (43931379),Cam Sanders,43931379,P,4000,BAL@STL 08/25/2026 07:45PM ET,BAL,2.8,,
RP,Isaac Mattson (43931380),Isaac Mattson,43931380,P,4000,PIT@SD 08/25/2026 09:40PM ET,PIT,2,,
RP,Yerry de los Santos (43931381),Yerry de los Santos,43931381,P,4000,HOU@NYY 08/25/2026 07:05PM ET,NYY,4.3,,
RP,Jefry Yan (43931382),Jefry Yan,43931382,P,4000,MIL@NYM 08/25/2026 07:10PM ET,NYM,2.7,,
RP,Andres Munoz (43931383),Andres Munoz,43931383,P,4000,PHI@SEA 08/25/2026 09:40PM ET,SEA,3.9,,
RP,Andrew Hoffmann (43931384),Andrew Hoffmann,43931384,P,4000,PHI@SEA 08/25/2026 09:40PM ET,PHI,2.1,OUT,
RP,Brandyn Garcia (43931385),Brandyn Garcia,43931385,P,4000,CHC@ARI 08/25/2026 09:40PM ET,ARI,2.9,,
RP,Craig Yoho (43931386),Craig Yoho,43931386,P,4000,CLE@LAA 08/25/2026 09:38PM ET,CLE,3.2,,
RP,Josh Hader (43931387),Josh Hader,43931387,P,4000,HOU@NYY 08/25/2026 07:05PM ET,HOU,4.7,,
RP,Michael Rucker (43931388),Michael Rucker,43931388,P,4000,PHI@SEA 08/25/2026 09:40PM ET,SEA,2.7,,
RP,Louis Varland (43931389),Louis Varland,43931389,P,4000,KC@TOR 08/25/2026 07:07PM ET,TOR,4.6,,
RP,Matt Festa (43931390),Matt Festa,43931390,P,4000,CLE@LAA 08/25/2026 09:38PM ET,CLE,2.8,,
RP,Hunter Gaddis (43931391),Hunter Gaddis,43931391,P,4000,CLE@LAA 08/25/2026 09:38PM ET,CLE,2.3,,
RP,Jared Koenig (43931392),Jared Koenig,43931392,P,4000,MIL@NYM 08/25/2026 07:10PM ET,MIL,0.4,,
RP,Jose Alvarado (43931393),Jose Alvarado,43931393,P,4000,PHI@SEA 08/25/2026 09:40PM ET,PHI,2.3,,
RP,Andrew Saalfrank (43931394),Andrew Saalfrank,43931394,P,4000,CHC@ARI 08/25/2026 09:40PM ET,ARI,0,IL,
RP,Riley Martin (43931395),Riley Martin,43931395,P,4000,CHC@ARI 08/25/2026 09:40PM ET,CHC,3.8,IL,
RP,Tim Herrin (43931396),Tim Herrin,43931396,P,4000,CLE@LAA 08/25/2026 09:38PM ET,CLE,2.2,,
RP,Ryan Zeferjahn (43931397),Ryan Zeferjahn,43931397,P,4000,CHC@ARI 08/25/2026 09:40PM ET,CHC,4,,
RP,Juan Morillo (43931398),Juan Morillo,43931398,P,4000,CHC@ARI 08/25/2026 09:40PM ET,ARI,3.4,,
RP,Joel Peguero (43931399),Joel Peguero,43931399,P,4000,CIN@SF 08/25/2026 09:45PM ET,SF,1.8,IL,
RP,Dylan Lee (43931400),Dylan Lee,43931400,P,4000,LAD@ATL 08/25/2026 07:15PM ET,ATL,4,,
RP,Dan Altavilla (43931401),Dan Altavilla,43931401,P,4000,MIN@ATH 08/25/2026 09:40PM ET,MIN,0,,
RP,Tyler Ferguson (43931402),Tyler Ferguson,43931402,P,4000,CHC@ARI 08/25/2026 09:40PM ET,CHC,2.8,,
RP,Nick Mears (43931403),Nick Mears,43931403,P,4000,KC@TOR 08/25/2026 07:07PM ET,KC,2,IL,
RP,Luke Little (43931404),Luke Little,43931404,P,4000,KC@TOR 08/25/2026 07:07PM ET,KC,1.1,,
RP,Ryne Stanek (43931405),Ryne Stanek,43931405,P,4000,BAL@STL 08/25/2026 07:45PM ET,STL,2.3,,
RP,Eric Orze (43931406),Eric Orze,43931406,P,4000,MIN@ATH 08/25/2026 09:40PM ET,MIN,2.3,,
RP,Matt Svanson (43931407),Matt Svanson,43931407,P,4000,BAL@STL 08/25/2026 07:45PM ET,STL,1.7,,
RP,Nolan Hoffman (43931408),Nolan Hoffman,43931408,P,4000,KC@TOR 08/25/2026 07:07PM ET,KC,1.7,,
RP,Carlos Vargas (43931409),Carlos Vargas,43931409,P,4000,PHI@SEA 08/25/2026 09:40PM ET,SEA,3.7,,
RP,Josh Simpson (43931410),Josh Simpson,43931410,P,4000,PHI@SEA 08/25/2026 09:40PM ET,SEA,1.4,,
RP,Tim Hill (43931411),Tim Hill,43931411,P,4000,HOU@NYY 08/25/2026 07:05PM ET,NYY,1.5,,
RP,Brock Burke (43931412),Brock Burke,43931412,P,4000,CIN@SF 08/25/2026 09:45PM ET,CIN,3,,
RP,Tyler Rogers (43931413),Tyler Rogers,43931413,P,4000,KC@TOR 08/25/2026 07:07PM ET,TOR,2.3,,
RP,Camilo Doval (43931414),Camilo Doval,43931414,P,4000,PIT@SD 08/25/2026 09:40PM ET,PIT,2.6,,
RP,Adrian Morejon (43931415),Adrian Morejon,43931415,P,4000,PIT@SD 08/25/2026 09:40PM ET,SD,4.6,,
RP,Cade Smith (43931416),Cade Smith,43931416,P,4000,CLE@LAA 08/25/2026 09:38PM ET,CLE,4.2,,
RP,Samy Natera Jr. (43931417),Samy Natera Jr.,43931417,P,4000,CLE@LAA 08/25/2026 09:38PM ET,LAA,5.3,IL,
RP,Rob Zastryzny (43931418),Rob Zastryzny,43931418,P,4000,MIL@NYM 08/25/2026 07:10PM ET,MIL,0,IL,
RP,Hunter Stratton (43931419),Hunter Stratton,43931419,P,4000,PIT@SD 08/25/2026 09:40PM ET,SD,2,,
SS,Geraldo Perdomo (43930353),Geraldo Perdomo,43930353,SS,3900,CHC@ARI 08/25/2026 09:40PM ET,ARI,7.3,,
C,Jonah Heim (43930354),Jonah Heim,43930354,C,3900,MIN@ATH 08/25/2026 09:40PM ET,ATH,5.7,,
3B,Austin Riley (43930355),Austin Riley,43930355,3B,3900,LAD@ATL 08/25/2026 07:15PM ET,ATL,6.4,,
OF,Joshua Baez (43930356),Joshua Baez,43930356,OF,3900,BAL@STL 08/25/2026 07:45PM ET,STL,8.9,,
1B,Christian Walker (43930357),Christian Walker,43930357,1B,3900,HOU@NYY 08/25/2026 07:05PM ET,HOU,7.2,,
C,Luis Campusano (43930358),Luis Campusano,43930358,C,3900,PIT@SD 08/25/2026 09:40PM ET,SD,6.2,,
2B,Ildemaro Vargas (43930359),Ildemaro Vargas,43930359,2B,3900,CHC@ARI 08/25/2026 09:40PM ET,ARI,6.1,,
1B/OF,Spencer Steer (43930636),Spencer Steer,43930636,1B/OF,3900,CIN@SF 08/25/2026 09:45PM ET,CIN,6.8,IL,
C,Will Smith (43930638),Will Smith,43930638,C,3900,LAD@ATL 08/25/2026 07:15PM ET,LAD,6.2,IL,
3B,Bryson Stott (43930360),Bryson Stott,43930360,3B,3800,PHI@SEA 08/25/2026 09:40PM ET,PHI,7.4,,
1B/C,Gary Sanchez (43930361),Gary Sanchez,43930361,C/1B,3800,MIL@NYM 08/25/2026 07:10PM ET,MIL,5.9,,
2B,Jackson Holliday (43930363),Jackson Holliday,43930363,2B,3800,BAL@STL 08/25/2026 07:45PM ET,BAL,5.7,,
OF,Kyle Tucker (43930364),Kyle Tucker,43930364,OF,3800,LAD@ATL 08/25/2026 07:15PM ET,LAD,7,,
SS,Masyn Winn (43930365),Masyn Winn,43930365,SS,3800,BAL@STL 08/25/2026 07:45PM ET,STL,6.1,DTD,
3B/OF,Addison Barger (43930639),Addison Barger,43930639,3B/OF,3800,KC@TOR 08/25/2026 07:07PM ET,TOR,2.6,IL,
3B,Eugenio Suarez (43930366),Eugenio Suarez,43930366,3B,3700,CIN@SF 08/25/2026 09:45PM ET,CIN,6.3,,
1B/2B,Jeff McNeil (43930367),Jeff McNeil,43930367,1B/2B,3700,MIN@ATH 08/25/2026 09:40PM ET,ATH,5.4,,
OF,Brandon Nimmo (43930369),Brandon Nimmo,43930369,OF,3700,TEX@CWS 08/25/2026 07:40PM ET,TEX,6.9,,
OF,Carson Benge (43930370),Carson Benge,43930370,OF,3700,MIL@NYM 08/25/2026 07:10PM ET,NYM,7.8,,
OF,Taylor Ward (43930371),Taylor Ward,43930371,OF,3700,PHI@SEA 08/25/2026 09:40PM ET,SEA,6.7,,
OF,Garrett Mitchell (43930372),Garrett Mitchell,43930372,OF,3700,MIL@NYM 08/25/2026 07:10PM ET,MIL,6.8,DTD,
1B/C,Victor Caratini (43930373),Victor Caratini,43930373,C/1B,3700,MIN@ATH 08/25/2026 09:40PM ET,MIN,5.1,,
1B,Spencer Horwitz (43930375),Spencer Horwitz,43930375,1B,3700,PIT@SD 08/25/2026 09:40PM ET,PIT,6.5,,
OF/SS,Tyler Tolbert (43930376),Tyler Tolbert,43930376,SS/OF,3700,KC@TOR 08/25/2026 07:07PM ET,KC,5,,
OF,Mike Tauchman (43930641),Mike Tauchman,43930641,OF,3700,MIL@NYM 08/25/2026 07:10PM ET,NYM,0,,
2B,Michael Massey (43930378),Michael Massey,43930378,2B,3600,KC@TOR 08/25/2026 07:07PM ET,KC,5.8,,
OF,Heliot Ramos (43930379),Heliot Ramos,43930379,OF,3600,HOU@NYY 08/25/2026 07:05PM ET,NYY,6.4,,
1B,Alec Bohm (43930380),Alec Bohm,43930380,1B,3600,PHI@SEA 08/25/2026 09:40PM ET,PHI,6.6,,
OF,Jake Mangum (43930381),Jake Mangum,43930381,OF,3600,PIT@SD 08/25/2026 09:40PM ET,PIT,6.5,,
1B/3B,Andrew Vaughn (43930382),Andrew Vaughn,43930382,1B/3B,3600,MIL@NYM 08/25/2026 07:10PM ET,MIL,5.9,,
OF,Jung Hoo Lee (43930384),Jung Hoo Lee,43930384,OF,3600,CIN@SF 08/25/2026 09:45PM ET,SF,7,,
OF,Steven Kwan (43930385),Steven Kwan,43930385,OF,3600,CLE@LAA 08/25/2026 09:38PM ET,CLE,6.2,,
OF,Braden Montgomery (43930386),Braden Montgomery,43930386,OF,3600,TEX@CWS 08/25/2026 07:40PM ET,CWS,6.7,,
SS,Cooper Pratt (43930387),Cooper Pratt,43930387,SS,3600,MIL@NYM 08/25/2026 07:10PM ET,MIL,6.4,,
SS,Willy Adames (43930388),Willy Adames,43930388,SS,3600,CIN@SF 08/25/2026 09:45PM ET,SF,7,IL,
C,J.T. Realmuto (43930389),J.T. Realmuto,43930389,C,3600,PHI@SEA 08/25/2026 09:40PM ET,PHI,5.9,,
C,Dalton Rushing (43930642),Dalton Rushing,43930642,C,3600,LAD@ATL 08/25/2026 07:15PM ET,LAD,6.4,IL,
2B/3B,Jose Caballero (43930390),Jose Caballero,43930390,2B/3B,3500,HOU@NYY 08/25/2026 07:05PM ET,NYY,6.6,,
2B,Tommy Edman (43930392),Tommy Edman,43930392,2B,3500,LAD@ATL 08/25/2026 07:15PM ET,LAD,6.7,,
OF,Max Kepler (43930393),Max Kepler,43930393,OF,3500,CHC@ARI 08/25/2026 09:40PM ET,ARI,4.9,,
OF,A.J. Ewing (43930394),A.J. Ewing,43930394,OF,3500,MIL@NYM 08/25/2026 07:10PM ET,NYM,7,,
1B/3B,Kazuma Okamoto (43930395),Kazuma Okamoto,43930395,1B/3B,3500,KC@TOR 08/25/2026 07:07PM ET,TOR,7.3,,
C,Brian Serven (43930397),Brian Serven,43930397,C,3500,MIN@ATH 08/25/2026 09:40PM ET,ATH,6.1,,
C,Austin Hedges (43930398),Austin Hedges,43930398,C,3500,CLE@LAA 08/25/2026 09:38PM ET,CLE,4.7,,
SS,Xander Bogaerts (43930399),Xander Bogaerts,43930399,SS,3500,PIT@SD 08/25/2026 09:40PM ET,SD,6.3,,
SS,Kaelen Culpepper (43930400),Kaelen Culpepper,43930400,SS,3500,MIN@ATH 08/25/2026 09:40PM ET,MIN,6.8,,
2B,Chase Meidroth (43930401),Chase Meidroth,43930401,2B,3500,TEX@CWS 08/25/2026 07:40PM ET,CWS,6.9,,
C,Tyler Stephenson (43930402),Tyler Stephenson,43930402,C,3400,CIN@SF 08/25/2026 09:45PM ET,CIN,5.8,,
1B/3B,Vaughn Grissom (43930403),Vaughn Grissom,43930403,1B/3B,3400,CLE@LAA 08/25/2026 09:38PM ET,LAA,6.2,,
2B,Justin Foscue (43930405),Justin Foscue,43930405,2B,3400,TEX@CWS 08/25/2026 07:40PM ET,TEX,4.3,,
2B/3B,Nick Gonzales (43930406),Nick Gonzales,43930406,2B/3B,3400,PIT@SD 08/25/2026 09:40PM ET,PIT,7.2,,
1B,Paul Goldschmidt (43930408),Paul Goldschmidt,43930408,1B,3400,HOU@NYY 08/25/2026 07:05PM ET,NYY,6.5,,
C,Salvador Perez (43930409),Salvador Perez,43930409,C,3400,KC@TOR 08/25/2026 07:07PM ET,KC,6.1,,
OF,Dominic Canzone (43930410),Dominic Canzone,43930410,OF,3400,PHI@SEA 08/25/2026 09:40PM ET,SEA,6.4,,
OF,Carlos Cortes (43930411),Carlos Cortes,43930411,OF,3400,MIN@ATH 08/25/2026 09:40PM ET,ATH,4.9,,
OF,Lane Thomas (43930412),Lane Thomas,43930412,OF,3400,LAD@ATL 08/25/2026 07:15PM ET,ATL,5.5,,
1B,Bryce Eldridge (43930413),Bryce Eldridge,43930413,1B,3400,CIN@SF 08/25/2026 09:45PM ET,SF,7,OUT,
1B,Nathaniel Lowe (43930414),Nathaniel Lowe,43930414,1B,3400,CLE@LAA 08/25/2026 09:38PM ET,CLE,6.1,,
OF,Luis Rengifo (43930415),Luis Rengifo,43930415,OF,3400,PIT@SD 08/25/2026 09:40PM ET,SD,5.7,,
OF,Andrew Benintendi (43930416),Andrew Benintendi,43930416,OF,3400,TEX@CWS 08/25/2026 07:40PM ET,CWS,6,,
3B/SS,David Hamilton (43930417),David Hamilton,43930417,3B/SS,3400,MIL@NYM 08/25/2026 07:10PM ET,MIL,5.8,,
2B/SS,Matt McLain (43930419),Matt McLain,43930419,2B/SS,3400,CIN@SF 08/25/2026 09:45PM ET,CIN,6.1,,
1B,Rhys Hoskins (43930643),Rhys Hoskins,43930643,1B,3400,CLE@LAA 08/25/2026 09:38PM ET,CLE,5.3,IL,
C,Carson Kelly (43930421),Carson Kelly,43930421,C,3300,CHC@ARI 08/25/2026 09:40PM ET,CHC,5.9,,
SS,George Lombard Jr. (43930422),George Lombard Jr.,43930422,SS,3300,HOU@NYY 08/25/2026 07:05PM ET,NYY,6.9,,
3B/OF,Nick Loftin (43930423),Nick Loftin,43930423,3B/OF,3300,KC@TOR 08/25/2026 07:07PM ET,KC,5.7,,
OF,Bryan De La Cruz (43930425),Bryan De La Cruz,43930425,OF,3300,PHI@SEA 08/25/2026 09:40PM ET,PHI,5.5,,
OF,Dane Myers (43930426),Dane Myers,43930426,OF,3300,CIN@SF 08/25/2026 09:45PM ET,CIN,4.4,,
OF,Teoscar Hernandez (43930427),Teoscar Hernandez,43930427,OF,3300,LAD@ATL 08/25/2026 07:15PM ET,LAD,6.4,,
OF,Jose Siri (43930428),Jose Siri,43930428,OF,3300,CLE@LAA 08/25/2026 09:38PM ET,LAA,4.3,,
2B/SS,Donovan Walton (43930429),Donovan Walton,43930429,2B/SS,3300,MIN@ATH 08/25/2026 09:40PM ET,ATH,5.2,,
OF,Lars Nootbaar (43930431),Lars Nootbaar,43930431,OF,3300,CHC@ARI 08/25/2026 09:40PM ET,ARI,5.6,,
1B/3B,Coby Mayo (43930432),Coby Mayo,43930432,1B/3B,3300,BAL@STL 08/25/2026 07:45PM ET,BAL,5.9,,
OF/SS,Ryan Kreidler (43930434),Ryan Kreidler,43930434,SS/OF,3300,MIN@ATH 08/25/2026 09:40PM ET,MIN,4.4,,
1B,Joc Pederson (43930436),Joc Pederson,43930436,1B,3300,TEX@CWS 08/25/2026 07:40PM ET,TEX,6,,
1B,Nolan Schanuel (43930644),Nolan Schanuel,43930644,1B,3300,CLE@LAA 08/25/2026 09:38PM ET,LAA,6.5,IL,
C,Alejandro Kirk (43930437),Alejandro Kirk,43930437,C,3200,KC@TOR 08/25/2026 07:07PM ET,TOR,6.5,,
1B/3B,Tommy White (43930438),Tommy White,43930438,1B/3B,3200,MIN@ATH 08/25/2026 09:40PM ET,ATH,4.9,,
OF/SS,Mauricio Dubon (43930440),Mauricio Dubon,43930440,SS/OF,3200,LAD@ATL 08/25/2026 07:15PM ET,ATL,6.7,,
3B/OF,Jose Fermin (43930442),Jose Fermin,43930442,3B/OF,3200,BAL@STL 08/25/2026 07:45PM ET,STL,4.9,,
OF,Luis Robert Jr. (43930444),Luis Robert Jr.,43930444,OF,3200,MIL@NYM 08/25/2026 07:10PM ET,NYM,6.4,,
2B/SS,Ernie Clement (43930445),Ernie Clement,43930445,2B/SS,3200,KC@TOR 08/25/2026 07:07PM ET,TOR,6.3,,
OF,Luis Lara (43930447),Luis Lara,43930447,OF,3200,MIL@NYM 08/25/2026 07:10PM ET,MIL,5.6,,
OF,Daulton Varsho (43930448),Daulton Varsho,43930448,OF,3200,HOU@NYY 08/25/2026 07:05PM ET,HOU,5.7,,
OF,Michael Conforto (43930449),Michael Conforto,43930449,OF,3200,CHC@ARI 08/25/2026 09:40PM ET,CHC,5,,
1B/3B,Jose Fernandez (43930450),Jose Fernandez,43930450,1B/3B,3200,CHC@ARI 08/25/2026 09:40PM ET,ARI,5.4,,
OF,John Rave (43930452),John Rave,43930452,OF,3200,KC@TOR 08/25/2026 07:07PM ET,KC,5.4,,
1B/3B,Mark Vientos (43930645),Mark Vientos,43930645,1B/3B,3200,MIL@NYM 08/25/2026 07:10PM ET,NYM,5.4,IL,
OF,Austin Martin (43930647),Austin Martin,43930647,OF,3200,MIN@ATH 08/25/2026 09:40PM ET,MIN,5,IL,
2B/3B,Shay Whitcomb (43930648),Shay Whitcomb,43930648,2B/3B,3200,CIN@SF 08/25/2026 09:45PM ET,SF,2.2,,
SS,Konnor Griffin (43930650),Konnor Griffin,43930650,SS,3200,PIT@SD 08/25/2026 09:40PM ET,PIT,8.7,IL,
C,Kyle Teel (43930651),Kyle Teel,43930651,C,3200,TEX@CWS 08/25/2026 07:40PM ET,CWS,6,IL,
2B,Osleivis Basabe (43930453),Osleivis Basabe,43930453,2B,3100,CIN@SF 08/25/2026 09:45PM ET,SF,5,,
OF,Spencer Jones (43930454),Spencer Jones,43930454,OF,3100,HOU@NYY 08/25/2026 07:05PM ET,NYY,6,,
OF,Justin Crawford (43930455),Justin Crawford,43930455,OF,3100,PHI@SEA 08/25/2026 09:40PM ET,PHI,5.1,,
3B,Max Muncy (43930456),Max Muncy,43930456,3B,3100,MIN@ATH 08/25/2026 09:40PM ET,ATH,5.7,,
OF,Nathan Church (43930457),Nathan Church,43930457,OF,3100,BAL@STL 08/25/2026 07:45PM ET,STL,5.2,,
C,Francisco Alvarez (43930458),Francisco Alvarez,43930458,C,3100,MIL@NYM 08/25/2026 07:10PM ET,NYM,5.7,,
1B/OF,LaMonte Wade Jr. (43930459),LaMonte Wade Jr.,43930459,1B/OF,3100,HOU@NYY 08/25/2026 07:05PM ET,HOU,4.7,,
OF,Ryan Waldschmidt (43930461),Ryan Waldschmidt,43930461,OF,3100,CHC@ARI 08/25/2026 09:40PM ET,ARI,6,,
3B/SS,Angel Genao (43930462),Angel Genao,43930462,3B/SS,3100,CLE@LAA 08/25/2026 09:38PM ET,CLE,6.4,,
OF,Leody Taveras (43930464),Leody Taveras,43930464,OF,3100,BAL@STL 08/25/2026 07:45PM ET,BAL,5.7,,
OF,Brenton Doyle (43930465),Brenton Doyle,43930465,OF,3100,TEX@CWS 08/25/2026 07:40PM ET,CWS,4.2,,
1B/C,Alex Jackson (43930466),Alex Jackson,43930466,C/1B,3100,MIN@ATH 08/25/2026 09:40PM ET,MIN,3.9,,
SS,Andres Gimenez (43930468),Andres Gimenez,43930468,SS,3100,KC@TOR 08/25/2026 07:07PM ET,TOR,5.6,DTD,
2B,Jonathan India (43930652),Jonathan India,43930652,2B,3100,KC@TOR 08/25/2026 07:07PM ET,KC,5.4,IL,
3B,Ryan McMahon (43930653),Ryan McMahon,43930653,3B,3100,HOU@NYY 08/25/2026 07:05PM ET,NYY,4.4,IL,
OF,Wade Meckler (43930654),Wade Meckler,43930654,OF,3100,CLE@LAA 08/25/2026 09:38PM ET,LAA,5.6,IL,
C/OF,Jesus Rodriguez (43930655),Jesus Rodriguez,43930655,C/OF,3100,CIN@SF 08/25/2026 09:45PM ET,SF,4.7,IL,
1B,Kyle Manzardo (43930657),Kyle Manzardo,43930657,1B,3100,CLE@LAA 08/25/2026 09:38PM ET,CLE,5.5,,
1B/C,Rafael Flores Jr. (43930469),Rafael Flores Jr.,43930469,C/1B,3000,PIT@SD 08/25/2026 09:40PM ET,PIT,7.2,,
2B,Jake Cronenworth (43930471),Jake Cronenworth,43930471,2B,3000,PIT@SD 08/25/2026 09:40PM ET,SD,5.7,,
1B,Josh Naylor (43930472),Josh Naylor,43930472,1B,3000,PHI@SEA 08/25/2026 09:40PM ET,SEA,7.3,,
OF,Evan Carter (43930473),Evan Carter,43930473,OF,3000,TEX@CWS 08/25/2026 07:40PM ET,TEX,5.3,,
OF/SS,Edmundo Sosa (43930474),Edmundo Sosa,43930474,SS/OF,3000,PHI@SEA 08/25/2026 09:40PM ET,PHI,5.2,,
1B/OF,Dominic Smith (43930476),Dominic Smith,43930476,1B/OF,3000,LAD@ATL 08/25/2026 07:15PM ET,ATL,4.9,,
OF,Bryan Torres (43930478),Bryan Torres,43930478,OF,3000,BAL@STL 08/25/2026 07:45PM ET,STL,3.7,,
OF,Isaac Collins (43930479),Isaac Collins,43930479,OF,3000,KC@TOR 08/25/2026 07:07PM ET,KC,5.5,,
C,Yainer Diaz (43930480),Yainer Diaz,43930480,C,3000,HOU@NYY 08/25/2026 07:05PM ET,HOU,5.6,,
3B/SS,Joey Ortiz (43930481),Joey Ortiz,43930481,3B/SS,3000,MIL@NYM 08/25/2026 07:10PM ET,MIL,5.1,,
OF,Tyrone Taylor (43930483),Tyrone Taylor,43930483,OF,3000,CHC@ARI 08/25/2026 09:40PM ET,CHC,4.6,,
3B/OF,Kike Hernandez (43930484),Kike Hernandez,43930484,3B/OF,3000,LAD@ATL 08/25/2026 07:15PM ET,LAD,3.7,,
OF,Drew Gilbert (43930486),Drew Gilbert,43930486,OF,3000,CIN@SF 08/25/2026 09:45PM ET,SF,4.8,,
OF,Tyler O'Neill (43930487),Tyler O'Neill,43930487,OF,3000,BAL@STL 08/25/2026 07:45PM ET,BAL,4.8,,
OF,Randal Grichuk (43930488),Randal Grichuk,43930488,OF,3000,TEX@CWS 08/25/2026 07:40PM ET,CWS,4.7,,
2B,Cole Young (43930489),Cole Young,43930489,2B,3000,PHI@SEA 08/25/2026 09:40PM ET,SEA,6.5,,
OF,Blake Dunn (43930658),Blake Dunn,43930658,OF,3000,CIN@SF 08/25/2026 09:45PM ET,CIN,6.9,IL,
3B/SS,J.P. Crawford (43930659),J.P. Crawford,43930659,3B/SS,3000,PHI@SEA 08/25/2026 09:40PM ET,SEA,6.2,IL,
OF,Brandon Lockridge (43930661),Brandon Lockridge,43930661,OF,3000,MIL@NYM 08/25/2026 07:10PM ET,MIL,5,,
C,Daniel Susac (43930662),Daniel Susac,43930662,C,3000,CIN@SF 08/25/2026 09:45PM ET,SF,4.6,IL,
C,Adrian Del Castillo (43930663),Adrian Del Castillo,43930663,C,3000,CHC@ARI 08/25/2026 09:40PM ET,ARI,4.7,,
OF,Samad Taylor (43930664),Samad Taylor,43930664,OF,3000,PIT@SD 08/25/2026 09:40PM ET,SD,7.9,IL,
SS,Jacob Gonzalez (43930490),Jacob Gonzalez,43930490,SS,2900,PIT@SD 08/25/2026 09:40PM ET,PIT,4.8,,
3B,Amed Rosario (43930491),Amed Rosario,43930491,3B,2900,HOU@NYY 08/25/2026 07:05PM ET,NYY,4.6,,
1B,Tim Tawa (43930492),Tim Tawa,43930492,1B,2900,CHC@ARI 08/25/2026 09:40PM ET,ARI,5.6,,
1B/C,Moises Ballesteros (43930493),Moises Ballesteros,43930493,C/1B,2900,CLE@LAA 08/25/2026 09:38PM ET,LAA,4.5,,
2B/SS,Miguel Rojas (43930495),Miguel Rojas,43930495,2B/SS,2900,LAD@ATL 08/25/2026 07:15PM ET,LAD,3.6,,
OF,Jordan Lawlar (43930497),Jordan Lawlar,43930497,OF,2900,CHC@ARI 08/25/2026 09:40PM ET,ARI,7.2,,
2B,Michael Stefanic (43930498),Michael Stefanic,43930498,2B,2900,MIN@ATH 08/25/2026 09:40PM ET,ATH,4,,
OF,Daz Cameron (43930499),Daz Cameron,43930499,OF,2900,KC@TOR 08/25/2026 07:07PM ET,TOR,6.2,,
OF,Cam Smith (43930500),Cam Smith,43930500,OF,2900,HOU@NYY 08/25/2026 07:05PM ET,HOU,6,,
C,Miguel Amaya (43930501),Miguel Amaya,43930501,C,2900,CHC@ARI 08/25/2026 09:40PM ET,CHC,4.8,,
OF,Dylan Beavers (43930502),Dylan Beavers,43930502,OF,2900,BAL@STL 08/25/2026 07:45PM ET,BAL,5.4,,
OF,Luke Raley (43930665),Luke Raley,43930665,OF,2900,PHI@SEA 08/25/2026 09:40PM ET,SEA,5.1,IL,
OF,Akil Baddoo (43930666),Akil Baddoo,43930666,OF,2900,MIL@NYM 08/25/2026 07:10PM ET,MIL,0,,
OF,Everson Pereira (43930667),Everson Pereira,43930667,OF,2900,BAL@STL 08/25/2026 07:45PM ET,STL,4.9,IL,
2B/3B,Joshua Kuroda-Grauer (43930668),Joshua Kuroda-Grauer,43930668,2B/3B,2900,MIN@ATH 08/25/2026 09:40PM ET,ATH,7.8,IL,
SS,Anthony Volpe (43930670),Anthony Volpe,43930670,SS,2900,HOU@NYY 08/25/2026 07:05PM ET,NYY,5.5,,
OF,Lourdes Gurriel Jr. (43930671),Lourdes Gurriel Jr.,43930671,OF,2900,CHC@ARI 08/25/2026 09:40PM ET,ARI,5,IL,
2B,Hyeseong Kim (43930672),Hyeseong Kim,43930672,2B,2900,LAD@ATL 08/25/2026 07:15PM ET,LAD,4.9,,
2B/OF,Jeremiah Jackson (43930673),Jeremiah Jackson,43930673,2B/OF,2900,BAL@STL 08/25/2026 07:45PM ET,BAL,4.3,,
SS,Darell Hernaiz (43930503),Darell Hernaiz,43930503,SS,2800,MIN@ATH 08/25/2026 09:40PM ET,ATH,3.8,,
2B,Marcus Semien (43930504),Marcus Semien,43930504,2B,2800,MIL@NYM 08/25/2026 07:10PM ET,NYM,5.9,,
1B,Jared Young (43930505),Jared Young,43930505,1B,2800,MIL@NYM 08/25/2026 07:10PM ET,NYM,5.8,,
OF,Derek Hill (43930506),Derek Hill,43930506,OF,2800,PHI@SEA 08/25/2026 09:40PM ET,PHI,4.1,DTD,
C,Jhonny Pereda (43930507),Jhonny Pereda,43930507,C,2800,PHI@SEA 08/25/2026 09:40PM ET,SEA,4.4,,
3B,Denzer Guzman (43930508),Denzer Guzman,43930508,3B,2800,CLE@LAA 08/25/2026 09:38PM ET,LAA,5.1,,
OF,Jesus Sanchez (43930509),Jesus Sanchez,43930509,OF,2800,KC@TOR 08/25/2026 07:07PM ET,TOR,5.1,,
C,James McCann (43930510),James McCann,43930510,C,2800,CHC@ARI 08/25/2026 09:40PM ET,ARI,5.5,,
SS,Brayan Rocchio (43930511),Brayan Rocchio,43930511,SS,2800,CLE@LAA 08/25/2026 09:38PM ET,CLE,6.4,,
C,Yohel Pozo (43930512),Yohel Pozo,43930512,C,2800,BAL@STL 08/25/2026 07:45PM ET,BAL,2.3,,
OF,Alan Roden (43930513),Alan Roden,43930513,OF,2800,MIN@ATH 08/25/2026 09:40PM ET,MIN,3.9,,
OF,Tristan Peters (43930514),Tristan Peters,43930514,OF,2800,TEX@CWS 08/25/2026 07:40PM ET,CWS,5.7,,
OF,Max Schuemann (43930675),Max Schuemann,43930675,OF,2800,HOU@NYY 08/25/2026 07:05PM ET,NYY,3.9,,
OF,Noelvi Marte (43930676),Noelvi Marte,43930676,OF,2800,CIN@SF 08/25/2026 09:45PM ET,CIN,4.6,,
3B,Brendan Donovan (43930677),Brendan Donovan,43930677,3B,2800,PHI@SEA 08/25/2026 09:40PM ET,SEA,6.5,IL,
SS,Marcelo Mayer (43930678),Marcelo Mayer,43930678,SS,2800,CIN@SF 08/25/2026 09:45PM ET,SF,4.4,IL,
1B,Tyler Locklear (43930679),Tyler Locklear,43930679,1B,2800,CHC@ARI 08/25/2026 09:40PM ET,ARI,5.7,,
OF,Ronny Simon (43930680),Ronny Simon,43930680,OF,2800,PIT@SD 08/25/2026 09:40PM ET,PIT,5.6,,
3B/OF,Miguel Andujar (43930681),Miguel Andujar,43930681,3B/OF,2800,PIT@SD 08/25/2026 09:40PM ET,SD,5.4,IL,
C,Eric Haase (43930683),Eric Haase,43930683,C,2800,TEX@CWS 08/25/2026 07:40PM ET,CWS,4.1,,
2B/SS,Alika Williams (43930515),Alika Williams,43930515,2B/SS,2700,MIN@ATH 08/25/2026 09:40PM ET,ATH,3.4,,
1B/OF,Gavin Sheets (43930517),Gavin Sheets,43930517,1B/OF,2700,PIT@SD 08/25/2026 09:40PM ET,SD,5.6,,
C,Elias Diaz (43930519),Elias Diaz,43930519,C,2700,TEX@CWS 08/25/2026 07:40PM ET,TEX,4,,
OF,Hector Rodriguez (43930520),Hector Rodriguez,43930520,OF,2700,CIN@SF 08/25/2026 09:45PM ET,CIN,4,,
OF,Mike Yastrzemski (43930521),Mike Yastrzemski,43930521,OF,2700,LAD@ATL 08/25/2026 07:15PM ET,ATL,4.7,,
3B,Blaze Jordan (43930522),Blaze Jordan,43930522,3B,2700,BAL@STL 08/25/2026 07:45PM ET,STL,5.1,,
OF,Kyle Isbel (43930523),Kyle Isbel,43930523,OF,2700,KC@TOR 08/25/2026 07:07PM ET,KC,5.1,,
SS,Brock Rodden (43930524),Brock Rodden,43930524,SS,2700,PHI@SEA 08/25/2026 09:40PM ET,SEA,5.2,,
2B,Oswald Peraza (43930525),Oswald Peraza,43930525,2B,2700,CLE@LAA 08/25/2026 09:38PM ET,LAA,4.7,,
OF,Taylor Trammell (43930526),Taylor Trammell,43930526,OF,2700,HOU@NYY 08/25/2026 07:05PM ET,HOU,4.8,,
OF,Nathan Lukes (43930527),Nathan Lukes,43930527,OF,2700,KC@TOR 08/25/2026 07:07PM ET,TOR,5.1,,
OF,Victor Bericoto (43930528),Victor Bericoto,43930528,OF,2700,CIN@SF 08/25/2026 09:45PM ET,SF,4.3,IL,
OF,Austin Hays (43930529),Austin Hays,43930529,OF,2700,PIT@SD 08/25/2026 09:40PM ET,SD,5.1,,
C,Patrick Bailey (43930530),Patrick Bailey,43930530,C,2700,CLE@LAA 08/25/2026 09:38PM ET,CLE,4.2,,
2B/3B,Will Wilson (43930684),Will Wilson,43930684,2B/3B,2700,PHI@SEA 08/25/2026 09:40PM ET,SEA,9,IL,
OF,Sal Frelick (43930686),Sal Frelick,43930686,OF,2700,MIL@NYM 08/25/2026 07:10PM ET,MIL,5.2,IL,
OF,Yohendrick Pinango (43930687),Yohendrick Pinango,43930687,OF,2700,KC@TOR 08/25/2026 07:07PM ET,TOR,4.6,,
OF,Starling Marte (43930688),Starling Marte,43930688,OF,2700,KC@TOR 08/25/2026 07:07PM ET,KC,3.9,,
OF,Matt Wallner (43930689),Matt Wallner,43930689,OF,2700,MIN@ATH 08/25/2026 09:40PM ET,MIN,5.1,,
OF,Matt Shaw (43930690),Matt Shaw,43930690,OF,2700,CHC@ARI 08/25/2026 09:40PM ET,CHC,4.9,IL,
OF,Tommy Troy (43930691),Tommy Troy,43930691,OF,2700,CHC@ARI 08/25/2026 09:40PM ET,ARI,5.5,IL,
3B,Blaze Alexander (43930692),Blaze Alexander,43930692,3B,2700,BAL@STL 08/25/2026 07:45PM ET,BAL,5.8,IL,
1B/OF,Tyler Callihan (43930693),Tyler Callihan,43930693,1B/OF,2700,PIT@SD 08/25/2026 09:40PM ET,PIT,4.5,,
C,Joey Bart (43930695),Joey Bart,43930695,C,2700,TEX@CWS 08/25/2026 07:40PM ET,CWS,4.3,IL,
C,Andrew Knizner (43930531),Andrew Knizner,43930531,C,2600,CIN@SF 08/25/2026 09:45PM ET,SF,4,,
2B/OF,Brett Baty (43930532),Brett Baty,43930532,2B/OF,2600,MIL@NYM 08/25/2026 07:10PM ET,NYM,5.1,,
3B,Weston Wilson (43930534),Weston Wilson,43930534,3B,2600,PHI@SEA 08/25/2026 09:40PM ET,SEA,3.9,,
SS,Jim Jarvis (43930535),Jim Jarvis,43930535,SS,2600,LAD@ATL 08/25/2026 07:15PM ET,ATL,4,,
OF,Gustavo Campero (43930536),Gustavo Campero,43930536,OF,2600,CLE@LAA 08/25/2026 09:38PM ET,LAA,5,,
OF,Brett Bateman (43930537),Brett Bateman,43930537,OF,2600,KC@TOR 08/25/2026 07:07PM ET,TOR,7,,
3B/SS,Jared Triolo (43930538),Jared Triolo,43930538,3B/SS,2600,PIT@SD 08/25/2026 09:40PM ET,PIT,4.7,,
OF,TJ Friedl (43930540),TJ Friedl,43930540,OF,2600,CIN@SF 08/25/2026 09:45PM ET,CIN,3.8,,
C,Danny Jansen (43930541),Danny Jansen,43930541,C,2600,TEX@CWS 08/25/2026 07:40PM ET,TEX,4.2,,
C,Jimmy Crooks (43930542),Jimmy Crooks,43930542,C,2600,BAL@STL 08/25/2026 07:45PM ET,STL,3.6,,
C,Kyle Higashioka (43930696),Kyle Higashioka,43930696,C,2600,TEX@CWS 08/25/2026 07:40PM ET,TEX,4.9,IL,
3B,Yoan Moncada (43930697),Yoan Moncada,43930697,3B,2600,CLE@LAA 08/25/2026 09:38PM ET,LAA,4.2,IL,
OF,Brooks Baldwin (43930698),Brooks Baldwin,43930698,OF,2600,TEX@CWS 08/25/2026 07:40PM ET,CWS,0,IL,
OF,Victor Robles (43930543),Victor Robles,43930543,OF,2500,PHI@SEA 08/25/2026 09:40PM ET,SEA,4,,
OF,Josh Lowe (43930544),Josh Lowe,43930544,OF,2500,CLE@LAA 08/25/2026 09:38PM ET,LAA,4.6,,
C,Christian Vazquez (43930545),Christian Vazquez,43930545,C,2500,HOU@NYY 08/25/2026 07:05PM ET,HOU,4.4,,
OF,Brewer Hicklen (43930546),Brewer Hicklen,43930546,OF,2500,LAD@ATL 08/25/2026 07:15PM ET,ATL,6.6,,
C,Brandon Valenzuela (43930547),Brandon Valenzuela,43930547,C,2500,KC@TOR 08/25/2026 07:07PM ET,TOR,4.7,,
OF,Alex Call (43930548),Alex Call,43930548,OF,2500,LAD@ATL 08/25/2026 07:15PM ET,LAD,3.6,,
OF,Jonah Cox (43930549),Jonah Cox,43930549,OF,2500,CIN@SF 08/25/2026 09:45PM ET,SF,3.4,,
C,Luis Torrens (43930550),Luis Torrens,43930550,C,2500,MIL@NYM 08/25/2026 07:10PM ET,NYM,5.2,,
OF,Colton Cowser (43930551),Colton Cowser,43930551,OF,2500,BAL@STL 08/25/2026 07:45PM ET,BAL,4.5,,
3B/SS,Sung-Mun Song (43930552),Sung-Mun Song,43930552,3B/SS,2500,PIT@SD 08/25/2026 09:40PM ET,SD,4,,
3B,Ramon Urias (43930554),Ramon Urias,43930554,3B,2500,BAL@STL 08/25/2026 07:45PM ET,STL,3.8,,
SS,Colt Emerson (43930699),Colt Emerson,43930699,SS,2500,PHI@SEA 08/25/2026 09:40PM ET,SEA,5,IL,
OF,Tyler Black (43930700),Tyler Black,43930700,OF,2500,MIL@NYM 08/25/2026 07:10PM ET,MIL,6.1,,
OF,Gabriel Gonzalez (43930701),Gabriel Gonzalez,43930701,OF,2500,MIN@ATH 08/25/2026 09:40PM ET,MIN,9,,
OF,Anthony Santander (43930702),Anthony Santander,43930702,OF,2500,KC@TOR 08/25/2026 07:07PM ET,TOR,0,IL,
OF,Jake Meyers (43930703),Jake Meyers,43930703,OF,2500,HOU@NYY 08/25/2026 07:05PM ET,HOU,3.7,,
OF,Grant McCray (43930704),Grant McCray,43930704,OF,2500,CIN@SF 08/25/2026 09:45PM ET,SF,3.1,,
C,Jose Trevino (43930555),Jose Trevino,43930555,C,2400,CIN@SF 08/25/2026 09:45PM ET,CIN,4,,
C,Jake Rogers (43930556),Jake Rogers,43930556,C,2400,TEX@CWS 08/25/2026 07:40PM ET,CWS,4.1,,
2B/SS,Nicky Lopez (43930557),Nicky Lopez,43930557,2B/SS,2400,TEX@CWS 08/25/2026 07:40PM ET,TEX,4.1,,
OF,David Fry (43930559),David Fry,43930559,OF,2400,CLE@LAA 08/25/2026 09:38PM ET,CLE,3.3,,
OF,Turner Hill (43930560),Turner Hill,43930560,OF,2400,CIN@SF 08/25/2026 09:45PM ET,SF,5.3,,
OF,Myles Straw (43930561),Myles Straw,43930561,OF,2400,KC@TOR 08/25/2026 07:07PM ET,TOR,3.3,,
2B/3B,Gabriel Arias (43930562),Gabriel Arias,43930562,2B/3B,2400,CHC@ARI 08/25/2026 09:40PM ET,CHC,5,,
OF,Alek Thomas (43930564),Alek Thomas,43930564,OF,2400,LAD@ATL 08/25/2026 07:15PM ET,LAD,5.6,,
1B/3B,Patrick Wisdom (43930565),Patrick Wisdom,43930565,1B/3B,2400,PHI@SEA 08/25/2026 09:40PM ET,SEA,2.8,,
C,Henry Davis (43930567),Henry Davis,43930567,C,2400,PIT@SD 08/25/2026 09:40PM ET,PIT,4.4,,
OF,Jase Bowen (43930568),Jase Bowen,43930568,OF,2400,PIT@SD 08/25/2026 09:40PM ET,SD,2.3,,
OF,Ivan Johnson (43930569),Ivan Johnson,43930569,OF,2400,CIN@SF 08/25/2026 09:45PM ET,CIN,1.5,,
3B,Nolan Gorman (43930705),Nolan Gorman,43930705,3B,2400,BAL@STL 08/25/2026 07:45PM ET,STL,5.1,,
3B,Nacho Alvarez Jr. (43930706),Nacho Alvarez Jr.,43930706,3B,2400,CLE@LAA 08/25/2026 09:38PM ET,LAA,0,IL,
OF,Joey Loperfido (43930707),Joey Loperfido,43930707,OF,2400,HOU@NYY 08/25/2026 07:05PM ET,HOU,4.4,,
1B/OF,CJ Kayfus (43930708),CJ Kayfus,43930708,1B/OF,2400,CLE@LAA 08/25/2026 09:38PM ET,CLE,4.3,IL,
C,Austin Wells (43930570),Austin Wells,43930570,C,2300,HOU@NYY 08/25/2026 07:05PM ET,NYY,4,,
2B/3B,Cody Freeman (43930571),Cody Freeman,43930571,2B/3B,2300,TEX@CWS 08/25/2026 07:40PM ET,TEX,3.7,,
C,Bo Naylor (43930573),Bo Naylor,43930573,C,2300,MIL@NYM 08/25/2026 07:10PM ET,MIL,3.1,,
2B,Adam Frazier (43930574),Adam Frazier,43930574,2B,2300,CLE@LAA 08/25/2026 09:38PM ET,LAA,3.6,,
OF,Jorge Barrosa (43930575),Jorge Barrosa,43930575,OF,2300,CHC@ARI 08/25/2026 09:40PM ET,ARI,2.5,,
OF,Christian Franklin (43930576),Christian Franklin,43930576,OF,2300,BAL@STL 08/25/2026 07:45PM ET,BAL,3.1,,
3B/OF,Nick Yorke (43930577),Nick Yorke,43930577,3B/OF,2300,PIT@SD 08/25/2026 09:40PM ET,PIT,4.1,,
SS,Luisangel Acuna (43930579),Luisangel Acuna,43930579,SS,2300,TEX@CWS 08/25/2026 07:40PM ET,CWS,3.5,,
C,Pedro Pages (43930580),Pedro Pages,43930580,C,2300,BAL@STL 08/25/2026 07:45PM ET,STL,3.2,,
C,Logan O'Hoppe (43930581),Logan O'Hoppe,43930581,C,2300,TEX@CWS 08/25/2026 07:40PM ET,TEX,4.2,,
3B,Josh Rojas (43930710),Josh Rojas,43930710,3B,2300,KC@TOR 08/25/2026 07:07PM ET,KC,3.4,,
OF,Kahlil Watson (43930711),Kahlil Watson,43930711,OF,2300,CLE@LAA 08/25/2026 09:38PM ET,CLE,6.2,,
3B,Ke'Bryan Hayes (43930582),Ke'Bryan Hayes,43930582,3B,2200,CIN@SF 08/25/2026 09:45PM ET,CIN,2.8,,
C,Luke Maile (43930583),Luke Maile,43930583,C,2200,KC@TOR 08/25/2026 07:07PM ET,KC,4,,
OF,Petey Halpin (43930584),Petey Halpin,43930584,OF,2200,CLE@LAA 08/25/2026 09:38PM ET,CLE,4.1,,
C,Drew Cavanaugh (43930585),Drew Cavanaugh,43930585,C,2200,CIN@SF 08/25/2026 09:45PM ET,SF,3.2,,
1B,Christopher Morel (43930586),Christopher Morel,43930586,1B,2200,MIL@NYM 08/25/2026 07:10PM ET,NYM,2.8,,
C,Tyler Heineman (43930587),Tyler Heineman,43930587,C,2200,CLE@LAA 08/25/2026 09:38PM ET,LAA,2.5,,
2B/3B,Charles McAdoo (43930588),Charles McAdoo,43930588,2B/3B,2200,KC@TOR 08/25/2026 07:07PM ET,TOR,5.6,,
2B/SS,Nick Allen (43930590),Nick Allen,43930590,2B/SS,2200,HOU@NYY 08/25/2026 07:05PM ET,HOU,3,,
OF,Kevin Alcantara (43930592),Kevin Alcantara,43930592,OF,2200,CHC@ARI 08/25/2026 09:40PM ET,CHC,2.2,,
C,Hunter Feduccia (43930593),Hunter Feduccia,43930593,C,2200,LAD@ATL 08/25/2026 07:15PM ET,LAD,3.6,,
C,Freddy Fermin (43930594),Freddy Fermin,43930594,C,2200,PIT@SD 08/25/2026 09:40PM ET,SD,3.5,,
OF,Jhostynxon Garcia (43930712),Jhostynxon Garcia,43930712,OF,2200,PIT@SD 08/25/2026 09:40PM ET,PIT,1.9,IL,
3B/SS,Leo Rivas (43930595),Leo Rivas,43930595,3B/SS,2100,PHI@SEA 08/25/2026 09:40PM ET,SEA,3.1,,
C,Ben Rortvedt (43930597),Ben Rortvedt,43930597,C,2100,LAD@ATL 08/25/2026 07:15PM ET,LAD,1,,
C,Sean Murphy (43930598),Sean Murphy,43930598,C,2100,LAD@ATL 08/25/2026 07:15PM ET,ATL,2,,
C,Ali Sanchez (43930599),Ali Sanchez,43930599,C,2100,HOU@NYY 08/25/2026 07:05PM ET,NYY,2.4,,
C,Travis d'Arnaud (43930600),Travis d'Arnaud,43930600,C,2100,CLE@LAA 08/25/2026 09:38PM ET,LAA,2.8,,
3B/SS,Christian Koss (43930601),Christian Koss,43930601,3B/SS,2100,CIN@SF 08/25/2026 09:45PM ET,SF,3,,
1B,Eric Wagaman (43930603),Eric Wagaman,43930603,1B,2100,MIL@NYM 08/25/2026 07:10PM ET,NYM,2.8,,
OF,Billy Cook (43930604),Billy Cook,43930604,OF,2100,PIT@SD 08/25/2026 09:40PM ET,PIT,1.2,,
2B/OF,Christian Moore (43930605),Christian Moore,43930605,2B/OF,2100,CLE@LAA 08/25/2026 09:38PM ET,LAA,2.3,,
C,Carlos Narvaez (43930607),Carlos Narvaez,43930607,C,2000,BAL@STL 08/25/2026 07:45PM ET,BAL,3.1,,
C,Drew Romo (43930608),Drew Romo,43930608,C,2000,TEX@CWS 08/25/2026 07:40PM ET,CWS,4.3,,
3B,Buddy Kennedy (43930609),Buddy Kennedy,43930609,3B,2000,CIN@SF 08/25/2026 09:45PM ET,SF,1.7,,
2B,Jonathan Ornelas (43930610),Jonathan Ornelas,43930610,2B,2000,MIL@NYM 08/25/2026 07:10PM ET,MIL,2,,
SS,Ha-Seong Kim (43930611),Ha-Seong Kim,43930611,SS,2000,LAD@ATL 08/25/2026 07:15PM ET,ATL,1.8,,
C,Garrett Stubbs (43930612),Garrett Stubbs,43930612,C,2000,PHI@SEA 08/25/2026 09:40PM ET,PHI,1.8,,
OF,Matthew Lugo (43930613),Matthew Lugo,43930613,OF,2000,KC@TOR 08/25/2026 07:07PM ET,KC,0,,
C,Will Banfield (43930614),Will Banfield,43930614,C,2000,CIN@SF 08/25/2026 09:45PM ET,CIN,0,,
2B/3B,Raynel Delgado (43930615),Raynel Delgado,43930615,2B/3B,2000,HOU@NYY 08/25/2026 07:05PM ET,HOU,3.1,,
OF,Cristian Pache (43930617),Cristian Pache,43930617,OF,2000,MIL@NYM 08/25/2026 07:10PM ET,NYM,0.3,,
C,J.C. Escarra (43930713),J.C. Escarra,43930713,C,2000,HOU@NYY 08/25/2026 07:05PM ET,NYY,3.3,,
OF,Michael Helman (43930714),Michael Helman,43930714,OF,2000,TEX@CWS 08/25/2026 07:40PM ET,TEX,2.5,IL,
OF,Alejandro Osuna (43930715),Alejandro Osuna,43930715,OF,2000,TEX@CWS 08/25/2026 07:40PM ET,TEX,4.5,,
SS,Tristan Gray (43930716),Tristan Gray,43930716,SS,2000,MIN@ATH 08/25/2026 09:40PM ET,MIN,4.2,,
1B/OF,Michael Toglia (43930717),Michael Toglia,43930717,1B/OF,2000,CIN@SF 08/25/2026 09:45PM ET,CIN,2.3,IL,
OF,Sam Haggerty (43930719),Sam Haggerty,43930719,OF,2000,CIN@SF 08/25/2026 09:45PM ET,CIN,1.3,,
2B,Edwin Arroyo (43930720),Edwin Arroyo,43930720,2B,2000,CIN@SF 08/25/2026 09:45PM ET,CIN,3.7,,
2B,Juan Brito (43930721),Juan Brito,43930721,2B,2000,CIN@SF 08/25/2026 09:45PM ET,CIN,4.3,,
OF,Adolis Garcia (43930722),Adolis Garcia,43930722,OF,2000,PHI@SEA 08/25/2026 09:40PM ET,PHI,5.2,IL,
OF,Johan Rojas (43930723),Johan Rojas,43930723,OF,2000,PHI@SEA 08/25/2026 09:40PM ET,PHI,0,IL,
1B/OF,Felix Reyes (43930724),Felix Reyes,43930724,1B/OF,2000,PHI@SEA 08/25/2026 09:40PM ET,PHI,2.9,IL,
2B/3B,Jorge Polanco (43930726),Jorge Polanco,43930726,2B/3B,2000,MIL@NYM 08/25/2026 07:10PM ET,NYM,3.5,IL,
2B,Ryan Bliss (43930728),Ryan Bliss,43930728,2B,2000,PHI@SEA 08/25/2026 09:40PM ET,SEA,2.3,,
OF,Rob Refsnyder (43930729),Rob Refsnyder,43930729,OF,2000,PHI@SEA 08/25/2026 09:40PM ET,SEA,2.6,,
C,Willie MacIver (43930730),Willie MacIver,43930730,C,2000,PHI@SEA 08/25/2026 09:40PM ET,SEA,0,,
SS,Ronny Mauricio (43930731),Ronny Mauricio,43930731,SS,2000,MIL@NYM 08/25/2026 07:10PM ET,NYM,2.8,,
C,Eliezer Alfonzo (43930732),Eliezer Alfonzo,43930732,C,2000,LAD@ATL 08/25/2026 07:15PM ET,LAD,2.8,,
2B/3B,Josh Smith (43930733),Josh Smith,43930733,2B/3B,2000,KC@TOR 08/25/2026 07:07PM ET,TOR,4.3,IL,
2B/OF,Davis Schneider (43930735),Davis Schneider,43930735,2B/OF,2000,KC@TOR 08/25/2026 07:07PM ET,TOR,3.2,,
C,Jeferson Quero (43930737),Jeferson Quero,43930737,C,2000,MIL@NYM 08/25/2026 07:10PM ET,MIL,2,,
OF,Victor Scott II (43930738),Victor Scott II,43930738,OF,2000,BAL@STL 08/25/2026 07:45PM ET,STL,4.1,,
2B/OF,Thomas Saggese (43930739),Thomas Saggese,43930739,2B/OF,2000,BAL@STL 08/25/2026 07:45PM ET,STL,3.2,,
3B,Cesar Prieto (43930741),Cesar Prieto,43930741,3B,2000,BAL@STL 08/25/2026 07:45PM ET,STL,0.4,,
2B,Luis Urias (43930742),Luis Urias,43930742,2B,2000,KC@TOR 08/25/2026 07:07PM ET,TOR,4,IL,
OF,Tyler Soderstrom (43930743),Tyler Soderstrom,43930743,OF,2000,MIN@ATH 08/25/2026 09:40PM ET,ATH,7.7,IL,
OF,Brent Rooker (43930744),Brent Rooker,43930744,OF,2000,MIN@ATH 08/25/2026 09:40PM ET,ATH,7,IL,
OF,Johnathan Rodriguez (43930745),Johnathan Rodriguez,43930745,OF,2000,MIN@ATH 08/25/2026 09:40PM ET,ATH,2.6,,
1B,Ryan Mountcastle (43930746),Ryan Mountcastle,43930746,1B,2000,BAL@STL 08/25/2026 07:45PM ET,BAL,2.3,IL,
2B/3B,Anthony Rendon (43930747),Anthony Rendon,43930747,2B/3B,2000,CLE@LAA 08/25/2026 09:38PM ET,LAA,0,IL,
1B/OF,Tyler Austin (43930749),Tyler Austin,43930749,1B/OF,2000,CHC@ARI 08/25/2026 09:40PM ET,CHC,0,IL,
OF,Ben Gamel (43930751),Ben Gamel,43930751,OF,2000,LAD@ATL 08/25/2026 07:15PM ET,ATL,0,,
C,Shawn Ross (43930752),Shawn Ross,43930752,C,2000,MIL@NYM 08/25/2026 07:10PM ET,NYM,8,,
C,Leo Bernal (43930753),Leo Bernal,43930753,C,2000,BAL@STL 08/25/2026 07:45PM ET,STL,0,,
OF,Brennen Davis (43930754),Brennen Davis,43930754,OF,2000,PHI@SEA 08/25/2026 09:40PM ET,SEA,0,IL,
SS,Christian Cairo (43930755),Christian Cairo,43930755,SS,2000,PHI@SEA 08/25/2026 09:40PM ET,PHI,0,,
1B/3B,Juan Yepez (43930756),Juan Yepez,43930756,1B/3B,2000,KC@TOR 08/25/2026 07:07PM ET,TOR,0,,
OF,Emmanuel Rodriguez (43930758),Emmanuel Rodriguez,43930758,OF,2000,MIN@ATH 08/25/2026 09:40PM ET,MIN,0,,
2B/3B,Christian Arroyo (43930759),Christian Arroyo,43930759,2B/3B,2000,MIL@NYM 08/25/2026 07:10PM ET,NYM,0,,
C,Zach Morgan (43930761),Zach Morgan,43930761,C,2000,CIN@SF 08/25/2026 09:45PM ET,SF,0,,
OF,Hendry Mendez (43930762),Hendry Mendez,43930762,OF,2000,MIN@ATH 08/25/2026 09:40PM ET,MIN,0,,
SS,Leo Balcazar (43930763),Leo Balcazar,43930763,SS,2000,CIN@SF 08/25/2026 09:45PM ET,CIN,0,,
OF,Reed Trimble (43930764),Reed Trimble,43930764,OF,2000,BAL@STL 08/25/2026 07:45PM ET,BAL,0,IL,
OF,Jurickson Profar (43930765),Jurickson Profar,43930765,OF,2000,LAD@ATL 08/25/2026 07:15PM ET,ATL,0,OUT,
SS,Carlos Correa (43930766),Carlos Correa,43930766,SS,2000,HOU@NYY 08/25/2026 07:05PM ET,HOU,8,IL,
OF,Harrison Bader (43930767),Harrison Bader,43930767,OF,2000,CIN@SF 08/25/2026 09:45PM ET,SF,5.2,IL,
3B,Matt Chapman (43930768),Matt Chapman,43930768,3B,2000,CIN@SF 08/25/2026 09:45PM ET,SF,6.4,IL,
OF,Ramon Laureano (43930769),Ramon Laureano,43930769,OF,2000,PIT@SD 08/25/2026 09:40PM ET,SD,6.6,IL,
OF,Ryan Ward (43930770),Ryan Ward,43930770,OF,2000,LAD@ATL 08/25/2026 07:15PM ET,LAD,5.8,,
2B/OF,Tyler Fitzgerald (43930771),Tyler Fitzgerald,43930771,2B/OF,2000,LAD@ATL 08/25/2026 07:15PM ET,LAD,0,,
OF,Colby Thomas (43930773),Colby Thomas,43930773,OF,2000,PHI@SEA 08/25/2026 09:40PM ET,PHI,2.9,,
OF,Robert Hassell III (43930774),Robert Hassell III,43930774,OF,2000,PIT@SD 08/25/2026 09:40PM ET,PIT,0,IL,
OF,Heston Kjerstad (43930775),Heston Kjerstad,43930775,OF,2000,BAL@STL 08/25/2026 07:45PM ET,BAL,0,,
1B/3B,Sean Keys (43930776),Sean Keys,43930776,1B/3B,2000,KC@TOR 08/25/2026 07:07PM ET,TOR,4.1,,
OF,Kyren Paris (43930778),Kyren Paris,43930778,OF,2000,CLE@LAA 08/25/2026 09:38PM ET,LAA,0,,
1B,LuJames Groover (43930779),LuJames Groover,43930779,1B,2000,CHC@ARI 08/25/2026 09:40PM ET,ARI,4.2,,
OF,Jonatan Clase (43930780),Jonatan Clase,43930780,OF,2000,KC@TOR 08/25/2026 07:07PM ET,TOR,6.4,IL,
OF,Cooper Ingle (43930781),Cooper Ingle,43930781,OF,2000,CLE@LAA 08/25/2026 09:38PM ET,CLE,2.6,,
OF,Zach Cole (43930782),Zach Cole,43930782,OF,2000,HOU@NYY 08/25/2026 07:05PM ET,HOU,3.9,,
OF,Zach Dezenzo (43930783),Zach Dezenzo,43930783,OF,2000,HOU@NYY 08/25/2026 07:05PM ET,HOU,3.1,,
2B/3B,Gage Workman (43930784),Gage Workman,43930784,2B/3B,2000,PIT@SD 08/25/2026 09:40PM ET,SD,3.6,,
3B/OF,Daniel Schneemann (43930786),Daniel Schneemann,43930786,3B/OF,2000,CLE@LAA 08/25/2026 09:38PM ET,CLE,4.9,,
OF,Kameron Misner (43930788),Kameron Misner,43930788,OF,2000,PHI@SEA 08/25/2026 09:40PM ET,PHI,3.3,,
2B,Alex Freeland (43930789),Alex Freeland,43930789,2B,2000,LAD@ATL 08/25/2026 07:15PM ET,LAD,4.4,,
OF,Gabriel Rincones Jr. (43930790),Gabriel Rincones Jr.,43930790,OF,2000,PHI@SEA 08/25/2026 09:40PM ET,PHI,3.6,,
2B/OF,Cam Cauley (43930791),Cam Cauley,43930791,2B/OF,2000,TEX@CWS 08/25/2026 07:40PM ET,TEX,3.1,,
OF,Brice Matthews (43930793),Brice Matthews,43930793,OF,2000,HOU@NYY 08/25/2026 07:05PM ET,HOU,4,IL,
C,Sebastian Rivero (43930794),Sebastian Rivero,43930794,C,2000,CLE@LAA 08/25/2026 09:38PM ET,LAA,3.1,IL,
C,Rafael Marchan (43930795),Rafael Marchan,43930795,C,2000,PHI@SEA 08/25/2026 09:40PM ET,PHI,2.2,IL,
OF,Lucas Spence (43930796),Lucas Spence,43930796,OF,2000,HOU@NYY 08/25/2026 07:05PM ET,HOU,3,,
C,Collin Price (43930797),Collin Price,43930797,C,2000,HOU@NYY 08/25/2026 07:05PM ET,HOU,1.7,,
OF,Kyler Fedko (43930798),Kyler Fedko,43930798,OF,2000,MIN@ATH 08/25/2026 09:40PM ET,MIN,0.6,IL,
OF,Nick Morabito (43930799),Nick Morabito,43930799,OF,2000,MIL@NYM 08/25/2026 07:10PM ET,NYM,0.4,,
OF,Bryce Teodosio (43930800),Bryce Teodosio,43930800,OF,2000,CLE@LAA 08/25/2026 09:38PM ET,LAA,2.2,,
C,Logan Porter (43930801),Logan Porter,43930801,C,2000,CLE@LAA 08/25/2026 09:38PM ET,LAA,4.3,,
2B/SS,Mason McCoy (43930802),Mason McCoy,43930802,2B/SS,2000,PIT@SD 08/25/2026 09:40PM ET,SD,0,,
C,Edgar Quero (43930804),Edgar Quero,43930804,C,2000,TEX@CWS 08/25/2026 07:40PM ET,CWS,3.8,,
1B/OF,Connor Joe (43930805),Connor Joe,43930805,1B/OF,2000,PHI@SEA 08/25/2026 09:40PM ET,SEA,3,,
3B,Oswaldo Cabrera (43930807),Oswaldo Cabrera,43930807,3B,2000,HOU@NYY 08/25/2026 07:05PM ET,NYY,0,,
OF,Rece Hinds (43930808),Rece Hinds,43930808,OF,2000,BAL@STL 08/25/2026 07:45PM ET,BAL,2.8,,
OF,Denzel Clarke (43930809),Denzel Clarke,43930809,OF,2000,MIN@ATH 08/25/2026 09:40PM ET,ATH,3,IL,
OF,Blake Perkins (43930810),Blake Perkins,43930810,OF,2000,CLE@LAA 08/25/2026 09:38PM ET,CLE,2.7,,
OF,DaShawn Keirsey Jr. (43930811),DaShawn Keirsey Jr.,43930811,OF,2000,LAD@ATL 08/25/2026 07:15PM ET,ATL,0,,
2B,Will Wagner (43930812),Will Wagner,43930812,2B,2000,PIT@SD 08/25/2026 09:40PM ET,SD,3.7,,
C,Hayden Senger (43930813),Hayden Senger,43930813,C,2000,MIL@NYM 08/25/2026 07:10PM ET,NYM,3,,
OF,Junior Perez (43930814),Junior Perez,43930814,OF,2000,TEX@CWS 08/25/2026 07:40PM ET,CWS,2.9,,
OF,Rikuu Nishida (43930815),Rikuu Nishida,43930815,OF,2000,TEX@CWS 08/25/2026 07:40PM ET,CWS,2.6,,
3B/OF,Tanner Murray (43930816),Tanner Murray,43930816,3B/OF,2000,TEX@CWS 08/25/2026 07:40PM ET,CWS,3.2,IL,
2B,Nate Furman (43930818),Nate Furman,43930818,2B,2000,CIN@SF 08/25/2026 09:45PM ET,SF,0.7,,
SS,Jack Brannigan (43930819),Jack Brannigan,43930819,SS,2000,PIT@SD 08/25/2026 09:40PM ET,PIT,0,,
1B/OF,Otto Kemp (43930820),Otto Kemp,43930820,1B/OF,2000,PHI@SEA 08/25/2026 09:40PM ET,PHI,0.8,,
OF,Justin Dean (43930822),Justin Dean,43930822,OF,2000,CHC@ARI 08/25/2026 09:40PM ET,CHC,2.1,,
C,Blake Hunt (43930823),Blake Hunt,43930823,C,2000,PIT@SD 08/25/2026 09:40PM ET,SD,0,,
C,Rodolfo Duran (43930824),Rodolfo Duran,43930824,C,2000,PIT@SD 08/25/2026 09:40PM ET,SD,2.9,,
SS,Jacob Amaya (43930825),Jacob Amaya,43930825,SS,2000,CHC@ARI 08/25/2026 09:40PM ET,ARI,0,IL,
2B/3B,James Triantos (43930826),James Triantos,43930826,2B/3B,2000,CHC@ARI 08/25/2026 09:40PM ET,CHC,1.3,,
